Date,Start Time,Player Name,Stat Type,Line Score,Odds Type,Headshot URL,Data ID,Over %,Under %,No-Vig Over %,No-Vig Under %,True Point,Average Line,Average Over %,Average Under %,Average No-Vig Over %,Average No-Vig Under %,Percent Difference,Max No-Vig %,Bet Tag,Projection,Projection vs Line,Edge %,Correlates,Team,Game Short Title,Fav,O/U,Callout Bet Tag,Position
N/A,9/26/2026,Sam Leavitt,Pass Yards,238.5,standard,https://static.prizepicks.com/images/players/NCAAFB/Sam_Leavitt_NCAAFB_player_lGQIS7Dg5zt1KqNfkYLl2FG4-450.webp,https://static.prizepicks.com/images/players/NCAAFB/Sam_Leavitt_NCAAFB_player_lGQIS7Dg5zt1KqNfkYLl2FG4-450.webp,57.81,57.81,50,50,240.29,240.61,54.32,54.66,49.84,50.16,-0.16,50.16,Under,240.96,2.46,49.11,No,,,,,,
N/A,9/26/2026,Jayden Maiava,Pass Yards,424.5,demon,https://static.prizepicks.com/images/teams/ncaafb/NCAAFB_team_Zf3oWeoFooqQ6bVu4SEZmjPX/14.webp,https://static.prizepicks.com/images/teams/ncaafb/NCAAFB_team_Zf3oWeoFooqQ6bVu4SEZmjPX/14.webp,57.81,57.81,50,50,266.02,264.28,55.48,53.64,50.87,49.13,0.87,50.87,Over,264.86,-159.64,2.38,No,,,,,,
N/A,9/26/2026,Dante Moore,Pass Yards,408.5,demon,https://static.prizepicks.com/images/players/NCAAFB/Dante_Moore_NCAAFB_player_kKBiOkKGPIdG7VH3S1jcu6TI-450.webp,https://static.prizepicks.com/images/players/NCAAFB/Dante_Moore_NCAAFB_player_kKBiOkKGPIdG7VH3S1jcu6TI-450.webp,57.81,57.81,50,50,269.09,270.39,53.9,55.27,49.35,50.65,-0.65,49.35,Over,270.85,-137.65,4.07,No,,,,,,
N/A,9/26/2026,Dante Moore,Pass Yards,289.5,demon,https://static.prizepicks.com/images/players/NCAAFB/Dante_Moore_NCAAFB_player_kKBiOkKGPIdG7VH3S1jcu6TI-450.webp,https://static.prizepicks.com/images/players/NCAAFB/Dante_Moore_NCAAFB_player_kKBiOkKGPIdG7VH3S1jcu6TI-450.webp,57.81,57.81,50,50,269.09,270.39,53.9,55.27,49.35,50.65,-0.65,49.35,Over,270.85,-18.65,39.93,No,,,,,,
N/A,9/26/2026,Dante Moore,Pass+Rush Yds,283.5,goblin,https://static.prizepicks.com/images/players/NCAAFB/Dante_Moore_NCAAFB_player_kKBiOkKGPIdG7VH3S1jcu6TI-450.webp,https://static.prizepicks.com/images/players/NCAAFB/Dante_Moore_NCAAFB_player_kKBiOkKGPIdG7VH3S1jcu6TI-450.webp,57.81,57.81,50,50,298.09,274.89,54.22,55.22,49.53,50.47,-0.47,49.53,Over,274.96,-8.54,57.24,No,,,,,,
N/A,9/26/2026,Dante Moore,Pass+Rush Yds,279.5,standard,https://static.prizepicks.com/images/players/NCAAFB/Dante_Moore_NCAAFB_player_kKBiOkKGPIdG7VH3S1jcu6TI-450.webp,https://static.prizepicks.com/images/players/NCAAFB/Dante_Moore_NCAAFB_player_kKBiOkKGPIdG7VH3S1jcu6TI-450.webp,57.81,57.81,50,50,298.09,274.89,54.22,55.22,49.53,50.47,-0.47,50.47,Under,274.96,-4.54,40.81,Yes,,,,,,
N/A,9/26/2026,Jayden Maiava,Pass Yards,279.5,demon,https://static.prizepicks.com/images/teams/ncaafb/NCAAFB_team_Zf3oWeoFooqQ6bVu4SEZmjPX/14.webp,https://static.prizepicks.com/images/teams/ncaafb/NCAAFB_team_Zf3oWeoFooqQ6bVu4SEZmjPX/14.webp,57.81,57.81,50,50,266.02,264.28,55.48,53.64,50.87,49.13,0.87,50.87,Over,264.86,-14.64,43.31,No,,,,,,
N/A,9/26/2026,Dante Moore,Pass Yards,278.5,demon,https://static.prizepicks.com/images/players/NCAAFB/Dante_Moore_NCAAFB_player_kKBiOkKGPIdG7VH3S1jcu6TI-450.webp,https://static.prizepicks.com/images/players/NCAAFB/Dante_Moore_NCAAFB_player_kKBiOkKGPIdG7VH3S1jcu6TI-450.webp,57.81,57.81,50,50,269.09,270.39,53.9,55.27,49.35,50.65,-0.65,49.35,Over,270.85,-7.65,45.32,No,,,,,,
N/A,9/26/2026,Jayden Maiava,Pass Yards,274.5,demon,https://static.prizepicks.com/images/teams/ncaafb/NCAAFB_team_Zf3oWeoFooqQ6bVu4SEZmjPX/14.webp,https://static.prizepicks.com/images/teams/ncaafb/NCAAFB_team_Zf3oWeoFooqQ6bVu4SEZmjPX/14.webp,57.81,57.81,50,50,266.02,264.28,55.48,53.64,50.87,49.13,0.87,50.87,Over,264.86,-9.64,45.78,No,,,,,,
N/A,9/26/2026,Dante Moore,Pass Yards,272.5,standard,https://static.prizepicks.com/images/players/NCAAFB/Dante_Moore_NCAAFB_player_kKBiOkKGPIdG7VH3S1jcu6TI-450.webp,https://static.prizepicks.com/images/players/NCAAFB/Dante_Moore_NCAAFB_player_kKBiOkKGPIdG7VH3S1jcu6TI-450.webp,57.81,57.81,50,50,269.09,270.39,53.9,55.27,49.35,50.65,-0.65,50.65,Under,270.85,-1.65,51.7,Yes,,,,,,
N/A,9/26/2026,Jayden Maiava,Pass Yards,267.5,standard,https://static.prizepicks.com/images/teams/ncaafb/NCAAFB_team_Zf3oWeoFooqQ6bVu4SEZmjPX/14.webp,https://static.prizepicks.com/images/teams/ncaafb/NCAAFB_team_Zf3oWeoFooqQ6bVu4SEZmjPX/14.webp,57.81,57.81,50,50,266.02,264.28,55.48,53.64,50.87,49.13,0.87,50.87,Over,264.86,-2.64,49.26,No,,,,,,
N/A,9/26/2026,Jayden Maiava,Pass+Rush Yds,264.5,standard,https://static.prizepicks.com/images/teams/ncaafb/NCAAFB_team_Zf3oWeoFooqQ6bVu4SEZmjPX/14.webp,https://static.prizepicks.com/images/teams/ncaafb/NCAAFB_team_Zf3oWeoFooqQ6bVu4SEZmjPX/14.webp,57.81,57.81,50,50,297.78,266.78,55.81,54.89,50.44,49.56,0.44,50.44,Over,268.50,4,66.13,Yes,,,,,,
N/A,9/26/2026,Jayden Maiava,Pass Yards,259.5,goblin,https://static.prizepicks.com/images/teams/ncaafb/NCAAFB_team_Zf3oWeoFooqQ6bVu4SEZmjPX/14.webp,https://static.prizepicks.com/images/teams/ncaafb/NCAAFB_team_Zf3oWeoFooqQ6bVu4SEZmjPX/14.webp,57.81,57.81,50,50,266.02,264.28,55.48,53.64,50.87,49.13,0.87,50.87,Over,264.86,5.36,53.25,Yes,,,,,,
N/A,9/26/2026,Dante Moore,Pass Yards,259.5,goblin,https://static.prizepicks.com/images/players/NCAAFB/Dante_Moore_NCAAFB_player_kKBiOkKGPIdG7VH3S1jcu6TI-450.webp,https://static.prizepicks.com/images/players/NCAAFB/Dante_Moore_NCAAFB_player_kKBiOkKGPIdG7VH3S1jcu6TI-450.webp,57.81,57.81,50,50,269.09,270.39,53.9,55.27,49.35,50.65,-0.65,49.35,Over,270.85,11.35,54.77,Yes,,,,,,
N/A,9/26/2026,Dante Moore,Pass Yards,249.5,goblin,https://static.prizepicks.com/images/players/NCAAFB/Dante_Moore_NCAAFB_player_kKBiOkKGPIdG7VH3S1jcu6TI-450.webp,https://static.prizepicks.com/images/players/NCAAFB/Dante_Moore_NCAAFB_player_kKBiOkKGPIdG7VH3S1jcu6TI-450.webp,57.81,57.81,50,50,269.09,270.39,53.9,55.27,49.35,50.65,-0.65,49.35,Over,270.85,21.35,59.67,Yes,,,,,,
N/A,9/26/2026,Jordon Davison,Rush Yards,224.5,demon,https://static.prizepicks.com/images/players/NCAAFB/Jordon_Davison_NCAAFB_player_WCRAWhmXD99dHCQzw3Ow1m4T-450.webp,https://static.prizepicks.com/images/players/NCAAFB/Jordon_Davison_NCAAFB_player_WCRAWhmXD99dHCQzw3Ow1m4T-450.webp,57.81,57.81,50,50,67.18,67.72,54.17,55.07,49.57,50.43,-0.43,49.57,Over,67.45,-157.05,0.08,No,,,,,,
N/A,9/26/2026,Dierre Hill Jr.,Rush Yards,199.5,demon,https://static.prizepicks.com/images/players/NCAAFB/Dierre_Hill_NCAAFB_player_SHTIRUB24Puu8WUV5K22l0xZ-450.webp,https://static.prizepicks.com/images/players/NCAAFB/Dierre_Hill_NCAAFB_player_SHTIRUB24Puu8WUV5K22l0xZ-450.webp,57.81,57.81,50,50,58.64,58.5,54.53,54.29,50.11,49.89,0.11,50.11,Over,58.63,-140.87,0.24,No,,,,,,
N/A,9/26/2026,Jayden Maiava,Pass Yards,199.5,goblin,https://static.prizepicks.com/images/teams/ncaafb/NCAAFB_team_Zf3oWeoFooqQ6bVu4SEZmjPX/14.webp,https://static.prizepicks.com/images/teams/ncaafb/NCAAFB_team_Zf3oWeoFooqQ6bVu4SEZmjPX/14.webp,57.81,57.81,50,50,266.02,264.28,55.48,53.64,50.87,49.13,0.87,50.87,Over,264.86,65.36,79.72,Yes,,,,,,
N/A,9/26/2026,Dante Moore,Pass Yards,199.5,goblin,https://static.prizepicks.com/images/players/NCAAFB/Dante_Moore_NCAAFB_player_kKBiOkKGPIdG7VH3S1jcu6TI-450.webp,https://static.prizepicks.com/images/players/NCAAFB/Dante_Moore_NCAAFB_player_kKBiOkKGPIdG7VH3S1jcu6TI-450.webp,57.81,57.81,50,50,269.09,270.39,53.9,55.27,49.35,50.65,-0.65,49.35,Over,270.85,71.35,80.78,Yes,,,,,,
N/A,9/26/2026,Evan Stewart,Receiving Yards,174.5,demon,https://static.prizepicks.com/images/players/NCAAFB/Evan_Stewart_NCAAFB_player_0HO8Fitvc3n1q3mViRP8ZpH7-450.webp,https://static.prizepicks.com/images/players/NCAAFB/Evan_Stewart_NCAAFB_player_0HO8Fitvc3n1q3mViRP8ZpH7-450.webp,57.81,57.81,50,50,63.37,63.3,54.56,54.4,50.07,49.93,0.07,50.07,Over,63.88,-110.62,0.27,No,,,,,,
N/A,9/26/2026,King Miller,Rush Yards,174.5,demon,https://static.prizepicks.com/images/teams/ncaafb/NCAAFB_team_Zf3oWeoFooqQ6bVu4SEZmjPX/8.webp,https://static.prizepicks.com/images/teams/ncaafb/NCAAFB_team_Zf3oWeoFooqQ6bVu4SEZmjPX/8.webp,57.81,57.81,50,50,71.05,71.72,53.98,55.12,49.46,50.54,-0.54,49.46,Over,71.56,-102.94,1.93,No,,,,,,
N/A,9/26/2026,Jayden Maiava,Pass Yards,174.5,goblin,https://static.prizepicks.com/images/teams/ncaafb/NCAAFB_team_Zf3oWeoFooqQ6bVu4SEZmjPX/14.webp,https://static.prizepicks.com/images/teams/ncaafb/NCAAFB_team_Zf3oWeoFooqQ6bVu4SEZmjPX/14.webp,57.81,57.81,50,50,266.02,264.28,55.48,53.64,50.87,49.13,0.87,50.87,Over,264.86,90.36,87.37,Yes,,,,,,
N/A,9/26/2026,Jamari Johnson,Receiving Yards,149.5,demon,https://static.prizepicks.com/images/players/NCAAFB/Jamari_Johnson_NCAAFB_player_rouTwJra9m0NDgW7sw3WNzYJ-450.webp,https://static.prizepicks.com/images/players/NCAAFB/Jamari_Johnson_NCAAFB_player_rouTwJra9m0NDgW7sw3WNzYJ-450.webp,57.81,57.81,50,50,44.06,43.83,54.81,54.33,50.23,49.77,0.23,50.23,Over,43.69,-105.81,0.42,No,,,,,,
N/A,9/26/2026,Dakorien Moore,Receiving Yards,149.5,demon,https://static.prizepicks.com/images/players/NCAAFB/Dakorien_Moore_NCAAFB_player_3Oh8DIaRK79LC7cE3kf7DrWJ-450.webp,https://static.prizepicks.com/images/players/NCAAFB/Dakorien_Moore_NCAAFB_player_3Oh8DIaRK79LC7cE3kf7DrWJ-450.webp,57.81,57.81,50,50,56.33,55.9,54.95,54.03,50.43,49.57,0.43,50.43,Over,55.95,-93.55,0.99,No,,,,,,
N/A,9/26/2026,Tanook Hines,Receiving Yards,149.5,demon,https://static.prizepicks.com/images/teams/ncaafb/NCAAFB_team_Zf3oWeoFooqQ6bVu4SEZmjPX/16.webp,https://static.prizepicks.com/images/teams/ncaafb/NCAAFB_team_Zf3oWeoFooqQ6bVu4SEZmjPX/16.webp,57.81,57.81,50,50,55.1,54.64,55.15,54.19,50.45,49.55,0.45,50.45,Over,53.86,-95.64,0.91,No,,,,,,
N/A,9/26/2026,Kayden Dixon-Wyatt,Receiving Yards,139.5,demon,https://static.prizepicks.com/images/teams/ncaafb/NCAAFB_team_Zf3oWeoFooqQ6bVu4SEZmjPX/17.webp,https://static.prizepicks.com/images/teams/ncaafb/NCAAFB_team_Zf3oWeoFooqQ6bVu4SEZmjPX/17.webp,57.81,57.81,50,50,139.5,,,,,,,,,44.57,-94.93,50,,,,,,,
N/A,9/26/2026,Messiah Hampton,Receiving Yards,124.5,demon,https://static.prizepicks.com/images/players/NCAAFB/Messiah_Hampton_NCAAFB_player_i9U0NxwUWq4rde2cyZcdmDFE-450.webp,https://static.prizepicks.com/images/players/NCAAFB/Messiah_Hampton_NCAAFB_player_i9U0NxwUWq4rde2cyZcdmDFE-450.webp,57.81,57.81,50,50,30.98,30.88,54.82,54.61,50.1,49.9,0.1,50.1,Over,30.93,-93.57,0.97,No,,,,,,
N/A,9/26/2026,Waymond Jordan,Rush Yards,124.5,demon,https://static.prizepicks.com/images/teams/ncaafb/NCAAFB_team_Zf3oWeoFooqQ6bVu4SEZmjPX/2.webp,https://static.prizepicks.com/images/teams/ncaafb/NCAAFB_team_Zf3oWeoFooqQ6bVu4SEZmjPX/2.webp,57.81,57.81,50,50,33.15,33.79,53.25,56.6,48.42,51.58,-1.58,48.42,Over,33.92,-90.58,3.38,No,,,,,,
N/A,9/26/2026,Mark Bowman,Receiving Yards,117.5,demon,https://static.prizepicks.com/images/teams/ncaafb/NCAAFB_team_Zf3oWeoFooqQ6bVu4SEZmjPX/19.webp,https://static.prizepicks.com/images/teams/ncaafb/NCAAFB_team_Zf3oWeoFooqQ6bVu4SEZmjPX/19.webp,57.81,57.81,50,50,37.75,38.39,53.91,55.27,49.36,50.64,-0.64,49.36,Over,38.19,-79.31,2.31,No,,,,,,
N/A,9/26/2026,King Miller,Rush Yards,89.5,demon,https://static.prizepicks.com/images/teams/ncaafb/NCAAFB_team_Zf3oWeoFooqQ6bVu4SEZmjPX/8.webp,https://static.prizepicks.com/images/teams/ncaafb/NCAAFB_team_Zf3oWeoFooqQ6bVu4SEZmjPX/8.webp,57.81,57.81,50,50,71.05,71.72,53.98,55.12,49.46,50.54,-0.54,49.46,Over,71.56,-17.94,35.61,No,,,,,,
N/A,9/26/2026,Dierre Hill Jr.,Receiving Yards,84.5,demon,https://static.prizepicks.com/images/players/NCAAFB/Dierre_Hill_NCAAFB_player_SHTIRUB24Puu8WUV5K22l0xZ-450.webp,https://static.prizepicks.com/images/players/NCAAFB/Dierre_Hill_NCAAFB_player_SHTIRUB24Puu8WUV5K22l0xZ-450.webp,57.81,57.81,50,50,14.9,15.1,54.23,54.67,49.8,50.2,-0.2,49.8,Over,15.20,-69.3,4.09,No,,,,,,
N/A,9/26/2026,Dierre Hill Jr.,Rush+Rec Yds,83.5,goblin,https://static.prizepicks.com/images/players/NCAAFB/Dierre_Hill_NCAAFB_player_SHTIRUB24Puu8WUV5K22l0xZ-450.webp,https://static.prizepicks.com/images/players/NCAAFB/Dierre_Hill_NCAAFB_player_SHTIRUB24Puu8WUV5K22l0xZ-450.webp,57.81,57.81,50,50,82.76,83.17,54.91,55.62,49.67,50.33,-0.33,49.67,Over,78.61,-4.89,49.41,No,,,,,,
N/A,9/26/2026,Dierre Hill Jr.,Rush+Rec Yds,82.5,standard,https://static.prizepicks.com/images/players/NCAAFB/Dierre_Hill_NCAAFB_player_SHTIRUB24Puu8WUV5K22l0xZ-450.webp,https://static.prizepicks.com/images/players/NCAAFB/Dierre_Hill_NCAAFB_player_SHTIRUB24Puu8WUV5K22l0xZ-450.webp,57.81,57.81,50,50,82.76,83.17,54.91,55.62,49.67,50.33,-0.33,50.33,Under,78.61,-3.89,49.79,Yes,,,,,,
N/A,9/26/2026,King Miller,Rush+Rec Yds,81.5,standard,https://static.prizepicks.com/images/teams/ncaafb/NCAAFB_team_Zf3oWeoFooqQ6bVu4SEZmjPX/8.webp,https://static.prizepicks.com/images/teams/ncaafb/NCAAFB_team_Zf3oWeoFooqQ6bVu4SEZmjPX/8.webp,57.81,57.81,50,50,80.17,80.17,55.62,55.62,50,50,0,50,Under,78.33,-3.17,51.06,Yes,,,,,,
N/A,9/26/2026,Jordon Davison,Rush Yards,79.5,demon,https://static.prizepicks.com/images/players/NCAAFB/Jordon_Davison_NCAAFB_player_WCRAWhmXD99dHCQzw3Ow1m4T-450.webp,https://static.prizepicks.com/images/players/NCAAFB/Jordon_Davison_NCAAFB_player_WCRAWhmXD99dHCQzw3Ow1m4T-450.webp,57.81,57.81,50,50,67.18,67.72,54.17,55.07,49.57,50.43,-0.43,49.57,Over,67.45,-12.05,40.27,No,,,,,,
N/A,9/26/2026,King Miller,Rush Yards,79.5,demon,https://static.prizepicks.com/images/teams/ncaafb/NCAAFB_team_Zf3oWeoFooqQ6bVu4SEZmjPX/8.webp,https://static.prizepicks.com/images/teams/ncaafb/NCAAFB_team_Zf3oWeoFooqQ6bVu4SEZmjPX/8.webp,57.81,57.81,50,50,71.05,71.72,53.98,55.12,49.46,50.54,-0.54,49.46,Over,71.56,-7.94,43.29,No,,,,,,
N/A,9/26/2026,King Miller,Rush+Rec Yds,79.5,goblin,https://static.prizepicks.com/images/teams/ncaafb/NCAAFB_team_Zf3oWeoFooqQ6bVu4SEZmjPX/8.webp,https://static.prizepicks.com/images/teams/ncaafb/NCAAFB_team_Zf3oWeoFooqQ6bVu4SEZmjPX/8.webp,57.81,57.81,50,50,80.17,80.17,55.62,55.62,50,50,0,50,Over,78.33,-1.17,50.53,No,,,,,,
N/A,9/26/2026,Jordon Davison,Rush+Rec Yds,78.5,standard,https://static.prizepicks.com/images/players/NCAAFB/Jordon_Davison_NCAAFB_player_WCRAWhmXD99dHCQzw3Ow1m4T-450.webp,https://static.prizepicks.com/images/players/NCAAFB/Jordon_Davison_NCAAFB_player_WCRAWhmXD99dHCQzw3Ow1m4T-450.webp,57.81,57.81,50,50,79.17,79.17,55.62,55.62,50,50,0,50,Under,76.47,-2.03,49.47,Yes,,,,,,
N/A,9/26/2026,Evan Stewart,Receiving Yards,76.5,demon,https://static.prizepicks.com/images/players/NCAAFB/Evan_Stewart_NCAAFB_player_0HO8Fitvc3n1q3mViRP8ZpH7-450.webp,https://static.prizepicks.com/images/players/NCAAFB/Evan_Stewart_NCAAFB_player_0HO8Fitvc3n1q3mViRP8ZpH7-450.webp,57.81,57.81,50,50,63.37,63.3,54.56,54.4,50.07,49.93,0.07,50.07,Over,63.88,-12.62,37.14,No,,,,,,
N/A,9/26/2026,Dante Moore,Rush Yards,75.5,demon,https://static.prizepicks.com/images/players/NCAAFB/Dante_Moore_NCAAFB_player_kKBiOkKGPIdG7VH3S1jcu6TI-450.webp,https://static.prizepicks.com/images/players/NCAAFB/Dante_Moore_NCAAFB_player_kKBiOkKGPIdG7VH3S1jcu6TI-450.webp,57.81,57.81,50,50,4.5,4.5,54.55,55.16,49.71,50.29,-0.29,49.71,Over,4.11,-71.39,7.78,No,,,,,,
N/A,9/26/2026,Waymond Jordan,Receiving Yards,75.5,demon,https://static.prizepicks.com/images/teams/ncaafb/NCAAFB_team_Zf3oWeoFooqQ6bVu4SEZmjPX/2.webp,https://static.prizepicks.com/images/teams/ncaafb/NCAAFB_team_Zf3oWeoFooqQ6bVu4SEZmjPX/2.webp,57.81,57.81,50,50,6.5,6.5,55.64,56.67,49.52,50.48,-0.48,49.52,Over,6.14,-69.36,4.23,No,,,,,,
N/A,9/26/2026,Jordon Davison,Rush Yards,74.5,demon,https://static.prizepicks.com/images/players/NCAAFB/Jordon_Davison_NCAAFB_player_WCRAWhmXD99dHCQzw3Ow1m4T-450.webp,https://static.prizepicks.com/images/players/NCAAFB/Jordon_Davison_NCAAFB_player_WCRAWhmXD99dHCQzw3Ow1m4T-450.webp,57.81,57.81,50,50,67.18,67.72,54.17,55.07,49.57,50.43,-0.43,49.57,Over,67.45,-7.05,44.18,No,,,,,,
N/A,9/26/2026,King Miller,Rush Yards,72.5,standard,https://static.prizepicks.com/images/teams/ncaafb/NCAAFB_team_Zf3oWeoFooqQ6bVu4SEZmjPX/8.webp,https://static.prizepicks.com/images/teams/ncaafb/NCAAFB_team_Zf3oWeoFooqQ6bVu4SEZmjPX/8.webp,57.81,57.81,50,50,71.05,71.72,53.98,55.12,49.46,50.54,-0.54,50.54,Under,71.56,-0.94,51.16,Yes,,,,,,
N/A,9/26/2026,Jordon Davison,Rush+Rec Yds,70.5,goblin,https://static.prizepicks.com/images/players/NCAAFB/Jordon_Davison_NCAAFB_player_WCRAWhmXD99dHCQzw3Ow1m4T-450.webp,https://static.prizepicks.com/images/players/NCAAFB/Jordon_Davison_NCAAFB_player_WCRAWhmXD99dHCQzw3Ow1m4T-450.webp,57.81,57.81,50,50,79.17,79.17,55.62,55.62,50,50,0,50,Over,76.47,5.97,56.88,Yes,,,,,,
N/A,9/26/2026,Tanook Hines,Receiving Yards,69.5,demon,https://static.prizepicks.com/images/teams/ncaafb/NCAAFB_team_Zf3oWeoFooqQ6bVu4SEZmjPX/16.webp,https://static.prizepicks.com/images/teams/ncaafb/NCAAFB_team_Zf3oWeoFooqQ6bVu4SEZmjPX/16.webp,57.81,57.81,50,50,55.1,54.64,55.15,54.19,50.45,49.55,0.45,50.45,Over,53.86,-15.64,35.94,No,,,,,,
N/A,9/26/2026,Kayden Dixon-Wyatt,Receiving Yards,69.5,demon,https://static.prizepicks.com/images/teams/ncaafb/NCAAFB_team_Zf3oWeoFooqQ6bVu4SEZmjPX/17.webp,https://static.prizepicks.com/images/teams/ncaafb/NCAAFB_team_Zf3oWeoFooqQ6bVu4SEZmjPX/17.webp,57.81,57.81,50,50,69.5,,,,,,,,,44.57,-24.93,50,,,,,,,
N/A,9/26/2026,Dierre Hill Jr.,Rush Yards,69.5,demon,https://static.prizepicks.com/images/players/NCAAFB/Dierre_Hill_NCAAFB_player_SHTIRUB24Puu8WUV5K22l0xZ-450.webp,https://static.prizepicks.com/images/players/NCAAFB/Dierre_Hill_NCAAFB_player_SHTIRUB24Puu8WUV5K22l0xZ-450.webp,57.81,57.81,50,50,58.64,58.5,54.53,54.29,50.11,49.89,0.11,50.11,Over,58.63,-10.87,41.4,No,,,,,,
N/A,9/26/2026,Dakorien Moore,Receiving Yards,69.5,demon,https://static.prizepicks.com/images/players/NCAAFB/Dakorien_Moore_NCAAFB_player_3Oh8DIaRK79LC7cE3kf7DrWJ-450.webp,https://static.prizepicks.com/images/players/NCAAFB/Dakorien_Moore_NCAAFB_player_3Oh8DIaRK79LC7cE3kf7DrWJ-450.webp,57.81,57.81,50,50,56.33,55.9,54.95,54.03,50.43,49.57,0.43,50.43,Over,55.95,-13.55,37.1,No,,,,,,
N/A,9/26/2026,Dakorien Moore,Receiving Yards,68.5,demon,https://static.prizepicks.com/images/players/NCAAFB/Dakorien_Moore_NCAAFB_player_3Oh8DIaRK79LC7cE3kf7DrWJ-450.webp,https://static.prizepicks.com/images/players/NCAAFB/Dakorien_Moore_NCAAFB_player_3Oh8DIaRK79LC7cE3kf7DrWJ-450.webp,57.81,57.81,50,50,56.33,55.9,54.95,54.03,50.43,49.57,0.43,50.43,Over,55.95,-12.55,38.05,No,,,,,,
N/A,9/26/2026,Dierre Hill Jr.,Rush Yards,68.5,demon,https://static.prizepicks.com/images/players/NCAAFB/Dierre_Hill_NCAAFB_player_SHTIRUB24Puu8WUV5K22l0xZ-450.webp,https://static.prizepicks.com/images/players/NCAAFB/Dierre_Hill_NCAAFB_player_SHTIRUB24Puu8WUV5K22l0xZ-450.webp,57.81,57.81,50,50,58.64,58.5,54.53,54.29,50.11,49.89,0.11,50.11,Over,58.63,-9.87,42.18,No,,,,,,
N/A,9/26/2026,Evan Stewart,Receiving Yards,65.5,standard,https://static.prizepicks.com/images/players/NCAAFB/Evan_Stewart_NCAAFB_player_0HO8Fitvc3n1q3mViRP8ZpH7-450.webp,https://static.prizepicks.com/images/players/NCAAFB/Evan_Stewart_NCAAFB_player_0HO8Fitvc3n1q3mViRP8ZpH7-450.webp,57.81,57.81,50,50,63.37,63.3,54.56,54.4,50.07,49.93,0.07,50.07,Over,63.88,-1.62,47.88,No,,,,,,
N/A,9/26/2026,Jordon Davison,Rush Yards,65.5,standard,https://static.prizepicks.com/images/players/NCAAFB/Jordon_Davison_NCAAFB_player_WCRAWhmXD99dHCQzw3Ow1m4T-450.webp,https://static.prizepicks.com/images/players/NCAAFB/Jordon_Davison_NCAAFB_player_WCRAWhmXD99dHCQzw3Ow1m4T-450.webp,57.81,57.81,50,50,67.18,67.72,54.17,55.07,49.57,50.43,-0.43,50.43,Under,67.45,1.95,48.66,No,,,,,,
N/A,9/26/2026,Tanook Hines,Receiving Yards,65.5,demon,https://static.prizepicks.com/images/teams/ncaafb/NCAAFB_team_Zf3oWeoFooqQ6bVu4SEZmjPX/16.webp,https://static.prizepicks.com/images/teams/ncaafb/NCAAFB_team_Zf3oWeoFooqQ6bVu4SEZmjPX/16.webp,57.81,57.81,50,50,55.1,54.64,55.15,54.19,50.45,49.55,0.45,50.45,Over,53.86,-11.64,39.74,No,,,,,,
N/A,9/26/2026,Jordon Davison,Receiving Yards,65.5,demon,https://static.prizepicks.com/images/players/NCAAFB/Jordon_Davison_NCAAFB_player_WCRAWhmXD99dHCQzw3Ow1m4T-450.webp,https://static.prizepicks.com/images/players/NCAAFB/Jordon_Davison_NCAAFB_player_WCRAWhmXD99dHCQzw3Ow1m4T-450.webp,57.81,57.81,50,50,6.5,6.5,56.67,55.64,50.48,49.52,0.48,50.48,Over,6.54,-58.96,7.01,No,,,,,,
N/A,9/26/2026,King Miller,Receiving Yards,65.5,demon,https://static.prizepicks.com/images/teams/ncaafb/NCAAFB_team_Zf3oWeoFooqQ6bVu4SEZmjPX/8.webp,https://static.prizepicks.com/images/teams/ncaafb/NCAAFB_team_Zf3oWeoFooqQ6bVu4SEZmjPX/8.webp,57.81,57.81,50,50,5.5,5.5,55.16,55.99,49.62,50.38,-0.38,49.62,Over,5.29,-60.21,6.68,No,,,,,,
N/A,9/26/2026,Kayden Dixon-Wyatt,Receiving Yards,61.5,standard,https://static.prizepicks.com/images/teams/ncaafb/NCAAFB_team_Zf3oWeoFooqQ6bVu4SEZmjPX/17.webp,https://static.prizepicks.com/images/teams/ncaafb/NCAAFB_team_Zf3oWeoFooqQ6bVu4SEZmjPX/17.webp,57.81,57.81,50,50,61.5,,,,,,,,,44.57,-16.93,50,,,,,,,
N/A,9/26/2026,King Miller,Rush Yards,59.5,goblin,https://static.prizepicks.com/images/teams/ncaafb/NCAAFB_team_Zf3oWeoFooqQ6bVu4SEZmjPX/8.webp,https://static.prizepicks.com/images/teams/ncaafb/NCAAFB_team_Zf3oWeoFooqQ6bVu4SEZmjPX/8.webp,57.81,57.81,50,50,71.05,71.72,53.98,55.12,49.46,50.54,-0.54,49.46,Over,71.56,12.06,59.13,Yes,,,,,,
N/A,9/26/2026,Jordon Davison,Rush Yards,59.5,goblin,https://static.prizepicks.com/images/players/NCAAFB/Jordon_Davison_NCAAFB_player_WCRAWhmXD99dHCQzw3Ow1m4T-450.webp,https://static.prizepicks.com/images/players/NCAAFB/Jordon_Davison_NCAAFB_player_WCRAWhmXD99dHCQzw3Ow1m4T-450.webp,57.81,57.81,50,50,67.18,67.72,54.17,55.07,49.57,50.43,-0.43,49.57,Over,67.45,7.95,56.1,Yes,,,,,,
N/A,9/26/2026,Dierre Hill Jr.,Rush Yards,57.5,standard,https://static.prizepicks.com/images/players/NCAAFB/Dierre_Hill_NCAAFB_player_SHTIRUB24Puu8WUV5K22l0xZ-450.webp,https://static.prizepicks.com/images/players/NCAAFB/Dierre_Hill_NCAAFB_player_SHTIRUB24Puu8WUV5K22l0xZ-450.webp,57.81,57.81,50,50,58.64,58.5,54.53,54.29,50.11,49.89,0.11,50.11,Over,58.63,1.13,50.91,Yes,,,,,,
N/A,9/26/2026,Evan Stewart,Receiving Yards,56.5,goblin,https://static.prizepicks.com/images/players/NCAAFB/Evan_Stewart_NCAAFB_player_0HO8Fitvc3n1q3mViRP8ZpH7-450.webp,https://static.prizepicks.com/images/players/NCAAFB/Evan_Stewart_NCAAFB_player_0HO8Fitvc3n1q3mViRP8ZpH7-450.webp,57.81,57.81,50,50,63.37,63.3,54.56,54.4,50.07,49.93,0.07,50.07,Over,63.88,7.38,56.82,Yes,,,,,,
N/A,9/26/2026,Dakorien Moore,Receiving Yards,56.5,standard,https://static.prizepicks.com/images/players/NCAAFB/Dakorien_Moore_NCAAFB_player_3Oh8DIaRK79LC7cE3kf7DrWJ-450.webp,https://static.prizepicks.com/images/players/NCAAFB/Dakorien_Moore_NCAAFB_player_3Oh8DIaRK79LC7cE3kf7DrWJ-450.webp,57.81,57.81,50,50,56.33,55.9,54.95,54.03,50.43,49.57,0.43,50.43,Over,55.95,-0.55,49.83,No,,,,,,
N/A,9/26/2026,Tanook Hines,Receiving Yards,54.5,standard,https://static.prizepicks.com/images/teams/ncaafb/NCAAFB_team_Zf3oWeoFooqQ6bVu4SEZmjPX/16.webp,https://static.prizepicks.com/images/teams/ncaafb/NCAAFB_team_Zf3oWeoFooqQ6bVu4SEZmjPX/16.webp,57.81,57.81,50,50,55.1,54.64,55.15,54.19,50.45,49.55,0.45,50.45,Over,53.86,-0.64,50.6,No,,,,,,
N/A,9/26/2026,Jamari Johnson,Receiving Yards,53.5,demon,https://static.prizepicks.com/images/players/NCAAFB/Jamari_Johnson_NCAAFB_player_rouTwJra9m0NDgW7sw3WNzYJ-450.webp,https://static.prizepicks.com/images/players/NCAAFB/Jamari_Johnson_NCAAFB_player_rouTwJra9m0NDgW7sw3WNzYJ-450.webp,57.81,57.81,50,50,44.06,43.83,54.81,54.33,50.23,49.77,0.23,50.23,Over,43.69,-9.81,40.67,No,,,,,,
N/A,9/26/2026,Dakorien Moore,Receiving Yards,49.5,goblin,https://static.prizepicks.com/images/players/NCAAFB/Dakorien_Moore_NCAAFB_player_3Oh8DIaRK79LC7cE3kf7DrWJ-450.webp,https://static.prizepicks.com/images/players/NCAAFB/Dakorien_Moore_NCAAFB_player_3Oh8DIaRK79LC7cE3kf7DrWJ-450.webp,57.81,57.81,50,50,56.33,55.9,54.95,54.03,50.43,49.57,0.43,50.43,Over,55.95,6.45,56.78,Yes,,,,,,
N/A,9/26/2026,Jordon Davison,Rush Yards,49.5,goblin,https://static.prizepicks.com/images/players/NCAAFB/Jordon_Davison_NCAAFB_player_WCRAWhmXD99dHCQzw3Ow1m4T-450.webp,https://static.prizepicks.com/images/players/NCAAFB/Jordon_Davison_NCAAFB_player_WCRAWhmXD99dHCQzw3Ow1m4T-450.webp,57.81,57.81,50,50,67.18,67.72,54.17,55.07,49.57,50.43,-0.43,49.57,Over,67.45,17.95,63.82,Yes,,,,,,
N/A,9/26/2026,Kayden Dixon-Wyatt,Receiving Yards,49.5,goblin,https://static.prizepicks.com/images/teams/ncaafb/NCAAFB_team_Zf3oWeoFooqQ6bVu4SEZmjPX/17.webp,https://static.prizepicks.com/images/teams/ncaafb/NCAAFB_team_Zf3oWeoFooqQ6bVu4SEZmjPX/17.webp,57.81,57.81,50,50,49.5,,,,,,,,,44.57,-4.93,50,,,,,,,
N/A,9/26/2026,King Miller,Rush Yards,49.5,goblin,https://static.prizepicks.com/images/teams/ncaafb/NCAAFB_team_Zf3oWeoFooqQ6bVu4SEZmjPX/8.webp,https://static.prizepicks.com/images/teams/ncaafb/NCAAFB_team_Zf3oWeoFooqQ6bVu4SEZmjPX/8.webp,57.81,57.81,50,50,71.05,71.72,53.98,55.12,49.46,50.54,-0.54,49.46,Over,71.56,22.06,66.68,Yes,,,,,,
N/A,9/26/2026,Mark Bowman,Receiving Yards,49.5,demon,https://static.prizepicks.com/images/teams/ncaafb/NCAAFB_team_Zf3oWeoFooqQ6bVu4SEZmjPX/19.webp,https://static.prizepicks.com/images/teams/ncaafb/NCAAFB_team_Zf3oWeoFooqQ6bVu4SEZmjPX/19.webp,57.81,57.81,50,50,37.75,38.39,53.91,55.27,49.36,50.64,-0.64,49.36,Over,38.19,-11.31,38.45,No,,,,,,
N/A,9/26/2026,Messiah Hampton,Receiving Yards,49.5,demon,https://static.prizepicks.com/images/players/NCAAFB/Messiah_Hampton_NCAAFB_player_i9U0NxwUWq4rde2cyZcdmDFE-450.webp,https://static.prizepicks.com/images/players/NCAAFB/Messiah_Hampton_NCAAFB_player_i9U0NxwUWq4rde2cyZcdmDFE-450.webp,57.81,57.81,50,50,30.98,30.88,54.82,54.61,50.1,49.9,0.1,50.1,Over,30.93,-18.57,32.17,No,,,,,,
N/A,9/26/2026,Zacharyus Williams,Receiving Yards,49.5,demon,https://static.prizepicks.com/images/teams/ncaafb/NCAAFB_team_Zf3oWeoFooqQ6bVu4SEZmjPX/0.webp,https://static.prizepicks.com/images/teams/ncaafb/NCAAFB_team_Zf3oWeoFooqQ6bVu4SEZmjPX/0.webp,57.81,57.81,50,50,24.5,24.5,57.81,57.81,50,50,0,50,Over,24.50,-25,26.6,No,,,,,,
N/A,9/26/2026,Dierre Hill Jr.,Rush Yards,48.5,goblin,https://static.prizepicks.com/images/players/NCAAFB/Dierre_Hill_NCAAFB_player_SHTIRUB24Puu8WUV5K22l0xZ-450.webp,https://static.prizepicks.com/images/players/NCAAFB/Dierre_Hill_NCAAFB_player_SHTIRUB24Puu8WUV5K22l0xZ-450.webp,57.81,57.81,50,50,58.64,58.5,54.53,54.29,50.11,49.89,0.11,50.11,Over,58.63,10.13,58.04,Yes,,,,,,
N/A,9/26/2026,Mark Bowman,Receiving Yards,47.5,demon,https://static.prizepicks.com/images/teams/ncaafb/NCAAFB_team_Zf3oWeoFooqQ6bVu4SEZmjPX/19.webp,https://static.prizepicks.com/images/teams/ncaafb/NCAAFB_team_Zf3oWeoFooqQ6bVu4SEZmjPX/19.webp,57.81,57.81,50,50,37.75,38.39,53.91,55.27,49.36,50.64,-0.64,49.36,Over,38.19,-9.31,40.37,No,,,,,,
N/A,9/26/2026,Waymond Jordan,Rush+Rec Yds,46.5,goblin,https://static.prizepicks.com/images/teams/ncaafb/NCAAFB_team_Zf3oWeoFooqQ6bVu4SEZmjPX/2.webp,https://static.prizepicks.com/images/teams/ncaafb/NCAAFB_team_Zf3oWeoFooqQ6bVu4SEZmjPX/2.webp,57.81,57.81,50,50,46.5,46.5,55.62,55.62,50,50,0,50,Over,43.17,-3.33,50,No,,,,,,
N/A,9/26/2026,Dante Moore,Longest Completion,44.5,demon,https://static.prizepicks.com/images/players/NCAAFB/Dante_Moore_NCAAFB_player_kKBiOkKGPIdG7VH3S1jcu6TI-450.webp,https://static.prizepicks.com/images/players/NCAAFB/Dante_Moore_NCAAFB_player_kKBiOkKGPIdG7VH3S1jcu6TI-450.webp,57.81,57.81,50,50,44.5,,,,,,,,,,,50,,,,,,,
N/A,9/26/2026,Jamari Johnson,Receiving Yards,43.5,standard,https://static.prizepicks.com/images/players/NCAAFB/Jamari_Johnson_NCAAFB_player_rouTwJra9m0NDgW7sw3WNzYJ-450.webp,https://static.prizepicks.com/images/players/NCAAFB/Jamari_Johnson_NCAAFB_player_rouTwJra9m0NDgW7sw3WNzYJ-450.webp,57.81,57.81,50,50,44.06,43.83,54.81,54.33,50.23,49.77,0.23,50.23,Over,43.69,0.19,50.56,Yes,,,,,,
N/A,9/26/2026,Dakorien Moore,Receiving Yards,39.5,goblin,https://static.prizepicks.com/images/players/NCAAFB/Dakorien_Moore_NCAAFB_player_3Oh8DIaRK79LC7cE3kf7DrWJ-450.webp,https://static.prizepicks.com/images/players/NCAAFB/Dakorien_Moore_NCAAFB_player_3Oh8DIaRK79LC7cE3kf7DrWJ-450.webp,57.81,57.81,50,50,56.33,55.9,54.95,54.03,50.43,49.57,0.43,50.43,Over,55.95,16.45,66.3,Yes,,,,,,
N/A,9/26/2026,Evan Stewart,Receiving Yards,39.5,goblin,https://static.prizepicks.com/images/players/NCAAFB/Evan_Stewart_NCAAFB_player_0HO8Fitvc3n1q3mViRP8ZpH7-450.webp,https://static.prizepicks.com/images/players/NCAAFB/Evan_Stewart_NCAAFB_player_0HO8Fitvc3n1q3mViRP8ZpH7-450.webp,57.81,57.81,50,50,63.37,63.3,54.56,54.4,50.07,49.93,0.07,50.07,Over,63.88,24.38,72.47,Yes,,,,,,
N/A,9/26/2026,Kayden Dixon-Wyatt,Receiving Yards,39.5,goblin,https://static.prizepicks.com/images/teams/ncaafb/NCAAFB_team_Zf3oWeoFooqQ6bVu4SEZmjPX/17.webp,https://static.prizepicks.com/images/teams/ncaafb/NCAAFB_team_Zf3oWeoFooqQ6bVu4SEZmjPX/17.webp,57.81,57.81,50,50,39.5,,,,,,,,,44.57,5.07,50,,,,,,,
N/A,9/26/2026,Messiah Hampton,Receiving Yards,39.5,demon,https://static.prizepicks.com/images/players/NCAAFB/Messiah_Hampton_NCAAFB_player_i9U0NxwUWq4rde2cyZcdmDFE-450.webp,https://static.prizepicks.com/images/players/NCAAFB/Messiah_Hampton_NCAAFB_player_i9U0NxwUWq4rde2cyZcdmDFE-450.webp,57.81,57.81,50,50,30.98,30.88,54.82,54.61,50.1,49.9,0.1,50.1,Over,30.93,-8.57,41.57,No,,,,,,
N/A,9/26/2026,Zacharyus Williams,Receiving Yards,39.5,demon,https://static.prizepicks.com/images/teams/ncaafb/NCAAFB_team_Zf3oWeoFooqQ6bVu4SEZmjPX/0.webp,https://static.prizepicks.com/images/teams/ncaafb/NCAAFB_team_Zf3oWeoFooqQ6bVu4SEZmjPX/0.webp,57.81,57.81,50,50,24.5,24.5,57.81,57.81,50,50,0,50,Over,24.50,-15,35.38,No,,,,,,
N/A,9/26/2026,Jamari Johnson,Receiving Yards,39.5,goblin,https://static.prizepicks.com/images/players/NCAAFB/Jamari_Johnson_NCAAFB_player_rouTwJra9m0NDgW7sw3WNzYJ-450.webp,https://static.prizepicks.com/images/players/NCAAFB/Jamari_Johnson_NCAAFB_player_rouTwJra9m0NDgW7sw3WNzYJ-450.webp,57.81,57.81,50,50,44.06,43.83,54.81,54.33,50.23,49.77,0.23,50.23,Over,43.69,4.19,54.54,Yes,,,,,,
N/A,9/26/2026,Dante Moore,Pass Attempts,39.5,demon,https://static.prizepicks.com/images/players/NCAAFB/Dante_Moore_NCAAFB_player_kKBiOkKGPIdG7VH3S1jcu6TI-450.webp,https://static.prizepicks.com/images/players/NCAAFB/Dante_Moore_NCAAFB_player_kKBiOkKGPIdG7VH3S1jcu6TI-450.webp,57.81,57.81,50,50,29.87,29.67,56.29,54.91,50.63,49.37,0.63,50.63,Over,29.75,-9.75,4.39,No,,,,,,
N/A,9/26/2026,King Miller,Rush Yards,39.5,goblin,https://static.prizepicks.com/images/teams/ncaafb/NCAAFB_team_Zf3oWeoFooqQ6bVu4SEZmjPX/8.webp,https://static.prizepicks.com/images/teams/ncaafb/NCAAFB_team_Zf3oWeoFooqQ6bVu4SEZmjPX/8.webp,57.81,57.81,50,50,71.05,71.72,53.98,55.12,49.46,50.54,-0.54,49.46,Over,71.56,32.06,73.6,Yes,,,,,,
N/A,9/26/2026,Jayden Maiava,Pass Attempts,39.5,demon,https://static.prizepicks.com/images/teams/ncaafb/NCAAFB_team_Zf3oWeoFooqQ6bVu4SEZmjPX/14.webp,https://static.prizepicks.com/images/teams/ncaafb/NCAAFB_team_Zf3oWeoFooqQ6bVu4SEZmjPX/14.webp,57.81,57.81,50,50,31.51,31.17,56.94,54.17,51.27,48.73,1.27,51.27,Over,30.98,-8.52,8.11,No,,,,,,
N/A,9/26/2026,Waymond Jordan,Rush Yards,39.5,demon,https://static.prizepicks.com/images/teams/ncaafb/NCAAFB_team_Zf3oWeoFooqQ6bVu4SEZmjPX/2.webp,https://static.prizepicks.com/images/teams/ncaafb/NCAAFB_team_Zf3oWeoFooqQ6bVu4SEZmjPX/2.webp,57.81,57.81,50,50,33.15,33.79,53.25,56.6,48.42,51.58,-1.58,48.42,Over,33.92,-5.58,44.95,No,,,,,,
N/A,9/26/2026,Mark Bowman,Receiving Yards,37.5,standard,https://static.prizepicks.com/images/teams/ncaafb/NCAAFB_team_Zf3oWeoFooqQ6bVu4SEZmjPX/19.webp,https://static.prizepicks.com/images/teams/ncaafb/NCAAFB_team_Zf3oWeoFooqQ6bVu4SEZmjPX/19.webp,57.81,57.81,50,50,37.75,38.39,53.91,55.27,49.36,50.64,-0.64,50.64,Under,38.19,0.69,49.75,No,,,,,,
N/A,9/26/2026,Jayden Maiava,Pass Attempts,35.5,demon,https://static.prizepicks.com/images/teams/ncaafb/NCAAFB_team_Zf3oWeoFooqQ6bVu4SEZmjPX/14.webp,https://static.prizepicks.com/images/teams/ncaafb/NCAAFB_team_Zf3oWeoFooqQ6bVu4SEZmjPX/14.webp,57.81,57.81,50,50,31.51,31.17,56.94,54.17,51.27,48.73,1.27,51.27,Over,30.98,-4.52,23.4,No,,,,,,
N/A,9/26/2026,Waymond Jordan,Rush Yards,34.5,demon,https://static.prizepicks.com/images/teams/ncaafb/NCAAFB_team_Zf3oWeoFooqQ6bVu4SEZmjPX/2.webp,https://static.prizepicks.com/images/teams/ncaafb/NCAAFB_team_Zf3oWeoFooqQ6bVu4SEZmjPX/2.webp,57.81,57.81,50,50,33.15,33.79,53.25,56.6,48.42,51.58,-1.58,48.42,Over,33.92,-0.58,48.92,No,,,,,,
N/A,9/26/2026,Jayden Maiava,Pass Attempts,32.5,standard,https://static.prizepicks.com/images/teams/ncaafb/NCAAFB_team_Zf3oWeoFooqQ6bVu4SEZmjPX/14.webp,https://static.prizepicks.com/images/teams/ncaafb/NCAAFB_team_Zf3oWeoFooqQ6bVu4SEZmjPX/14.webp,57.81,57.81,50,50,31.51,31.17,56.94,54.17,51.27,48.73,1.27,51.27,Over,30.98,-1.52,41.87,No,,,,,,
N/A,9/26/2026,Waymond Jordan,Rush Yards,31.5,standard,https://static.prizepicks.com/images/teams/ncaafb/NCAAFB_team_Zf3oWeoFooqQ6bVu4SEZmjPX/2.webp,https://static.prizepicks.com/images/teams/ncaafb/NCAAFB_team_Zf3oWeoFooqQ6bVu4SEZmjPX/2.webp,57.81,57.81,50,50,33.15,33.79,53.25,56.6,48.42,51.58,-1.58,51.58,Under,33.92,2.42,48.68,No,,,,,,
N/A,9/26/2026,Dante Moore,Pass Attempts,31.5,demon,https://static.prizepicks.com/images/players/NCAAFB/Dante_Moore_NCAAFB_player_kKBiOkKGPIdG7VH3S1jcu6TI-450.webp,https://static.prizepicks.com/images/players/NCAAFB/Dante_Moore_NCAAFB_player_kKBiOkKGPIdG7VH3S1jcu6TI-450.webp,57.81,57.81,50,50,29.87,29.67,56.29,54.91,50.63,49.37,0.63,50.63,Over,29.75,-1.75,37.22,No,,,,,,
N/A,9/26/2026,Messiah Hampton,Receiving Yards,30.5,standard,https://static.prizepicks.com/images/players/NCAAFB/Messiah_Hampton_NCAAFB_player_i9U0NxwUWq4rde2cyZcdmDFE-450.webp,https://static.prizepicks.com/images/players/NCAAFB/Messiah_Hampton_NCAAFB_player_i9U0NxwUWq4rde2cyZcdmDFE-450.webp,57.81,57.81,50,50,30.98,30.88,54.82,54.61,50.1,49.9,0.1,50.1,Over,30.93,0.43,50.48,Yes,,,,,,
N/A,9/26/2026,Dante Moore,Pass Attempts,30,standard,https://static.prizepicks.com/images/players/NCAAFB/Dante_Moore_NCAAFB_player_kKBiOkKGPIdG7VH3S1jcu6TI-450.webp,https://static.prizepicks.com/images/players/NCAAFB/Dante_Moore_NCAAFB_player_kKBiOkKGPIdG7VH3S1jcu6TI-450.webp,57.81,57.81,50,50,29.87,29.67,56.29,54.91,50.63,49.37,0.63,50.63,Over,29.75,-0.25,44.22,No,,,,,,
N/A,9/26/2026,Waymond Jordan,Rush Yards,29.5,goblin,https://static.prizepicks.com/images/teams/ncaafb/NCAAFB_team_Zf3oWeoFooqQ6bVu4SEZmjPX/2.webp,https://static.prizepicks.com/images/teams/ncaafb/NCAAFB_team_Zf3oWeoFooqQ6bVu4SEZmjPX/2.webp,57.81,57.81,50,50,33.15,33.79,53.25,56.6,48.42,51.58,-1.58,48.42,Over,33.92,4.42,52.91,Yes,,,,,,
N/A,9/26/2026,Mark Bowman,Receiving Yards,29.5,goblin,https://static.prizepicks.com/images/teams/ncaafb/NCAAFB_team_Zf3oWeoFooqQ6bVu4SEZmjPX/19.webp,https://static.prizepicks.com/images/teams/ncaafb/NCAAFB_team_Zf3oWeoFooqQ6bVu4SEZmjPX/19.webp,57.81,57.81,50,50,37.75,38.39,53.91,55.27,49.36,50.64,-0.64,49.36,Over,38.19,8.69,58.17,Yes,,,,,,
N/A,9/26/2026,Jamari Johnson,Receiving Yards,29.5,goblin,https://static.prizepicks.com/images/players/NCAAFB/Jamari_Johnson_NCAAFB_player_rouTwJra9m0NDgW7sw3WNzYJ-450.webp,https://static.prizepicks.com/images/players/NCAAFB/Jamari_Johnson_NCAAFB_player_rouTwJra9m0NDgW7sw3WNzYJ-450.webp,57.81,57.81,50,50,44.06,43.83,54.81,54.33,50.23,49.77,0.23,50.23,Over,43.69,14.19,64.21,Yes,,,,,,
N/A,9/26/2026,Zacharyus Williams,Receiving Yards,29.5,demon,https://static.prizepicks.com/images/teams/ncaafb/NCAAFB_team_Zf3oWeoFooqQ6bVu4SEZmjPX/0.webp,https://static.prizepicks.com/images/teams/ncaafb/NCAAFB_team_Zf3oWeoFooqQ6bVu4SEZmjPX/0.webp,57.81,57.81,50,50,24.5,24.5,57.81,57.81,50,50,0,50,Over,24.50,-5,45.03,No,,,,,,
N/A,9/26/2026,Evan Stewart,Receiving Yards,29.5,goblin,https://static.prizepicks.com/images/players/NCAAFB/Evan_Stewart_NCAAFB_player_0HO8Fitvc3n1q3mViRP8ZpH7-450.webp,https://static.prizepicks.com/images/players/NCAAFB/Evan_Stewart_NCAAFB_player_0HO8Fitvc3n1q3mViRP8ZpH7-450.webp,57.81,57.81,50,50,63.37,63.3,54.56,54.4,50.07,49.93,0.07,50.07,Over,63.88,34.38,80.14,Yes,,,,,,
N/A,9/26/2026,Dante Moore,Pass Completions,29.5,demon,https://static.prizepicks.com/images/players/NCAAFB/Dante_Moore_NCAAFB_player_kKBiOkKGPIdG7VH3S1jcu6TI-450.webp,https://static.prizepicks.com/images/players/NCAAFB/Dante_Moore_NCAAFB_player_kKBiOkKGPIdG7VH3S1jcu6TI-450.webp,57.81,57.81,50,50,21.52,21.5,54.17,56.94,48.73,51.27,-1.27,48.73,Over,21.45,-8.05,4.83,No,,,,,,
N/A,9/26/2026,Jayden Maiava,Pass Completions,29.5,demon,https://static.prizepicks.com/images/teams/ncaafb/NCAAFB_team_Zf3oWeoFooqQ6bVu4SEZmjPX/14.webp,https://static.prizepicks.com/images/teams/ncaafb/NCAAFB_team_Zf3oWeoFooqQ6bVu4SEZmjPX/14.webp,57.81,57.81,50,50,21.36,21.5,52.6,58.42,47.32,52.68,-2.68,47.32,Over,21.33,-8.17,4.47,No,,,,,,
N/A,9/26/2026,Jordon Davison,Rush Yards,29.5,goblin,https://static.prizepicks.com/images/players/NCAAFB/Jordon_Davison_NCAAFB_player_WCRAWhmXD99dHCQzw3Ow1m4T-450.webp,https://static.prizepicks.com/images/players/NCAAFB/Jordon_Davison_NCAAFB_player_WCRAWhmXD99dHCQzw3Ow1m4T-450.webp,57.81,57.81,50,50,67.18,67.72,54.17,55.07,49.57,50.43,-0.43,49.57,Over,67.45,37.95,77.45,Yes,,,,,,
N/A,9/26/2026,Kayden Dixon-Wyatt,Receiving Yards,29.5,goblin,https://static.prizepicks.com/images/teams/ncaafb/NCAAFB_team_Zf3oWeoFooqQ6bVu4SEZmjPX/17.webp,https://static.prizepicks.com/images/teams/ncaafb/NCAAFB_team_Zf3oWeoFooqQ6bVu4SEZmjPX/17.webp,57.81,57.81,50,50,29.5,,,,,,,,,44.57,15.07,50,,,,,,,
N/A,9/26/2026,Dante Moore,Pass Attempts,27.5,goblin,https://static.prizepicks.com/images/players/NCAAFB/Dante_Moore_NCAAFB_player_kKBiOkKGPIdG7VH3S1jcu6TI-450.webp,https://static.prizepicks.com/images/players/NCAAFB/Dante_Moore_NCAAFB_player_kKBiOkKGPIdG7VH3S1jcu6TI-450.webp,57.81,57.81,50,50,29.87,29.67,56.29,54.91,50.63,49.37,0.63,50.63,Over,29.75,2.25,65.86,Yes,,,,,,
N/A,9/26/2026,Jayden Maiava,Pass Attempts,27.5,goblin,https://static.prizepicks.com/images/teams/ncaafb/NCAAFB_team_Zf3oWeoFooqQ6bVu4SEZmjPX/14.webp,https://static.prizepicks.com/images/teams/ncaafb/NCAAFB_team_Zf3oWeoFooqQ6bVu4SEZmjPX/14.webp,57.81,57.81,50,50,31.51,31.17,56.94,54.17,51.27,48.73,1.27,51.27,Over,30.98,3.48,75.8,Yes,,,,,,
N/A,9/26/2026,Evan Stewart,Longest Reception,27.5,standard,https://static.prizepicks.com/images/players/NCAAFB/Evan_Stewart_NCAAFB_player_0HO8Fitvc3n1q3mViRP8ZpH7-450.webp,https://static.prizepicks.com/images/players/NCAAFB/Evan_Stewart_NCAAFB_player_0HO8Fitvc3n1q3mViRP8ZpH7-450.webp,57.81,57.81,50,50,27.5,,,,,,,,,,,50,,,,,,,
N/A,9/26/2026,King Miller,Receiving Yards,25.5,demon,https://static.prizepicks.com/images/teams/ncaafb/NCAAFB_team_Zf3oWeoFooqQ6bVu4SEZmjPX/8.webp,https://static.prizepicks.com/images/teams/ncaafb/NCAAFB_team_Zf3oWeoFooqQ6bVu4SEZmjPX/8.webp,57.81,57.81,50,50,5.5,5.5,55.16,55.99,49.62,50.38,-0.38,49.62,Over,5.29,-20.21,30.85,No,,,,,,
N/A,9/26/2026,Jordon Davison,Receiving Yards,25.5,demon,https://static.prizepicks.com/images/players/NCAAFB/Jordon_Davison_NCAAFB_player_WCRAWhmXD99dHCQzw3Ow1m4T-450.webp,https://static.prizepicks.com/images/players/NCAAFB/Jordon_Davison_NCAAFB_player_WCRAWhmXD99dHCQzw3Ow1m4T-450.webp,57.81,57.81,50,50,6.5,6.5,56.67,55.64,50.48,49.52,0.48,50.48,Over,6.54,-18.96,31.74,No,,,,,,
N/A,9/26/2026,Waymond Jordan,Receiving Yards,25.5,demon,https://static.prizepicks.com/images/teams/ncaafb/NCAAFB_team_Zf3oWeoFooqQ6bVu4SEZmjPX/2.webp,https://static.prizepicks.com/images/teams/ncaafb/NCAAFB_team_Zf3oWeoFooqQ6bVu4SEZmjPX/2.webp,57.81,57.81,50,50,6.5,6.5,55.64,56.67,49.52,50.48,-0.48,49.52,Over,6.14,-19.36,31.74,No,,,,,,
N/A,9/26/2026,Dierre Hill Jr.,Receiving Yards,24.5,demon,https://static.prizepicks.com/images/players/NCAAFB/Dierre_Hill_NCAAFB_player_SHTIRUB24Puu8WUV5K22l0xZ-450.webp,https://static.prizepicks.com/images/players/NCAAFB/Dierre_Hill_NCAAFB_player_SHTIRUB24Puu8WUV5K22l0xZ-450.webp,57.81,57.81,50,50,14.9,15.1,54.23,54.67,49.8,50.2,-0.2,49.8,Over,15.20,-9.3,40.52,No,,,,,,
N/A,9/26/2026,Messiah Hampton,Receiving Yards,24.5,goblin,https://static.prizepicks.com/images/players/NCAAFB/Messiah_Hampton_NCAAFB_player_i9U0NxwUWq4rde2cyZcdmDFE-450.webp,https://static.prizepicks.com/images/players/NCAAFB/Messiah_Hampton_NCAAFB_player_i9U0NxwUWq4rde2cyZcdmDFE-450.webp,57.81,57.81,50,50,30.98,30.88,54.82,54.61,50.1,49.9,0.1,50.1,Over,30.93,6.43,56.43,Yes,,,,,,
N/A,9/26/2026,Dakorien Moore,Longest Reception,24.5,standard,https://static.prizepicks.com/images/players/NCAAFB/Dakorien_Moore_NCAAFB_player_3Oh8DIaRK79LC7cE3kf7DrWJ-450.webp,https://static.prizepicks.com/images/players/NCAAFB/Dakorien_Moore_NCAAFB_player_3Oh8DIaRK79LC7cE3kf7DrWJ-450.webp,57.81,57.81,50,50,24.5,,,,,,,,,,,50,,,,,,,
N/A,9/26/2026,Dakorien Moore,Receiving Yards,24.5,goblin,https://static.prizepicks.com/images/players/NCAAFB/Dakorien_Moore_NCAAFB_player_3Oh8DIaRK79LC7cE3kf7DrWJ-450.webp,https://static.prizepicks.com/images/players/NCAAFB/Dakorien_Moore_NCAAFB_player_3Oh8DIaRK79LC7cE3kf7DrWJ-450.webp,57.81,57.81,50,50,56.33,55.9,54.95,54.03,50.43,49.57,0.43,50.43,Over,55.95,31.45,78.69,Yes,,,,,,
N/A,9/26/2026,Dierre Hill Jr.,Rush Yards,24.5,goblin,https://static.prizepicks.com/images/players/NCAAFB/Dierre_Hill_NCAAFB_player_SHTIRUB24Puu8WUV5K22l0xZ-450.webp,https://static.prizepicks.com/images/players/NCAAFB/Dierre_Hill_NCAAFB_player_SHTIRUB24Puu8WUV5K22l0xZ-450.webp,57.81,57.81,50,50,58.64,58.5,54.53,54.29,50.11,49.89,0.11,50.11,Over,58.63,34.13,75.26,Yes,,,,,,
N/A,9/26/2026,Jayden Maiava,Pass Completions,23.5,demon,https://static.prizepicks.com/images/teams/ncaafb/NCAAFB_team_Zf3oWeoFooqQ6bVu4SEZmjPX/14.webp,https://static.prizepicks.com/images/teams/ncaafb/NCAAFB_team_Zf3oWeoFooqQ6bVu4SEZmjPX/14.webp,57.81,57.81,50,50,21.36,21.5,52.6,58.42,47.32,52.68,-2.68,47.32,Over,21.33,-2.17,31.16,No,,,,,,
N/A,9/26/2026,Dante Moore,Pass Completions,23.5,demon,https://static.prizepicks.com/images/players/NCAAFB/Dante_Moore_NCAAFB_player_kKBiOkKGPIdG7VH3S1jcu6TI-450.webp,https://static.prizepicks.com/images/players/NCAAFB/Dante_Moore_NCAAFB_player_kKBiOkKGPIdG7VH3S1jcu6TI-450.webp,57.81,57.81,50,50,21.52,21.5,54.17,56.94,48.73,51.27,-1.27,48.73,Over,21.45,-2.05,32.42,No,,,,,,
N/A,9/26/2026,Dakorien Moore,Longest Reception,22.5,goblin,https://static.prizepicks.com/images/players/NCAAFB/Dakorien_Moore_NCAAFB_player_3Oh8DIaRK79LC7cE3kf7DrWJ-450.webp,https://static.prizepicks.com/images/players/NCAAFB/Dakorien_Moore_NCAAFB_player_3Oh8DIaRK79LC7cE3kf7DrWJ-450.webp,57.81,57.81,50,50,22.5,,,,,,,,,,,50,,,,,,,
N/A,9/26/2026,Dante Moore,Pass Completions,21.5,standard,https://static.prizepicks.com/images/players/NCAAFB/Dante_Moore_NCAAFB_player_kKBiOkKGPIdG7VH3S1jcu6TI-450.webp,https://static.prizepicks.com/images/players/NCAAFB/Dante_Moore_NCAAFB_player_kKBiOkKGPIdG7VH3S1jcu6TI-450.webp,57.81,57.81,50,50,21.52,21.5,54.17,56.94,48.73,51.27,-1.27,51.27,Under,21.45,-0.05,51.27,Yes,,,,,,
N/A,9/26/2026,Dante Moore,Fantasy Score,21.5,standard,https://static.prizepicks.com/images/players/NCAAFB/Dante_Moore_NCAAFB_player_kKBiOkKGPIdG7VH3S1jcu6TI-450.webp,https://static.prizepicks.com/images/players/NCAAFB/Dante_Moore_NCAAFB_player_kKBiOkKGPIdG7VH3S1jcu6TI-450.webp,57.81,57.81,50,50,19.63,19.63,45.53,54.47,45.53,54.47,-4.47,54.47,Under,19.17,-2.33,54.47,Yes,,,,,,
N/A,9/26/2026,Jayden Maiava,Pass Completions,21.5,standard,https://static.prizepicks.com/images/teams/ncaafb/NCAAFB_team_Zf3oWeoFooqQ6bVu4SEZmjPX/14.webp,https://static.prizepicks.com/images/teams/ncaafb/NCAAFB_team_Zf3oWeoFooqQ6bVu4SEZmjPX/14.webp,57.81,57.81,50,50,21.36,21.5,52.6,58.42,47.32,52.68,-2.68,52.68,Under,21.33,-0.17,52.65,Yes,,,,,,
N/A,9/26/2026,Jayden Maiava,Fantasy Score,20.5,standard,https://static.prizepicks.com/images/teams/ncaafb/NCAAFB_team_Zf3oWeoFooqQ6bVu4SEZmjPX/14.webp,https://static.prizepicks.com/images/teams/ncaafb/NCAAFB_team_Zf3oWeoFooqQ6bVu4SEZmjPX/14.webp,57.81,57.81,50,50,18.77,18.77,45.87,54.13,45.87,54.13,-4.13,54.13,Under,18.85,-1.65,54.13,Yes,,,,,,
N/A,9/26/2026,Jamari Johnson,Longest Reception,20.5,standard,https://static.prizepicks.com/images/players/NCAAFB/Jamari_Johnson_NCAAFB_player_rouTwJra9m0NDgW7sw3WNzYJ-450.webp,https://static.prizepicks.com/images/players/NCAAFB/Jamari_Johnson_NCAAFB_player_rouTwJra9m0NDgW7sw3WNzYJ-450.webp,57.81,57.81,50,50,20.5,,,,,,,,,,,50,,,,,,,
N/A,9/26/2026,Tanook Hines,Receiving Yards,19.5,goblin,https://static.prizepicks.com/images/teams/ncaafb/NCAAFB_team_Zf3oWeoFooqQ6bVu4SEZmjPX/16.webp,https://static.prizepicks.com/images/teams/ncaafb/NCAAFB_team_Zf3oWeoFooqQ6bVu4SEZmjPX/16.webp,57.81,57.81,50,50,55.1,54.64,55.15,54.19,50.45,49.55,0.45,50.45,Over,53.86,34.36,81.33,Yes,,,,,,
N/A,9/26/2026,Waymond Jordan,Rush Yards,19.5,goblin,https://static.prizepicks.com/images/teams/ncaafb/NCAAFB_team_Zf3oWeoFooqQ6bVu4SEZmjPX/2.webp,https://static.prizepicks.com/images/teams/ncaafb/NCAAFB_team_Zf3oWeoFooqQ6bVu4SEZmjPX/2.webp,57.81,57.81,50,50,33.15,33.79,53.25,56.6,48.42,51.58,-1.58,48.42,Over,33.92,14.42,60.76,Yes,,,,,,
N/A,9/26/2026,Dante Moore,Rush Yards,19.5,demon,https://static.prizepicks.com/images/players/NCAAFB/Dante_Moore_NCAAFB_player_kKBiOkKGPIdG7VH3S1jcu6TI-450.webp,https://static.prizepicks.com/images/players/NCAAFB/Dante_Moore_NCAAFB_player_kKBiOkKGPIdG7VH3S1jcu6TI-450.webp,57.81,57.81,50,50,4.5,4.5,54.55,55.16,49.71,50.29,-0.29,49.71,Over,4.11,-15.39,38.21,No,,,,,,
N/A,9/26/2026,Jamari Johnson,Receiving Yards,19.5,goblin,https://static.prizepicks.com/images/players/NCAAFB/Jamari_Johnson_NCAAFB_player_rouTwJra9m0NDgW7sw3WNzYJ-450.webp,https://static.prizepicks.com/images/players/NCAAFB/Jamari_Johnson_NCAAFB_player_rouTwJra9m0NDgW7sw3WNzYJ-450.webp,57.81,57.81,50,50,44.06,43.83,54.81,54.33,50.23,49.77,0.23,50.23,Over,43.69,24.19,73.04,Yes,,,,,,
N/A,9/26/2026,Mark Bowman,Receiving Yards,19.5,goblin,https://static.prizepicks.com/images/teams/ncaafb/NCAAFB_team_Zf3oWeoFooqQ6bVu4SEZmjPX/19.webp,https://static.prizepicks.com/images/teams/ncaafb/NCAAFB_team_Zf3oWeoFooqQ6bVu4SEZmjPX/19.webp,57.81,57.81,50,50,37.75,38.39,53.91,55.27,49.36,50.64,-0.64,49.36,Over,38.19,18.69,67.59,Yes,,,,,,
N/A,9/26/2026,Dante Moore,Pass Completions,19.5,goblin,https://static.prizepicks.com/images/players/NCAAFB/Dante_Moore_NCAAFB_player_kKBiOkKGPIdG7VH3S1jcu6TI-450.webp,https://static.prizepicks.com/images/players/NCAAFB/Dante_Moore_NCAAFB_player_kKBiOkKGPIdG7VH3S1jcu6TI-450.webp,57.81,57.81,50,50,21.52,21.5,54.17,56.94,48.73,51.27,-1.27,48.73,Over,21.45,1.95,65.76,Yes,,,,,,
N/A,9/26/2026,Jayden Maiava,Pass Completions,19.5,goblin,https://static.prizepicks.com/images/teams/ncaafb/NCAAFB_team_Zf3oWeoFooqQ6bVu4SEZmjPX/14.webp,https://static.prizepicks.com/images/teams/ncaafb/NCAAFB_team_Zf3oWeoFooqQ6bVu4SEZmjPX/14.webp,57.81,57.81,50,50,21.36,21.5,52.6,58.42,47.32,52.68,-2.68,47.32,Over,21.33,1.83,64.49,Yes,,,,,,
N/A,9/26/2026,Zacharyus Williams,Receiving Yards,19.5,goblin,https://static.prizepicks.com/images/teams/ncaafb/NCAAFB_team_Zf3oWeoFooqQ6bVu4SEZmjPX/0.webp,https://static.prizepicks.com/images/teams/ncaafb/NCAAFB_team_Zf3oWeoFooqQ6bVu4SEZmjPX/0.webp,57.81,57.81,50,50,24.5,24.5,57.81,57.81,50,50,0,50,Over,24.50,5,54.97,Yes,,,,,,
N/A,9/26/2026,Mark Bowman,Longest Reception,18.5,standard,https://static.prizepicks.com/images/teams/ncaafb/NCAAFB_team_Zf3oWeoFooqQ6bVu4SEZmjPX/19.webp,https://static.prizepicks.com/images/teams/ncaafb/NCAAFB_team_Zf3oWeoFooqQ6bVu4SEZmjPX/19.webp,57.81,57.81,50,50,18.5,,,,,,,,,,,50,,,,,,,
N/A,9/26/2026,Dierre Hill Jr.,Longest Rush,17.5,standard,https://static.prizepicks.com/images/players/NCAAFB/Dierre_Hill_NCAAFB_player_SHTIRUB24Puu8WUV5K22l0xZ-450.webp,https://static.prizepicks.com/images/players/NCAAFB/Dierre_Hill_NCAAFB_player_SHTIRUB24Puu8WUV5K22l0xZ-450.webp,57.81,57.81,50,50,17.5,,,,,,,,,,,50,,,,,,,
N/A,9/26/2026,Jordon Davison,Longest Rush,17.5,standard,https://static.prizepicks.com/images/players/NCAAFB/Jordon_Davison_NCAAFB_player_WCRAWhmXD99dHCQzw3Ow1m4T-450.webp,https://static.prizepicks.com/images/players/NCAAFB/Jordon_Davison_NCAAFB_player_WCRAWhmXD99dHCQzw3Ow1m4T-450.webp,57.81,57.81,50,50,17.5,,,,,,,,,,,50,,,,,,,
N/A,9/26/2026,King Miller,Longest Rush,17.5,standard,https://static.prizepicks.com/images/teams/ncaafb/NCAAFB_team_Zf3oWeoFooqQ6bVu4SEZmjPX/8.webp,https://static.prizepicks.com/images/teams/ncaafb/NCAAFB_team_Zf3oWeoFooqQ6bVu4SEZmjPX/8.webp,57.81,57.81,50,50,17.5,,,,,,,,,,,50,,,,,,,
N/A,9/26/2026,King Miller,Rush Attempts,17.5,demon,https://static.prizepicks.com/images/teams/ncaafb/NCAAFB_team_Zf3oWeoFooqQ6bVu4SEZmjPX/8.webp,https://static.prizepicks.com/images/teams/ncaafb/NCAAFB_team_Zf3oWeoFooqQ6bVu4SEZmjPX/8.webp,57.81,57.81,50,50,14.68,14.67,55.75,58.16,48.93,51.07,-1.07,48.93,Over,14.71,-2.79,22.46,No,,,,,,
N/A,9/26/2026,Mark Bowman,Longest Reception,17.5,goblin,https://static.prizepicks.com/images/teams/ncaafb/NCAAFB_team_Zf3oWeoFooqQ6bVu4SEZmjPX/19.webp,https://static.prizepicks.com/images/teams/ncaafb/NCAAFB_team_Zf3oWeoFooqQ6bVu4SEZmjPX/19.webp,57.81,57.81,50,50,17.5,,,,,,,,,,,50,,,,,,,
N/A,9/26/2026,King Miller,Receiving Yards,15.5,demon,https://static.prizepicks.com/images/teams/ncaafb/NCAAFB_team_Zf3oWeoFooqQ6bVu4SEZmjPX/8.webp,https://static.prizepicks.com/images/teams/ncaafb/NCAAFB_team_Zf3oWeoFooqQ6bVu4SEZmjPX/8.webp,57.81,57.81,50,50,5.5,5.5,55.16,55.99,49.62,50.38,-0.38,49.62,Over,5.29,-10.21,40.13,No,,,,,,
N/A,9/26/2026,Jordon Davison,Receiving Yards,15.5,demon,https://static.prizepicks.com/images/players/NCAAFB/Jordon_Davison_NCAAFB_player_WCRAWhmXD99dHCQzw3Ow1m4T-450.webp,https://static.prizepicks.com/images/players/NCAAFB/Jordon_Davison_NCAAFB_player_WCRAWhmXD99dHCQzw3Ow1m4T-450.webp,57.81,57.81,50,50,6.5,6.5,56.67,55.64,50.48,49.52,0.48,50.48,Over,6.54,-8.96,41.1,No,,,,,,
N/A,9/26/2026,Waymond Jordan,Receiving Yards,15.5,demon,https://static.prizepicks.com/images/teams/ncaafb/NCAAFB_team_Zf3oWeoFooqQ6bVu4SEZmjPX/2.webp,https://static.prizepicks.com/images/teams/ncaafb/NCAAFB_team_Zf3oWeoFooqQ6bVu4SEZmjPX/2.webp,57.81,57.81,50,50,6.5,6.5,55.64,56.67,49.52,50.48,-0.48,49.52,Over,6.14,-9.36,41.1,No,,,,,,
N/A,9/26/2026,King Miller,Rush Attempts,15,standard,https://static.prizepicks.com/images/teams/ncaafb/NCAAFB_team_Zf3oWeoFooqQ6bVu4SEZmjPX/8.webp,https://static.prizepicks.com/images/teams/ncaafb/NCAAFB_team_Zf3oWeoFooqQ6bVu4SEZmjPX/8.webp,57.81,57.81,50,50,14.68,14.67,55.75,58.16,48.93,51.07,-1.07,51.07,Under,14.71,-0.29,60.08,Yes,,,,,,
N/A,9/26/2026,Dierre Hill Jr.,Receiving Yards,14.5,standard,https://static.prizepicks.com/images/players/NCAAFB/Dierre_Hill_NCAAFB_player_SHTIRUB24Puu8WUV5K22l0xZ-450.webp,https://static.prizepicks.com/images/players/NCAAFB/Dierre_Hill_NCAAFB_player_SHTIRUB24Puu8WUV5K22l0xZ-450.webp,57.81,57.81,50,50,14.9,15.1,54.23,54.67,49.8,50.2,-0.2,50.2,Under,15.20,0.7,49.6,No,,,,,,
N/A,9/26/2026,Messiah Hampton,Receiving Yards,14.5,goblin,https://static.prizepicks.com/images/players/NCAAFB/Messiah_Hampton_NCAAFB_player_i9U0NxwUWq4rde2cyZcdmDFE-450.webp,https://static.prizepicks.com/images/players/NCAAFB/Messiah_Hampton_NCAAFB_player_i9U0NxwUWq4rde2cyZcdmDFE-450.webp,57.81,57.81,50,50,30.98,30.88,54.82,54.61,50.1,49.9,0.1,50.1,Over,30.93,16.43,65.98,Yes,,,,,,
N/A,9/26/2026,Mark Bowman,Receiving Yards,14.5,goblin,https://static.prizepicks.com/images/teams/ncaafb/NCAAFB_team_Zf3oWeoFooqQ6bVu4SEZmjPX/19.webp,https://static.prizepicks.com/images/teams/ncaafb/NCAAFB_team_Zf3oWeoFooqQ6bVu4SEZmjPX/19.webp,57.81,57.81,50,50,37.75,38.39,53.91,55.27,49.36,50.64,-0.64,49.36,Over,38.19,23.69,71.95,Yes,,,,,,
N/A,9/26/2026,Evan Stewart,Fantasy Score,14,standard,https://static.prizepicks.com/images/players/NCAAFB/Evan_Stewart_NCAAFB_player_0HO8Fitvc3n1q3mViRP8ZpH7-450.webp,https://static.prizepicks.com/images/players/NCAAFB/Evan_Stewart_NCAAFB_player_0HO8Fitvc3n1q3mViRP8ZpH7-450.webp,57.81,57.81,50,50,13.45,13.45,48.75,51.25,48.75,51.25,-1.25,51.25,Under,14.74,0.74,51.25,No,,,,,,
N/A,9/26/2026,Dierre Hill Jr.,Fantasy Score,13.5,standard,https://static.prizepicks.com/images/players/NCAAFB/Dierre_Hill_NCAAFB_player_SHTIRUB24Puu8WUV5K22l0xZ-450.webp,https://static.prizepicks.com/images/players/NCAAFB/Dierre_Hill_NCAAFB_player_SHTIRUB24Puu8WUV5K22l0xZ-450.webp,57.81,57.81,50,50,14.39,14.39,52.03,47.97,52.03,47.97,2.03,52.03,Over,13.32,-0.18,52.03,No,,,,,,
N/A,9/26/2026,Dierre Hill Jr.,Rush Attempts,13.5,demon,https://static.prizepicks.com/images/players/NCAAFB/Dierre_Hill_NCAAFB_player_SHTIRUB24Puu8WUV5K22l0xZ-450.webp,https://static.prizepicks.com/images/players/NCAAFB/Dierre_Hill_NCAAFB_player_SHTIRUB24Puu8WUV5K22l0xZ-450.webp,57.81,57.81,50,50,11.7,11.67,55.55,57.72,49.07,50.93,-0.93,49.07,Over,11.42,-2.08,28.72,No,,,,,,
N/A,9/26/2026,King Miller,Rush Attempts,13.5,goblin,https://static.prizepicks.com/images/teams/ncaafb/NCAAFB_team_Zf3oWeoFooqQ6bVu4SEZmjPX/8.webp,https://static.prizepicks.com/images/teams/ncaafb/NCAAFB_team_Zf3oWeoFooqQ6bVu4SEZmjPX/8.webp,57.81,57.81,50,50,14.68,14.67,55.75,58.16,48.93,51.07,-1.07,48.93,Over,14.71,1.21,60.56,Yes,,,,,,
N/A,9/26/2026,Waymond Jordan,Longest Rush,13.5,standard,https://static.prizepicks.com/images/teams/ncaafb/NCAAFB_team_Zf3oWeoFooqQ6bVu4SEZmjPX/2.webp,https://static.prizepicks.com/images/teams/ncaafb/NCAAFB_team_Zf3oWeoFooqQ6bVu4SEZmjPX/2.webp,57.81,57.81,50,50,13.5,,,,,,,,,,,50,,,,,,,
N/A,9/26/2026,Kayden Dixon-Wyatt,Fantasy Score,13,standard,https://static.prizepicks.com/images/teams/ncaafb/NCAAFB_team_Zf3oWeoFooqQ6bVu4SEZmjPX/17.webp,https://static.prizepicks.com/images/teams/ncaafb/NCAAFB_team_Zf3oWeoFooqQ6bVu4SEZmjPX/17.webp,57.81,57.81,50,50,12.56,12.56,49,51,49,51,-1,51,Under,12.34,-0.66,51,Yes,,,,,,
N/A,9/26/2026,Dakorien Moore,Fantasy Score,12.5,standard,https://static.prizepicks.com/images/players/NCAAFB/Dakorien_Moore_NCAAFB_player_3Oh8DIaRK79LC7cE3kf7DrWJ-450.webp,https://static.prizepicks.com/images/players/NCAAFB/Dakorien_Moore_NCAAFB_player_3Oh8DIaRK79LC7cE3kf7DrWJ-450.webp,57.81,57.81,50,50,12.01,12.01,48.88,51.12,48.88,51.12,-1.12,51.12,Under,12.80,0.3,51.12,No,,,,,,
N/A,9/26/2026,King Miller,Fantasy Score,12.5,standard,https://static.prizepicks.com/images/teams/ncaafb/NCAAFB_team_Zf3oWeoFooqQ6bVu4SEZmjPX/8.webp,https://static.prizepicks.com/images/teams/ncaafb/NCAAFB_team_Zf3oWeoFooqQ6bVu4SEZmjPX/8.webp,57.81,57.81,50,50,13.7,13.7,52.73,47.27,52.73,47.27,2.73,52.73,Over,13.50,1,52.73,Yes,,,,,,
N/A,9/26/2026,Jordon Davison,Rush Attempts,12.5,standard,https://static.prizepicks.com/images/players/NCAAFB/Jordon_Davison_NCAAFB_player_WCRAWhmXD99dHCQzw3Ow1m4T-450.webp,https://static.prizepicks.com/images/players/NCAAFB/Jordon_Davison_NCAAFB_player_WCRAWhmXD99dHCQzw3Ow1m4T-450.webp,57.81,57.81,50,50,12.75,12.5,57.63,55.65,50.89,49.11,0.89,50.89,Over,12.77,0.27,50.92,Yes,,,,,,
N/A,9/26/2026,Dierre Hill Jr.,Rush Attempts,12,standard,https://static.prizepicks.com/images/players/NCAAFB/Dierre_Hill_NCAAFB_player_SHTIRUB24Puu8WUV5K22l0xZ-450.webp,https://static.prizepicks.com/images/players/NCAAFB/Dierre_Hill_NCAAFB_player_SHTIRUB24Puu8WUV5K22l0xZ-450.webp,57.81,57.81,50,50,11.7,11.67,55.55,57.72,49.07,50.93,-0.93,50.93,Under,11.42,-0.58,61.02,Yes,,,,,,
N/A,9/26/2026,Dierre Hill Jr.,Longest Reception,11.5,standard,https://static.prizepicks.com/images/players/NCAAFB/Dierre_Hill_NCAAFB_player_SHTIRUB24Puu8WUV5K22l0xZ-450.webp,https://static.prizepicks.com/images/players/NCAAFB/Dierre_Hill_NCAAFB_player_SHTIRUB24Puu8WUV5K22l0xZ-450.webp,57.81,57.81,50,50,11.5,,,,,,,,,,,50,,,,,,,
N/A,9/26/2026,Tanook Hines,Fantasy Score,11.5,standard,https://static.prizepicks.com/images/teams/ncaafb/NCAAFB_team_Zf3oWeoFooqQ6bVu4SEZmjPX/16.webp,https://static.prizepicks.com/images/teams/ncaafb/NCAAFB_team_Zf3oWeoFooqQ6bVu4SEZmjPX/16.webp,57.81,57.81,50,50,11.49,11.49,49.98,50.02,49.98,50.02,-0.02,50.02,Under,11.21,-0.29,50.02,Yes,,,,,,
N/A,9/26/2026,Waymond Jordan,Rush Yards,11.5,goblin,https://static.prizepicks.com/images/teams/ncaafb/NCAAFB_team_Zf3oWeoFooqQ6bVu4SEZmjPX/2.webp,https://static.prizepicks.com/images/teams/ncaafb/NCAAFB_team_Zf3oWeoFooqQ6bVu4SEZmjPX/2.webp,57.81,57.81,50,50,33.15,33.79,53.25,56.6,48.42,51.58,-1.58,48.42,Over,33.92,22.42,66.75,Yes,,,,,,
N/A,9/26/2026,Dakorien Moore,Receptions,10.5,demon,https://static.prizepicks.com/images/players/NCAAFB/Dakorien_Moore_NCAAFB_player_3Oh8DIaRK79LC7cE3kf7DrWJ-450.webp,https://static.prizepicks.com/images/players/NCAAFB/Dakorien_Moore_NCAAFB_player_3Oh8DIaRK79LC7cE3kf7DrWJ-450.webp,57.81,57.81,50,50,4.38,4.5,47.19,59.02,44.43,55.57,-5.57,44.43,Over,4.39,-6.11,0.55,No,,,,,,
N/A,9/26/2026,Evan Stewart,Receptions,10.5,demon,https://static.prizepicks.com/images/players/NCAAFB/Evan_Stewart_NCAAFB_player_0HO8Fitvc3n1q3mViRP8ZpH7-450.webp,https://static.prizepicks.com/images/players/NCAAFB/Evan_Stewart_NCAAFB_player_0HO8Fitvc3n1q3mViRP8ZpH7-450.webp,57.81,57.81,50,50,4.6,4.5,52.72,55.57,48.69,51.31,-1.31,48.69,Over,4.55,-5.95,0.78,No,,,,,,
N/A,9/26/2026,Messiah Hampton,Receptions,10.5,demon,https://static.prizepicks.com/images/players/NCAAFB/Messiah_Hampton_NCAAFB_player_i9U0NxwUWq4rde2cyZcdmDFE-450.webp,https://static.prizepicks.com/images/players/NCAAFB/Messiah_Hampton_NCAAFB_player_i9U0NxwUWq4rde2cyZcdmDFE-450.webp,57.81,57.81,50,50,3.06,2.5,63.47,44.26,58.92,41.08,8.92,58.92,Over,2.84,-7.66,0.03,No,,,,,,
N/A,9/26/2026,Mark Bowman,Fantasy Score,10,standard,https://static.prizepicks.com/images/teams/ncaafb/NCAAFB_team_Zf3oWeoFooqQ6bVu4SEZmjPX/19.webp,https://static.prizepicks.com/images/teams/ncaafb/NCAAFB_team_Zf3oWeoFooqQ6bVu4SEZmjPX/19.webp,57.81,57.81,50,50,9.89,9.89,49.75,50.25,49.75,50.25,-0.25,50.25,Under,9.75,-0.25,50.25,Yes,,,,,,
N/A,9/26/2026,Jamari Johnson,Fantasy Score,10,standard,https://static.prizepicks.com/images/players/NCAAFB/Jamari_Johnson_NCAAFB_player_rouTwJra9m0NDgW7sw3WNzYJ-450.webp,https://static.prizepicks.com/images/players/NCAAFB/Jamari_Johnson_NCAAFB_player_rouTwJra9m0NDgW7sw3WNzYJ-450.webp,57.81,57.81,50,50,9.95,9.95,49.89,50.11,49.89,50.11,-0.11,50.11,Under,10.72,0.72,50.11,No,,,,,,
N/A,9/26/2026,Dante Moore,Rush Yards,9.5,demon,https://static.prizepicks.com/images/players/NCAAFB/Dante_Moore_NCAAFB_player_kKBiOkKGPIdG7VH3S1jcu6TI-450.webp,https://static.prizepicks.com/images/players/NCAAFB/Dante_Moore_NCAAFB_player_kKBiOkKGPIdG7VH3S1jcu6TI-450.webp,57.81,57.81,50,50,4.5,4.5,54.55,55.16,49.71,50.29,-0.29,49.71,Over,4.11,-5.39,46.02,No,,,,,,
N/A,9/26/2026,Dierre Hill Jr.,Receiving Yards,9.5,goblin,https://static.prizepicks.com/images/players/NCAAFB/Dierre_Hill_NCAAFB_player_SHTIRUB24Puu8WUV5K22l0xZ-450.webp,https://static.prizepicks.com/images/players/NCAAFB/Dierre_Hill_NCAAFB_player_SHTIRUB24Puu8WUV5K22l0xZ-450.webp,57.81,57.81,50,50,14.9,15.1,54.23,54.67,49.8,50.2,-0.2,49.8,Over,15.20,5.7,55.37,Yes,,,,,,
N/A,9/26/2026,Waymond Jordan,Rush Attempts,9.5,demon,https://static.prizepicks.com/images/teams/ncaafb/NCAAFB_team_Zf3oWeoFooqQ6bVu4SEZmjPX/2.webp,https://static.prizepicks.com/images/teams/ncaafb/NCAAFB_team_Zf3oWeoFooqQ6bVu4SEZmjPX/2.webp,57.81,57.81,50,50,7.68,7.5,56.15,55.84,50.14,49.86,0.14,50.14,Over,7.69,-1.81,24.45,No,,,,,,
N/A,9/26/2026,Jamari Johnson,Receptions,9.5,demon,https://static.prizepicks.com/images/players/NCAAFB/Jamari_Johnson_NCAAFB_player_rouTwJra9m0NDgW7sw3WNzYJ-450.webp,https://static.prizepicks.com/images/players/NCAAFB/Jamari_Johnson_NCAAFB_player_rouTwJra9m0NDgW7sw3WNzYJ-450.webp,57.81,57.81,50,50,3.59,3.5,52.38,56.14,48.25,51.75,-1.75,48.25,Over,3.54,-5.96,0.39,No,,,,,,
N/A,9/26/2026,Messiah Hampton,Receiving Yards,9.5,goblin,https://static.prizepicks.com/images/players/NCAAFB/Messiah_Hampton_NCAAFB_player_i9U0NxwUWq4rde2cyZcdmDFE-450.webp,https://static.prizepicks.com/images/players/NCAAFB/Messiah_Hampton_NCAAFB_player_i9U0NxwUWq4rde2cyZcdmDFE-450.webp,57.81,57.81,50,50,30.98,30.88,54.82,54.61,50.1,49.9,0.1,50.1,Over,30.93,21.43,70.44,Yes,,,,,,
N/A,9/26/2026,Dante Moore,Longest Rush,8.5,standard,https://static.prizepicks.com/images/players/NCAAFB/Dante_Moore_NCAAFB_player_kKBiOkKGPIdG7VH3S1jcu6TI-450.webp,https://static.prizepicks.com/images/players/NCAAFB/Dante_Moore_NCAAFB_player_kKBiOkKGPIdG7VH3S1jcu6TI-450.webp,57.81,57.81,50,50,8.5,,,,,,,,,,,50,,,,,,,
N/A,9/26/2026,Kayden Dixon-Wyatt,Receptions,8.5,demon,https://static.prizepicks.com/images/teams/ncaafb/NCAAFB_team_Zf3oWeoFooqQ6bVu4SEZmjPX/17.webp,https://static.prizepicks.com/images/teams/ncaafb/NCAAFB_team_Zf3oWeoFooqQ6bVu4SEZmjPX/17.webp,57.81,57.81,50,50,8.5,,,,,,,,,5.22,-3.28,47.69,,,,,,,
N/A,9/26/2026,Mark Bowman,Receptions,8.5,demon,https://static.prizepicks.com/images/teams/ncaafb/NCAAFB_team_Zf3oWeoFooqQ6bVu4SEZmjPX/19.webp,https://static.prizepicks.com/images/teams/ncaafb/NCAAFB_team_Zf3oWeoFooqQ6bVu4SEZmjPX/19.webp,57.81,57.81,50,50,3.98,3.5,60.63,47.01,56.31,43.69,6.31,56.31,Over,3.69,-4.81,2.08,No,,,,,,
N/A,9/26/2026,Waymond Jordan,Rush Attempts,7.5,standard,https://static.prizepicks.com/images/teams/ncaafb/NCAAFB_team_Zf3oWeoFooqQ6bVu4SEZmjPX/2.webp,https://static.prizepicks.com/images/teams/ncaafb/NCAAFB_team_Zf3oWeoFooqQ6bVu4SEZmjPX/2.webp,57.81,57.81,50,50,7.68,7.5,56.15,55.84,50.14,49.86,0.14,50.14,Over,7.69,0.19,50.16,Yes,,,,,,
N/A,9/26/2026,Tanook Hines,Receptions,7.5,demon,https://static.prizepicks.com/images/teams/ncaafb/NCAAFB_team_Zf3oWeoFooqQ6bVu4SEZmjPX/16.webp,https://static.prizepicks.com/images/teams/ncaafb/NCAAFB_team_Zf3oWeoFooqQ6bVu4SEZmjPX/16.webp,57.81,57.81,50,50,4.01,3.63,59.77,48.8,55.16,44.84,5.16,55.16,Over,3.83,-3.67,5.17,No,,,,,,
N/A,9/26/2026,Evan Stewart,Receptions,6.5,demon,https://static.prizepicks.com/images/players/NCAAFB/Evan_Stewart_NCAAFB_player_0HO8Fitvc3n1q3mViRP8ZpH7-450.webp,https://static.prizepicks.com/images/players/NCAAFB/Evan_Stewart_NCAAFB_player_0HO8Fitvc3n1q3mViRP8ZpH7-450.webp,57.81,57.81,50,50,4.6,4.5,52.72,55.57,48.69,51.31,-1.31,48.69,Over,4.55,-1.95,18.2,No,,,,,,
N/A,9/26/2026,Kayden Dixon-Wyatt,Receptions,6.5,demon,https://static.prizepicks.com/images/teams/ncaafb/NCAAFB_team_Zf3oWeoFooqQ6bVu4SEZmjPX/17.webp,https://static.prizepicks.com/images/teams/ncaafb/NCAAFB_team_Zf3oWeoFooqQ6bVu4SEZmjPX/17.webp,57.81,57.81,50,50,6.5,,,,,,,,,5.22,-1.28,47.35,,,,,,,
N/A,9/26/2026,Jordon Davison,Longest Reception,6.5,standard,https://static.prizepicks.com/images/players/NCAAFB/Jordon_Davison_NCAAFB_player_WCRAWhmXD99dHCQzw3Ow1m4T-450.webp,https://static.prizepicks.com/images/players/NCAAFB/Jordon_Davison_NCAAFB_player_WCRAWhmXD99dHCQzw3Ow1m4T-450.webp,57.81,57.81,50,50,6.5,,,,,,,,,,,50,,,,,,,
N/A,9/26/2026,Dierre Hill Jr.,Receptions,6.5,demon,https://static.prizepicks.com/images/players/NCAAFB/Dierre_Hill_NCAAFB_player_SHTIRUB24Puu8WUV5K22l0xZ-450.webp,https://static.prizepicks.com/images/players/NCAAFB/Dierre_Hill_NCAAFB_player_SHTIRUB24Puu8WUV5K22l0xZ-450.webp,57.81,57.81,50,50,2.54,2.5,49.94,57.34,46.54,53.46,-3.46,46.54,Over,2.50,-4,1.53,No,,,,,,
N/A,9/26/2026,Jordon Davison,Receiving Yards,6.5,standard,https://static.prizepicks.com/images/players/NCAAFB/Jordon_Davison_NCAAFB_player_WCRAWhmXD99dHCQzw3Ow1m4T-450.webp,https://static.prizepicks.com/images/players/NCAAFB/Jordon_Davison_NCAAFB_player_WCRAWhmXD99dHCQzw3Ow1m4T-450.webp,57.81,57.81,50,50,6.5,6.5,56.67,55.64,50.48,49.52,0.48,50.48,Over,6.54,0.04,50,Yes,,,,,,
N/A,9/26/2026,Waymond Jordan,Receiving Yards,6.5,standard,https://static.prizepicks.com/images/teams/ncaafb/NCAAFB_team_Zf3oWeoFooqQ6bVu4SEZmjPX/2.webp,https://static.prizepicks.com/images/teams/ncaafb/NCAAFB_team_Zf3oWeoFooqQ6bVu4SEZmjPX/2.webp,57.81,57.81,50,50,6.5,6.5,55.64,56.67,49.52,50.48,-0.48,50.48,Under,6.14,-0.36,50,Yes,,,,,,
N/A,9/26/2026,Caden Chittenden,Kicking Points,6.5,standard,https://static.prizepicks.com/images/teams/ncaafb/NCAAFB_team_Zf3oWeoFooqQ6bVu4SEZmjPX/45.webp,https://static.prizepicks.com/images/teams/ncaafb/NCAAFB_team_Zf3oWeoFooqQ6bVu4SEZmjPX/45.webp,57.81,57.81,50,50,6.5,,,,,,,,,,,50,,,,,,,
N/A,9/26/2026,Dakorien Moore,Receptions,5.5,demon,https://static.prizepicks.com/images/players/NCAAFB/Dakorien_Moore_NCAAFB_player_3Oh8DIaRK79LC7cE3kf7DrWJ-450.webp,https://static.prizepicks.com/images/players/NCAAFB/Dakorien_Moore_NCAAFB_player_3Oh8DIaRK79LC7cE3kf7DrWJ-450.webp,57.81,57.81,50,50,4.38,4.5,47.19,59.02,44.43,55.57,-5.57,44.43,Over,4.39,-1.11,27.67,No,,,,,,
N/A,9/26/2026,Evan Stewart,Receptions,5.5,demon,https://static.prizepicks.com/images/players/NCAAFB/Evan_Stewart_NCAAFB_player_0HO8Fitvc3n1q3mViRP8ZpH7-450.webp,https://static.prizepicks.com/images/players/NCAAFB/Evan_Stewart_NCAAFB_player_0HO8Fitvc3n1q3mViRP8ZpH7-450.webp,57.81,57.81,50,50,4.6,4.5,52.72,55.57,48.69,51.31,-1.31,48.69,Over,4.55,-0.95,31.42,No,,,,,,
N/A,9/26/2026,Kayden Dixon-Wyatt,Receptions,5.5,demon,https://static.prizepicks.com/images/teams/ncaafb/NCAAFB_team_Zf3oWeoFooqQ6bVu4SEZmjPX/17.webp,https://static.prizepicks.com/images/teams/ncaafb/NCAAFB_team_Zf3oWeoFooqQ6bVu4SEZmjPX/17.webp,57.81,57.81,50,50,5.5,,,,,,,,,5.22,-0.28,47.11,,,,,,,
N/A,9/26/2026,Mark Bowman,Receptions,5.5,demon,https://static.prizepicks.com/images/teams/ncaafb/NCAAFB_team_Zf3oWeoFooqQ6bVu4SEZmjPX/19.webp,https://static.prizepicks.com/images/teams/ncaafb/NCAAFB_team_Zf3oWeoFooqQ6bVu4SEZmjPX/19.webp,57.81,57.81,50,50,3.98,3.5,60.63,47.01,56.31,43.69,6.31,56.31,Over,3.69,-1.81,21.18,No,,,,,,
N/A,9/26/2026,King Miller,Receiving Yards,5.5,standard,https://static.prizepicks.com/images/teams/ncaafb/NCAAFB_team_Zf3oWeoFooqQ6bVu4SEZmjPX/8.webp,https://static.prizepicks.com/images/teams/ncaafb/NCAAFB_team_Zf3oWeoFooqQ6bVu4SEZmjPX/8.webp,57.81,57.81,50,50,5.5,5.5,55.16,55.99,49.62,50.38,-0.38,50.38,Under,5.29,-0.21,50,Yes,,,,,,
N/A,9/26/2026,Jamari Johnson,Receptions,5.5,demon,https://static.prizepicks.com/images/players/NCAAFB/Jamari_Johnson_NCAAFB_player_rouTwJra9m0NDgW7sw3WNzYJ-450.webp,https://static.prizepicks.com/images/players/NCAAFB/Jamari_Johnson_NCAAFB_player_rouTwJra9m0NDgW7sw3WNzYJ-450.webp,57.81,57.81,50,50,3.59,3.5,52.38,56.14,48.25,51.75,-1.75,48.25,Over,3.54,-1.96,15.45,No,,,,,,
N/A,9/26/2026,Tanook Hines,Receptions,5.5,demon,https://static.prizepicks.com/images/teams/ncaafb/NCAAFB_team_Zf3oWeoFooqQ6bVu4SEZmjPX/16.webp,https://static.prizepicks.com/images/teams/ncaafb/NCAAFB_team_Zf3oWeoFooqQ6bVu4SEZmjPX/16.webp,57.81,57.81,50,50,4.01,3.63,59.77,48.8,55.16,44.84,5.16,55.16,Over,3.83,-1.67,21.64,No,,,,,,
N/A,9/26/2026,Dante Moore,Rush Attempts,5.5,demon,https://static.prizepicks.com/images/players/NCAAFB/Dante_Moore_NCAAFB_player_kKBiOkKGPIdG7VH3S1jcu6TI-450.webp,https://static.prizepicks.com/images/players/NCAAFB/Dante_Moore_NCAAFB_player_kKBiOkKGPIdG7VH3S1jcu6TI-450.webp,57.81,57.81,50,50,3.92,3.5,61.9,50.8,54.94,45.06,4.94,54.94,Over,3.84,-1.66,20.25,No,,,,,,
N/A,9/26/2026,King Miller,Longest Reception,5.5,standard,https://static.prizepicks.com/images/teams/ncaafb/NCAAFB_team_Zf3oWeoFooqQ6bVu4SEZmjPX/8.webp,https://static.prizepicks.com/images/teams/ncaafb/NCAAFB_team_Zf3oWeoFooqQ6bVu4SEZmjPX/8.webp,57.81,57.81,50,50,5.5,,,,,,,,,,,50,,,,,,,
N/A,9/26/2026,Zacharyus Williams,Receptions,5.5,demon,https://static.prizepicks.com/images/teams/ncaafb/NCAAFB_team_Zf3oWeoFooqQ6bVu4SEZmjPX/0.webp,https://static.prizepicks.com/images/teams/ncaafb/NCAAFB_team_Zf3oWeoFooqQ6bVu4SEZmjPX/0.webp,57.81,57.81,50,50,5.5,,,,,,,,,2.00,-3.5,47.11,,,,,,,
N/A,9/26/2026,Evan Stewart,Receptions,4.5,standard,https://static.prizepicks.com/images/players/NCAAFB/Evan_Stewart_NCAAFB_player_0HO8Fitvc3n1q3mViRP8ZpH7-450.webp,https://static.prizepicks.com/images/players/NCAAFB/Evan_Stewart_NCAAFB_player_0HO8Fitvc3n1q3mViRP8ZpH7-450.webp,57.81,57.81,50,50,4.6,4.5,52.72,55.57,48.69,51.31,-1.31,51.31,Under,4.55,0.05,51.32,No,,,,,,
N/A,9/26/2026,Mark Bowman,Receptions,4.5,demon,https://static.prizepicks.com/images/teams/ncaafb/NCAAFB_team_Zf3oWeoFooqQ6bVu4SEZmjPX/19.webp,https://static.prizepicks.com/images/teams/ncaafb/NCAAFB_team_Zf3oWeoFooqQ6bVu4SEZmjPX/19.webp,57.81,57.81,50,50,3.98,3.5,60.63,47.01,56.31,43.69,6.31,56.31,Over,3.69,-0.81,36.73,No,,,,,,
N/A,9/26/2026,Dakorien Moore,Receptions,4.5,demon,https://static.prizepicks.com/images/players/NCAAFB/Dakorien_Moore_NCAAFB_player_3Oh8DIaRK79LC7cE3kf7DrWJ-450.webp,https://static.prizepicks.com/images/players/NCAAFB/Dakorien_Moore_NCAAFB_player_3Oh8DIaRK79LC7cE3kf7DrWJ-450.webp,57.81,57.81,50,50,4.38,4.5,47.19,59.02,44.43,55.57,-5.57,44.43,Over,4.39,-0.11,44.5,No,,,,,,
N/A,9/26/2026,Dante Moore,Rush Yards,4.5,standard,https://static.prizepicks.com/images/players/NCAAFB/Dante_Moore_NCAAFB_player_kKBiOkKGPIdG7VH3S1jcu6TI-450.webp,https://static.prizepicks.com/images/players/NCAAFB/Dante_Moore_NCAAFB_player_kKBiOkKGPIdG7VH3S1jcu6TI-450.webp,57.81,57.81,50,50,4.5,4.5,54.55,55.16,49.71,50.29,-0.29,50.29,Under,4.11,-0.39,50,Yes,,,,,,
N/A,9/26/2026,Kayden Dixon-Wyatt,Receptions,4.5,standard,https://static.prizepicks.com/images/teams/ncaafb/NCAAFB_team_Zf3oWeoFooqQ6bVu4SEZmjPX/17.webp,https://static.prizepicks.com/images/teams/ncaafb/NCAAFB_team_Zf3oWeoFooqQ6bVu4SEZmjPX/17.webp,57.81,57.81,50,50,4.5,,,,,,,,,5.22,0.72,46.79,,,,,,,
N/A,9/26/2026,Dierre Hill Jr.,Receiving Yards,4.5,goblin,https://static.prizepicks.com/images/players/NCAAFB/Dierre_Hill_NCAAFB_player_SHTIRUB24Puu8WUV5K22l0xZ-450.webp,https://static.prizepicks.com/images/players/NCAAFB/Dierre_Hill_NCAAFB_player_SHTIRUB24Puu8WUV5K22l0xZ-450.webp,57.81,57.81,50,50,14.9,15.1,54.23,54.67,49.8,50.2,-0.2,49.8,Over,15.20,10.7,60.26,Yes,,,,,,
N/A,9/26/2026,Jamari Johnson,Receptions,4.5,demon,https://static.prizepicks.com/images/players/NCAAFB/Jamari_Johnson_NCAAFB_player_rouTwJra9m0NDgW7sw3WNzYJ-450.webp,https://static.prizepicks.com/images/players/NCAAFB/Jamari_Johnson_NCAAFB_player_rouTwJra9m0NDgW7sw3WNzYJ-450.webp,57.81,57.81,50,50,3.59,3.5,52.38,56.14,48.25,51.75,-1.75,48.25,Over,3.54,-0.96,29.17,No,,,,,,
N/A,9/26/2026,Messiah Hampton,Receptions,4.5,demon,https://static.prizepicks.com/images/players/NCAAFB/Messiah_Hampton_NCAAFB_player_i9U0NxwUWq4rde2cyZcdmDFE-450.webp,https://static.prizepicks.com/images/players/NCAAFB/Messiah_Hampton_NCAAFB_player_i9U0NxwUWq4rde2cyZcdmDFE-450.webp,57.81,57.81,50,50,3.06,2.5,63.47,44.26,58.92,41.08,8.92,58.92,Over,2.84,-1.66,19.49,No,,,,,,
N/A,9/26/2026,Tanook Hines,Receptions,4.5,demon,https://static.prizepicks.com/images/teams/ncaafb/NCAAFB_team_Zf3oWeoFooqQ6bVu4SEZmjPX/16.webp,https://static.prizepicks.com/images/teams/ncaafb/NCAAFB_team_Zf3oWeoFooqQ6bVu4SEZmjPX/16.webp,57.81,57.81,50,50,4.01,3.63,59.77,48.8,55.16,44.84,5.16,55.16,Over,3.83,-0.67,37.31,No,,,,,,
N/A,9/26/2026,Jayden Maiava,Longest Rush,4.5,standard,https://static.prizepicks.com/images/teams/ncaafb/NCAAFB_team_Zf3oWeoFooqQ6bVu4SEZmjPX/14.webp,https://static.prizepicks.com/images/teams/ncaafb/NCAAFB_team_Zf3oWeoFooqQ6bVu4SEZmjPX/14.webp,57.81,57.81,50,50,4.5,,,,,,,,,,,50,,,,,,,
N/A,9/26/2026,Tanook Hines,Receptions,4,standard,https://static.prizepicks.com/images/teams/ncaafb/NCAAFB_team_Zf3oWeoFooqQ6bVu4SEZmjPX/16.webp,https://static.prizepicks.com/images/teams/ncaafb/NCAAFB_team_Zf3oWeoFooqQ6bVu4SEZmjPX/16.webp,57.81,57.81,50,50,4.01,3.63,59.77,48.8,55.16,44.84,5.16,55.16,Over,3.83,-0.17,37.31,No,,,,,,
N/A,9/26/2026,Dakorien Moore,Receptions,3.5,goblin,https://static.prizepicks.com/images/players/NCAAFB/Dakorien_Moore_NCAAFB_player_3Oh8DIaRK79LC7cE3kf7DrWJ-450.webp,https://static.prizepicks.com/images/players/NCAAFB/Dakorien_Moore_NCAAFB_player_3Oh8DIaRK79LC7cE3kf7DrWJ-450.webp,57.81,57.81,50,50,4.38,4.5,47.19,59.02,44.43,55.57,-5.57,44.43,Over,4.39,0.89,63.71,Yes,,,,,,
N/A,9/26/2026,Evan Stewart,Receptions,3.5,goblin,https://static.prizepicks.com/images/players/NCAAFB/Evan_Stewart_NCAAFB_player_0HO8Fitvc3n1q3mViRP8ZpH7-450.webp,https://static.prizepicks.com/images/players/NCAAFB/Evan_Stewart_NCAAFB_player_0HO8Fitvc3n1q3mViRP8ZpH7-450.webp,57.81,57.81,50,50,4.6,4.5,52.72,55.57,48.69,51.31,-1.31,48.69,Over,4.55,1.05,67.43,Yes,,,,,,
N/A,9/26/2026,Jayden Maiava,Pass TDs,3.5,demon,https://static.prizepicks.com/images/teams/ncaafb/NCAAFB_team_Zf3oWeoFooqQ6bVu4SEZmjPX/14.webp,https://static.prizepicks.com/images/teams/ncaafb/NCAAFB_team_Zf3oWeoFooqQ6bVu4SEZmjPX/14.webp,57.81,57.81,50,50,1.74,1.5,61.98,45.04,57.91,42.09,7.91,57.91,Over,1.58,-1.92,9.93,No,,,,,,
N/A,9/26/2026,Kayden Dixon-Wyatt,Receptions,3.5,goblin,https://static.prizepicks.com/images/teams/ncaafb/NCAAFB_team_Zf3oWeoFooqQ6bVu4SEZmjPX/17.webp,https://static.prizepicks.com/images/teams/ncaafb/NCAAFB_team_Zf3oWeoFooqQ6bVu4SEZmjPX/17.webp,57.81,57.81,50,50,3.5,,,,,,,,,5.22,1.72,46.34,,,,,,,
N/A,9/26/2026,Dante Moore,Pass TDs,3.5,demon,https://static.prizepicks.com/images/players/NCAAFB/Dante_Moore_NCAAFB_player_kKBiOkKGPIdG7VH3S1jcu6TI-450.webp,https://static.prizepicks.com/images/players/NCAAFB/Dante_Moore_NCAAFB_player_kKBiOkKGPIdG7VH3S1jcu6TI-450.webp,57.81,57.81,50,50,1.82,1.5,65.01,41.88,60.83,39.17,10.83,60.83,Over,1.61,-1.89,11.19,No,,,,,,
N/A,9/26/2026,Dierre Hill Jr.,Receptions,3.5,demon,https://static.prizepicks.com/images/players/NCAAFB/Dierre_Hill_NCAAFB_player_SHTIRUB24Puu8WUV5K22l0xZ-450.webp,https://static.prizepicks.com/images/players/NCAAFB/Dierre_Hill_NCAAFB_player_SHTIRUB24Puu8WUV5K22l0xZ-450.webp,57.81,57.81,50,50,2.54,2.5,49.94,57.34,46.54,53.46,-3.46,46.54,Over,2.50,-1,25.1,No,,,,,,
N/A,9/26/2026,Jamari Johnson,Receptions,3.5,standard,https://static.prizepicks.com/images/players/NCAAFB/Jamari_Johnson_NCAAFB_player_rouTwJra9m0NDgW7sw3WNzYJ-450.webp,https://static.prizepicks.com/images/players/NCAAFB/Jamari_Johnson_NCAAFB_player_rouTwJra9m0NDgW7sw3WNzYJ-450.webp,57.81,57.81,50,50,3.59,3.5,52.38,56.14,48.25,51.75,-1.75,51.75,Under,3.54,0.04,51.73,No,,,,,,
N/A,9/26/2026,Messiah Hampton,Receptions,3.5,demon,https://static.prizepicks.com/images/players/NCAAFB/Messiah_Hampton_NCAAFB_player_i9U0NxwUWq4rde2cyZcdmDFE-450.webp,https://static.prizepicks.com/images/players/NCAAFB/Messiah_Hampton_NCAAFB_player_i9U0NxwUWq4rde2cyZcdmDFE-450.webp,57.81,57.81,50,50,3.06,2.5,63.47,44.26,58.92,41.08,8.92,58.92,Over,2.84,-0.66,36.62,No,,,,,,
N/A,9/26/2026,Dante Moore,Rush Attempts,3.5,goblin,https://static.prizepicks.com/images/players/NCAAFB/Dante_Moore_NCAAFB_player_kKBiOkKGPIdG7VH3S1jcu6TI-450.webp,https://static.prizepicks.com/images/players/NCAAFB/Dante_Moore_NCAAFB_player_kKBiOkKGPIdG7VH3S1jcu6TI-450.webp,57.81,57.81,50,50,3.92,3.5,61.9,50.8,54.94,45.06,4.94,54.94,Over,3.84,0.34,55.07,Yes,,,,,,
N/A,9/26/2026,Caden Chittenden,PAT Made,3.5,demon,https://static.prizepicks.com/images/teams/ncaafb/NCAAFB_team_Zf3oWeoFooqQ6bVu4SEZmjPX/45.webp,https://static.prizepicks.com/images/teams/ncaafb/NCAAFB_team_Zf3oWeoFooqQ6bVu4SEZmjPX/45.webp,57.81,57.81,50,50,3.5,,,,,,,,,,,50,,,,,,,
N/A,9/26/2026,Tanook Hines,Receptions,3.5,goblin,https://static.prizepicks.com/images/teams/ncaafb/NCAAFB_team_Zf3oWeoFooqQ6bVu4SEZmjPX/16.webp,https://static.prizepicks.com/images/teams/ncaafb/NCAAFB_team_Zf3oWeoFooqQ6bVu4SEZmjPX/16.webp,57.81,57.81,50,50,4.01,3.63,59.77,48.8,55.16,44.84,5.16,55.16,Over,3.83,0.33,56.85,Yes,,,,,,
N/A,9/26/2026,Zacharyus Williams,Receptions,3.5,demon,https://static.prizepicks.com/images/teams/ncaafb/NCAAFB_team_Zf3oWeoFooqQ6bVu4SEZmjPX/0.webp,https://static.prizepicks.com/images/teams/ncaafb/NCAAFB_team_Zf3oWeoFooqQ6bVu4SEZmjPX/0.webp,57.81,57.81,50,50,3.5,,,,,,,,,2.00,-1.5,46.34,,,,,,,
N/A,9/26/2026,Mark Bowman,Receptions,3.5,goblin,https://static.prizepicks.com/images/teams/ncaafb/NCAAFB_team_Zf3oWeoFooqQ6bVu4SEZmjPX/19.webp,https://static.prizepicks.com/images/teams/ncaafb/NCAAFB_team_Zf3oWeoFooqQ6bVu4SEZmjPX/19.webp,57.81,57.81,50,50,3.98,3.5,60.63,47.01,56.31,43.69,6.31,56.31,Over,3.69,0.19,56.26,Yes,,,,,,
N/A,9/26/2026,Dante Moore,Pass TDs,2.5,demon,https://static.prizepicks.com/images/players/NCAAFB/Dante_Moore_NCAAFB_player_kKBiOkKGPIdG7VH3S1jcu6TI-450.webp,https://static.prizepicks.com/images/players/NCAAFB/Dante_Moore_NCAAFB_player_kKBiOkKGPIdG7VH3S1jcu6TI-450.webp,57.81,57.81,50,50,1.82,1.5,65.01,41.88,60.83,39.17,10.83,60.83,Over,1.61,-0.89,27.47,No,,,,,,
N/A,9/26/2026,Jayden Maiava,Pass TDs,2.5,demon,https://static.prizepicks.com/images/teams/ncaafb/NCAAFB_team_Zf3oWeoFooqQ6bVu4SEZmjPX/14.webp,https://static.prizepicks.com/images/teams/ncaafb/NCAAFB_team_Zf3oWeoFooqQ6bVu4SEZmjPX/14.webp,57.81,57.81,50,50,1.74,1.5,61.98,45.04,57.91,42.09,7.91,57.91,Over,1.58,-0.92,25.34,No,,,,,,
N/A,9/26/2026,Mark Bowman,Receptions,2.5,goblin,https://static.prizepicks.com/images/teams/ncaafb/NCAAFB_team_Zf3oWeoFooqQ6bVu4SEZmjPX/19.webp,https://static.prizepicks.com/images/teams/ncaafb/NCAAFB_team_Zf3oWeoFooqQ6bVu4SEZmjPX/19.webp,57.81,57.81,50,50,3.98,3.5,60.63,47.01,56.31,43.69,6.31,56.31,Over,3.69,1.19,75.9,Yes,,,,,,
N/A,9/26/2026,Dakorien Moore,Receptions,2.5,goblin,https://static.prizepicks.com/images/players/NCAAFB/Dakorien_Moore_NCAAFB_player_3Oh8DIaRK79LC7cE3kf7DrWJ-450.webp,https://static.prizepicks.com/images/players/NCAAFB/Dakorien_Moore_NCAAFB_player_3Oh8DIaRK79LC7cE3kf7DrWJ-450.webp,57.81,57.81,50,50,4.38,4.5,47.19,59.02,44.43,55.57,-5.57,44.43,Over,4.39,1.89,81.25,Yes,,,,,,
N/A,9/26/2026,Dierre Hill Jr.,Receptions,2.5,demon,https://static.prizepicks.com/images/players/NCAAFB/Dierre_Hill_NCAAFB_player_SHTIRUB24Puu8WUV5K22l0xZ-450.webp,https://static.prizepicks.com/images/players/NCAAFB/Dierre_Hill_NCAAFB_player_SHTIRUB24Puu8WUV5K22l0xZ-450.webp,57.81,57.81,50,50,2.54,2.5,49.94,57.34,46.54,53.46,-3.46,46.54,Over,2.50,0,46.64,No,,,,,,
N/A,9/26/2026,Jamari Johnson,Receptions,2.5,goblin,https://static.prizepicks.com/images/players/NCAAFB/Jamari_Johnson_NCAAFB_player_rouTwJra9m0NDgW7sw3WNzYJ-450.webp,https://static.prizepicks.com/images/players/NCAAFB/Jamari_Johnson_NCAAFB_player_rouTwJra9m0NDgW7sw3WNzYJ-450.webp,57.81,57.81,50,50,3.59,3.5,52.38,56.14,48.25,51.75,-1.75,48.25,Over,3.54,1.04,69.55,Yes,,,,,,
N/A,9/26/2026,Jayden Maiava,Rush Yards,2.5,standard,https://static.prizepicks.com/images/teams/ncaafb/NCAAFB_team_Zf3oWeoFooqQ6bVu4SEZmjPX/14.webp,https://static.prizepicks.com/images/teams/ncaafb/NCAAFB_team_Zf3oWeoFooqQ6bVu4SEZmjPX/14.webp,57.81,57.81,50,50,2.5,2.5,56.15,56.15,50,50,0,50,Under,3.63,1.13,50,No,,,,,,
N/A,9/26/2026,Messiah Hampton,Receptions,2.5,goblin,https://static.prizepicks.com/images/players/NCAAFB/Messiah_Hampton_NCAAFB_player_i9U0NxwUWq4rde2cyZcdmDFE-450.webp,https://static.prizepicks.com/images/players/NCAAFB/Messiah_Hampton_NCAAFB_player_i9U0NxwUWq4rde2cyZcdmDFE-450.webp,57.81,57.81,50,50,3.06,2.5,63.47,44.26,58.92,41.08,8.92,58.92,Over,2.84,0.34,59.01,Yes,,,,,,
N/A,9/26/2026,Tanook Hines,Receptions,2.5,goblin,https://static.prizepicks.com/images/teams/ncaafb/NCAAFB_team_Zf3oWeoFooqQ6bVu4SEZmjPX/16.webp,https://static.prizepicks.com/images/teams/ncaafb/NCAAFB_team_Zf3oWeoFooqQ6bVu4SEZmjPX/16.webp,57.81,57.81,50,50,4.01,3.63,59.77,48.8,55.16,44.84,5.16,55.16,Over,3.83,1.33,76.34,Yes,,,,,,
N/A,9/26/2026,Evan Stewart,Receptions,2.5,goblin,https://static.prizepicks.com/images/players/NCAAFB/Evan_Stewart_NCAAFB_player_0HO8Fitvc3n1q3mViRP8ZpH7-450.webp,https://static.prizepicks.com/images/players/NCAAFB/Evan_Stewart_NCAAFB_player_0HO8Fitvc3n1q3mViRP8ZpH7-450.webp,57.81,57.81,50,50,4.6,4.5,52.72,55.57,48.69,51.31,-1.31,48.69,Over,4.55,2.05,83.74,Yes,,,,,,
N/A,9/26/2026,King Miller,Anytime TDs,2.5,demon,https://static.prizepicks.com/images/teams/ncaafb/NCAAFB_team_Zf3oWeoFooqQ6bVu4SEZmjPX/8.webp,https://static.prizepicks.com/images/teams/ncaafb/NCAAFB_team_Zf3oWeoFooqQ6bVu4SEZmjPX/8.webp,57.81,57.81,50,50,0.57,0.5,61.72,46.99,56.78,43.22,6.78,56.78,Over,0.84,-1.66,2.03,No,,,,,,
N/A,9/26/2026,Dierre Hill Jr.,Anytime TDs,2.5,demon,https://static.prizepicks.com/images/players/NCAAFB/Dierre_Hill_NCAAFB_player_SHTIRUB24Puu8WUV5K22l0xZ-450.webp,https://static.prizepicks.com/images/players/NCAAFB/Dierre_Hill_NCAAFB_player_SHTIRUB24Puu8WUV5K22l0xZ-450.webp,57.81,57.81,50,50,0.55,0.5,59.81,49.02,54.96,45.04,4.96,54.96,Over,0.81,-1.69,1.85,No,,,,,,
N/A,9/26/2026,Jordon Davison,Anytime TDs,2.5,demon,https://static.prizepicks.com/images/players/NCAAFB/Jordon_Davison_NCAAFB_player_WCRAWhmXD99dHCQzw3Ow1m4T-450.webp,https://static.prizepicks.com/images/players/NCAAFB/Jordon_Davison_NCAAFB_player_WCRAWhmXD99dHCQzw3Ow1m4T-450.webp,57.81,57.81,50,50,0.63,0.5,67.89,40.46,62.66,37.34,12.66,62.66,Over,0.92,-1.58,2.62,No,,,,,,
N/A,9/26/2026,Zacharyus Williams,Receptions,2.5,demon,https://static.prizepicks.com/images/teams/ncaafb/NCAAFB_team_Zf3oWeoFooqQ6bVu4SEZmjPX/0.webp,https://static.prizepicks.com/images/teams/ncaafb/NCAAFB_team_Zf3oWeoFooqQ6bVu4SEZmjPX/0.webp,57.81,57.81,50,50,2.5,,,,,,,,,2.00,-0.5,45.62,,,,,,,
N/A,9/26/2026,Dakorien Moore,Anytime TDs,1.5,demon,https://static.prizepicks.com/images/players/NCAAFB/Dakorien_Moore_NCAAFB_player_3Oh8DIaRK79LC7cE3kf7DrWJ-450.webp,https://static.prizepicks.com/images/players/NCAAFB/Dakorien_Moore_NCAAFB_player_3Oh8DIaRK79LC7cE3kf7DrWJ-450.webp,57.81,57.81,50,50,0.37,0.5,41.4,69.24,37.43,62.57,-12.57,37.43,Over,0.52,-0.98,5.37,No,,,,,,
N/A,9/26/2026,Dierre Hill Jr.,Anytime TDs,1.5,demon,https://static.prizepicks.com/images/players/NCAAFB/Dierre_Hill_NCAAFB_player_SHTIRUB24Puu8WUV5K22l0xZ-450.webp,https://static.prizepicks.com/images/players/NCAAFB/Dierre_Hill_NCAAFB_player_SHTIRUB24Puu8WUV5K22l0xZ-450.webp,57.81,57.81,50,50,0.55,0.5,59.81,49.02,54.96,45.04,4.96,54.96,Over,0.81,-0.69,10.57,No,,,,,,
N/A,9/26/2026,Jordon Davison,Anytime TDs,1.5,demon,https://static.prizepicks.com/images/players/NCAAFB/Jordon_Davison_NCAAFB_player_WCRAWhmXD99dHCQzw3Ow1m4T-450.webp,https://static.prizepicks.com/images/players/NCAAFB/Jordon_Davison_NCAAFB_player_WCRAWhmXD99dHCQzw3Ow1m4T-450.webp,57.81,57.81,50,50,0.63,0.5,67.89,40.46,62.66,37.34,12.66,62.66,Over,0.92,-0.58,13.19,No,,,,,,
N/A,9/26/2026,King Miller,Anytime TDs,1.5,demon,https://static.prizepicks.com/images/teams/ncaafb/NCAAFB_team_Zf3oWeoFooqQ6bVu4SEZmjPX/8.webp,https://static.prizepicks.com/images/teams/ncaafb/NCAAFB_team_Zf3oWeoFooqQ6bVu4SEZmjPX/8.webp,57.81,57.81,50,50,0.57,0.5,61.72,46.99,56.78,43.22,6.78,56.78,Over,0.84,-0.66,11.21,No,,,,,,
N/A,9/26/2026,Dante Moore,Pass TDs,1.5,goblin,https://static.prizepicks.com/images/players/NCAAFB/Dante_Moore_NCAAFB_player_kKBiOkKGPIdG7VH3S1jcu6TI-450.webp,https://static.prizepicks.com/images/players/NCAAFB/Dante_Moore_NCAAFB_player_kKBiOkKGPIdG7VH3S1jcu6TI-450.webp,57.81,57.81,50,50,1.82,1.5,65.01,41.88,60.83,39.17,10.83,60.83,Over,1.61,0.11,54.31,Yes,,,,,,
N/A,9/26/2026,Jayden Maiava,Pass TDs,1.5,goblin,https://static.prizepicks.com/images/teams/ncaafb/NCAAFB_team_Zf3oWeoFooqQ6bVu4SEZmjPX/14.webp,https://static.prizepicks.com/images/teams/ncaafb/NCAAFB_team_Zf3oWeoFooqQ6bVu4SEZmjPX/14.webp,57.81,57.81,50,50,1.74,1.5,61.98,45.04,57.91,42.09,7.91,57.91,Over,1.58,0.08,51.91,Yes,,,,,,
N/A,9/26/2026,Dierre Hill Jr.,Receptions,1.5,goblin,https://static.prizepicks.com/images/players/NCAAFB/Dierre_Hill_NCAAFB_player_SHTIRUB24Puu8WUV5K22l0xZ-450.webp,https://static.prizepicks.com/images/players/NCAAFB/Dierre_Hill_NCAAFB_player_SHTIRUB24Puu8WUV5K22l0xZ-450.webp,57.81,57.81,50,50,2.54,2.5,49.94,57.34,46.54,53.46,-3.46,46.54,Over,2.50,1,72.08,Yes,,,,,,
N/A,9/26/2026,Messiah Hampton,Receptions,1.5,goblin,https://static.prizepicks.com/images/players/NCAAFB/Messiah_Hampton_NCAAFB_player_i9U0NxwUWq4rde2cyZcdmDFE-450.webp,https://static.prizepicks.com/images/players/NCAAFB/Messiah_Hampton_NCAAFB_player_i9U0NxwUWq4rde2cyZcdmDFE-450.webp,57.81,57.81,50,50,3.06,2.5,63.47,44.26,58.92,41.08,8.92,58.92,Over,2.84,1.34,80.96,Yes,,,,,,
N/A,9/26/2026,Jamari Johnson,Receptions,1.5,goblin,https://static.prizepicks.com/images/players/NCAAFB/Jamari_Johnson_NCAAFB_player_rouTwJra9m0NDgW7sw3WNzYJ-450.webp,https://static.prizepicks.com/images/players/NCAAFB/Jamari_Johnson_NCAAFB_player_rouTwJra9m0NDgW7sw3WNzYJ-450.webp,57.81,57.81,50,50,3.59,3.5,52.38,56.14,48.25,51.75,-1.75,48.25,Over,3.54,2.04,87.33,Yes,,,,,,
N/A,9/26/2026,Jordon Davison,Receptions,1.5,demon,https://static.prizepicks.com/images/players/NCAAFB/Jordon_Davison_NCAAFB_player_WCRAWhmXD99dHCQzw3Ow1m4T-450.webp,https://static.prizepicks.com/images/players/NCAAFB/Jordon_Davison_NCAAFB_player_WCRAWhmXD99dHCQzw3Ow1m4T-450.webp,57.81,57.81,50,50,1.43,1.5,45.47,62.95,41.94,58.06,-8.06,41.94,Over,1.46,-0.04,41.85,No,,,,,,
N/A,9/26/2026,King Miller,Receptions,1.5,demon,https://static.prizepicks.com/images/teams/ncaafb/NCAAFB_team_Zf3oWeoFooqQ6bVu4SEZmjPX/8.webp,https://static.prizepicks.com/images/teams/ncaafb/NCAAFB_team_Zf3oWeoFooqQ6bVu4SEZmjPX/8.webp,57.81,57.81,50,50,1.28,1.5,40.02,68.72,36.8,63.2,-13.2,36.8,Over,1.42,-0.08,36.61,No,,,,,,
N/A,9/26/2026,Waymond Jordan,Receptions,1.5,demon,https://static.prizepicks.com/images/teams/ncaafb/NCAAFB_team_Zf3oWeoFooqQ6bVu4SEZmjPX/2.webp,https://static.prizepicks.com/images/teams/ncaafb/NCAAFB_team_Zf3oWeoFooqQ6bVu4SEZmjPX/2.webp,57.81,57.81,50,50,1.29,1.5,40.45,68.48,37.11,62.89,-12.89,37.11,Over,1.39,-0.11,36.96,No,,,,,,
N/A,9/26/2026,Waymond Jordan,Anytime TDs,1.5,demon,https://static.prizepicks.com/images/teams/ncaafb/NCAAFB_team_Zf3oWeoFooqQ6bVu4SEZmjPX/2.webp,https://static.prizepicks.com/images/teams/ncaafb/NCAAFB_team_Zf3oWeoFooqQ6bVu4SEZmjPX/2.webp,57.81,57.81,50,50,0.42,0.5,46.4,63.6,42.19,57.81,-7.81,42.19,Over,0.68,-0.82,6.7,No,,,,,,
N/A,9/26/2026,Mark Bowman,Anytime TDs,1.5,demon,https://static.prizepicks.com/images/teams/ncaafb/NCAAFB_team_Zf3oWeoFooqQ6bVu4SEZmjPX/19.webp,https://static.prizepicks.com/images/teams/ncaafb/NCAAFB_team_Zf3oWeoFooqQ6bVu4SEZmjPX/19.webp,57.81,57.81,50,50,0.35,0.5,39.29,71.65,35.42,64.58,-14.58,35.42,Over,0.50,-1,4.87,No,,,,,,
N/A,9/26/2026,Jamari Johnson,Anytime TDs,1.5,demon,https://static.prizepicks.com/images/players/NCAAFB/Jamari_Johnson_NCAAFB_player_rouTwJra9m0NDgW7sw3WNzYJ-450.webp,https://static.prizepicks.com/images/players/NCAAFB/Jamari_Johnson_NCAAFB_player_rouTwJra9m0NDgW7sw3WNzYJ-450.webp,57.81,57.81,50,50,0.33,0.5,36.43,75.01,32.69,67.31,-17.31,32.69,Over,0.64,-0.86,4.38,No,,,,,,
N/A,9/26/2026,Evan Stewart,Anytime TDs,1.5,demon,https://static.prizepicks.com/images/players/NCAAFB/Evan_Stewart_NCAAFB_player_0HO8Fitvc3n1q3mViRP8ZpH7-450.webp,https://static.prizepicks.com/images/players/NCAAFB/Evan_Stewart_NCAAFB_player_0HO8Fitvc3n1q3mViRP8ZpH7-450.webp,57.81,57.81,50,50,0.4,0.5,44.23,66.01,40.13,59.87,-9.87,40.13,Over,0.54,-0.96,6.16,No,,,,,,
N/A,9/26/2026,Kayden Dixon-Wyatt,Anytime TDs,1.5,demon,https://static.prizepicks.com/images/teams/ncaafb/NCAAFB_team_Zf3oWeoFooqQ6bVu4SEZmjPX/17.webp,https://static.prizepicks.com/images/teams/ncaafb/NCAAFB_team_Zf3oWeoFooqQ6bVu4SEZmjPX/17.webp,57.81,57.81,50,50,1.5,,,,,,,,,0.48,-1.02,44.22,,,,,,,
N/A,9/26/2026,Zacharyus Williams,Receptions,1.5,goblin,https://static.prizepicks.com/images/teams/ncaafb/NCAAFB_team_Zf3oWeoFooqQ6bVu4SEZmjPX/0.webp,https://static.prizepicks.com/images/teams/ncaafb/NCAAFB_team_Zf3oWeoFooqQ6bVu4SEZmjPX/0.webp,57.81,57.81,50,50,1.5,,,,,,,,,2.00,0.5,44.22,,,,,,,
N/A,9/26/2026,Tanook Hines,Anytime TDs,1.5,demon,https://static.prizepicks.com/images/teams/ncaafb/NCAAFB_team_Zf3oWeoFooqQ6bVu4SEZmjPX/16.webp,https://static.prizepicks.com/images/teams/ncaafb/NCAAFB_team_Zf3oWeoFooqQ6bVu4SEZmjPX/16.webp,57.81,57.81,50,50,0.33,0.5,36.58,74.82,32.84,67.17,-17.16,32.84,Over,0.58,-0.92,4.38,No,,,,,,
N/A,9/26/2026,Corey Simms,Anytime TDs,1.5,demon,https://static.prizepicks.com/images/teams/ncaafb/NCAAFB_team_Zf3oWeoFooqQ6bVu4SEZmjPX/10.webp,https://static.prizepicks.com/images/teams/ncaafb/NCAAFB_team_Zf3oWeoFooqQ6bVu4SEZmjPX/10.webp,57.81,57.81,50,50,0.3,0.5,33.33,78.73,29.75,70.25,-20.25,29.75,Over,0.49,-1.01,3.69,No,,,,,,
N/A,9/26/2026,Andrew Olesh,Anytime TDs,0.5,demon,https://static.prizepicks.com/images/players/NCAAFB/Andrew_Olesh_NCAAFB_player_EuoCr4u24P1cZJ0pjWzxiHp9-450.webp,https://static.prizepicks.com/images/players/NCAAFB/Andrew_Olesh_NCAAFB_player_EuoCr4u24P1cZJ0pjWzxiHp9-450.webp,57.81,57.81,50,50,0.13,0.5,14.85,97.36,13.18,86.82,-36.82,13.18,Over,0.50,0,12.19,No,,,,,,
N/A,9/26/2026,Brady Bidwell,Anytime TDs,0.5,demon,https://static.prizepicks.com/images/players/NCAAFB/Brady_Bidwell_NCAAFB_player_W2OVCeVVEJTlHKTz7M5NW2g2-450.webp,https://static.prizepicks.com/images/players/NCAAFB/Brady_Bidwell_NCAAFB_player_W2OVCeVVEJTlHKTz7M5NW2g2-450.webp,57.81,57.81,50,50,0.11,0.5,12.13,97.19,11.09,88.91,-38.91,11.09,Over,0.31,-0.19,10.42,No,,,,,,
N/A,9/26/2026,Carson Tabaracci,Anytime TDs,0.5,demon,https://static.prizepicks.com/images/teams/ncaafb/NCAAFB_team_Zf3oWeoFooqQ6bVu4SEZmjPX/24.webp,https://static.prizepicks.com/images/teams/ncaafb/NCAAFB_team_Zf3oWeoFooqQ6bVu4SEZmjPX/24.webp,57.81,57.81,50,50,0.11,0.5,11.95,97.17,10.95,89.05,-39.05,10.95,Over,0.33,-0.17,10.42,No,,,,,,
N/A,9/26/2026,Da'Jaun Riggs,Anytime TDs,0.5,demon,https://static.prizepicks.com/images/teams/ncaafb/NCAAFB_team_ANTf3hDCteya2qODvjeMwjRA/21.webp,https://static.prizepicks.com/images/teams/ncaafb/NCAAFB_team_ANTf3hDCteya2qODvjeMwjRA/21.webp,57.81,57.81,50,50,0.5,,,,,,,,,0.26,-0.24,39.35,,,,,,,
N/A,9/26/2026,Dante Moore,Anytime TDs,0.5,demon,https://static.prizepicks.com/images/players/NCAAFB/Dante_Moore_NCAAFB_player_kKBiOkKGPIdG7VH3S1jcu6TI-450.webp,https://static.prizepicks.com/images/players/NCAAFB/Dante_Moore_NCAAFB_player_kKBiOkKGPIdG7VH3S1jcu6TI-450.webp,57.81,57.81,50,50,0.26,0.5,29.71,83.3,26.3,73.7,-23.7,26.3,Over,0.50,0,22.89,No,,,,,,
N/A,9/26/2026,Dierre Hill Jr.,Anytime TDs,0.5,goblin,https://static.prizepicks.com/images/players/NCAAFB/Dierre_Hill_NCAAFB_player_SHTIRUB24Puu8WUV5K22l0xZ-450.webp,https://static.prizepicks.com/images/players/NCAAFB/Dierre_Hill_NCAAFB_player_SHTIRUB24Puu8WUV5K22l0xZ-450.webp,57.81,57.81,50,50,0.55,0.5,59.81,49.02,54.96,45.04,4.96,54.96,Over,0.81,0.31,42.31,Yes,,,,,,
N/A,9/26/2026,Ethan Feaster,Anytime TDs,0.5,demon,https://static.prizepicks.com/images/teams/ncaafb/NCAAFB_team_Zf3oWeoFooqQ6bVu4SEZmjPX/1.webp,https://static.prizepicks.com/images/teams/ncaafb/NCAAFB_team_Zf3oWeoFooqQ6bVu4SEZmjPX/1.webp,57.81,57.81,50,50,0.14,0.5,15.81,97.55,13.95,86.05,-36.05,13.95,Over,0.50,0,13.06,No,,,,,,
N/A,9/26/2026,Evan Stewart,Anytime TDs,0.5,demon,https://static.prizepicks.com/images/players/NCAAFB/Evan_Stewart_NCAAFB_player_0HO8Fitvc3n1q3mViRP8ZpH7-450.webp,https://static.prizepicks.com/images/players/NCAAFB/Evan_Stewart_NCAAFB_player_0HO8Fitvc3n1q3mViRP8ZpH7-450.webp,57.81,57.81,50,50,0.4,0.5,44.23,66.01,40.13,59.87,-9.87,40.13,Over,0.54,0.04,32.97,Yes,,,,,,
N/A,9/26/2026,Gatlin Bair,Anytime TDs,0.5,demon,https://static.prizepicks.com/images/players/NCAAFB/Gatlin_Bair_NCAAFB_player_ERmGEsDyFoKfZM3zDi3BMCM1-450.webp,https://static.prizepicks.com/images/players/NCAAFB/Gatlin_Bair_NCAAFB_player_ERmGEsDyFoKfZM3zDi3BMCM1-450.webp,57.81,57.81,50,50,0.18,0.5,21.52,94.88,18.5,81.5,-31.5,18.5,Over,0.50,0,16.47,No,,,,,,
N/A,9/26/2026,Jamari Johnson,Anytime TDs,0.5,demon,https://static.prizepicks.com/images/players/NCAAFB/Jamari_Johnson_NCAAFB_player_rouTwJra9m0NDgW7sw3WNzYJ-450.webp,https://static.prizepicks.com/images/players/NCAAFB/Jamari_Johnson_NCAAFB_player_rouTwJra9m0NDgW7sw3WNzYJ-450.webp,57.81,57.81,50,50,0.33,0.5,36.43,75.01,32.69,67.31,-17.31,32.69,Over,0.64,0.14,28.11,Yes,,,,,,
N/A,9/26/2026,Jayden Maiava,Anytime TDs,0.5,demon,https://static.prizepicks.com/images/teams/ncaafb/NCAAFB_team_Zf3oWeoFooqQ6bVu4SEZmjPX/14.webp,https://static.prizepicks.com/images/teams/ncaafb/NCAAFB_team_Zf3oWeoFooqQ6bVu4SEZmjPX/14.webp,57.81,57.81,50,50,0.27,0.5,30.55,82.24,27.1,72.9,-22.9,27.1,Over,0.55,0.05,23.66,Yes,,,,,,
N/A,9/26/2026,Jeremiah McClellan,Anytime TDs,0.5,demon,https://static.prizepicks.com/images/players/NCAAFB/Jeremiah_McClellan_NCAAFB_player_WpCJgdJwlnf7Hl2qVxrO2M5p-450.webp,https://static.prizepicks.com/images/players/NCAAFB/Jeremiah_McClellan_NCAAFB_player_WpCJgdJwlnf7Hl2qVxrO2M5p-450.webp,57.81,57.81,50,50,0.26,0.5,29.41,83.66,26.01,73.99,-23.99,26.01,Over,0.46,-0.04,22.89,No,,,,,,
N/A,9/26/2026,Jordon Davison,Anytime TDs,0.5,goblin,https://static.prizepicks.com/images/players/NCAAFB/Jordon_Davison_NCAAFB_player_WCRAWhmXD99dHCQzw3Ow1m4T-450.webp,https://static.prizepicks.com/images/players/NCAAFB/Jordon_Davison_NCAAFB_player_WCRAWhmXD99dHCQzw3Ow1m4T-450.webp,57.81,57.81,50,50,0.63,0.5,67.89,40.46,62.66,37.34,12.66,62.66,Over,0.92,0.42,46.74,Yes,,,,,,
N/A,9/26/2026,Kayden Dixon-Wyatt,Anytime TDs,0.5,demon,https://static.prizepicks.com/images/teams/ncaafb/NCAAFB_team_Zf3oWeoFooqQ6bVu4SEZmjPX/17.webp,https://static.prizepicks.com/images/teams/ncaafb/NCAAFB_team_Zf3oWeoFooqQ6bVu4SEZmjPX/17.webp,57.81,57.81,50,50,0.5,,,,,,,,,0.48,-0.02,39.35,,,,,,,
N/A,9/26/2026,Kendre Harrison,Anytime TDs,0.5,demon,https://static.prizepicks.com/images/players/NCAAFB/Kendre_Harrison_NCAAFB_player_p45OWGeqfZWsIUzYM44Yqb75-450.webp,https://static.prizepicks.com/images/players/NCAAFB/Kendre_Harrison_NCAAFB_player_p45OWGeqfZWsIUzYM44Yqb75-450.webp,57.81,57.81,50,50,0.14,0.5,15.48,97.38,13.67,86.33,-36.33,13.67,Over,0.50,0,13.06,No,,,,,,
N/A,9/26/2026,King Miller,Anytime TDs,0.5,goblin,https://static.prizepicks.com/images/teams/ncaafb/NCAAFB_team_Zf3oWeoFooqQ6bVu4SEZmjPX/8.webp,https://static.prizepicks.com/images/teams/ncaafb/NCAAFB_team_Zf3oWeoFooqQ6bVu4SEZmjPX/8.webp,57.81,57.81,50,50,0.57,0.5,61.72,46.99,56.78,43.22,6.78,56.78,Over,0.84,0.34,43.45,Yes,,,,,,
N/A,9/26/2026,Mark Bowman,Anytime TDs,0.5,demon,https://static.prizepicks.com/images/teams/ncaafb/NCAAFB_team_Zf3oWeoFooqQ6bVu4SEZmjPX/19.webp,https://static.prizepicks.com/images/teams/ncaafb/NCAAFB_team_Zf3oWeoFooqQ6bVu4SEZmjPX/19.webp,57.81,57.81,50,50,0.35,0.5,39.29,71.65,35.42,64.58,-14.58,35.42,Over,0.50,0,29.53,No,,,,,,
N/A,9/26/2026,Messiah Hampton,Anytime TDs,0.5,demon,https://static.prizepicks.com/images/players/NCAAFB/Messiah_Hampton_NCAAFB_player_i9U0NxwUWq4rde2cyZcdmDFE-450.webp,https://static.prizepicks.com/images/players/NCAAFB/Messiah_Hampton_NCAAFB_player_i9U0NxwUWq4rde2cyZcdmDFE-450.webp,57.81,57.81,50,50,0.24,0.5,27.62,86.04,24.3,75.7,-25.7,24.3,Over,0.29,-0.21,21.34,No,,,,,,
N/A,9/26/2026,Riley Wormley,Anytime TDs,0.5,demon,https://static.prizepicks.com/images/teams/ncaafb/NCAAFB_team_Zf3oWeoFooqQ6bVu4SEZmjPX/27.webp,https://static.prizepicks.com/images/teams/ncaafb/NCAAFB_team_Zf3oWeoFooqQ6bVu4SEZmjPX/27.webp,57.81,57.81,50,50,0.2,0.5,23.65,91.57,20.55,79.45,-29.45,20.55,Over,0.50,0,18.13,No,,,,,,
N/A,9/26/2026,Shahn Alston,Anytime TDs,0.5,demon,https://static.prizepicks.com/images/teams/ncaafb/NCAAFB_team_Zf3oWeoFooqQ6bVu4SEZmjPX/22.webp,https://static.prizepicks.com/images/teams/ncaafb/NCAAFB_team_Zf3oWeoFooqQ6bVu4SEZmjPX/22.webp,57.81,57.81,50,50,0.19,0.5,21.44,92.66,18.84,81.16,-31.16,18.84,Over,0.50,0,17.3,No,,,,,,
N/A,9/26/2026,Tanook Hines,Anytime TDs,0.5,demon,https://static.prizepicks.com/images/teams/ncaafb/NCAAFB_team_Zf3oWeoFooqQ6bVu4SEZmjPX/16.webp,https://static.prizepicks.com/images/teams/ncaafb/NCAAFB_team_Zf3oWeoFooqQ6bVu4SEZmjPX/16.webp,57.81,57.81,50,50,0.33,0.5,36.58,74.82,32.84,67.17,-17.16,32.84,Over,0.58,0.08,28.11,Yes,,,,,,
N/A,9/26/2026,Tradarian Ball,Anytime TDs,0.5,demon,https://static.prizepicks.com/images/players/NCAAFB/Tradarian_Ball_NCAAFB_player_Gb8Si5muYdELQTSB8pHyGUED-450.webp,https://static.prizepicks.com/images/players/NCAAFB/Tradarian_Ball_NCAAFB_player_Gb8Si5muYdELQTSB8pHyGUED-450.webp,57.81,57.81,50,50,0.16,0.5,17.74,96.1,15.56,84.44,-34.44,15.56,Over,0.50,0,14.79,No,,,,,,
N/A,9/26/2026,Tron Baker,Anytime TDs,0.5,demon,https://static.prizepicks.com/images/teams/ncaafb/NCAAFB_team_Zf3oWeoFooqQ6bVu4SEZmjPX/85.webp,https://static.prizepicks.com/images/teams/ncaafb/NCAAFB_team_Zf3oWeoFooqQ6bVu4SEZmjPX/85.webp,57.81,57.81,50,50,0.14,0.5,16.03,97.56,14.11,85.9,-35.89,14.11,Over,0.50,0,13.06,No,,,,,,
N/A,9/26/2026,Waymond Jordan,Anytime TDs,0.5,demon,https://static.prizepicks.com/images/teams/ncaafb/NCAAFB_team_Zf3oWeoFooqQ6bVu4SEZmjPX/2.webp,https://static.prizepicks.com/images/teams/ncaafb/NCAAFB_team_Zf3oWeoFooqQ6bVu4SEZmjPX/2.webp,57.81,57.81,50,50,0.42,0.5,46.4,63.6,42.19,57.81,-7.81,42.19,Over,0.68,0.18,34.3,Yes,,,,,,
N/A,9/26/2026,Dakorien Moore,Rec TDs,0.5,demon,https://static.prizepicks.com/images/players/NCAAFB/Dakorien_Moore_NCAAFB_player_3Oh8DIaRK79LC7cE3kf7DrWJ-450.webp,https://static.prizepicks.com/images/players/NCAAFB/Dakorien_Moore_NCAAFB_player_3Oh8DIaRK79LC7cE3kf7DrWJ-450.webp,57.81,57.81,50,50,0.5,,,,,,,,,0.51,0.01,39.35,,,,,,,
N/A,9/26/2026,Dante Moore,INT,0.5,demon,https://static.prizepicks.com/images/players/NCAAFB/Dante_Moore_NCAAFB_player_kKBiOkKGPIdG7VH3S1jcu6TI-450.webp,https://static.prizepicks.com/images/players/NCAAFB/Dante_Moore_NCAAFB_player_kKBiOkKGPIdG7VH3S1jcu6TI-450.webp,57.81,57.81,50,50,0.47,0.5,40.84,67.71,37.62,62.38,-12.38,37.62,Over,0.49,-0.01,37.5,No,,,,,,
N/A,9/26/2026,Dante Moore,Rush TDs,0.5,demon,https://static.prizepicks.com/images/players/NCAAFB/Dante_Moore_NCAAFB_player_kKBiOkKGPIdG7VH3S1jcu6TI-450.webp,https://static.prizepicks.com/images/players/NCAAFB/Dante_Moore_NCAAFB_player_kKBiOkKGPIdG7VH3S1jcu6TI-450.webp,57.81,57.81,50,50,0.5,,,,,,,,,0.20,-0.3,39.35,,,,,,,
N/A,9/26/2026,Dierre Hill Jr.,Rec TDs,0.5,demon,https://static.prizepicks.com/images/players/NCAAFB/Dierre_Hill_NCAAFB_player_SHTIRUB24Puu8WUV5K22l0xZ-450.webp,https://static.prizepicks.com/images/players/NCAAFB/Dierre_Hill_NCAAFB_player_SHTIRUB24Puu8WUV5K22l0xZ-450.webp,57.81,57.81,50,50,0.5,,,,,,,,,0.08,-0.42,39.35,,,,,,,
N/A,9/26/2026,Evan Stewart,Rec TDs,0.5,demon,https://static.prizepicks.com/images/players/NCAAFB/Evan_Stewart_NCAAFB_player_0HO8Fitvc3n1q3mViRP8ZpH7-450.webp,https://static.prizepicks.com/images/players/NCAAFB/Evan_Stewart_NCAAFB_player_0HO8Fitvc3n1q3mViRP8ZpH7-450.webp,57.81,57.81,50,50,0.5,,,,,,,,,0.73,0.23,39.35,,,,,,,
N/A,9/26/2026,Jayden Maiava,INT,0.5,standard,https://static.prizepicks.com/images/teams/ncaafb/NCAAFB_team_Zf3oWeoFooqQ6bVu4SEZmjPX/14.webp,https://static.prizepicks.com/images/teams/ncaafb/NCAAFB_team_Zf3oWeoFooqQ6bVu4SEZmjPX/14.webp,57.81,57.81,50,50,0.7,0.5,56.29,54.91,50.63,49.37,0.63,50.63,Over,0.58,0.08,50.34,Yes,,,,,,
N/A,9/26/2026,Jayden Maiava,Rush TDs,0.5,demon,https://static.prizepicks.com/images/teams/ncaafb/NCAAFB_team_Zf3oWeoFooqQ6bVu4SEZmjPX/14.webp,https://static.prizepicks.com/images/teams/ncaafb/NCAAFB_team_Zf3oWeoFooqQ6bVu4SEZmjPX/14.webp,57.81,57.81,50,50,0.5,,,,,,,,,0.30,-0.2,39.35,,,,,,,
N/A,9/26/2026,Jordon Davison,Rec TDs,0.5,demon,https://static.prizepicks.com/images/players/NCAAFB/Jordon_Davison_NCAAFB_player_WCRAWhmXD99dHCQzw3Ow1m4T-450.webp,https://static.prizepicks.com/images/players/NCAAFB/Jordon_Davison_NCAAFB_player_WCRAWhmXD99dHCQzw3Ow1m4T-450.webp,57.81,57.81,50,50,0.5,,,,,,,,,0.04,-0.46,39.35,,,,,,,
N/A,9/26/2026,Jordon Davison,Rush TDs,0.5,goblin,https://static.prizepicks.com/images/players/NCAAFB/Jordon_Davison_NCAAFB_player_WCRAWhmXD99dHCQzw3Ow1m4T-450.webp,https://static.prizepicks.com/images/players/NCAAFB/Jordon_Davison_NCAAFB_player_WCRAWhmXD99dHCQzw3Ow1m4T-450.webp,57.81,57.81,50,50,0.5,,,,,,,,,0.86,0.36,39.35,,,,,,,
N/A,9/26/2026,King Miller,Rec TDs,0.5,demon,https://static.prizepicks.com/images/teams/ncaafb/NCAAFB_team_Zf3oWeoFooqQ6bVu4SEZmjPX/8.webp,https://static.prizepicks.com/images/teams/ncaafb/NCAAFB_team_Zf3oWeoFooqQ6bVu4SEZmjPX/8.webp,57.81,57.81,50,50,0.5,,,,,,,,,0.02,-0.48,39.35,,,,,,,
N/A,9/26/2026,Mark Bowman,Rec TDs,0.5,demon,https://static.prizepicks.com/images/teams/ncaafb/NCAAFB_team_Zf3oWeoFooqQ6bVu4SEZmjPX/19.webp,https://static.prizepicks.com/images/teams/ncaafb/NCAAFB_team_Zf3oWeoFooqQ6bVu4SEZmjPX/19.webp,57.81,57.81,50,50,0.5,,,,,,,,,0.33,-0.17,39.35,,,,,,,
N/A,9/26/2026,Messiah Hampton,Rec TDs,0.5,demon,https://static.prizepicks.com/images/players/NCAAFB/Messiah_Hampton_NCAAFB_player_i9U0NxwUWq4rde2cyZcdmDFE-450.webp,https://static.prizepicks.com/images/players/NCAAFB/Messiah_Hampton_NCAAFB_player_i9U0NxwUWq4rde2cyZcdmDFE-450.webp,57.81,57.81,50,50,0.5,,,,,,,,,0.33,-0.17,39.35,,,,,,,
N/A,9/26/2026,Riley Wormley,Rec TDs,0.5,demon,https://static.prizepicks.com/images/teams/ncaafb/NCAAFB_team_Zf3oWeoFooqQ6bVu4SEZmjPX/27.webp,https://static.prizepicks.com/images/teams/ncaafb/NCAAFB_team_Zf3oWeoFooqQ6bVu4SEZmjPX/27.webp,57.81,57.81,50,50,0.5,,,,,,,,,0.01,-0.49,39.35,,,,,,,
N/A,9/26/2026,Riley Wormley,Rush TDs,0.5,demon,https://static.prizepicks.com/images/teams/ncaafb/NCAAFB_team_Zf3oWeoFooqQ6bVu4SEZmjPX/27.webp,https://static.prizepicks.com/images/teams/ncaafb/NCAAFB_team_Zf3oWeoFooqQ6bVu4SEZmjPX/27.webp,57.81,57.81,50,50,0.5,,,,,,,,,0.11,-0.39,39.35,,,,,,,
N/A,9/26/2026,Tucker Ashcraft,Rec TDs,0.5,demon,https://static.prizepicks.com/images/teams/ncaafb/NCAAFB_team_Zf3oWeoFooqQ6bVu4SEZmjPX/84.webp,https://static.prizepicks.com/images/teams/ncaafb/NCAAFB_team_Zf3oWeoFooqQ6bVu4SEZmjPX/84.webp,57.81,57.81,50,50,0.5,,,,,,,,,0.14,-0.36,39.35,,,,,,,
N/A,9/26/2026,Waymond Jordan,Rec TDs,0.5,demon,https://static.prizepicks.com/images/teams/ncaafb/NCAAFB_team_Zf3oWeoFooqQ6bVu4SEZmjPX/2.webp,https://static.prizepicks.com/images/teams/ncaafb/NCAAFB_team_Zf3oWeoFooqQ6bVu4SEZmjPX/2.webp,57.81,57.81,50,50,0.5,,,,,,,,,0.02,-0.48,39.35,,,,,,,
N/A,9/26/2026,Waymond Jordan,Rush TDs,0.5,demon,https://static.prizepicks.com/images/teams/ncaafb/NCAAFB_team_Zf3oWeoFooqQ6bVu4SEZmjPX/2.webp,https://static.prizepicks.com/images/teams/ncaafb/NCAAFB_team_Zf3oWeoFooqQ6bVu4SEZmjPX/2.webp,57.81,57.81,50,50,0.5,,,,,,,,,0.40,-0.1,39.35,,,,,,,
N/A,9/26/2026,Iverson Hooks,Anytime TDs,0.5,demon,https://static.prizepicks.com/images/players/NCAAFB/Iverson_Hooks_NCAAFB_player_v9mI67bnHlgCNcz5BvZ5fcCJ-450.webp,https://static.prizepicks.com/images/players/NCAAFB/Iverson_Hooks_NCAAFB_player_v9mI67bnHlgCNcz5BvZ5fcCJ-450.webp,57.81,57.81,50,50,0.14,0.5,16.1,97.49,14.14,85.86,-35.86,14.14,Over,0.50,0,13.06,No,,,,,,
N/A,9/26/2026,Jamari Johnson,Rec TDs,0.5,demon,https://static.prizepicks.com/images/players/NCAAFB/Jamari_Johnson_NCAAFB_player_rouTwJra9m0NDgW7sw3WNzYJ-450.webp,https://static.prizepicks.com/images/players/NCAAFB/Jamari_Johnson_NCAAFB_player_rouTwJra9m0NDgW7sw3WNzYJ-450.webp,57.81,57.81,50,50,0.5,,,,,,,,,0.55,0.05,39.35,,,,,,,
N/A,9/26/2026,Iverson Hooks,Rec TDs,0.5,demon,https://static.prizepicks.com/images/players/NCAAFB/Iverson_Hooks_NCAAFB_player_v9mI67bnHlgCNcz5BvZ5fcCJ-450.webp,https://static.prizepicks.com/images/players/NCAAFB/Iverson_Hooks_NCAAFB_player_v9mI67bnHlgCNcz5BvZ5fcCJ-450.webp,57.81,57.81,50,50,0.5,,,,,,,,,0.17,-0.33,39.35,,,,,,,
N/A,9/26/2026,Caden Chittenden,FG Made,0.5,goblin,https://static.prizepicks.com/images/teams/ncaafb/NCAAFB_team_Zf3oWeoFooqQ6bVu4SEZmjPX/45.webp,https://static.prizepicks.com/images/teams/ncaafb/NCAAFB_team_Zf3oWeoFooqQ6bVu4SEZmjPX/45.webp,57.81,57.81,50,50,0.5,,,,,,,,,,,50,,,,,,,
N/A,9/26/2026,Da'Jaun Riggs,Rush TDs,0.5,demon,https://static.prizepicks.com/images/teams/ncaafb/NCAAFB_team_ANTf3hDCteya2qODvjeMwjRA/21.webp,https://static.prizepicks.com/images/teams/ncaafb/NCAAFB_team_ANTf3hDCteya2qODvjeMwjRA/21.webp,57.81,57.81,50,50,0.5,,,,,,,,,0.09,-0.41,39.35,,,,,,,
N/A,9/26/2026,Taniela Tupou,Anytime TDs,0.5,demon,https://static.prizepicks.com/images/teams/ncaafb/NCAAFB_team_Zf3oWeoFooqQ6bVu4SEZmjPX/88.webp,https://static.prizepicks.com/images/teams/ncaafb/NCAAFB_team_Zf3oWeoFooqQ6bVu4SEZmjPX/88.webp,57.81,57.81,50,50,0.1,0.5,11.43,97.1,10.54,89.47,-39.46,10.54,Over,0.50,0,9.52,No,,,,,,
N/A,9/26/2026,Zacharyus Williams,Anytime TDs,0.5,demon,https://static.prizepicks.com/images/teams/ncaafb/NCAAFB_team_Zf3oWeoFooqQ6bVu4SEZmjPX/0.webp,https://static.prizepicks.com/images/teams/ncaafb/NCAAFB_team_Zf3oWeoFooqQ6bVu4SEZmjPX/0.webp,57.81,57.81,50,50,0.26,0.5,29.3,83.82,25.9,74.1,-24.1,25.9,Over,0.42,-0.08,22.89,No,,,,,,
N/A,9/26/2026,Dakorien Moore,Anytime TDs,0.5,demon,https://static.prizepicks.com/images/players/NCAAFB/Dakorien_Moore_NCAAFB_player_3Oh8DIaRK79LC7cE3kf7DrWJ-450.webp,https://static.prizepicks.com/images/players/NCAAFB/Dakorien_Moore_NCAAFB_player_3Oh8DIaRK79LC7cE3kf7DrWJ-450.webp,57.81,57.81,50,50,0.37,0.5,41.4,69.24,37.43,62.57,-12.57,37.43,Over,0.52,0.02,30.93,Yes,,,,,,
N/A,9/26/2026,Da'Jaun Riggs,Rec TDs,0.5,demon,https://static.prizepicks.com/images/teams/ncaafb/NCAAFB_team_ANTf3hDCteya2qODvjeMwjRA/21.webp,https://static.prizepicks.com/images/teams/ncaafb/NCAAFB_team_ANTf3hDCteya2qODvjeMwjRA/21.webp,57.81,57.81,50,50,0.5,,,,,,,,,0.01,-0.49,39.35,,,,,,,
N/A,9/26/2026,Tucker Ashcraft,Anytime TDs,0.5,demon,https://static.prizepicks.com/images/teams/ncaafb/NCAAFB_team_Zf3oWeoFooqQ6bVu4SEZmjPX/84.webp,https://static.prizepicks.com/images/teams/ncaafb/NCAAFB_team_Zf3oWeoFooqQ6bVu4SEZmjPX/84.webp,57.81,57.81,50,50,0.08,0.5,8.47,96.48,8.05,91.94,-41.95,8.05,Over,0.33,-0.17,7.69,No,,,,,,
N/A,9/26/2026,Andrew Olesh,Rec TDs,0.5,demon,https://static.prizepicks.com/images/players/NCAAFB/Andrew_Olesh_NCAAFB_player_EuoCr4u24P1cZJ0pjWzxiHp9-450.webp,https://static.prizepicks.com/images/players/NCAAFB/Andrew_Olesh_NCAAFB_player_EuoCr4u24P1cZJ0pjWzxiHp9-450.webp,57.81,57.81,50,50,0.5,,,,,,,,,0.13,-0.37,39.35,,,,,,,
N/A,9/26/2026,Sam Leavitt,Pass TDs,1.5,standard,https://static.prizepicks.com/images/players/NCAAFB/Sam_Leavitt_NCAAFB_player_lGQIS7Dg5zt1KqNfkYLl2FG4-450.webp,https://static.prizepicks.com/images/players/NCAAFB/Sam_Leavitt_NCAAFB_player_lGQIS7Dg5zt1KqNfkYLl2FG4-450.webp,57.81,57.81,50,50,1.54,1.5,55.81,53,51.31,48.69,1.31,51.31,Over,1.52,0.02,45.55,Yes,,,,,,
N/A,9/26/2026,Donovan Olugbode,Receptions,4.5,standard,https://static.prizepicks.com/images/players/NCAAFB/Donovan_Olugbode_NCAAFB_player_eH5LHDLlHaaeRGtePlgq2XTs-450.webp,https://static.prizepicks.com/images/players/NCAAFB/Donovan_Olugbode_NCAAFB_player_eH5LHDLlHaaeRGtePlgq2XTs-450.webp,57.81,57.81,50,50,4.65,4.5,53.45,54.26,49.61,50.39,-0.39,50.39,Under,4.60,0.1,50.39,No,,,,,,
N/A,9/26/2026,Sam Leavitt,Pass+Rush Yds,409.5,demon,https://static.prizepicks.com/images/players/NCAAFB/Sam_Leavitt_NCAAFB_player_lGQIS7Dg5zt1KqNfkYLl2FG4-450.webp,https://static.prizepicks.com/images/players/NCAAFB/Sam_Leavitt_NCAAFB_player_lGQIS7Dg5zt1KqNfkYLl2FG4-450.webp,57.81,57.81,50,50,305.63,282.99,54,55.13,49.47,50.53,-0.53,49.47,Over,283.71,-125.79,9.71,No,,,,,,
N/A,9/26/2026,Sam Leavitt,Pass Yards,389.5,demon,https://static.prizepicks.com/images/players/NCAAFB/Sam_Leavitt_NCAAFB_player_lGQIS7Dg5zt1KqNfkYLl2FG4-450.webp,https://static.prizepicks.com/images/players/NCAAFB/Sam_Leavitt_NCAAFB_player_lGQIS7Dg5zt1KqNfkYLl2FG4-450.webp,57.81,57.81,50,50,240.29,240.61,54.32,54.66,49.84,50.16,-0.16,49.84,Over,240.96,-148.54,3.11,No,,,,,,
N/A,9/26/2026,Sam Leavitt,Pass Yards,379.5,demon,https://static.prizepicks.com/images/players/NCAAFB/Sam_Leavitt_NCAAFB_player_lGQIS7Dg5zt1KqNfkYLl2FG4-450.webp,https://static.prizepicks.com/images/players/NCAAFB/Sam_Leavitt_NCAAFB_player_lGQIS7Dg5zt1KqNfkYLl2FG4-450.webp,57.81,57.81,50,50,240.29,240.61,54.32,54.66,49.84,50.16,-0.16,49.84,Over,240.96,-138.54,4.09,No,,,,,,
N/A,9/26/2026,Marcel Reed,Pass+Rush Yds,369.5,demon,https://static.prizepicks.com/images/players/NCAAFB/Marcel_Reed_NCAAFB_player_FDpYQiPBfJXrMcu7RCP47XDy-450.webp,https://static.prizepicks.com/images/players/NCAAFB/Marcel_Reed_NCAAFB_player_FDpYQiPBfJXrMcu7RCP47XDy-450.webp,57.81,57.81,50,50,258.94,236.78,54.68,54.41,50.13,49.88,0.13,50.13,Over,237.51,-131.99,8.35,No,,,,,,
N/A,9/26/2026,Marcel Reed,Pass Yards,350.5,demon,https://static.prizepicks.com/images/players/NCAAFB/Marcel_Reed_NCAAFB_player_FDpYQiPBfJXrMcu7RCP47XDy-450.webp,https://static.prizepicks.com/images/players/NCAAFB/Marcel_Reed_NCAAFB_player_FDpYQiPBfJXrMcu7RCP47XDy-450.webp,57.81,57.81,50,50,209.64,209.4,54.56,54.3,50.12,49.88,0.12,50.12,Over,209.67,-140.83,3.91,No,,,,,,
N/A,9/26/2026,Sam Leavitt,Pass+Rush Yds,299.5,demon,https://static.prizepicks.com/images/players/NCAAFB/Sam_Leavitt_NCAAFB_player_lGQIS7Dg5zt1KqNfkYLl2FG4-450.webp,https://static.prizepicks.com/images/players/NCAAFB/Sam_Leavitt_NCAAFB_player_lGQIS7Dg5zt1KqNfkYLl2FG4-450.webp,57.81,57.81,50,50,305.63,282.99,54,55.13,49.47,50.53,-0.53,49.47,Over,283.71,-15.79,53.05,No,,,,,,
N/A,9/26/2026,Sam Leavitt,Pass+Rush Yds,288.5,goblin,https://static.prizepicks.com/images/players/NCAAFB/Sam_Leavitt_NCAAFB_player_lGQIS7Dg5zt1KqNfkYLl2FG4-450.webp,https://static.prizepicks.com/images/players/NCAAFB/Sam_Leavitt_NCAAFB_player_lGQIS7Dg5zt1KqNfkYLl2FG4-450.webp,57.81,57.81,50,50,305.63,282.99,54,55.13,49.47,50.53,-0.53,49.47,Over,283.71,-4.79,58.48,No,,,,,,
N/A,9/26/2026,Marcel Reed,Pass+Rush Yds,269.5,demon,https://static.prizepicks.com/images/players/NCAAFB/Marcel_Reed_NCAAFB_player_FDpYQiPBfJXrMcu7RCP47XDy-450.webp,https://static.prizepicks.com/images/players/NCAAFB/Marcel_Reed_NCAAFB_player_FDpYQiPBfJXrMcu7RCP47XDy-450.webp,57.81,57.81,50,50,258.94,236.78,54.68,54.41,50.13,49.88,0.13,50.13,Over,237.51,-31.99,44.75,No,,,,,,
N/A,9/26/2026,Sam Leavitt,Pass Yards,259.5,demon,https://static.prizepicks.com/images/players/NCAAFB/Sam_Leavitt_NCAAFB_player_lGQIS7Dg5zt1KqNfkYLl2FG4-450.webp,https://static.prizepicks.com/images/players/NCAAFB/Sam_Leavitt_NCAAFB_player_lGQIS7Dg5zt1KqNfkYLl2FG4-450.webp,57.81,57.81,50,50,240.29,240.61,54.32,54.66,49.84,50.16,-0.16,49.84,Over,240.96,-18.54,40.51,No,,,,,,
N/A,9/26/2026,Marcel Reed,Pass Yards,249.5,demon,https://static.prizepicks.com/images/players/NCAAFB/Marcel_Reed_NCAAFB_player_FDpYQiPBfJXrMcu7RCP47XDy-450.webp,https://static.prizepicks.com/images/players/NCAAFB/Marcel_Reed_NCAAFB_player_FDpYQiPBfJXrMcu7RCP47XDy-450.webp,57.81,57.81,50,50,209.64,209.4,54.56,54.3,50.12,49.88,0.12,50.12,Over,209.67,-39.83,30.92,No,,,,,,
N/A,9/26/2026,Marcel Reed,Pass+Rush Yds,249.5,goblin,https://static.prizepicks.com/images/players/NCAAFB/Marcel_Reed_NCAAFB_player_FDpYQiPBfJXrMcu7RCP47XDy-450.webp,https://static.prizepicks.com/images/players/NCAAFB/Marcel_Reed_NCAAFB_player_FDpYQiPBfJXrMcu7RCP47XDy-450.webp,57.81,57.81,50,50,258.94,236.78,54.68,54.41,50.13,49.88,0.13,50.13,Over,237.51,-11.99,54.7,No,,,,,,
N/A,9/26/2026,Marcel Reed,Pass+Rush Yds,245.5,standard,https://static.prizepicks.com/images/players/NCAAFB/Marcel_Reed_NCAAFB_player_FDpYQiPBfJXrMcu7RCP47XDy-450.webp,https://static.prizepicks.com/images/players/NCAAFB/Marcel_Reed_NCAAFB_player_FDpYQiPBfJXrMcu7RCP47XDy-450.webp,57.81,57.81,50,50,258.94,236.78,54.68,54.41,50.13,49.88,0.13,50.13,Over,237.51,-7.99,56.67,No,,,,,,
N/A,9/26/2026,Sam Leavitt,Pass Yards,239.5,goblin,https://static.prizepicks.com/images/players/NCAAFB/Sam_Leavitt_NCAAFB_player_lGQIS7Dg5zt1KqNfkYLl2FG4-450.webp,https://static.prizepicks.com/images/players/NCAAFB/Sam_Leavitt_NCAAFB_player_lGQIS7Dg5zt1KqNfkYLl2FG4-450.webp,57.81,57.81,50,50,240.29,240.61,54.32,54.66,49.84,50.16,-0.16,49.84,Over,240.96,1.46,50.39,Yes,,,,,,
N/A,9/26/2026,Sam Leavitt,Pass Yards,238.5,standard,https://static.prizepicks.com/images/players/NCAAFB/Sam_Leavitt_NCAAFB_player_lGQIS7Dg5zt1KqNfkYLl2FG4-450.webp,https://static.prizepicks.com/images/players/NCAAFB/Sam_Leavitt_NCAAFB_player_lGQIS7Dg5zt1KqNfkYLl2FG4-450.webp,57.81,57.81,50,50,240.29,240.61,54.32,54.66,49.84,50.16,-0.16,50.16,Under,240.96,2.46,49.11,No,,,,,,
N/A,9/26/2026,Marcel Reed,Pass Yards,224.5,demon,https://static.prizepicks.com/images/players/NCAAFB/Marcel_Reed_NCAAFB_player_FDpYQiPBfJXrMcu7RCP47XDy-450.webp,https://static.prizepicks.com/images/players/NCAAFB/Marcel_Reed_NCAAFB_player_FDpYQiPBfJXrMcu7RCP47XDy-450.webp,57.81,57.81,50,50,209.64,209.4,54.56,54.3,50.12,49.88,0.12,50.12,Over,209.67,-14.83,42.63,No,,,,,,
N/A,9/26/2026,Sam Leavitt,Pass+Rush Yds,219.5,goblin,https://static.prizepicks.com/images/players/NCAAFB/Sam_Leavitt_NCAAFB_player_lGQIS7Dg5zt1KqNfkYLl2FG4-450.webp,https://static.prizepicks.com/images/players/NCAAFB/Sam_Leavitt_NCAAFB_player_lGQIS7Dg5zt1KqNfkYLl2FG4-450.webp,57.81,57.81,50,50,305.63,282.99,54,55.13,49.47,50.53,-0.53,49.47,Over,283.71,64.21,85.92,Yes,,,,,,
N/A,9/26/2026,Marcel Reed,Pass Yards,210.5,standard,https://static.prizepicks.com/images/players/NCAAFB/Marcel_Reed_NCAAFB_player_FDpYQiPBfJXrMcu7RCP47XDy-450.webp,https://static.prizepicks.com/images/players/NCAAFB/Marcel_Reed_NCAAFB_player_FDpYQiPBfJXrMcu7RCP47XDy-450.webp,57.81,57.81,50,50,209.64,209.4,54.56,54.3,50.12,49.88,0.12,50.12,Over,209.67,-0.83,49.57,No,,,,,,
N/A,9/26/2026,Marcel Reed,Pass Yards,200.5,goblin,https://static.prizepicks.com/images/players/NCAAFB/Marcel_Reed_NCAAFB_player_FDpYQiPBfJXrMcu7RCP47XDy-450.webp,https://static.prizepicks.com/images/players/NCAAFB/Marcel_Reed_NCAAFB_player_FDpYQiPBfJXrMcu7RCP47XDy-450.webp,57.81,57.81,50,50,209.64,209.4,54.56,54.3,50.12,49.88,0.12,50.12,Over,209.67,9.17,54.55,Yes,,,,,,
N/A,9/26/2026,Sam Leavitt,Pass Yards,199.5,goblin,https://static.prizepicks.com/images/players/NCAAFB/Sam_Leavitt_NCAAFB_player_lGQIS7Dg5zt1KqNfkYLl2FG4-450.webp,https://static.prizepicks.com/images/players/NCAAFB/Sam_Leavitt_NCAAFB_player_lGQIS7Dg5zt1KqNfkYLl2FG4-450.webp,57.81,57.81,50,50,240.29,240.61,54.32,54.66,49.84,50.16,-0.16,49.84,Over,240.96,41.46,69.49,Yes,,,,,,
N/A,9/26/2026,Dilin Jones,Rush Yards,199.5,demon,https://static.prizepicks.com/images/players/NCAAFB/Dilin_Jones_NCAAFB_player_32kRPL9q6S7ACrKivStZD4MC-450.webp,https://static.prizepicks.com/images/players/NCAAFB/Dilin_Jones_NCAAFB_player_32kRPL9q6S7ACrKivStZD4MC-450.webp,57.81,57.81,50,50,97.32,96.5,55.33,53.95,50.65,49.35,0.65,50.65,Over,96.10,-103.4,2.05,No,,,,,,
N/A,9/26/2026,Sam Leavitt,Pass Yards,169.5,goblin,https://static.prizepicks.com/images/players/NCAAFB/Sam_Leavitt_NCAAFB_player_lGQIS7Dg5zt1KqNfkYLl2FG4-450.webp,https://static.prizepicks.com/images/players/NCAAFB/Sam_Leavitt_NCAAFB_player_lGQIS7Dg5zt1KqNfkYLl2FG4-450.webp,57.81,57.81,50,50,240.29,240.61,54.32,54.66,49.84,50.16,-0.16,49.84,Over,240.96,71.46,81.19,Yes,,,,,,
N/A,9/26/2026,Marcel Reed,Pass Yards,149.5,goblin,https://static.prizepicks.com/images/players/NCAAFB/Marcel_Reed_NCAAFB_player_FDpYQiPBfJXrMcu7RCP47XDy-450.webp,https://static.prizepicks.com/images/players/NCAAFB/Marcel_Reed_NCAAFB_player_FDpYQiPBfJXrMcu7RCP47XDy-450.webp,57.81,57.81,50,50,209.64,209.4,54.56,54.3,50.12,49.88,0.12,50.12,Over,209.67,60.17,77.39,Yes,,,,,,
N/A,9/26/2026,Mario Craver,Receiving Yards,144.5,demon,https://static.prizepicks.com/images/players/NCAAFB/Mario_Craver_NCAAFB_player_MBSqnHFfEtPET61cHynBucNs-450.webp,https://static.prizepicks.com/images/players/NCAAFB/Mario_Craver_NCAAFB_player_MBSqnHFfEtPET61cHynBucNs-450.webp,57.81,57.81,50,50,60.71,60.6,54.51,54.27,50.11,49.89,0.11,50.11,Over,60.44,-84.06,1.81,No,,,,,,
N/A,9/26/2026,Rueben Owens II,Rush Yards,143.5,demon,https://static.prizepicks.com/images/players/NCAAFB/Rueben_Owens_NCAAFB_player_6I3d1TJrZglYxyvUBEQtH15f-450.webp,https://static.prizepicks.com/images/players/NCAAFB/Rueben_Owens_NCAAFB_player_6I3d1TJrZglYxyvUBEQtH15f-450.webp,57.81,57.81,50,50,60.85,60.83,54.5,54.48,50.01,49.99,0.01,50.01,Over,60.92,-82.58,4.92,No,,,,,,
N/A,9/26/2026,Winston Watkins Jr.,Receiving Yards,139.5,demon,https://static.prizepicks.com/images/players/NCAAFB/Winston_Watkins_NCAAFB_player_hKNVs9P7UYFkec0IHYphfalr-450.webp,https://static.prizepicks.com/images/players/NCAAFB/Winston_Watkins_NCAAFB_player_hKNVs9P7UYFkec0IHYphfalr-450.webp,57.81,57.81,50,50,56.76,56.75,54.71,54.69,50.01,49.99,0.01,50.01,Over,56.83,-82.67,1.93,No,,,,,,
N/A,9/26/2026,Jackson Harris,Receiving Yards,122.5,demon,https://static.prizepicks.com/images/players/NCAAFB/Jackson_Harris_NCAAFB_player_r3nUTYzuQ3MNDVaWNQTyHcxm-450.webp,https://static.prizepicks.com/images/players/NCAAFB/Jackson_Harris_NCAAFB_player_r3nUTYzuQ3MNDVaWNQTyHcxm-450.webp,57.81,57.81,50,50,38.99,39.5,53.81,54.9,49.49,50.51,-0.51,49.49,Over,39.38,-83.12,1.84,No,,,,,,
N/A,9/26/2026,Sam Leavitt,Rush Yards,120.5,demon,https://static.prizepicks.com/images/players/NCAAFB/Sam_Leavitt_NCAAFB_player_lGQIS7Dg5zt1KqNfkYLl2FG4-450.webp,https://static.prizepicks.com/images/players/NCAAFB/Sam_Leavitt_NCAAFB_player_lGQIS7Dg5zt1KqNfkYLl2FG4-450.webp,57.81,57.81,50,50,41.87,42.38,53.68,55.61,49.09,50.91,-0.91,49.09,Over,42.75,-77.75,5.79,No,,,,,,
N/A,9/26/2026,Isaiah Horton,Receiving Yards,119.5,demon,https://static.prizepicks.com/images/players/NCAAFB/Isaiah_Horton_NCAAFB_player_2osH1XCcRPhcwS2SZDCFkkE7-450.webp,https://static.prizepicks.com/images/players/NCAAFB/Isaiah_Horton_NCAAFB_player_2osH1XCcRPhcwS2SZDCFkkE7-450.webp,57.81,57.81,50,50,48.79,48.7,54.5,54.3,50.09,49.91,0.09,50.09,Over,48.45,-71.05,3.86,No,,,,,,
N/A,9/26/2026,Eugene Wilson III,Receiving Yards,115.5,demon,https://static.prizepicks.com/images/players/NCAAFB/Eugene_Wilson_NCAAFB_player_YIaRBkHcy90j3WXhs0Q9XwrE-450.webp,https://static.prizepicks.com/images/players/NCAAFB/Eugene_Wilson_NCAAFB_player_YIaRBkHcy90j3WXhs0Q9XwrE-450.webp,57.81,57.81,50,50,36.08,36.2,54.27,54.53,49.88,50.12,-0.12,49.88,Over,36.51,-78.99,2.35,No,,,,,,
N/A,9/26/2026,Dilin Jones,Rush+Rec Yds,111.5,goblin,https://static.prizepicks.com/images/players/NCAAFB/Dilin_Jones_NCAAFB_player_32kRPL9q6S7ACrKivStZD4MC-450.webp,https://static.prizepicks.com/images/players/NCAAFB/Dilin_Jones_NCAAFB_player_32kRPL9q6S7ACrKivStZD4MC-450.webp,57.81,57.81,50,50,110.83,110.83,55.62,55.62,50,50,0,50,Over,107.41,-4.09,49.47,No,,,,,,
N/A,9/26/2026,Dilin Jones,Rush Yards,109.5,demon,https://static.prizepicks.com/images/players/NCAAFB/Dilin_Jones_NCAAFB_player_32kRPL9q6S7ACrKivStZD4MC-450.webp,https://static.prizepicks.com/images/players/NCAAFB/Dilin_Jones_NCAAFB_player_32kRPL9q6S7ACrKivStZD4MC-450.webp,57.81,57.81,50,50,97.32,96.5,55.33,53.95,50.65,49.35,0.65,50.65,Over,96.10,-13.4,40.38,No,,,,,,
N/A,9/26/2026,Dilin Jones,Rush+Rec Yds,109.5,standard,https://static.prizepicks.com/images/players/NCAAFB/Dilin_Jones_NCAAFB_player_32kRPL9q6S7ACrKivStZD4MC-450.webp,https://static.prizepicks.com/images/players/NCAAFB/Dilin_Jones_NCAAFB_player_32kRPL9q6S7ACrKivStZD4MC-450.webp,57.81,57.81,50,50,110.83,110.83,55.62,55.62,50,50,0,50,Under,107.41,-2.09,48.94,Yes,,,,,,
N/A,9/26/2026,Dilin Jones,Rush Yards,99.5,demon,https://static.prizepicks.com/images/players/NCAAFB/Dilin_Jones_NCAAFB_player_32kRPL9q6S7ACrKivStZD4MC-450.webp,https://static.prizepicks.com/images/players/NCAAFB/Dilin_Jones_NCAAFB_player_32kRPL9q6S7ACrKivStZD4MC-450.webp,57.81,57.81,50,50,97.32,96.5,55.33,53.95,50.65,49.35,0.65,50.65,Over,96.10,-3.4,48.26,No,,,,,,
N/A,9/26/2026,Jayce Brown,Receiving Yards,99.5,demon,https://static.prizepicks.com/images/players/NCAAFB/Jayce_Brown_NCAAFB_player_MwXj9d4FVdx6T6f8MvtWpftI-450.webp,https://static.prizepicks.com/images/players/NCAAFB/Jayce_Brown_NCAAFB_player_MwXj9d4FVdx6T6f8MvtWpftI-450.webp,57.81,57.81,50,50,22.71,22.5,55.16,54.7,50.22,49.78,0.22,50.22,Over,23.76,-75.74,2.74,No,,,,,,
N/A,9/26/2026,Dilin Jones,Rush Yards,96.5,standard,https://static.prizepicks.com/images/players/NCAAFB/Dilin_Jones_NCAAFB_player_32kRPL9q6S7ACrKivStZD4MC-450.webp,https://static.prizepicks.com/images/players/NCAAFB/Dilin_Jones_NCAAFB_player_32kRPL9q6S7ACrKivStZD4MC-450.webp,57.81,57.81,50,50,97.32,96.5,55.33,53.95,50.65,49.35,0.65,50.65,Over,96.10,-0.4,50.65,No,,,,,,
N/A,9/26/2026,Dilin Jones,Rush Yards,89.5,goblin,https://static.prizepicks.com/images/players/NCAAFB/Dilin_Jones_NCAAFB_player_32kRPL9q6S7ACrKivStZD4MC-450.webp,https://static.prizepicks.com/images/players/NCAAFB/Dilin_Jones_NCAAFB_player_32kRPL9q6S7ACrKivStZD4MC-450.webp,57.81,57.81,50,50,97.32,96.5,55.33,53.95,50.65,49.35,0.65,50.65,Over,96.10,6.6,56.21,Yes,,,,,,
N/A,9/26/2026,Rueben Owens II,Rush+Rec Yds,80.5,standard,https://static.prizepicks.com/images/players/NCAAFB/Rueben_Owens_NCAAFB_player_6I3d1TJrZglYxyvUBEQtH15f-450.webp,https://static.prizepicks.com/images/players/NCAAFB/Rueben_Owens_NCAAFB_player_6I3d1TJrZglYxyvUBEQtH15f-450.webp,57.81,57.81,50,50,80.5,80.5,55.62,55.62,50,50,0,50,Under,76.56,-3.94,50,Yes,,,,,,
N/A,9/26/2026,Mario Craver,Receiving Yards,79.5,demon,https://static.prizepicks.com/images/players/NCAAFB/Mario_Craver_NCAAFB_player_MBSqnHFfEtPET61cHynBucNs-450.webp,https://static.prizepicks.com/images/players/NCAAFB/Mario_Craver_NCAAFB_player_MBSqnHFfEtPET61cHynBucNs-450.webp,57.81,57.81,50,50,60.71,60.6,54.51,54.27,50.11,49.89,0.11,50.11,Over,60.44,-19.06,31.93,No,,,,,,
N/A,9/26/2026,Rueben Owens II,Rush Yards,79.5,demon,https://static.prizepicks.com/images/players/NCAAFB/Rueben_Owens_NCAAFB_player_6I3d1TJrZglYxyvUBEQtH15f-450.webp,https://static.prizepicks.com/images/players/NCAAFB/Rueben_Owens_NCAAFB_player_6I3d1TJrZglYxyvUBEQtH15f-450.webp,57.81,57.81,50,50,60.85,60.83,54.5,54.48,50.01,49.99,0.01,50.01,Over,60.92,-18.58,35.46,No,,,,,,
N/A,9/26/2026,Winston Watkins Jr.,Receiving Yards,79.5,demon,https://static.prizepicks.com/images/players/NCAAFB/Winston_Watkins_NCAAFB_player_hKNVs9P7UYFkec0IHYphfalr-450.webp,https://static.prizepicks.com/images/players/NCAAFB/Winston_Watkins_NCAAFB_player_hKNVs9P7UYFkec0IHYphfalr-450.webp,57.81,57.81,50,50,56.76,56.75,54.71,54.69,50.01,49.99,0.01,50.01,Over,56.83,-22.67,28.48,No,,,,,,
N/A,9/26/2026,Marcel Reed,Rush Yards,79.5,demon,https://static.prizepicks.com/images/players/NCAAFB/Marcel_Reed_NCAAFB_player_FDpYQiPBfJXrMcu7RCP47XDy-450.webp,https://static.prizepicks.com/images/players/NCAAFB/Marcel_Reed_NCAAFB_player_FDpYQiPBfJXrMcu7RCP47XDy-450.webp,57.81,57.81,50,50,27.54,27.38,54.8,54.52,50.13,49.87,0.13,50.13,Over,27.84,-51.66,14.94,No,,,,,,
N/A,9/26/2026,Isaiah Horton,Receiving Yards,69.5,demon,https://static.prizepicks.com/images/players/NCAAFB/Isaiah_Horton_NCAAFB_player_2osH1XCcRPhcwS2SZDCFkkE7-450.webp,https://static.prizepicks.com/images/players/NCAAFB/Isaiah_Horton_NCAAFB_player_2osH1XCcRPhcwS2SZDCFkkE7-450.webp,57.81,57.81,50,50,48.79,48.7,54.5,54.3,50.09,49.91,0.09,50.09,Over,48.45,-21.05,30.23,No,,,,,,
N/A,9/26/2026,Mario Craver,Receiving Yards,69.5,demon,https://static.prizepicks.com/images/players/NCAAFB/Mario_Craver_NCAAFB_player_MBSqnHFfEtPET61cHynBucNs-450.webp,https://static.prizepicks.com/images/players/NCAAFB/Mario_Craver_NCAAFB_player_MBSqnHFfEtPET61cHynBucNs-450.webp,57.81,57.81,50,50,60.71,60.6,54.51,54.27,50.11,49.89,0.11,50.11,Over,60.44,-9.06,41.3,No,,,,,,
N/A,9/26/2026,Winston Watkins Jr.,Receiving Yards,69.5,demon,https://static.prizepicks.com/images/players/NCAAFB/Winston_Watkins_NCAAFB_player_hKNVs9P7UYFkec0IHYphfalr-450.webp,https://static.prizepicks.com/images/players/NCAAFB/Winston_Watkins_NCAAFB_player_hKNVs9P7UYFkec0IHYphfalr-450.webp,57.81,57.81,50,50,56.76,56.75,54.71,54.69,50.01,49.99,0.01,50.01,Over,56.83,-12.67,37.51,No,,,,,,
N/A,9/26/2026,Rueben Owens II,Rush Yards,69.5,demon,https://static.prizepicks.com/images/players/NCAAFB/Rueben_Owens_NCAAFB_player_6I3d1TJrZglYxyvUBEQtH15f-450.webp,https://static.prizepicks.com/images/players/NCAAFB/Rueben_Owens_NCAAFB_player_6I3d1TJrZglYxyvUBEQtH15f-450.webp,57.81,57.81,50,50,60.85,60.83,54.5,54.48,50.01,49.99,0.01,50.01,Over,60.92,-8.58,43.13,No,,,,,,
N/A,9/26/2026,Rueben Owens II,Rush Yards,63.5,standard,https://static.prizepicks.com/images/players/NCAAFB/Rueben_Owens_NCAAFB_player_6I3d1TJrZglYxyvUBEQtH15f-450.webp,https://static.prizepicks.com/images/players/NCAAFB/Rueben_Owens_NCAAFB_player_6I3d1TJrZglYxyvUBEQtH15f-450.webp,57.81,57.81,50,50,60.85,60.83,54.5,54.48,50.01,49.99,0.01,50.01,Over,60.92,-2.58,47.89,No,,,,,,
N/A,9/26/2026,Mario Craver,Receiving Yards,62.5,standard,https://static.prizepicks.com/images/players/NCAAFB/Mario_Craver_NCAAFB_player_MBSqnHFfEtPET61cHynBucNs-450.webp,https://static.prizepicks.com/images/players/NCAAFB/Mario_Craver_NCAAFB_player_MBSqnHFfEtPET61cHynBucNs-450.webp,57.81,57.81,50,50,60.71,60.6,54.51,54.27,50.11,49.89,0.11,50.11,Over,60.44,-2.06,48.22,No,,,,,,
N/A,9/26/2026,Dilin Jones,Rush Yards,59.5,goblin,https://static.prizepicks.com/images/players/NCAAFB/Dilin_Jones_NCAAFB_player_32kRPL9q6S7ACrKivStZD4MC-450.webp,https://static.prizepicks.com/images/players/NCAAFB/Dilin_Jones_NCAAFB_player_32kRPL9q6S7ACrKivStZD4MC-450.webp,57.81,57.81,50,50,97.32,96.5,55.33,53.95,50.65,49.35,0.65,50.65,Over,96.10,36.6,77.53,Yes,,,,,,
N/A,9/26/2026,Eugene Wilson III,Receiving Yards,59.5,demon,https://static.prizepicks.com/images/players/NCAAFB/Eugene_Wilson_NCAAFB_player_YIaRBkHcy90j3WXhs0Q9XwrE-450.webp,https://static.prizepicks.com/images/players/NCAAFB/Eugene_Wilson_NCAAFB_player_YIaRBkHcy90j3WXhs0Q9XwrE-450.webp,57.81,57.81,50,50,36.08,36.2,54.27,54.53,49.88,50.12,-0.12,49.88,Over,36.51,-22.99,27.91,No,,,,,,
N/A,9/26/2026,Isaiah Horton,Receiving Yards,59.5,demon,https://static.prizepicks.com/images/players/NCAAFB/Isaiah_Horton_NCAAFB_player_2osH1XCcRPhcwS2SZDCFkkE7-450.webp,https://static.prizepicks.com/images/players/NCAAFB/Isaiah_Horton_NCAAFB_player_2osH1XCcRPhcwS2SZDCFkkE7-450.webp,57.81,57.81,50,50,48.79,48.7,54.5,54.3,50.09,49.91,0.09,50.09,Over,48.45,-11.05,39.44,No,,,,,,
N/A,9/26/2026,Winston Watkins Jr.,Receiving Yards,59.5,standard,https://static.prizepicks.com/images/players/NCAAFB/Winston_Watkins_NCAAFB_player_hKNVs9P7UYFkec0IHYphfalr-450.webp,https://static.prizepicks.com/images/players/NCAAFB/Winston_Watkins_NCAAFB_player_hKNVs9P7UYFkec0IHYphfalr-450.webp,57.81,57.81,50,50,56.76,56.75,54.71,54.69,50.01,49.99,0.01,50.01,Over,56.83,-2.67,47.27,No,,,,,,
N/A,9/26/2026,Rueben Owens II,Rush Yards,53.5,goblin,https://static.prizepicks.com/images/players/NCAAFB/Rueben_Owens_NCAAFB_player_6I3d1TJrZglYxyvUBEQtH15f-450.webp,https://static.prizepicks.com/images/players/NCAAFB/Rueben_Owens_NCAAFB_player_6I3d1TJrZglYxyvUBEQtH15f-450.webp,57.81,57.81,50,50,60.85,60.83,54.5,54.48,50.01,49.99,0.01,50.01,Over,60.92,7.42,55.84,Yes,,,,,,
N/A,9/26/2026,Sam Leavitt,Rush Yards,49.5,demon,https://static.prizepicks.com/images/players/NCAAFB/Sam_Leavitt_NCAAFB_player_lGQIS7Dg5zt1KqNfkYLl2FG4-450.webp,https://static.prizepicks.com/images/players/NCAAFB/Sam_Leavitt_NCAAFB_player_lGQIS7Dg5zt1KqNfkYLl2FG4-450.webp,57.81,57.81,50,50,41.87,42.38,53.68,55.61,49.09,50.91,-0.91,49.09,Over,42.75,-6.75,43.94,No,,,,,,
N/A,9/26/2026,Winston Watkins Jr.,Receiving Yards,49.5,goblin,https://static.prizepicks.com/images/players/NCAAFB/Winston_Watkins_NCAAFB_player_hKNVs9P7UYFkec0IHYphfalr-450.webp,https://static.prizepicks.com/images/players/NCAAFB/Winston_Watkins_NCAAFB_player_hKNVs9P7UYFkec0IHYphfalr-450.webp,57.81,57.81,50,50,56.76,56.75,54.71,54.69,50.01,49.99,0.01,50.01,Over,56.83,7.33,57.2,Yes,,,,,,
N/A,9/26/2026,Mario Craver,Receiving Yards,49.5,goblin,https://static.prizepicks.com/images/players/NCAAFB/Mario_Craver_NCAAFB_player_MBSqnHFfEtPET61cHynBucNs-450.webp,https://static.prizepicks.com/images/players/NCAAFB/Mario_Craver_NCAAFB_player_MBSqnHFfEtPET61cHynBucNs-450.webp,57.81,57.81,50,50,60.71,60.6,54.51,54.27,50.11,49.89,0.11,50.11,Over,60.44,10.94,61.04,Yes,,,,,,
N/A,9/26/2026,Isaiah Horton,Receiving Yards,47.5,standard,https://static.prizepicks.com/images/players/NCAAFB/Isaiah_Horton_NCAAFB_player_2osH1XCcRPhcwS2SZDCFkkE7-450.webp,https://static.prizepicks.com/images/players/NCAAFB/Isaiah_Horton_NCAAFB_player_2osH1XCcRPhcwS2SZDCFkkE7-450.webp,57.81,57.81,50,50,48.79,48.7,54.5,54.3,50.09,49.91,0.09,50.09,Over,48.45,0.95,51.29,Yes,,,,,,
N/A,9/26/2026,Eugene Wilson III,Receiving Yards,45.5,demon,https://static.prizepicks.com/images/players/NCAAFB/Eugene_Wilson_NCAAFB_player_YIaRBkHcy90j3WXhs0Q9XwrE-450.webp,https://static.prizepicks.com/images/players/NCAAFB/Eugene_Wilson_NCAAFB_player_YIaRBkHcy90j3WXhs0Q9XwrE-450.webp,57.81,57.81,50,50,36.08,36.2,54.27,54.53,49.88,50.12,-0.12,49.88,Over,36.51,-8.99,40.69,No,,,,,,
N/A,9/26/2026,Jackson Harris,Receiving Yards,44.5,demon,https://static.prizepicks.com/images/players/NCAAFB/Jackson_Harris_NCAAFB_player_r3nUTYzuQ3MNDVaWNQTyHcxm-450.webp,https://static.prizepicks.com/images/players/NCAAFB/Jackson_Harris_NCAAFB_player_r3nUTYzuQ3MNDVaWNQTyHcxm-450.webp,57.81,57.81,50,50,38.99,39.5,53.81,54.9,49.49,50.51,-0.51,49.49,Over,39.38,-5.12,44.52,No,,,,,,
N/A,9/26/2026,Sam Leavitt,Longest Completion,44.5,demon,https://static.prizepicks.com/images/players/NCAAFB/Sam_Leavitt_NCAAFB_player_lGQIS7Dg5zt1KqNfkYLl2FG4-450.webp,https://static.prizepicks.com/images/players/NCAAFB/Sam_Leavitt_NCAAFB_player_lGQIS7Dg5zt1KqNfkYLl2FG4-450.webp,57.81,57.81,50,50,44.5,,,,,,,,,,,50,,,,,,,
N/A,9/26/2026,Sam Leavitt,Rush Yards,44.5,demon,https://static.prizepicks.com/images/players/NCAAFB/Sam_Leavitt_NCAAFB_player_lGQIS7Dg5zt1KqNfkYLl2FG4-450.webp,https://static.prizepicks.com/images/players/NCAAFB/Sam_Leavitt_NCAAFB_player_lGQIS7Dg5zt1KqNfkYLl2FG4-450.webp,57.81,57.81,50,50,41.87,42.38,53.68,55.61,49.09,50.91,-0.91,49.09,Over,42.75,-1.75,47.9,No,,,,,,
N/A,9/26/2026,Marcel Reed,Pass Attempts,41.5,demon,https://static.prizepicks.com/images/players/NCAAFB/Marcel_Reed_NCAAFB_player_FDpYQiPBfJXrMcu7RCP47XDy-450.webp,https://static.prizepicks.com/images/players/NCAAFB/Marcel_Reed_NCAAFB_player_FDpYQiPBfJXrMcu7RCP47XDy-450.webp,57.81,57.81,50,50,31.58,31.5,54.91,56.29,49.37,50.63,-0.63,49.37,Over,31.39,-10.11,4.35,No,,,,,,
N/A,9/26/2026,Isaiah Horton,Receiving Yards,39.5,goblin,https://static.prizepicks.com/images/players/NCAAFB/Isaiah_Horton_NCAAFB_player_2osH1XCcRPhcwS2SZDCFkkE7-450.webp,https://static.prizepicks.com/images/players/NCAAFB/Isaiah_Horton_NCAAFB_player_2osH1XCcRPhcwS2SZDCFkkE7-450.webp,57.81,57.81,50,50,48.79,48.7,54.5,54.3,50.09,49.91,0.09,50.09,Over,48.45,8.95,59.18,Yes,,,,,,
N/A,9/26/2026,Marcel Reed,Rush Yards,39.5,demon,https://static.prizepicks.com/images/players/NCAAFB/Marcel_Reed_NCAAFB_player_FDpYQiPBfJXrMcu7RCP47XDy-450.webp,https://static.prizepicks.com/images/players/NCAAFB/Marcel_Reed_NCAAFB_player_FDpYQiPBfJXrMcu7RCP47XDy-450.webp,57.81,57.81,50,50,27.54,27.38,54.8,54.52,50.13,49.87,0.13,50.13,Over,27.84,-11.66,40.55,No,,,,,,
N/A,9/26/2026,Mario Craver,Receiving Yards,39.5,goblin,https://static.prizepicks.com/images/players/NCAAFB/Mario_Craver_NCAAFB_player_MBSqnHFfEtPET61cHynBucNs-450.webp,https://static.prizepicks.com/images/players/NCAAFB/Mario_Craver_NCAAFB_player_MBSqnHFfEtPET61cHynBucNs-450.webp,57.81,57.81,50,50,60.71,60.6,54.51,54.27,50.11,49.89,0.11,50.11,Over,60.44,20.94,70.2,Yes,,,,,,
N/A,9/26/2026,Rueben Owens II,Rush Yards,39.5,goblin,https://static.prizepicks.com/images/players/NCAAFB/Rueben_Owens_NCAAFB_player_6I3d1TJrZglYxyvUBEQtH15f-450.webp,https://static.prizepicks.com/images/players/NCAAFB/Rueben_Owens_NCAAFB_player_6I3d1TJrZglYxyvUBEQtH15f-450.webp,57.81,57.81,50,50,60.85,60.83,54.5,54.48,50.01,49.99,0.01,50.01,Over,60.92,21.42,66.53,Yes,,,,,,
N/A,9/26/2026,Sam Leavitt,Rush Yards,39.5,standard,https://static.prizepicks.com/images/players/NCAAFB/Sam_Leavitt_NCAAFB_player_lGQIS7Dg5zt1KqNfkYLl2FG4-450.webp,https://static.prizepicks.com/images/players/NCAAFB/Sam_Leavitt_NCAAFB_player_lGQIS7Dg5zt1KqNfkYLl2FG4-450.webp,57.81,57.81,50,50,41.87,42.38,53.68,55.61,49.09,50.91,-0.91,50.91,Under,42.75,3.25,48.11,No,,,,,,
N/A,9/26/2026,Winston Watkins Jr.,Receiving Yards,39.5,goblin,https://static.prizepicks.com/images/players/NCAAFB/Winston_Watkins_NCAAFB_player_hKNVs9P7UYFkec0IHYphfalr-450.webp,https://static.prizepicks.com/images/players/NCAAFB/Winston_Watkins_NCAAFB_player_hKNVs9P7UYFkec0IHYphfalr-450.webp,57.81,57.81,50,50,56.76,56.75,54.71,54.69,50.01,49.99,0.01,50.01,Over,56.83,17.33,66.69,Yes,,,,,,
N/A,9/26/2026,Sam Leavitt,Pass Attempts,39.5,demon,https://static.prizepicks.com/images/players/NCAAFB/Sam_Leavitt_NCAAFB_player_lGQIS7Dg5zt1KqNfkYLl2FG4-450.webp,https://static.prizepicks.com/images/players/NCAAFB/Sam_Leavitt_NCAAFB_player_lGQIS7Dg5zt1KqNfkYLl2FG4-450.webp,57.81,57.81,50,50,29.67,29.5,55.62,55.62,50,50,0,50,Over,28.95,-10.55,4.04,No,,,,,,
N/A,9/26/2026,Rueben Owens II,Receiving Yards,39.5,demon,https://static.prizepicks.com/images/players/NCAAFB/Rueben_Owens_NCAAFB_player_6I3d1TJrZglYxyvUBEQtH15f-450.webp,https://static.prizepicks.com/images/players/NCAAFB/Rueben_Owens_NCAAFB_player_6I3d1TJrZglYxyvUBEQtH15f-450.webp,57.81,57.81,50,50,12.35,11.72,55.13,53.81,50.62,49.38,0.62,50.62,Over,11.66,-27.84,24.86,No,,,,,,
N/A,9/26/2026,Jayce Brown,Receiving Yards,39.5,demon,https://static.prizepicks.com/images/players/NCAAFB/Jayce_Brown_NCAAFB_player_MwXj9d4FVdx6T6f8MvtWpftI-450.webp,https://static.prizepicks.com/images/players/NCAAFB/Jayce_Brown_NCAAFB_player_MwXj9d4FVdx6T6f8MvtWpftI-450.webp,57.81,57.81,50,50,22.71,22.5,55.16,54.7,50.22,49.78,0.22,50.22,Over,23.76,-15.74,33.73,No,,,,,,
N/A,9/26/2026,Dilin Jones,Receiving Yards,39.5,demon,https://static.prizepicks.com/images/players/NCAAFB/Dilin_Jones_NCAAFB_player_32kRPL9q6S7ACrKivStZD4MC-450.webp,https://static.prizepicks.com/images/players/NCAAFB/Dilin_Jones_NCAAFB_player_32kRPL9q6S7ACrKivStZD4MC-450.webp,57.81,57.81,50,50,9.66,9.5,54.54,54.18,50.16,49.84,0.16,50.16,Over,8.88,-30.62,22.78,No,,,,,,
N/A,9/26/2026,Marcel Reed,Longest Completion,38.5,standard,https://static.prizepicks.com/images/players/NCAAFB/Marcel_Reed_NCAAFB_player_FDpYQiPBfJXrMcu7RCP47XDy-450.webp,https://static.prizepicks.com/images/players/NCAAFB/Marcel_Reed_NCAAFB_player_FDpYQiPBfJXrMcu7RCP47XDy-450.webp,57.81,57.81,50,50,38.5,,,,,,,,,,,50,,,,,,,
N/A,9/26/2026,Eugene Wilson III,Receiving Yards,37.5,standard,https://static.prizepicks.com/images/players/NCAAFB/Eugene_Wilson_NCAAFB_player_YIaRBkHcy90j3WXhs0Q9XwrE-450.webp,https://static.prizepicks.com/images/players/NCAAFB/Eugene_Wilson_NCAAFB_player_YIaRBkHcy90j3WXhs0Q9XwrE-450.webp,57.81,57.81,50,50,36.08,36.2,54.27,54.53,49.88,50.12,-0.12,50.12,Under,36.51,-0.99,51.42,Yes,,,,,,
N/A,9/26/2026,Jackson Harris,Receiving Yards,37.5,standard,https://static.prizepicks.com/images/players/NCAAFB/Jackson_Harris_NCAAFB_player_r3nUTYzuQ3MNDVaWNQTyHcxm-450.webp,https://static.prizepicks.com/images/players/NCAAFB/Jackson_Harris_NCAAFB_player_r3nUTYzuQ3MNDVaWNQTyHcxm-450.webp,57.81,57.81,50,50,38.99,39.5,53.81,54.9,49.49,50.51,-0.51,50.51,Under,39.38,1.88,48.51,No,,,,,,
N/A,9/26/2026,Marcel Reed,Pass Attempts,35.5,demon,https://static.prizepicks.com/images/players/NCAAFB/Marcel_Reed_NCAAFB_player_FDpYQiPBfJXrMcu7RCP47XDy-450.webp,https://static.prizepicks.com/images/players/NCAAFB/Marcel_Reed_NCAAFB_player_FDpYQiPBfJXrMcu7RCP47XDy-450.webp,57.81,57.81,50,50,31.58,31.5,54.91,56.29,49.37,50.63,-0.63,49.37,Over,31.39,-4.11,23.79,No,,,,,,
N/A,9/26/2026,Rueben Owens II,Rush Yards,34.5,goblin,https://static.prizepicks.com/images/players/NCAAFB/Rueben_Owens_NCAAFB_player_6I3d1TJrZglYxyvUBEQtH15f-450.webp,https://static.prizepicks.com/images/players/NCAAFB/Rueben_Owens_NCAAFB_player_6I3d1TJrZglYxyvUBEQtH15f-450.webp,57.81,57.81,50,50,60.85,60.83,54.5,54.48,50.01,49.99,0.01,50.01,Over,60.92,26.42,70.09,Yes,,,,,,
N/A,9/26/2026,Sam Leavitt,Rush Yards,34.5,goblin,https://static.prizepicks.com/images/players/NCAAFB/Sam_Leavitt_NCAAFB_player_lGQIS7Dg5zt1KqNfkYLl2FG4-450.webp,https://static.prizepicks.com/images/players/NCAAFB/Sam_Leavitt_NCAAFB_player_lGQIS7Dg5zt1KqNfkYLl2FG4-450.webp,57.81,57.81,50,50,41.87,42.38,53.68,55.61,49.09,50.91,-0.91,49.09,Over,42.75,8.25,55.86,Yes,,,,,,
N/A,9/26/2026,Jackson Harris,Receiving Yards,32.5,goblin,https://static.prizepicks.com/images/players/NCAAFB/Jackson_Harris_NCAAFB_player_r3nUTYzuQ3MNDVaWNQTyHcxm-450.webp,https://static.prizepicks.com/images/players/NCAAFB/Jackson_Harris_NCAAFB_player_r3nUTYzuQ3MNDVaWNQTyHcxm-450.webp,57.81,57.81,50,50,38.99,39.5,53.81,54.9,49.49,50.51,-0.51,49.49,Over,39.38,6.88,56.44,Yes,,,,,,
N/A,9/26/2026,Marcel Reed,Pass Attempts,31.5,standard,https://static.prizepicks.com/images/players/NCAAFB/Marcel_Reed_NCAAFB_player_FDpYQiPBfJXrMcu7RCP47XDy-450.webp,https://static.prizepicks.com/images/players/NCAAFB/Marcel_Reed_NCAAFB_player_FDpYQiPBfJXrMcu7RCP47XDy-450.webp,57.81,57.81,50,50,31.58,31.5,54.91,56.29,49.37,50.63,-0.63,50.63,Under,31.39,-0.11,50.62,Yes,,,,,,
N/A,9/26/2026,Sam Leavitt,Pass Attempts,31.5,demon,https://static.prizepicks.com/images/players/NCAAFB/Sam_Leavitt_NCAAFB_player_lGQIS7Dg5zt1KqNfkYLl2FG4-450.webp,https://static.prizepicks.com/images/players/NCAAFB/Sam_Leavitt_NCAAFB_player_lGQIS7Dg5zt1KqNfkYLl2FG4-450.webp,57.81,57.81,50,50,29.67,29.5,55.62,55.62,50,50,0,50,Over,28.95,-2.55,35.83,No,,,,,,
N/A,9/26/2026,Dilin Jones,Receiving Yards,29.5,demon,https://static.prizepicks.com/images/players/NCAAFB/Dilin_Jones_NCAAFB_player_32kRPL9q6S7ACrKivStZD4MC-450.webp,https://static.prizepicks.com/images/players/NCAAFB/Dilin_Jones_NCAAFB_player_32kRPL9q6S7ACrKivStZD4MC-450.webp,57.81,57.81,50,50,9.66,9.5,54.54,54.18,50.16,49.84,0.16,50.16,Over,8.88,-20.62,30.99,No,,,,,,
N/A,9/26/2026,Eugene Wilson III,Receiving Yards,29.5,goblin,https://static.prizepicks.com/images/players/NCAAFB/Eugene_Wilson_NCAAFB_player_YIaRBkHcy90j3WXhs0Q9XwrE-450.webp,https://static.prizepicks.com/images/players/NCAAFB/Eugene_Wilson_NCAAFB_player_YIaRBkHcy90j3WXhs0Q9XwrE-450.webp,57.81,57.81,50,50,36.08,36.2,54.27,54.53,49.88,50.12,-0.12,49.88,Over,36.51,7.01,56.53,Yes,,,,,,
N/A,9/26/2026,Isaiah Horton,Receiving Yards,29.5,goblin,https://static.prizepicks.com/images/players/NCAAFB/Isaiah_Horton_NCAAFB_player_2osH1XCcRPhcwS2SZDCFkkE7-450.webp,https://static.prizepicks.com/images/players/NCAAFB/Isaiah_Horton_NCAAFB_player_2osH1XCcRPhcwS2SZDCFkkE7-450.webp,57.81,57.81,50,50,48.79,48.7,54.5,54.3,50.09,49.91,0.09,50.09,Over,48.45,18.95,68.52,Yes,,,,,,
N/A,9/26/2026,Marcel Reed,Rush Yards,29.5,standard,https://static.prizepicks.com/images/players/NCAAFB/Marcel_Reed_NCAAFB_player_FDpYQiPBfJXrMcu7RCP47XDy-450.webp,https://static.prizepicks.com/images/players/NCAAFB/Marcel_Reed_NCAAFB_player_FDpYQiPBfJXrMcu7RCP47XDy-450.webp,57.81,57.81,50,50,27.54,27.38,54.8,54.52,50.13,49.87,0.13,50.13,Over,27.84,-1.66,48.44,No,,,,,,
N/A,9/26/2026,Mario Craver,Receiving Yards,29.5,goblin,https://static.prizepicks.com/images/players/NCAAFB/Mario_Craver_NCAAFB_player_MBSqnHFfEtPET61cHynBucNs-450.webp,https://static.prizepicks.com/images/players/NCAAFB/Mario_Craver_NCAAFB_player_MBSqnHFfEtPET61cHynBucNs-450.webp,57.81,57.81,50,50,60.71,60.6,54.51,54.27,50.11,49.89,0.11,50.11,Over,60.44,30.94,78.24,Yes,,,,,,
N/A,9/26/2026,Sam Leavitt,Rush Yards,29.5,goblin,https://static.prizepicks.com/images/players/NCAAFB/Sam_Leavitt_NCAAFB_player_lGQIS7Dg5zt1KqNfkYLl2FG4-450.webp,https://static.prizepicks.com/images/players/NCAAFB/Sam_Leavitt_NCAAFB_player_lGQIS7Dg5zt1KqNfkYLl2FG4-450.webp,57.81,57.81,50,50,41.87,42.38,53.68,55.61,49.09,50.91,-0.91,49.09,Over,42.75,13.25,59.77,Yes,,,,,,
N/A,9/26/2026,Winston Watkins Jr.,Receiving Yards,29.5,goblin,https://static.prizepicks.com/images/players/NCAAFB/Winston_Watkins_NCAAFB_player_hKNVs9P7UYFkec0IHYphfalr-450.webp,https://static.prizepicks.com/images/players/NCAAFB/Winston_Watkins_NCAAFB_player_hKNVs9P7UYFkec0IHYphfalr-450.webp,57.81,57.81,50,50,56.76,56.75,54.71,54.69,50.01,49.99,0.01,50.01,Over,56.83,27.33,75.22,Yes,,,,,,
N/A,9/26/2026,Marcel Reed,Pass Attempts,29.5,goblin,https://static.prizepicks.com/images/players/NCAAFB/Marcel_Reed_NCAAFB_player_FDpYQiPBfJXrMcu7RCP47XDy-450.webp,https://static.prizepicks.com/images/players/NCAAFB/Marcel_Reed_NCAAFB_player_FDpYQiPBfJXrMcu7RCP47XDy-450.webp,57.81,57.81,50,50,31.58,31.5,54.91,56.29,49.37,50.63,-0.63,49.37,Over,31.39,1.89,63.47,Yes,,,,,,
N/A,9/26/2026,Sam Leavitt,Pass Attempts,29.5,standard,https://static.prizepicks.com/images/players/NCAAFB/Sam_Leavitt_NCAAFB_player_lGQIS7Dg5zt1KqNfkYLl2FG4-450.webp,https://static.prizepicks.com/images/players/NCAAFB/Sam_Leavitt_NCAAFB_player_lGQIS7Dg5zt1KqNfkYLl2FG4-450.webp,57.81,57.81,50,50,29.67,29.5,55.62,55.62,50,50,0,50,Under,28.95,-0.55,49.98,Yes,,,,,,
N/A,9/26/2026,Jackson Harris,Receiving Yards,29.5,goblin,https://static.prizepicks.com/images/players/NCAAFB/Jackson_Harris_NCAAFB_player_r3nUTYzuQ3MNDVaWNQTyHcxm-450.webp,https://static.prizepicks.com/images/players/NCAAFB/Jackson_Harris_NCAAFB_player_r3nUTYzuQ3MNDVaWNQTyHcxm-450.webp,57.81,57.81,50,50,38.99,39.5,53.81,54.9,49.49,50.51,-0.51,49.49,Over,39.38,9.88,59.38,Yes,,,,,,
N/A,9/26/2026,Jayce Brown,Receiving Yards,29.5,demon,https://static.prizepicks.com/images/players/NCAAFB/Jayce_Brown_NCAAFB_player_MwXj9d4FVdx6T6f8MvtWpftI-450.webp,https://static.prizepicks.com/images/players/NCAAFB/Jayce_Brown_NCAAFB_player_MwXj9d4FVdx6T6f8MvtWpftI-450.webp,57.81,57.81,50,50,22.71,22.5,55.16,54.7,50.22,49.78,0.22,50.22,Over,23.76,-5.74,43.26,No,,,,,,
N/A,9/26/2026,Marcel Reed,Rush Yards,28.5,demon,https://static.prizepicks.com/images/players/NCAAFB/Marcel_Reed_NCAAFB_player_FDpYQiPBfJXrMcu7RCP47XDy-450.webp,https://static.prizepicks.com/images/players/NCAAFB/Marcel_Reed_NCAAFB_player_FDpYQiPBfJXrMcu7RCP47XDy-450.webp,57.81,57.81,50,50,27.54,27.38,54.8,54.52,50.13,49.87,0.13,50.13,Over,27.84,-0.66,49.23,No,,,,,,
N/A,9/26/2026,Sam Leavitt,Pass Attempts,27.5,goblin,https://static.prizepicks.com/images/players/NCAAFB/Sam_Leavitt_NCAAFB_player_lGQIS7Dg5zt1KqNfkYLl2FG4-450.webp,https://static.prizepicks.com/images/players/NCAAFB/Sam_Leavitt_NCAAFB_player_lGQIS7Dg5zt1KqNfkYLl2FG4-450.webp,57.81,57.81,50,50,29.67,29.5,55.62,55.62,50,50,0,50,Over,28.95,1.45,64.52,Yes,,,,,,
N/A,9/26/2026,Sam Leavitt,Pass Completions,27.5,demon,https://static.prizepicks.com/images/players/NCAAFB/Sam_Leavitt_NCAAFB_player_lGQIS7Dg5zt1KqNfkYLl2FG4-450.webp,https://static.prizepicks.com/images/players/NCAAFB/Sam_Leavitt_NCAAFB_player_lGQIS7Dg5zt1KqNfkYLl2FG4-450.webp,57.81,57.81,50,50,19.38,19.33,54.91,56.29,49.37,50.63,-0.63,49.37,Over,19.46,-8.04,3.84,No,,,,,,
N/A,9/26/2026,Marcel Reed,Pass Completions,27.5,demon,https://static.prizepicks.com/images/players/NCAAFB/Marcel_Reed_NCAAFB_player_FDpYQiPBfJXrMcu7RCP47XDy-450.webp,https://static.prizepicks.com/images/players/NCAAFB/Marcel_Reed_NCAAFB_player_FDpYQiPBfJXrMcu7RCP47XDy-450.webp,57.81,57.81,50,50,19.18,19.33,53.01,58.15,47.64,52.36,-2.36,47.64,Over,19.34,-8.16,3.45,No,,,,,,
N/A,9/26/2026,Eugene Wilson III,Receiving Yards,24.5,goblin,https://static.prizepicks.com/images/players/NCAAFB/Eugene_Wilson_NCAAFB_player_YIaRBkHcy90j3WXhs0Q9XwrE-450.webp,https://static.prizepicks.com/images/players/NCAAFB/Eugene_Wilson_NCAAFB_player_YIaRBkHcy90j3WXhs0Q9XwrE-450.webp,57.81,57.81,50,50,36.08,36.2,54.27,54.53,49.88,50.12,-0.12,49.88,Over,36.51,12.01,61.39,Yes,,,,,,
N/A,9/26/2026,Isaiah Horton,Receiving Yards,24.5,goblin,https://static.prizepicks.com/images/players/NCAAFB/Isaiah_Horton_NCAAFB_player_2osH1XCcRPhcwS2SZDCFkkE7-450.webp,https://static.prizepicks.com/images/players/NCAAFB/Isaiah_Horton_NCAAFB_player_2osH1XCcRPhcwS2SZDCFkkE7-450.webp,57.81,57.81,50,50,48.79,48.7,54.5,54.3,50.09,49.91,0.09,50.09,Over,48.45,23.95,72.82,Yes,,,,,,
N/A,9/26/2026,Sam Leavitt,Fantasy Score,24.5,standard,https://static.prizepicks.com/images/players/NCAAFB/Sam_Leavitt_NCAAFB_player_lGQIS7Dg5zt1KqNfkYLl2FG4-450.webp,https://static.prizepicks.com/images/players/NCAAFB/Sam_Leavitt_NCAAFB_player_lGQIS7Dg5zt1KqNfkYLl2FG4-450.webp,57.81,57.81,50,50,24.72,24.72,50.53,49.47,50.53,49.47,0.53,50.53,Over,23.05,-1.45,50.53,No,,,,,,
N/A,9/26/2026,Marcel Reed,Rush Yards,24.5,goblin,https://static.prizepicks.com/images/players/NCAAFB/Marcel_Reed_NCAAFB_player_FDpYQiPBfJXrMcu7RCP47XDy-450.webp,https://static.prizepicks.com/images/players/NCAAFB/Marcel_Reed_NCAAFB_player_FDpYQiPBfJXrMcu7RCP47XDy-450.webp,57.81,57.81,50,50,27.54,27.38,54.8,54.52,50.13,49.87,0.13,50.13,Over,27.84,3.34,52.42,Yes,,,,,,
N/A,9/26/2026,Mario Craver,Longest Reception,22.5,standard,https://static.prizepicks.com/images/players/NCAAFB/Mario_Craver_NCAAFB_player_MBSqnHFfEtPET61cHynBucNs-450.webp,https://static.prizepicks.com/images/players/NCAAFB/Mario_Craver_NCAAFB_player_MBSqnHFfEtPET61cHynBucNs-450.webp,57.81,57.81,50,50,22.5,,,,,,,,,,,50,,,,,,,
N/A,9/26/2026,Dilin Jones,Longest Rush,21.5,standard,https://static.prizepicks.com/images/players/NCAAFB/Dilin_Jones_NCAAFB_player_32kRPL9q6S7ACrKivStZD4MC-450.webp,https://static.prizepicks.com/images/players/NCAAFB/Dilin_Jones_NCAAFB_player_32kRPL9q6S7ACrKivStZD4MC-450.webp,57.81,57.81,50,50,21.5,,,,,,,,,,,50,,,,,,,
N/A,9/26/2026,Isaiah Horton,Longest Reception,21.5,standard,https://static.prizepicks.com/images/players/NCAAFB/Isaiah_Horton_NCAAFB_player_2osH1XCcRPhcwS2SZDCFkkE7-450.webp,https://static.prizepicks.com/images/players/NCAAFB/Isaiah_Horton_NCAAFB_player_2osH1XCcRPhcwS2SZDCFkkE7-450.webp,57.81,57.81,50,50,21.5,,,,,,,,,,,50,,,,,,,
N/A,9/26/2026,Jackson Harris,Longest Reception,21.5,standard,https://static.prizepicks.com/images/players/NCAAFB/Jackson_Harris_NCAAFB_player_r3nUTYzuQ3MNDVaWNQTyHcxm-450.webp,https://static.prizepicks.com/images/players/NCAAFB/Jackson_Harris_NCAAFB_player_r3nUTYzuQ3MNDVaWNQTyHcxm-450.webp,57.81,57.81,50,50,21.5,,,,,,,,,,,50,,,,,,,
N/A,9/26/2026,Dilin Jones,Rush Attempts,21.5,demon,https://static.prizepicks.com/images/players/NCAAFB/Dilin_Jones_NCAAFB_player_32kRPL9q6S7ACrKivStZD4MC-450.webp,https://static.prizepicks.com/images/players/NCAAFB/Dilin_Jones_NCAAFB_player_32kRPL9q6S7ACrKivStZD4MC-450.webp,57.81,57.81,50,50,19.41,19.33,56.25,56.99,49.68,50.32,-0.32,49.68,Over,19.38,-2.12,30.73,No,,,,,,
N/A,9/26/2026,Sam Leavitt,Pass Completions,21.5,demon,https://static.prizepicks.com/images/players/NCAAFB/Sam_Leavitt_NCAAFB_player_lGQIS7Dg5zt1KqNfkYLl2FG4-450.webp,https://static.prizepicks.com/images/players/NCAAFB/Sam_Leavitt_NCAAFB_player_lGQIS7Dg5zt1KqNfkYLl2FG4-450.webp,57.81,57.81,50,50,19.38,19.33,54.91,56.29,49.37,50.63,-0.63,49.37,Over,19.46,-2.04,30.48,No,,,,,,
N/A,9/26/2026,Jayce Brown,Receiving Yards,21.5,standard,https://static.prizepicks.com/images/players/NCAAFB/Jayce_Brown_NCAAFB_player_MwXj9d4FVdx6T6f8MvtWpftI-450.webp,https://static.prizepicks.com/images/players/NCAAFB/Jayce_Brown_NCAAFB_player_MwXj9d4FVdx6T6f8MvtWpftI-450.webp,57.81,57.81,50,50,22.71,22.5,55.16,54.7,50.22,49.78,0.22,50.22,Over,23.76,2.26,51.21,Yes,,,,,,
N/A,9/26/2026,Dilin Jones,Receiving Yards,19.5,demon,https://static.prizepicks.com/images/players/NCAAFB/Dilin_Jones_NCAAFB_player_32kRPL9q6S7ACrKivStZD4MC-450.webp,https://static.prizepicks.com/images/players/NCAAFB/Dilin_Jones_NCAAFB_player_32kRPL9q6S7ACrKivStZD4MC-450.webp,57.81,57.81,50,50,9.66,9.5,54.54,54.18,50.16,49.84,0.16,50.16,Over,8.88,-10.62,40.28,No,,,,,,
N/A,9/26/2026,Eugene Wilson III,Receiving Yards,19.5,goblin,https://static.prizepicks.com/images/players/NCAAFB/Eugene_Wilson_NCAAFB_player_YIaRBkHcy90j3WXhs0Q9XwrE-450.webp,https://static.prizepicks.com/images/players/NCAAFB/Eugene_Wilson_NCAAFB_player_YIaRBkHcy90j3WXhs0Q9XwrE-450.webp,57.81,57.81,50,50,36.08,36.2,54.27,54.53,49.88,50.12,-0.12,49.88,Over,36.51,17.01,66.07,Yes,,,,,,
N/A,9/26/2026,Jackson Harris,Receiving Yards,19.5,goblin,https://static.prizepicks.com/images/players/NCAAFB/Jackson_Harris_NCAAFB_player_r3nUTYzuQ3MNDVaWNQTyHcxm-450.webp,https://static.prizepicks.com/images/players/NCAAFB/Jackson_Harris_NCAAFB_player_r3nUTYzuQ3MNDVaWNQTyHcxm-450.webp,57.81,57.81,50,50,38.99,39.5,53.81,54.9,49.49,50.51,-0.51,49.49,Over,39.38,19.88,68.7,Yes,,,,,,
N/A,9/26/2026,Marcel Reed,Rush Yards,19.5,goblin,https://static.prizepicks.com/images/players/NCAAFB/Marcel_Reed_NCAAFB_player_FDpYQiPBfJXrMcu7RCP47XDy-450.webp,https://static.prizepicks.com/images/players/NCAAFB/Marcel_Reed_NCAAFB_player_FDpYQiPBfJXrMcu7RCP47XDy-450.webp,57.81,57.81,50,50,27.54,27.38,54.8,54.52,50.13,49.87,0.13,50.13,Over,27.84,8.34,56.39,Yes,,,,,,
N/A,9/26/2026,Rueben Owens II,Receiving Yards,19.5,demon,https://static.prizepicks.com/images/players/NCAAFB/Rueben_Owens_NCAAFB_player_6I3d1TJrZglYxyvUBEQtH15f-450.webp,https://static.prizepicks.com/images/players/NCAAFB/Rueben_Owens_NCAAFB_player_6I3d1TJrZglYxyvUBEQtH15f-450.webp,57.81,57.81,50,50,12.35,11.72,55.13,53.81,50.62,49.38,0.62,50.62,Over,11.66,-7.84,42.91,No,,,,,,
N/A,9/26/2026,Sam Leavitt,Rush Yards,19.5,goblin,https://static.prizepicks.com/images/players/NCAAFB/Sam_Leavitt_NCAAFB_player_lGQIS7Dg5zt1KqNfkYLl2FG4-450.webp,https://static.prizepicks.com/images/players/NCAAFB/Sam_Leavitt_NCAAFB_player_lGQIS7Dg5zt1KqNfkYLl2FG4-450.webp,57.81,57.81,50,50,41.87,42.38,53.68,55.61,49.09,50.91,-0.91,49.09,Over,42.75,23.25,67.27,Yes,,,,,,
N/A,9/26/2026,Eugene Wilson III,Longest Reception,19.5,standard,https://static.prizepicks.com/images/players/NCAAFB/Eugene_Wilson_NCAAFB_player_YIaRBkHcy90j3WXhs0Q9XwrE-450.webp,https://static.prizepicks.com/images/players/NCAAFB/Eugene_Wilson_NCAAFB_player_YIaRBkHcy90j3WXhs0Q9XwrE-450.webp,57.81,57.81,50,50,19.5,,,,,,,,,,,50,,,,,,,
N/A,9/26/2026,Marcel Reed,Pass Completions,19.5,demon,https://static.prizepicks.com/images/players/NCAAFB/Marcel_Reed_NCAAFB_player_FDpYQiPBfJXrMcu7RCP47XDy-450.webp,https://static.prizepicks.com/images/players/NCAAFB/Marcel_Reed_NCAAFB_player_FDpYQiPBfJXrMcu7RCP47XDy-450.webp,57.81,57.81,50,50,19.18,19.33,53.01,58.15,47.64,52.36,-2.36,47.64,Over,19.34,-0.16,45.58,No,,,,,,
N/A,9/26/2026,Jayce Brown,Receiving Yards,19.5,goblin,https://static.prizepicks.com/images/players/NCAAFB/Jayce_Brown_NCAAFB_player_MwXj9d4FVdx6T6f8MvtWpftI-450.webp,https://static.prizepicks.com/images/players/NCAAFB/Jayce_Brown_NCAAFB_player_MwXj9d4FVdx6T6f8MvtWpftI-450.webp,57.81,57.81,50,50,22.71,22.5,55.16,54.7,50.22,49.78,0.22,50.22,Over,23.76,4.26,53.2,Yes,,,,,,
N/A,9/26/2026,Marcel Reed,Pass Completions,19,standard,https://static.prizepicks.com/images/players/NCAAFB/Marcel_Reed_NCAAFB_player_FDpYQiPBfJXrMcu7RCP47XDy-450.webp,https://static.prizepicks.com/images/players/NCAAFB/Marcel_Reed_NCAAFB_player_FDpYQiPBfJXrMcu7RCP47XDy-450.webp,57.81,57.81,50,50,19.18,19.33,53.01,58.15,47.64,52.36,-2.36,52.36,Under,19.34,0.34,54.42,No,,,,,,
N/A,9/26/2026,Sam Leavitt,Pass Completions,19,standard,https://static.prizepicks.com/images/players/NCAAFB/Sam_Leavitt_NCAAFB_player_lGQIS7Dg5zt1KqNfkYLl2FG4-450.webp,https://static.prizepicks.com/images/players/NCAAFB/Sam_Leavitt_NCAAFB_player_lGQIS7Dg5zt1KqNfkYLl2FG4-450.webp,57.81,57.81,50,50,19.38,19.33,54.91,56.29,49.37,50.63,-0.63,50.63,Under,19.46,0.46,52.6,No,,,,,,
N/A,9/26/2026,Dilin Jones,Rush Attempts,19,standard,https://static.prizepicks.com/images/players/NCAAFB/Dilin_Jones_NCAAFB_player_32kRPL9q6S7ACrKivStZD4MC-450.webp,https://static.prizepicks.com/images/players/NCAAFB/Dilin_Jones_NCAAFB_player_32kRPL9q6S7ACrKivStZD4MC-450.webp,57.81,57.81,50,50,19.41,19.33,56.25,56.99,49.68,50.32,-0.32,50.32,Under,19.38,0.38,52.33,No,,,,,,
N/A,9/26/2026,Marcel Reed,Fantasy Score,18.5,standard,https://static.prizepicks.com/images/players/NCAAFB/Marcel_Reed_NCAAFB_player_FDpYQiPBfJXrMcu7RCP47XDy-450.webp,https://static.prizepicks.com/images/players/NCAAFB/Marcel_Reed_NCAAFB_player_FDpYQiPBfJXrMcu7RCP47XDy-450.webp,57.81,57.81,50,50,16.32,16.32,44.8,55.2,44.8,55.2,-5.2,55.2,Under,16.57,-1.93,55.2,Yes,,,,,,
N/A,9/26/2026,Dilin Jones,Fantasy Score,18,standard,https://static.prizepicks.com/images/players/NCAAFB/Dilin_Jones_NCAAFB_player_32kRPL9q6S7ACrKivStZD4MC-450.webp,https://static.prizepicks.com/images/players/NCAAFB/Dilin_Jones_NCAAFB_player_32kRPL9q6S7ACrKivStZD4MC-450.webp,57.81,57.81,50,50,18.08,18.08,50.18,49.82,50.18,49.82,0.18,50.18,Over,18.12,0.12,50.18,Yes,,,,,,
N/A,9/26/2026,Marcel Reed,Pass Completions,17.5,goblin,https://static.prizepicks.com/images/players/NCAAFB/Marcel_Reed_NCAAFB_player_FDpYQiPBfJXrMcu7RCP47XDy-450.webp,https://static.prizepicks.com/images/players/NCAAFB/Marcel_Reed_NCAAFB_player_FDpYQiPBfJXrMcu7RCP47XDy-450.webp,57.81,57.81,50,50,19.18,19.33,53.01,58.15,47.64,52.36,-2.36,47.64,Over,19.34,1.84,63.7,Yes,,,,,,
N/A,9/26/2026,Sam Leavitt,Pass Completions,17.5,goblin,https://static.prizepicks.com/images/players/NCAAFB/Sam_Leavitt_NCAAFB_player_lGQIS7Dg5zt1KqNfkYLl2FG4-450.webp,https://static.prizepicks.com/images/players/NCAAFB/Sam_Leavitt_NCAAFB_player_lGQIS7Dg5zt1KqNfkYLl2FG4-450.webp,57.81,57.81,50,50,19.38,19.33,54.91,56.29,49.37,50.63,-0.63,49.37,Over,19.46,1.96,65.38,Yes,,,,,,
N/A,9/26/2026,Dilin Jones,Rush Attempts,17.5,goblin,https://static.prizepicks.com/images/players/NCAAFB/Dilin_Jones_NCAAFB_player_32kRPL9q6S7ACrKivStZD4MC-450.webp,https://static.prizepicks.com/images/players/NCAAFB/Dilin_Jones_NCAAFB_player_32kRPL9q6S7ACrKivStZD4MC-450.webp,57.81,57.81,50,50,19.41,19.33,56.25,56.99,49.68,50.32,-0.32,49.68,Over,19.38,1.88,65.62,Yes,,,,,,
N/A,9/26/2026,Rueben Owens II,Rush Attempts,17.5,demon,https://static.prizepicks.com/images/players/NCAAFB/Rueben_Owens_NCAAFB_player_6I3d1TJrZglYxyvUBEQtH15f-450.webp,https://static.prizepicks.com/images/players/NCAAFB/Rueben_Owens_NCAAFB_player_6I3d1TJrZglYxyvUBEQtH15f-450.webp,57.81,57.81,50,50,14.29,14.25,56.18,57.17,49.55,50.45,-0.45,49.55,Over,14.36,-3.14,19.41,No,,,,,,
N/A,9/26/2026,Rueben Owens II,Longest Rush,15.5,standard,https://static.prizepicks.com/images/players/NCAAFB/Rueben_Owens_NCAAFB_player_6I3d1TJrZglYxyvUBEQtH15f-450.webp,https://static.prizepicks.com/images/players/NCAAFB/Rueben_Owens_NCAAFB_player_6I3d1TJrZglYxyvUBEQtH15f-450.webp,57.81,57.81,50,50,15.5,,,,,,,,,,,50,,,,,,,
N/A,9/26/2026,Marcel Reed,Longest Rush,15.5,goblin,https://static.prizepicks.com/images/players/NCAAFB/Marcel_Reed_NCAAFB_player_FDpYQiPBfJXrMcu7RCP47XDy-450.webp,https://static.prizepicks.com/images/players/NCAAFB/Marcel_Reed_NCAAFB_player_FDpYQiPBfJXrMcu7RCP47XDy-450.webp,57.81,57.81,50,50,15.5,,,,,,,,,,,50,,,,,,,
N/A,9/26/2026,Rueben Owens II,Receiving Yards,14.5,demon,https://static.prizepicks.com/images/players/NCAAFB/Rueben_Owens_NCAAFB_player_6I3d1TJrZglYxyvUBEQtH15f-450.webp,https://static.prizepicks.com/images/players/NCAAFB/Rueben_Owens_NCAAFB_player_6I3d1TJrZglYxyvUBEQtH15f-450.webp,57.81,57.81,50,50,12.35,11.72,55.13,53.81,50.62,49.38,0.62,50.62,Over,11.66,-2.84,47.86,No,,,,,,
N/A,9/26/2026,Marcel Reed,Rush Yards,14.5,goblin,https://static.prizepicks.com/images/players/NCAAFB/Marcel_Reed_NCAAFB_player_FDpYQiPBfJXrMcu7RCP47XDy-450.webp,https://static.prizepicks.com/images/players/NCAAFB/Marcel_Reed_NCAAFB_player_FDpYQiPBfJXrMcu7RCP47XDy-450.webp,57.81,57.81,50,50,27.54,27.38,54.8,54.52,50.13,49.87,0.13,50.13,Over,27.84,13.34,60.29,Yes,,,,,,
N/A,9/26/2026,Jayce Brown,Longest Reception,14.5,standard,https://static.prizepicks.com/images/players/NCAAFB/Jayce_Brown_NCAAFB_player_MwXj9d4FVdx6T6f8MvtWpftI-450.webp,https://static.prizepicks.com/images/players/NCAAFB/Jayce_Brown_NCAAFB_player_MwXj9d4FVdx6T6f8MvtWpftI-450.webp,57.81,57.81,50,50,14.5,,,,,,,,,,,50,,,,,,,
N/A,9/26/2026,Rueben Owens II,Rush Attempts,14,standard,https://static.prizepicks.com/images/players/NCAAFB/Rueben_Owens_NCAAFB_player_6I3d1TJrZglYxyvUBEQtH15f-450.webp,https://static.prizepicks.com/images/players/NCAAFB/Rueben_Owens_NCAAFB_player_6I3d1TJrZglYxyvUBEQtH15f-450.webp,57.81,57.81,50,50,14.29,14.25,56.18,57.17,49.55,50.45,-0.45,50.45,Under,14.36,0.36,53.97,No,,,,,,
N/A,9/26/2026,Marcel Reed,Rush Attempts,13.5,demon,https://static.prizepicks.com/images/players/NCAAFB/Marcel_Reed_NCAAFB_player_FDpYQiPBfJXrMcu7RCP47XDy-450.webp,https://static.prizepicks.com/images/players/NCAAFB/Marcel_Reed_NCAAFB_player_FDpYQiPBfJXrMcu7RCP47XDy-450.webp,57.81,57.81,50,50,12.26,12.25,55.65,57.63,49.11,50.89,-0.89,49.11,Over,12.12,-1.38,34.62,No,,,,,,
N/A,9/26/2026,Mario Craver,Fantasy Score,13.5,standard,https://static.prizepicks.com/images/players/NCAAFB/Mario_Craver_NCAAFB_player_MBSqnHFfEtPET61cHynBucNs-450.webp,https://static.prizepicks.com/images/players/NCAAFB/Mario_Craver_NCAAFB_player_MBSqnHFfEtPET61cHynBucNs-450.webp,57.81,57.81,50,50,13.17,13.17,49.25,50.75,49.25,50.75,-0.75,50.75,Under,13.68,0.18,50.75,No,,,,,,
N/A,9/26/2026,Rueben Owens II,Rush Attempts,13.5,goblin,https://static.prizepicks.com/images/players/NCAAFB/Rueben_Owens_NCAAFB_player_6I3d1TJrZglYxyvUBEQtH15f-450.webp,https://static.prizepicks.com/images/players/NCAAFB/Rueben_Owens_NCAAFB_player_6I3d1TJrZglYxyvUBEQtH15f-450.webp,57.81,57.81,50,50,14.29,14.25,56.18,57.17,49.55,50.45,-0.45,49.55,Over,14.36,0.86,56.59,Yes,,,,,,
N/A,9/26/2026,Winston Watkins Jr.,Fantasy Score,13,standard,https://static.prizepicks.com/images/players/NCAAFB/Winston_Watkins_NCAAFB_player_hKNVs9P7UYFkec0IHYphfalr-450.webp,https://static.prizepicks.com/images/players/NCAAFB/Winston_Watkins_NCAAFB_player_hKNVs9P7UYFkec0IHYphfalr-450.webp,57.81,57.81,50,50,12.94,12.94,49.86,50.14,49.86,50.14,-0.14,50.14,Under,12.58,-0.42,50.14,Yes,,,,,,
N/A,9/26/2026,Rueben Owens II,Fantasy Score,12.5,standard,https://static.prizepicks.com/images/players/NCAAFB/Rueben_Owens_NCAAFB_player_6I3d1TJrZglYxyvUBEQtH15f-450.webp,https://static.prizepicks.com/images/players/NCAAFB/Rueben_Owens_NCAAFB_player_6I3d1TJrZglYxyvUBEQtH15f-450.webp,57.81,57.81,50,50,12.42,12.42,49.82,50.18,49.82,50.18,-0.18,50.18,Under,12.22,-0.28,50.18,Yes,,,,,,
N/A,9/26/2026,Marcel Reed,Rush Attempts,12,standard,https://static.prizepicks.com/images/players/NCAAFB/Marcel_Reed_NCAAFB_player_FDpYQiPBfJXrMcu7RCP47XDy-450.webp,https://static.prizepicks.com/images/players/NCAAFB/Marcel_Reed_NCAAFB_player_FDpYQiPBfJXrMcu7RCP47XDy-450.webp,57.81,57.81,50,50,12.26,12.25,55.65,57.63,49.11,50.89,-0.89,50.89,Under,12.12,0.12,54.63,No,,,,,,
N/A,9/26/2026,Rueben Owens II,Receiving Yards,11.5,standard,https://static.prizepicks.com/images/players/NCAAFB/Rueben_Owens_NCAAFB_player_6I3d1TJrZglYxyvUBEQtH15f-450.webp,https://static.prizepicks.com/images/players/NCAAFB/Rueben_Owens_NCAAFB_player_6I3d1TJrZglYxyvUBEQtH15f-450.webp,57.81,57.81,50,50,12.35,11.72,55.13,53.81,50.62,49.38,0.62,50.62,Over,11.66,0.16,50.85,Yes,,,,,,
N/A,9/26/2026,Sam Leavitt,Rush Attempts,11.5,demon,https://static.prizepicks.com/images/players/NCAAFB/Sam_Leavitt_NCAAFB_player_lGQIS7Dg5zt1KqNfkYLl2FG4-450.webp,https://static.prizepicks.com/images/players/NCAAFB/Sam_Leavitt_NCAAFB_player_lGQIS7Dg5zt1KqNfkYLl2FG4-450.webp,57.81,57.81,50,50,10.21,10,57.17,56.18,50.45,49.55,0.45,50.45,Over,10.52,-0.98,32.73,No,,,,,,
N/A,9/26/2026,Marcel Reed,Rush Attempts,11.5,goblin,https://static.prizepicks.com/images/players/NCAAFB/Marcel_Reed_NCAAFB_player_FDpYQiPBfJXrMcu7RCP47XDy-450.webp,https://static.prizepicks.com/images/players/NCAAFB/Marcel_Reed_NCAAFB_player_FDpYQiPBfJXrMcu7RCP47XDy-450.webp,57.81,57.81,50,50,12.26,12.25,55.65,57.63,49.11,50.89,-0.89,49.11,Over,12.12,0.62,56.78,Yes,,,,,,
N/A,9/26/2026,Isaiah Horton,Fantasy Score,11,standard,https://static.prizepicks.com/images/players/NCAAFB/Isaiah_Horton_NCAAFB_player_2osH1XCcRPhcwS2SZDCFkkE7-450.webp,https://static.prizepicks.com/images/players/NCAAFB/Isaiah_Horton_NCAAFB_player_2osH1XCcRPhcwS2SZDCFkkE7-450.webp,57.81,57.81,50,50,10.86,10.86,49.68,50.32,49.68,50.32,-0.32,50.32,Under,11.75,0.75,50.32,No,,,,,,
N/A,9/26/2026,Sam Leavitt,Rush Attempts,10.5,standard,https://static.prizepicks.com/images/players/NCAAFB/Sam_Leavitt_NCAAFB_player_lGQIS7Dg5zt1KqNfkYLl2FG4-450.webp,https://static.prizepicks.com/images/players/NCAAFB/Sam_Leavitt_NCAAFB_player_lGQIS7Dg5zt1KqNfkYLl2FG4-450.webp,57.81,57.81,50,50,10.21,10,57.17,56.18,50.45,49.55,0.45,50.45,Over,10.52,0.02,44.32,Yes,,,,,,
N/A,9/26/2026,Mario Craver,Receptions,10.5,demon,https://static.prizepicks.com/images/players/NCAAFB/Mario_Craver_NCAAFB_player_MBSqnHFfEtPET61cHynBucNs-450.webp,https://static.prizepicks.com/images/players/NCAAFB/Mario_Craver_NCAAFB_player_MBSqnHFfEtPET61cHynBucNs-450.webp,57.81,57.81,50,50,5.31,5.43,49.48,59.09,45.54,54.46,-4.46,45.54,Over,5.38,-5.12,2.02,No,,,,,,
N/A,9/26/2026,Dilin Jones,Receiving Yards,9.5,standard,https://static.prizepicks.com/images/players/NCAAFB/Dilin_Jones_NCAAFB_player_32kRPL9q6S7ACrKivStZD4MC-450.webp,https://static.prizepicks.com/images/players/NCAAFB/Dilin_Jones_NCAAFB_player_32kRPL9q6S7ACrKivStZD4MC-450.webp,57.81,57.81,50,50,9.66,9.5,54.54,54.18,50.16,49.84,0.16,50.16,Over,8.88,-0.62,50.16,No,,,,,,
N/A,9/26/2026,Rueben Owens II,Receiving Yards,9.5,goblin,https://static.prizepicks.com/images/players/NCAAFB/Rueben_Owens_NCAAFB_player_6I3d1TJrZglYxyvUBEQtH15f-450.webp,https://static.prizepicks.com/images/players/NCAAFB/Rueben_Owens_NCAAFB_player_6I3d1TJrZglYxyvUBEQtH15f-450.webp,57.81,57.81,50,50,12.35,11.72,55.13,53.81,50.62,49.38,0.62,50.62,Over,11.66,2.16,52.84,Yes,,,,,,
N/A,9/26/2026,Rueben Owens II,Longest Reception,9.5,standard,https://static.prizepicks.com/images/players/NCAAFB/Rueben_Owens_NCAAFB_player_6I3d1TJrZglYxyvUBEQtH15f-450.webp,https://static.prizepicks.com/images/players/NCAAFB/Rueben_Owens_NCAAFB_player_6I3d1TJrZglYxyvUBEQtH15f-450.webp,57.81,57.81,50,50,9.5,,,,,,,,,,,50,,,,,,,
N/A,9/26/2026,Jayce Brown,Receiving Yards,9.5,goblin,https://static.prizepicks.com/images/players/NCAAFB/Jayce_Brown_NCAAFB_player_MwXj9d4FVdx6T6f8MvtWpftI-450.webp,https://static.prizepicks.com/images/players/NCAAFB/Jayce_Brown_NCAAFB_player_MwXj9d4FVdx6T6f8MvtWpftI-450.webp,57.81,57.81,50,50,22.71,22.5,55.16,54.7,50.22,49.78,0.22,50.22,Over,23.76,14.26,62.94,Yes,,,,,,
N/A,9/26/2026,Eugene Wilson III,Fantasy Score,9,standard,https://static.prizepicks.com/images/players/NCAAFB/Eugene_Wilson_NCAAFB_player_YIaRBkHcy90j3WXhs0Q9XwrE-450.webp,https://static.prizepicks.com/images/players/NCAAFB/Eugene_Wilson_NCAAFB_player_YIaRBkHcy90j3WXhs0Q9XwrE-450.webp,57.81,57.81,50,50,8.35,8.35,48.52,51.48,48.52,51.48,-1.48,51.48,Under,8.34,-0.66,51.48,Yes,,,,,,
N/A,9/26/2026,Eugene Wilson III,Receptions,8.5,demon,https://static.prizepicks.com/images/players/NCAAFB/Eugene_Wilson_NCAAFB_player_YIaRBkHcy90j3WXhs0Q9XwrE-450.webp,https://static.prizepicks.com/images/players/NCAAFB/Eugene_Wilson_NCAAFB_player_YIaRBkHcy90j3WXhs0Q9XwrE-450.webp,57.81,57.81,50,50,3.55,3.5,51.67,57.05,47.5,52.5,-2.5,47.5,Over,3.53,-4.97,1.07,No,,,,,,
N/A,9/26/2026,Winston Watkins Jr.,Receptions,8.5,demon,https://static.prizepicks.com/images/players/NCAAFB/Winston_Watkins_NCAAFB_player_hKNVs9P7UYFkec0IHYphfalr-450.webp,https://static.prizepicks.com/images/players/NCAAFB/Winston_Watkins_NCAAFB_player_hKNVs9P7UYFkec0IHYphfalr-450.webp,57.81,57.81,50,50,4.64,4.5,53.63,54.93,49.4,50.6,-0.6,49.4,Over,4.51,-3.99,4.71,No,,,,,,
N/A,9/26/2026,Scott Starzyk,Kicking Points,7.5,standard,https://static.prizepicks.com/images/players/NCAAFB/Scott_Starzyk_NCAAFB_player_9siijvcEZEOwUxmj2PvvNe73-450.webp,https://static.prizepicks.com/images/players/NCAAFB/Scott_Starzyk_NCAAFB_player_9siijvcEZEOwUxmj2PvvNe73-450.webp,57.81,57.81,50,50,7.5,,,,,,,,,,,50,,,,,,,
N/A,9/26/2026,Isaiah Horton,Receptions,7.5,demon,https://static.prizepicks.com/images/players/NCAAFB/Isaiah_Horton_NCAAFB_player_2osH1XCcRPhcwS2SZDCFkkE7-450.webp,https://static.prizepicks.com/images/players/NCAAFB/Isaiah_Horton_NCAAFB_player_2osH1XCcRPhcwS2SZDCFkkE7-450.webp,57.81,57.81,50,50,4.17,4.4,46.93,61.93,43.01,56.99,-6.99,43.01,Over,4.29,-3.21,6.19,No,,,,,,
N/A,9/26/2026,Jackson Harris,Receptions,7.5,demon,https://static.prizepicks.com/images/players/NCAAFB/Jackson_Harris_NCAAFB_player_r3nUTYzuQ3MNDVaWNQTyHcxm-450.webp,https://static.prizepicks.com/images/players/NCAAFB/Jackson_Harris_NCAAFB_player_r3nUTYzuQ3MNDVaWNQTyHcxm-450.webp,57.81,57.81,50,50,3.28,3.5,44.59,62.93,41.48,58.52,-8.52,41.48,Over,3.34,-4.16,1.92,No,,,,,,
N/A,9/26/2026,Mario Craver,Receptions,6.5,demon,https://static.prizepicks.com/images/players/NCAAFB/Mario_Craver_NCAAFB_player_MBSqnHFfEtPET61cHynBucNs-450.webp,https://static.prizepicks.com/images/players/NCAAFB/Mario_Craver_NCAAFB_player_MBSqnHFfEtPET61cHynBucNs-450.webp,57.81,57.81,50,50,5.31,5.43,49.48,59.09,45.54,54.46,-4.46,45.54,Over,5.38,-1.12,28.44,No,,,,,,
N/A,9/26/2026,Winston Watkins Jr.,Receptions,6.5,demon,https://static.prizepicks.com/images/players/NCAAFB/Winston_Watkins_NCAAFB_player_hKNVs9P7UYFkec0IHYphfalr-450.webp,https://static.prizepicks.com/images/players/NCAAFB/Winston_Watkins_NCAAFB_player_hKNVs9P7UYFkec0IHYphfalr-450.webp,57.81,57.81,50,50,4.64,4.5,53.63,54.93,49.4,50.6,-0.6,49.4,Over,4.51,-1.99,18.73,No,,,,,,
N/A,9/26/2026,David Olano,Kicking Points,6,standard,https://static.prizepicks.com/images/players/NCAAFB/David_Olano_NCAAFB_player_7KuvPdRR5HZ8FcyX1jXr0tL-450.webp,https://static.prizepicks.com/images/players/NCAAFB/David_Olano_NCAAFB_player_7KuvPdRR5HZ8FcyX1jXr0tL-450.webp,57.81,57.81,50,50,6,,,,,,,,,,,50,,,,,,,
N/A,9/26/2026,Eugene Wilson III,Receptions,5.5,demon,https://static.prizepicks.com/images/players/NCAAFB/Eugene_Wilson_NCAAFB_player_YIaRBkHcy90j3WXhs0Q9XwrE-450.webp,https://static.prizepicks.com/images/players/NCAAFB/Eugene_Wilson_NCAAFB_player_YIaRBkHcy90j3WXhs0Q9XwrE-450.webp,57.81,57.81,50,50,3.55,3.5,51.67,57.05,47.5,52.5,-2.5,47.5,Over,3.53,-1.97,14.91,No,,,,,,
N/A,9/26/2026,Isaiah Horton,Receptions,5.5,demon,https://static.prizepicks.com/images/players/NCAAFB/Isaiah_Horton_NCAAFB_player_2osH1XCcRPhcwS2SZDCFkkE7-450.webp,https://static.prizepicks.com/images/players/NCAAFB/Isaiah_Horton_NCAAFB_player_2osH1XCcRPhcwS2SZDCFkkE7-450.webp,57.81,57.81,50,50,4.17,4.4,46.93,61.93,43.01,56.99,-6.99,43.01,Over,4.29,-1.21,24.2,No,,,,,,
N/A,9/26/2026,Winston Watkins Jr.,Receptions,5.5,demon,https://static.prizepicks.com/images/players/NCAAFB/Winston_Watkins_NCAAFB_player_hKNVs9P7UYFkec0IHYphfalr-450.webp,https://static.prizepicks.com/images/players/NCAAFB/Winston_Watkins_NCAAFB_player_hKNVs9P7UYFkec0IHYphfalr-450.webp,57.81,57.81,50,50,4.64,4.5,53.63,54.93,49.4,50.6,-0.6,49.4,Over,4.51,-0.99,32.12,No,,,,,,
N/A,9/26/2026,Dilin Jones,Receptions,5.5,demon,https://static.prizepicks.com/images/players/NCAAFB/Dilin_Jones_NCAAFB_player_32kRPL9q6S7ACrKivStZD4MC-450.webp,https://static.prizepicks.com/images/players/NCAAFB/Dilin_Jones_NCAAFB_player_32kRPL9q6S7ACrKivStZD4MC-450.webp,57.81,57.81,50,50,2.02,1.5,65.19,43.49,59.98,40.02,9.98,59.98,Over,1.83,-3.67,1.73,No,,,,,,
N/A,9/26/2026,Mario Craver,Receptions,5,standard,https://static.prizepicks.com/images/players/NCAAFB/Mario_Craver_NCAAFB_player_MBSqnHFfEtPET61cHynBucNs-450.webp,https://static.prizepicks.com/images/players/NCAAFB/Mario_Craver_NCAAFB_player_MBSqnHFfEtPET61cHynBucNs-450.webp,57.81,57.81,50,50,5.31,5.43,49.48,59.09,45.54,54.46,-4.46,54.46,Under,5.38,0.38,56.17,No,,,,,,
N/A,9/26/2026,Dilin Jones,Receptions,4.5,demon,https://static.prizepicks.com/images/players/NCAAFB/Dilin_Jones_NCAAFB_player_32kRPL9q6S7ACrKivStZD4MC-450.webp,https://static.prizepicks.com/images/players/NCAAFB/Dilin_Jones_NCAAFB_player_32kRPL9q6S7ACrKivStZD4MC-450.webp,57.81,57.81,50,50,2.02,1.5,65.19,43.49,59.98,40.02,9.98,59.98,Over,1.83,-2.67,5.45,No,,,,,,
N/A,9/26/2026,Eugene Wilson III,Receptions,4.5,demon,https://static.prizepicks.com/images/players/NCAAFB/Eugene_Wilson_NCAAFB_player_YIaRBkHcy90j3WXhs0Q9XwrE-450.webp,https://static.prizepicks.com/images/players/NCAAFB/Eugene_Wilson_NCAAFB_player_YIaRBkHcy90j3WXhs0Q9XwrE-450.webp,57.81,57.81,50,50,3.55,3.5,51.67,57.05,47.5,52.5,-2.5,47.5,Over,3.53,-0.97,28.4,No,,,,,,
N/A,9/26/2026,Isaiah Horton,Receptions,4.5,demon,https://static.prizepicks.com/images/players/NCAAFB/Isaiah_Horton_NCAAFB_player_2osH1XCcRPhcwS2SZDCFkkE7-450.webp,https://static.prizepicks.com/images/players/NCAAFB/Isaiah_Horton_NCAAFB_player_2osH1XCcRPhcwS2SZDCFkkE7-450.webp,57.81,57.81,50,50,4.17,4.4,46.93,61.93,43.01,56.99,-6.99,43.01,Over,4.29,-0.21,40.43,No,,,,,,
N/A,9/26/2026,Winston Watkins Jr.,Receptions,4.5,standard,https://static.prizepicks.com/images/players/NCAAFB/Winston_Watkins_NCAAFB_player_hKNVs9P7UYFkec0IHYphfalr-450.webp,https://static.prizepicks.com/images/players/NCAAFB/Winston_Watkins_NCAAFB_player_hKNVs9P7UYFkec0IHYphfalr-450.webp,57.81,57.81,50,50,4.64,4.5,53.63,54.93,49.4,50.6,-0.6,50.6,Under,4.51,0.01,50.58,No,,,,,,
N/A,9/26/2026,Jackson Harris,Receptions,4.5,demon,https://static.prizepicks.com/images/players/NCAAFB/Jackson_Harris_NCAAFB_player_r3nUTYzuQ3MNDVaWNQTyHcxm-450.webp,https://static.prizepicks.com/images/players/NCAAFB/Jackson_Harris_NCAAFB_player_r3nUTYzuQ3MNDVaWNQTyHcxm-450.webp,57.81,57.81,50,50,3.28,3.5,44.59,62.93,41.48,58.52,-8.52,41.48,Over,3.34,-1.16,23.38,No,,,,,,
N/A,9/26/2026,Mario Craver,Receptions,4.5,goblin,https://static.prizepicks.com/images/players/NCAAFB/Mario_Craver_NCAAFB_player_MBSqnHFfEtPET61cHynBucNs-450.webp,https://static.prizepicks.com/images/players/NCAAFB/Mario_Craver_NCAAFB_player_MBSqnHFfEtPET61cHynBucNs-450.webp,57.81,57.81,50,50,5.31,5.43,49.48,59.09,45.54,54.46,-4.46,45.54,Over,5.38,0.88,61.21,Yes,,,,,,
N/A,9/26/2026,Jayce Brown,Receiving Yards,4.5,goblin,https://static.prizepicks.com/images/players/NCAAFB/Jayce_Brown_NCAAFB_player_MwXj9d4FVdx6T6f8MvtWpftI-450.webp,https://static.prizepicks.com/images/players/NCAAFB/Jayce_Brown_NCAAFB_player_MwXj9d4FVdx6T6f8MvtWpftI-450.webp,57.81,57.81,50,50,22.71,22.5,55.16,54.7,50.22,49.78,0.22,50.22,Over,23.76,19.26,67.55,Yes,,,,,,
N/A,9/26/2026,Isaiah Horton,Receptions,4,standard,https://static.prizepicks.com/images/players/NCAAFB/Isaiah_Horton_NCAAFB_player_2osH1XCcRPhcwS2SZDCFkkE7-450.webp,https://static.prizepicks.com/images/players/NCAAFB/Isaiah_Horton_NCAAFB_player_2osH1XCcRPhcwS2SZDCFkkE7-450.webp,57.81,57.81,50,50,4.17,4.4,46.93,61.93,43.01,56.99,-6.99,56.99,Under,4.29,0.29,59.57,No,,,,,,
N/A,9/26/2026,Dilin Jones,Receptions,3.5,demon,https://static.prizepicks.com/images/players/NCAAFB/Dilin_Jones_NCAAFB_player_32kRPL9q6S7ACrKivStZD4MC-450.webp,https://static.prizepicks.com/images/players/NCAAFB/Dilin_Jones_NCAAFB_player_32kRPL9q6S7ACrKivStZD4MC-450.webp,57.81,57.81,50,50,2.02,1.5,65.19,43.49,59.98,40.02,9.98,59.98,Over,1.83,-1.67,14.65,No,,,,,,
N/A,9/26/2026,Mario Craver,Receptions,3.5,goblin,https://static.prizepicks.com/images/players/NCAAFB/Mario_Craver_NCAAFB_player_MBSqnHFfEtPET61cHynBucNs-450.webp,https://static.prizepicks.com/images/players/NCAAFB/Mario_Craver_NCAAFB_player_MBSqnHFfEtPET61cHynBucNs-450.webp,57.81,57.81,50,50,5.31,5.43,49.48,59.09,45.54,54.46,-4.46,45.54,Over,5.38,1.88,77.58,Yes,,,,,,
N/A,9/26/2026,Winston Watkins Jr.,Receptions,3.5,goblin,https://static.prizepicks.com/images/players/NCAAFB/Winston_Watkins_NCAAFB_player_hKNVs9P7UYFkec0IHYphfalr-450.webp,https://static.prizepicks.com/images/players/NCAAFB/Winston_Watkins_NCAAFB_player_hKNVs9P7UYFkec0IHYphfalr-450.webp,57.81,57.81,50,50,4.64,4.5,53.63,54.93,49.4,50.6,-0.6,49.4,Over,4.51,1.01,68.08,Yes,,,,,,
N/A,9/26/2026,Sam Leavitt,Pass TDs,3.5,demon,https://static.prizepicks.com/images/players/NCAAFB/Sam_Leavitt_NCAAFB_player_lGQIS7Dg5zt1KqNfkYLl2FG4-450.webp,https://static.prizepicks.com/images/players/NCAAFB/Sam_Leavitt_NCAAFB_player_lGQIS7Dg5zt1KqNfkYLl2FG4-450.webp,57.81,57.81,50,50,1.54,1.5,55.81,53,51.31,48.69,1.31,51.31,Over,1.52,-1.98,7.08,No,,,,,,
N/A,9/26/2026,Scott Starzyk,PAT Made,3.5,standard,https://static.prizepicks.com/images/players/NCAAFB/Scott_Starzyk_NCAAFB_player_9siijvcEZEOwUxmj2PvvNe73-450.webp,https://static.prizepicks.com/images/players/NCAAFB/Scott_Starzyk_NCAAFB_player_9siijvcEZEOwUxmj2PvvNe73-450.webp,57.81,57.81,50,50,3.5,,,,,,,,,,,50,,,,,,,
N/A,9/26/2026,Marcel Reed,Pass TDs,3.5,demon,https://static.prizepicks.com/images/players/NCAAFB/Marcel_Reed_NCAAFB_player_FDpYQiPBfJXrMcu7RCP47XDy-450.webp,https://static.prizepicks.com/images/players/NCAAFB/Marcel_Reed_NCAAFB_player_FDpYQiPBfJXrMcu7RCP47XDy-450.webp,57.81,57.81,50,50,1.02,1.5,36.37,70.71,33.95,66.05,-16.05,33.95,Over,1.31,-2.19,2.02,No,,,,,,
N/A,9/26/2026,Eugene Wilson III,Receptions,3.5,standard,https://static.prizepicks.com/images/players/NCAAFB/Eugene_Wilson_NCAAFB_player_YIaRBkHcy90j3WXhs0Q9XwrE-450.webp,https://static.prizepicks.com/images/players/NCAAFB/Eugene_Wilson_NCAAFB_player_YIaRBkHcy90j3WXhs0Q9XwrE-450.webp,57.81,57.81,50,50,3.55,3.5,51.67,57.05,47.5,52.5,-2.5,52.5,Under,3.53,0.03,52.59,No,,,,,,
N/A,9/26/2026,Jackson Harris,Receptions,3.5,demon,https://static.prizepicks.com/images/players/NCAAFB/Jackson_Harris_NCAAFB_player_r3nUTYzuQ3MNDVaWNQTyHcxm-450.webp,https://static.prizepicks.com/images/players/NCAAFB/Jackson_Harris_NCAAFB_player_r3nUTYzuQ3MNDVaWNQTyHcxm-450.webp,57.81,57.81,50,50,3.28,3.5,44.59,62.93,41.48,58.52,-8.52,41.48,Over,3.34,-0.16,41.52,No,,,,,,
N/A,9/26/2026,Eugene Wilson III,Receptions,2.5,goblin,https://static.prizepicks.com/images/players/NCAAFB/Eugene_Wilson_NCAAFB_player_YIaRBkHcy90j3WXhs0Q9XwrE-450.webp,https://static.prizepicks.com/images/players/NCAAFB/Eugene_Wilson_NCAAFB_player_YIaRBkHcy90j3WXhs0Q9XwrE-450.webp,57.81,57.81,50,50,3.55,3.5,51.67,57.05,47.5,52.5,-2.5,47.5,Over,3.53,1.03,68.83,Yes,,,,,,
N/A,9/26/2026,Isaiah Horton,Receptions,2.5,goblin,https://static.prizepicks.com/images/players/NCAAFB/Isaiah_Horton_NCAAFB_player_2osH1XCcRPhcwS2SZDCFkkE7-450.webp,https://static.prizepicks.com/images/players/NCAAFB/Isaiah_Horton_NCAAFB_player_2osH1XCcRPhcwS2SZDCFkkE7-450.webp,57.81,57.81,50,50,4.17,4.4,46.93,61.93,43.01,56.99,-6.99,43.01,Over,4.29,1.79,78.58,Yes,,,,,,
N/A,9/26/2026,Sam Leavitt,Pass TDs,2.5,demon,https://static.prizepicks.com/images/players/NCAAFB/Sam_Leavitt_NCAAFB_player_lGQIS7Dg5zt1KqNfkYLl2FG4-450.webp,https://static.prizepicks.com/images/players/NCAAFB/Sam_Leavitt_NCAAFB_player_lGQIS7Dg5zt1KqNfkYLl2FG4-450.webp,57.81,57.81,50,50,1.54,1.5,55.81,53,51.31,48.69,1.31,51.31,Over,1.52,-0.98,20.13,No,,,,,,
N/A,9/26/2026,David Olano,PAT Made,2.5,demon,https://static.prizepicks.com/images/players/NCAAFB/David_Olano_NCAAFB_player_7KuvPdRR5HZ8FcyX1jXr0tL-450.webp,https://static.prizepicks.com/images/players/NCAAFB/David_Olano_NCAAFB_player_7KuvPdRR5HZ8FcyX1jXr0tL-450.webp,57.81,57.81,50,50,2.5,,,,,,,,,,,50,,,,,,,
N/A,9/26/2026,Winston Watkins Jr.,Receptions,2.5,goblin,https://static.prizepicks.com/images/players/NCAAFB/Winston_Watkins_NCAAFB_player_hKNVs9P7UYFkec0IHYphfalr-450.webp,https://static.prizepicks.com/images/players/NCAAFB/Winston_Watkins_NCAAFB_player_hKNVs9P7UYFkec0IHYphfalr-450.webp,57.81,57.81,50,50,4.64,4.5,53.63,54.93,49.4,50.6,-0.6,49.4,Over,4.51,2.01,84.16,Yes,,,,,,
N/A,9/26/2026,Dilin Jones,Anytime TDs,2.5,demon,https://static.prizepicks.com/images/players/NCAAFB/Dilin_Jones_NCAAFB_player_32kRPL9q6S7ACrKivStZD4MC-450.webp,https://static.prizepicks.com/images/players/NCAAFB/Dilin_Jones_NCAAFB_player_32kRPL9q6S7ACrKivStZD4MC-450.webp,57.81,57.81,50,50,0.63,0.5,68.67,39.65,63.4,36.6,13.4,63.4,Over,0.72,-1.78,2.62,No,,,,,,
N/A,9/26/2026,Sam Leavitt,Anytime TDs,2.5,demon,https://static.prizepicks.com/images/players/NCAAFB/Sam_Leavitt_NCAAFB_player_lGQIS7Dg5zt1KqNfkYLl2FG4-450.webp,https://static.prizepicks.com/images/players/NCAAFB/Sam_Leavitt_NCAAFB_player_lGQIS7Dg5zt1KqNfkYLl2FG4-450.webp,57.81,57.81,50,50,0.61,0.5,66.53,41.91,61.36,38.64,11.36,61.36,Over,0.50,-2,2.41,No,,,,,,
N/A,9/26/2026,Rueben Owens II,Receptions,2.5,demon,https://static.prizepicks.com/images/players/NCAAFB/Rueben_Owens_NCAAFB_player_6I3d1TJrZglYxyvUBEQtH15f-450.webp,https://static.prizepicks.com/images/players/NCAAFB/Rueben_Owens_NCAAFB_player_6I3d1TJrZglYxyvUBEQtH15f-450.webp,57.81,57.81,50,50,2.33,2.5,44.47,63.94,41.02,58.98,-8.98,41.02,Over,2.34,-0.16,41.19,No,,,,,,
N/A,9/26/2026,Jackson Harris,Receptions,2.5,goblin,https://static.prizepicks.com/images/players/NCAAFB/Jackson_Harris_NCAAFB_player_r3nUTYzuQ3MNDVaWNQTyHcxm-450.webp,https://static.prizepicks.com/images/players/NCAAFB/Jackson_Harris_NCAAFB_player_r3nUTYzuQ3MNDVaWNQTyHcxm-450.webp,57.81,57.81,50,50,3.28,3.5,44.59,62.93,41.48,58.52,-8.52,41.48,Over,3.34,0.84,63.65,Yes,,,,,,
N/A,9/26/2026,Dilin Jones,Receptions,1.5,goblin,https://static.prizepicks.com/images/players/NCAAFB/Dilin_Jones_NCAAFB_player_32kRPL9q6S7ACrKivStZD4MC-450.webp,https://static.prizepicks.com/images/players/NCAAFB/Dilin_Jones_NCAAFB_player_32kRPL9q6S7ACrKivStZD4MC-450.webp,57.81,57.81,50,50,2.02,1.5,65.19,43.49,59.98,40.02,9.98,59.98,Over,1.83,0.33,59.94,Yes,,,,,,
N/A,9/26/2026,Marcel Reed,Pass TDs,1.5,demon,https://static.prizepicks.com/images/players/NCAAFB/Marcel_Reed_NCAAFB_player_FDpYQiPBfJXrMcu7RCP47XDy-450.webp,https://static.prizepicks.com/images/players/NCAAFB/Marcel_Reed_NCAAFB_player_FDpYQiPBfJXrMcu7RCP47XDy-450.webp,57.81,57.81,50,50,1.02,1.5,36.37,70.71,33.95,66.05,-16.05,33.95,Over,1.31,-0.19,27.16,No,,,,,,
N/A,9/26/2026,Dilin Jones,Anytime TDs,1.5,demon,https://static.prizepicks.com/images/players/NCAAFB/Dilin_Jones_NCAAFB_player_32kRPL9q6S7ACrKivStZD4MC-450.webp,https://static.prizepicks.com/images/players/NCAAFB/Dilin_Jones_NCAAFB_player_32kRPL9q6S7ACrKivStZD4MC-450.webp,57.81,57.81,50,50,0.63,0.5,68.67,39.65,63.4,36.6,13.4,63.4,Over,0.72,-0.78,13.19,No,,,,,,
N/A,9/26/2026,Rueben Owens II,Anytime TDs,1.5,demon,https://static.prizepicks.com/images/players/NCAAFB/Rueben_Owens_NCAAFB_player_6I3d1TJrZglYxyvUBEQtH15f-450.webp,https://static.prizepicks.com/images/players/NCAAFB/Rueben_Owens_NCAAFB_player_6I3d1TJrZglYxyvUBEQtH15f-450.webp,57.81,57.81,50,50,0.48,0.5,52.62,56.76,48.11,51.89,-1.89,48.11,Over,1.16,-0.34,8.42,No,,,,,,
N/A,9/26/2026,Sam Leavitt,Anytime TDs,1.5,demon,https://static.prizepicks.com/images/players/NCAAFB/Sam_Leavitt_NCAAFB_player_lGQIS7Dg5zt1KqNfkYLl2FG4-450.webp,https://static.prizepicks.com/images/players/NCAAFB/Sam_Leavitt_NCAAFB_player_lGQIS7Dg5zt1KqNfkYLl2FG4-450.webp,57.81,57.81,50,50,0.61,0.5,66.53,41.91,61.36,38.64,11.36,61.36,Over,0.50,-1,12.52,No,,,,,,
N/A,9/26/2026,David Olano,FG Made,1.5,demon,https://static.prizepicks.com/images/players/NCAAFB/David_Olano_NCAAFB_player_7KuvPdRR5HZ8FcyX1jXr0tL-450.webp,https://static.prizepicks.com/images/players/NCAAFB/David_Olano_NCAAFB_player_7KuvPdRR5HZ8FcyX1jXr0tL-450.webp,57.81,57.81,50,50,1.5,,,,,,,,,,,50,,,,,,,
N/A,9/26/2026,Scott Starzyk,FG Made,1.5,demon,https://static.prizepicks.com/images/players/NCAAFB/Scott_Starzyk_NCAAFB_player_9siijvcEZEOwUxmj2PvvNe73-450.webp,https://static.prizepicks.com/images/players/NCAAFB/Scott_Starzyk_NCAAFB_player_9siijvcEZEOwUxmj2PvvNe73-450.webp,57.81,57.81,50,50,1.5,,,,,,,,,,,50,,,,,,,
N/A,9/26/2026,Mario Craver,Anytime TDs,1.5,demon,https://static.prizepicks.com/images/players/NCAAFB/Mario_Craver_NCAAFB_player_MBSqnHFfEtPET61cHynBucNs-450.webp,https://static.prizepicks.com/images/players/NCAAFB/Mario_Craver_NCAAFB_player_MBSqnHFfEtPET61cHynBucNs-450.webp,57.81,57.81,50,50,0.33,0.5,37.2,74.11,33.43,66.57,-16.57,33.43,Over,0.56,-0.94,4.38,No,,,,,,
N/A,9/26/2026,Winston Watkins Jr.,Anytime TDs,1.5,demon,https://static.prizepicks.com/images/players/NCAAFB/Winston_Watkins_NCAAFB_player_hKNVs9P7UYFkec0IHYphfalr-450.webp,https://static.prizepicks.com/images/players/NCAAFB/Winston_Watkins_NCAAFB_player_hKNVs9P7UYFkec0IHYphfalr-450.webp,57.81,57.81,50,50,0.44,0.5,48,61.87,43.72,56.28,-6.28,43.72,Over,0.40,-1.1,7.26,No,,,,,,
N/A,9/26/2026,Marcel Reed,Anytime TDs,1.5,demon,https://static.prizepicks.com/images/players/NCAAFB/Marcel_Reed_NCAAFB_player_FDpYQiPBfJXrMcu7RCP47XDy-450.webp,https://static.prizepicks.com/images/players/NCAAFB/Marcel_Reed_NCAAFB_player_FDpYQiPBfJXrMcu7RCP47XDy-450.webp,57.81,57.81,50,50,0.36,0.5,40.12,70.72,36.21,63.79,-13.79,36.21,Over,0.50,-1,5.12,No,,,,,,
N/A,9/26/2026,Isaiah Horton,Anytime TDs,1.5,demon,https://static.prizepicks.com/images/players/NCAAFB/Isaiah_Horton_NCAAFB_player_2osH1XCcRPhcwS2SZDCFkkE7-450.webp,https://static.prizepicks.com/images/players/NCAAFB/Isaiah_Horton_NCAAFB_player_2osH1XCcRPhcwS2SZDCFkkE7-450.webp,57.81,57.81,50,50,0.3,0.5,33.79,78.18,30.18,69.82,-19.82,30.18,Over,0.52,-0.98,3.69,No,,,,,,
N/A,9/26/2026,Marcel Reed,Pass TDs,0.5,goblin,https://static.prizepicks.com/images/players/NCAAFB/Marcel_Reed_NCAAFB_player_FDpYQiPBfJXrMcu7RCP47XDy-450.webp,https://static.prizepicks.com/images/players/NCAAFB/Marcel_Reed_NCAAFB_player_FDpYQiPBfJXrMcu7RCP47XDy-450.webp,57.81,57.81,50,50,1.02,1.5,36.37,70.71,33.95,66.05,-16.05,33.95,Over,1.31,0.81,63.94,Yes,,,,,,
N/A,9/26/2026,Aaron Gregory,Anytime TDs,0.5,demon,https://static.prizepicks.com/images/players/NCAAFB/Aaron_Gregory_NCAAFB_player_GxnyyJCjM7P3Q0ihCB5qOXQv-450.webp,https://static.prizepicks.com/images/players/NCAAFB/Aaron_Gregory_NCAAFB_player_GxnyyJCjM7P3Q0ihCB5qOXQv-450.webp,57.81,57.81,50,50,0.14,0.5,15.41,97.42,13.63,86.37,-36.37,13.63,Over,0.30,-0.2,13.06,No,,,,,,
N/A,9/26/2026,Dilin Jones,Anytime TDs,0.5,goblin,https://static.prizepicks.com/images/players/NCAAFB/Dilin_Jones_NCAAFB_player_32kRPL9q6S7ACrKivStZD4MC-450.webp,https://static.prizepicks.com/images/players/NCAAFB/Dilin_Jones_NCAAFB_player_32kRPL9q6S7ACrKivStZD4MC-450.webp,57.81,57.81,50,50,0.63,0.5,68.67,39.65,63.4,36.6,13.4,63.4,Over,0.72,0.22,46.74,Yes,,,,,,
N/A,9/26/2026,Eugene Wilson III,Anytime TDs,0.5,demon,https://static.prizepicks.com/images/players/NCAAFB/Eugene_Wilson_NCAAFB_player_YIaRBkHcy90j3WXhs0Q9XwrE-450.webp,https://static.prizepicks.com/images/players/NCAAFB/Eugene_Wilson_NCAAFB_player_YIaRBkHcy90j3WXhs0Q9XwrE-450.webp,57.81,57.81,50,50,0.29,0.5,32.3,80.03,28.76,71.24,-21.24,28.76,Over,0.40,-0.1,25.17,No,,,,,,
N/A,9/26/2026,Isaiah Horton,Anytime TDs,0.5,demon,https://static.prizepicks.com/images/players/NCAAFB/Isaiah_Horton_NCAAFB_player_2osH1XCcRPhcwS2SZDCFkkE7-450.webp,https://static.prizepicks.com/images/players/NCAAFB/Isaiah_Horton_NCAAFB_player_2osH1XCcRPhcwS2SZDCFkkE7-450.webp,57.81,57.81,50,50,0.3,0.5,33.79,78.18,30.18,69.82,-19.82,30.18,Over,0.52,0.02,25.92,Yes,,,,,,
N/A,9/26/2026,Jackson Harris,Anytime TDs,0.5,demon,https://static.prizepicks.com/images/players/NCAAFB/Jackson_Harris_NCAAFB_player_r3nUTYzuQ3MNDVaWNQTyHcxm-450.webp,https://static.prizepicks.com/images/players/NCAAFB/Jackson_Harris_NCAAFB_player_r3nUTYzuQ3MNDVaWNQTyHcxm-450.webp,57.81,57.81,50,50,0.27,0.5,30.26,82.63,26.82,73.18,-23.18,26.82,Over,0.51,0.01,23.66,Yes,,,,,,
N/A,9/26/2026,Jayce Brown,Anytime TDs,0.5,demon,https://static.prizepicks.com/images/players/NCAAFB/Jayce_Brown_NCAAFB_player_MwXj9d4FVdx6T6f8MvtWpftI-450.webp,https://static.prizepicks.com/images/players/NCAAFB/Jayce_Brown_NCAAFB_player_MwXj9d4FVdx6T6f8MvtWpftI-450.webp,57.81,57.81,50,50,0.17,0.5,19.53,96.51,16.83,83.17,-33.17,16.83,Over,0.52,0.02,15.63,Yes,,,,,,
N/A,9/26/2026,KJ Edwards,Anytime TDs,0.5,demon,https://static.prizepicks.com/images/players/NCAAFB/KJ_Edwards_NCAAFB_player_gbMPcp2dlg2ZrONxFr3w5CqW-450.webp,https://static.prizepicks.com/images/players/NCAAFB/KJ_Edwards_NCAAFB_player_gbMPcp2dlg2ZrONxFr3w5CqW-450.webp,57.81,57.81,50,50,0.21,0.5,24.46,89.69,21.45,78.55,-28.55,21.45,Over,0.31,-0.19,18.94,No,,,,,,
N/A,9/26/2026,Marcel Reed,Anytime TDs,0.5,demon,https://static.prizepicks.com/images/players/NCAAFB/Marcel_Reed_NCAAFB_player_FDpYQiPBfJXrMcu7RCP47XDy-450.webp,https://static.prizepicks.com/images/players/NCAAFB/Marcel_Reed_NCAAFB_player_FDpYQiPBfJXrMcu7RCP47XDy-450.webp,57.81,57.81,50,50,0.36,0.5,40.12,70.72,36.21,63.79,-13.79,36.21,Over,0.50,0,30.23,No,,,,,,
N/A,9/26/2026,Mario Craver,Anytime TDs,0.5,demon,https://static.prizepicks.com/images/players/NCAAFB/Mario_Craver_NCAAFB_player_MBSqnHFfEtPET61cHynBucNs-450.webp,https://static.prizepicks.com/images/players/NCAAFB/Mario_Craver_NCAAFB_player_MBSqnHFfEtPET61cHynBucNs-450.webp,57.81,57.81,50,50,0.33,0.5,37.2,74.11,33.43,66.57,-16.57,33.43,Over,0.56,0.06,28.11,Yes,,,,,,
N/A,9/26/2026,Micah Riley,Anytime TDs,0.5,demon,https://static.prizepicks.com/images/players/NCAAFB/Micah_Riley_NCAAFB_player_i8euyUSGucNadvJfatITa4nh-450.webp,https://static.prizepicks.com/images/players/NCAAFB/Micah_Riley_NCAAFB_player_i8euyUSGucNadvJfatITa4nh-450.webp,57.81,57.81,50,50,0.1,0.5,10.84,96.84,9.99,90.01,-40.01,9.99,Over,0.29,-0.21,9.52,No,,,,,,
N/A,9/26/2026,Sam Leavitt,Anytime TDs,0.5,goblin,https://static.prizepicks.com/images/players/NCAAFB/Sam_Leavitt_NCAAFB_player_lGQIS7Dg5zt1KqNfkYLl2FG4-450.webp,https://static.prizepicks.com/images/players/NCAAFB/Sam_Leavitt_NCAAFB_player_lGQIS7Dg5zt1KqNfkYLl2FG4-450.webp,57.81,57.81,50,50,0.61,0.5,66.53,41.91,61.36,38.64,11.36,61.36,Over,0.50,0,45.66,No,,,,,,
N/A,9/26/2026,Stacy Gage,Anytime TDs,0.5,demon,https://static.prizepicks.com/images/players/NCAAFB/Stacy_Gage_NCAAFB_player_zd6eSVn5QHGxANw7MrTxFGHI-450.webp,https://static.prizepicks.com/images/players/NCAAFB/Stacy_Gage_NCAAFB_player_zd6eSVn5QHGxANw7MrTxFGHI-450.webp,57.81,57.81,50,50,0.21,0.5,23.62,91.48,20.55,79.45,-29.45,20.55,Over,0.47,-0.03,18.94,No,,,,,,
N/A,9/26/2026,Winston Watkins Jr.,Anytime TDs,0.5,demon,https://static.prizepicks.com/images/players/NCAAFB/Winston_Watkins_NCAAFB_player_hKNVs9P7UYFkec0IHYphfalr-450.webp,https://static.prizepicks.com/images/players/NCAAFB/Winston_Watkins_NCAAFB_player_hKNVs9P7UYFkec0IHYphfalr-450.webp,57.81,57.81,50,50,0.44,0.5,48,61.87,43.72,56.28,-6.28,43.72,Over,0.40,-0.1,35.6,No,,,,,,
N/A,9/26/2026,Zach Grace,Anytime TDs,0.5,demon,https://static.prizepicks.com/images/players/NCAAFB/Zach_Grace_NCAAFB_player_fzLwQHu3TgiokO99AQc7EZNx-450.webp,https://static.prizepicks.com/images/players/NCAAFB/Zach_Grace_NCAAFB_player_fzLwQHu3TgiokO99AQc7EZNx-450.webp,57.81,57.81,50,50,0.17,0.5,19.89,95.93,17.17,82.83,-32.83,17.17,Over,0.36,-0.14,15.63,No,,,,,,
N/A,9/26/2026,Ashton Bethel-Roman,Anytime TDs,0.5,demon,https://static.prizepicks.com/images/players/NCAAFB/Ashton_Bethel-Roman_NCAAFB_player_61wvMCjMKOr8xJXqPlq98VjU-450.webp,https://static.prizepicks.com/images/players/NCAAFB/Ashton_Bethel-Roman_NCAAFB_player_61wvMCjMKOr8xJXqPlq98VjU-450.webp,57.81,57.81,50,50,0.12,0.5,12.9,96.86,11.58,88.42,-38.42,11.58,Over,0.49,-0.01,11.31,No,,,,,,
N/A,9/26/2026,Caden Durham,Anytime TDs,0.5,demon,https://static.prizepicks.com/images/players/NCAAFB/Caden_Durham_NCAAFB_player_AvoVr8ww5XrL2Ie2j8qRTlhI-450.webp,https://static.prizepicks.com/images/players/NCAAFB/Caden_Durham_NCAAFB_player_AvoVr8ww5XrL2Ie2j8qRTlhI-450.webp,57.81,57.81,50,50,0.14,0.5,16.01,97.56,14.1,85.9,-35.9,14.1,Over,0.50,0,13.06,No,,,,,,
N/A,9/26/2026,Carsyn Baker,Anytime TDs,0.5,demon,https://static.prizepicks.com/images/players/NCAAFB/Carsyn_Baker_NCAAFB_player_vG2YxtpjgUYJNphe0vTbG0IF-450.webp,https://static.prizepicks.com/images/players/NCAAFB/Carsyn_Baker_NCAAFB_player_vG2YxtpjgUYJNphe0vTbG0IF-450.webp,57.81,57.81,50,50,0.3,0.5,32.61,77.3,29.85,70.16,-20.15,29.85,Over,0.42,-0.08,25.92,No,,,,,,
N/A,9/26/2026,Harlem Berry,Anytime TDs,0.5,demon,https://static.prizepicks.com/images/players/NCAAFB/Harlem_Berry_NCAAFB_player_DLWY7VBDbOxqJGWOUw94Ar3h-450.webp,https://static.prizepicks.com/images/players/NCAAFB/Harlem_Berry_NCAAFB_player_DLWY7VBDbOxqJGWOUw94Ar3h-450.webp,57.81,57.81,50,50,0.16,0.5,17.87,96.27,15.63,84.37,-34.37,15.63,Over,0.50,0,14.79,No,,,,,,
N/A,9/26/2026,Malachi Thomas,Anytime TDs,0.5,demon,https://static.prizepicks.com/images/players/NCAAFB/Malachi_Thomas_NCAAFB_player_QSflpp4WvafC9vXZlnkc5lJR-450.webp,https://static.prizepicks.com/images/players/NCAAFB/Malachi_Thomas_NCAAFB_player_QSflpp4WvafC9vXZlnkc5lJR-450.webp,57.81,57.81,50,50,0.17,0.5,19.27,96.72,16.62,83.38,-33.38,16.62,Over,0.32,-0.18,15.63,No,,,,,,
N/A,9/26/2026,Malik Elzy,Anytime TDs,0.5,demon,https://static.prizepicks.com/images/players/NCAAFB/Malik_Elzy_NCAAFB_player_hHDvBrLDUhNBe5aM5nCy1anL-450.webp,https://static.prizepicks.com/images/players/NCAAFB/Malik_Elzy_NCAAFB_player_hHDvBrLDUhNBe5aM5nCy1anL-450.webp,57.81,57.81,50,50,0.15,0.5,16.67,97.61,14.58,85.42,-35.42,14.58,Over,0.50,0,13.93,No,,,,,,
N/A,9/26/2026,Rueben Owens II,Anytime TDs,0.5,standard,https://static.prizepicks.com/images/players/NCAAFB/Rueben_Owens_NCAAFB_player_6I3d1TJrZglYxyvUBEQtH15f-450.webp,https://static.prizepicks.com/images/players/NCAAFB/Rueben_Owens_NCAAFB_player_6I3d1TJrZglYxyvUBEQtH15f-450.webp,57.81,57.81,50,50,0.48,0.5,52.62,56.76,48.11,51.89,-1.89,51.89,Under,1.16,0.66,61.88,No,,,,,,
N/A,9/26/2026,Sam Leavitt,INT,0.5,demon,https://static.prizepicks.com/images/players/NCAAFB/Sam_Leavitt_NCAAFB_player_lGQIS7Dg5zt1KqNfkYLl2FG4-450.webp,https://static.prizepicks.com/images/players/NCAAFB/Sam_Leavitt_NCAAFB_player_lGQIS7Dg5zt1KqNfkYLl2FG4-450.webp,57.81,57.81,50,50,0.54,0.5,45.47,63.94,41.56,58.44,-8.44,41.56,Over,0.52,0.02,41.73,Yes,,,,,,
N/A,9/26/2026,Dilin Jones,Rec TDs,0.5,demon,https://static.prizepicks.com/images/players/NCAAFB/Dilin_Jones_NCAAFB_player_32kRPL9q6S7ACrKivStZD4MC-450.webp,https://static.prizepicks.com/images/players/NCAAFB/Dilin_Jones_NCAAFB_player_32kRPL9q6S7ACrKivStZD4MC-450.webp,57.81,57.81,50,50,0.5,,,,,,,,,0.03,-0.47,39.35,,,,,,,
N/A,9/26/2026,Dilin Jones,Rush TDs,0.5,goblin,https://static.prizepicks.com/images/players/NCAAFB/Dilin_Jones_NCAAFB_player_32kRPL9q6S7ACrKivStZD4MC-450.webp,https://static.prizepicks.com/images/players/NCAAFB/Dilin_Jones_NCAAFB_player_32kRPL9q6S7ACrKivStZD4MC-450.webp,57.81,57.81,50,50,0.5,,,,,,,,,0.90,0.4,39.35,,,,,,,
N/A,9/26/2026,Eugene Wilson III,Rec TDs,0.5,demon,https://static.prizepicks.com/images/players/NCAAFB/Eugene_Wilson_NCAAFB_player_YIaRBkHcy90j3WXhs0Q9XwrE-450.webp,https://static.prizepicks.com/images/players/NCAAFB/Eugene_Wilson_NCAAFB_player_YIaRBkHcy90j3WXhs0Q9XwrE-450.webp,57.81,57.81,50,50,0.5,,,,,,,,,0.14,-0.36,39.35,,,,,,,
N/A,9/26/2026,Isaiah Horton,Rec TDs,0.5,demon,https://static.prizepicks.com/images/players/NCAAFB/Isaiah_Horton_NCAAFB_player_2osH1XCcRPhcwS2SZDCFkkE7-450.webp,https://static.prizepicks.com/images/players/NCAAFB/Isaiah_Horton_NCAAFB_player_2osH1XCcRPhcwS2SZDCFkkE7-450.webp,57.81,57.81,50,50,0.5,,,,,,,,,0.56,0.06,39.35,,,,,,,
N/A,9/26/2026,Jackson Harris,Rec TDs,0.5,demon,https://static.prizepicks.com/images/players/NCAAFB/Jackson_Harris_NCAAFB_player_r3nUTYzuQ3MNDVaWNQTyHcxm-450.webp,https://static.prizepicks.com/images/players/NCAAFB/Jackson_Harris_NCAAFB_player_r3nUTYzuQ3MNDVaWNQTyHcxm-450.webp,57.81,57.81,50,50,0.5,,,,,,,,,0.40,-0.1,39.35,,,,,,,
N/A,9/26/2026,Jayce Brown,Rec TDs,0.5,demon,https://static.prizepicks.com/images/players/NCAAFB/Jayce_Brown_NCAAFB_player_MwXj9d4FVdx6T6f8MvtWpftI-450.webp,https://static.prizepicks.com/images/players/NCAAFB/Jayce_Brown_NCAAFB_player_MwXj9d4FVdx6T6f8MvtWpftI-450.webp,57.81,57.81,50,50,0.5,,,,,,,,,0.12,-0.38,39.35,,,,,,,
N/A,9/26/2026,Marcel Reed,Rush TDs,0.5,demon,https://static.prizepicks.com/images/players/NCAAFB/Marcel_Reed_NCAAFB_player_FDpYQiPBfJXrMcu7RCP47XDy-450.webp,https://static.prizepicks.com/images/players/NCAAFB/Marcel_Reed_NCAAFB_player_FDpYQiPBfJXrMcu7RCP47XDy-450.webp,57.81,57.81,50,50,0.5,,,,,,,,,0.35,-0.15,39.35,,,,,,,
N/A,9/26/2026,Mario Craver,Rec TDs,0.5,demon,https://static.prizepicks.com/images/players/NCAAFB/Mario_Craver_NCAAFB_player_MBSqnHFfEtPET61cHynBucNs-450.webp,https://static.prizepicks.com/images/players/NCAAFB/Mario_Craver_NCAAFB_player_MBSqnHFfEtPET61cHynBucNs-450.webp,57.81,57.81,50,50,0.5,,,,,,,,,0.32,-0.18,39.35,,,,,,,
N/A,9/26/2026,Rueben Owens II,Rec TDs,0.5,demon,https://static.prizepicks.com/images/players/NCAAFB/Rueben_Owens_NCAAFB_player_6I3d1TJrZglYxyvUBEQtH15f-450.webp,https://static.prizepicks.com/images/players/NCAAFB/Rueben_Owens_NCAAFB_player_6I3d1TJrZglYxyvUBEQtH15f-450.webp,57.81,57.81,50,50,0.5,,,,,,,,,0.02,-0.48,39.35,,,,,,,
N/A,9/26/2026,Rueben Owens II,Rush TDs,0.5,demon,https://static.prizepicks.com/images/players/NCAAFB/Rueben_Owens_NCAAFB_player_6I3d1TJrZglYxyvUBEQtH15f-450.webp,https://static.prizepicks.com/images/players/NCAAFB/Rueben_Owens_NCAAFB_player_6I3d1TJrZglYxyvUBEQtH15f-450.webp,57.81,57.81,50,50,0.5,,,,,,,,,0.42,-0.08,39.35,,,,,,,
N/A,9/26/2026,Stacy Gage,Rush TDs,0.5,demon,https://static.prizepicks.com/images/players/NCAAFB/Stacy_Gage_NCAAFB_player_zd6eSVn5QHGxANw7MrTxFGHI-450.webp,https://static.prizepicks.com/images/players/NCAAFB/Stacy_Gage_NCAAFB_player_zd6eSVn5QHGxANw7MrTxFGHI-450.webp,57.81,57.81,50,50,0.5,,,,,,,,,0.23,-0.27,39.35,,,,,,,
N/A,9/26/2026,Winston Watkins Jr.,Rec TDs,0.5,demon,https://static.prizepicks.com/images/players/NCAAFB/Winston_Watkins_NCAAFB_player_hKNVs9P7UYFkec0IHYphfalr-450.webp,https://static.prizepicks.com/images/players/NCAAFB/Winston_Watkins_NCAAFB_player_hKNVs9P7UYFkec0IHYphfalr-450.webp,57.81,57.81,50,50,0.5,,,,,,,,,0.28,-0.22,39.35,,,,,,,
N/A,9/26/2026,Zach Grace,Rec TDs,0.5,demon,https://static.prizepicks.com/images/players/NCAAFB/Zach_Grace_NCAAFB_player_fzLwQHu3TgiokO99AQc7EZNx-450.webp,https://static.prizepicks.com/images/players/NCAAFB/Zach_Grace_NCAAFB_player_fzLwQHu3TgiokO99AQc7EZNx-450.webp,57.81,57.81,50,50,0.5,,,,,,,,,0.20,-0.3,39.35,,,,,,,
N/A,9/26/2026,Sam Leavitt,Rush TDs,0.5,goblin,https://static.prizepicks.com/images/players/NCAAFB/Sam_Leavitt_NCAAFB_player_lGQIS7Dg5zt1KqNfkYLl2FG4-450.webp,https://static.prizepicks.com/images/players/NCAAFB/Sam_Leavitt_NCAAFB_player_lGQIS7Dg5zt1KqNfkYLl2FG4-450.webp,57.81,57.81,50,50,0.5,,,,,,,,,0.40,-0.1,39.35,,,,,,,
N/A,9/26/2026,Stacy Gage,Rec TDs,0.5,demon,https://static.prizepicks.com/images/players/NCAAFB/Stacy_Gage_NCAAFB_player_zd6eSVn5QHGxANw7MrTxFGHI-450.webp,https://static.prizepicks.com/images/players/NCAAFB/Stacy_Gage_NCAAFB_player_zd6eSVn5QHGxANw7MrTxFGHI-450.webp,57.81,57.81,50,50,0.5,,,,,,,,,0.11,-0.39,39.35,,,,,,,
N/A,9/26/2026,Houston Thomas,Anytime TDs,0.5,demon,https://static.prizepicks.com/images/players/NCAAFB/Houston_Thomas_NCAAFB_player_8RtJ5lZ2Boz6LC9W90TUZpa-450.webp,https://static.prizepicks.com/images/players/NCAAFB/Houston_Thomas_NCAAFB_player_8RtJ5lZ2Boz6LC9W90TUZpa-450.webp,57.81,57.81,50,50,0.08,0.5,8.93,96.58,8.44,91.56,-41.56,8.44,Over,0.36,-0.14,7.69,No,,,,,,
N/A,9/26/2026,Micah Riley,Rec TDs,0.5,demon,https://static.prizepicks.com/images/players/NCAAFB/Micah_Riley_NCAAFB_player_i8euyUSGucNadvJfatITa4nh-450.webp,https://static.prizepicks.com/images/players/NCAAFB/Micah_Riley_NCAAFB_player_i8euyUSGucNadvJfatITa4nh-450.webp,57.81,57.81,50,50,0.5,,,,,,,,,0.17,-0.33,39.35,,,,,,,
N/A,9/26/2026,KJ Edwards,Rush TDs,0.5,demon,https://static.prizepicks.com/images/players/NCAAFB/KJ_Edwards_NCAAFB_player_gbMPcp2dlg2ZrONxFr3w5CqW-450.webp,https://static.prizepicks.com/images/players/NCAAFB/KJ_Edwards_NCAAFB_player_gbMPcp2dlg2ZrONxFr3w5CqW-450.webp,57.81,57.81,50,50,0.5,,,,,,,,,0.08,-0.42,39.35,,,,,,,
N/A,9/26/2026,KJ Edwards,Rec TDs,0.5,demon,https://static.prizepicks.com/images/players/NCAAFB/KJ_Edwards_NCAAFB_player_gbMPcp2dlg2ZrONxFr3w5CqW-450.webp,https://static.prizepicks.com/images/players/NCAAFB/KJ_Edwards_NCAAFB_player_gbMPcp2dlg2ZrONxFr3w5CqW-450.webp,57.81,57.81,50,50,0.5,,,,,,,,,0.01,-0.49,39.35,,,,,,,
N/A,9/26/2026,Ashton Bethel-Roman,Rec TDs,0.5,demon,https://static.prizepicks.com/images/players/NCAAFB/Ashton_Bethel-Roman_NCAAFB_player_61wvMCjMKOr8xJXqPlq98VjU-450.webp,https://static.prizepicks.com/images/players/NCAAFB/Ashton_Bethel-Roman_NCAAFB_player_61wvMCjMKOr8xJXqPlq98VjU-450.webp,57.81,57.81,50,50,0.5,,,,,,,,,0.13,-0.37,39.35,,,,,,,
N/A,9/26/2026,Houston Thomas,Rec TDs,0.5,demon,https://static.prizepicks.com/images/players/NCAAFB/Houston_Thomas_NCAAFB_player_8RtJ5lZ2Boz6LC9W90TUZpa-450.webp,https://static.prizepicks.com/images/players/NCAAFB/Houston_Thomas_NCAAFB_player_8RtJ5lZ2Boz6LC9W90TUZpa-450.webp,57.81,57.81,50,50,0.5,,,,,,,,,0.09,-0.41,39.35,,,,,,,
N/A,9/26/2026,Aaron Gregory,Rec TDs,0.5,demon,https://static.prizepicks.com/images/players/NCAAFB/Aaron_Gregory_NCAAFB_player_GxnyyJCjM7P3Q0ihCB5qOXQv-450.webp,https://static.prizepicks.com/images/players/NCAAFB/Aaron_Gregory_NCAAFB_player_GxnyyJCjM7P3Q0ihCB5qOXQv-450.webp,57.81,57.81,50,50,0.5,,,,,,,,,0.15,-0.35,39.35,,,,,,,
N/A,9/26/2026,Kamario Taylor,Pass+Rush Yds,439.5,demon,https://static.prizepicks.com/images/players/NCAAFB/Kamario_Taylor_NCAAFB_player_qEQvEpL4DBs8gdlI9aZ40PXD-450.webp,https://static.prizepicks.com/images/players/NCAAFB/Kamario_Taylor_NCAAFB_player_qEQvEpL4DBs8gdlI9aZ40PXD-450.webp,57.81,57.81,50,50,338.54,312.83,54.11,55.97,49.25,50.75,-0.75,49.25,Over,313.16,-126.34,10.35,No,,,,,,
N/A,9/26/2026,Austin Simmons,Pass Yards,374.5,demon,https://static.prizepicks.com/images/players/NCAAFB/Austin_Simmons_NCAAFB_player_qHr0WXyYT3Vcg3P5vwbUsElS-450.webp,https://static.prizepicks.com/images/players/NCAAFB/Austin_Simmons_NCAAFB_player_qHr0WXyYT3Vcg3P5vwbUsElS-450.webp,57.81,57.81,50,50,227.53,225.9,55.29,53.55,50.81,49.19,0.81,50.81,Over,226.72,-147.78,3.31,No,,,,,,
N/A,9/26/2026,Kamario Taylor,Pass Yards,339.5,demon,https://static.prizepicks.com/images/players/NCAAFB/Kamario_Taylor_NCAAFB_player_qEQvEpL4DBs8gdlI9aZ40PXD-450.webp,https://static.prizepicks.com/images/players/NCAAFB/Kamario_Taylor_NCAAFB_player_qEQvEpL4DBs8gdlI9aZ40PXD-450.webp,57.81,57.81,50,50,257.98,258,54.38,54.41,49.99,50.01,-0.01,49.99,Over,258.05,-81.45,15.41,No,,,,,,
N/A,9/26/2026,Kamario Taylor,Pass+Rush Yds,329.5,demon,https://static.prizepicks.com/images/players/NCAAFB/Kamario_Taylor_NCAAFB_player_qEQvEpL4DBs8gdlI9aZ40PXD-450.webp,https://static.prizepicks.com/images/players/NCAAFB/Kamario_Taylor_NCAAFB_player_qEQvEpL4DBs8gdlI9aZ40PXD-450.webp,57.81,57.81,50,50,338.54,312.83,54.11,55.97,49.25,50.75,-0.75,49.25,Over,313.16,-16.34,54.5,No,,,,,,
N/A,9/26/2026,Kamario Taylor,Pass+Rush Yds,316.5,standard,https://static.prizepicks.com/images/players/NCAAFB/Kamario_Taylor_NCAAFB_player_qEQvEpL4DBs8gdlI9aZ40PXD-450.webp,https://static.prizepicks.com/images/players/NCAAFB/Kamario_Taylor_NCAAFB_player_qEQvEpL4DBs8gdlI9aZ40PXD-450.webp,57.81,57.81,50,50,338.54,312.83,54.11,55.97,49.25,50.75,-0.75,50.75,Under,313.16,-3.34,39.15,Yes,,,,,,
N/A,9/26/2026,Kamario Taylor,Pass+Rush Yds,309.5,goblin,https://static.prizepicks.com/images/players/NCAAFB/Kamario_Taylor_NCAAFB_player_qEQvEpL4DBs8gdlI9aZ40PXD-450.webp,https://static.prizepicks.com/images/players/NCAAFB/Kamario_Taylor_NCAAFB_player_qEQvEpL4DBs8gdlI9aZ40PXD-450.webp,57.81,57.81,50,50,338.54,312.83,54.11,55.97,49.25,50.75,-0.75,49.25,Over,313.16,3.66,64.17,Yes,,,,,,
N/A,9/26/2026,Kamario Taylor,Pass Yards,269.5,demon,https://static.prizepicks.com/images/players/NCAAFB/Kamario_Taylor_NCAAFB_player_qEQvEpL4DBs8gdlI9aZ40PXD-450.webp,https://static.prizepicks.com/images/players/NCAAFB/Kamario_Taylor_NCAAFB_player_qEQvEpL4DBs8gdlI9aZ40PXD-450.webp,57.81,57.81,50,50,257.98,258,54.38,54.41,49.99,50.01,-0.01,49.99,Over,258.05,-11.45,44.28,No,,,,,,
N/A,9/26/2026,Kamario Taylor,Pass Yards,268.5,demon,https://static.prizepicks.com/images/players/NCAAFB/Kamario_Taylor_NCAAFB_player_qEQvEpL4DBs8gdlI9aZ40PXD-450.webp,https://static.prizepicks.com/images/players/NCAAFB/Kamario_Taylor_NCAAFB_player_qEQvEpL4DBs8gdlI9aZ40PXD-450.webp,57.81,57.81,50,50,257.98,258,54.38,54.41,49.99,50.01,-0.01,49.99,Over,258.05,-10.45,44.77,No,,,,,,
N/A,9/26/2026,Kamario Taylor,Pass Yards,258.5,standard,https://static.prizepicks.com/images/players/NCAAFB/Kamario_Taylor_NCAAFB_player_qEQvEpL4DBs8gdlI9aZ40PXD-450.webp,https://static.prizepicks.com/images/players/NCAAFB/Kamario_Taylor_NCAAFB_player_qEQvEpL4DBs8gdlI9aZ40PXD-450.webp,57.81,57.81,50,50,257.98,258,54.38,54.41,49.99,50.01,-0.01,50.01,Under,258.05,-0.45,50.26,Yes,,,,,,
N/A,9/26/2026,Austin Simmons,Pass Yards,249.5,demon,https://static.prizepicks.com/images/players/NCAAFB/Austin_Simmons_NCAAFB_player_qHr0WXyYT3Vcg3P5vwbUsElS-450.webp,https://static.prizepicks.com/images/players/NCAAFB/Austin_Simmons_NCAAFB_player_qHr0WXyYT3Vcg3P5vwbUsElS-450.webp,57.81,57.81,50,50,227.53,225.9,55.29,53.55,50.81,49.19,0.81,50.81,Over,226.72,-22.78,39.18,No,,,,,,
N/A,9/26/2026,Kamario Taylor,Pass Yards,249.5,goblin,https://static.prizepicks.com/images/players/NCAAFB/Kamario_Taylor_NCAAFB_player_qEQvEpL4DBs8gdlI9aZ40PXD-450.webp,https://static.prizepicks.com/images/players/NCAAFB/Kamario_Taylor_NCAAFB_player_qEQvEpL4DBs8gdlI9aZ40PXD-450.webp,57.81,57.81,50,50,257.98,258,54.38,54.41,49.99,50.01,-0.01,49.99,Over,258.05,8.55,54.22,Yes,,,,,,
N/A,9/26/2026,Kamario Taylor,Pass+Rush Yds,239.5,goblin,https://static.prizepicks.com/images/players/NCAAFB/Kamario_Taylor_NCAAFB_player_qEQvEpL4DBs8gdlI9aZ40PXD-450.webp,https://static.prizepicks.com/images/players/NCAAFB/Kamario_Taylor_NCAAFB_player_qEQvEpL4DBs8gdlI9aZ40PXD-450.webp,57.81,57.81,50,50,338.54,312.83,54.11,55.97,49.25,50.75,-0.75,49.25,Over,313.16,73.66,89.21,Yes,,,,,,
N/A,9/26/2026,Austin Simmons,Pass Yards,233.5,demon,https://static.prizepicks.com/images/players/NCAAFB/Austin_Simmons_NCAAFB_player_qHr0WXyYT3Vcg3P5vwbUsElS-450.webp,https://static.prizepicks.com/images/players/NCAAFB/Austin_Simmons_NCAAFB_player_qHr0WXyYT3Vcg3P5vwbUsElS-450.webp,57.81,57.81,50,50,227.53,225.9,55.29,53.55,50.81,49.19,0.81,50.81,Over,226.72,-6.78,47.03,No,,,,,,
N/A,9/26/2026,Austin Simmons,Pass Yards,230.5,standard,https://static.prizepicks.com/images/players/NCAAFB/Austin_Simmons_NCAAFB_player_qHr0WXyYT3Vcg3P5vwbUsElS-450.webp,https://static.prizepicks.com/images/players/NCAAFB/Austin_Simmons_NCAAFB_player_qHr0WXyYT3Vcg3P5vwbUsElS-450.webp,57.81,57.81,50,50,227.53,225.9,55.29,53.55,50.81,49.19,0.81,50.81,Over,226.72,-3.78,48.52,No,,,,,,
N/A,9/26/2026,Austin Simmons,Pass+Rush Yds,230.5,standard,https://static.prizepicks.com/images/players/NCAAFB/Austin_Simmons_NCAAFB_player_qHr0WXyYT3Vcg3P5vwbUsElS-450.webp,https://static.prizepicks.com/images/players/NCAAFB/Austin_Simmons_NCAAFB_player_qHr0WXyYT3Vcg3P5vwbUsElS-450.webp,57.81,57.81,50,50,251.97,230.4,54.68,53.86,50.38,49.63,0.38,50.38,Over,230.37,-0.13,60.58,No,,,,,,
N/A,9/26/2026,Austin Simmons,Pass+Rush Yds,227.5,goblin,https://static.prizepicks.com/images/players/NCAAFB/Austin_Simmons_NCAAFB_player_qHr0WXyYT3Vcg3P5vwbUsElS-450.webp,https://static.prizepicks.com/images/players/NCAAFB/Austin_Simmons_NCAAFB_player_qHr0WXyYT3Vcg3P5vwbUsElS-450.webp,57.81,57.81,50,50,251.97,230.4,54.68,53.86,50.38,49.63,0.38,50.38,Over,230.37,2.87,62.02,Yes,,,,,,
N/A,9/26/2026,Jamal Roberts,Rush Yards,224.5,demon,https://static.prizepicks.com/images/players/NCAAFB/Jamal_Roberts_NCAAFB_player_xLl2ynTGMtJJo0UA51aRABxU-450.webp,https://static.prizepicks.com/images/players/NCAAFB/Jamal_Roberts_NCAAFB_player_xLl2ynTGMtJJo0UA51aRABxU-450.webp,57.81,57.81,50,50,102.35,102.8,53.96,54.7,49.65,50.35,-0.35,49.65,Over,102.66,-121.84,0.73,No,,,,,,
N/A,9/26/2026,Austin Simmons,Pass Yards,219.5,goblin,https://static.prizepicks.com/images/players/NCAAFB/Austin_Simmons_NCAAFB_player_qHr0WXyYT3Vcg3P5vwbUsElS-450.webp,https://static.prizepicks.com/images/players/NCAAFB/Austin_Simmons_NCAAFB_player_qHr0WXyYT3Vcg3P5vwbUsElS-450.webp,57.81,57.81,50,50,227.53,225.9,55.29,53.55,50.81,49.19,0.81,50.81,Over,226.72,7.22,54,Yes,,,,,,
N/A,9/26/2026,Kamario Taylor,Pass Yards,199.5,goblin,https://static.prizepicks.com/images/players/NCAAFB/Kamario_Taylor_NCAAFB_player_qEQvEpL4DBs8gdlI9aZ40PXD-450.webp,https://static.prizepicks.com/images/players/NCAAFB/Kamario_Taylor_NCAAFB_player_qEQvEpL4DBs8gdlI9aZ40PXD-450.webp,57.81,57.81,50,50,257.98,258,54.38,54.41,49.99,50.01,-0.01,49.99,Over,258.05,58.55,76.76,Yes,,,,,,
N/A,9/26/2026,Anthony Evans III,Receiving Yards,199.5,demon,https://static.prizepicks.com/images/players/NCAAFB/Anthony_Evans_NCAAFB_player_52Bd7MMmgNRPlBhj6W6tHIj9-450.webp,https://static.prizepicks.com/images/players/NCAAFB/Anthony_Evans_NCAAFB_player_52Bd7MMmgNRPlBhj6W6tHIj9-450.webp,57.81,57.81,50,50,81.07,81.5,53.73,54.63,49.57,50.43,-0.43,49.57,Over,81.43,-118.07,0.15,No,,,,,,
N/A,9/26/2026,Fluff Bothwell,Rush Yards,199.5,demon,https://static.prizepicks.com/images/players/NCAAFB/Fluff_Bothwell_NCAAFB_player_Lnu6mAA8kXfzVSAmeKSylL1W-450.webp,https://static.prizepicks.com/images/players/NCAAFB/Fluff_Bothwell_NCAAFB_player_Lnu6mAA8kXfzVSAmeKSylL1W-450.webp,57.81,57.81,50,50,84.88,84.5,54.61,53.96,50.31,49.69,0.31,50.31,Over,85.58,-113.92,1.09,No,,,,,,
N/A,9/26/2026,Kamario Taylor,Pass Yards,174.5,goblin,https://static.prizepicks.com/images/players/NCAAFB/Kamario_Taylor_NCAAFB_player_qEQvEpL4DBs8gdlI9aZ40PXD-450.webp,https://static.prizepicks.com/images/players/NCAAFB/Kamario_Taylor_NCAAFB_player_qEQvEpL4DBs8gdlI9aZ40PXD-450.webp,57.81,57.81,50,50,257.98,258,54.38,54.41,49.99,50.01,-0.01,49.99,Over,258.05,83.55,85.16,Yes,,,,,,
N/A,9/26/2026,Cayden Lee,Receiving Yards,174.5,demon,https://static.prizepicks.com/images/players/NCAAFB/Cayden_Lee_NCAAFB_player_n1Ua5zhliIw6y5aNVT5WBuE7-450.webp,https://static.prizepicks.com/images/players/NCAAFB/Cayden_Lee_NCAAFB_player_n1Ua5zhliIw6y5aNVT5WBuE7-450.webp,57.81,57.81,50,50,66.55,66.2,54.8,54.05,50.35,49.65,0.35,50.35,Over,66.14,-108.36,0.35,No,,,,,,
N/A,9/26/2026,Donovan Olugbode,Receiving Yards,174.5,demon,https://static.prizepicks.com/images/players/NCAAFB/Donovan_Olugbode_NCAAFB_player_eH5LHDLlHaaeRGtePlgq2XTs-450.webp,https://static.prizepicks.com/images/players/NCAAFB/Donovan_Olugbode_NCAAFB_player_eH5LHDLlHaaeRGtePlgq2XTs-450.webp,57.81,57.81,50,50,65.7,65.6,54.78,54.39,50.18,49.82,0.18,50.18,Over,65.91,-108.59,0.33,No,,,,,,
N/A,9/26/2026,Austin Simmons,Pass Yards,159.5,goblin,https://static.prizepicks.com/images/players/NCAAFB/Austin_Simmons_NCAAFB_player_qHr0WXyYT3Vcg3P5vwbUsElS-450.webp,https://static.prizepicks.com/images/players/NCAAFB/Austin_Simmons_NCAAFB_player_qHr0WXyYT3Vcg3P5vwbUsElS-450.webp,57.81,57.81,50,50,227.53,225.9,55.29,53.55,50.81,49.19,0.81,50.81,Over,226.72,67.22,80.24,Yes,,,,,,
N/A,9/26/2026,Kamario Taylor,Rush Yards,149.5,demon,https://static.prizepicks.com/images/players/NCAAFB/Kamario_Taylor_NCAAFB_player_qEQvEpL4DBs8gdlI9aZ40PXD-450.webp,https://static.prizepicks.com/images/players/NCAAFB/Kamario_Taylor_NCAAFB_player_qEQvEpL4DBs8gdlI9aZ40PXD-450.webp,57.81,57.81,50,50,54.43,54.83,53.83,57.53,48.5,51.5,-1.5,48.5,Over,55.11,-94.39,2.86,No,,,,,,
N/A,9/26/2026,Austin Simmons,Pass Yards,149.5,goblin,https://static.prizepicks.com/images/players/NCAAFB/Austin_Simmons_NCAAFB_player_qHr0WXyYT3Vcg3P5vwbUsElS-450.webp,https://static.prizepicks.com/images/players/NCAAFB/Austin_Simmons_NCAAFB_player_qHr0WXyYT3Vcg3P5vwbUsElS-450.webp,57.81,57.81,50,50,227.53,225.9,55.29,53.55,50.81,49.19,0.81,50.81,Over,226.72,77.22,83.53,Yes,,,,,,
N/A,9/26/2026,Marquis Johnson,Receiving Yards,124.5,demon,https://static.prizepicks.com/images/players/NCAAFB/Marquis_Johnson_NCAAFB_player_aqL33boCZYH7OuNMCCd29z2C-450.webp,https://static.prizepicks.com/images/players/NCAAFB/Marquis_Johnson_NCAAFB_player_aqL33boCZYH7OuNMCCd29z2C-450.webp,57.81,57.81,50,50,34.13,33.72,55.32,53.08,51.09,48.91,1.09,51.09,Over,33.56,-90.94,1.19,No,,,,,,
N/A,9/26/2026,Zion Ragins,Receiving Yards,124.5,demon,https://static.prizepicks.com/images/players/NCAAFB/Zion_Ragins_NCAAFB_player_lv0LfglSIYrjK5cTHfhk11eY-450.webp,https://static.prizepicks.com/images/players/NCAAFB/Zion_Ragins_NCAAFB_player_lv0LfglSIYrjK5cTHfhk11eY-450.webp,57.81,57.81,50,50,39.27,39.7,53.89,54.79,49.57,50.43,-0.43,49.57,Over,39.68,-84.82,1.66,No,,,,,,
N/A,9/26/2026,Sanfrisco Magee,Receiving Yards,124.5,demon,https://static.prizepicks.com/images/players/NCAAFB/Sanfrisco_Magee_NCAAFB_player_zxZ3rShDbnJrAa40ZmpDy30o-450.webp,https://static.prizepicks.com/images/players/NCAAFB/Sanfrisco_Magee_NCAAFB_player_zxZ3rShDbnJrAa40ZmpDy30o-450.webp,57.81,57.81,50,50,33.81,34.3,53.62,54.62,49.51,50.49,-0.49,49.51,Over,34.34,-90.16,1.17,No,,,,,,
N/A,9/26/2026,Jamal Roberts,Rush+Rec Yds,110.5,standard,https://static.prizepicks.com/images/players/NCAAFB/Jamal_Roberts_NCAAFB_player_xLl2ynTGMtJJo0UA51aRABxU-450.webp,https://static.prizepicks.com/images/players/NCAAFB/Jamal_Roberts_NCAAFB_player_xLl2ynTGMtJJo0UA51aRABxU-450.webp,57.81,57.81,50,50,110.5,110.5,55.62,55.62,50,50,0,50,Under,108.69,-1.81,50,Yes,,,,,,
N/A,9/26/2026,Jamal Roberts,Rush Yards,106.5,standard,https://static.prizepicks.com/images/players/NCAAFB/Jamal_Roberts_NCAAFB_player_xLl2ynTGMtJJo0UA51aRABxU-450.webp,https://static.prizepicks.com/images/players/NCAAFB/Jamal_Roberts_NCAAFB_player_xLl2ynTGMtJJo0UA51aRABxU-450.webp,57.81,57.81,50,50,102.35,102.8,53.96,54.7,49.65,50.35,-0.35,50.35,Under,102.66,-3.84,53.31,Yes,,,,,,
N/A,9/26/2026,Jamal Roberts,Rush Yards,104.5,standard,https://static.prizepicks.com/images/players/NCAAFB/Jamal_Roberts_NCAAFB_player_xLl2ynTGMtJJo0UA51aRABxU-450.webp,https://static.prizepicks.com/images/players/NCAAFB/Jamal_Roberts_NCAAFB_player_xLl2ynTGMtJJo0UA51aRABxU-450.webp,57.81,57.81,50,50,102.35,102.8,53.96,54.7,49.65,50.35,-0.35,50.35,Under,102.66,-1.84,51.71,Yes,,,,,,
N/A,9/26/2026,Fluff Bothwell,Rush Yards,99.5,demon,https://static.prizepicks.com/images/players/NCAAFB/Fluff_Bothwell_NCAAFB_player_Lnu6mAA8kXfzVSAmeKSylL1W-450.webp,https://static.prizepicks.com/images/players/NCAAFB/Fluff_Bothwell_NCAAFB_player_Lnu6mAA8kXfzVSAmeKSylL1W-450.webp,57.81,57.81,50,50,84.88,84.5,54.61,53.96,50.31,49.69,0.31,50.31,Over,85.58,-13.92,38.5,No,,,,,,
N/A,9/26/2026,Anthony Evans III,Receiving Yards,99.5,demon,https://static.prizepicks.com/images/players/NCAAFB/Anthony_Evans_NCAAFB_player_52Bd7MMmgNRPlBhj6W6tHIj9-450.webp,https://static.prizepicks.com/images/players/NCAAFB/Anthony_Evans_NCAAFB_player_52Bd7MMmgNRPlBhj6W6tHIj9-450.webp,57.81,57.81,50,50,81.07,81.5,53.73,54.63,49.57,50.43,-0.43,49.57,Over,81.43,-18.07,32.25,No,,,,,,
N/A,9/26/2026,Fluff Bothwell,Rush Yards,96.5,demon,https://static.prizepicks.com/images/players/NCAAFB/Fluff_Bothwell_NCAAFB_player_Lnu6mAA8kXfzVSAmeKSylL1W-450.webp,https://static.prizepicks.com/images/players/NCAAFB/Fluff_Bothwell_NCAAFB_player_Lnu6mAA8kXfzVSAmeKSylL1W-450.webp,57.81,57.81,50,50,84.88,84.5,54.61,53.96,50.31,49.69,0.31,50.31,Over,85.58,-10.92,40.81,No,,,,,,
N/A,9/26/2026,Jamal Roberts,Rush Yards,92.5,goblin,https://static.prizepicks.com/images/players/NCAAFB/Jamal_Roberts_NCAAFB_player_xLl2ynTGMtJJo0UA51aRABxU-450.webp,https://static.prizepicks.com/images/players/NCAAFB/Jamal_Roberts_NCAAFB_player_xLl2ynTGMtJJo0UA51aRABxU-450.webp,57.81,57.81,50,50,102.35,102.8,53.96,54.7,49.65,50.35,-0.35,49.65,Over,102.66,10.16,57.81,Yes,,,,,,
N/A,9/26/2026,Anthony Evans III,Receiving Yards,89.5,demon,https://static.prizepicks.com/images/players/NCAAFB/Anthony_Evans_NCAAFB_player_52Bd7MMmgNRPlBhj6W6tHIj9-450.webp,https://static.prizepicks.com/images/players/NCAAFB/Anthony_Evans_NCAAFB_player_52Bd7MMmgNRPlBhj6W6tHIj9-450.webp,57.81,57.81,50,50,81.07,81.5,53.73,54.63,49.57,50.43,-0.43,49.57,Over,81.43,-8.07,41.65,No,,,,,,
N/A,9/26/2026,Fluff Bothwell,Rush+Rec Yds,89.5,standard,https://static.prizepicks.com/images/players/NCAAFB/Fluff_Bothwell_NCAAFB_player_Lnu6mAA8kXfzVSAmeKSylL1W-450.webp,https://static.prizepicks.com/images/players/NCAAFB/Fluff_Bothwell_NCAAFB_player_Lnu6mAA8kXfzVSAmeKSylL1W-450.webp,57.81,57.81,50,50,89.5,89.5,55.62,55.62,50,50,0,50,Under,90.70,1.2,50,No,,,,,,
N/A,9/26/2026,Fluff Bothwell,Rush Yards,85.5,standard,https://static.prizepicks.com/images/players/NCAAFB/Fluff_Bothwell_NCAAFB_player_Lnu6mAA8kXfzVSAmeKSylL1W-450.webp,https://static.prizepicks.com/images/players/NCAAFB/Fluff_Bothwell_NCAAFB_player_Lnu6mAA8kXfzVSAmeKSylL1W-450.webp,57.81,57.81,50,50,84.88,84.5,54.61,53.96,50.31,49.69,0.31,50.31,Over,85.58,0.08,49.51,Yes,,,,,,
N/A,9/26/2026,Anthony Evans III,Receiving Yards,81.5,standard,https://static.prizepicks.com/images/players/NCAAFB/Anthony_Evans_NCAAFB_player_52Bd7MMmgNRPlBhj6W6tHIj9-450.webp,https://static.prizepicks.com/images/players/NCAAFB/Anthony_Evans_NCAAFB_player_52Bd7MMmgNRPlBhj6W6tHIj9-450.webp,57.81,57.81,50,50,81.07,81.5,53.73,54.63,49.57,50.43,-0.43,50.43,Under,81.43,-0.07,50.43,Yes,,,,,,
N/A,9/26/2026,Cayden Lee,Receiving Yards,79.5,demon,https://static.prizepicks.com/images/players/NCAAFB/Cayden_Lee_NCAAFB_player_n1Ua5zhliIw6y5aNVT5WBuE7-450.webp,https://static.prizepicks.com/images/players/NCAAFB/Cayden_Lee_NCAAFB_player_n1Ua5zhliIw6y5aNVT5WBuE7-450.webp,57.81,57.81,50,50,66.55,66.2,54.8,54.05,50.35,49.65,0.35,50.35,Over,66.14,-13.36,37.31,No,,,,,,
N/A,9/26/2026,Fluff Bothwell,Rush Yards,79.5,goblin,https://static.prizepicks.com/images/players/NCAAFB/Fluff_Bothwell_NCAAFB_player_Lnu6mAA8kXfzVSAmeKSylL1W-450.webp,https://static.prizepicks.com/images/players/NCAAFB/Fluff_Bothwell_NCAAFB_player_Lnu6mAA8kXfzVSAmeKSylL1W-450.webp,57.81,57.81,50,50,84.88,84.5,54.61,53.96,50.31,49.69,0.31,50.31,Over,85.58,6.08,54.28,Yes,,,,,,
N/A,9/26/2026,Donovan Olugbode,Receiving Yards,79.5,demon,https://static.prizepicks.com/images/players/NCAAFB/Donovan_Olugbode_NCAAFB_player_eH5LHDLlHaaeRGtePlgq2XTs-450.webp,https://static.prizepicks.com/images/players/NCAAFB/Donovan_Olugbode_NCAAFB_player_eH5LHDLlHaaeRGtePlgq2XTs-450.webp,57.81,57.81,50,50,65.7,65.6,54.78,54.39,50.18,49.82,0.18,50.18,Over,65.91,-13.59,36.5,No,,,,,,
N/A,9/26/2026,Jamal Roberts,Receiving Yards,75.5,demon,https://static.prizepicks.com/images/players/NCAAFB/Jamal_Roberts_NCAAFB_player_xLl2ynTGMtJJo0UA51aRABxU-450.webp,https://static.prizepicks.com/images/players/NCAAFB/Jamal_Roberts_NCAAFB_player_xLl2ynTGMtJJo0UA51aRABxU-450.webp,57.81,57.81,50,50,5.59,5.5,53.77,53.56,50.1,49.9,0.1,50.1,Over,4.93,-70.57,4.03,No,,,,,,
N/A,9/26/2026,Brett Norfleet,Receiving Yards,72.5,demon,https://static.prizepicks.com/images/players/NCAAFB/Brett_Norfleet_NCAAFB_player_MOFtOXApFqDUT4ztnMhhKURz-450.webp,https://static.prizepicks.com/images/players/NCAAFB/Brett_Norfleet_NCAAFB_player_MOFtOXApFqDUT4ztnMhhKURz-450.webp,57.81,57.81,50,50,12.73,13.17,54.33,55.28,49.56,50.44,-0.44,49.56,Over,13.57,-58.93,6.76,No,,,,,,
N/A,9/26/2026,Anthony Evans III,Receiving Yards,71.5,goblin,https://static.prizepicks.com/images/players/NCAAFB/Anthony_Evans_NCAAFB_player_52Bd7MMmgNRPlBhj6W6tHIj9-450.webp,https://static.prizepicks.com/images/players/NCAAFB/Anthony_Evans_NCAAFB_player_52Bd7MMmgNRPlBhj6W6tHIj9-450.webp,57.81,57.81,50,50,81.07,81.5,53.73,54.63,49.57,50.43,-0.43,49.57,Over,81.43,9.93,59.45,Yes,,,,,,
N/A,9/26/2026,Sam West,Receiving Yards,71.5,demon,https://static.prizepicks.com/images/players/NCAAFB/Sam_West_NCAAFB_player_TNMTu5vDxhb2PA0wfEplEat2-450.webp,https://static.prizepicks.com/images/players/NCAAFB/Sam_West_NCAAFB_player_TNMTu5vDxhb2PA0wfEplEat2-450.webp,57.81,57.81,50,50,12.07,11.7,54.71,53.92,50.37,49.63,0.37,50.37,Over,11.74,-59.76,6.87,No,,,,,,
N/A,9/26/2026,Kamario Taylor,Rush Yards,69.5,demon,https://static.prizepicks.com/images/players/NCAAFB/Kamario_Taylor_NCAAFB_player_qEQvEpL4DBs8gdlI9aZ40PXD-450.webp,https://static.prizepicks.com/images/players/NCAAFB/Kamario_Taylor_NCAAFB_player_qEQvEpL4DBs8gdlI9aZ40PXD-450.webp,57.81,57.81,50,50,54.43,54.83,53.83,57.53,48.5,51.5,-1.5,48.5,Over,55.11,-14.39,38.16,No,,,,,,
N/A,9/26/2026,Jamal Roberts,Rush Yards,69.5,goblin,https://static.prizepicks.com/images/players/NCAAFB/Jamal_Roberts_NCAAFB_player_xLl2ynTGMtJJo0UA51aRABxU-450.webp,https://static.prizepicks.com/images/players/NCAAFB/Jamal_Roberts_NCAAFB_player_xLl2ynTGMtJJo0UA51aRABxU-450.webp,57.81,57.81,50,50,102.35,102.8,53.96,54.7,49.65,50.35,-0.35,49.65,Over,102.66,33.16,74.44,Yes,,,,,,
N/A,9/26/2026,Cayden Lee,Receiving Yards,69.5,demon,https://static.prizepicks.com/images/players/NCAAFB/Cayden_Lee_NCAAFB_player_n1Ua5zhliIw6y5aNVT5WBuE7-450.webp,https://static.prizepicks.com/images/players/NCAAFB/Cayden_Lee_NCAAFB_player_n1Ua5zhliIw6y5aNVT5WBuE7-450.webp,57.81,57.81,50,50,66.55,66.2,54.8,54.05,50.35,49.65,0.35,50.35,Over,66.14,-3.36,47.06,No,,,,,,
N/A,9/26/2026,Donovan Olugbode,Receiving Yards,69.5,demon,https://static.prizepicks.com/images/players/NCAAFB/Donovan_Olugbode_NCAAFB_player_eH5LHDLlHaaeRGtePlgq2XTs-450.webp,https://static.prizepicks.com/images/players/NCAAFB/Donovan_Olugbode_NCAAFB_player_eH5LHDLlHaaeRGtePlgq2XTs-450.webp,57.81,57.81,50,50,65.7,65.6,54.78,54.39,50.18,49.82,0.18,50.18,Over,65.91,-3.59,46.22,No,,,,,,
N/A,9/26/2026,Shaun Terry II,Receiving Yards,69.5,demon,https://static.prizepicks.com/images/players/NCAAFB/Shaun_Terry_NCAAFB_player_r6zm2ZHCOlvwDWLE1xHFQ9HZ-450.webp,https://static.prizepicks.com/images/players/NCAAFB/Shaun_Terry_NCAAFB_player_r6zm2ZHCOlvwDWLE1xHFQ9HZ-450.webp,57.81,57.81,50,50,9.92,10.17,54.86,55.38,49.75,50.25,-0.25,49.75,Over,8.60,-60.9,6.82,No,,,,,,
N/A,9/26/2026,Donovan Olugbode,Receiving Yards,66.5,standard,https://static.prizepicks.com/images/players/NCAAFB/Donovan_Olugbode_NCAAFB_player_eH5LHDLlHaaeRGtePlgq2XTs-450.webp,https://static.prizepicks.com/images/players/NCAAFB/Donovan_Olugbode_NCAAFB_player_eH5LHDLlHaaeRGtePlgq2XTs-450.webp,57.81,57.81,50,50,65.7,65.6,54.78,54.39,50.18,49.82,0.18,50.18,Over,65.91,-0.59,49.2,No,,,,,,
N/A,9/26/2026,Cayden Lee,Receiving Yards,65.5,standard,https://static.prizepicks.com/images/players/NCAAFB/Cayden_Lee_NCAAFB_player_n1Ua5zhliIw6y5aNVT5WBuE7-450.webp,https://static.prizepicks.com/images/players/NCAAFB/Cayden_Lee_NCAAFB_player_n1Ua5zhliIw6y5aNVT5WBuE7-450.webp,57.81,57.81,50,50,66.55,66.2,54.8,54.05,50.35,49.65,0.35,50.35,Over,66.14,0.64,51.05,Yes,,,,,,
N/A,9/26/2026,Fluff Bothwell,Receiving Yards,65.5,demon,https://static.prizepicks.com/images/players/NCAAFB/Fluff_Bothwell_NCAAFB_player_Lnu6mAA8kXfzVSAmeKSylL1W-450.webp,https://static.prizepicks.com/images/players/NCAAFB/Fluff_Bothwell_NCAAFB_player_Lnu6mAA8kXfzVSAmeKSylL1W-450.webp,57.81,57.81,50,50,5.5,5.5,53.36,52.54,50.39,49.61,0.39,50.39,Over,5.37,-60.13,6.68,No,,,,,,
N/A,9/26/2026,Kamario Taylor,Rush Yards,59.5,demon,https://static.prizepicks.com/images/players/NCAAFB/Kamario_Taylor_NCAAFB_player_qEQvEpL4DBs8gdlI9aZ40PXD-450.webp,https://static.prizepicks.com/images/players/NCAAFB/Kamario_Taylor_NCAAFB_player_qEQvEpL4DBs8gdlI9aZ40PXD-450.webp,57.81,57.81,50,50,54.43,54.83,53.83,57.53,48.5,51.5,-1.5,48.5,Over,55.11,-4.39,45.96,No,,,,,,
N/A,9/26/2026,Fluff Bothwell,Rush Yards,59.5,goblin,https://static.prizepicks.com/images/players/NCAAFB/Fluff_Bothwell_NCAAFB_player_Lnu6mAA8kXfzVSAmeKSylL1W-450.webp,https://static.prizepicks.com/images/players/NCAAFB/Fluff_Bothwell_NCAAFB_player_Lnu6mAA8kXfzVSAmeKSylL1W-450.webp,57.81,57.81,50,50,84.88,84.5,54.61,53.96,50.31,49.69,0.31,50.31,Over,85.58,26.08,69.41,Yes,,,,,,
N/A,9/26/2026,Anthony Evans III,Receiving Yards,59.5,goblin,https://static.prizepicks.com/images/players/NCAAFB/Anthony_Evans_NCAAFB_player_52Bd7MMmgNRPlBhj6W6tHIj9-450.webp,https://static.prizepicks.com/images/players/NCAAFB/Anthony_Evans_NCAAFB_player_52Bd7MMmgNRPlBhj6W6tHIj9-450.webp,57.81,57.81,50,50,81.07,81.5,53.73,54.63,49.57,50.43,-0.43,49.57,Over,81.43,21.93,70.51,Yes,,,,,,
N/A,9/26/2026,Jamal Roberts,Rush Yards,59.5,goblin,https://static.prizepicks.com/images/players/NCAAFB/Jamal_Roberts_NCAAFB_player_xLl2ynTGMtJJo0UA51aRABxU-450.webp,https://static.prizepicks.com/images/players/NCAAFB/Jamal_Roberts_NCAAFB_player_xLl2ynTGMtJJo0UA51aRABxU-450.webp,57.81,57.81,50,50,102.35,102.8,53.96,54.7,49.65,50.35,-0.35,49.65,Over,102.66,43.16,80.43,Yes,,,,,,
N/A,9/26/2026,Donovan Olugbode,Receiving Yards,59.5,goblin,https://static.prizepicks.com/images/players/NCAAFB/Donovan_Olugbode_NCAAFB_player_eH5LHDLlHaaeRGtePlgq2XTs-450.webp,https://static.prizepicks.com/images/players/NCAAFB/Donovan_Olugbode_NCAAFB_player_eH5LHDLlHaaeRGtePlgq2XTs-450.webp,57.81,57.81,50,50,65.7,65.6,54.78,54.39,50.18,49.82,0.18,50.18,Over,65.91,6.41,56.16,Yes,,,,,,
N/A,9/26/2026,Cayden Lee,Receiving Yards,59.5,goblin,https://static.prizepicks.com/images/players/NCAAFB/Cayden_Lee_NCAAFB_player_n1Ua5zhliIw6y5aNVT5WBuE7-450.webp,https://static.prizepicks.com/images/players/NCAAFB/Cayden_Lee_NCAAFB_player_n1Ua5zhliIw6y5aNVT5WBuE7-450.webp,57.81,57.81,50,50,66.55,66.2,54.8,54.05,50.35,49.65,0.35,50.35,Over,66.14,6.64,57,Yes,,,,,,
N/A,9/26/2026,Kamario Taylor,Rush Yards,52.5,standard,https://static.prizepicks.com/images/players/NCAAFB/Kamario_Taylor_NCAAFB_player_qEQvEpL4DBs8gdlI9aZ40PXD-450.webp,https://static.prizepicks.com/images/players/NCAAFB/Kamario_Taylor_NCAAFB_player_qEQvEpL4DBs8gdlI9aZ40PXD-450.webp,57.81,57.81,50,50,54.43,54.83,53.83,57.53,48.5,51.5,-1.5,51.5,Under,55.11,2.61,48.46,No,,,,,,
N/A,9/26/2026,Anthony Evans III,Receiving Yards,49.5,goblin,https://static.prizepicks.com/images/players/NCAAFB/Anthony_Evans_NCAAFB_player_52Bd7MMmgNRPlBhj6W6tHIj9-450.webp,https://static.prizepicks.com/images/players/NCAAFB/Anthony_Evans_NCAAFB_player_52Bd7MMmgNRPlBhj6W6tHIj9-450.webp,57.81,57.81,50,50,81.07,81.5,53.73,54.63,49.57,50.43,-0.43,49.57,Over,81.43,31.93,78.5,Yes,,,,,,
N/A,9/26/2026,Marquis Johnson,Receiving Yards,49.5,demon,https://static.prizepicks.com/images/players/NCAAFB/Marquis_Johnson_NCAAFB_player_aqL33boCZYH7OuNMCCd29z2C-450.webp,https://static.prizepicks.com/images/players/NCAAFB/Marquis_Johnson_NCAAFB_player_aqL33boCZYH7OuNMCCd29z2C-450.webp,57.81,57.81,50,50,34.13,33.72,55.32,53.08,51.09,48.91,1.09,51.09,Over,33.56,-15.94,35.04,No,,,,,,
N/A,9/26/2026,Sanfrisco Magee,Receiving Yards,49.5,demon,https://static.prizepicks.com/images/players/NCAAFB/Sanfrisco_Magee_NCAAFB_player_zxZ3rShDbnJrAa40ZmpDy30o-450.webp,https://static.prizepicks.com/images/players/NCAAFB/Sanfrisco_Magee_NCAAFB_player_zxZ3rShDbnJrAa40ZmpDy30o-450.webp,57.81,57.81,50,50,33.81,34.3,53.62,54.62,49.51,50.49,-0.49,49.51,Over,34.34,-15.16,34.74,No,,,,,,
N/A,9/26/2026,Zion Ragins,Receiving Yards,49.5,demon,https://static.prizepicks.com/images/players/NCAAFB/Zion_Ragins_NCAAFB_player_lv0LfglSIYrjK5cTHfhk11eY-450.webp,https://static.prizepicks.com/images/players/NCAAFB/Zion_Ragins_NCAAFB_player_lv0LfglSIYrjK5cTHfhk11eY-450.webp,57.81,57.81,50,50,39.27,39.7,53.89,54.79,49.57,50.43,-0.43,49.57,Over,39.68,-9.82,39.91,No,,,,,,
N/A,9/26/2026,Kamario Taylor,Rush Yards,49.5,goblin,https://static.prizepicks.com/images/players/NCAAFB/Kamario_Taylor_NCAAFB_player_qEQvEpL4DBs8gdlI9aZ40PXD-450.webp,https://static.prizepicks.com/images/players/NCAAFB/Kamario_Taylor_NCAAFB_player_qEQvEpL4DBs8gdlI9aZ40PXD-450.webp,57.81,57.81,50,50,54.43,54.83,53.83,57.53,48.5,51.5,-1.5,48.5,Over,55.11,5.61,53.93,Yes,,,,,,
N/A,9/26/2026,Austin Simmons,Rush Yards,49.5,demon,https://static.prizepicks.com/images/players/NCAAFB/Austin_Simmons_NCAAFB_player_qHr0WXyYT3Vcg3P5vwbUsElS-450.webp,https://static.prizepicks.com/images/players/NCAAFB/Austin_Simmons_NCAAFB_player_qHr0WXyYT3Vcg3P5vwbUsElS-450.webp,57.81,57.81,50,50,4.52,4.5,54.07,54.18,49.94,50.06,-0.06,49.94,Over,3.65,-45.85,18.42,No,,,,,,
N/A,9/26/2026,Kamario Taylor,Longest Completion,49.5,demon,https://static.prizepicks.com/images/players/NCAAFB/Kamario_Taylor_NCAAFB_player_qEQvEpL4DBs8gdlI9aZ40PXD-450.webp,https://static.prizepicks.com/images/players/NCAAFB/Kamario_Taylor_NCAAFB_player_qEQvEpL4DBs8gdlI9aZ40PXD-450.webp,57.81,57.81,50,50,49.5,,,,,,,,,,,50,,,,,,,
N/A,9/26/2026,Kamario Taylor,Longest Completion,46.5,standard,https://static.prizepicks.com/images/players/NCAAFB/Kamario_Taylor_NCAAFB_player_qEQvEpL4DBs8gdlI9aZ40PXD-450.webp,https://static.prizepicks.com/images/players/NCAAFB/Kamario_Taylor_NCAAFB_player_qEQvEpL4DBs8gdlI9aZ40PXD-450.webp,57.81,57.81,50,50,46.5,,,,,,,,,,,50,,,,,,,
N/A,9/26/2026,Fluff Bothwell,Rush Yards,44.5,goblin,https://static.prizepicks.com/images/players/NCAAFB/Fluff_Bothwell_NCAAFB_player_Lnu6mAA8kXfzVSAmeKSylL1W-450.webp,https://static.prizepicks.com/images/players/NCAAFB/Fluff_Bothwell_NCAAFB_player_Lnu6mAA8kXfzVSAmeKSylL1W-450.webp,57.81,57.81,50,50,84.88,84.5,54.61,53.96,50.31,49.69,0.31,50.31,Over,85.58,41.08,79.03,Yes,,,,,,
N/A,9/26/2026,Austin Simmons,Longest Completion,44.5,demon,https://static.prizepicks.com/images/players/NCAAFB/Austin_Simmons_NCAAFB_player_qHr0WXyYT3Vcg3P5vwbUsElS-450.webp,https://static.prizepicks.com/images/players/NCAAFB/Austin_Simmons_NCAAFB_player_qHr0WXyYT3Vcg3P5vwbUsElS-450.webp,57.81,57.81,50,50,44.5,,,,,,,,,,,50,,,,,,,
N/A,9/26/2026,Austin Simmons,Longest Completion,42.5,goblin,https://static.prizepicks.com/images/players/NCAAFB/Austin_Simmons_NCAAFB_player_qHr0WXyYT3Vcg3P5vwbUsElS-450.webp,https://static.prizepicks.com/images/players/NCAAFB/Austin_Simmons_NCAAFB_player_qHr0WXyYT3Vcg3P5vwbUsElS-450.webp,57.81,57.81,50,50,42.5,,,,,,,,,,,50,,,,,,,
N/A,9/26/2026,Zion Ragins,Receiving Yards,41.5,demon,https://static.prizepicks.com/images/players/NCAAFB/Zion_Ragins_NCAAFB_player_lv0LfglSIYrjK5cTHfhk11eY-450.webp,https://static.prizepicks.com/images/players/NCAAFB/Zion_Ragins_NCAAFB_player_lv0LfglSIYrjK5cTHfhk11eY-450.webp,57.81,57.81,50,50,39.27,39.7,53.89,54.79,49.57,50.43,-0.43,49.57,Over,39.68,-1.82,47.78,No,,,,,,
N/A,9/26/2026,Marquis Johnson,Receiving Yards,39.5,demon,https://static.prizepicks.com/images/players/NCAAFB/Marquis_Johnson_NCAAFB_player_aqL33boCZYH7OuNMCCd29z2C-450.webp,https://static.prizepicks.com/images/players/NCAAFB/Marquis_Johnson_NCAAFB_player_aqL33boCZYH7OuNMCCd29z2C-450.webp,57.81,57.81,50,50,34.13,33.72,55.32,53.08,51.09,48.91,1.09,51.09,Over,33.56,-5.94,44.66,No,,,,,,
N/A,9/26/2026,Cayden Lee,Receiving Yards,39.5,goblin,https://static.prizepicks.com/images/players/NCAAFB/Cayden_Lee_NCAAFB_player_n1Ua5zhliIw6y5aNVT5WBuE7-450.webp,https://static.prizepicks.com/images/players/NCAAFB/Cayden_Lee_NCAAFB_player_n1Ua5zhliIw6y5aNVT5WBuE7-450.webp,57.81,57.81,50,50,66.55,66.2,54.8,54.05,50.35,49.65,0.35,50.35,Over,66.14,26.64,75.06,Yes,,,,,,
N/A,9/26/2026,Donovan Olugbode,Receiving Yards,39.5,goblin,https://static.prizepicks.com/images/players/NCAAFB/Donovan_Olugbode_NCAAFB_player_eH5LHDLlHaaeRGtePlgq2XTs-450.webp,https://static.prizepicks.com/images/players/NCAAFB/Donovan_Olugbode_NCAAFB_player_eH5LHDLlHaaeRGtePlgq2XTs-450.webp,57.81,57.81,50,50,65.7,65.6,54.78,54.39,50.18,49.82,0.18,50.18,Over,65.91,26.41,74.38,Yes,,,,,,
N/A,9/26/2026,Sanfrisco Magee,Receiving Yards,39.5,demon,https://static.prizepicks.com/images/players/NCAAFB/Sanfrisco_Magee_NCAAFB_player_zxZ3rShDbnJrAa40ZmpDy30o-450.webp,https://static.prizepicks.com/images/players/NCAAFB/Sanfrisco_Magee_NCAAFB_player_zxZ3rShDbnJrAa40ZmpDy30o-450.webp,57.81,57.81,50,50,33.81,34.3,53.62,54.62,49.51,50.49,-0.49,49.51,Over,34.34,-5.16,44.34,No,,,,,,
N/A,9/26/2026,Austin Simmons,Pass Attempts,39.5,demon,https://static.prizepicks.com/images/players/NCAAFB/Austin_Simmons_NCAAFB_player_qHr0WXyYT3Vcg3P5vwbUsElS-450.webp,https://static.prizepicks.com/images/players/NCAAFB/Austin_Simmons_NCAAFB_player_qHr0WXyYT3Vcg3P5vwbUsElS-450.webp,57.81,57.81,50,50,29.69,29.63,54.82,55.77,49.57,50.43,-0.43,49.57,Over,29.67,-9.83,4.08,No,,,,,,
N/A,9/26/2026,Zion Ragins,Receiving Yards,38.5,standard,https://static.prizepicks.com/images/players/NCAAFB/Zion_Ragins_NCAAFB_player_lv0LfglSIYrjK5cTHfhk11eY-450.webp,https://static.prizepicks.com/images/players/NCAAFB/Zion_Ragins_NCAAFB_player_lv0LfglSIYrjK5cTHfhk11eY-450.webp,57.81,57.81,50,50,39.27,39.7,53.89,54.79,49.57,50.43,-0.43,50.43,Under,39.68,1.18,49.23,No,,,,,,
N/A,9/26/2026,Sanfrisco Magee,Receiving Yards,34.5,standard,https://static.prizepicks.com/images/players/NCAAFB/Sanfrisco_Magee_NCAAFB_player_zxZ3rShDbnJrAa40ZmpDy30o-450.webp,https://static.prizepicks.com/images/players/NCAAFB/Sanfrisco_Magee_NCAAFB_player_zxZ3rShDbnJrAa40ZmpDy30o-450.webp,57.81,57.81,50,50,33.81,34.3,53.62,54.62,49.51,50.49,-0.49,50.49,Under,34.34,-0.16,50.69,Yes,,,,,,
N/A,9/26/2026,Austin Simmons,Pass Attempts,33.5,demon,https://static.prizepicks.com/images/players/NCAAFB/Austin_Simmons_NCAAFB_player_qHr0WXyYT3Vcg3P5vwbUsElS-450.webp,https://static.prizepicks.com/images/players/NCAAFB/Austin_Simmons_NCAAFB_player_qHr0WXyYT3Vcg3P5vwbUsElS-450.webp,57.81,57.81,50,50,29.69,29.63,54.82,55.77,49.57,50.43,-0.43,49.57,Over,29.67,-3.83,23.73,No,,,,,,
N/A,9/26/2026,Marquis Johnson,Receiving Yards,32.5,standard,https://static.prizepicks.com/images/players/NCAAFB/Marquis_Johnson_NCAAFB_player_aqL33boCZYH7OuNMCCd29z2C-450.webp,https://static.prizepicks.com/images/players/NCAAFB/Marquis_Johnson_NCAAFB_player_aqL33boCZYH7OuNMCCd29z2C-450.webp,57.81,57.81,50,50,34.13,33.72,55.32,53.08,51.09,48.91,1.09,51.09,Over,33.56,1.06,51.63,Yes,,,,,,
N/A,9/26/2026,Austin Simmons,Pass Attempts,30,standard,https://static.prizepicks.com/images/players/NCAAFB/Austin_Simmons_NCAAFB_player_qHr0WXyYT3Vcg3P5vwbUsElS-450.webp,https://static.prizepicks.com/images/players/NCAAFB/Austin_Simmons_NCAAFB_player_qHr0WXyYT3Vcg3P5vwbUsElS-450.webp,57.81,57.81,50,50,29.69,29.63,54.82,55.77,49.57,50.43,-0.43,50.43,Under,29.67,-0.33,57.09,Yes,,,,,,
N/A,9/26/2026,Kamario Taylor,Pass Attempts,30,standard,https://static.prizepicks.com/images/players/NCAAFB/Kamario_Taylor_NCAAFB_player_qEQvEpL4DBs8gdlI9aZ40PXD-450.webp,https://static.prizepicks.com/images/players/NCAAFB/Kamario_Taylor_NCAAFB_player_qEQvEpL4DBs8gdlI9aZ40PXD-450.webp,57.81,57.81,50,50,31.39,31.13,62.02,59.95,50.95,49.05,0.95,50.95,Over,30.20,0.2,55.16,Yes,,,,,,
N/A,9/26/2026,Kamario Taylor,Rush Yards,29.5,goblin,https://static.prizepicks.com/images/players/NCAAFB/Kamario_Taylor_NCAAFB_player_qEQvEpL4DBs8gdlI9aZ40PXD-450.webp,https://static.prizepicks.com/images/players/NCAAFB/Kamario_Taylor_NCAAFB_player_qEQvEpL4DBs8gdlI9aZ40PXD-450.webp,57.81,57.81,50,50,54.43,54.83,53.83,57.53,48.5,51.5,-1.5,48.5,Over,55.11,25.61,69.1,Yes,,,,,,
N/A,9/26/2026,Anthony Evans III,Longest Reception,29.5,standard,https://static.prizepicks.com/images/players/NCAAFB/Anthony_Evans_NCAAFB_player_52Bd7MMmgNRPlBhj6W6tHIj9-450.webp,https://static.prizepicks.com/images/players/NCAAFB/Anthony_Evans_NCAAFB_player_52Bd7MMmgNRPlBhj6W6tHIj9-450.webp,57.81,57.81,50,50,29.5,,,,,,,,,,,50,,,,,,,
N/A,9/26/2026,Marquis Johnson,Receiving Yards,29.5,goblin,https://static.prizepicks.com/images/players/NCAAFB/Marquis_Johnson_NCAAFB_player_aqL33boCZYH7OuNMCCd29z2C-450.webp,https://static.prizepicks.com/images/players/NCAAFB/Marquis_Johnson_NCAAFB_player_aqL33boCZYH7OuNMCCd29z2C-450.webp,57.81,57.81,50,50,34.13,33.72,55.32,53.08,51.09,48.91,1.09,51.09,Over,33.56,4.06,54.61,Yes,,,,,,
N/A,9/26/2026,Sanfrisco Magee,Receiving Yards,29.5,goblin,https://static.prizepicks.com/images/players/NCAAFB/Sanfrisco_Magee_NCAAFB_player_zxZ3rShDbnJrAa40ZmpDy30o-450.webp,https://static.prizepicks.com/images/players/NCAAFB/Sanfrisco_Magee_NCAAFB_player_zxZ3rShDbnJrAa40ZmpDy30o-450.webp,57.81,57.81,50,50,33.81,34.3,53.62,54.62,49.51,50.49,-0.49,49.51,Over,34.34,4.84,54.29,Yes,,,,,,
N/A,9/26/2026,Donovan Olugbode,Receiving Yards,29.5,goblin,https://static.prizepicks.com/images/players/NCAAFB/Donovan_Olugbode_NCAAFB_player_eH5LHDLlHaaeRGtePlgq2XTs-450.webp,https://static.prizepicks.com/images/players/NCAAFB/Donovan_Olugbode_NCAAFB_player_eH5LHDLlHaaeRGtePlgq2XTs-450.webp,57.81,57.81,50,50,65.7,65.6,54.78,54.39,50.18,49.82,0.18,50.18,Over,65.91,36.41,81.73,Yes,,,,,,
N/A,9/26/2026,Brett Norfleet,Receiving Yards,29.5,demon,https://static.prizepicks.com/images/players/NCAAFB/Brett_Norfleet_NCAAFB_player_MOFtOXApFqDUT4ztnMhhKURz-450.webp,https://static.prizepicks.com/images/players/NCAAFB/Brett_Norfleet_NCAAFB_player_MOFtOXApFqDUT4ztnMhhKURz-450.webp,57.81,57.81,50,50,12.73,13.17,54.33,55.28,49.56,50.44,-0.44,49.56,Over,13.57,-15.93,33.75,No,,,,,,
N/A,9/26/2026,Shaun Terry II,Receiving Yards,29.5,demon,https://static.prizepicks.com/images/players/NCAAFB/Shaun_Terry_NCAAFB_player_r6zm2ZHCOlvwDWLE1xHFQ9HZ-450.webp,https://static.prizepicks.com/images/players/NCAAFB/Shaun_Terry_NCAAFB_player_r6zm2ZHCOlvwDWLE1xHFQ9HZ-450.webp,57.81,57.81,50,50,9.92,10.17,54.86,55.38,49.75,50.25,-0.25,49.75,Over,8.60,-20.9,31.22,No,,,,,,
N/A,9/26/2026,Cayden Lee,Receiving Yards,29.5,goblin,https://static.prizepicks.com/images/players/NCAAFB/Cayden_Lee_NCAAFB_player_n1Ua5zhliIw6y5aNVT5WBuE7-450.webp,https://static.prizepicks.com/images/players/NCAAFB/Cayden_Lee_NCAAFB_player_n1Ua5zhliIw6y5aNVT5WBuE7-450.webp,57.81,57.81,50,50,66.55,66.2,54.8,54.05,50.35,49.65,0.35,50.35,Over,66.14,36.64,82.28,Yes,,,,,,
N/A,9/26/2026,Kamario Taylor,Pass Attempts,29.5,goblin,https://static.prizepicks.com/images/players/NCAAFB/Kamario_Taylor_NCAAFB_player_qEQvEpL4DBs8gdlI9aZ40PXD-450.webp,https://static.prizepicks.com/images/players/NCAAFB/Kamario_Taylor_NCAAFB_player_qEQvEpL4DBs8gdlI9aZ40PXD-450.webp,57.81,57.81,50,50,31.39,31.13,62.02,59.95,50.95,49.05,0.95,50.95,Over,30.20,0.7,62.2,Yes,,,,,,
N/A,9/26/2026,Zion Ragins,Receiving Yards,29.5,goblin,https://static.prizepicks.com/images/players/NCAAFB/Zion_Ragins_NCAAFB_player_lv0LfglSIYrjK5cTHfhk11eY-450.webp,https://static.prizepicks.com/images/players/NCAAFB/Zion_Ragins_NCAAFB_player_lv0LfglSIYrjK5cTHfhk11eY-450.webp,57.81,57.81,50,50,39.27,39.7,53.89,54.79,49.57,50.43,-0.43,49.57,Over,39.68,10.18,59.65,Yes,,,,,,
N/A,9/26/2026,Donovan Olugbode,Longest Reception,27.5,standard,https://static.prizepicks.com/images/players/NCAAFB/Donovan_Olugbode_NCAAFB_player_eH5LHDLlHaaeRGtePlgq2XTs-450.webp,https://static.prizepicks.com/images/players/NCAAFB/Donovan_Olugbode_NCAAFB_player_eH5LHDLlHaaeRGtePlgq2XTs-450.webp,57.81,57.81,50,50,27.5,,,,,,,,,,,50,,,,,,,
N/A,9/26/2026,Austin Simmons,Pass Attempts,27.5,goblin,https://static.prizepicks.com/images/players/NCAAFB/Austin_Simmons_NCAAFB_player_qHr0WXyYT3Vcg3P5vwbUsElS-450.webp,https://static.prizepicks.com/images/players/NCAAFB/Austin_Simmons_NCAAFB_player_qHr0WXyYT3Vcg3P5vwbUsElS-450.webp,57.81,57.81,50,50,29.69,29.63,54.82,55.77,49.57,50.43,-0.43,49.57,Over,29.67,2.17,64.65,Yes,,,,,,
N/A,9/26/2026,Kamario Taylor,Pass Completions,27.5,demon,https://static.prizepicks.com/images/players/NCAAFB/Kamario_Taylor_NCAAFB_player_qEQvEpL4DBs8gdlI9aZ40PXD-450.webp,https://static.prizepicks.com/images/players/NCAAFB/Kamario_Taylor_NCAAFB_player_qEQvEpL4DBs8gdlI9aZ40PXD-450.webp,57.81,57.81,50,50,18.98,18.5,57.42,51.19,52.88,47.13,2.88,52.88,Over,19.00,-8.5,3.09,No,,,,,,
N/A,9/26/2026,Kamario Taylor,Fantasy Score,27,standard,https://static.prizepicks.com/images/players/NCAAFB/Kamario_Taylor_NCAAFB_player_qEQvEpL4DBs8gdlI9aZ40PXD-450.webp,https://static.prizepicks.com/images/players/NCAAFB/Kamario_Taylor_NCAAFB_player_qEQvEpL4DBs8gdlI9aZ40PXD-450.webp,57.81,57.81,50,50,27.16,27.16,50.38,49.62,50.38,49.62,0.38,50.38,Over,27.54,0.54,50.38,Yes,,,,,,
N/A,9/26/2026,Cayden Lee,Longest Reception,26.5,standard,https://static.prizepicks.com/images/players/NCAAFB/Cayden_Lee_NCAAFB_player_n1Ua5zhliIw6y5aNVT5WBuE7-450.webp,https://static.prizepicks.com/images/players/NCAAFB/Cayden_Lee_NCAAFB_player_n1Ua5zhliIw6y5aNVT5WBuE7-450.webp,57.81,57.81,50,50,26.5,,,,,,,,,,,50,,,,,,,
N/A,9/26/2026,Donovan Olugbode,Longest Reception,26.5,goblin,https://static.prizepicks.com/images/players/NCAAFB/Donovan_Olugbode_NCAAFB_player_eH5LHDLlHaaeRGtePlgq2XTs-450.webp,https://static.prizepicks.com/images/players/NCAAFB/Donovan_Olugbode_NCAAFB_player_eH5LHDLlHaaeRGtePlgq2XTs-450.webp,57.81,57.81,50,50,26.5,,,,,,,,,,,50,,,,,,,
N/A,9/26/2026,Austin Simmons,Pass Completions,25.5,demon,https://static.prizepicks.com/images/players/NCAAFB/Austin_Simmons_NCAAFB_player_qHr0WXyYT3Vcg3P5vwbUsElS-450.webp,https://static.prizepicks.com/images/players/NCAAFB/Austin_Simmons_NCAAFB_player_qHr0WXyYT3Vcg3P5vwbUsElS-450.webp,57.81,57.81,50,50,17.58,17.67,53.4,57.55,48.08,51.92,-1.92,48.08,Over,17.66,-7.84,3.55,No,,,,,,
N/A,9/26/2026,Sanfrisco Magee,Receiving Yards,24.5,goblin,https://static.prizepicks.com/images/players/NCAAFB/Sanfrisco_Magee_NCAAFB_player_zxZ3rShDbnJrAa40ZmpDy30o-450.webp,https://static.prizepicks.com/images/players/NCAAFB/Sanfrisco_Magee_NCAAFB_player_zxZ3rShDbnJrAa40ZmpDy30o-450.webp,57.81,57.81,50,50,33.81,34.3,53.62,54.62,49.51,50.49,-0.49,49.51,Over,34.34,9.84,59.2,Yes,,,,,,
N/A,9/26/2026,Zion Ragins,Longest Reception,24.5,demon,https://static.prizepicks.com/images/players/NCAAFB/Zion_Ragins_NCAAFB_player_lv0LfglSIYrjK5cTHfhk11eY-450.webp,https://static.prizepicks.com/images/players/NCAAFB/Zion_Ragins_NCAAFB_player_lv0LfglSIYrjK5cTHfhk11eY-450.webp,57.81,57.81,50,50,24.5,,,,,,,,,,,50,,,,,,,
N/A,9/26/2026,Jamal Roberts,Rush Attempts,23.5,demon,https://static.prizepicks.com/images/players/NCAAFB/Jamal_Roberts_NCAAFB_player_xLl2ynTGMtJJo0UA51aRABxU-450.webp,https://static.prizepicks.com/images/players/NCAAFB/Jamal_Roberts_NCAAFB_player_xLl2ynTGMtJJo0UA51aRABxU-450.webp,57.81,57.81,50,50,21.86,21.5,58.53,54.86,51.6,48.4,1.6,51.6,Over,21.53,-1.97,35.13,No,,,,,,
N/A,9/26/2026,Jamal Roberts,Longest Rush,21.5,standard,https://static.prizepicks.com/images/players/NCAAFB/Jamal_Roberts_NCAAFB_player_xLl2ynTGMtJJo0UA51aRABxU-450.webp,https://static.prizepicks.com/images/players/NCAAFB/Jamal_Roberts_NCAAFB_player_xLl2ynTGMtJJo0UA51aRABxU-450.webp,57.81,57.81,50,50,21.5,,,,,,,,,,,50,,,,,,,
N/A,9/26/2026,Zion Ragins,Longest Reception,21.5,standard,https://static.prizepicks.com/images/players/NCAAFB/Zion_Ragins_NCAAFB_player_lv0LfglSIYrjK5cTHfhk11eY-450.webp,https://static.prizepicks.com/images/players/NCAAFB/Zion_Ragins_NCAAFB_player_lv0LfglSIYrjK5cTHfhk11eY-450.webp,57.81,57.81,50,50,21.5,,,,,,,,,,,50,,,,,,,
N/A,9/26/2026,Jamal Roberts,Rush Attempts,21.5,standard,https://static.prizepicks.com/images/players/NCAAFB/Jamal_Roberts_NCAAFB_player_xLl2ynTGMtJJo0UA51aRABxU-450.webp,https://static.prizepicks.com/images/players/NCAAFB/Jamal_Roberts_NCAAFB_player_xLl2ynTGMtJJo0UA51aRABxU-450.webp,57.81,57.81,50,50,21.86,21.5,58.53,54.86,51.6,48.4,1.6,51.6,Over,21.53,0.03,51.65,Yes,,,,,,
N/A,9/26/2026,Kamario Taylor,Pass Completions,21.5,demon,https://static.prizepicks.com/images/players/NCAAFB/Kamario_Taylor_NCAAFB_player_qEQvEpL4DBs8gdlI9aZ40PXD-450.webp,https://static.prizepicks.com/images/players/NCAAFB/Kamario_Taylor_NCAAFB_player_qEQvEpL4DBs8gdlI9aZ40PXD-450.webp,57.81,57.81,50,50,18.98,18.5,57.42,51.19,52.88,47.13,2.88,52.88,Over,19.00,-2.5,27.29,No,,,,,,
N/A,9/26/2026,Marquis Johnson,Receiving Yards,19.5,goblin,https://static.prizepicks.com/images/players/NCAAFB/Marquis_Johnson_NCAAFB_player_aqL33boCZYH7OuNMCCd29z2C-450.webp,https://static.prizepicks.com/images/players/NCAAFB/Marquis_Johnson_NCAAFB_player_aqL33boCZYH7OuNMCCd29z2C-450.webp,57.81,57.81,50,50,34.13,33.72,55.32,53.08,51.09,48.91,1.09,51.09,Over,33.56,14.06,64.27,Yes,,,,,,
N/A,9/26/2026,Zion Ragins,Receiving Yards,19.5,goblin,https://static.prizepicks.com/images/players/NCAAFB/Zion_Ragins_NCAAFB_player_lv0LfglSIYrjK5cTHfhk11eY-450.webp,https://static.prizepicks.com/images/players/NCAAFB/Zion_Ragins_NCAAFB_player_lv0LfglSIYrjK5cTHfhk11eY-450.webp,57.81,57.81,50,50,39.27,39.7,53.89,54.79,49.57,50.43,-0.43,49.57,Over,39.68,20.18,68.94,Yes,,,,,,
N/A,9/26/2026,Fluff Bothwell,Receiving Yards,19.5,demon,https://static.prizepicks.com/images/players/NCAAFB/Fluff_Bothwell_NCAAFB_player_Lnu6mAA8kXfzVSAmeKSylL1W-450.webp,https://static.prizepicks.com/images/players/NCAAFB/Fluff_Bothwell_NCAAFB_player_Lnu6mAA8kXfzVSAmeKSylL1W-450.webp,57.81,57.81,50,50,5.5,5.5,53.36,52.54,50.39,49.61,0.39,50.39,Over,5.37,-14.13,36.32,No,,,,,,
N/A,9/26/2026,Sam West,Receiving Yards,19.5,demon,https://static.prizepicks.com/images/players/NCAAFB/Sam_West_NCAAFB_player_TNMTu5vDxhb2PA0wfEplEat2-450.webp,https://static.prizepicks.com/images/players/NCAAFB/Sam_West_NCAAFB_player_TNMTu5vDxhb2PA0wfEplEat2-450.webp,57.81,57.81,50,50,12.07,11.7,54.71,53.92,50.37,49.63,0.37,50.37,Over,11.74,-7.76,42.63,No,,,,,,
N/A,9/26/2026,Austin Simmons,Rush Yards,19.5,demon,https://static.prizepicks.com/images/players/NCAAFB/Austin_Simmons_NCAAFB_player_qHr0WXyYT3Vcg3P5vwbUsElS-450.webp,https://static.prizepicks.com/images/players/NCAAFB/Austin_Simmons_NCAAFB_player_qHr0WXyYT3Vcg3P5vwbUsElS-450.webp,57.81,57.81,50,50,4.52,4.5,54.07,54.18,49.94,50.06,-0.06,49.94,Over,3.65,-15.85,38.22,No,,,,,,
N/A,9/26/2026,Fluff Bothwell,Longest Rush,19.5,standard,https://static.prizepicks.com/images/players/NCAAFB/Fluff_Bothwell_NCAAFB_player_Lnu6mAA8kXfzVSAmeKSylL1W-450.webp,https://static.prizepicks.com/images/players/NCAAFB/Fluff_Bothwell_NCAAFB_player_Lnu6mAA8kXfzVSAmeKSylL1W-450.webp,57.81,57.81,50,50,19.5,,,,,,,,,,,50,,,,,,,
N/A,9/26/2026,Jamal Roberts,Rush Attempts,19.5,goblin,https://static.prizepicks.com/images/players/NCAAFB/Jamal_Roberts_NCAAFB_player_xLl2ynTGMtJJo0UA51aRABxU-450.webp,https://static.prizepicks.com/images/players/NCAAFB/Jamal_Roberts_NCAAFB_player_xLl2ynTGMtJJo0UA51aRABxU-450.webp,57.81,57.81,50,50,21.86,21.5,58.53,54.86,51.6,48.4,1.6,51.6,Over,21.53,2.03,68.36,Yes,,,,,,
N/A,9/26/2026,Jamal Roberts,Receiving Yards,19.5,demon,https://static.prizepicks.com/images/players/NCAAFB/Jamal_Roberts_NCAAFB_player_xLl2ynTGMtJJo0UA51aRABxU-450.webp,https://static.prizepicks.com/images/players/NCAAFB/Jamal_Roberts_NCAAFB_player_xLl2ynTGMtJJo0UA51aRABxU-450.webp,57.81,57.81,50,50,5.59,5.5,53.77,53.56,50.1,49.9,0.1,50.1,Over,4.93,-14.57,36.4,No,,,,,,
N/A,9/26/2026,Kamario Taylor,Rush Yards,19.5,goblin,https://static.prizepicks.com/images/players/NCAAFB/Kamario_Taylor_NCAAFB_player_qEQvEpL4DBs8gdlI9aZ40PXD-450.webp,https://static.prizepicks.com/images/players/NCAAFB/Kamario_Taylor_NCAAFB_player_qEQvEpL4DBs8gdlI9aZ40PXD-450.webp,57.81,57.81,50,50,54.43,54.83,53.83,57.53,48.5,51.5,-1.5,48.5,Over,55.11,35.61,75.76,Yes,,,,,,
N/A,9/26/2026,Shaun Terry II,Receiving Yards,19.5,demon,https://static.prizepicks.com/images/players/NCAAFB/Shaun_Terry_NCAAFB_player_r6zm2ZHCOlvwDWLE1xHFQ9HZ-450.webp,https://static.prizepicks.com/images/players/NCAAFB/Shaun_Terry_NCAAFB_player_r6zm2ZHCOlvwDWLE1xHFQ9HZ-450.webp,57.81,57.81,50,50,9.92,10.17,54.86,55.38,49.75,50.25,-0.25,49.75,Over,8.60,-10.9,40.54,No,,,,,,
N/A,9/26/2026,Brett Norfleet,Receiving Yards,19.5,demon,https://static.prizepicks.com/images/players/NCAAFB/Brett_Norfleet_NCAAFB_player_MOFtOXApFqDUT4ztnMhhKURz-450.webp,https://static.prizepicks.com/images/players/NCAAFB/Brett_Norfleet_NCAAFB_player_MOFtOXApFqDUT4ztnMhhKURz-450.webp,57.81,57.81,50,50,12.73,13.17,54.33,55.28,49.56,50.44,-0.44,49.56,Over,13.57,-5.93,43.28,No,,,,,,
N/A,9/26/2026,Austin Simmons,Pass Completions,19.5,demon,https://static.prizepicks.com/images/players/NCAAFB/Austin_Simmons_NCAAFB_player_qHr0WXyYT3Vcg3P5vwbUsElS-450.webp,https://static.prizepicks.com/images/players/NCAAFB/Austin_Simmons_NCAAFB_player_qHr0WXyYT3Vcg3P5vwbUsElS-450.webp,57.81,57.81,50,50,17.58,17.67,53.4,57.55,48.08,51.92,-1.92,48.08,Over,17.66,-1.84,31.23,No,,,,,,
N/A,9/26/2026,Kamario Taylor,Longest Rush,18.5,standard,https://static.prizepicks.com/images/players/NCAAFB/Kamario_Taylor_NCAAFB_player_qEQvEpL4DBs8gdlI9aZ40PXD-450.webp,https://static.prizepicks.com/images/players/NCAAFB/Kamario_Taylor_NCAAFB_player_qEQvEpL4DBs8gdlI9aZ40PXD-450.webp,57.81,57.81,50,50,18.5,,,,,,,,,,,50,,,,,,,
N/A,9/26/2026,Marquis Johnson,Longest Reception,18.5,standard,https://static.prizepicks.com/images/players/NCAAFB/Marquis_Johnson_NCAAFB_player_aqL33boCZYH7OuNMCCd29z2C-450.webp,https://static.prizepicks.com/images/players/NCAAFB/Marquis_Johnson_NCAAFB_player_aqL33boCZYH7OuNMCCd29z2C-450.webp,57.81,57.81,50,50,18.5,,,,,,,,,,,50,,,,,,,
N/A,9/26/2026,Sanfrisco Magee,Longest Reception,18.5,standard,https://static.prizepicks.com/images/players/NCAAFB/Sanfrisco_Magee_NCAAFB_player_zxZ3rShDbnJrAa40ZmpDy30o-450.webp,https://static.prizepicks.com/images/players/NCAAFB/Sanfrisco_Magee_NCAAFB_player_zxZ3rShDbnJrAa40ZmpDy30o-450.webp,57.81,57.81,50,50,18.5,,,,,,,,,,,50,,,,,,,
N/A,9/26/2026,Jamal Roberts,Fantasy Score,18,standard,https://static.prizepicks.com/images/players/NCAAFB/Jamal_Roberts_NCAAFB_player_xLl2ynTGMtJJo0UA51aRABxU-450.webp,https://static.prizepicks.com/images/players/NCAAFB/Jamal_Roberts_NCAAFB_player_xLl2ynTGMtJJo0UA51aRABxU-450.webp,57.81,57.81,50,50,17.78,17.78,49.5,50.5,49.5,50.5,-0.5,50.5,Under,17.92,-0.08,50.5,Yes,,,,,,
N/A,9/26/2026,Austin Simmons,Pass Completions,18,standard,https://static.prizepicks.com/images/players/NCAAFB/Austin_Simmons_NCAAFB_player_qHr0WXyYT3Vcg3P5vwbUsElS-450.webp,https://static.prizepicks.com/images/players/NCAAFB/Austin_Simmons_NCAAFB_player_qHr0WXyYT3Vcg3P5vwbUsElS-450.webp,57.81,57.81,50,50,17.58,17.67,53.4,57.55,48.08,51.92,-1.92,51.92,Under,17.66,-0.34,60.15,Yes,,,,,,
N/A,9/26/2026,Anthony Evans III,Fantasy Score,17.5,standard,https://static.prizepicks.com/images/players/NCAAFB/Anthony_Evans_NCAAFB_player_52Bd7MMmgNRPlBhj6W6tHIj9-450.webp,https://static.prizepicks.com/images/players/NCAAFB/Anthony_Evans_NCAAFB_player_52Bd7MMmgNRPlBhj6W6tHIj9-450.webp,57.81,57.81,50,50,17.67,17.67,50.39,49.61,50.39,49.61,0.39,50.39,Over,17.71,0.21,50.39,Yes,,,,,,
N/A,9/26/2026,Kamario Taylor,Pass Completions,17.5,goblin,https://static.prizepicks.com/images/players/NCAAFB/Kamario_Taylor_NCAAFB_player_qEQvEpL4DBs8gdlI9aZ40PXD-450.webp,https://static.prizepicks.com/images/players/NCAAFB/Kamario_Taylor_NCAAFB_player_qEQvEpL4DBs8gdlI9aZ40PXD-450.webp,57.81,57.81,50,50,18.98,18.5,57.42,51.19,52.88,47.13,2.88,52.88,Over,19.00,1.5,61.99,Yes,,,,,,
N/A,9/26/2026,Austin Simmons,Fantasy Score,17,standard,https://static.prizepicks.com/images/players/NCAAFB/Austin_Simmons_NCAAFB_player_qHr0WXyYT3Vcg3P5vwbUsElS-450.webp,https://static.prizepicks.com/images/players/NCAAFB/Austin_Simmons_NCAAFB_player_qHr0WXyYT3Vcg3P5vwbUsElS-450.webp,57.81,57.81,50,50,15.72,15.72,46.94,53.06,46.94,53.06,-3.06,53.06,Under,15.92,-1.08,53.06,Yes,,,,,,
N/A,9/26/2026,Fluff Bothwell,Rush Attempts,16.5,standard,https://static.prizepicks.com/images/players/NCAAFB/Fluff_Bothwell_NCAAFB_player_Lnu6mAA8kXfzVSAmeKSylL1W-450.webp,https://static.prizepicks.com/images/players/NCAAFB/Fluff_Bothwell_NCAAFB_player_Lnu6mAA8kXfzVSAmeKSylL1W-450.webp,57.81,57.81,50,50,16.97,16.5,60.2,53.61,52.86,47.14,2.86,52.86,Over,17.12,0.62,52.94,Yes,,,,,,
N/A,9/26/2026,Austin Simmons,Pass Completions,15.5,goblin,https://static.prizepicks.com/images/players/NCAAFB/Austin_Simmons_NCAAFB_player_qHr0WXyYT3Vcg3P5vwbUsElS-450.webp,https://static.prizepicks.com/images/players/NCAAFB/Austin_Simmons_NCAAFB_player_qHr0WXyYT3Vcg3P5vwbUsElS-450.webp,57.81,57.81,50,50,17.58,17.67,53.4,57.55,48.08,51.92,-1.92,48.08,Over,17.66,2.16,67.92,Yes,,,,,,
N/A,9/26/2026,Fluff Bothwell,Rush Attempts,15.5,goblin,https://static.prizepicks.com/images/players/NCAAFB/Fluff_Bothwell_NCAAFB_player_Lnu6mAA8kXfzVSAmeKSylL1W-450.webp,https://static.prizepicks.com/images/players/NCAAFB/Fluff_Bothwell_NCAAFB_player_Lnu6mAA8kXfzVSAmeKSylL1W-450.webp,57.81,57.81,50,50,16.97,16.5,60.2,53.61,52.86,47.14,2.86,52.86,Over,17.12,1.62,62.58,Yes,,,,,,
N/A,9/26/2026,Marquis Johnson,Receiving Yards,14.5,goblin,https://static.prizepicks.com/images/players/NCAAFB/Marquis_Johnson_NCAAFB_player_aqL33boCZYH7OuNMCCd29z2C-450.webp,https://static.prizepicks.com/images/players/NCAAFB/Marquis_Johnson_NCAAFB_player_aqL33boCZYH7OuNMCCd29z2C-450.webp,57.81,57.81,50,50,34.13,33.72,55.32,53.08,51.09,48.91,1.09,51.09,Over,33.56,19.06,68.82,Yes,,,,,,
N/A,9/26/2026,Fluff Bothwell,Fantasy Score,14.5,standard,https://static.prizepicks.com/images/players/NCAAFB/Fluff_Bothwell_NCAAFB_player_Lnu6mAA8kXfzVSAmeKSylL1W-450.webp,https://static.prizepicks.com/images/players/NCAAFB/Fluff_Bothwell_NCAAFB_player_Lnu6mAA8kXfzVSAmeKSylL1W-450.webp,57.81,57.81,50,50,15.34,15.34,51.91,48.09,51.91,48.09,1.91,51.91,Over,14.99,0.49,51.91,Yes,,,,,,
N/A,9/26/2026,Donovan Olugbode,Fantasy Score,14.5,standard,https://static.prizepicks.com/images/players/NCAAFB/Donovan_Olugbode_NCAAFB_player_eH5LHDLlHaaeRGtePlgq2XTs-450.webp,https://static.prizepicks.com/images/players/NCAAFB/Donovan_Olugbode_NCAAFB_player_eH5LHDLlHaaeRGtePlgq2XTs-450.webp,57.81,57.81,50,50,13.72,13.72,48.22,51.78,48.22,51.78,-1.78,51.78,Under,14.55,0.05,51.78,No,,,,,,
N/A,9/26/2026,Zion Ragins,Receiving Yards,14.5,goblin,https://static.prizepicks.com/images/players/NCAAFB/Zion_Ragins_NCAAFB_player_lv0LfglSIYrjK5cTHfhk11eY-450.webp,https://static.prizepicks.com/images/players/NCAAFB/Zion_Ragins_NCAAFB_player_lv0LfglSIYrjK5cTHfhk11eY-450.webp,57.81,57.81,50,50,39.27,39.7,53.89,54.79,49.57,50.43,-0.43,49.57,Over,39.68,25.18,73.21,Yes,,,,,,
N/A,9/26/2026,Sam West,Receiving Yards,14.5,demon,https://static.prizepicks.com/images/players/NCAAFB/Sam_West_NCAAFB_player_TNMTu5vDxhb2PA0wfEplEat2-450.webp,https://static.prizepicks.com/images/players/NCAAFB/Sam_West_NCAAFB_player_TNMTu5vDxhb2PA0wfEplEat2-450.webp,57.81,57.81,50,50,12.07,11.7,54.71,53.92,50.37,49.63,0.37,50.37,Over,11.74,-2.76,47.58,No,,,,,,
N/A,9/26/2026,Cayden Lee,Fantasy Score,13.5,standard,https://static.prizepicks.com/images/players/NCAAFB/Cayden_Lee_NCAAFB_player_n1Ua5zhliIw6y5aNVT5WBuE7-450.webp,https://static.prizepicks.com/images/players/NCAAFB/Cayden_Lee_NCAAFB_player_n1Ua5zhliIw6y5aNVT5WBuE7-450.webp,57.81,57.81,50,50,13.59,13.59,50.21,49.79,50.21,49.79,0.21,50.21,Over,13.88,0.38,50.21,Yes,,,,,,
N/A,9/26/2026,Anthony Evans III,Receptions,12.5,demon,https://static.prizepicks.com/images/players/NCAAFB/Anthony_Evans_NCAAFB_player_52Bd7MMmgNRPlBhj6W6tHIj9-450.webp,https://static.prizepicks.com/images/players/NCAAFB/Anthony_Evans_NCAAFB_player_52Bd7MMmgNRPlBhj6W6tHIj9-450.webp,57.81,57.81,50,50,6.18,6.42,47.27,59.7,44.08,55.92,-5.92,44.08,Over,6.25,-6.25,1.1,No,,,,,,
N/A,9/26/2026,Brett Norfleet,Receiving Yards,12.5,standard,https://static.prizepicks.com/images/players/NCAAFB/Brett_Norfleet_NCAAFB_player_MOFtOXApFqDUT4ztnMhhKURz-450.webp,https://static.prizepicks.com/images/players/NCAAFB/Brett_Norfleet_NCAAFB_player_MOFtOXApFqDUT4ztnMhhKURz-450.webp,57.81,57.81,50,50,12.73,13.17,54.33,55.28,49.56,50.44,-0.44,50.44,Under,13.57,1.07,49.77,No,,,,,,
N/A,9/26/2026,Kamario Taylor,Rush Attempts,12,standard,https://static.prizepicks.com/images/players/NCAAFB/Kamario_Taylor_NCAAFB_player_qEQvEpL4DBs8gdlI9aZ40PXD-450.webp,https://static.prizepicks.com/images/players/NCAAFB/Kamario_Taylor_NCAAFB_player_qEQvEpL4DBs8gdlI9aZ40PXD-450.webp,57.81,57.81,50,50,12.74,12.33,64.75,56.45,53.26,46.74,3.26,53.26,Over,12.08,0.08,50.8,Yes,,,,,,
N/A,9/26/2026,Sam West,Receiving Yards,11.5,standard,https://static.prizepicks.com/images/players/NCAAFB/Sam_West_NCAAFB_player_TNMTu5vDxhb2PA0wfEplEat2-450.webp,https://static.prizepicks.com/images/players/NCAAFB/Sam_West_NCAAFB_player_TNMTu5vDxhb2PA0wfEplEat2-450.webp,57.81,57.81,50,50,12.07,11.7,54.71,53.92,50.37,49.63,0.37,50.37,Over,11.74,0.24,50.57,Yes,,,,,,
N/A,9/26/2026,Cayden Lee,Receptions,10.5,demon,https://static.prizepicks.com/images/players/NCAAFB/Cayden_Lee_NCAAFB_player_n1Ua5zhliIw6y5aNVT5WBuE7-450.webp,https://static.prizepicks.com/images/players/NCAAFB/Cayden_Lee_NCAAFB_player_n1Ua5zhliIw6y5aNVT5WBuE7-450.webp,57.81,57.81,50,50,5.02,4.6,60.43,49.46,55.06,44.94,5.06,55.06,Over,4.82,-5.68,1.41,No,,,,,,
N/A,9/26/2026,Shaun Terry II,Receiving Yards,10.5,standard,https://static.prizepicks.com/images/players/NCAAFB/Shaun_Terry_NCAAFB_player_r6zm2ZHCOlvwDWLE1xHFQ9HZ-450.webp,https://static.prizepicks.com/images/players/NCAAFB/Shaun_Terry_NCAAFB_player_r6zm2ZHCOlvwDWLE1xHFQ9HZ-450.webp,57.81,57.81,50,50,9.92,10.17,54.86,55.38,49.75,50.25,-0.25,50.25,Under,8.60,-1.9,50.58,Yes,,,,,,
N/A,9/26/2026,Fluff Bothwell,Receiving Yards,9.5,demon,https://static.prizepicks.com/images/players/NCAAFB/Fluff_Bothwell_NCAAFB_player_Lnu6mAA8kXfzVSAmeKSylL1W-450.webp,https://static.prizepicks.com/images/players/NCAAFB/Fluff_Bothwell_NCAAFB_player_Lnu6mAA8kXfzVSAmeKSylL1W-450.webp,57.81,57.81,50,50,5.5,5.5,53.36,52.54,50.39,49.61,0.39,50.39,Over,5.37,-4.13,46.02,No,,,,,,
N/A,9/26/2026,Sam West,Receiving Yards,9.5,goblin,https://static.prizepicks.com/images/players/NCAAFB/Sam_West_NCAAFB_player_TNMTu5vDxhb2PA0wfEplEat2-450.webp,https://static.prizepicks.com/images/players/NCAAFB/Sam_West_NCAAFB_player_TNMTu5vDxhb2PA0wfEplEat2-450.webp,57.81,57.81,50,50,12.07,11.7,54.71,53.92,50.37,49.63,0.37,50.37,Over,11.74,2.24,52.56,Yes,,,,,,
N/A,9/26/2026,Austin Simmons,Rush Yards,9.5,demon,https://static.prizepicks.com/images/players/NCAAFB/Austin_Simmons_NCAAFB_player_qHr0WXyYT3Vcg3P5vwbUsElS-450.webp,https://static.prizepicks.com/images/players/NCAAFB/Austin_Simmons_NCAAFB_player_qHr0WXyYT3Vcg3P5vwbUsElS-450.webp,57.81,57.81,50,50,4.52,4.5,54.07,54.18,49.94,50.06,-0.06,49.94,Over,3.65,-5.85,46.03,No,,,,,,
N/A,9/26/2026,Sam West,Longest Reception,9.5,standard,https://static.prizepicks.com/images/players/NCAAFB/Sam_West_NCAAFB_player_TNMTu5vDxhb2PA0wfEplEat2-450.webp,https://static.prizepicks.com/images/players/NCAAFB/Sam_West_NCAAFB_player_TNMTu5vDxhb2PA0wfEplEat2-450.webp,57.81,57.81,50,50,9.5,,,,,,,,,,,50,,,,,,,
N/A,9/26/2026,Donovan Olugbode,Receptions,9.5,demon,https://static.prizepicks.com/images/players/NCAAFB/Donovan_Olugbode_NCAAFB_player_eH5LHDLlHaaeRGtePlgq2XTs-450.webp,https://static.prizepicks.com/images/players/NCAAFB/Donovan_Olugbode_NCAAFB_player_eH5LHDLlHaaeRGtePlgq2XTs-450.webp,57.81,57.81,50,50,4.65,4.5,53.45,54.26,49.61,50.39,-0.39,49.61,Over,4.60,-4.9,2.08,No,,,,,,
N/A,9/26/2026,Sanfrisco Magee,Receiving Yards,9.5,goblin,https://static.prizepicks.com/images/players/NCAAFB/Sanfrisco_Magee_NCAAFB_player_zxZ3rShDbnJrAa40ZmpDy30o-450.webp,https://static.prizepicks.com/images/players/NCAAFB/Sanfrisco_Magee_NCAAFB_player_zxZ3rShDbnJrAa40ZmpDy30o-450.webp,57.81,57.81,50,50,33.81,34.3,53.62,54.62,49.51,50.49,-0.49,49.51,Over,34.34,24.84,72.83,Yes,,,,,,
N/A,9/26/2026,Brett Norfleet,Receiving Yards,9.5,goblin,https://static.prizepicks.com/images/players/NCAAFB/Brett_Norfleet_NCAAFB_player_MOFtOXApFqDUT4ztnMhhKURz-450.webp,https://static.prizepicks.com/images/players/NCAAFB/Brett_Norfleet_NCAAFB_player_MOFtOXApFqDUT4ztnMhhKURz-450.webp,57.81,57.81,50,50,12.73,13.17,54.33,55.28,49.56,50.44,-0.44,49.56,Over,13.57,4.07,53.22,Yes,,,,,,
N/A,9/26/2026,Jamal Roberts,Receiving Yards,9.5,demon,https://static.prizepicks.com/images/players/NCAAFB/Jamal_Roberts_NCAAFB_player_xLl2ynTGMtJJo0UA51aRABxU-450.webp,https://static.prizepicks.com/images/players/NCAAFB/Jamal_Roberts_NCAAFB_player_xLl2ynTGMtJJo0UA51aRABxU-450.webp,57.81,57.81,50,50,5.59,5.5,53.77,53.56,50.1,49.9,0.1,50.1,Over,4.93,-4.57,46.11,No,,,,,,
N/A,9/26/2026,Brett Norfleet,Longest Reception,9.5,standard,https://static.prizepicks.com/images/players/NCAAFB/Brett_Norfleet_NCAAFB_player_MOFtOXApFqDUT4ztnMhhKURz-450.webp,https://static.prizepicks.com/images/players/NCAAFB/Brett_Norfleet_NCAAFB_player_MOFtOXApFqDUT4ztnMhhKURz-450.webp,57.81,57.81,50,50,9.5,,,,,,,,,,,50,,,,,,,
N/A,9/26/2026,Anthony Evans III,Receptions,7.5,demon,https://static.prizepicks.com/images/players/NCAAFB/Anthony_Evans_NCAAFB_player_52Bd7MMmgNRPlBhj6W6tHIj9-450.webp,https://static.prizepicks.com/images/players/NCAAFB/Anthony_Evans_NCAAFB_player_52Bd7MMmgNRPlBhj6W6tHIj9-450.webp,57.81,57.81,50,50,6.18,6.42,47.27,59.7,44.08,55.92,-5.92,44.08,Over,6.25,-1.25,28.12,No,,,,,,
N/A,9/26/2026,Zion Ragins,Receptions,7.5,demon,https://static.prizepicks.com/images/players/NCAAFB/Zion_Ragins_NCAAFB_player_lv0LfglSIYrjK5cTHfhk11eY-450.webp,https://static.prizepicks.com/images/players/NCAAFB/Zion_Ragins_NCAAFB_player_lv0LfglSIYrjK5cTHfhk11eY-450.webp,57.81,57.81,50,50,2.83,2.5,60.02,53.18,53.56,46.44,3.56,53.56,Over,2.69,-4.81,0.86,No,,,,,,
N/A,9/26/2026,Sanfrisco Magee,Receptions,7.5,demon,https://static.prizepicks.com/images/players/NCAAFB/Sanfrisco_Magee_NCAAFB_player_zxZ3rShDbnJrAa40ZmpDy30o-450.webp,https://static.prizepicks.com/images/players/NCAAFB/Sanfrisco_Magee_NCAAFB_player_zxZ3rShDbnJrAa40ZmpDy30o-450.webp,57.81,57.81,50,50,3.04,3.5,38.2,67.04,36.26,63.74,-13.74,36.26,Over,3.18,-4.32,1.28,No,,,,,,
N/A,9/26/2026,Kyle Ferrie,Kicking Points,7.5,standard,https://static.prizepicks.com/images/players/NCAAFB/Kyle_Ferrie_NCAAFB_player_uAmCQVOwdRuA1M7hSXFaT8vI-450.webp,https://static.prizepicks.com/images/players/NCAAFB/Kyle_Ferrie_NCAAFB_player_uAmCQVOwdRuA1M7hSXFaT8vI-450.webp,57.81,57.81,50,50,7.5,,,,,,,,,,,50,,,,,,,
N/A,9/26/2026,Anthony Evans III,Receptions,6.5,demon,https://static.prizepicks.com/images/players/NCAAFB/Anthony_Evans_NCAAFB_player_52Bd7MMmgNRPlBhj6W6tHIj9-450.webp,https://static.prizepicks.com/images/players/NCAAFB/Anthony_Evans_NCAAFB_player_52Bd7MMmgNRPlBhj6W6tHIj9-450.webp,57.81,57.81,50,50,6.18,6.42,47.27,59.7,44.08,55.92,-5.92,44.08,Over,6.25,-0.25,42.26,No,,,,,,
N/A,9/26/2026,Fluff Bothwell,Receiving Yards,6.5,standard,https://static.prizepicks.com/images/players/NCAAFB/Fluff_Bothwell_NCAAFB_player_Lnu6mAA8kXfzVSAmeKSylL1W-450.webp,https://static.prizepicks.com/images/players/NCAAFB/Fluff_Bothwell_NCAAFB_player_Lnu6mAA8kXfzVSAmeKSylL1W-450.webp,57.81,57.81,50,50,5.5,5.5,53.36,52.54,50.39,49.61,0.39,50.39,Over,5.37,-1.13,49,No,,,,,,
N/A,9/26/2026,Cayden Lee,Receptions,6.5,demon,https://static.prizepicks.com/images/players/NCAAFB/Cayden_Lee_NCAAFB_player_n1Ua5zhliIw6y5aNVT5WBuE7-450.webp,https://static.prizepicks.com/images/players/NCAAFB/Cayden_Lee_NCAAFB_player_n1Ua5zhliIw6y5aNVT5WBuE7-450.webp,57.81,57.81,50,50,5.02,4.6,60.43,49.46,55.06,44.94,5.06,55.06,Over,4.82,-1.68,24.07,No,,,,,,
N/A,9/26/2026,Donovan Olugbode,Receptions,6.5,demon,https://static.prizepicks.com/images/players/NCAAFB/Donovan_Olugbode_NCAAFB_player_eH5LHDLlHaaeRGtePlgq2XTs-450.webp,https://static.prizepicks.com/images/players/NCAAFB/Donovan_Olugbode_NCAAFB_player_eH5LHDLlHaaeRGtePlgq2XTs-450.webp,57.81,57.81,50,50,4.65,4.5,53.45,54.26,49.61,50.39,-0.39,49.61,Over,4.60,-1.9,18.86,No,,,,,,
N/A,9/26/2026,Fluff Bothwell,Longest Reception,6.5,standard,https://static.prizepicks.com/images/players/NCAAFB/Fluff_Bothwell_NCAAFB_player_Lnu6mAA8kXfzVSAmeKSylL1W-450.webp,https://static.prizepicks.com/images/players/NCAAFB/Fluff_Bothwell_NCAAFB_player_Lnu6mAA8kXfzVSAmeKSylL1W-450.webp,57.81,57.81,50,50,6.5,,,,,,,,,,,50,,,,,,,
N/A,9/26/2026,Marquis Johnson,Receptions,6.5,demon,https://static.prizepicks.com/images/players/NCAAFB/Marquis_Johnson_NCAAFB_player_aqL33boCZYH7OuNMCCd29z2C-450.webp,https://static.prizepicks.com/images/players/NCAAFB/Marquis_Johnson_NCAAFB_player_aqL33boCZYH7OuNMCCd29z2C-450.webp,57.81,57.81,50,50,2.62,2.5,52.94,56.07,48.56,51.44,-1.44,48.56,Over,2.53,-3.97,1.78,No,,,,,,
N/A,9/26/2026,Shaun Terry II,Longest Reception,6.5,standard,https://static.prizepicks.com/images/players/NCAAFB/Shaun_Terry_NCAAFB_player_r6zm2ZHCOlvwDWLE1xHFQ9HZ-450.webp,https://static.prizepicks.com/images/players/NCAAFB/Shaun_Terry_NCAAFB_player_r6zm2ZHCOlvwDWLE1xHFQ9HZ-450.webp,57.81,57.81,50,50,6.5,,,,,,,,,,,50,,,,,,,
N/A,9/26/2026,Blake Craig,Kicking Points,6.5,standard,https://static.prizepicks.com/images/players/NCAAFB/Blake_Craig_NCAAFB_player_cSKv3tcFgTziXVTjau5szZ3i-450.webp,https://static.prizepicks.com/images/players/NCAAFB/Blake_Craig_NCAAFB_player_cSKv3tcFgTziXVTjau5szZ3i-450.webp,57.81,57.81,50,50,6.5,,,,,,,,,,,50,,,,,,,
N/A,9/26/2026,Austin Simmons,Longest Rush,6.5,standard,https://static.prizepicks.com/images/players/NCAAFB/Austin_Simmons_NCAAFB_player_qHr0WXyYT3Vcg3P5vwbUsElS-450.webp,https://static.prizepicks.com/images/players/NCAAFB/Austin_Simmons_NCAAFB_player_qHr0WXyYT3Vcg3P5vwbUsElS-450.webp,57.81,57.81,50,50,6.5,,,,,,,,,,,50,,,,,,,
N/A,9/26/2026,Anthony Evans III,Receptions,6,standard,https://static.prizepicks.com/images/players/NCAAFB/Anthony_Evans_NCAAFB_player_52Bd7MMmgNRPlBhj6W6tHIj9-450.webp,https://static.prizepicks.com/images/players/NCAAFB/Anthony_Evans_NCAAFB_player_52Bd7MMmgNRPlBhj6W6tHIj9-450.webp,57.81,57.81,50,50,6.18,6.42,47.27,59.7,44.08,55.92,-5.92,55.92,Under,6.25,0.25,57.74,No,,,,,,
N/A,9/26/2026,Anthony Evans III,Receptions,5.5,goblin,https://static.prizepicks.com/images/players/NCAAFB/Anthony_Evans_NCAAFB_player_52Bd7MMmgNRPlBhj6W6tHIj9-450.webp,https://static.prizepicks.com/images/players/NCAAFB/Anthony_Evans_NCAAFB_player_52Bd7MMmgNRPlBhj6W6tHIj9-450.webp,57.81,57.81,50,50,6.18,6.42,47.27,59.7,44.08,55.92,-5.92,44.08,Over,6.25,0.75,58.28,Yes,,,,,,
N/A,9/26/2026,Cayden Lee,Receptions,5.5,demon,https://static.prizepicks.com/images/players/NCAAFB/Cayden_Lee_NCAAFB_player_n1Ua5zhliIw6y5aNVT5WBuE7-450.webp,https://static.prizepicks.com/images/players/NCAAFB/Cayden_Lee_NCAAFB_player_n1Ua5zhliIw6y5aNVT5WBuE7-450.webp,57.81,57.81,50,50,5.02,4.6,60.43,49.46,55.06,44.94,5.06,55.06,Over,4.82,-0.68,38.75,No,,,,,,
N/A,9/26/2026,Donovan Olugbode,Receptions,5.5,demon,https://static.prizepicks.com/images/players/NCAAFB/Donovan_Olugbode_NCAAFB_player_eH5LHDLlHaaeRGtePlgq2XTs-450.webp,https://static.prizepicks.com/images/players/NCAAFB/Donovan_Olugbode_NCAAFB_player_eH5LHDLlHaaeRGtePlgq2XTs-450.webp,57.81,57.81,50,50,4.65,4.5,53.45,54.26,49.61,50.39,-0.39,49.61,Over,4.60,-0.9,32.29,No,,,,,,
N/A,9/26/2026,Jamal Roberts,Receiving Yards,5.5,standard,https://static.prizepicks.com/images/players/NCAAFB/Jamal_Roberts_NCAAFB_player_xLl2ynTGMtJJo0UA51aRABxU-450.webp,https://static.prizepicks.com/images/players/NCAAFB/Jamal_Roberts_NCAAFB_player_xLl2ynTGMtJJo0UA51aRABxU-450.webp,57.81,57.81,50,50,5.59,5.5,53.77,53.56,50.1,49.9,0.1,50.1,Over,4.93,-0.57,50.09,No,,,,,,
N/A,9/26/2026,Brett Norfleet,Receptions,5.5,demon,https://static.prizepicks.com/images/players/NCAAFB/Brett_Norfleet_NCAAFB_player_MOFtOXApFqDUT4ztnMhhKURz-450.webp,https://static.prizepicks.com/images/players/NCAAFB/Brett_Norfleet_NCAAFB_player_MOFtOXApFqDUT4ztnMhhKURz-450.webp,57.81,57.81,50,50,1.74,1.5,56.92,52.95,51.8,48.2,1.8,51.8,Over,1.71,-3.79,0.89,No,,,,,,
N/A,9/26/2026,Cayden Lee,Receptions,5,standard,https://static.prizepicks.com/images/players/NCAAFB/Cayden_Lee_NCAAFB_player_n1Ua5zhliIw6y5aNVT5WBuE7-450.webp,https://static.prizepicks.com/images/players/NCAAFB/Cayden_Lee_NCAAFB_player_n1Ua5zhliIw6y5aNVT5WBuE7-450.webp,57.81,57.81,50,50,5.02,4.6,60.43,49.46,55.06,44.94,5.06,55.06,Over,4.82,-0.18,38.75,No,,,,,,
N/A,9/26/2026,Sam West,Receiving Yards,4.5,goblin,https://static.prizepicks.com/images/players/NCAAFB/Sam_West_NCAAFB_player_TNMTu5vDxhb2PA0wfEplEat2-450.webp,https://static.prizepicks.com/images/players/NCAAFB/Sam_West_NCAAFB_player_TNMTu5vDxhb2PA0wfEplEat2-450.webp,57.81,57.81,50,50,12.07,11.7,54.71,53.92,50.37,49.63,0.37,50.37,Over,11.74,7.24,57.51,Yes,,,,,,
N/A,9/26/2026,Fluff Bothwell,Receiving Yards,4.5,goblin,https://static.prizepicks.com/images/players/NCAAFB/Fluff_Bothwell_NCAAFB_player_Lnu6mAA8kXfzVSAmeKSylL1W-450.webp,https://static.prizepicks.com/images/players/NCAAFB/Fluff_Bothwell_NCAAFB_player_Lnu6mAA8kXfzVSAmeKSylL1W-450.webp,57.81,57.81,50,50,5.5,5.5,53.36,52.54,50.39,49.61,0.39,50.39,Over,5.37,0.87,51,Yes,,,,,,
N/A,9/26/2026,Austin Simmons,Rush Yards,4.5,standard,https://static.prizepicks.com/images/players/NCAAFB/Austin_Simmons_NCAAFB_player_qHr0WXyYT3Vcg3P5vwbUsElS-450.webp,https://static.prizepicks.com/images/players/NCAAFB/Austin_Simmons_NCAAFB_player_qHr0WXyYT3Vcg3P5vwbUsElS-450.webp,57.81,57.81,50,50,4.52,4.5,54.07,54.18,49.94,50.06,-0.06,50.06,Under,3.65,-0.85,49.98,Yes,,,,,,
N/A,9/26/2026,Sanfrisco Magee,Receptions,4.5,demon,https://static.prizepicks.com/images/players/NCAAFB/Sanfrisco_Magee_NCAAFB_player_zxZ3rShDbnJrAa40ZmpDy30o-450.webp,https://static.prizepicks.com/images/players/NCAAFB/Sanfrisco_Magee_NCAAFB_player_zxZ3rShDbnJrAa40ZmpDy30o-450.webp,57.81,57.81,50,50,3.04,3.5,38.2,67.04,36.26,63.74,-13.74,36.26,Over,3.18,-1.32,19.15,No,,,,,,
N/A,9/26/2026,Zion Ragins,Receptions,4.5,demon,https://static.prizepicks.com/images/players/NCAAFB/Zion_Ragins_NCAAFB_player_lv0LfglSIYrjK5cTHfhk11eY-450.webp,https://static.prizepicks.com/images/players/NCAAFB/Zion_Ragins_NCAAFB_player_lv0LfglSIYrjK5cTHfhk11eY-450.webp,57.81,57.81,50,50,2.83,2.5,60.02,53.18,53.56,46.44,3.56,53.56,Over,2.69,-1.81,15.7,No,,,,,,
N/A,9/26/2026,Jamal Roberts,Longest Reception,4.5,standard,https://static.prizepicks.com/images/players/NCAAFB/Jamal_Roberts_NCAAFB_player_xLl2ynTGMtJJo0UA51aRABxU-450.webp,https://static.prizepicks.com/images/players/NCAAFB/Jamal_Roberts_NCAAFB_player_xLl2ynTGMtJJo0UA51aRABxU-450.webp,57.81,57.81,50,50,4.5,,,,,,,,,,,50,,,,,,,
N/A,9/26/2026,Anthony Evans III,Receptions,4.5,goblin,https://static.prizepicks.com/images/players/NCAAFB/Anthony_Evans_NCAAFB_player_52Bd7MMmgNRPlBhj6W6tHIj9-450.webp,https://static.prizepicks.com/images/players/NCAAFB/Anthony_Evans_NCAAFB_player_52Bd7MMmgNRPlBhj6W6tHIj9-450.webp,57.81,57.81,50,50,6.18,6.42,47.27,59.7,44.08,55.92,-5.92,44.08,Over,6.25,1.75,73.83,Yes,,,,,,
N/A,9/26/2026,Donovan Olugbode,Receptions,4.5,standard,https://static.prizepicks.com/images/players/NCAAFB/Donovan_Olugbode_NCAAFB_player_eH5LHDLlHaaeRGtePlgq2XTs-450.webp,https://static.prizepicks.com/images/players/NCAAFB/Donovan_Olugbode_NCAAFB_player_eH5LHDLlHaaeRGtePlgq2XTs-450.webp,57.81,57.81,50,50,4.65,4.5,53.45,54.26,49.61,50.39,-0.39,50.39,Under,4.60,0.1,50.39,No,,,,,,
N/A,9/26/2026,Kamario Taylor,Pass TDs,4.5,demon,https://static.prizepicks.com/images/players/NCAAFB/Kamario_Taylor_NCAAFB_player_qEQvEpL4DBs8gdlI9aZ40PXD-450.webp,https://static.prizepicks.com/images/players/NCAAFB/Kamario_Taylor_NCAAFB_player_qEQvEpL4DBs8gdlI9aZ40PXD-450.webp,57.81,57.81,50,50,1.85,1.5,65.97,40.79,61.79,38.22,11.79,61.79,Over,1.65,-2.85,4.01,No,,,,,,
N/A,9/26/2026,Brett Norfleet,Receiving Yards,4.5,goblin,https://static.prizepicks.com/images/players/NCAAFB/Brett_Norfleet_NCAAFB_player_MOFtOXApFqDUT4ztnMhhKURz-450.webp,https://static.prizepicks.com/images/players/NCAAFB/Brett_Norfleet_NCAAFB_player_MOFtOXApFqDUT4ztnMhhKURz-450.webp,57.81,57.81,50,50,12.73,13.17,54.33,55.28,49.56,50.44,-0.44,49.56,Over,13.57,9.07,58.15,Yes,,,,,,
N/A,9/26/2026,Cayden Lee,Receptions,4.5,goblin,https://static.prizepicks.com/images/players/NCAAFB/Cayden_Lee_NCAAFB_player_n1Ua5zhliIw6y5aNVT5WBuE7-450.webp,https://static.prizepicks.com/images/players/NCAAFB/Cayden_Lee_NCAAFB_player_n1Ua5zhliIw6y5aNVT5WBuE7-450.webp,57.81,57.81,50,50,5.02,4.6,60.43,49.46,55.06,44.94,5.06,55.06,Over,4.82,0.32,56.3,Yes,,,,,,
N/A,9/26/2026,Marquis Johnson,Receptions,4.5,demon,https://static.prizepicks.com/images/players/NCAAFB/Marquis_Johnson_NCAAFB_player_aqL33boCZYH7OuNMCCd29z2C-450.webp,https://static.prizepicks.com/images/players/NCAAFB/Marquis_Johnson_NCAAFB_player_aqL33boCZYH7OuNMCCd29z2C-450.webp,57.81,57.81,50,50,2.62,2.5,52.94,56.07,48.56,51.44,-1.44,48.56,Over,2.53,-1.97,12.54,No,,,,,,
N/A,9/26/2026,Fluff Bothwell,Receptions,4.5,demon,https://static.prizepicks.com/images/players/NCAAFB/Fluff_Bothwell_NCAAFB_player_Lnu6mAA8kXfzVSAmeKSylL1W-450.webp,https://static.prizepicks.com/images/players/NCAAFB/Fluff_Bothwell_NCAAFB_player_Lnu6mAA8kXfzVSAmeKSylL1W-450.webp,57.81,57.81,50,50,1.34,1.5,41.66,65.98,38.7,61.3,-11.3,38.7,Over,1.40,-3.1,1.2,No,,,,,,
N/A,9/26/2026,Cayden Lee,Receptions,3.5,goblin,https://static.prizepicks.com/images/players/NCAAFB/Cayden_Lee_NCAAFB_player_n1Ua5zhliIw6y5aNVT5WBuE7-450.webp,https://static.prizepicks.com/images/players/NCAAFB/Cayden_Lee_NCAAFB_player_n1Ua5zhliIw6y5aNVT5WBuE7-450.webp,57.81,57.81,50,50,5.02,4.6,60.43,49.46,55.06,44.94,5.06,55.06,Over,4.82,1.32,73.78,Yes,,,,,,
N/A,9/26/2026,Sanfrisco Magee,Receptions,3.5,demon,https://static.prizepicks.com/images/players/NCAAFB/Sanfrisco_Magee_NCAAFB_player_zxZ3rShDbnJrAa40ZmpDy30o-450.webp,https://static.prizepicks.com/images/players/NCAAFB/Sanfrisco_Magee_NCAAFB_player_zxZ3rShDbnJrAa40ZmpDy30o-450.webp,57.81,57.81,50,50,3.04,3.5,38.2,67.04,36.26,63.74,-13.74,36.26,Over,3.18,-0.32,36.17,No,,,,,,
N/A,9/26/2026,Zion Ragins,Receptions,3.5,demon,https://static.prizepicks.com/images/players/NCAAFB/Zion_Ragins_NCAAFB_player_lv0LfglSIYrjK5cTHfhk11eY-450.webp,https://static.prizepicks.com/images/players/NCAAFB/Zion_Ragins_NCAAFB_player_lv0LfglSIYrjK5cTHfhk11eY-450.webp,57.81,57.81,50,50,2.83,2.5,60.02,53.18,53.56,46.44,3.56,53.56,Over,2.69,-0.81,31.47,No,,,,,,
N/A,9/26/2026,Donovan Olugbode,Receptions,3.5,goblin,https://static.prizepicks.com/images/players/NCAAFB/Donovan_Olugbode_NCAAFB_player_eH5LHDLlHaaeRGtePlgq2XTs-450.webp,https://static.prizepicks.com/images/players/NCAAFB/Donovan_Olugbode_NCAAFB_player_eH5LHDLlHaaeRGtePlgq2XTs-450.webp,57.81,57.81,50,50,4.65,4.5,53.45,54.26,49.61,50.39,-0.39,49.61,Over,4.60,1.1,68.24,Yes,,,,,,
N/A,9/26/2026,Austin Simmons,Pass TDs,3.5,demon,https://static.prizepicks.com/images/players/NCAAFB/Austin_Simmons_NCAAFB_player_qHr0WXyYT3Vcg3P5vwbUsElS-450.webp,https://static.prizepicks.com/images/players/NCAAFB/Austin_Simmons_NCAAFB_player_qHr0WXyYT3Vcg3P5vwbUsElS-450.webp,57.81,57.81,50,50,1.42,1.5,51.05,56.95,47.24,52.76,-2.76,47.24,Over,1.46,-2.04,5.6,No,,,,,,
N/A,9/26/2026,Anthony Evans III,Receptions,3.5,goblin,https://static.prizepicks.com/images/players/NCAAFB/Anthony_Evans_NCAAFB_player_52Bd7MMmgNRPlBhj6W6tHIj9-450.webp,https://static.prizepicks.com/images/players/NCAAFB/Anthony_Evans_NCAAFB_player_52Bd7MMmgNRPlBhj6W6tHIj9-450.webp,57.81,57.81,50,50,6.18,6.42,47.27,59.7,44.08,55.92,-5.92,44.08,Over,6.25,2.75,86.42,Yes,,,,,,
N/A,9/26/2026,Marquis Johnson,Receptions,3.5,demon,https://static.prizepicks.com/images/players/NCAAFB/Marquis_Johnson_NCAAFB_player_aqL33boCZYH7OuNMCCd29z2C-450.webp,https://static.prizepicks.com/images/players/NCAAFB/Marquis_Johnson_NCAAFB_player_aqL33boCZYH7OuNMCCd29z2C-450.webp,57.81,57.81,50,50,2.62,2.5,52.94,56.07,48.56,51.44,-1.44,48.56,Over,2.53,-0.97,26.84,No,,,,,,
N/A,9/26/2026,Brett Norfleet,Receptions,3.5,demon,https://static.prizepicks.com/images/players/NCAAFB/Brett_Norfleet_NCAAFB_player_MOFtOXApFqDUT4ztnMhhKURz-450.webp,https://static.prizepicks.com/images/players/NCAAFB/Brett_Norfleet_NCAAFB_player_MOFtOXApFqDUT4ztnMhhKURz-450.webp,57.81,57.81,50,50,1.74,1.5,56.92,52.95,51.8,48.2,1.8,51.8,Over,1.71,-1.79,9.93,No,,,,,,
N/A,9/26/2026,Kyle Ferrie,PAT Made,3.5,standard,https://static.prizepicks.com/images/players/NCAAFB/Kyle_Ferrie_NCAAFB_player_uAmCQVOwdRuA1M7hSXFaT8vI-450.webp,https://static.prizepicks.com/images/players/NCAAFB/Kyle_Ferrie_NCAAFB_player_uAmCQVOwdRuA1M7hSXFaT8vI-450.webp,57.81,57.81,50,50,3.5,,,,,,,,,,,50,,,,,,,
N/A,9/26/2026,Kamario Taylor,Pass TDs,2.5,demon,https://static.prizepicks.com/images/players/NCAAFB/Kamario_Taylor_NCAAFB_player_qEQvEpL4DBs8gdlI9aZ40PXD-450.webp,https://static.prizepicks.com/images/players/NCAAFB/Kamario_Taylor_NCAAFB_player_qEQvEpL4DBs8gdlI9aZ40PXD-450.webp,57.81,57.81,50,50,1.85,1.5,65.97,40.79,61.79,38.22,11.79,61.79,Over,1.65,-0.85,28.28,No,,,,,,
N/A,9/26/2026,Sanfrisco Magee,Receptions,2.5,goblin,https://static.prizepicks.com/images/players/NCAAFB/Sanfrisco_Magee_NCAAFB_player_zxZ3rShDbnJrAa40ZmpDy30o-450.webp,https://static.prizepicks.com/images/players/NCAAFB/Sanfrisco_Magee_NCAAFB_player_zxZ3rShDbnJrAa40ZmpDy30o-450.webp,57.81,57.81,50,50,3.04,3.5,38.2,67.04,36.26,63.74,-13.74,36.26,Over,3.18,0.68,58.57,Yes,,,,,,
N/A,9/26/2026,Austin Simmons,Pass TDs,2.5,demon,https://static.prizepicks.com/images/players/NCAAFB/Austin_Simmons_NCAAFB_player_qHr0WXyYT3Vcg3P5vwbUsElS-450.webp,https://static.prizepicks.com/images/players/NCAAFB/Austin_Simmons_NCAAFB_player_qHr0WXyYT3Vcg3P5vwbUsElS-450.webp,57.81,57.81,50,50,1.42,1.5,51.05,56.95,47.24,52.76,-2.76,47.24,Over,1.46,-1.04,17.14,No,,,,,,
N/A,9/26/2026,Kamario Taylor,Anytime TDs,2.5,demon,https://static.prizepicks.com/images/players/NCAAFB/Kamario_Taylor_NCAAFB_player_qEQvEpL4DBs8gdlI9aZ40PXD-450.webp,https://static.prizepicks.com/images/players/NCAAFB/Kamario_Taylor_NCAAFB_player_qEQvEpL4DBs8gdlI9aZ40PXD-450.webp,57.81,57.81,50,50,0.56,0.5,61.19,47.57,56.27,43.73,6.27,56.27,Over,0.50,-2,1.93,No,,,,,,
N/A,9/26/2026,Zion Ragins,Receptions,2.5,goblin,https://static.prizepicks.com/images/players/NCAAFB/Zion_Ragins_NCAAFB_player_lv0LfglSIYrjK5cTHfhk11eY-450.webp,https://static.prizepicks.com/images/players/NCAAFB/Zion_Ragins_NCAAFB_player_lv0LfglSIYrjK5cTHfhk11eY-450.webp,57.81,57.81,50,50,2.83,2.5,60.02,53.18,53.56,46.44,3.56,53.56,Over,2.69,0.19,53.77,Yes,,,,,,
N/A,9/26/2026,Fluff Bothwell,Anytime TDs,2.5,demon,https://static.prizepicks.com/images/players/NCAAFB/Fluff_Bothwell_NCAAFB_player_Lnu6mAA8kXfzVSAmeKSylL1W-450.webp,https://static.prizepicks.com/images/players/NCAAFB/Fluff_Bothwell_NCAAFB_player_Lnu6mAA8kXfzVSAmeKSylL1W-450.webp,57.81,57.81,50,50,0.58,0.5,63.09,45.55,58.08,41.92,8.08,58.08,Over,1.08,-1.42,2.12,No,,,,,,
N/A,9/26/2026,Jamal Roberts,Anytime TDs,2.5,demon,https://static.prizepicks.com/images/players/NCAAFB/Jamal_Roberts_NCAAFB_player_xLl2ynTGMtJJo0UA51aRABxU-450.webp,https://static.prizepicks.com/images/players/NCAAFB/Jamal_Roberts_NCAAFB_player_xLl2ynTGMtJJo0UA51aRABxU-450.webp,57.81,57.81,50,50,0.68,0.5,73.37,34.74,67.88,32.12,17.88,67.88,Over,1.27,-1.23,3.18,No,,,,,,
N/A,9/26/2026,Brett Norfleet,Receptions,2.5,demon,https://static.prizepicks.com/images/players/NCAAFB/Brett_Norfleet_NCAAFB_player_MOFtOXApFqDUT4ztnMhhKURz-450.webp,https://static.prizepicks.com/images/players/NCAAFB/Brett_Norfleet_NCAAFB_player_MOFtOXApFqDUT4ztnMhhKURz-450.webp,57.81,57.81,50,50,1.74,1.5,56.92,52.95,51.8,48.2,1.8,51.8,Over,1.71,-0.79,25.34,No,,,,,,
N/A,9/26/2026,Donovan Olugbode,Receptions,2.5,goblin,https://static.prizepicks.com/images/players/NCAAFB/Donovan_Olugbode_NCAAFB_player_eH5LHDLlHaaeRGtePlgq2XTs-450.webp,https://static.prizepicks.com/images/players/NCAAFB/Donovan_Olugbode_NCAAFB_player_eH5LHDLlHaaeRGtePlgq2XTs-450.webp,57.81,57.81,50,50,4.65,4.5,53.45,54.26,49.61,50.39,-0.39,49.61,Over,4.60,2.1,84.26,Yes,,,,,,
N/A,9/26/2026,Marquis Johnson,Receptions,2.5,standard,https://static.prizepicks.com/images/players/NCAAFB/Marquis_Johnson_NCAAFB_player_aqL33boCZYH7OuNMCCd29z2C-450.webp,https://static.prizepicks.com/images/players/NCAAFB/Marquis_Johnson_NCAAFB_player_aqL33boCZYH7OuNMCCd29z2C-450.webp,57.81,57.81,50,50,2.62,2.5,52.94,56.07,48.56,51.44,-1.44,51.44,Under,2.53,0.03,51.34,No,,,,,,
N/A,9/26/2026,Blake Craig,PAT Made,2.5,goblin,https://static.prizepicks.com/images/players/NCAAFB/Blake_Craig_NCAAFB_player_cSKv3tcFgTziXVTjau5szZ3i-450.webp,https://static.prizepicks.com/images/players/NCAAFB/Blake_Craig_NCAAFB_player_cSKv3tcFgTziXVTjau5szZ3i-450.webp,57.81,57.81,50,50,2.5,,,,,,,,,,,50,,,,,,,
N/A,9/26/2026,Fluff Bothwell,Receptions,2.5,demon,https://static.prizepicks.com/images/players/NCAAFB/Fluff_Bothwell_NCAAFB_player_Lnu6mAA8kXfzVSAmeKSylL1W-450.webp,https://static.prizepicks.com/images/players/NCAAFB/Fluff_Bothwell_NCAAFB_player_Lnu6mAA8kXfzVSAmeKSylL1W-450.webp,57.81,57.81,50,50,1.34,1.5,41.66,65.98,38.7,61.3,-11.3,38.7,Over,1.40,-1.1,15.22,No,,,,,,
N/A,9/26/2026,Fluff Bothwell,Anytime TDs,1.5,demon,https://static.prizepicks.com/images/players/NCAAFB/Fluff_Bothwell_NCAAFB_player_Lnu6mAA8kXfzVSAmeKSylL1W-450.webp,https://static.prizepicks.com/images/players/NCAAFB/Fluff_Bothwell_NCAAFB_player_Lnu6mAA8kXfzVSAmeKSylL1W-450.webp,57.81,57.81,50,50,0.58,0.5,63.09,45.55,58.08,41.92,8.08,58.08,Over,1.08,-0.42,11.54,No,,,,,,
N/A,9/26/2026,Jamal Roberts,Anytime TDs,1.5,demon,https://static.prizepicks.com/images/players/NCAAFB/Jamal_Roberts_NCAAFB_player_xLl2ynTGMtJJo0UA51aRABxU-450.webp,https://static.prizepicks.com/images/players/NCAAFB/Jamal_Roberts_NCAAFB_player_xLl2ynTGMtJJo0UA51aRABxU-450.webp,57.81,57.81,50,50,0.68,0.5,73.37,34.74,67.88,32.12,17.88,67.88,Over,1.27,-0.23,14.89,No,,,,,,
N/A,9/26/2026,Kamario Taylor,Anytime TDs,1.5,demon,https://static.prizepicks.com/images/players/NCAAFB/Kamario_Taylor_NCAAFB_player_qEQvEpL4DBs8gdlI9aZ40PXD-450.webp,https://static.prizepicks.com/images/players/NCAAFB/Kamario_Taylor_NCAAFB_player_qEQvEpL4DBs8gdlI9aZ40PXD-450.webp,57.81,57.81,50,50,0.56,0.5,61.19,47.57,56.27,43.73,6.27,56.27,Over,0.50,-1,10.89,No,,,,,,
N/A,9/26/2026,Kamario Taylor,Pass TDs,1.5,goblin,https://static.prizepicks.com/images/players/NCAAFB/Kamario_Taylor_NCAAFB_player_qEQvEpL4DBs8gdlI9aZ40PXD-450.webp,https://static.prizepicks.com/images/players/NCAAFB/Kamario_Taylor_NCAAFB_player_qEQvEpL4DBs8gdlI9aZ40PXD-450.webp,57.81,57.81,50,50,1.85,1.5,65.97,40.79,61.79,38.22,11.79,61.79,Over,1.65,0.15,55.19,Yes,,,,,,
N/A,9/26/2026,Zion Ragins,Receptions,1.5,goblin,https://static.prizepicks.com/images/players/NCAAFB/Zion_Ragins_NCAAFB_player_lv0LfglSIYrjK5cTHfhk11eY-450.webp,https://static.prizepicks.com/images/players/NCAAFB/Zion_Ragins_NCAAFB_player_lv0LfglSIYrjK5cTHfhk11eY-450.webp,57.81,57.81,50,50,2.83,2.5,60.02,53.18,53.56,46.44,3.56,53.56,Over,2.69,1.19,77.4,Yes,,,,,,
N/A,9/26/2026,Xai'Shaun Edwards,Anytime TDs,1.5,demon,https://static.prizepicks.com/images/teams/ncaafb/NCAAFB_team_sPHHckBrd8ahSOMUZiGAQL4V/24.webp,https://static.prizepicks.com/images/teams/ncaafb/NCAAFB_team_sPHHckBrd8ahSOMUZiGAQL4V/24.webp,57.81,57.81,50,50,1.5,,,,,,,,,0.29,-1.21,44.22,,,,,,,
N/A,9/26/2026,Sanfrisco Magee,Anytime TDs,1.5,demon,https://static.prizepicks.com/images/players/NCAAFB/Sanfrisco_Magee_NCAAFB_player_zxZ3rShDbnJrAa40ZmpDy30o-450.webp,https://static.prizepicks.com/images/players/NCAAFB/Sanfrisco_Magee_NCAAFB_player_zxZ3rShDbnJrAa40ZmpDy30o-450.webp,57.81,57.81,50,50,0.32,0.5,35.32,76.34,31.63,68.37,-18.37,31.63,Over,0.50,-1,4.15,No,,,,,,
N/A,9/26/2026,Donovan Olugbode,Anytime TDs,1.5,demon,https://static.prizepicks.com/images/players/NCAAFB/Donovan_Olugbode_NCAAFB_player_eH5LHDLlHaaeRGtePlgq2XTs-450.webp,https://static.prizepicks.com/images/players/NCAAFB/Donovan_Olugbode_NCAAFB_player_eH5LHDLlHaaeRGtePlgq2XTs-450.webp,57.81,57.81,50,50,0.42,0.5,46.16,63.85,41.97,58.03,-8.03,41.97,Over,0.50,-1,6.7,No,,,,,,
N/A,9/26/2026,Zion Ragins,Anytime TDs,1.5,demon,https://static.prizepicks.com/images/players/NCAAFB/Zion_Ragins_NCAAFB_player_lv0LfglSIYrjK5cTHfhk11eY-450.webp,https://static.prizepicks.com/images/players/NCAAFB/Zion_Ragins_NCAAFB_player_lv0LfglSIYrjK5cTHfhk11eY-450.webp,57.81,57.81,50,50,0.32,0.5,35.54,76.08,31.85,68.15,-18.15,31.85,Over,0.50,-1,4.15,No,,,,,,
N/A,9/26/2026,Cayden Lee,Anytime TDs,1.5,demon,https://static.prizepicks.com/images/players/NCAAFB/Cayden_Lee_NCAAFB_player_n1Ua5zhliIw6y5aNVT5WBuE7-450.webp,https://static.prizepicks.com/images/players/NCAAFB/Cayden_Lee_NCAAFB_player_n1Ua5zhliIw6y5aNVT5WBuE7-450.webp,57.81,57.81,50,50,0.36,0.5,39.79,71.09,35.89,64.11,-14.11,35.89,Over,0.56,-0.94,5.12,No,,,,,,
N/A,9/26/2026,Marquis Johnson,Anytime TDs,1.5,demon,https://static.prizepicks.com/images/players/NCAAFB/Marquis_Johnson_NCAAFB_player_aqL33boCZYH7OuNMCCd29z2C-450.webp,https://static.prizepicks.com/images/players/NCAAFB/Marquis_Johnson_NCAAFB_player_aqL33boCZYH7OuNMCCd29z2C-450.webp,57.81,57.81,50,50,0.3,0.5,33.39,78.67,29.8,70.2,-20.2,29.8,Over,0.50,-1,3.69,No,,,,,,
N/A,9/26/2026,Anthony Evans III,Anytime TDs,1.5,demon,https://static.prizepicks.com/images/players/NCAAFB/Anthony_Evans_NCAAFB_player_52Bd7MMmgNRPlBhj6W6tHIj9-450.webp,https://static.prizepicks.com/images/players/NCAAFB/Anthony_Evans_NCAAFB_player_52Bd7MMmgNRPlBhj6W6tHIj9-450.webp,57.81,57.81,50,50,0.5,0.5,54.71,54.48,50.11,49.89,0.11,50.11,Over,0.70,-0.8,9.02,No,,,,,,
N/A,9/26/2026,Jamal Roberts,Receptions,1.5,demon,https://static.prizepicks.com/images/players/NCAAFB/Jamal_Roberts_NCAAFB_player_xLl2ynTGMtJJo0UA51aRABxU-450.webp,https://static.prizepicks.com/images/players/NCAAFB/Jamal_Roberts_NCAAFB_player_xLl2ynTGMtJJo0UA51aRABxU-450.webp,57.81,57.81,50,50,1.47,1.5,47.42,62.39,43.2,56.8,-6.8,43.2,Over,1.48,-0.02,43.21,No,,,,,,
N/A,9/26/2026,Marquis Johnson,Receptions,1.5,goblin,https://static.prizepicks.com/images/players/NCAAFB/Marquis_Johnson_NCAAFB_player_aqL33boCZYH7OuNMCCd29z2C-450.webp,https://static.prizepicks.com/images/players/NCAAFB/Marquis_Johnson_NCAAFB_player_aqL33boCZYH7OuNMCCd29z2C-450.webp,57.81,57.81,50,50,2.62,2.5,52.94,56.07,48.56,51.44,-1.44,48.56,Over,2.53,1.03,73.65,Yes,,,,,,
N/A,9/26/2026,Sanfrisco Magee,Receptions,1.5,goblin,https://static.prizepicks.com/images/players/NCAAFB/Sanfrisco_Magee_NCAAFB_player_zxZ3rShDbnJrAa40ZmpDy30o-450.webp,https://static.prizepicks.com/images/players/NCAAFB/Sanfrisco_Magee_NCAAFB_player_zxZ3rShDbnJrAa40ZmpDy30o-450.webp,57.81,57.81,50,50,3.04,3.5,38.2,67.04,36.26,63.74,-13.74,36.26,Over,3.18,1.68,80.67,Yes,,,,,,
N/A,9/26/2026,Fluff Bothwell,Receptions,1.5,demon,https://static.prizepicks.com/images/players/NCAAFB/Fluff_Bothwell_NCAAFB_player_Lnu6mAA8kXfzVSAmeKSylL1W-450.webp,https://static.prizepicks.com/images/players/NCAAFB/Fluff_Bothwell_NCAAFB_player_Lnu6mAA8kXfzVSAmeKSylL1W-450.webp,57.81,57.81,50,50,1.34,1.5,41.66,65.98,38.7,61.3,-11.3,38.7,Over,1.40,-0.1,38.73,No,,,,,,
N/A,9/26/2026,Kyle Ferrie,FG Made,1.5,demon,https://static.prizepicks.com/images/players/NCAAFB/Kyle_Ferrie_NCAAFB_player_uAmCQVOwdRuA1M7hSXFaT8vI-450.webp,https://static.prizepicks.com/images/players/NCAAFB/Kyle_Ferrie_NCAAFB_player_uAmCQVOwdRuA1M7hSXFaT8vI-450.webp,57.81,57.81,50,50,1.5,,,,,,,,,,,50,,,,,,,
N/A,9/26/2026,Blake Craig,FG Made,1.5,demon,https://static.prizepicks.com/images/players/NCAAFB/Blake_Craig_NCAAFB_player_cSKv3tcFgTziXVTjau5szZ3i-450.webp,https://static.prizepicks.com/images/players/NCAAFB/Blake_Craig_NCAAFB_player_cSKv3tcFgTziXVTjau5szZ3i-450.webp,57.81,57.81,50,50,1.5,,,,,,,,,,,50,,,,,,,
N/A,9/26/2026,Sam West,Receptions,1.5,goblin,https://static.prizepicks.com/images/players/NCAAFB/Sam_West_NCAAFB_player_TNMTu5vDxhb2PA0wfEplEat2-450.webp,https://static.prizepicks.com/images/players/NCAAFB/Sam_West_NCAAFB_player_TNMTu5vDxhb2PA0wfEplEat2-450.webp,57.81,57.81,50,50,1.84,1.5,59.55,48.81,54.97,45.03,4.97,54.97,Over,1.61,0.11,54.9,Yes,,,,,,
N/A,9/26/2026,Austin Simmons,Anytime TDs,1.5,demon,https://static.prizepicks.com/images/players/NCAAFB/Austin_Simmons_NCAAFB_player_qHr0WXyYT3Vcg3P5vwbUsElS-450.webp,https://static.prizepicks.com/images/players/NCAAFB/Austin_Simmons_NCAAFB_player_qHr0WXyYT3Vcg3P5vwbUsElS-450.webp,57.81,57.81,50,50,0.21,0.5,24.51,90.53,21.37,78.63,-28.63,21.37,Over,0.50,-1,1.92,No,,,,,,
N/A,9/26/2026,Austin Simmons,Pass TDs,1.5,standard,https://static.prizepicks.com/images/players/NCAAFB/Austin_Simmons_NCAAFB_player_qHr0WXyYT3Vcg3P5vwbUsElS-450.webp,https://static.prizepicks.com/images/players/NCAAFB/Austin_Simmons_NCAAFB_player_qHr0WXyYT3Vcg3P5vwbUsElS-450.webp,57.81,57.81,50,50,1.42,1.5,51.05,56.95,47.24,52.76,-2.76,52.76,Under,1.46,-0.04,58.49,Yes,,,,,,
N/A,9/26/2026,Anthony Evans III,Anytime TDs,0.5,goblin,https://static.prizepicks.com/images/players/NCAAFB/Anthony_Evans_NCAAFB_player_52Bd7MMmgNRPlBhj6W6tHIj9-450.webp,https://static.prizepicks.com/images/players/NCAAFB/Anthony_Evans_NCAAFB_player_52Bd7MMmgNRPlBhj6W6tHIj9-450.webp,57.81,57.81,50,50,0.5,0.5,54.71,54.48,50.11,49.89,0.11,50.11,Over,0.70,0.2,39.35,Yes,,,,,,
N/A,9/26/2026,Austin Simmons,Anytime TDs,0.5,demon,https://static.prizepicks.com/images/players/NCAAFB/Austin_Simmons_NCAAFB_player_qHr0WXyYT3Vcg3P5vwbUsElS-450.webp,https://static.prizepicks.com/images/players/NCAAFB/Austin_Simmons_NCAAFB_player_qHr0WXyYT3Vcg3P5vwbUsElS-450.webp,57.81,57.81,50,50,0.21,0.5,24.51,90.53,21.37,78.63,-28.63,21.37,Over,0.50,0,18.94,No,,,,,,
N/A,9/26/2026,Brett Norfleet,Anytime TDs,0.5,demon,https://static.prizepicks.com/images/players/NCAAFB/Brett_Norfleet_NCAAFB_player_MOFtOXApFqDUT4ztnMhhKURz-450.webp,https://static.prizepicks.com/images/players/NCAAFB/Brett_Norfleet_NCAAFB_player_MOFtOXApFqDUT4ztnMhhKURz-450.webp,57.81,57.81,50,50,0.19,0.5,22.24,92.86,19.32,80.68,-30.68,19.32,Over,0.50,0,17.3,No,,,,,,
N/A,9/26/2026,Caleb Goodie Sr.,Anytime TDs,0.5,demon,https://static.prizepicks.com/images/players/NCAAFB/Caleb_Goodie_NCAAFB_player_lUHc803QzNpDKz4JuE9ygalC-450.webp,https://static.prizepicks.com/images/players/NCAAFB/Caleb_Goodie_NCAAFB_player_lUHc803QzNpDKz4JuE9ygalC-450.webp,57.81,57.81,50,50,0.14,0.5,16.02,97.46,14.06,85.94,-35.94,14.06,Over,0.50,0,13.06,No,,,,,,
N/A,9/26/2026,Cayden Lee,Anytime TDs,0.5,demon,https://static.prizepicks.com/images/players/NCAAFB/Cayden_Lee_NCAAFB_player_n1Ua5zhliIw6y5aNVT5WBuE7-450.webp,https://static.prizepicks.com/images/players/NCAAFB/Cayden_Lee_NCAAFB_player_n1Ua5zhliIw6y5aNVT5WBuE7-450.webp,57.81,57.81,50,50,0.36,0.5,39.79,71.09,35.89,64.11,-14.11,35.89,Over,0.56,0.06,30.23,Yes,,,,,,
N/A,9/26/2026,Donovan Olugbode,Anytime TDs,0.5,demon,https://static.prizepicks.com/images/players/NCAAFB/Donovan_Olugbode_NCAAFB_player_eH5LHDLlHaaeRGtePlgq2XTs-450.webp,https://static.prizepicks.com/images/players/NCAAFB/Donovan_Olugbode_NCAAFB_player_eH5LHDLlHaaeRGtePlgq2XTs-450.webp,57.81,57.81,50,50,0.42,0.5,46.16,63.85,41.97,58.03,-8.03,41.97,Over,0.50,0,34.3,No,,,,,,
N/A,9/26/2026,Fluff Bothwell,Anytime TDs,0.5,goblin,https://static.prizepicks.com/images/players/NCAAFB/Fluff_Bothwell_NCAAFB_player_Lnu6mAA8kXfzVSAmeKSylL1W-450.webp,https://static.prizepicks.com/images/players/NCAAFB/Fluff_Bothwell_NCAAFB_player_Lnu6mAA8kXfzVSAmeKSylL1W-450.webp,57.81,57.81,50,50,0.58,0.5,63.09,45.55,58.08,41.92,8.08,58.08,Over,1.08,0.58,44.01,Yes,,,,,,
N/A,9/26/2026,Jamal Roberts,Anytime TDs,0.5,goblin,https://static.prizepicks.com/images/players/NCAAFB/Jamal_Roberts_NCAAFB_player_xLl2ynTGMtJJo0UA51aRABxU-450.webp,https://static.prizepicks.com/images/players/NCAAFB/Jamal_Roberts_NCAAFB_player_xLl2ynTGMtJJo0UA51aRABxU-450.webp,57.81,57.81,50,50,0.68,0.5,73.37,34.74,67.88,32.12,17.88,67.88,Over,1.27,0.77,49.34,Yes,,,,,,
N/A,9/26/2026,Kamario Taylor,Anytime TDs,0.5,goblin,https://static.prizepicks.com/images/players/NCAAFB/Kamario_Taylor_NCAAFB_player_qEQvEpL4DBs8gdlI9aZ40PXD-450.webp,https://static.prizepicks.com/images/players/NCAAFB/Kamario_Taylor_NCAAFB_player_qEQvEpL4DBs8gdlI9aZ40PXD-450.webp,57.81,57.81,50,50,0.56,0.5,61.19,47.57,56.27,43.73,6.27,56.27,Over,0.50,0,42.88,No,,,,,,
N/A,9/26/2026,Kolin Wilson,Anytime TDs,0.5,demon,https://static.prizepicks.com/images/players/NCAAFB/Kolin_Wilson_NCAAFB_player_VHXr5NPv4GI5hKLTMdo0eucC-450.webp,https://static.prizepicks.com/images/players/NCAAFB/Kolin_Wilson_NCAAFB_player_VHXr5NPv4GI5hKLTMdo0eucC-450.webp,57.81,57.81,50,50,0.26,0.5,28.91,84.62,25.57,74.43,-24.43,25.57,Over,0.36,-0.14,22.89,No,,,,,,
N/A,9/26/2026,Marquis Johnson,Anytime TDs,0.5,demon,https://static.prizepicks.com/images/players/NCAAFB/Marquis_Johnson_NCAAFB_player_aqL33boCZYH7OuNMCCd29z2C-450.webp,https://static.prizepicks.com/images/players/NCAAFB/Marquis_Johnson_NCAAFB_player_aqL33boCZYH7OuNMCCd29z2C-450.webp,57.81,57.81,50,50,0.3,0.5,33.39,78.67,29.8,70.2,-20.2,29.8,Over,0.50,0,25.92,No,,,,,,
N/A,9/26/2026,Naeshaun Montgomery,Anytime TDs,0.5,demon,https://static.prizepicks.com/images/players/NCAAFB/Naeshaun_Montgomery_NCAAFB_player_gby34mABcnAhrhyXUjyVi233-450.webp,https://static.prizepicks.com/images/players/NCAAFB/Naeshaun_Montgomery_NCAAFB_player_gby34mABcnAhrhyXUjyVi233-450.webp,57.81,57.81,50,50,0.13,0.5,14.99,97.46,13.3,86.7,-36.7,13.3,Over,0.50,0,12.19,No,,,,,,
N/A,9/26/2026,Sam West,Anytime TDs,0.5,demon,https://static.prizepicks.com/images/players/NCAAFB/Sam_West_NCAAFB_player_TNMTu5vDxhb2PA0wfEplEat2-450.webp,https://static.prizepicks.com/images/players/NCAAFB/Sam_West_NCAAFB_player_TNMTu5vDxhb2PA0wfEplEat2-450.webp,57.81,57.81,50,50,0.19,0.5,21.72,94.13,18.76,81.24,-31.24,18.76,Over,0.38,-0.12,17.3,No,,,,,,
N/A,9/26/2026,Sanfrisco Magee,Anytime TDs,0.5,demon,https://static.prizepicks.com/images/players/NCAAFB/Sanfrisco_Magee_NCAAFB_player_zxZ3rShDbnJrAa40ZmpDy30o-450.webp,https://static.prizepicks.com/images/players/NCAAFB/Sanfrisco_Magee_NCAAFB_player_zxZ3rShDbnJrAa40ZmpDy30o-450.webp,57.81,57.81,50,50,0.32,0.5,35.32,76.34,31.63,68.37,-18.37,31.63,Over,0.50,0,27.39,No,,,,,,
N/A,9/26/2026,Shaun Terry II,Anytime TDs,0.5,demon,https://static.prizepicks.com/images/players/NCAAFB/Shaun_Terry_NCAAFB_player_r6zm2ZHCOlvwDWLE1xHFQ9HZ-450.webp,https://static.prizepicks.com/images/players/NCAAFB/Shaun_Terry_NCAAFB_player_r6zm2ZHCOlvwDWLE1xHFQ9HZ-450.webp,57.81,57.81,50,50,0.14,0.5,15.2,97.48,13.47,86.53,-36.53,13.47,Over,0.28,-0.22,13.06,No,,,,,,
N/A,9/26/2026,Xai'Shaun Edwards,Anytime TDs,0.5,demon,https://static.prizepicks.com/images/teams/ncaafb/NCAAFB_team_sPHHckBrd8ahSOMUZiGAQL4V/24.webp,https://static.prizepicks.com/images/teams/ncaafb/NCAAFB_team_sPHHckBrd8ahSOMUZiGAQL4V/24.webp,57.81,57.81,50,50,0.5,,,,,,,,,0.29,-0.21,39.35,,,,,,,
N/A,9/26/2026,Xavier Gayten,Anytime TDs,0.5,demon,https://static.prizepicks.com/images/players/NCAAFB/Xavier_Gayten_NCAAFB_player_3IQ2LU4d0Q0YCmAF9ruOqLHI-450.webp,https://static.prizepicks.com/images/players/NCAAFB/Xavier_Gayten_NCAAFB_player_3IQ2LU4d0Q0YCmAF9ruOqLHI-450.webp,57.81,57.81,50,50,0.17,0.5,19.2,97.06,16.52,83.48,-33.48,16.52,Over,0.50,0,15.63,No,,,,,,
N/A,9/26/2026,Zion Ragins,Anytime TDs,0.5,demon,https://static.prizepicks.com/images/players/NCAAFB/Zion_Ragins_NCAAFB_player_lv0LfglSIYrjK5cTHfhk11eY-450.webp,https://static.prizepicks.com/images/players/NCAAFB/Zion_Ragins_NCAAFB_player_lv0LfglSIYrjK5cTHfhk11eY-450.webp,57.81,57.81,50,50,0.32,0.5,35.54,76.08,31.85,68.15,-18.15,31.85,Over,0.50,0,27.39,No,,,,,,
N/A,9/26/2026,Austin Simmons,Pass TDs,0.5,goblin,https://static.prizepicks.com/images/players/NCAAFB/Austin_Simmons_NCAAFB_player_qHr0WXyYT3Vcg3P5vwbUsElS-450.webp,https://static.prizepicks.com/images/players/NCAAFB/Austin_Simmons_NCAAFB_player_qHr0WXyYT3Vcg3P5vwbUsElS-450.webp,57.81,57.81,50,50,1.42,1.5,51.05,56.95,47.24,52.76,-2.76,47.24,Over,1.46,0.96,75.83,Yes,,,,,,
N/A,9/26/2026,Cayden Lee,Rec TDs,0.5,demon,https://static.prizepicks.com/images/players/NCAAFB/Cayden_Lee_NCAAFB_player_n1Ua5zhliIw6y5aNVT5WBuE7-450.webp,https://static.prizepicks.com/images/players/NCAAFB/Cayden_Lee_NCAAFB_player_n1Ua5zhliIw6y5aNVT5WBuE7-450.webp,57.81,57.81,50,50,0.5,,,,,,,,,0.33,-0.17,39.35,,,,,,,
N/A,9/26/2026,Donovan Olugbode,Rec TDs,0.5,demon,https://static.prizepicks.com/images/players/NCAAFB/Donovan_Olugbode_NCAAFB_player_eH5LHDLlHaaeRGtePlgq2XTs-450.webp,https://static.prizepicks.com/images/players/NCAAFB/Donovan_Olugbode_NCAAFB_player_eH5LHDLlHaaeRGtePlgq2XTs-450.webp,57.81,57.81,50,50,0.5,,,,,,,,,0.63,0.13,39.35,,,,,,,
N/A,9/26/2026,Fluff Bothwell,Rec TDs,0.5,demon,https://static.prizepicks.com/images/players/NCAAFB/Fluff_Bothwell_NCAAFB_player_Lnu6mAA8kXfzVSAmeKSylL1W-450.webp,https://static.prizepicks.com/images/players/NCAAFB/Fluff_Bothwell_NCAAFB_player_Lnu6mAA8kXfzVSAmeKSylL1W-450.webp,57.81,57.81,50,50,0.5,,,,,,,,,0.05,-0.45,39.35,,,,,,,
N/A,9/26/2026,Fluff Bothwell,Rush TDs,0.5,goblin,https://static.prizepicks.com/images/players/NCAAFB/Fluff_Bothwell_NCAAFB_player_Lnu6mAA8kXfzVSAmeKSylL1W-450.webp,https://static.prizepicks.com/images/players/NCAAFB/Fluff_Bothwell_NCAAFB_player_Lnu6mAA8kXfzVSAmeKSylL1W-450.webp,57.81,57.81,50,50,0.5,,,,,,,,,0.66,0.16,39.35,,,,,,,
N/A,9/26/2026,Jamal Roberts,Rec TDs,0.5,demon,https://static.prizepicks.com/images/players/NCAAFB/Jamal_Roberts_NCAAFB_player_xLl2ynTGMtJJo0UA51aRABxU-450.webp,https://static.prizepicks.com/images/players/NCAAFB/Jamal_Roberts_NCAAFB_player_xLl2ynTGMtJJo0UA51aRABxU-450.webp,57.81,57.81,50,50,0.5,,,,,,,,,0.03,-0.47,39.35,,,,,,,
N/A,9/26/2026,Jamal Roberts,Rush TDs,0.5,goblin,https://static.prizepicks.com/images/players/NCAAFB/Jamal_Roberts_NCAAFB_player_xLl2ynTGMtJJo0UA51aRABxU-450.webp,https://static.prizepicks.com/images/players/NCAAFB/Jamal_Roberts_NCAAFB_player_xLl2ynTGMtJJo0UA51aRABxU-450.webp,57.81,57.81,50,50,0.5,,,,,,,,,0.95,0.45,39.35,,,,,,,
N/A,9/26/2026,Kamario Taylor,INT,0.5,demon,https://static.prizepicks.com/images/players/NCAAFB/Kamario_Taylor_NCAAFB_player_qEQvEpL4DBs8gdlI9aZ40PXD-450.webp,https://static.prizepicks.com/images/players/NCAAFB/Kamario_Taylor_NCAAFB_player_qEQvEpL4DBs8gdlI9aZ40PXD-450.webp,57.81,57.81,50,50,0.73,0.5,56.51,52.36,51.91,48.09,1.91,51.91,Over,0.58,0.08,51.81,Yes,,,,,,
N/A,9/26/2026,Marquis Johnson,Rec TDs,0.5,demon,https://static.prizepicks.com/images/players/NCAAFB/Marquis_Johnson_NCAAFB_player_aqL33boCZYH7OuNMCCd29z2C-450.webp,https://static.prizepicks.com/images/players/NCAAFB/Marquis_Johnson_NCAAFB_player_aqL33boCZYH7OuNMCCd29z2C-450.webp,57.81,57.81,50,50,0.5,,,,,,,,,0.29,-0.21,39.35,,,,,,,
N/A,9/26/2026,Sam West,Rec TDs,0.5,demon,https://static.prizepicks.com/images/players/NCAAFB/Sam_West_NCAAFB_player_TNMTu5vDxhb2PA0wfEplEat2-450.webp,https://static.prizepicks.com/images/players/NCAAFB/Sam_West_NCAAFB_player_TNMTu5vDxhb2PA0wfEplEat2-450.webp,57.81,57.81,50,50,0.5,,,,,,,,,0.13,-0.37,39.35,,,,,,,
N/A,9/26/2026,Sanfrisco Magee,Rec TDs,0.5,demon,https://static.prizepicks.com/images/players/NCAAFB/Sanfrisco_Magee_NCAAFB_player_zxZ3rShDbnJrAa40ZmpDy30o-450.webp,https://static.prizepicks.com/images/players/NCAAFB/Sanfrisco_Magee_NCAAFB_player_zxZ3rShDbnJrAa40ZmpDy30o-450.webp,57.81,57.81,50,50,0.5,,,,,,,,,0.37,-0.13,39.35,,,,,,,
N/A,9/26/2026,Xai'Shaun Edwards,Rush TDs,0.5,demon,https://static.prizepicks.com/images/teams/ncaafb/NCAAFB_team_sPHHckBrd8ahSOMUZiGAQL4V/24.webp,https://static.prizepicks.com/images/teams/ncaafb/NCAAFB_team_sPHHckBrd8ahSOMUZiGAQL4V/24.webp,57.81,57.81,50,50,0.5,,,,,,,,,0.33,-0.17,39.35,,,,,,,
N/A,9/26/2026,Zion Ragins,Rec TDs,0.5,demon,https://static.prizepicks.com/images/players/NCAAFB/Zion_Ragins_NCAAFB_player_lv0LfglSIYrjK5cTHfhk11eY-450.webp,https://static.prizepicks.com/images/players/NCAAFB/Zion_Ragins_NCAAFB_player_lv0LfglSIYrjK5cTHfhk11eY-450.webp,57.81,57.81,50,50,0.5,,,,,,,,,0.33,-0.17,39.35,,,,,,,
N/A,9/26/2026,Gracen Harris,Anytime TDs,0.5,demon,https://static.prizepicks.com/images/players/NCAAFB/Gracen_Harris_NCAAFB_player_BcCcXG5xJZlHalnvGdBruZiE-450.webp,https://static.prizepicks.com/images/players/NCAAFB/Gracen_Harris_NCAAFB_player_BcCcXG5xJZlHalnvGdBruZiE-450.webp,57.81,57.81,50,50,0.1,0.5,11.11,97.05,10.27,89.73,-39.73,10.27,Over,0.29,-0.21,9.52,No,,,,,,
N/A,9/26/2026,Xai'Shaun Edwards,Rec TDs,0.5,demon,https://static.prizepicks.com/images/teams/ncaafb/NCAAFB_team_sPHHckBrd8ahSOMUZiGAQL4V/24.webp,https://static.prizepicks.com/images/teams/ncaafb/NCAAFB_team_sPHHckBrd8ahSOMUZiGAQL4V/24.webp,57.81,57.81,50,50,0.5,,,,,,,,,0.01,-0.49,39.35,,,,,,,
N/A,9/26/2026,Jordon Harris,Anytime TDs,0.5,demon,https://static.prizepicks.com/images/players/NCAAFB/Jordon_Harris_NCAAFB_player_F4NajCAhyzqRMe50TnL9B51-450.webp,https://static.prizepicks.com/images/players/NCAAFB/Jordon_Harris_NCAAFB_player_F4NajCAhyzqRMe50TnL9B51-450.webp,57.81,57.81,50,50,0.07,0.5,7.43,96.19,7.17,92.83,-42.83,7.17,Over,0.29,-0.21,6.76,No,,,,,,
N/A,9/26/2026,Jordon Harris,Rec TDs,0.5,demon,https://static.prizepicks.com/images/players/NCAAFB/Jordon_Harris_NCAAFB_player_F4NajCAhyzqRMe50TnL9B51-450.webp,https://static.prizepicks.com/images/players/NCAAFB/Jordon_Harris_NCAAFB_player_F4NajCAhyzqRMe50TnL9B51-450.webp,57.81,57.81,50,50,0.5,,,,,,,,,0.05,-0.45,39.35,,,,,,,
N/A,9/26/2026,Caleb Goodie Sr.,Rec TDs,0.5,demon,https://static.prizepicks.com/images/players/NCAAFB/Caleb_Goodie_NCAAFB_player_lUHc803QzNpDKz4JuE9ygalC-450.webp,https://static.prizepicks.com/images/players/NCAAFB/Caleb_Goodie_NCAAFB_player_lUHc803QzNpDKz4JuE9ygalC-450.webp,57.81,57.81,50,50,0.5,,,,,,,,,0.07,-0.43,39.35,,,,,,,
N/A,9/26/2026,Naeshaun Montgomery,Rec TDs,0.5,demon,https://static.prizepicks.com/images/players/NCAAFB/Naeshaun_Montgomery_NCAAFB_player_gby34mABcnAhrhyXUjyVi233-450.webp,https://static.prizepicks.com/images/players/NCAAFB/Naeshaun_Montgomery_NCAAFB_player_gby34mABcnAhrhyXUjyVi233-450.webp,57.81,57.81,50,50,0.5,,,,,,,,,0.06,-0.44,39.35,,,,,,,
N/A,9/26/2026,Shaun Terry II,Rec TDs,0.5,demon,https://static.prizepicks.com/images/players/NCAAFB/Shaun_Terry_NCAAFB_player_r6zm2ZHCOlvwDWLE1xHFQ9HZ-450.webp,https://static.prizepicks.com/images/players/NCAAFB/Shaun_Terry_NCAAFB_player_r6zm2ZHCOlvwDWLE1xHFQ9HZ-450.webp,57.81,57.81,50,50,0.5,,,,,,,,,0.16,-0.34,39.35,,,,,,,
N/A,9/26/2026,Brett Norfleet,Rec TDs,0.5,demon,https://static.prizepicks.com/images/players/NCAAFB/Brett_Norfleet_NCAAFB_player_MOFtOXApFqDUT4ztnMhhKURz-450.webp,https://static.prizepicks.com/images/players/NCAAFB/Brett_Norfleet_NCAAFB_player_MOFtOXApFqDUT4ztnMhhKURz-450.webp,57.81,57.81,50,50,0.5,,,,,,,,,0.14,-0.36,39.35,,,,,,,
N/A,9/26/2026,Kolin Wilson,Rec TDs,0.5,demon,https://static.prizepicks.com/images/players/NCAAFB/Kolin_Wilson_NCAAFB_player_VHXr5NPv4GI5hKLTMdo0eucC-450.webp,https://static.prizepicks.com/images/players/NCAAFB/Kolin_Wilson_NCAAFB_player_VHXr5NPv4GI5hKLTMdo0eucC-450.webp,57.81,57.81,50,50,0.5,,,,,,,,,0.04,-0.46,39.35,,,,,,,
N/A,9/26/2026,Kolin Wilson,Rush TDs,0.5,demon,https://static.prizepicks.com/images/players/NCAAFB/Kolin_Wilson_NCAAFB_player_VHXr5NPv4GI5hKLTMdo0eucC-450.webp,https://static.prizepicks.com/images/players/NCAAFB/Kolin_Wilson_NCAAFB_player_VHXr5NPv4GI5hKLTMdo0eucC-450.webp,57.81,57.81,50,50,0.5,,,,,,,,,0.14,-0.36,39.35,,,,,,,
N/A,9/26/2026,Fluff Bothwell,Receptions,0.5,goblin,https://static.prizepicks.com/images/players/NCAAFB/Fluff_Bothwell_NCAAFB_player_Lnu6mAA8kXfzVSAmeKSylL1W-450.webp,https://static.prizepicks.com/images/players/NCAAFB/Fluff_Bothwell_NCAAFB_player_Lnu6mAA8kXfzVSAmeKSylL1W-450.webp,57.81,57.81,50,50,1.34,1.5,41.66,65.98,38.7,61.3,-11.3,38.7,Over,1.40,0.9,73.82,Yes,,,,,,
N/A,9/26/2026,KJ Jackson,Pass+Rush Yds,359.5,demon,https://static.prizepicks.com/images/players/NCAAFB/KJ_Jackson_NCAAFB_player_FNe9meYIopBfM2KHMIvof56s-450.webp,https://static.prizepicks.com/images/players/NCAAFB/KJ_Jackson_NCAAFB_player_FNe9meYIopBfM2KHMIvof56s-450.webp,57.81,57.81,50,50,262.81,240.54,54.63,55.02,49.83,50.17,-0.17,49.83,Over,240.13,-119.37,11.34,No,,,,,,
N/A,9/26/2026,KJ Jackson,Pass Yards,324.5,demon,https://static.prizepicks.com/images/players/NCAAFB/KJ_Jackson_NCAAFB_player_FNe9meYIopBfM2KHMIvof56s-450.webp,https://static.prizepicks.com/images/players/NCAAFB/KJ_Jackson_NCAAFB_player_FNe9meYIopBfM2KHMIvof56s-450.webp,57.81,57.81,50,50,218.7,218.79,54.83,54.93,49.96,50.04,-0.04,49.96,Over,218.55,-105.95,9.3,No,,,,,,
N/A,9/26/2026,Dexter Williams II,Pass+Rush Yds,309.5,demon,https://static.prizepicks.com/images/players/NCAAFB/Dexter_Williams_NCAAFB_player_H1qkxfWCHbrKYmNjzS5yxX7B-450.webp,https://static.prizepicks.com/images/players/NCAAFB/Dexter_Williams_NCAAFB_player_H1qkxfWCHbrKYmNjzS5yxX7B-450.webp,57.81,57.81,50,50,201.43,184.43,54.61,54.71,49.96,50.04,-0.04,49.96,Over,184.09,-125.41,8.84,No,,,,,,
N/A,9/26/2026,Dexter Williams II,Pass Yards,307.5,demon,https://static.prizepicks.com/images/players/NCAAFB/Dexter_Williams_NCAAFB_player_H1qkxfWCHbrKYmNjzS5yxX7B-450.webp,https://static.prizepicks.com/images/players/NCAAFB/Dexter_Williams_NCAAFB_player_H1qkxfWCHbrKYmNjzS5yxX7B-450.webp,57.81,57.81,50,50,166.15,166.13,54.71,54.69,50.01,49.99,0.01,50.01,Over,165.82,-141.68,3.86,No,,,,,,
N/A,9/26/2026,KJ Jackson,Pass+Rush Yds,259.5,demon,https://static.prizepicks.com/images/players/NCAAFB/KJ_Jackson_NCAAFB_player_FNe9meYIopBfM2KHMIvof56s-450.webp,https://static.prizepicks.com/images/players/NCAAFB/KJ_Jackson_NCAAFB_player_FNe9meYIopBfM2KHMIvof56s-450.webp,57.81,57.81,50,50,262.81,240.54,54.63,55.02,49.83,50.17,-0.17,49.83,Over,240.13,-19.37,51.65,No,,,,,,
N/A,9/26/2026,KJ Jackson,Pass+Rush Yds,244.5,standard,https://static.prizepicks.com/images/players/NCAAFB/KJ_Jackson_NCAAFB_player_FNe9meYIopBfM2KHMIvof56s-450.webp,https://static.prizepicks.com/images/players/NCAAFB/KJ_Jackson_NCAAFB_player_FNe9meYIopBfM2KHMIvof56s-450.webp,57.81,57.81,50,50,262.81,240.54,54.63,55.02,49.83,50.17,-0.17,50.17,Under,240.13,-4.37,40.95,Yes,,,,,,
N/A,9/26/2026,KJ Jackson,Pass+Rush Yds,229.5,goblin,https://static.prizepicks.com/images/players/NCAAFB/KJ_Jackson_NCAAFB_player_FNe9meYIopBfM2KHMIvof56s-450.webp,https://static.prizepicks.com/images/players/NCAAFB/KJ_Jackson_NCAAFB_player_FNe9meYIopBfM2KHMIvof56s-450.webp,57.81,57.81,50,50,262.81,240.54,54.63,55.02,49.83,50.17,-0.17,49.83,Over,240.13,10.63,66.14,Yes,,,,,,
N/A,9/26/2026,KJ Jackson,Pass Yards,227.5,demon,https://static.prizepicks.com/images/players/NCAAFB/KJ_Jackson_NCAAFB_player_FNe9meYIopBfM2KHMIvof56s-450.webp,https://static.prizepicks.com/images/players/NCAAFB/KJ_Jackson_NCAAFB_player_FNe9meYIopBfM2KHMIvof56s-450.webp,57.81,57.81,50,50,218.7,218.79,54.83,54.93,49.96,50.04,-0.04,49.96,Over,218.55,-8.95,45.62,No,,,,,,
N/A,9/26/2026,KJ Jackson,Pass Yards,224.5,demon,https://static.prizepicks.com/images/players/NCAAFB/KJ_Jackson_NCAAFB_player_FNe9meYIopBfM2KHMIvof56s-450.webp,https://static.prizepicks.com/images/players/NCAAFB/KJ_Jackson_NCAAFB_player_FNe9meYIopBfM2KHMIvof56s-450.webp,57.81,57.81,50,50,218.7,218.79,54.83,54.93,49.96,50.04,-0.04,49.96,Over,218.55,-5.95,47.11,No,,,,,,
N/A,9/26/2026,KJ Jackson,Pass Yards,219.5,standard,https://static.prizepicks.com/images/players/NCAAFB/KJ_Jackson_NCAAFB_player_FNe9meYIopBfM2KHMIvof56s-450.webp,https://static.prizepicks.com/images/players/NCAAFB/KJ_Jackson_NCAAFB_player_FNe9meYIopBfM2KHMIvof56s-450.webp,57.81,57.81,50,50,218.7,218.79,54.83,54.93,49.96,50.04,-0.04,50.04,Under,218.55,-0.95,50.4,Yes,,,,,,
N/A,9/26/2026,KJ Jackson,Pass Yards,209.5,goblin,https://static.prizepicks.com/images/players/NCAAFB/KJ_Jackson_NCAAFB_player_FNe9meYIopBfM2KHMIvof56s-450.webp,https://static.prizepicks.com/images/players/NCAAFB/KJ_Jackson_NCAAFB_player_FNe9meYIopBfM2KHMIvof56s-450.webp,57.81,57.81,50,50,218.7,218.79,54.83,54.93,49.96,50.04,-0.04,49.96,Over,218.55,9.05,54.58,Yes,,,,,,
N/A,9/26/2026,KJ Jackson,Pass Yards,199.5,goblin,https://static.prizepicks.com/images/players/NCAAFB/KJ_Jackson_NCAAFB_player_FNe9meYIopBfM2KHMIvof56s-450.webp,https://static.prizepicks.com/images/players/NCAAFB/KJ_Jackson_NCAAFB_player_FNe9meYIopBfM2KHMIvof56s-450.webp,57.81,57.81,50,50,218.7,218.79,54.83,54.93,49.96,50.04,-0.04,49.96,Over,218.55,19.05,59.48,Yes,,,,,,
N/A,9/26/2026,Dexter Williams II,Pass Yards,199.5,demon,https://static.prizepicks.com/images/players/NCAAFB/Dexter_Williams_NCAAFB_player_H1qkxfWCHbrKYmNjzS5yxX7B-450.webp,https://static.prizepicks.com/images/players/NCAAFB/Dexter_Williams_NCAAFB_player_H1qkxfWCHbrKYmNjzS5yxX7B-450.webp,57.81,57.81,50,50,166.15,166.13,54.71,54.69,50.01,49.99,0.01,50.01,Over,165.82,-33.68,33.84,No,,,,,,
N/A,9/26/2026,Dexter Williams II,Pass+Rush Yds,199.5,demon,https://static.prizepicks.com/images/players/NCAAFB/Dexter_Williams_NCAAFB_player_H1qkxfWCHbrKYmNjzS5yxX7B-450.webp,https://static.prizepicks.com/images/players/NCAAFB/Dexter_Williams_NCAAFB_player_H1qkxfWCHbrKYmNjzS5yxX7B-450.webp,57.81,57.81,50,50,201.43,184.43,54.61,54.71,49.96,50.04,-0.04,49.96,Over,184.09,-15.41,50.96,No,,,,,,
N/A,9/26/2026,Dexter Williams II,Pass+Rush Yds,187.5,standard,https://static.prizepicks.com/images/players/NCAAFB/Dexter_Williams_NCAAFB_player_H1qkxfWCHbrKYmNjzS5yxX7B-450.webp,https://static.prizepicks.com/images/players/NCAAFB/Dexter_Williams_NCAAFB_player_H1qkxfWCHbrKYmNjzS5yxX7B-450.webp,57.81,57.81,50,50,201.43,184.43,54.61,54.71,49.96,50.04,-0.04,50.04,Under,184.09,-3.41,43.09,Yes,,,,,,
N/A,9/26/2026,Dexter Williams II,Pass+Rush Yds,179.5,goblin,https://static.prizepicks.com/images/players/NCAAFB/Dexter_Williams_NCAAFB_player_H1qkxfWCHbrKYmNjzS5yxX7B-450.webp,https://static.prizepicks.com/images/players/NCAAFB/Dexter_Williams_NCAAFB_player_H1qkxfWCHbrKYmNjzS5yxX7B-450.webp,57.81,57.81,50,50,201.43,184.43,54.61,54.71,49.96,50.04,-0.04,49.96,Over,184.09,4.59,60.8,Yes,,,,,,
N/A,9/26/2026,Chris Marshall,Receiving Yards,174.5,demon,https://static.prizepicks.com/images/players/NCAAFB/Chris_Marshall_NCAAFB_player_D6dQS3deylpJTKyESY0zwO4-450.webp,https://static.prizepicks.com/images/players/NCAAFB/Chris_Marshall_NCAAFB_player_D6dQS3deylpJTKyESY0zwO4-450.webp,57.81,57.81,50,50,72.02,72.39,54.25,55.03,49.63,50.37,-0.37,49.63,Over,72.05,-102.45,0.52,No,,,,,,
N/A,9/26/2026,Dexter Williams II,Pass Yards,174.5,demon,https://static.prizepicks.com/images/players/NCAAFB/Dexter_Williams_NCAAFB_player_H1qkxfWCHbrKYmNjzS5yxX7B-450.webp,https://static.prizepicks.com/images/players/NCAAFB/Dexter_Williams_NCAAFB_player_H1qkxfWCHbrKYmNjzS5yxX7B-450.webp,57.81,57.81,50,50,166.15,166.13,54.71,54.69,50.01,49.99,0.01,50.01,Over,165.82,-8.68,45.84,No,,,,,,
N/A,9/26/2026,KJ Jackson,Pass+Rush Yds,169.5,goblin,https://static.prizepicks.com/images/players/NCAAFB/KJ_Jackson_NCAAFB_player_FNe9meYIopBfM2KHMIvof56s-450.webp,https://static.prizepicks.com/images/players/NCAAFB/KJ_Jackson_NCAAFB_player_FNe9meYIopBfM2KHMIvof56s-450.webp,57.81,57.81,50,50,262.81,240.54,54.63,55.02,49.83,50.17,-0.17,49.83,Over,240.13,70.63,87.83,Yes,,,,,,
N/A,9/26/2026,Dexter Williams II,Pass Yards,164.5,standard,https://static.prizepicks.com/images/players/NCAAFB/Dexter_Williams_NCAAFB_player_H1qkxfWCHbrKYmNjzS5yxX7B-450.webp,https://static.prizepicks.com/images/players/NCAAFB/Dexter_Williams_NCAAFB_player_H1qkxfWCHbrKYmNjzS5yxX7B-450.webp,57.81,57.81,50,50,166.15,166.13,54.71,54.69,50.01,49.99,0.01,50.01,Over,165.82,1.32,50.82,Yes,,,,,,
N/A,9/26/2026,Dexter Williams II,Pass Yards,159.5,goblin,https://static.prizepicks.com/images/players/NCAAFB/Dexter_Williams_NCAAFB_player_H1qkxfWCHbrKYmNjzS5yxX7B-450.webp,https://static.prizepicks.com/images/players/NCAAFB/Dexter_Williams_NCAAFB_player_H1qkxfWCHbrKYmNjzS5yxX7B-450.webp,57.81,57.81,50,50,166.15,166.13,54.71,54.69,50.01,49.99,0.01,50.01,Over,165.82,6.32,53.31,Yes,,,,,,
N/A,9/26/2026,Damari Alston,Rush Yards,149.5,demon,https://static.prizepicks.com/images/players/NCAAFB/Damari_Alston_NCAAFB_player_4iqZqENWvbIRzUUXjSZaJopF-450.webp,https://static.prizepicks.com/images/players/NCAAFB/Damari_Alston_NCAAFB_player_4iqZqENWvbIRzUUXjSZaJopF-450.webp,57.81,57.81,50,50,53.29,53.28,54.72,54.69,50.01,49.99,0.01,50.01,Over,52.94,-96.56,2.72,No,,,,,,
N/A,9/26/2026,KJ Jackson,Pass Yards,149.5,goblin,https://static.prizepicks.com/images/players/NCAAFB/KJ_Jackson_NCAAFB_player_FNe9meYIopBfM2KHMIvof56s-450.webp,https://static.prizepicks.com/images/players/NCAAFB/KJ_Jackson_NCAAFB_player_FNe9meYIopBfM2KHMIvof56s-450.webp,57.81,57.81,50,50,218.7,218.79,54.83,54.93,49.96,50.04,-0.04,49.96,Over,218.55,69.05,80.65,Yes,,,,,,
N/A,9/26/2026,Dexter Williams II,Pass Yards,149.5,goblin,https://static.prizepicks.com/images/players/NCAAFB/Dexter_Williams_NCAAFB_player_H1qkxfWCHbrKYmNjzS5yxX7B-450.webp,https://static.prizepicks.com/images/players/NCAAFB/Dexter_Williams_NCAAFB_player_H1qkxfWCHbrKYmNjzS5yxX7B-450.webp,57.81,57.81,50,50,166.15,166.13,54.71,54.69,50.01,49.99,0.01,50.01,Over,165.82,16.32,58.24,Yes,,,,,,
N/A,9/26/2026,Dexter Williams II,Pass+Rush Yds,149.5,goblin,https://static.prizepicks.com/images/players/NCAAFB/Dexter_Williams_NCAAFB_player_H1qkxfWCHbrKYmNjzS5yxX7B-450.webp,https://static.prizepicks.com/images/players/NCAAFB/Dexter_Williams_NCAAFB_player_H1qkxfWCHbrKYmNjzS5yxX7B-450.webp,57.81,57.81,50,50,201.43,184.43,54.61,54.71,49.96,50.04,-0.04,49.96,Over,184.09,34.59,74.19,Yes,,,,,,
N/A,9/26/2026,Jimmy Calloway,Receiving Yards,124.5,demon,https://static.prizepicks.com/images/players/NCAAFB/Jimmy_Calloway_NCAAFB_player_zZf4yj3qMiV4APeQIPtEYmEY-450.webp,https://static.prizepicks.com/images/players/NCAAFB/Jimmy_Calloway_NCAAFB_player_zZf4yj3qMiV4APeQIPtEYmEY-450.webp,57.81,57.81,50,50,40.49,40,55.18,54.14,50.49,49.51,0.49,50.49,Over,40.28,-84.22,1.79,No,,,,,,
N/A,9/26/2026,Sutton Smith,Rush Yards,124.5,demon,https://static.prizepicks.com/images/players/NCAAFB/Sutton_Smith_NCAAFB_player_VTzPWJ03xH94hKvfHCisIEDu-450.webp,https://static.prizepicks.com/images/players/NCAAFB/Sutton_Smith_NCAAFB_player_VTzPWJ03xH94hKvfHCisIEDu-450.webp,57.81,57.81,50,50,38.49,38.61,54.37,54.57,49.91,50.09,-0.09,49.91,Over,38.55,-85.95,4.27,No,,,,,,
N/A,9/26/2026,Oran Singleton Jr.,Receiving Yards,124.5,demon,https://static.prizepicks.com/images/players/NCAAFB/Oran_Singleton_NCAAFB_player_OX3N1NOPHX3g4eTamT9j6Mhu-450.webp,https://static.prizepicks.com/images/players/NCAAFB/Oran_Singleton_NCAAFB_player_OX3N1NOPHX3g4eTamT9j6Mhu-450.webp,57.81,57.81,50,50,31.64,31.83,54.66,55.1,49.8,50.2,-0.2,49.8,Over,32.44,-92.06,1.01,No,,,,,,
N/A,9/26/2026,Trequan Jones,Rush Yards,124.5,demon,https://static.prizepicks.com/images/players/NCAAFB/Trequan_Jones_NCAAFB_player_I789KGuR6HarnDSmVk78mw38-450.webp,https://static.prizepicks.com/images/players/NCAAFB/Trequan_Jones_NCAAFB_player_I789KGuR6HarnDSmVk78mw38-450.webp,57.81,57.81,50,50,29.24,29.63,54.58,55.27,49.69,50.31,-0.31,49.69,Over,29.88,-94.62,2.84,No,,,,,,
N/A,9/26/2026,Braylen Russell,Rush Yards,124.5,demon,https://static.prizepicks.com/images/teams/ncaafb/NCAAFB_team_FtIHViFhynnqMupuZEvWnIxd/0.webp,https://static.prizepicks.com/images/teams/ncaafb/NCAAFB_team_FtIHViFhynnqMupuZEvWnIxd/0.webp,57.81,57.81,50,50,31.49,31.67,56.2,53.93,51.06,48.94,1.06,51.06,Over,33.11,-91.39,3.14,No,,,,,,
N/A,9/26/2026,CJ Brown,Receiving Yards,110.5,demon,https://static.prizepicks.com/images/players/NCAAFB/CJ_Brown_NCAAFB_player_tr9gaB4DG2B5i4sWGK3682DK-450.webp,https://static.prizepicks.com/images/players/NCAAFB/CJ_Brown_NCAAFB_player_tr9gaB4DG2B5i4sWGK3682DK-450.webp,57.81,57.81,50,50,30.24,30,54.92,54.4,50.24,49.76,0.24,50.24,Over,30.13,-80.37,2.24,No,,,,,,
N/A,9/26/2026,Dexter Williams II,Pass Yards,99.5,goblin,https://static.prizepicks.com/images/players/NCAAFB/Dexter_Williams_NCAAFB_player_H1qkxfWCHbrKYmNjzS5yxX7B-450.webp,https://static.prizepicks.com/images/players/NCAAFB/Dexter_Williams_NCAAFB_player_H1qkxfWCHbrKYmNjzS5yxX7B-450.webp,57.81,57.81,50,50,166.15,166.13,54.71,54.69,50.01,49.99,0.01,50.01,Over,165.82,66.32,79.76,Yes,,,,,,
N/A,9/26/2026,Ty Lockwood,Receiving Yards,94.5,demon,https://static.prizepicks.com/images/players/NCAAFB/Ty_Lockwood_NCAAFB_player_YFzreKVdSjpz3qVxKrzbN9v3-450.webp,https://static.prizepicks.com/images/players/NCAAFB/Ty_Lockwood_NCAAFB_player_YFzreKVdSjpz3qVxKrzbN9v3-450.webp,57.81,57.81,50,50,24.45,24.39,54.72,54.6,50.06,49.94,0.06,50.06,Over,25.08,-69.42,4,No,,,,,,
N/A,9/26/2026,Ismael Cisse,Receiving Yards,91.5,demon,https://static.prizepicks.com/images/players/NCAAFB/Ismael_Cisse_NCAAFB_player_KUpwscLtED5VBsvsGpSl2hFw-450.webp,https://static.prizepicks.com/images/players/NCAAFB/Ismael_Cisse_NCAAFB_player_KUpwscLtED5VBsvsGpSl2hFw-450.webp,57.81,57.81,50,50,22.3,22.5,54,57.04,48.63,51.38,-1.37,48.63,Over,22.02,-69.48,4.18,No,,,,,,
N/A,9/26/2026,Chris Marshall,Receiving Yards,89.5,demon,https://static.prizepicks.com/images/players/NCAAFB/Chris_Marshall_NCAAFB_player_D6dQS3deylpJTKyESY0zwO4-450.webp,https://static.prizepicks.com/images/players/NCAAFB/Chris_Marshall_NCAAFB_player_D6dQS3deylpJTKyESY0zwO4-450.webp,57.81,57.81,50,50,72.02,72.39,54.25,55.03,49.63,50.37,-0.37,49.63,Over,72.05,-17.45,33.11,No,,,,,,
N/A,9/26/2026,KJ Jackson,Rush Yards,89.5,demon,https://static.prizepicks.com/images/players/NCAAFB/KJ_Jackson_NCAAFB_player_FNe9meYIopBfM2KHMIvof56s-450.webp,https://static.prizepicks.com/images/players/NCAAFB/KJ_Jackson_NCAAFB_player_FNe9meYIopBfM2KHMIvof56s-450.webp,57.81,57.81,50,50,21.36,21.75,54.44,55.12,49.69,50.31,-0.31,49.69,Over,21.58,-67.92,8.65,No,,,,,,
N/A,9/26/2026,Chris Marshall,Receiving Yards,79.5,demon,https://static.prizepicks.com/images/players/NCAAFB/Chris_Marshall_NCAAFB_player_D6dQS3deylpJTKyESY0zwO4-450.webp,https://static.prizepicks.com/images/players/NCAAFB/Chris_Marshall_NCAAFB_player_D6dQS3deylpJTKyESY0zwO4-450.webp,57.81,57.81,50,50,72.02,72.39,54.25,55.03,49.63,50.37,-0.37,49.63,Over,72.05,-7.45,42.58,No,,,,,,
N/A,9/26/2026,Chris Marshall,Receiving Yards,72.5,standard,https://static.prizepicks.com/images/players/NCAAFB/Chris_Marshall_NCAAFB_player_D6dQS3deylpJTKyESY0zwO4-450.webp,https://static.prizepicks.com/images/players/NCAAFB/Chris_Marshall_NCAAFB_player_D6dQS3deylpJTKyESY0zwO4-450.webp,57.81,57.81,50,50,72.02,72.39,54.25,55.03,49.63,50.37,-0.37,50.37,Under,72.05,-0.45,50.48,Yes,,,,,,
N/A,9/26/2026,Sutton Smith,Receiving Yards,71.5,demon,https://static.prizepicks.com/images/players/NCAAFB/Sutton_Smith_NCAAFB_player_VTzPWJ03xH94hKvfHCisIEDu-450.webp,https://static.prizepicks.com/images/players/NCAAFB/Sutton_Smith_NCAAFB_player_VTzPWJ03xH94hKvfHCisIEDu-450.webp,57.81,57.81,50,50,11.34,11.5,55.41,55.76,49.84,50.16,-0.16,49.84,Over,11.42,-60.08,6.63,No,,,,,,
N/A,9/26/2026,Damari Alston,Rush Yards,69.5,demon,https://static.prizepicks.com/images/players/NCAAFB/Damari_Alston_NCAAFB_player_4iqZqENWvbIRzUUXjSZaJopF-450.webp,https://static.prizepicks.com/images/players/NCAAFB/Damari_Alston_NCAAFB_player_4iqZqENWvbIRzUUXjSZaJopF-450.webp,57.81,57.81,50,50,53.29,53.28,54.72,54.69,50.01,49.99,0.01,50.01,Over,52.94,-16.56,37.29,No,,,,,,
N/A,9/26/2026,Chris Marshall,Receiving Yards,69.5,goblin,https://static.prizepicks.com/images/players/NCAAFB/Chris_Marshall_NCAAFB_player_D6dQS3deylpJTKyESY0zwO4-450.webp,https://static.prizepicks.com/images/players/NCAAFB/Chris_Marshall_NCAAFB_player_D6dQS3deylpJTKyESY0zwO4-450.webp,57.81,57.81,50,50,72.02,72.39,54.25,55.03,49.63,50.37,-0.37,49.63,Over,72.05,2.55,52.51,Yes,,,,,,
N/A,9/26/2026,Damari Alston,Rush+Rec Yds,60.5,standard,https://static.prizepicks.com/images/players/NCAAFB/Damari_Alston_NCAAFB_player_4iqZqENWvbIRzUUXjSZaJopF-450.webp,https://static.prizepicks.com/images/players/NCAAFB/Damari_Alston_NCAAFB_player_4iqZqENWvbIRzUUXjSZaJopF-450.webp,57.81,57.81,50,50,60.5,60.5,55.62,55.62,50,50,0,50,Under,63.59,3.09,50,No,,,,,,
N/A,9/26/2026,Jimmy Calloway,Receiving Yards,59.5,demon,https://static.prizepicks.com/images/players/NCAAFB/Jimmy_Calloway_NCAAFB_player_zZf4yj3qMiV4APeQIPtEYmEY-450.webp,https://static.prizepicks.com/images/players/NCAAFB/Jimmy_Calloway_NCAAFB_player_zZf4yj3qMiV4APeQIPtEYmEY-450.webp,57.81,57.81,50,50,40.49,40,55.18,54.14,50.49,49.51,0.49,50.49,Over,40.28,-19.22,31.73,No,,,,,,
N/A,9/26/2026,Damari Alston,Rush Yards,59.5,demon,https://static.prizepicks.com/images/players/NCAAFB/Damari_Alston_NCAAFB_player_4iqZqENWvbIRzUUXjSZaJopF-450.webp,https://static.prizepicks.com/images/players/NCAAFB/Damari_Alston_NCAAFB_player_4iqZqENWvbIRzUUXjSZaJopF-450.webp,57.81,57.81,50,50,53.29,53.28,54.72,54.69,50.01,49.99,0.01,50.01,Over,52.94,-6.56,45.06,No,,,,,,
N/A,9/26/2026,Damari Alston,Rush Yards,54.5,standard,https://static.prizepicks.com/images/players/NCAAFB/Damari_Alston_NCAAFB_player_4iqZqENWvbIRzUUXjSZaJopF-450.webp,https://static.prizepicks.com/images/players/NCAAFB/Damari_Alston_NCAAFB_player_4iqZqENWvbIRzUUXjSZaJopF-450.webp,57.81,57.81,50,50,53.29,53.28,54.72,54.69,50.01,49.99,0.01,50.01,Over,52.94,-1.56,49.03,No,,,,,,
N/A,9/26/2026,Sutton Smith,Rush+Rec Yds,53.5,standard,https://static.prizepicks.com/images/players/NCAAFB/Sutton_Smith_NCAAFB_player_VTzPWJ03xH94hKvfHCisIEDu-450.webp,https://static.prizepicks.com/images/players/NCAAFB/Sutton_Smith_NCAAFB_player_VTzPWJ03xH94hKvfHCisIEDu-450.webp,57.81,57.81,50,50,52.83,52.83,55.62,55.62,50,50,0,50,Under,51.33,-2.17,50.53,Yes,,,,,,
N/A,9/26/2026,Jimmy Calloway,Receiving Yards,49.5,demon,https://static.prizepicks.com/images/players/NCAAFB/Jimmy_Calloway_NCAAFB_player_zZf4yj3qMiV4APeQIPtEYmEY-450.webp,https://static.prizepicks.com/images/players/NCAAFB/Jimmy_Calloway_NCAAFB_player_zZf4yj3qMiV4APeQIPtEYmEY-450.webp,57.81,57.81,50,50,40.49,40,55.18,54.14,50.49,49.51,0.49,50.49,Over,40.28,-9.22,41.09,No,,,,,,
N/A,9/26/2026,Sutton Smith,Rush Yards,49.5,demon,https://static.prizepicks.com/images/players/NCAAFB/Sutton_Smith_NCAAFB_player_VTzPWJ03xH94hKvfHCisIEDu-450.webp,https://static.prizepicks.com/images/players/NCAAFB/Sutton_Smith_NCAAFB_player_VTzPWJ03xH94hKvfHCisIEDu-450.webp,57.81,57.81,50,50,38.49,38.61,54.37,54.57,49.91,50.09,-0.09,49.91,Over,38.55,-10.95,41.29,No,,,,,,
N/A,9/26/2026,Chris Marshall,Receiving Yards,49.5,goblin,https://static.prizepicks.com/images/players/NCAAFB/Chris_Marshall_NCAAFB_player_D6dQS3deylpJTKyESY0zwO4-450.webp,https://static.prizepicks.com/images/players/NCAAFB/Chris_Marshall_NCAAFB_player_D6dQS3deylpJTKyESY0zwO4-450.webp,57.81,57.81,50,50,72.02,72.39,54.25,55.03,49.63,50.37,-0.37,49.63,Over,72.05,22.55,71.33,Yes,,,,,,
N/A,9/26/2026,CJ Brown,Receiving Yards,49.5,demon,https://static.prizepicks.com/images/players/NCAAFB/CJ_Brown_NCAAFB_player_tr9gaB4DG2B5i4sWGK3682DK-450.webp,https://static.prizepicks.com/images/players/NCAAFB/CJ_Brown_NCAAFB_player_tr9gaB4DG2B5i4sWGK3682DK-450.webp,57.81,57.81,50,50,30.24,30,54.92,54.4,50.24,49.76,0.24,50.24,Over,30.13,-19.37,31.51,No,,,,,,
N/A,9/26/2026,Damari Alston,Rush Yards,49.5,goblin,https://static.prizepicks.com/images/players/NCAAFB/Damari_Alston_NCAAFB_player_4iqZqENWvbIRzUUXjSZaJopF-450.webp,https://static.prizepicks.com/images/players/NCAAFB/Damari_Alston_NCAAFB_player_4iqZqENWvbIRzUUXjSZaJopF-450.webp,57.81,57.81,50,50,53.29,53.28,54.72,54.69,50.01,49.99,0.01,50.01,Over,52.94,3.44,53.02,Yes,,,,,,
N/A,9/26/2026,Oran Singleton Jr.,Receiving Yards,49.5,demon,https://static.prizepicks.com/images/players/NCAAFB/Oran_Singleton_NCAAFB_player_OX3N1NOPHX3g4eTamT9j6Mhu-450.webp,https://static.prizepicks.com/images/players/NCAAFB/Oran_Singleton_NCAAFB_player_OX3N1NOPHX3g4eTamT9j6Mhu-450.webp,57.81,57.81,50,50,31.64,31.83,54.66,55.1,49.8,50.2,-0.2,49.8,Over,32.44,-17.06,32.76,No,,,,,,
N/A,9/26/2026,Sutton Smith,Rush Yards,44.5,demon,https://static.prizepicks.com/images/players/NCAAFB/Sutton_Smith_NCAAFB_player_VTzPWJ03xH94hKvfHCisIEDu-450.webp,https://static.prizepicks.com/images/players/NCAAFB/Sutton_Smith_NCAAFB_player_VTzPWJ03xH94hKvfHCisIEDu-450.webp,57.81,57.81,50,50,38.49,38.61,54.37,54.57,49.91,50.09,-0.09,49.91,Over,38.55,-5.95,45.22,No,,,,,,
N/A,9/26/2026,Braylen Russell,Rush Yards,40.5,demon,https://static.prizepicks.com/images/teams/ncaafb/NCAAFB_team_FtIHViFhynnqMupuZEvWnIxd/0.webp,https://static.prizepicks.com/images/teams/ncaafb/NCAAFB_team_FtIHViFhynnqMupuZEvWnIxd/0.webp,57.81,57.81,50,50,31.49,31.67,56.2,53.93,51.06,48.94,1.06,51.06,Over,33.11,-7.39,42.85,No,,,,,,
N/A,9/26/2026,Ty Lockwood,Receiving Yards,39.5,demon,https://static.prizepicks.com/images/players/NCAAFB/Ty_Lockwood_NCAAFB_player_YFzreKVdSjpz3qVxKrzbN9v3-450.webp,https://static.prizepicks.com/images/players/NCAAFB/Ty_Lockwood_NCAAFB_player_YFzreKVdSjpz3qVxKrzbN9v3-450.webp,57.81,57.81,50,50,24.45,24.39,54.72,54.6,50.06,49.94,0.06,50.06,Over,25.08,-14.42,35.34,No,,,,,,
N/A,9/26/2026,CJ Brown,Receiving Yards,39.5,demon,https://static.prizepicks.com/images/players/NCAAFB/CJ_Brown_NCAAFB_player_tr9gaB4DG2B5i4sWGK3682DK-450.webp,https://static.prizepicks.com/images/players/NCAAFB/CJ_Brown_NCAAFB_player_tr9gaB4DG2B5i4sWGK3682DK-450.webp,57.81,57.81,50,50,30.24,30,54.92,54.4,50.24,49.76,0.24,50.24,Over,30.13,-9.37,40.85,No,,,,,,
N/A,9/26/2026,Oran Singleton Jr.,Receiving Yards,39.5,demon,https://static.prizepicks.com/images/players/NCAAFB/Oran_Singleton_NCAAFB_player_OX3N1NOPHX3g4eTamT9j6Mhu-450.webp,https://static.prizepicks.com/images/players/NCAAFB/Oran_Singleton_NCAAFB_player_OX3N1NOPHX3g4eTamT9j6Mhu-450.webp,57.81,57.81,50,50,31.64,31.83,54.66,55.1,49.8,50.2,-0.2,49.8,Over,32.44,-7.06,42.21,No,,,,,,
N/A,9/26/2026,Chris Marshall,Receiving Yards,39.5,goblin,https://static.prizepicks.com/images/players/NCAAFB/Chris_Marshall_NCAAFB_player_D6dQS3deylpJTKyESY0zwO4-450.webp,https://static.prizepicks.com/images/players/NCAAFB/Chris_Marshall_NCAAFB_player_D6dQS3deylpJTKyESY0zwO4-450.webp,57.81,57.81,50,50,72.02,72.39,54.25,55.03,49.63,50.37,-0.37,49.63,Over,72.05,32.55,79.19,Yes,,,,,,
N/A,9/26/2026,Sutton Smith,Rush Yards,39.5,standard,https://static.prizepicks.com/images/players/NCAAFB/Sutton_Smith_NCAAFB_player_VTzPWJ03xH94hKvfHCisIEDu-450.webp,https://static.prizepicks.com/images/players/NCAAFB/Sutton_Smith_NCAAFB_player_VTzPWJ03xH94hKvfHCisIEDu-450.webp,57.81,57.81,50,50,38.49,38.61,54.37,54.57,49.91,50.09,-0.09,50.09,Under,38.55,-0.95,50.81,Yes,,,,,,
N/A,9/26/2026,Jimmy Calloway,Receiving Yards,39.5,standard,https://static.prizepicks.com/images/players/NCAAFB/Jimmy_Calloway_NCAAFB_player_zZf4yj3qMiV4APeQIPtEYmEY-450.webp,https://static.prizepicks.com/images/players/NCAAFB/Jimmy_Calloway_NCAAFB_player_zZf4yj3qMiV4APeQIPtEYmEY-450.webp,57.81,57.81,50,50,40.49,40,55.18,54.14,50.49,49.51,0.49,50.49,Over,40.28,0.78,50.99,Yes,,,,,,
N/A,9/26/2026,Trequan Jones,Rush Yards,39.5,demon,https://static.prizepicks.com/images/players/NCAAFB/Trequan_Jones_NCAAFB_player_I789KGuR6HarnDSmVk78mw38-450.webp,https://static.prizepicks.com/images/players/NCAAFB/Trequan_Jones_NCAAFB_player_I789KGuR6HarnDSmVk78mw38-450.webp,57.81,57.81,50,50,29.24,29.63,54.58,55.27,49.69,50.31,-0.31,49.69,Over,29.88,-9.62,41.87,No,,,,,,
N/A,9/26/2026,Damari Alston,Rush Yards,39.5,goblin,https://static.prizepicks.com/images/players/NCAAFB/Damari_Alston_NCAAFB_player_4iqZqENWvbIRzUUXjSZaJopF-450.webp,https://static.prizepicks.com/images/players/NCAAFB/Damari_Alston_NCAAFB_player_4iqZqENWvbIRzUUXjSZaJopF-450.webp,57.81,57.81,50,50,53.29,53.28,54.72,54.69,50.01,49.99,0.01,50.01,Over,52.94,13.44,60.86,Yes,,,,,,
N/A,9/26/2026,Braylen Russell,Rush Yards,39.5,demon,https://static.prizepicks.com/images/teams/ncaafb/NCAAFB_team_FtIHViFhynnqMupuZEvWnIxd/0.webp,https://static.prizepicks.com/images/teams/ncaafb/NCAAFB_team_FtIHViFhynnqMupuZEvWnIxd/0.webp,57.81,57.81,50,50,31.49,31.67,56.2,53.93,51.06,48.94,1.06,51.06,Over,33.11,-6.39,43.64,No,,,,,,
N/A,9/26/2026,Dexter Williams II,Rush Yards,39.5,demon,https://static.prizepicks.com/images/players/NCAAFB/Dexter_Williams_NCAAFB_player_H1qkxfWCHbrKYmNjzS5yxX7B-450.webp,https://static.prizepicks.com/images/players/NCAAFB/Dexter_Williams_NCAAFB_player_H1qkxfWCHbrKYmNjzS5yxX7B-450.webp,57.81,57.81,50,50,18.18,18.3,54.51,54.73,49.91,50.09,-0.09,49.91,Over,18.27,-21.23,33.49,No,,,,,,
N/A,9/26/2026,Dexter Williams II,Longest Completion,39.5,demon,https://static.prizepicks.com/images/players/NCAAFB/Dexter_Williams_NCAAFB_player_H1qkxfWCHbrKYmNjzS5yxX7B-450.webp,https://static.prizepicks.com/images/players/NCAAFB/Dexter_Williams_NCAAFB_player_H1qkxfWCHbrKYmNjzS5yxX7B-450.webp,57.81,57.81,50,50,39.5,,,,,,,,,,,50,,,,,,,
N/A,9/26/2026,KJ Jackson,Longest Completion,38.5,standard,https://static.prizepicks.com/images/players/NCAAFB/KJ_Jackson_NCAAFB_player_FNe9meYIopBfM2KHMIvof56s-450.webp,https://static.prizepicks.com/images/players/NCAAFB/KJ_Jackson_NCAAFB_player_FNe9meYIopBfM2KHMIvof56s-450.webp,57.81,57.81,50,50,38.5,,,,,,,,,,,50,,,,,,,
N/A,9/26/2026,Dexter Williams II,Longest Completion,37.5,standard,https://static.prizepicks.com/images/players/NCAAFB/Dexter_Williams_NCAAFB_player_H1qkxfWCHbrKYmNjzS5yxX7B-450.webp,https://static.prizepicks.com/images/players/NCAAFB/Dexter_Williams_NCAAFB_player_H1qkxfWCHbrKYmNjzS5yxX7B-450.webp,57.81,57.81,50,50,37.5,,,,,,,,,,,50,,,,,,,
N/A,9/26/2026,Sutton Smith,Rush Yards,34.5,goblin,https://static.prizepicks.com/images/players/NCAAFB/Sutton_Smith_NCAAFB_player_VTzPWJ03xH94hKvfHCisIEDu-450.webp,https://static.prizepicks.com/images/players/NCAAFB/Sutton_Smith_NCAAFB_player_VTzPWJ03xH94hKvfHCisIEDu-450.webp,57.81,57.81,50,50,38.49,38.61,54.37,54.57,49.91,50.09,-0.09,49.91,Over,38.55,4.05,53.18,Yes,,,,,,
N/A,9/26/2026,Trequan Jones,Rush Yards,34.5,demon,https://static.prizepicks.com/images/players/NCAAFB/Trequan_Jones_NCAAFB_player_I789KGuR6HarnDSmVk78mw38-450.webp,https://static.prizepicks.com/images/players/NCAAFB/Trequan_Jones_NCAAFB_player_I789KGuR6HarnDSmVk78mw38-450.webp,57.81,57.81,50,50,29.24,29.63,54.58,55.27,49.69,50.31,-0.31,49.69,Over,29.88,-4.62,45.81,No,,,,,,
N/A,9/26/2026,Oran Singleton Jr.,Receiving Yards,31.5,standard,https://static.prizepicks.com/images/players/NCAAFB/Oran_Singleton_NCAAFB_player_OX3N1NOPHX3g4eTamT9j6Mhu-450.webp,https://static.prizepicks.com/images/players/NCAAFB/Oran_Singleton_NCAAFB_player_OX3N1NOPHX3g4eTamT9j6Mhu-450.webp,57.81,57.81,50,50,31.64,31.83,54.66,55.1,49.8,50.2,-0.2,50.2,Under,32.44,0.94,49.86,No,,,,,,
N/A,9/26/2026,Sutton Smith,Receiving Yards,31.5,demon,https://static.prizepicks.com/images/players/NCAAFB/Sutton_Smith_NCAAFB_player_VTzPWJ03xH94hKvfHCisIEDu-450.webp,https://static.prizepicks.com/images/players/NCAAFB/Sutton_Smith_NCAAFB_player_VTzPWJ03xH94hKvfHCisIEDu-450.webp,57.81,57.81,50,50,11.34,11.5,55.41,55.76,49.84,50.16,-0.16,49.84,Over,11.42,-20.08,30.71,No,,,,,,
N/A,9/26/2026,Ismael Cisse,Receiving Yards,31.5,demon,https://static.prizepicks.com/images/players/NCAAFB/Ismael_Cisse_NCAAFB_player_KUpwscLtED5VBsvsGpSl2hFw-450.webp,https://static.prizepicks.com/images/players/NCAAFB/Ismael_Cisse_NCAAFB_player_KUpwscLtED5VBsvsGpSl2hFw-450.webp,57.81,57.81,50,50,22.3,22.5,54,57.04,48.63,51.38,-1.37,48.63,Over,22.02,-9.48,40.9,No,,,,,,
N/A,9/26/2026,Braylen Russell,Rush Yards,30.5,standard,https://static.prizepicks.com/images/teams/ncaafb/NCAAFB_team_FtIHViFhynnqMupuZEvWnIxd/0.webp,https://static.prizepicks.com/images/teams/ncaafb/NCAAFB_team_FtIHViFhynnqMupuZEvWnIxd/0.webp,57.81,57.81,50,50,31.49,31.67,56.2,53.93,51.06,48.94,1.06,51.06,Over,33.11,2.61,50.79,Yes,,,,,,
N/A,9/26/2026,Ty Lockwood,Receiving Yards,29.5,demon,https://static.prizepicks.com/images/players/NCAAFB/Ty_Lockwood_NCAAFB_player_YFzreKVdSjpz3qVxKrzbN9v3-450.webp,https://static.prizepicks.com/images/players/NCAAFB/Ty_Lockwood_NCAAFB_player_YFzreKVdSjpz3qVxKrzbN9v3-450.webp,57.81,57.81,50,50,24.45,24.39,54.72,54.6,50.06,49.94,0.06,50.06,Over,25.08,-4.42,44.98,No,,,,,,
N/A,9/26/2026,Sutton Smith,Rush Yards,29.5,goblin,https://static.prizepicks.com/images/players/NCAAFB/Sutton_Smith_NCAAFB_player_VTzPWJ03xH94hKvfHCisIEDu-450.webp,https://static.prizepicks.com/images/players/NCAAFB/Sutton_Smith_NCAAFB_player_VTzPWJ03xH94hKvfHCisIEDu-450.webp,57.81,57.81,50,50,38.49,38.61,54.37,54.57,49.91,50.09,-0.09,49.91,Over,38.55,9.05,57.13,Yes,,,,,,
N/A,9/26/2026,CJ Brown,Receiving Yards,29.5,standard,https://static.prizepicks.com/images/players/NCAAFB/CJ_Brown_NCAAFB_player_tr9gaB4DG2B5i4sWGK3682DK-450.webp,https://static.prizepicks.com/images/players/NCAAFB/CJ_Brown_NCAAFB_player_tr9gaB4DG2B5i4sWGK3682DK-450.webp,57.81,57.81,50,50,30.24,30,54.92,54.4,50.24,49.76,0.24,50.24,Over,30.13,0.63,50.74,Yes,,,,,,
N/A,9/26/2026,Jimmy Calloway,Receiving Yards,29.5,goblin,https://static.prizepicks.com/images/players/NCAAFB/Jimmy_Calloway_NCAAFB_player_zZf4yj3qMiV4APeQIPtEYmEY-450.webp,https://static.prizepicks.com/images/players/NCAAFB/Jimmy_Calloway_NCAAFB_player_zZf4yj3qMiV4APeQIPtEYmEY-450.webp,57.81,57.81,50,50,40.49,40,55.18,54.14,50.49,49.51,0.49,50.49,Over,40.28,10.78,60.82,Yes,,,,,,
N/A,9/26/2026,Oran Singleton Jr.,Receiving Yards,29.5,goblin,https://static.prizepicks.com/images/players/NCAAFB/Oran_Singleton_NCAAFB_player_OX3N1NOPHX3g4eTamT9j6Mhu-450.webp,https://static.prizepicks.com/images/players/NCAAFB/Oran_Singleton_NCAAFB_player_OX3N1NOPHX3g4eTamT9j6Mhu-450.webp,57.81,57.81,50,50,31.64,31.83,54.66,55.1,49.8,50.2,-0.2,49.8,Over,32.44,2.94,52.13,Yes,,,,,,
N/A,9/26/2026,Trequan Jones,Rush Yards,29.5,standard,https://static.prizepicks.com/images/players/NCAAFB/Trequan_Jones_NCAAFB_player_I789KGuR6HarnDSmVk78mw38-450.webp,https://static.prizepicks.com/images/players/NCAAFB/Trequan_Jones_NCAAFB_player_I789KGuR6HarnDSmVk78mw38-450.webp,57.81,57.81,50,50,29.24,29.63,54.58,55.27,49.69,50.31,-0.31,50.31,Under,29.88,0.38,50.21,No,,,,,,
N/A,9/26/2026,KJ Jackson,Rush Yards,29.5,demon,https://static.prizepicks.com/images/players/NCAAFB/KJ_Jackson_NCAAFB_player_FNe9meYIopBfM2KHMIvof56s-450.webp,https://static.prizepicks.com/images/players/NCAAFB/KJ_Jackson_NCAAFB_player_FNe9meYIopBfM2KHMIvof56s-450.webp,57.81,57.81,50,50,21.36,21.75,54.44,55.12,49.69,50.31,-0.31,49.69,Over,21.58,-7.92,43.53,No,,,,,,
N/A,9/26/2026,Braylen Russell,Rush Yards,29.5,goblin,https://static.prizepicks.com/images/teams/ncaafb/NCAAFB_team_FtIHViFhynnqMupuZEvWnIxd/0.webp,https://static.prizepicks.com/images/teams/ncaafb/NCAAFB_team_FtIHViFhynnqMupuZEvWnIxd/0.webp,57.81,57.81,50,50,31.49,31.67,56.2,53.93,51.06,48.94,1.06,51.06,Over,33.11,3.61,51.59,Yes,,,,,,
N/A,9/26/2026,Chris Marshall,Longest Reception,26.5,standard,https://static.prizepicks.com/images/players/NCAAFB/Chris_Marshall_NCAAFB_player_D6dQS3deylpJTKyESY0zwO4-450.webp,https://static.prizepicks.com/images/players/NCAAFB/Chris_Marshall_NCAAFB_player_D6dQS3deylpJTKyESY0zwO4-450.webp,57.81,57.81,50,50,26.5,,,,,,,,,,,50,,,,,,,
N/A,9/26/2026,Oran Singleton Jr.,Receiving Yards,24.5,goblin,https://static.prizepicks.com/images/players/NCAAFB/Oran_Singleton_NCAAFB_player_OX3N1NOPHX3g4eTamT9j6Mhu-450.webp,https://static.prizepicks.com/images/players/NCAAFB/Oran_Singleton_NCAAFB_player_OX3N1NOPHX3g4eTamT9j6Mhu-450.webp,57.81,57.81,50,50,31.64,31.83,54.66,55.1,49.8,50.2,-0.2,49.8,Over,32.44,7.94,57.08,Yes,,,,,,
N/A,9/26/2026,CJ Brown,Receiving Yards,24.5,goblin,https://static.prizepicks.com/images/players/NCAAFB/CJ_Brown_NCAAFB_player_tr9gaB4DG2B5i4sWGK3682DK-450.webp,https://static.prizepicks.com/images/players/NCAAFB/CJ_Brown_NCAAFB_player_tr9gaB4DG2B5i4sWGK3682DK-450.webp,57.81,57.81,50,50,30.24,30,54.92,54.4,50.24,49.76,0.24,50.24,Over,30.13,5.63,55.71,Yes,,,,,,
N/A,9/26/2026,Ty Lockwood,Receiving Yards,24.5,standard,https://static.prizepicks.com/images/players/NCAAFB/Ty_Lockwood_NCAAFB_player_YFzreKVdSjpz3qVxKrzbN9v3-450.webp,https://static.prizepicks.com/images/players/NCAAFB/Ty_Lockwood_NCAAFB_player_YFzreKVdSjpz3qVxKrzbN9v3-450.webp,57.81,57.81,50,50,24.45,24.39,54.72,54.6,50.06,49.94,0.06,50.06,Over,25.08,0.58,49.95,Yes,,,,,,
N/A,9/26/2026,KJ Jackson,Rush Yards,24.5,demon,https://static.prizepicks.com/images/players/NCAAFB/KJ_Jackson_NCAAFB_player_FNe9meYIopBfM2KHMIvof56s-450.webp,https://static.prizepicks.com/images/players/NCAAFB/KJ_Jackson_NCAAFB_player_FNe9meYIopBfM2KHMIvof56s-450.webp,57.81,57.81,50,50,21.36,21.75,54.44,55.12,49.69,50.31,-0.31,49.69,Over,21.58,-2.92,47.5,No,,,,,,
N/A,9/26/2026,Damari Alston,Rush Yards,24.5,goblin,https://static.prizepicks.com/images/players/NCAAFB/Damari_Alston_NCAAFB_player_4iqZqENWvbIRzUUXjSZaJopF-450.webp,https://static.prizepicks.com/images/players/NCAAFB/Damari_Alston_NCAAFB_player_4iqZqENWvbIRzUUXjSZaJopF-450.webp,57.81,57.81,50,50,53.29,53.28,54.72,54.69,50.01,49.99,0.01,50.01,Over,52.94,28.44,71.76,Yes,,,,,,
N/A,9/26/2026,Ismael Cisse,Receiving Yards,24.5,demon,https://static.prizepicks.com/images/players/NCAAFB/Ismael_Cisse_NCAAFB_player_KUpwscLtED5VBsvsGpSl2hFw-450.webp,https://static.prizepicks.com/images/players/NCAAFB/Ismael_Cisse_NCAAFB_player_KUpwscLtED5VBsvsGpSl2hFw-450.webp,57.81,57.81,50,50,22.3,22.5,54,57.04,48.63,51.38,-1.37,48.63,Over,22.02,-2.48,47.81,No,,,,,,
N/A,9/26/2026,Trequan Jones,Rush Yards,24.5,goblin,https://static.prizepicks.com/images/players/NCAAFB/Trequan_Jones_NCAAFB_player_I789KGuR6HarnDSmVk78mw38-450.webp,https://static.prizepicks.com/images/players/NCAAFB/Trequan_Jones_NCAAFB_player_I789KGuR6HarnDSmVk78mw38-450.webp,57.81,57.81,50,50,29.24,29.63,54.58,55.27,49.69,50.31,-0.31,49.69,Over,29.88,5.38,53.78,Yes,,,,,,
N/A,9/26/2026,Ismael Cisse,Receiving Yards,22.5,standard,https://static.prizepicks.com/images/players/NCAAFB/Ismael_Cisse_NCAAFB_player_KUpwscLtED5VBsvsGpSl2hFw-450.webp,https://static.prizepicks.com/images/players/NCAAFB/Ismael_Cisse_NCAAFB_player_KUpwscLtED5VBsvsGpSl2hFw-450.webp,57.81,57.81,50,50,22.3,22.5,54,57.04,48.63,51.38,-1.37,51.38,Under,22.02,-0.48,50.2,Yes,,,,,,
N/A,9/26/2026,Sutton Smith,Receiving Yards,21.5,demon,https://static.prizepicks.com/images/players/NCAAFB/Sutton_Smith_NCAAFB_player_VTzPWJ03xH94hKvfHCisIEDu-450.webp,https://static.prizepicks.com/images/players/NCAAFB/Sutton_Smith_NCAAFB_player_VTzPWJ03xH94hKvfHCisIEDu-450.webp,57.81,57.81,50,50,11.34,11.5,55.41,55.76,49.84,50.16,-0.16,49.84,Over,11.42,-10.08,39.97,No,,,,,,
N/A,9/26/2026,KJ Jackson,Rush Yards,21.5,standard,https://static.prizepicks.com/images/players/NCAAFB/KJ_Jackson_NCAAFB_player_FNe9meYIopBfM2KHMIvof56s-450.webp,https://static.prizepicks.com/images/players/NCAAFB/KJ_Jackson_NCAAFB_player_FNe9meYIopBfM2KHMIvof56s-450.webp,57.81,57.81,50,50,21.36,21.75,54.44,55.12,49.69,50.31,-0.31,50.31,Under,21.58,0.08,50.11,No,,,,,,
N/A,9/26/2026,Sutton Smith,Rush Yards,19.5,goblin,https://static.prizepicks.com/images/players/NCAAFB/Sutton_Smith_NCAAFB_player_VTzPWJ03xH94hKvfHCisIEDu-450.webp,https://static.prizepicks.com/images/players/NCAAFB/Sutton_Smith_NCAAFB_player_VTzPWJ03xH94hKvfHCisIEDu-450.webp,57.81,57.81,50,50,38.49,38.61,54.37,54.57,49.91,50.09,-0.09,49.91,Over,38.55,19.05,64.8,Yes,,,,,,
N/A,9/26/2026,CJ Brown,Receiving Yards,19.5,goblin,https://static.prizepicks.com/images/players/NCAAFB/CJ_Brown_NCAAFB_player_tr9gaB4DG2B5i4sWGK3682DK-450.webp,https://static.prizepicks.com/images/players/NCAAFB/CJ_Brown_NCAAFB_player_tr9gaB4DG2B5i4sWGK3682DK-450.webp,57.81,57.81,50,50,30.24,30,54.92,54.4,50.24,49.76,0.24,50.24,Over,30.13,10.63,60.58,Yes,,,,,,
N/A,9/26/2026,Jimmy Calloway,Receiving Yards,19.5,goblin,https://static.prizepicks.com/images/players/NCAAFB/Jimmy_Calloway_NCAAFB_player_zZf4yj3qMiV4APeQIPtEYmEY-450.webp,https://static.prizepicks.com/images/players/NCAAFB/Jimmy_Calloway_NCAAFB_player_zZf4yj3qMiV4APeQIPtEYmEY-450.webp,57.81,57.81,50,50,40.49,40,55.18,54.14,50.49,49.51,0.49,50.49,Over,40.28,20.78,70.01,Yes,,,,,,
N/A,9/26/2026,Ty Lockwood,Receiving Yards,19.5,goblin,https://static.prizepicks.com/images/players/NCAAFB/Ty_Lockwood_NCAAFB_player_YFzreKVdSjpz3qVxKrzbN9v3-450.webp,https://static.prizepicks.com/images/players/NCAAFB/Ty_Lockwood_NCAAFB_player_YFzreKVdSjpz3qVxKrzbN9v3-450.webp,57.81,57.81,50,50,24.45,24.39,54.72,54.6,50.06,49.94,0.06,50.06,Over,25.08,5.58,54.92,Yes,,,,,,
N/A,9/26/2026,Trequan Jones,Rush Yards,19.5,goblin,https://static.prizepicks.com/images/players/NCAAFB/Trequan_Jones_NCAAFB_player_I789KGuR6HarnDSmVk78mw38-450.webp,https://static.prizepicks.com/images/players/NCAAFB/Trequan_Jones_NCAAFB_player_I789KGuR6HarnDSmVk78mw38-450.webp,57.81,57.81,50,50,29.24,29.63,54.58,55.27,49.69,50.31,-0.31,49.69,Over,29.88,10.38,57.72,Yes,,,,,,
N/A,9/26/2026,KJ Jackson,Rush Yards,19.5,goblin,https://static.prizepicks.com/images/players/NCAAFB/KJ_Jackson_NCAAFB_player_FNe9meYIopBfM2KHMIvof56s-450.webp,https://static.prizepicks.com/images/players/NCAAFB/KJ_Jackson_NCAAFB_player_FNe9meYIopBfM2KHMIvof56s-450.webp,57.81,57.81,50,50,21.36,21.75,54.44,55.12,49.69,50.31,-0.31,49.69,Over,21.58,2.08,51.48,Yes,,,,,,
N/A,9/26/2026,Jimmy Calloway,Longest Reception,19.5,demon,https://static.prizepicks.com/images/players/NCAAFB/Jimmy_Calloway_NCAAFB_player_zZf4yj3qMiV4APeQIPtEYmEY-450.webp,https://static.prizepicks.com/images/players/NCAAFB/Jimmy_Calloway_NCAAFB_player_zZf4yj3qMiV4APeQIPtEYmEY-450.webp,57.81,57.81,50,50,19.5,,,,,,,,,,,50,,,,,,,
N/A,9/26/2026,Jimmy Calloway,Longest Reception,18.5,standard,https://static.prizepicks.com/images/players/NCAAFB/Jimmy_Calloway_NCAAFB_player_zZf4yj3qMiV4APeQIPtEYmEY-450.webp,https://static.prizepicks.com/images/players/NCAAFB/Jimmy_Calloway_NCAAFB_player_zZf4yj3qMiV4APeQIPtEYmEY-450.webp,57.81,57.81,50,50,18.5,,,,,,,,,,,50,,,,,,,
N/A,9/26/2026,CJ Brown,Longest Reception,17.5,standard,https://static.prizepicks.com/images/players/NCAAFB/CJ_Brown_NCAAFB_player_tr9gaB4DG2B5i4sWGK3682DK-450.webp,https://static.prizepicks.com/images/players/NCAAFB/CJ_Brown_NCAAFB_player_tr9gaB4DG2B5i4sWGK3682DK-450.webp,57.81,57.81,50,50,17.5,,,,,,,,,,,50,,,,,,,
N/A,9/26/2026,Oran Singleton Jr.,Longest Reception,16.5,standard,https://static.prizepicks.com/images/players/NCAAFB/Oran_Singleton_NCAAFB_player_OX3N1NOPHX3g4eTamT9j6Mhu-450.webp,https://static.prizepicks.com/images/players/NCAAFB/Oran_Singleton_NCAAFB_player_OX3N1NOPHX3g4eTamT9j6Mhu-450.webp,57.81,57.81,50,50,16.5,,,,,,,,,,,50,,,,,,,
N/A,9/26/2026,Ismael Cisse,Longest Reception,15.5,standard,https://static.prizepicks.com/images/players/NCAAFB/Ismael_Cisse_NCAAFB_player_KUpwscLtED5VBsvsGpSl2hFw-450.webp,https://static.prizepicks.com/images/players/NCAAFB/Ismael_Cisse_NCAAFB_player_KUpwscLtED5VBsvsGpSl2hFw-450.webp,57.81,57.81,50,50,15.5,,,,,,,,,,,50,,,,,,,
N/A,9/26/2026,Ty Lockwood,Receiving Yards,14.5,goblin,https://static.prizepicks.com/images/players/NCAAFB/Ty_Lockwood_NCAAFB_player_YFzreKVdSjpz3qVxKrzbN9v3-450.webp,https://static.prizepicks.com/images/players/NCAAFB/Ty_Lockwood_NCAAFB_player_YFzreKVdSjpz3qVxKrzbN9v3-450.webp,57.81,57.81,50,50,24.45,24.39,54.72,54.6,50.06,49.94,0.06,50.06,Over,25.08,10.58,59.82,Yes,,,,,,
N/A,9/26/2026,Ismael Cisse,Receiving Yards,14.5,goblin,https://static.prizepicks.com/images/players/NCAAFB/Ismael_Cisse_NCAAFB_player_KUpwscLtED5VBsvsGpSl2hFw-450.webp,https://static.prizepicks.com/images/players/NCAAFB/Ismael_Cisse_NCAAFB_player_KUpwscLtED5VBsvsGpSl2hFw-450.webp,57.81,57.81,50,50,22.3,22.5,54,57.04,48.63,51.38,-1.37,48.63,Over,22.02,7.52,57.73,Yes,,,,,,
N/A,9/26/2026,Oran Singleton Jr.,Receiving Yards,14.5,goblin,https://static.prizepicks.com/images/players/NCAAFB/Oran_Singleton_NCAAFB_player_OX3N1NOPHX3g4eTamT9j6Mhu-450.webp,https://static.prizepicks.com/images/players/NCAAFB/Oran_Singleton_NCAAFB_player_OX3N1NOPHX3g4eTamT9j6Mhu-450.webp,57.81,57.81,50,50,31.64,31.83,54.66,55.1,49.8,50.2,-0.2,49.8,Over,32.44,17.94,66.59,Yes,,,,,,
N/A,9/26/2026,Damari Alston,Longest Rush,14.5,standard,https://static.prizepicks.com/images/players/NCAAFB/Damari_Alston_NCAAFB_player_4iqZqENWvbIRzUUXjSZaJopF-450.webp,https://static.prizepicks.com/images/players/NCAAFB/Damari_Alston_NCAAFB_player_4iqZqENWvbIRzUUXjSZaJopF-450.webp,57.81,57.81,50,50,14.5,,,,,,,,,,,50,,,,,,,
N/A,9/26/2026,Braylen Russell,Rush Yards,14.5,goblin,https://static.prizepicks.com/images/teams/ncaafb/NCAAFB_team_FtIHViFhynnqMupuZEvWnIxd/0.webp,https://static.prizepicks.com/images/teams/ncaafb/NCAAFB_team_FtIHViFhynnqMupuZEvWnIxd/0.webp,57.81,57.81,50,50,31.49,31.67,56.2,53.93,51.06,48.94,1.06,51.06,Over,33.11,18.61,63.3,Yes,,,,,,
N/A,9/26/2026,Jimmy Calloway,Receiving Yards,14.5,goblin,https://static.prizepicks.com/images/players/NCAAFB/Jimmy_Calloway_NCAAFB_player_zZf4yj3qMiV4APeQIPtEYmEY-450.webp,https://static.prizepicks.com/images/players/NCAAFB/Jimmy_Calloway_NCAAFB_player_zZf4yj3qMiV4APeQIPtEYmEY-450.webp,57.81,57.81,50,50,40.49,40,55.18,54.14,50.49,49.51,0.49,50.49,Over,40.28,25.78,74.21,Yes,,,,,,
N/A,9/26/2026,Trequan Jones,Rush Yards,14.5,goblin,https://static.prizepicks.com/images/players/NCAAFB/Trequan_Jones_NCAAFB_player_I789KGuR6HarnDSmVk78mw38-450.webp,https://static.prizepicks.com/images/players/NCAAFB/Trequan_Jones_NCAAFB_player_I789KGuR6HarnDSmVk78mw38-450.webp,57.81,57.81,50,50,29.24,29.63,54.58,55.27,49.69,50.31,-0.31,49.69,Over,29.88,15.38,61.59,Yes,,,,,,
N/A,9/26/2026,Ty Lockwood,Longest Reception,13.5,standard,https://static.prizepicks.com/images/players/NCAAFB/Ty_Lockwood_NCAAFB_player_YFzreKVdSjpz3qVxKrzbN9v3-450.webp,https://static.prizepicks.com/images/players/NCAAFB/Ty_Lockwood_NCAAFB_player_YFzreKVdSjpz3qVxKrzbN9v3-450.webp,57.81,57.81,50,50,13.5,,,,,,,,,,,50,,,,,,,
N/A,9/26/2026,Sutton Smith,Longest Rush,12.5,standard,https://static.prizepicks.com/images/players/NCAAFB/Sutton_Smith_NCAAFB_player_VTzPWJ03xH94hKvfHCisIEDu-450.webp,https://static.prizepicks.com/images/players/NCAAFB/Sutton_Smith_NCAAFB_player_VTzPWJ03xH94hKvfHCisIEDu-450.webp,57.81,57.81,50,50,12.5,,,,,,,,,,,50,,,,,,,
N/A,9/26/2026,Braylen Russell,Longest Rush,12.5,standard,https://static.prizepicks.com/images/teams/ncaafb/NCAAFB_team_FtIHViFhynnqMupuZEvWnIxd/0.webp,https://static.prizepicks.com/images/teams/ncaafb/NCAAFB_team_FtIHViFhynnqMupuZEvWnIxd/0.webp,57.81,57.81,50,50,12.5,,,,,,,,,,,50,,,,,,,
N/A,9/26/2026,KJ Jackson,Longest Rush,12.5,standard,https://static.prizepicks.com/images/players/NCAAFB/KJ_Jackson_NCAAFB_player_FNe9meYIopBfM2KHMIvof56s-450.webp,https://static.prizepicks.com/images/players/NCAAFB/KJ_Jackson_NCAAFB_player_FNe9meYIopBfM2KHMIvof56s-450.webp,57.81,57.81,50,50,12.5,,,,,,,,,,,50,,,,,,,
N/A,9/26/2026,Sutton Smith,Receiving Yards,11.5,standard,https://static.prizepicks.com/images/players/NCAAFB/Sutton_Smith_NCAAFB_player_VTzPWJ03xH94hKvfHCisIEDu-450.webp,https://static.prizepicks.com/images/players/NCAAFB/Sutton_Smith_NCAAFB_player_VTzPWJ03xH94hKvfHCisIEDu-450.webp,57.81,57.81,50,50,11.34,11.5,55.41,55.76,49.84,50.16,-0.16,50.16,Under,11.42,-0.08,50.16,Yes,,,,,,
N/A,9/26/2026,Ismael Cisse,Receiving Yards,11.5,goblin,https://static.prizepicks.com/images/players/NCAAFB/Ismael_Cisse_NCAAFB_player_KUpwscLtED5VBsvsGpSl2hFw-450.webp,https://static.prizepicks.com/images/players/NCAAFB/Ismael_Cisse_NCAAFB_player_KUpwscLtED5VBsvsGpSl2hFw-450.webp,57.81,57.81,50,50,22.3,22.5,54,57.04,48.63,51.38,-1.37,48.63,Over,22.02,10.52,60.64,Yes,,,,,,
N/A,9/26/2026,Trequan Jones,Longest Rush,11.5,standard,https://static.prizepicks.com/images/players/NCAAFB/Trequan_Jones_NCAAFB_player_I789KGuR6HarnDSmVk78mw38-450.webp,https://static.prizepicks.com/images/players/NCAAFB/Trequan_Jones_NCAAFB_player_I789KGuR6HarnDSmVk78mw38-450.webp,57.81,57.81,50,50,11.5,,,,,,,,,,,50,,,,,,,
N/A,9/26/2026,Dexter Williams II,Longest Rush,11.5,standard,https://static.prizepicks.com/images/players/NCAAFB/Dexter_Williams_NCAAFB_player_H1qkxfWCHbrKYmNjzS5yxX7B-450.webp,https://static.prizepicks.com/images/players/NCAAFB/Dexter_Williams_NCAAFB_player_H1qkxfWCHbrKYmNjzS5yxX7B-450.webp,57.81,57.81,50,50,11.5,,,,,,,,,,,50,,,,,,,
N/A,9/26/2026,Braylen Russell,Rush Yards,10.5,goblin,https://static.prizepicks.com/images/teams/ncaafb/NCAAFB_team_FtIHViFhynnqMupuZEvWnIxd/0.webp,https://static.prizepicks.com/images/teams/ncaafb/NCAAFB_team_FtIHViFhynnqMupuZEvWnIxd/0.webp,57.81,57.81,50,50,31.49,31.67,56.2,53.93,51.06,48.94,1.06,51.06,Over,33.11,22.61,66.27,Yes,,,,,,
N/A,9/26/2026,Chris Marshall,Receptions,9.5,demon,https://static.prizepicks.com/images/players/NCAAFB/Chris_Marshall_NCAAFB_player_D6dQS3deylpJTKyESY0zwO4-450.webp,https://static.prizepicks.com/images/players/NCAAFB/Chris_Marshall_NCAAFB_player_D6dQS3deylpJTKyESY0zwO4-450.webp,57.81,57.81,50,50,5.32,5.38,51.59,58.49,46.81,53.19,-3.19,46.81,Over,5.38,-4.12,4.5,No,,,,,,
N/A,9/26/2026,KJ Jackson,Rush Yards,9.5,goblin,https://static.prizepicks.com/images/players/NCAAFB/KJ_Jackson_NCAAFB_player_FNe9meYIopBfM2KHMIvof56s-450.webp,https://static.prizepicks.com/images/players/NCAAFB/KJ_Jackson_NCAAFB_player_FNe9meYIopBfM2KHMIvof56s-450.webp,57.81,57.81,50,50,21.36,21.75,54.44,55.12,49.69,50.31,-0.31,49.69,Over,21.58,12.08,59.37,Yes,,,,,,
N/A,9/26/2026,CJ Brown,Receiving Yards,9.5,goblin,https://static.prizepicks.com/images/players/NCAAFB/CJ_Brown_NCAAFB_player_tr9gaB4DG2B5i4sWGK3682DK-450.webp,https://static.prizepicks.com/images/players/NCAAFB/CJ_Brown_NCAAFB_player_tr9gaB4DG2B5i4sWGK3682DK-450.webp,57.81,57.81,50,50,30.24,30,54.92,54.4,50.24,49.76,0.24,50.24,Over,30.13,20.63,69.79,Yes,,,,,,
N/A,9/26/2026,Ty Lockwood,Receiving Yards,9.5,goblin,https://static.prizepicks.com/images/players/NCAAFB/Ty_Lockwood_NCAAFB_player_YFzreKVdSjpz3qVxKrzbN9v3-450.webp,https://static.prizepicks.com/images/players/NCAAFB/Ty_Lockwood_NCAAFB_player_YFzreKVdSjpz3qVxKrzbN9v3-450.webp,57.81,57.81,50,50,24.45,24.39,54.72,54.6,50.06,49.94,0.06,50.06,Over,25.08,15.58,64.57,Yes,,,,,,
N/A,9/26/2026,Sutton Smith,Rush Attempts,9.5,demon,https://static.prizepicks.com/images/players/NCAAFB/Sutton_Smith_NCAAFB_player_VTzPWJ03xH94hKvfHCisIEDu-450.webp,https://static.prizepicks.com/images/players/NCAAFB/Sutton_Smith_NCAAFB_player_VTzPWJ03xH94hKvfHCisIEDu-450.webp,57.81,57.81,50,50,8.05,8,57.77,52.98,52.16,47.84,2.16,52.16,Over,8.18,-1.32,28.96,No,,,,,,
N/A,9/26/2026,Sutton Smith,Longest Reception,8.5,standard,https://static.prizepicks.com/images/players/NCAAFB/Sutton_Smith_NCAAFB_player_VTzPWJ03xH94hKvfHCisIEDu-450.webp,https://static.prizepicks.com/images/players/NCAAFB/Sutton_Smith_NCAAFB_player_VTzPWJ03xH94hKvfHCisIEDu-450.webp,57.81,57.81,50,50,8.5,,,,,,,,,,,50,,,,,,,
N/A,9/26/2026,Max Gilbert,Kicking Points,7.5,demon,https://static.prizepicks.com/images/players/NCAAFB/Max_Gilbert_NCAAFB_player_iS3UrKcGmfcUdWIQCOwle0ZW-450.webp,https://static.prizepicks.com/images/players/NCAAFB/Max_Gilbert_NCAAFB_player_iS3UrKcGmfcUdWIQCOwle0ZW-450.webp,57.81,57.81,50,50,7.5,,,,,,,,,,,50,,,,,,,
N/A,9/26/2026,Jimmy Calloway,Receptions,7.5,demon,https://static.prizepicks.com/images/players/NCAAFB/Jimmy_Calloway_NCAAFB_player_zZf4yj3qMiV4APeQIPtEYmEY-450.webp,https://static.prizepicks.com/images/players/NCAAFB/Jimmy_Calloway_NCAAFB_player_zZf4yj3qMiV4APeQIPtEYmEY-450.webp,57.81,57.81,50,50,3.58,3.5,53.14,57.14,48.17,51.83,-1.83,48.17,Over,3.57,-3.93,2.99,No,,,,,,
N/A,9/26/2026,Sutton Smith,Rush Attempts,7.5,goblin,https://static.prizepicks.com/images/players/NCAAFB/Sutton_Smith_NCAAFB_player_VTzPWJ03xH94hKvfHCisIEDu-450.webp,https://static.prizepicks.com/images/players/NCAAFB/Sutton_Smith_NCAAFB_player_VTzPWJ03xH94hKvfHCisIEDu-450.webp,57.81,57.81,50,50,8.05,8,57.77,52.98,52.16,47.84,2.16,52.16,Over,8.18,0.68,55.4,Yes,,,,,,
N/A,9/26/2026,Max Gilbert,Kicking Points,7,standard,https://static.prizepicks.com/images/players/NCAAFB/Max_Gilbert_NCAAFB_player_iS3UrKcGmfcUdWIQCOwle0ZW-450.webp,https://static.prizepicks.com/images/players/NCAAFB/Max_Gilbert_NCAAFB_player_iS3UrKcGmfcUdWIQCOwle0ZW-450.webp,57.81,57.81,50,50,7,,,,,,,,,,,50,,,,,,,
N/A,9/26/2026,Chris Marshall,Receptions,6.5,demon,https://static.prizepicks.com/images/players/NCAAFB/Chris_Marshall_NCAAFB_player_D6dQS3deylpJTKyESY0zwO4-450.webp,https://static.prizepicks.com/images/players/NCAAFB/Chris_Marshall_NCAAFB_player_D6dQS3deylpJTKyESY0zwO4-450.webp,57.81,57.81,50,50,5.32,5.38,51.59,58.49,46.81,53.19,-3.19,46.81,Over,5.38,-1.12,28.59,No,,,,,,
N/A,9/26/2026,Oran Singleton Jr.,Receptions,6.5,demon,https://static.prizepicks.com/images/players/NCAAFB/Oran_Singleton_NCAAFB_player_OX3N1NOPHX3g4eTamT9j6Mhu-450.webp,https://static.prizepicks.com/images/players/NCAAFB/Oran_Singleton_NCAAFB_player_OX3N1NOPHX3g4eTamT9j6Mhu-450.webp,57.81,57.81,50,50,2.91,2.5,60.08,48.12,55.53,44.47,5.53,55.53,Over,2.65,-3.85,2.92,No,,,,,,
N/A,9/26/2026,Chris Marshall,Receptions,5.5,demon,https://static.prizepicks.com/images/players/NCAAFB/Chris_Marshall_NCAAFB_player_D6dQS3deylpJTKyESY0zwO4-450.webp,https://static.prizepicks.com/images/players/NCAAFB/Chris_Marshall_NCAAFB_player_D6dQS3deylpJTKyESY0zwO4-450.webp,57.81,57.81,50,50,5.32,5.38,51.59,58.49,46.81,53.19,-3.19,46.81,Over,5.38,-0.12,44,No,,,,,,
N/A,9/26/2026,Jimmy Calloway,Receptions,5.5,demon,https://static.prizepicks.com/images/players/NCAAFB/Jimmy_Calloway_NCAAFB_player_zZf4yj3qMiV4APeQIPtEYmEY-450.webp,https://static.prizepicks.com/images/players/NCAAFB/Jimmy_Calloway_NCAAFB_player_zZf4yj3qMiV4APeQIPtEYmEY-450.webp,57.81,57.81,50,50,3.58,3.5,53.14,57.14,48.17,51.83,-1.83,48.17,Over,3.57,-1.93,15.31,No,,,,,,
N/A,9/26/2026,Owen Carey,Kicking Points,5,standard,https://static.prizepicks.com/images/players/NCAAFB/Owen_Carey_NCAAFB_player_yfAY7di2cjQEuf2bjLDTNfuq-450.webp,https://static.prizepicks.com/images/players/NCAAFB/Owen_Carey_NCAAFB_player_yfAY7di2cjQEuf2bjLDTNfuq-450.webp,57.81,57.81,50,50,5,,,,,,,,,,,50,,,,,,,
N/A,9/26/2026,Chris Marshall,Receptions,5,standard,https://static.prizepicks.com/images/players/NCAAFB/Chris_Marshall_NCAAFB_player_D6dQS3deylpJTKyESY0zwO4-450.webp,https://static.prizepicks.com/images/players/NCAAFB/Chris_Marshall_NCAAFB_player_D6dQS3deylpJTKyESY0zwO4-450.webp,57.81,57.81,50,50,5.32,5.38,51.59,58.49,46.81,53.19,-3.19,53.19,Under,5.38,0.38,56,No,,,,,,
N/A,9/26/2026,Chris Marshall,Receptions,4.5,goblin,https://static.prizepicks.com/images/players/NCAAFB/Chris_Marshall_NCAAFB_player_D6dQS3deylpJTKyESY0zwO4-450.webp,https://static.prizepicks.com/images/players/NCAAFB/Chris_Marshall_NCAAFB_player_D6dQS3deylpJTKyESY0zwO4-450.webp,57.81,57.81,50,50,5.32,5.38,51.59,58.49,46.81,53.19,-3.19,46.81,Over,5.38,0.88,61.38,Yes,,,,,,
N/A,9/26/2026,Owen Carey,Kicking Points,4.5,goblin,https://static.prizepicks.com/images/players/NCAAFB/Owen_Carey_NCAAFB_player_yfAY7di2cjQEuf2bjLDTNfuq-450.webp,https://static.prizepicks.com/images/players/NCAAFB/Owen_Carey_NCAAFB_player_yfAY7di2cjQEuf2bjLDTNfuq-450.webp,57.81,57.81,50,50,4.5,,,,,,,,,,,50,,,,,,,
N/A,9/26/2026,KJ Jackson,Rush Yards,4.5,goblin,https://static.prizepicks.com/images/players/NCAAFB/KJ_Jackson_NCAAFB_player_FNe9meYIopBfM2KHMIvof56s-450.webp,https://static.prizepicks.com/images/players/NCAAFB/KJ_Jackson_NCAAFB_player_FNe9meYIopBfM2KHMIvof56s-450.webp,57.81,57.81,50,50,21.36,21.75,54.44,55.12,49.69,50.31,-0.31,49.69,Over,21.58,17.08,63.2,Yes,,,,,,
N/A,9/26/2026,Jimmy Calloway,Receptions,4.5,demon,https://static.prizepicks.com/images/players/NCAAFB/Jimmy_Calloway_NCAAFB_player_zZf4yj3qMiV4APeQIPtEYmEY-450.webp,https://static.prizepicks.com/images/players/NCAAFB/Jimmy_Calloway_NCAAFB_player_zZf4yj3qMiV4APeQIPtEYmEY-450.webp,57.81,57.81,50,50,3.58,3.5,53.14,57.14,48.17,51.83,-1.83,48.17,Over,3.57,-0.93,28.97,No,,,,,,
N/A,9/26/2026,Oran Singleton Jr.,Receptions,4.5,demon,https://static.prizepicks.com/images/players/NCAAFB/Oran_Singleton_NCAAFB_player_OX3N1NOPHX3g4eTamT9j6Mhu-450.webp,https://static.prizepicks.com/images/players/NCAAFB/Oran_Singleton_NCAAFB_player_OX3N1NOPHX3g4eTamT9j6Mhu-450.webp,57.81,57.81,50,50,2.91,2.5,60.08,48.12,55.53,44.47,5.53,55.53,Over,2.65,-1.85,16.98,No,,,,,,
N/A,9/26/2026,Max Gilbert,PAT Made,3.5,standard,https://static.prizepicks.com/images/players/NCAAFB/Max_Gilbert_NCAAFB_player_iS3UrKcGmfcUdWIQCOwle0ZW-450.webp,https://static.prizepicks.com/images/players/NCAAFB/Max_Gilbert_NCAAFB_player_iS3UrKcGmfcUdWIQCOwle0ZW-450.webp,57.81,57.81,50,50,3.5,,,,,,,,,,,50,,,,,,,
N/A,9/26/2026,KJ Jackson,Pass TDs,3.5,demon,https://static.prizepicks.com/images/players/NCAAFB/KJ_Jackson_NCAAFB_player_FNe9meYIopBfM2KHMIvof56s-450.webp,https://static.prizepicks.com/images/players/NCAAFB/KJ_Jackson_NCAAFB_player_FNe9meYIopBfM2KHMIvof56s-450.webp,57.81,57.81,50,50,1.46,1.5,52.64,55.49,48.66,51.34,-1.34,48.66,Over,1.48,-2.02,6.07,No,,,,,,
N/A,9/26/2026,Dexter Williams II,Pass TDs,3.5,demon,https://static.prizepicks.com/images/players/NCAAFB/Dexter_Williams_NCAAFB_player_H1qkxfWCHbrKYmNjzS5yxX7B-450.webp,https://static.prizepicks.com/images/players/NCAAFB/Dexter_Williams_NCAAFB_player_H1qkxfWCHbrKYmNjzS5yxX7B-450.webp,57.81,57.81,50,50,0.65,0.5,70.29,37.34,65.31,34.69,15.31,65.31,Over,0.55,-2.95,0.44,No,,,,,,
N/A,9/26/2026,Chris Marshall,Receptions,3.5,goblin,https://static.prizepicks.com/images/players/NCAAFB/Chris_Marshall_NCAAFB_player_D6dQS3deylpJTKyESY0zwO4-450.webp,https://static.prizepicks.com/images/players/NCAAFB/Chris_Marshall_NCAAFB_player_D6dQS3deylpJTKyESY0zwO4-450.webp,57.81,57.81,50,50,5.32,5.38,51.59,58.49,46.81,53.19,-3.19,46.81,Over,5.38,1.88,77.71,Yes,,,,,,
N/A,9/26/2026,Oran Singleton Jr.,Receptions,3.5,demon,https://static.prizepicks.com/images/players/NCAAFB/Oran_Singleton_NCAAFB_player_OX3N1NOPHX3g4eTamT9j6Mhu-450.webp,https://static.prizepicks.com/images/players/NCAAFB/Oran_Singleton_NCAAFB_player_OX3N1NOPHX3g4eTamT9j6Mhu-450.webp,57.81,57.81,50,50,2.91,2.5,60.08,48.12,55.53,44.47,5.53,55.53,Over,2.65,-0.85,33.26,No,,,,,,
N/A,9/26/2026,Jimmy Calloway,Receptions,3.5,standard,https://static.prizepicks.com/images/players/NCAAFB/Jimmy_Calloway_NCAAFB_player_zZf4yj3qMiV4APeQIPtEYmEY-450.webp,https://static.prizepicks.com/images/players/NCAAFB/Jimmy_Calloway_NCAAFB_player_zZf4yj3qMiV4APeQIPtEYmEY-450.webp,57.81,57.81,50,50,3.58,3.5,53.14,57.14,48.17,51.83,-1.83,51.83,Under,3.57,0.07,51.95,No,,,,,,
N/A,9/26/2026,KJ Jackson,Pass TDs,2.5,demon,https://static.prizepicks.com/images/players/NCAAFB/KJ_Jackson_NCAAFB_player_FNe9meYIopBfM2KHMIvof56s-450.webp,https://static.prizepicks.com/images/players/NCAAFB/KJ_Jackson_NCAAFB_player_FNe9meYIopBfM2KHMIvof56s-450.webp,57.81,57.81,50,50,1.46,1.5,52.64,55.49,48.66,51.34,-1.34,48.66,Over,1.48,-1.02,18.12,No,,,,,,
N/A,9/26/2026,Chris Marshall,Receptions,2.5,goblin,https://static.prizepicks.com/images/players/NCAAFB/Chris_Marshall_NCAAFB_player_D6dQS3deylpJTKyESY0zwO4-450.webp,https://static.prizepicks.com/images/players/NCAAFB/Chris_Marshall_NCAAFB_player_D6dQS3deylpJTKyESY0zwO4-450.webp,57.81,57.81,50,50,5.32,5.38,51.59,58.49,46.81,53.19,-3.19,46.81,Over,5.38,2.88,89.98,Yes,,,,,,
N/A,9/26/2026,Owen Carey,PAT Made,2.5,demon,https://static.prizepicks.com/images/players/NCAAFB/Owen_Carey_NCAAFB_player_yfAY7di2cjQEuf2bjLDTNfuq-450.webp,https://static.prizepicks.com/images/players/NCAAFB/Owen_Carey_NCAAFB_player_yfAY7di2cjQEuf2bjLDTNfuq-450.webp,57.81,57.81,50,50,2.5,,,,,,,,,,,50,,,,,,,
N/A,9/26/2026,Jimmy Calloway,Receptions,2.5,goblin,https://static.prizepicks.com/images/players/NCAAFB/Jimmy_Calloway_NCAAFB_player_zZf4yj3qMiV4APeQIPtEYmEY-450.webp,https://static.prizepicks.com/images/players/NCAAFB/Jimmy_Calloway_NCAAFB_player_zZf4yj3qMiV4APeQIPtEYmEY-450.webp,57.81,57.81,50,50,3.58,3.5,53.14,57.14,48.17,51.83,-1.83,48.17,Over,3.57,1.07,69.37,Yes,,,,,,
N/A,9/26/2026,Oran Singleton Jr.,Receptions,2.5,goblin,https://static.prizepicks.com/images/players/NCAAFB/Oran_Singleton_NCAAFB_player_OX3N1NOPHX3g4eTamT9j6Mhu-450.webp,https://static.prizepicks.com/images/players/NCAAFB/Oran_Singleton_NCAAFB_player_OX3N1NOPHX3g4eTamT9j6Mhu-450.webp,57.81,57.81,50,50,2.91,2.5,60.08,48.12,55.53,44.47,5.53,55.53,Over,2.65,0.15,55.63,Yes,,,,,,
N/A,9/26/2026,Braylen Russell,Anytime TDs,1.5,demon,https://static.prizepicks.com/images/teams/ncaafb/NCAAFB_team_FtIHViFhynnqMupuZEvWnIxd/0.webp,https://static.prizepicks.com/images/teams/ncaafb/NCAAFB_team_FtIHViFhynnqMupuZEvWnIxd/0.webp,57.81,57.81,50,50,0.49,0.5,53.11,56.35,48.58,51.42,-1.42,48.58,Over,0.57,-0.93,8.72,No,,,,,,
N/A,9/26/2026,Damari Alston,Anytime TDs,1.5,demon,https://static.prizepicks.com/images/players/NCAAFB/Damari_Alston_NCAAFB_player_4iqZqENWvbIRzUUXjSZaJopF-450.webp,https://static.prizepicks.com/images/players/NCAAFB/Damari_Alston_NCAAFB_player_4iqZqENWvbIRzUUXjSZaJopF-450.webp,57.81,57.81,50,50,0.51,0.5,56.03,53.26,51.36,48.64,1.36,51.36,Over,0.69,-0.81,9.33,No,,,,,,
N/A,9/26/2026,Sutton Smith,Anytime TDs,1.5,demon,https://static.prizepicks.com/images/players/NCAAFB/Sutton_Smith_NCAAFB_player_VTzPWJ03xH94hKvfHCisIEDu-450.webp,https://static.prizepicks.com/images/players/NCAAFB/Sutton_Smith_NCAAFB_player_VTzPWJ03xH94hKvfHCisIEDu-450.webp,57.81,57.81,50,50,0.55,0.5,59.74,49.18,54.89,45.11,4.89,54.89,Over,0.53,-0.97,10.57,No,,,,,,
N/A,9/26/2026,Trequan Jones,Anytime TDs,1.5,demon,https://static.prizepicks.com/images/players/NCAAFB/Trequan_Jones_NCAAFB_player_I789KGuR6HarnDSmVk78mw38-450.webp,https://static.prizepicks.com/images/players/NCAAFB/Trequan_Jones_NCAAFB_player_I789KGuR6HarnDSmVk78mw38-450.webp,57.81,57.81,50,50,0.4,0.5,44.38,66.28,40.27,59.73,-9.73,40.27,Over,0.27,-1.23,6.16,No,,,,,,
N/A,9/26/2026,KJ Jackson,Anytime TDs,1.5,demon,https://static.prizepicks.com/images/players/NCAAFB/KJ_Jackson_NCAAFB_player_FNe9meYIopBfM2KHMIvof56s-450.webp,https://static.prizepicks.com/images/players/NCAAFB/KJ_Jackson_NCAAFB_player_FNe9meYIopBfM2KHMIvof56s-450.webp,57.81,57.81,50,50,0.45,0.5,49.96,59.82,45.59,54.41,-4.41,45.59,Over,0.46,-1.04,7.54,No,,,,,,
N/A,9/26/2026,Chris Marshall,Anytime TDs,1.5,demon,https://static.prizepicks.com/images/players/NCAAFB/Chris_Marshall_NCAAFB_player_D6dQS3deylpJTKyESY0zwO4-450.webp,https://static.prizepicks.com/images/players/NCAAFB/Chris_Marshall_NCAAFB_player_D6dQS3deylpJTKyESY0zwO4-450.webp,57.81,57.81,50,50,0.42,0.5,46.3,63.92,42.1,57.9,-7.9,42.1,Over,0.47,-1.03,6.7,No,,,,,,
N/A,9/26/2026,Max Gilbert,FG Made,1.5,demon,https://static.prizepicks.com/images/players/NCAAFB/Max_Gilbert_NCAAFB_player_iS3UrKcGmfcUdWIQCOwle0ZW-450.webp,https://static.prizepicks.com/images/players/NCAAFB/Max_Gilbert_NCAAFB_player_iS3UrKcGmfcUdWIQCOwle0ZW-450.webp,57.81,57.81,50,50,1.5,,,,,,,,,,,50,,,,,,,
N/A,9/26/2026,KJ Jackson,Pass TDs,1.5,standard,https://static.prizepicks.com/images/players/NCAAFB/KJ_Jackson_NCAAFB_player_FNe9meYIopBfM2KHMIvof56s-450.webp,https://static.prizepicks.com/images/players/NCAAFB/KJ_Jackson_NCAAFB_player_FNe9meYIopBfM2KHMIvof56s-450.webp,57.81,57.81,50,50,1.46,1.5,52.64,55.49,48.66,51.34,-1.34,51.34,Under,1.48,-0.02,57.13,Yes,,,,,,
N/A,9/26/2026,Dexter Williams II,Pass TDs,1.5,demon,https://static.prizepicks.com/images/players/NCAAFB/Dexter_Williams_NCAAFB_player_H1qkxfWCHbrKYmNjzS5yxX7B-450.webp,https://static.prizepicks.com/images/players/NCAAFB/Dexter_Williams_NCAAFB_player_H1qkxfWCHbrKYmNjzS5yxX7B-450.webp,57.81,57.81,50,50,0.65,0.5,70.29,37.34,65.31,34.69,15.31,65.31,Over,0.55,-0.95,13.86,No,,,,,,
N/A,9/26/2026,Oran Singleton Jr.,Receptions,1.5,goblin,https://static.prizepicks.com/images/players/NCAAFB/Oran_Singleton_NCAAFB_player_OX3N1NOPHX3g4eTamT9j6Mhu-450.webp,https://static.prizepicks.com/images/players/NCAAFB/Oran_Singleton_NCAAFB_player_OX3N1NOPHX3g4eTamT9j6Mhu-450.webp,57.81,57.81,50,50,2.91,2.5,60.08,48.12,55.53,44.47,5.53,55.53,Over,2.65,1.15,78.7,Yes,,,,,,
N/A,9/26/2026,CJ Brown,Anytime TDs,0.5,demon,https://static.prizepicks.com/images/players/NCAAFB/CJ_Brown_NCAAFB_player_tr9gaB4DG2B5i4sWGK3682DK-450.webp,https://static.prizepicks.com/images/players/NCAAFB/CJ_Brown_NCAAFB_player_tr9gaB4DG2B5i4sWGK3682DK-450.webp,57.81,57.81,50,50,0.21,0.5,24.48,90.45,21.31,78.69,-28.69,21.31,Over,0.34,-0.16,18.94,No,,,,,,
N/A,9/26/2026,Cam Settles,Anytime TDs,0.5,demon,https://static.prizepicks.com/images/players/NCAAFB/Cam_Settles_NCAAFB_player_cNOLk6bLKQmFXx2grIq958td-450.webp,https://static.prizepicks.com/images/players/NCAAFB/Cam_Settles_NCAAFB_player_cNOLk6bLKQmFXx2grIq958td-450.webp,57.81,57.81,50,50,0.34,0.5,37.5,74.56,33.72,66.28,-16.28,33.72,Over,0.43,-0.07,28.82,No,,,,,,
N/A,9/26/2026,Chris Marshall,Anytime TDs,0.5,demon,https://static.prizepicks.com/images/players/NCAAFB/Chris_Marshall_NCAAFB_player_D6dQS3deylpJTKyESY0zwO4-450.webp,https://static.prizepicks.com/images/players/NCAAFB/Chris_Marshall_NCAAFB_player_D6dQS3deylpJTKyESY0zwO4-450.webp,57.81,57.81,50,50,0.42,0.5,46.3,63.92,42.1,57.9,-7.9,42.1,Over,0.47,-0.03,34.3,No,,,,,,
N/A,9/26/2026,DJ McKinney,Anytime TDs,0.5,demon,https://static.prizepicks.com/images/players/NCAAFB/DJ_McKinney_NCAAFB_player_SMWtLP3zAB5I8WtDUkk3EZ5L-450.webp,https://static.prizepicks.com/images/players/NCAAFB/DJ_McKinney_NCAAFB_player_SMWtLP3zAB5I8WtDUkk3EZ5L-450.webp,57.81,57.81,50,50,0.19,0.5,22.4,92.46,19.52,80.48,-30.48,19.52,Over,0.50,0,17.3,No,,,,,,
N/A,9/26/2026,Donovan Faupel,Anytime TDs,0.5,demon,https://static.prizepicks.com/images/players/NCAAFB/Donovan_Faupel_NCAAFB_player_TrJUpvsBjtxmPu0ek2xfAgBy-450.webp,https://static.prizepicks.com/images/players/NCAAFB/Donovan_Faupel_NCAAFB_player_TrJUpvsBjtxmPu0ek2xfAgBy-450.webp,57.81,57.81,50,50,0.13,0.5,14.61,97.43,13.01,86.99,-36.99,13.01,Over,0.30,-0.2,12.19,No,,,,,,
N/A,9/26/2026,Ismael Cisse,Anytime TDs,0.5,demon,https://static.prizepicks.com/images/players/NCAAFB/Ismael_Cisse_NCAAFB_player_KUpwscLtED5VBsvsGpSl2hFw-450.webp,https://static.prizepicks.com/images/players/NCAAFB/Ismael_Cisse_NCAAFB_player_KUpwscLtED5VBsvsGpSl2hFw-450.webp,57.81,57.81,50,50,0.16,0.5,18.52,97.13,15.99,84.01,-34.01,15.99,Over,0.32,-0.18,14.79,No,,,,,,
N/A,9/26/2026,Jaden Platt,Anytime TDs,0.5,demon,https://static.prizepicks.com/images/players/NCAAFB/Jaden_Platt_NCAAFB_player_L7ZJf1GR2d1oVXlxyPiLnjru-450.webp,https://static.prizepicks.com/images/players/NCAAFB/Jaden_Platt_NCAAFB_player_L7ZJf1GR2d1oVXlxyPiLnjru-450.webp,57.81,57.81,50,50,0.14,0.5,16.4,97.56,14.35,85.65,-35.65,14.35,Over,0.38,-0.12,13.06,No,,,,,,
N/A,9/26/2026,Jamari Hawkins,Anytime TDs,0.5,demon,https://static.prizepicks.com/images/players/NCAAFB/Jamari_Hawkins_NCAAFB_player_6jEDgFDH8EoExHuQYXDdEJGV-450.webp,https://static.prizepicks.com/images/players/NCAAFB/Jamari_Hawkins_NCAAFB_player_6jEDgFDH8EoExHuQYXDdEJGV-450.webp,57.81,57.81,50,50,0.16,0.5,17.56,97.17,15.29,84.72,-34.71,15.29,Over,0.29,-0.21,14.79,No,,,,,,
N/A,9/26/2026,Jasper Parker,Anytime TDs,0.5,demon,https://static.prizepicks.com/images/players/NCAAFB/Jasper_Parker_NCAAFB_player_0DUo1NK4hUvAqks3yb6zRRQ5-450.webp,https://static.prizepicks.com/images/players/NCAAFB/Jasper_Parker_NCAAFB_player_0DUo1NK4hUvAqks3yb6zRRQ5-450.webp,57.81,57.81,50,50,0.15,0.5,16.67,97.61,14.58,85.42,-35.42,14.58,Over,0.32,-0.18,13.93,No,,,,,,
N/A,9/26/2026,Javon Ross,Anytime TDs,0.5,demon,https://static.prizepicks.com/images/players/NCAAFB/Javon_Ross_NCAAFB_player_rG00J0gygNr2DHSDGxMTzJht-450.webp,https://static.prizepicks.com/images/players/NCAAFB/Javon_Ross_NCAAFB_player_rG00J0gygNr2DHSDGxMTzJht-450.webp,57.81,57.81,50,50,0.15,0.5,16.7,97.51,14.57,85.43,-35.43,14.57,Over,0.34,-0.16,13.93,No,,,,,,
N/A,9/26/2026,Jelani Watkins,Anytime TDs,0.5,demon,https://static.prizepicks.com/images/teams/ncaafb/NCAAFB_team_FtIHViFhynnqMupuZEvWnIxd/13.webp,https://static.prizepicks.com/images/teams/ncaafb/NCAAFB_team_FtIHViFhynnqMupuZEvWnIxd/13.webp,57.81,57.81,50,50,0.12,0.5,13.53,97.35,12.21,87.79,-37.79,12.21,Over,0.30,-0.2,11.31,No,,,,,,
N/A,9/26/2026,Jimmy Calloway,Anytime TDs,0.5,demon,https://static.prizepicks.com/images/players/NCAAFB/Jimmy_Calloway_NCAAFB_player_zZf4yj3qMiV4APeQIPtEYmEY-450.webp,https://static.prizepicks.com/images/players/NCAAFB/Jimmy_Calloway_NCAAFB_player_zZf4yj3qMiV4APeQIPtEYmEY-450.webp,57.81,57.81,50,50,0.29,0.5,32.8,80.44,29.24,70.76,-20.76,29.24,Over,0.39,-0.11,25.17,No,,,,,,
N/A,9/26/2026,KJ Jackson,Anytime TDs,0.5,demon,https://static.prizepicks.com/images/players/NCAAFB/KJ_Jackson_NCAAFB_player_FNe9meYIopBfM2KHMIvof56s-450.webp,https://static.prizepicks.com/images/players/NCAAFB/KJ_Jackson_NCAAFB_player_FNe9meYIopBfM2KHMIvof56s-450.webp,57.81,57.81,50,50,0.45,0.5,49.96,59.82,45.59,54.41,-4.41,45.59,Over,0.46,-0.04,36.24,No,,,,,,
N/A,9/26/2026,Oran Singleton Jr.,Anytime TDs,0.5,demon,https://static.prizepicks.com/images/players/NCAAFB/Oran_Singleton_NCAAFB_player_OX3N1NOPHX3g4eTamT9j6Mhu-450.webp,https://static.prizepicks.com/images/players/NCAAFB/Oran_Singleton_NCAAFB_player_OX3N1NOPHX3g4eTamT9j6Mhu-450.webp,57.81,57.81,50,50,0.2,0.5,23.53,91.87,20.41,79.59,-29.59,20.41,Over,0.42,-0.08,18.13,No,,,,,,
N/A,9/26/2026,Seth Davis,Anytime TDs,0.5,demon,https://static.prizepicks.com/images/players/NCAAFB/Seth_Davis_NCAAFB_player_crWVOOw9AfrAXc9LqrDT0z9n-450.webp,https://static.prizepicks.com/images/players/NCAAFB/Seth_Davis_NCAAFB_player_crWVOOw9AfrAXc9LqrDT0z9n-450.webp,57.81,57.81,50,50,0.15,0.5,17.82,97.68,15.43,84.58,-34.57,15.43,Over,0.29,-0.21,13.93,No,,,,,,
N/A,9/26/2026,Sutton Smith,Anytime TDs,0.5,goblin,https://static.prizepicks.com/images/players/NCAAFB/Sutton_Smith_NCAAFB_player_VTzPWJ03xH94hKvfHCisIEDu-450.webp,https://static.prizepicks.com/images/players/NCAAFB/Sutton_Smith_NCAAFB_player_VTzPWJ03xH94hKvfHCisIEDu-450.webp,57.81,57.81,50,50,0.55,0.5,59.74,49.18,54.89,45.11,4.89,54.89,Over,0.53,0.03,42.31,Yes,,,,,,
N/A,9/26/2026,Trequan Jones,Anytime TDs,0.5,demon,https://static.prizepicks.com/images/players/NCAAFB/Trequan_Jones_NCAAFB_player_I789KGuR6HarnDSmVk78mw38-450.webp,https://static.prizepicks.com/images/players/NCAAFB/Trequan_Jones_NCAAFB_player_I789KGuR6HarnDSmVk78mw38-450.webp,57.81,57.81,50,50,0.4,0.5,44.38,66.28,40.27,59.73,-9.73,40.27,Over,0.27,-0.23,32.97,No,,,,,,
N/A,9/26/2026,Ty Lockwood,Anytime TDs,0.5,demon,https://static.prizepicks.com/images/players/NCAAFB/Ty_Lockwood_NCAAFB_player_YFzreKVdSjpz3qVxKrzbN9v3-450.webp,https://static.prizepicks.com/images/players/NCAAFB/Ty_Lockwood_NCAAFB_player_YFzreKVdSjpz3qVxKrzbN9v3-450.webp,57.81,57.81,50,50,0.3,0.5,33.79,79.01,30.18,69.82,-19.82,30.18,Over,0.30,-0.2,25.92,No,,,,,,
N/A,9/26/2026,David Wells Jr.,Anytime TDs,0.5,demon,https://static.prizepicks.com/images/players/NCAAFB/David_Wells_NCAAFB_player_6yqzrbY7h3Ihxx2BeZU3gPmK-450.webp,https://static.prizepicks.com/images/players/NCAAFB/David_Wells_NCAAFB_player_6yqzrbY7h3Ihxx2BeZU3gPmK-450.webp,57.81,57.81,50,50,0.14,0.5,15.41,97.29,13.62,86.38,-36.38,13.62,Over,0.53,0.03,13.06,Yes,,,,,,
N/A,9/26/2026,Grant McAtee,Anytime TDs,0.5,demon,https://static.prizepicks.com/images/players/NCAAFB/Grant_McAtee_NCAAFB_player_kTU6f5pPAxZb7keAOFERvM1s-450.webp,https://static.prizepicks.com/images/players/NCAAFB/Grant_McAtee_NCAAFB_player_kTU6f5pPAxZb7keAOFERvM1s-450.webp,57.81,57.81,50,50,0.09,0.5,9.42,96.6,8.83,91.17,-41.17,8.83,Over,0.30,-0.2,8.61,No,,,,,,
N/A,9/26/2026,Jackson Shockley,Anytime TDs,0.5,demon,https://static.prizepicks.com/images/players/NCAAFB/Jackson_Shockley_NCAAFB_player_M5n8eZBjIp8bTD2uYRSxPy35-450.webp,https://static.prizepicks.com/images/players/NCAAFB/Jackson_Shockley_NCAAFB_player_M5n8eZBjIp8bTD2uYRSxPy35-450.webp,57.81,57.81,50,50,0.1,0.5,9.9,96.81,9.25,90.75,-40.75,9.25,Over,0.50,0,9.52,No,,,,,,
N/A,9/26/2026,Grayson Tempest,Anytime TDs,0.5,demon,https://static.prizepicks.com/images/players/NCAAFB/Grayson_Tempest_NCAAFB_player_5waGcOoAkIBTlmy7PPyraGm-450.webp,https://static.prizepicks.com/images/players/NCAAFB/Grayson_Tempest_NCAAFB_player_5waGcOoAkIBTlmy7PPyraGm-450.webp,57.81,57.81,50,50,0.09,0.5,9.07,96.63,8.57,91.43,-41.43,8.57,Over,0.46,-0.04,8.61,No,,,,,,
N/A,9/26/2026,Donnell Gee Jr.,Anytime TDs,0.5,demon,https://static.prizepicks.com/images/players/NCAAFB/Donnell_Gee_NCAAFB_player_dUX4Zf1K1GzembmmqmDgD5ij-450.webp,https://static.prizepicks.com/images/players/NCAAFB/Donnell_Gee_NCAAFB_player_dUX4Zf1K1GzembmmqmDgD5ij-450.webp,57.81,57.81,50,50,0.11,0.5,12.86,97.26,11.66,88.34,-38.34,11.66,Over,0.29,-0.21,10.42,No,,,,,,
N/A,9/26/2026,KJ Jackson,Pass TDs,0.5,goblin,https://static.prizepicks.com/images/players/NCAAFB/KJ_Jackson_NCAAFB_player_FNe9meYIopBfM2KHMIvof56s-450.webp,https://static.prizepicks.com/images/players/NCAAFB/KJ_Jackson_NCAAFB_player_FNe9meYIopBfM2KHMIvof56s-450.webp,57.81,57.81,50,50,1.46,1.5,52.64,55.49,48.66,51.34,-1.34,48.66,Over,1.48,0.98,76.78,Yes,,,,,,
N/A,9/26/2026,Owen Carey,FG Made,0.5,goblin,https://static.prizepicks.com/images/players/NCAAFB/Owen_Carey_NCAAFB_player_yfAY7di2cjQEuf2bjLDTNfuq-450.webp,https://static.prizepicks.com/images/players/NCAAFB/Owen_Carey_NCAAFB_player_yfAY7di2cjQEuf2bjLDTNfuq-450.webp,57.81,57.81,50,50,0.5,,,,,,,,,,,50,,,,,,,
N/A,9/26/2026,Sutton Smith,Rush TDs,0.5,demon,https://static.prizepicks.com/images/players/NCAAFB/Sutton_Smith_NCAAFB_player_VTzPWJ03xH94hKvfHCisIEDu-450.webp,https://static.prizepicks.com/images/players/NCAAFB/Sutton_Smith_NCAAFB_player_VTzPWJ03xH94hKvfHCisIEDu-450.webp,57.81,57.81,50,50,0.5,,,,,,,,,0.69,0.19,39.35,,,,,,,
N/A,9/26/2026,Damari Alston,Rush TDs,0.5,demon,https://static.prizepicks.com/images/players/NCAAFB/Damari_Alston_NCAAFB_player_4iqZqENWvbIRzUUXjSZaJopF-450.webp,https://static.prizepicks.com/images/players/NCAAFB/Damari_Alston_NCAAFB_player_4iqZqENWvbIRzUUXjSZaJopF-450.webp,57.81,57.81,50,50,0.5,,,,,,,,,0.52,0.02,39.35,,,,,,,
N/A,9/26/2026,Braylen Russell,Rush TDs,0.5,demon,https://static.prizepicks.com/images/teams/ncaafb/NCAAFB_team_FtIHViFhynnqMupuZEvWnIxd/0.webp,https://static.prizepicks.com/images/teams/ncaafb/NCAAFB_team_FtIHViFhynnqMupuZEvWnIxd/0.webp,57.81,57.81,50,50,0.5,,,,,,,,,0.53,0.03,39.35,,,,,,,
N/A,9/26/2026,KJ Jackson,Rush TDs,0.5,demon,https://static.prizepicks.com/images/players/NCAAFB/KJ_Jackson_NCAAFB_player_FNe9meYIopBfM2KHMIvof56s-450.webp,https://static.prizepicks.com/images/players/NCAAFB/KJ_Jackson_NCAAFB_player_FNe9meYIopBfM2KHMIvof56s-450.webp,57.81,57.81,50,50,0.5,,,,,,,,,0.27,-0.23,39.35,,,,,,,
N/A,9/26/2026,Trequan Jones,Rec TDs,0.5,demon,https://static.prizepicks.com/images/players/NCAAFB/Trequan_Jones_NCAAFB_player_I789KGuR6HarnDSmVk78mw38-450.webp,https://static.prizepicks.com/images/players/NCAAFB/Trequan_Jones_NCAAFB_player_I789KGuR6HarnDSmVk78mw38-450.webp,57.81,57.81,50,50,0.5,,,,,,,,,0.02,-0.48,39.35,,,,,,,
N/A,9/26/2026,Chris Marshall,Rec TDs,0.5,demon,https://static.prizepicks.com/images/players/NCAAFB/Chris_Marshall_NCAAFB_player_D6dQS3deylpJTKyESY0zwO4-450.webp,https://static.prizepicks.com/images/players/NCAAFB/Chris_Marshall_NCAAFB_player_D6dQS3deylpJTKyESY0zwO4-450.webp,57.81,57.81,50,50,0.5,,,,,,,,,0.36,-0.14,39.35,,,,,,,
N/A,9/26/2026,Braylen Russell,Rec TDs,0.5,demon,https://static.prizepicks.com/images/teams/ncaafb/NCAAFB_team_FtIHViFhynnqMupuZEvWnIxd/0.webp,https://static.prizepicks.com/images/teams/ncaafb/NCAAFB_team_FtIHViFhynnqMupuZEvWnIxd/0.webp,57.81,57.81,50,50,0.5,,,,,,,,,0.02,-0.48,39.35,,,,,,,
N/A,9/26/2026,CJ Brown,Rec TDs,0.5,demon,https://static.prizepicks.com/images/players/NCAAFB/CJ_Brown_NCAAFB_player_tr9gaB4DG2B5i4sWGK3682DK-450.webp,https://static.prizepicks.com/images/players/NCAAFB/CJ_Brown_NCAAFB_player_tr9gaB4DG2B5i4sWGK3682DK-450.webp,57.81,57.81,50,50,0.5,,,,,,,,,0.12,-0.38,39.35,,,,,,,
N/A,9/26/2026,Jamari Hawkins,Rec TDs,0.5,demon,https://static.prizepicks.com/images/players/NCAAFB/Jamari_Hawkins_NCAAFB_player_6jEDgFDH8EoExHuQYXDdEJGV-450.webp,https://static.prizepicks.com/images/players/NCAAFB/Jamari_Hawkins_NCAAFB_player_6jEDgFDH8EoExHuQYXDdEJGV-450.webp,57.81,57.81,50,50,0.5,,,,,,,,,0.31,-0.19,39.35,,,,,,,
N/A,9/26/2026,Jimmy Calloway,Rec TDs,0.5,demon,https://static.prizepicks.com/images/players/NCAAFB/Jimmy_Calloway_NCAAFB_player_zZf4yj3qMiV4APeQIPtEYmEY-450.webp,https://static.prizepicks.com/images/players/NCAAFB/Jimmy_Calloway_NCAAFB_player_zZf4yj3qMiV4APeQIPtEYmEY-450.webp,57.81,57.81,50,50,0.5,,,,,,,,,0.19,-0.31,39.35,,,,,,,
N/A,9/26/2026,Oran Singleton Jr.,Rec TDs,0.5,demon,https://static.prizepicks.com/images/players/NCAAFB/Oran_Singleton_NCAAFB_player_OX3N1NOPHX3g4eTamT9j6Mhu-450.webp,https://static.prizepicks.com/images/players/NCAAFB/Oran_Singleton_NCAAFB_player_OX3N1NOPHX3g4eTamT9j6Mhu-450.webp,57.81,57.81,50,50,0.5,,,,,,,,,0.35,-0.15,39.35,,,,,,,
N/A,9/26/2026,Sutton Smith,Rec TDs,0.5,demon,https://static.prizepicks.com/images/players/NCAAFB/Sutton_Smith_NCAAFB_player_VTzPWJ03xH94hKvfHCisIEDu-450.webp,https://static.prizepicks.com/images/players/NCAAFB/Sutton_Smith_NCAAFB_player_VTzPWJ03xH94hKvfHCisIEDu-450.webp,57.81,57.81,50,50,0.5,,,,,,,,,0.08,-0.42,39.35,,,,,,,
N/A,9/26/2026,Ty Lockwood,Rec TDs,0.5,demon,https://static.prizepicks.com/images/players/NCAAFB/Ty_Lockwood_NCAAFB_player_YFzreKVdSjpz3qVxKrzbN9v3-450.webp,https://static.prizepicks.com/images/players/NCAAFB/Ty_Lockwood_NCAAFB_player_YFzreKVdSjpz3qVxKrzbN9v3-450.webp,57.81,57.81,50,50,0.5,,,,,,,,,0.26,-0.24,39.35,,,,,,,
N/A,9/26/2026,Ismael Cisse,Rec TDs,0.5,demon,https://static.prizepicks.com/images/players/NCAAFB/Ismael_Cisse_NCAAFB_player_KUpwscLtED5VBsvsGpSl2hFw-450.webp,https://static.prizepicks.com/images/players/NCAAFB/Ismael_Cisse_NCAAFB_player_KUpwscLtED5VBsvsGpSl2hFw-450.webp,57.81,57.81,50,50,0.5,,,,,,,,,0.20,-0.3,39.35,,,,,,,
N/A,9/26/2026,Jaden Platt,Rec TDs,0.5,demon,https://static.prizepicks.com/images/players/NCAAFB/Jaden_Platt_NCAAFB_player_L7ZJf1GR2d1oVXlxyPiLnjru-450.webp,https://static.prizepicks.com/images/players/NCAAFB/Jaden_Platt_NCAAFB_player_L7ZJf1GR2d1oVXlxyPiLnjru-450.webp,57.81,57.81,50,50,0.5,,,,,,,,,0.38,-0.12,39.35,,,,,,,
N/A,9/26/2026,Trequan Jones,Rush TDs,0.5,demon,https://static.prizepicks.com/images/players/NCAAFB/Trequan_Jones_NCAAFB_player_I789KGuR6HarnDSmVk78mw38-450.webp,https://static.prizepicks.com/images/players/NCAAFB/Trequan_Jones_NCAAFB_player_I789KGuR6HarnDSmVk78mw38-450.webp,57.81,57.81,50,50,0.5,,,,,,,,,0.28,-0.22,39.35,,,,,,,
N/A,9/26/2026,David Wells Jr.,Rec TDs,0.5,demon,https://static.prizepicks.com/images/players/NCAAFB/David_Wells_NCAAFB_player_6yqzrbY7h3Ihxx2BeZU3gPmK-450.webp,https://static.prizepicks.com/images/players/NCAAFB/David_Wells_NCAAFB_player_6yqzrbY7h3Ihxx2BeZU3gPmK-450.webp,57.81,57.81,50,50,0.5,,,,,,,,,0.15,-0.35,39.35,,,,,,,
N/A,9/26/2026,Damari Alston,Rec TDs,0.5,demon,https://static.prizepicks.com/images/players/NCAAFB/Damari_Alston_NCAAFB_player_4iqZqENWvbIRzUUXjSZaJopF-450.webp,https://static.prizepicks.com/images/players/NCAAFB/Damari_Alston_NCAAFB_player_4iqZqENWvbIRzUUXjSZaJopF-450.webp,57.81,57.81,50,50,0.5,,,,,,,,,0.05,-0.45,39.35,,,,,,,
N/A,9/26/2026,DJ McKinney,Rec TDs,0.5,demon,https://static.prizepicks.com/images/players/NCAAFB/DJ_McKinney_NCAAFB_player_SMWtLP3zAB5I8WtDUkk3EZ5L-450.webp,https://static.prizepicks.com/images/players/NCAAFB/DJ_McKinney_NCAAFB_player_SMWtLP3zAB5I8WtDUkk3EZ5L-450.webp,57.81,57.81,50,50,0.5,,,,,,,,,0.02,-0.48,39.35,,,,,,,
N/A,9/26/2026,DJ McKinney,Rush TDs,0.5,demon,https://static.prizepicks.com/images/players/NCAAFB/DJ_McKinney_NCAAFB_player_SMWtLP3zAB5I8WtDUkk3EZ5L-450.webp,https://static.prizepicks.com/images/players/NCAAFB/DJ_McKinney_NCAAFB_player_SMWtLP3zAB5I8WtDUkk3EZ5L-450.webp,57.81,57.81,50,50,0.5,,,,,,,,,0.15,-0.35,39.35,,,,,,,
N/A,9/26/2026,Grant McAtee,Rec TDs,0.5,demon,https://static.prizepicks.com/images/players/NCAAFB/Grant_McAtee_NCAAFB_player_kTU6f5pPAxZb7keAOFERvM1s-450.webp,https://static.prizepicks.com/images/players/NCAAFB/Grant_McAtee_NCAAFB_player_kTU6f5pPAxZb7keAOFERvM1s-450.webp,57.81,57.81,50,50,0.5,,,,,,,,,0.09,-0.41,39.35,,,,,,,
N/A,9/26/2026,Donnell Gee Jr.,Rec TDs,0.5,demon,https://static.prizepicks.com/images/players/NCAAFB/Donnell_Gee_NCAAFB_player_dUX4Zf1K1GzembmmqmDgD5ij-450.webp,https://static.prizepicks.com/images/players/NCAAFB/Donnell_Gee_NCAAFB_player_dUX4Zf1K1GzembmmqmDgD5ij-450.webp,57.81,57.81,50,50,0.5,,,,,,,,,0.06,-0.44,39.35,,,,,,,
N/A,9/26/2026,Javon Ross,Rec TDs,0.5,demon,https://static.prizepicks.com/images/players/NCAAFB/Javon_Ross_NCAAFB_player_rG00J0gygNr2DHSDGxMTzJht-450.webp,https://static.prizepicks.com/images/players/NCAAFB/Javon_Ross_NCAAFB_player_rG00J0gygNr2DHSDGxMTzJht-450.webp,57.81,57.81,50,50,0.5,,,,,,,,,0.17,-0.33,39.35,,,,,,,
N/A,9/26/2026,Donovan Faupel,Rec TDs,0.5,demon,https://static.prizepicks.com/images/players/NCAAFB/Donovan_Faupel_NCAAFB_player_TrJUpvsBjtxmPu0ek2xfAgBy-450.webp,https://static.prizepicks.com/images/players/NCAAFB/Donovan_Faupel_NCAAFB_player_TrJUpvsBjtxmPu0ek2xfAgBy-450.webp,57.81,57.81,50,50,0.5,,,,,,,,,0.04,-0.46,39.35,,,,,,,
N/A,9/26/2026,Dexter Williams II,Anytime TDs,0.5,demon,https://static.prizepicks.com/images/players/NCAAFB/Dexter_Williams_NCAAFB_player_H1qkxfWCHbrKYmNjzS5yxX7B-450.webp,https://static.prizepicks.com/images/players/NCAAFB/Dexter_Williams_NCAAFB_player_H1qkxfWCHbrKYmNjzS5yxX7B-450.webp,57.81,57.81,50,50,0.31,0.5,34.72,78,31.07,68.93,-18.93,31.07,Over,0.26,-0.24,26.66,No,,,,,,
N/A,9/26/2026,Dexter Williams II,Pass TDs,0.5,goblin,https://static.prizepicks.com/images/players/NCAAFB/Dexter_Williams_NCAAFB_player_H1qkxfWCHbrKYmNjzS5yxX7B-450.webp,https://static.prizepicks.com/images/players/NCAAFB/Dexter_Williams_NCAAFB_player_H1qkxfWCHbrKYmNjzS5yxX7B-450.webp,57.81,57.81,50,50,0.65,0.5,70.29,37.34,65.31,34.69,15.31,65.31,Over,0.55,0.05,47.8,Yes,,,,,,
N/A,9/26/2026,Dexter Williams II,Rush TDs,0.5,demon,https://static.prizepicks.com/images/players/NCAAFB/Dexter_Williams_NCAAFB_player_H1qkxfWCHbrKYmNjzS5yxX7B-450.webp,https://static.prizepicks.com/images/players/NCAAFB/Dexter_Williams_NCAAFB_player_H1qkxfWCHbrKYmNjzS5yxX7B-450.webp,57.81,57.81,50,50,0.5,,,,,,,,,0.36,-0.14,39.35,,,,,,,
N/A,9/26/2026,Ethan Ervin,Anytime TDs,2.5,demon,https://static.prizepicks.com/images/players/NCAAFB/Ethan_Ervin_NCAAFB_player_Gslctfx9Ou2WQoTkIYrnLjyo-450.webp,https://static.prizepicks.com/images/players/NCAAFB/Ethan_Ervin_NCAAFB_player_Gslctfx9Ou2WQoTkIYrnLjyo-450.webp,57.81,57.81,50,50,0.55,0.5,60.14,48.66,55.28,44.72,5.28,55.28,Over,0.50,-2,1.85,No,,,,,,
N/A,9/26/2026,Kelby Valsin,Anytime TDs,2.5,demon,https://static.prizepicks.com/images/players/NCAAFB/Kelby_Valsin_NCAAFB_player_6eaL8lHcYjBVx0e97kZe04c-450.webp,https://static.prizepicks.com/images/players/NCAAFB/Kelby_Valsin_NCAAFB_player_6eaL8lHcYjBVx0e97kZe04c-450.webp,57.81,57.81,50,50,0.56,0.5,60.52,48.27,55.64,44.36,5.64,55.64,Over,0.50,-2,1.93,No,,,,,,
N/A,9/26/2026,Bryson Roland,Anytime TDs,1.5,demon,https://static.prizepicks.com/images/players/NCAAFB/Bryson_Roland_NCAAFB_player_zcPaYvqp0XGKAzalL1udyOXP-450.webp,https://static.prizepicks.com/images/players/NCAAFB/Bryson_Roland_NCAAFB_player_zcPaYvqp0XGKAzalL1udyOXP-450.webp,57.81,57.81,50,50,0.49,0.5,53.77,55.51,49.2,50.8,-0.8,49.2,Over,0.50,-1,8.72,No,,,,,,
N/A,9/26/2026,Derrick Jameson,Anytime TDs,1.5,demon,https://static.prizepicks.com/images/players/NCAAFB/Derrick_Jameson_NCAAFB_player_57o8e87niEZlYvglsa8uYFr-450.webp,https://static.prizepicks.com/images/players/NCAAFB/Derrick_Jameson_NCAAFB_player_57o8e87niEZlYvglsa8uYFr-450.webp,57.81,57.81,50,50,0.5,0.5,54.48,54.74,49.88,50.12,-0.12,49.88,Over,0.42,-1.08,9.02,No,,,,,,
N/A,9/26/2026,Dominique Henry,Anytime TDs,1.5,demon,https://static.prizepicks.com/images/players/NCAAFB/Dominique_Henry_NCAAFB_player_puc1HJ7tfX58IvJ4xjsYFUxO-450.webp,https://static.prizepicks.com/images/players/NCAAFB/Dominique_Henry_NCAAFB_player_puc1HJ7tfX58IvJ4xjsYFUxO-450.webp,57.81,57.81,50,50,0.49,0.5,53.77,55.51,49.2,50.8,-0.8,49.2,Over,0.50,-1,8.72,No,,,,,,
N/A,9/26/2026,Easton Messer,Anytime TDs,1.5,demon,https://static.prizepicks.com/images/players/NCAAFB/Easton_Messer_NCAAFB_player_trMToYZcLMByiXw7ewxC2QLQ-450.webp,https://static.prizepicks.com/images/players/NCAAFB/Easton_Messer_NCAAFB_player_trMToYZcLMByiXw7ewxC2QLQ-450.webp,57.81,57.81,50,50,0.52,0.5,56.75,52.3,52.04,47.96,2.04,52.04,Over,0.50,-1,9.63,No,,,,,,
N/A,9/26/2026,Ethan Ervin,Anytime TDs,1.5,demon,https://static.prizepicks.com/images/players/NCAAFB/Ethan_Ervin_NCAAFB_player_Gslctfx9Ou2WQoTkIYrnLjyo-450.webp,https://static.prizepicks.com/images/players/NCAAFB/Ethan_Ervin_NCAAFB_player_Gslctfx9Ou2WQoTkIYrnLjyo-450.webp,57.81,57.81,50,50,0.55,0.5,60.14,48.66,55.28,44.72,5.28,55.28,Over,0.50,-1,10.57,No,,,,,,
N/A,9/26/2026,Kelby Valsin,Anytime TDs,1.5,demon,https://static.prizepicks.com/images/players/NCAAFB/Kelby_Valsin_NCAAFB_player_6eaL8lHcYjBVx0e97kZe04c-450.webp,https://static.prizepicks.com/images/players/NCAAFB/Kelby_Valsin_NCAAFB_player_6eaL8lHcYjBVx0e97kZe04c-450.webp,57.81,57.81,50,50,0.56,0.5,60.52,48.27,55.64,44.36,5.64,55.64,Over,0.50,-1,10.89,No,,,,,,
N/A,9/26/2026,Leonard Farrow,Anytime TDs,1.5,demon,https://static.prizepicks.com/images/players/NCAAFB/Leonard_Farrow_NCAAFB_player_ZuYRTyuJG7Dg6924RPH29bPU-450.webp,https://static.prizepicks.com/images/players/NCAAFB/Leonard_Farrow_NCAAFB_player_ZuYRTyuJG7Dg6924RPH29bPU-450.webp,57.81,57.81,50,50,0.42,0.5,46.49,63.49,42.27,57.73,-7.73,42.27,Over,0.50,-1,6.7,No,,,,,,
N/A,9/26/2026,Austin Carlisle,Anytime TDs,1.5,demon,https://static.prizepicks.com/images/players/NCAAFB/Austin_Carlisle_NCAAFB_player_bR6AIik0YoyLEOC33lQs3EIg-450.webp,https://static.prizepicks.com/images/players/NCAAFB/Austin_Carlisle_NCAAFB_player_bR6AIik0YoyLEOC33lQs3EIg-450.webp,57.81,57.81,50,50,0.4,0.5,44.59,65.6,40.47,59.53,-9.53,40.47,Over,0.53,-0.97,6.16,No,,,,,,
N/A,9/26/2026,Kaden Shields-Dutton,Anytime TDs,1.5,demon,https://static.prizepicks.com/images/players/NCAAFB/Kaden_Shields-Dutton_NCAAFB_player_byNun2DYr7TsEe2WxwOXrWZS-450.webp,https://static.prizepicks.com/images/players/NCAAFB/Kaden_Shields-Dutton_NCAAFB_player_byNun2DYr7TsEe2WxwOXrWZS-450.webp,57.81,57.81,50,50,1.5,,,,,,,,,0.52,-0.98,44.22,,,,,,,
N/A,9/26/2026,Caden Veltkamp,Anytime TDs,1.5,demon,https://static.prizepicks.com/images/players/NCAAFB/Caden_Veltkamp_NCAAFB_player_nklpzJxGaJMzytFQudVCRpHC-450.webp,https://static.prizepicks.com/images/players/NCAAFB/Caden_Veltkamp_NCAAFB_player_nklpzJxGaJMzytFQudVCRpHC-450.webp,57.81,57.81,50,50,0.31,0.5,34.81,76.94,31.15,68.85,-18.85,31.15,Over,0.50,-1,3.92,No,,,,,,
N/A,9/26/2026,Austin Carlisle,Anytime TDs,0.5,demon,https://static.prizepicks.com/images/players/NCAAFB/Austin_Carlisle_NCAAFB_player_bR6AIik0YoyLEOC33lQs3EIg-450.webp,https://static.prizepicks.com/images/players/NCAAFB/Austin_Carlisle_NCAAFB_player_bR6AIik0YoyLEOC33lQs3EIg-450.webp,57.81,57.81,50,50,0.4,0.5,44.59,65.6,40.47,59.53,-9.53,40.47,Over,0.53,0.03,32.97,Yes,,,,,,
N/A,9/26/2026,Brady Tillman III,Anytime TDs,0.5,demon,https://static.prizepicks.com/images/players/NCAAFB/Brady_Tillman_NCAAFB_player_1wvUKz3VDoJMfLzLPrw158Er-450.webp,https://static.prizepicks.com/images/players/NCAAFB/Brady_Tillman_NCAAFB_player_1wvUKz3VDoJMfLzLPrw158Er-450.webp,57.81,57.81,50,50,0.22,0.5,25,89.63,21.81,78.19,-28.19,21.81,Over,0.36,-0.14,19.75,No,,,,,,
N/A,9/26/2026,Branden Hoch,Anytime TDs,0.5,demon,https://static.prizepicks.com/images/players/NCAAFB/Branden_Hoch_NCAAFB_player_GCYBjdNvvREJQloDAzd5GufO-450.webp,https://static.prizepicks.com/images/players/NCAAFB/Branden_Hoch_NCAAFB_player_GCYBjdNvvREJQloDAzd5GufO-450.webp,57.81,57.81,50,50,0.18,0.5,20.9,95.82,17.91,82.09,-32.09,17.91,Over,0.50,0,16.47,No,,,,,,
N/A,9/26/2026,Brandon Buckhaulter,Anytime TDs,0.5,demon,https://static.prizepicks.com/images/players/NCAAFB/Brandon_Buckhaulter_NCAAFB_player_gCTXTW2p7LnFr6rgQlh9s6No-450.webp,https://static.prizepicks.com/images/players/NCAAFB/Brandon_Buckhaulter_NCAAFB_player_gCTXTW2p7LnFr6rgQlh9s6No-450.webp,57.81,57.81,50,50,0.12,0.5,13.16,97.31,11.91,88.09,-38.09,11.91,Over,0.34,-0.16,11.31,No,,,,,,
N/A,9/26/2026,Bryce Anderson,Anytime TDs,0.5,demon,https://static.prizepicks.com/images/players/NCAAFB/Bryce_Anderson_NCAAFB_player_Yy01C8kTPlkS3qdDxgjPOJRg-450.webp,https://static.prizepicks.com/images/players/NCAAFB/Bryce_Anderson_NCAAFB_player_Yy01C8kTPlkS3qdDxgjPOJRg-450.webp,57.81,57.81,50,50,0.15,0.5,17.63,97.67,15.29,84.72,-34.71,15.29,Over,0.30,-0.2,13.93,No,,,,,,
N/A,9/26/2026,Caden Veltkamp,Anytime TDs,0.5,demon,https://static.prizepicks.com/images/players/NCAAFB/Caden_Veltkamp_NCAAFB_player_nklpzJxGaJMzytFQudVCRpHC-450.webp,https://static.prizepicks.com/images/players/NCAAFB/Caden_Veltkamp_NCAAFB_player_nklpzJxGaJMzytFQudVCRpHC-450.webp,57.81,57.81,50,50,0.31,0.5,34.81,76.94,31.15,68.85,-18.85,31.15,Over,0.50,0,26.66,No,,,,,,
N/A,9/26/2026,Easton Messer,Anytime TDs,0.5,goblin,https://static.prizepicks.com/images/players/NCAAFB/Easton_Messer_NCAAFB_player_trMToYZcLMByiXw7ewxC2QLQ-450.webp,https://static.prizepicks.com/images/players/NCAAFB/Easton_Messer_NCAAFB_player_trMToYZcLMByiXw7ewxC2QLQ-450.webp,57.81,57.81,50,50,0.52,0.5,56.75,52.3,52.04,47.96,2.04,52.04,Over,0.50,0,40.55,No,,,,,,
N/A,9/26/2026,Ethan Ervin,Anytime TDs,0.5,goblin,https://static.prizepicks.com/images/players/NCAAFB/Ethan_Ervin_NCAAFB_player_Gslctfx9Ou2WQoTkIYrnLjyo-450.webp,https://static.prizepicks.com/images/players/NCAAFB/Ethan_Ervin_NCAAFB_player_Gslctfx9Ou2WQoTkIYrnLjyo-450.webp,57.81,57.81,50,50,0.55,0.5,60.14,48.66,55.28,44.72,5.28,55.28,Over,0.50,0,42.31,No,,,,,,
N/A,9/26/2026,JP Coulter,Anytime TDs,0.5,demon,https://static.prizepicks.com/images/players/NCAAFB/JP_Coulter_NCAAFB_player_qUqOUJccyj05g8ZSJhCB4LvQ-450.webp,https://static.prizepicks.com/images/players/NCAAFB/JP_Coulter_NCAAFB_player_qUqOUJccyj05g8ZSJhCB4LvQ-450.webp,57.81,57.81,50,50,0.13,0.5,14.14,97.4,12.68,87.33,-37.32,12.68,Over,0.50,0,12.19,No,,,,,,
N/A,9/26/2026,Kaden Shields-Dutton,Anytime TDs,0.5,demon,https://static.prizepicks.com/images/players/NCAAFB/Kaden_Shields-Dutton_NCAAFB_player_byNun2DYr7TsEe2WxwOXrWZS-450.webp,https://static.prizepicks.com/images/players/NCAAFB/Kaden_Shields-Dutton_NCAAFB_player_byNun2DYr7TsEe2WxwOXrWZS-450.webp,57.81,57.81,50,50,0.5,,,,,,,,,0.52,0.02,39.35,,,,,,,
N/A,9/26/2026,Kelby Valsin,Anytime TDs,0.5,goblin,https://static.prizepicks.com/images/players/NCAAFB/Kelby_Valsin_NCAAFB_player_6eaL8lHcYjBVx0e97kZe04c-450.webp,https://static.prizepicks.com/images/players/NCAAFB/Kelby_Valsin_NCAAFB_player_6eaL8lHcYjBVx0e97kZe04c-450.webp,57.81,57.81,50,50,0.56,0.5,60.52,48.27,55.64,44.36,5.64,55.64,Over,0.50,0,42.88,No,,,,,,
N/A,9/26/2026,LT Robinson,Anytime TDs,0.5,demon,https://static.prizepicks.com/images/players/NCAAFB/LT_Robinson_NCAAFB_player_yXfELSFnSMbTuHw4lxk3p8zD-450.webp,https://static.prizepicks.com/images/players/NCAAFB/LT_Robinson_NCAAFB_player_yXfELSFnSMbTuHw4lxk3p8zD-450.webp,57.81,57.81,50,50,0.13,0.5,14.26,97.41,12.76,87.24,-37.24,12.76,Over,0.31,-0.19,12.19,No,,,,,,
N/A,9/26/2026,Marcellus Jackson,Anytime TDs,0.5,demon,https://static.prizepicks.com/images/players/NCAAFB/Marcellus_Jackson_NCAAFB_player_YTJQeAUqc0Mj3C0Btk5iVNsY-450.webp,https://static.prizepicks.com/images/players/NCAAFB/Marcellus_Jackson_NCAAFB_player_YTJQeAUqc0Mj3C0Btk5iVNsY-450.webp,57.81,57.81,50,50,0.23,0.5,26.67,87.31,23.4,76.6,-26.6,23.4,Over,0.38,-0.12,20.55,No,,,,,,
N/A,9/26/2026,Nic Trujillo,Anytime TDs,0.5,demon,https://static.prizepicks.com/images/players/NCAAFB/Nic_Trujillo_NCAAFB_player_6RcRVvp2OHhOxJnnGVSpu4jb-450.webp,https://static.prizepicks.com/images/players/NCAAFB/Nic_Trujillo_NCAAFB_player_6RcRVvp2OHhOxJnnGVSpu4jb-450.webp,57.81,57.81,50,50,0.25,0.5,27.99,85.54,24.65,75.35,-25.35,24.65,Over,0.50,0,22.12,No,,,,,,
N/A,9/26/2026,Parker Fulghum,Anytime TDs,0.5,demon,https://static.prizepicks.com/images/players/NCAAFB/Parker_Fulghum_NCAAFB_player_fOus7jCfUB3qkRfv7wsYK3FX-450.webp,https://static.prizepicks.com/images/players/NCAAFB/Parker_Fulghum_NCAAFB_player_fOus7jCfUB3qkRfv7wsYK3FX-450.webp,57.81,57.81,50,50,0.15,0.5,18.12,97.7,15.64,84.36,-34.36,15.64,Over,0.40,-0.1,13.93,No,,,,,,
N/A,9/26/2026,RJ Garcia II,Anytime TDs,0.5,demon,https://static.prizepicks.com/images/players/NCAAFB/RJ_Garcia_NCAAFB_player_2DJgSrXLNbrEwHIBoyUCWOUS-450.webp,https://static.prizepicks.com/images/players/NCAAFB/RJ_Garcia_NCAAFB_player_2DJgSrXLNbrEwHIBoyUCWOUS-450.webp,57.81,57.81,50,50,0.15,0.5,16.26,97.58,14.28,85.72,-35.72,14.28,Over,0.50,0,13.93,No,,,,,,
N/A,9/26/2026,Trevon Kinchen,Anytime TDs,0.5,demon,https://static.prizepicks.com/images/players/NCAAFB/Trevon_Kinchen_NCAAFB_player_4N68phGAavjFzJH0iuktTrc8-450.webp,https://static.prizepicks.com/images/players/NCAAFB/Trevon_Kinchen_NCAAFB_player_4N68phGAavjFzJH0iuktTrc8-450.webp,57.81,57.81,50,50,0.15,0.5,17.34,97.65,15.07,84.93,-34.93,15.07,Over,0.32,-0.18,13.93,No,,,,,,
N/A,9/26/2026,AJ Johnson,Anytime TDs,0.5,demon,https://static.prizepicks.com/images/players/NCAAFB/AJ_Johnson_NCAAFB_player_Kv52bYHxJg9JB35S5ZKxldw2-450.webp,https://static.prizepicks.com/images/players/NCAAFB/AJ_Johnson_NCAAFB_player_Kv52bYHxJg9JB35S5ZKxldw2-450.webp,57.81,57.81,50,50,0.5,,,,,,,,,0.50,0,39.35,,,,,,,
N/A,9/26/2026,Leonard Farrow,Anytime TDs,0.5,demon,https://static.prizepicks.com/images/players/NCAAFB/Leonard_Farrow_NCAAFB_player_ZuYRTyuJG7Dg6924RPH29bPU-450.webp,https://static.prizepicks.com/images/players/NCAAFB/Leonard_Farrow_NCAAFB_player_ZuYRTyuJG7Dg6924RPH29bPU-450.webp,57.81,57.81,50,50,0.42,0.5,46.49,63.49,42.27,57.73,-7.73,42.27,Over,0.50,0,34.3,No,,,,,,
N/A,9/26/2026,Kevin Jennings,Pass Yards,374.5,demon,https://static.prizepicks.com/images/players/NCAAFB/Kevin_Jennings_NCAAFB_player_gCewmJaigUjMrpTeRYzivJUe-450.webp,https://static.prizepicks.com/images/players/NCAAFB/Kevin_Jennings_NCAAFB_player_gCewmJaigUjMrpTeRYzivJUe-450.webp,57.81,57.81,50,50,301.87,301.83,53.69,53.65,50.02,49.98,0.02,50.02,Over,301.85,-72.65,18.2,No,,,,,,
N/A,9/26/2026,Kevin Jennings,Pass Yards,319.5,demon,https://static.prizepicks.com/images/players/NCAAFB/Kevin_Jennings_NCAAFB_player_gCewmJaigUjMrpTeRYzivJUe-450.webp,https://static.prizepicks.com/images/players/NCAAFB/Kevin_Jennings_NCAAFB_player_gCewmJaigUjMrpTeRYzivJUe-450.webp,57.81,57.81,50,50,301.87,301.83,53.69,53.65,50.02,49.98,0.02,50.02,Over,301.85,-17.65,41.28,No,,,,,,
N/A,9/26/2026,Kevin Jennings,Pass Yards,316.5,demon,https://static.prizepicks.com/images/players/NCAAFB/Kevin_Jennings_NCAAFB_player_gCewmJaigUjMrpTeRYzivJUe-450.webp,https://static.prizepicks.com/images/players/NCAAFB/Kevin_Jennings_NCAAFB_player_gCewmJaigUjMrpTeRYzivJUe-450.webp,57.81,57.81,50,50,301.87,301.83,53.69,53.65,50.02,49.98,0.02,50.02,Over,301.85,-14.65,42.74,No,,,,,,
N/A,9/26/2026,Kevin Jennings,Pass+Rush Yds,309.5,standard,https://static.prizepicks.com/images/players/NCAAFB/Kevin_Jennings_NCAAFB_player_gCewmJaigUjMrpTeRYzivJUe-450.webp,https://static.prizepicks.com/images/players/NCAAFB/Kevin_Jennings_NCAAFB_player_gCewmJaigUjMrpTeRYzivJUe-450.webp,57.81,57.81,50,50,341.22,320.33,53.26,53.57,49.86,50.14,-0.14,50.14,Under,320.41,10.91,34.59,No,,,,,,
N/A,9/26/2026,Kevin Jennings,Pass Yards,306.5,standard,https://static.prizepicks.com/images/players/NCAAFB/Kevin_Jennings_NCAAFB_player_gCewmJaigUjMrpTeRYzivJUe-450.webp,https://static.prizepicks.com/images/players/NCAAFB/Kevin_Jennings_NCAAFB_player_gCewmJaigUjMrpTeRYzivJUe-450.webp,57.81,57.81,50,50,301.87,301.83,53.69,53.65,50.02,49.98,0.02,50.02,Over,301.85,-4.65,47.69,No,,,,,,
N/A,9/26/2026,Kevin Jennings,Pass Yards,296.5,goblin,https://static.prizepicks.com/images/players/NCAAFB/Kevin_Jennings_NCAAFB_player_gCewmJaigUjMrpTeRYzivJUe-450.webp,https://static.prizepicks.com/images/players/NCAAFB/Kevin_Jennings_NCAAFB_player_gCewmJaigUjMrpTeRYzivJUe-450.webp,57.81,57.81,50,50,301.87,301.83,53.69,53.65,50.02,49.98,0.02,50.02,Over,301.85,5.35,52.68,Yes,,,,,,
N/A,9/26/2026,Skyler Locklear,Pass Yards,293.5,demon,https://static.prizepicks.com/images/players/NCAAFB/Skyler_Locklear_NCAAFB_player_wbt4Z9y5hX2scR6Fiqgqw9kH-450.webp,https://static.prizepicks.com/images/players/NCAAFB/Skyler_Locklear_NCAAFB_player_wbt4Z9y5hX2scR6Fiqgqw9kH-450.webp,57.81,57.81,50,50,157.33,157.33,53.69,53.69,50,50,0,50,Over,157.33,-136.17,4.44,No,,,,,,
N/A,9/26/2026,Kevin Jennings,Pass Yards,249.5,goblin,https://static.prizepicks.com/images/players/NCAAFB/Kevin_Jennings_NCAAFB_player_gCewmJaigUjMrpTeRYzivJUe-450.webp,https://static.prizepicks.com/images/players/NCAAFB/Kevin_Jennings_NCAAFB_player_gCewmJaigUjMrpTeRYzivJUe-450.webp,57.81,57.81,50,50,301.87,301.83,53.69,53.65,50.02,49.98,0.02,50.02,Over,301.85,52.35,74.36,Yes,,,,,,
N/A,9/26/2026,Kendrick Raphael,Rush Yards,224.5,demon,https://static.prizepicks.com/images/players/NCAAFB/Kendrick_Raphael_NCAAFB_player_D8F77sSLk1nCJ3AicdqxJUaQ-450.webp,https://static.prizepicks.com/images/players/NCAAFB/Kendrick_Raphael_NCAAFB_player_D8F77sSLk1nCJ3AicdqxJUaQ-450.webp,57.81,57.81,50,50,94.48,94.5,53.57,53.6,49.99,50.01,-0.01,49.99,Over,94.28,-130.22,0.47,No,,,,,,
N/A,9/26/2026,Kevin Jennings,Pass Yards,219.5,goblin,https://static.prizepicks.com/images/players/NCAAFB/Kevin_Jennings_NCAAFB_player_gCewmJaigUjMrpTeRYzivJUe-450.webp,https://static.prizepicks.com/images/players/NCAAFB/Kevin_Jennings_NCAAFB_player_gCewmJaigUjMrpTeRYzivJUe-450.webp,57.81,57.81,50,50,301.87,301.83,53.69,53.65,50.02,49.98,0.02,50.02,Over,301.85,82.35,84.84,Yes,,,,,,
N/A,9/26/2026,Skyler Locklear,Pass Yards,199.5,demon,https://static.prizepicks.com/images/players/NCAAFB/Skyler_Locklear_NCAAFB_player_wbt4Z9y5hX2scR6Fiqgqw9kH-450.webp,https://static.prizepicks.com/images/players/NCAAFB/Skyler_Locklear_NCAAFB_player_wbt4Z9y5hX2scR6Fiqgqw9kH-450.webp,57.81,57.81,50,50,157.33,157.33,53.69,53.69,50,50,0,50,Over,157.33,-42.17,29.91,No,,,,,,
N/A,9/26/2026,Skyler Locklear,Pass Yards,163.5,demon,https://static.prizepicks.com/images/players/NCAAFB/Skyler_Locklear_NCAAFB_player_wbt4Z9y5hX2scR6Fiqgqw9kH-450.webp,https://static.prizepicks.com/images/players/NCAAFB/Skyler_Locklear_NCAAFB_player_wbt4Z9y5hX2scR6Fiqgqw9kH-450.webp,57.81,57.81,50,50,157.33,157.33,53.69,53.69,50,50,0,50,Over,157.33,-6.17,46.93,No,,,,,,
N/A,9/26/2026,Skyler Locklear,Pass Yards,159.5,goblin,https://static.prizepicks.com/images/players/NCAAFB/Skyler_Locklear_NCAAFB_player_wbt4Z9y5hX2scR6Fiqgqw9kH-450.webp,https://static.prizepicks.com/images/players/NCAAFB/Skyler_Locklear_NCAAFB_player_wbt4Z9y5hX2scR6Fiqgqw9kH-450.webp,57.81,57.81,50,50,157.33,157.33,53.69,53.69,50,50,0,50,Over,157.33,-2.17,48.92,No,,,,,,
N/A,9/26/2026,Skyler Locklear,Pass Yards,153.5,standard,https://static.prizepicks.com/images/players/NCAAFB/Skyler_Locklear_NCAAFB_player_wbt4Z9y5hX2scR6Fiqgqw9kH-450.webp,https://static.prizepicks.com/images/players/NCAAFB/Skyler_Locklear_NCAAFB_player_wbt4Z9y5hX2scR6Fiqgqw9kH-450.webp,57.81,57.81,50,50,157.33,157.33,53.69,53.69,50,50,0,50,Under,157.33,3.83,48.09,No,,,,,,
N/A,9/26/2026,Yannick Smith,Receiving Yards,149.5,demon,https://static.prizepicks.com/images/players/NCAAFB/Yannick_Smith_NCAAFB_player_EPzOCD8lQQzZ9uWhEY7RkZH-450.webp,https://static.prizepicks.com/images/players/NCAAFB/Yannick_Smith_NCAAFB_player_EPzOCD8lQQzZ9uWhEY7RkZH-450.webp,57.81,57.81,50,50,52.42,52.36,53.77,53.63,50.06,49.94,0.06,50.06,Over,52.23,-97.27,0.76,No,,,,,,
N/A,9/26/2026,Yamir Knight,Receiving Yards,149.5,demon,https://static.prizepicks.com/images/players/NCAAFB/Yamir_Knight_NCAAFB_player_eW15yWKzh99aRzpwMl1WzXBb-450.webp,https://static.prizepicks.com/images/players/NCAAFB/Yamir_Knight_NCAAFB_player_eW15yWKzh99aRzpwMl1WzXBb-450.webp,57.81,57.81,50,50,49.4,49.3,53.81,53.6,50.1,49.9,0.1,50.1,Over,49.19,-100.31,0.62,No,,,,,,
N/A,9/26/2026,Skyler Locklear,Pass Yards,149.5,goblin,https://static.prizepicks.com/images/players/NCAAFB/Skyler_Locklear_NCAAFB_player_wbt4Z9y5hX2scR6Fiqgqw9kH-450.webp,https://static.prizepicks.com/images/players/NCAAFB/Skyler_Locklear_NCAAFB_player_wbt4Z9y5hX2scR6Fiqgqw9kH-450.webp,57.81,57.81,50,50,157.33,157.33,53.69,53.69,50,50,0,50,Over,157.33,7.83,53.9,Yes,,,,,,
N/A,9/26/2026,Skyler Locklear,Pass Yards,133.5,goblin,https://static.prizepicks.com/images/players/NCAAFB/Skyler_Locklear_NCAAFB_player_wbt4Z9y5hX2scR6Fiqgqw9kH-450.webp,https://static.prizepicks.com/images/players/NCAAFB/Skyler_Locklear_NCAAFB_player_wbt4Z9y5hX2scR6Fiqgqw9kH-450.webp,57.81,57.81,50,50,157.33,157.33,53.69,53.69,50,50,0,50,Over,157.33,23.83,61.71,Yes,,,,,,
N/A,9/26/2026,Randy Pittman Jr.,Receiving Yards,109.5,demon,https://static.prizepicks.com/images/players/NCAAFB/Randy_Pittman_NCAAFB_player_wsLzCgykIBoIcZs4Epml4Kdb-450.webp,https://static.prizepicks.com/images/players/NCAAFB/Randy_Pittman_NCAAFB_player_wsLzCgykIBoIcZs4Epml4Kdb-450.webp,57.81,57.81,50,50,28.93,28.93,53.6,53.6,50,50,0,50,Over,28.94,-80.56,2.2,No,,,,,,
N/A,9/26/2026,Kendrick Raphael,Rush Yards,99.5,demon,https://static.prizepicks.com/images/players/NCAAFB/Kendrick_Raphael_NCAAFB_player_D8F77sSLk1nCJ3AicdqxJUaQ-450.webp,https://static.prizepicks.com/images/players/NCAAFB/Kendrick_Raphael_NCAAFB_player_D8F77sSLk1nCJ3AicdqxJUaQ-450.webp,57.81,57.81,50,50,94.48,94.5,53.57,53.6,49.99,50.01,-0.01,49.99,Over,94.28,-5.22,46,No,,,,,,
N/A,9/26/2026,Kendrick Raphael,Rush Yards,91.5,standard,https://static.prizepicks.com/images/players/NCAAFB/Kendrick_Raphael_NCAAFB_player_D8F77sSLk1nCJ3AicdqxJUaQ-450.webp,https://static.prizepicks.com/images/players/NCAAFB/Kendrick_Raphael_NCAAFB_player_D8F77sSLk1nCJ3AicdqxJUaQ-450.webp,57.81,57.81,50,50,94.48,94.5,53.57,53.6,49.99,50.01,-0.01,50.01,Under,94.28,2.78,47.62,No,,,,,,
N/A,9/26/2026,Kendrick Raphael,Rush Yards,84.5,goblin,https://static.prizepicks.com/images/players/NCAAFB/Kendrick_Raphael_NCAAFB_player_D8F77sSLk1nCJ3AicdqxJUaQ-450.webp,https://static.prizepicks.com/images/players/NCAAFB/Kendrick_Raphael_NCAAFB_player_D8F77sSLk1nCJ3AicdqxJUaQ-450.webp,57.81,57.81,50,50,94.48,94.5,53.57,53.6,49.99,50.01,-0.01,49.99,Over,94.28,9.78,57.91,Yes,,,,,,
N/A,9/26/2026,Kevin Jennings,Rush Yards,79.5,demon,https://static.prizepicks.com/images/players/NCAAFB/Kevin_Jennings_NCAAFB_player_gCewmJaigUjMrpTeRYzivJUe-450.webp,https://static.prizepicks.com/images/players/NCAAFB/Kevin_Jennings_NCAAFB_player_gCewmJaigUjMrpTeRYzivJUe-450.webp,57.81,57.81,50,50,18.11,18.5,52.83,53.49,49.69,50.31,-0.31,49.69,Over,18.56,-60.94,10.98,No,,,,,,
N/A,9/26/2026,Yamir Knight,Receiving Yards,69.5,demon,https://static.prizepicks.com/images/players/NCAAFB/Yamir_Knight_NCAAFB_player_eW15yWKzh99aRzpwMl1WzXBb-450.webp,https://static.prizepicks.com/images/players/NCAAFB/Yamir_Knight_NCAAFB_player_eW15yWKzh99aRzpwMl1WzXBb-450.webp,57.81,57.81,50,50,49.4,49.3,53.81,53.6,50.1,49.9,0.1,50.1,Over,49.19,-20.31,30.77,No,,,,,,
N/A,9/26/2026,Yannick Smith,Receiving Yards,69.5,demon,https://static.prizepicks.com/images/players/NCAAFB/Yannick_Smith_NCAAFB_player_EPzOCD8lQQzZ9uWhEY7RkZH-450.webp,https://static.prizepicks.com/images/players/NCAAFB/Yannick_Smith_NCAAFB_player_EPzOCD8lQQzZ9uWhEY7RkZH-450.webp,57.81,57.81,50,50,52.42,52.36,53.77,53.63,50.06,49.94,0.06,50.06,Over,52.23,-17.27,33.47,No,,,,,,
N/A,9/26/2026,Kendrick Raphael,Rush Yards,59.5,goblin,https://static.prizepicks.com/images/players/NCAAFB/Kendrick_Raphael_NCAAFB_player_D8F77sSLk1nCJ3AicdqxJUaQ-450.webp,https://static.prizepicks.com/images/players/NCAAFB/Kendrick_Raphael_NCAAFB_player_D8F77sSLk1nCJ3AicdqxJUaQ-450.webp,57.81,57.81,50,50,94.48,94.5,53.57,53.6,49.99,50.01,-0.01,49.99,Over,94.28,34.78,75.79,Yes,,,,,,
N/A,9/26/2026,Yannick Smith,Receiving Yards,59.5,demon,https://static.prizepicks.com/images/players/NCAAFB/Yannick_Smith_NCAAFB_player_EPzOCD8lQQzZ9uWhEY7RkZH-450.webp,https://static.prizepicks.com/images/players/NCAAFB/Yannick_Smith_NCAAFB_player_EPzOCD8lQQzZ9uWhEY7RkZH-450.webp,57.81,57.81,50,50,52.42,52.36,53.77,53.63,50.06,49.94,0.06,50.06,Over,52.23,-7.27,42.98,No,,,,,,
N/A,9/26/2026,Yamir Knight,Receiving Yards,59.5,demon,https://static.prizepicks.com/images/players/NCAAFB/Yamir_Knight_NCAAFB_player_eW15yWKzh99aRzpwMl1WzXBb-450.webp,https://static.prizepicks.com/images/players/NCAAFB/Yamir_Knight_NCAAFB_player_eW15yWKzh99aRzpwMl1WzXBb-450.webp,57.81,57.81,50,50,49.4,49.3,53.81,53.6,50.1,49.9,0.1,50.1,Over,49.19,-10.31,40.03,No,,,,,,
N/A,9/26/2026,Yannick Smith,Receiving Yards,53.5,standard,https://static.prizepicks.com/images/players/NCAAFB/Yannick_Smith_NCAAFB_player_EPzOCD8lQQzZ9uWhEY7RkZH-450.webp,https://static.prizepicks.com/images/players/NCAAFB/Yannick_Smith_NCAAFB_player_EPzOCD8lQQzZ9uWhEY7RkZH-450.webp,57.81,57.81,50,50,52.42,52.36,53.77,53.63,50.06,49.94,0.06,50.06,Over,52.23,-1.27,48.92,No,,,,,,
N/A,9/26/2026,Kendrick Raphael,Rush Yards,49.5,goblin,https://static.prizepicks.com/images/players/NCAAFB/Kendrick_Raphael_NCAAFB_player_D8F77sSLk1nCJ3AicdqxJUaQ-450.webp,https://static.prizepicks.com/images/players/NCAAFB/Kendrick_Raphael_NCAAFB_player_D8F77sSLk1nCJ3AicdqxJUaQ-450.webp,57.81,57.81,50,50,94.48,94.5,53.57,53.6,49.99,50.01,-0.01,49.99,Over,94.28,44.78,81.58,Yes,,,,,,
N/A,9/26/2026,Randy Pittman Jr.,Receiving Yards,49.5,demon,https://static.prizepicks.com/images/players/NCAAFB/Randy_Pittman_NCAAFB_player_wsLzCgykIBoIcZs4Epml4Kdb-450.webp,https://static.prizepicks.com/images/players/NCAAFB/Randy_Pittman_NCAAFB_player_wsLzCgykIBoIcZs4Epml4Kdb-450.webp,57.81,57.81,50,50,28.93,28.93,53.6,53.6,50,50,0,50,Over,28.94,-20.56,30.35,No,,,,,,
N/A,9/26/2026,Yamir Knight,Receiving Yards,49.5,standard,https://static.prizepicks.com/images/players/NCAAFB/Yamir_Knight_NCAAFB_player_eW15yWKzh99aRzpwMl1WzXBb-450.webp,https://static.prizepicks.com/images/players/NCAAFB/Yamir_Knight_NCAAFB_player_eW15yWKzh99aRzpwMl1WzXBb-450.webp,57.81,57.81,50,50,49.4,49.3,53.81,53.6,50.1,49.9,0.1,50.1,Over,49.19,-0.31,49.9,No,,,,,,
N/A,9/26/2026,Kevin Jennings,Longest Completion,44.5,standard,https://static.prizepicks.com/images/players/NCAAFB/Kevin_Jennings_NCAAFB_player_gCewmJaigUjMrpTeRYzivJUe-450.webp,https://static.prizepicks.com/images/players/NCAAFB/Kevin_Jennings_NCAAFB_player_gCewmJaigUjMrpTeRYzivJUe-450.webp,57.81,57.81,50,50,44.5,,,,,,,,,,,50,,,,,,,
N/A,9/26/2026,Yannick Smith,Receiving Yards,43.5,goblin,https://static.prizepicks.com/images/players/NCAAFB/Yannick_Smith_NCAAFB_player_EPzOCD8lQQzZ9uWhEY7RkZH-450.webp,https://static.prizepicks.com/images/players/NCAAFB/Yannick_Smith_NCAAFB_player_EPzOCD8lQQzZ9uWhEY7RkZH-450.webp,57.81,57.81,50,50,52.42,52.36,53.77,53.63,50.06,49.94,0.06,50.06,Over,52.23,8.73,58.82,Yes,,,,,,
N/A,9/26/2026,Yamir Knight,Receiving Yards,39.5,goblin,https://static.prizepicks.com/images/players/NCAAFB/Yamir_Knight_NCAAFB_player_eW15yWKzh99aRzpwMl1WzXBb-450.webp,https://static.prizepicks.com/images/players/NCAAFB/Yamir_Knight_NCAAFB_player_eW15yWKzh99aRzpwMl1WzXBb-450.webp,57.81,57.81,50,50,49.4,49.3,53.81,53.6,50.1,49.9,0.1,50.1,Over,49.19,9.69,59.77,Yes,,,,,,
N/A,9/26/2026,Yannick Smith,Receiving Yards,39.5,goblin,https://static.prizepicks.com/images/players/NCAAFB/Yannick_Smith_NCAAFB_player_EPzOCD8lQQzZ9uWhEY7RkZH-450.webp,https://static.prizepicks.com/images/players/NCAAFB/Yannick_Smith_NCAAFB_player_EPzOCD8lQQzZ9uWhEY7RkZH-450.webp,57.81,57.81,50,50,52.42,52.36,53.77,53.63,50.06,49.94,0.06,50.06,Over,52.23,12.73,62.67,Yes,,,,,,
N/A,9/26/2026,Randy Pittman Jr.,Receiving Yards,39.5,demon,https://static.prizepicks.com/images/players/NCAAFB/Randy_Pittman_NCAAFB_player_wsLzCgykIBoIcZs4Epml4Kdb-450.webp,https://static.prizepicks.com/images/players/NCAAFB/Randy_Pittman_NCAAFB_player_wsLzCgykIBoIcZs4Epml4Kdb-450.webp,57.81,57.81,50,50,28.93,28.93,53.6,53.6,50,50,0,50,Over,28.94,-10.56,39.58,No,,,,,,
N/A,9/26/2026,Skyler Locklear,Longest Completion,34.5,standard,https://static.prizepicks.com/images/players/NCAAFB/Skyler_Locklear_NCAAFB_player_wbt4Z9y5hX2scR6Fiqgqw9kH-450.webp,https://static.prizepicks.com/images/players/NCAAFB/Skyler_Locklear_NCAAFB_player_wbt4Z9y5hX2scR6Fiqgqw9kH-450.webp,57.81,57.81,50,50,34.5,,,,,,,,,,,50,,,,,,,
N/A,9/26/2026,Yamir Knight,Receiving Yards,29.5,goblin,https://static.prizepicks.com/images/players/NCAAFB/Yamir_Knight_NCAAFB_player_eW15yWKzh99aRzpwMl1WzXBb-450.webp,https://static.prizepicks.com/images/players/NCAAFB/Yamir_Knight_NCAAFB_player_eW15yWKzh99aRzpwMl1WzXBb-450.webp,57.81,57.81,50,50,49.4,49.3,53.81,53.6,50.1,49.9,0.1,50.1,Over,49.19,19.69,69.06,Yes,,,,,,
N/A,9/26/2026,Randy Pittman Jr.,Receiving Yards,29.5,standard,https://static.prizepicks.com/images/players/NCAAFB/Randy_Pittman_NCAAFB_player_wsLzCgykIBoIcZs4Epml4Kdb-450.webp,https://static.prizepicks.com/images/players/NCAAFB/Randy_Pittman_NCAAFB_player_wsLzCgykIBoIcZs4Epml4Kdb-450.webp,57.81,57.81,50,50,28.93,28.93,53.6,53.6,50,50,0,50,Under,28.94,-0.56,50.57,Yes,,,,,,
N/A,9/26/2026,Kevin Jennings,Rush Yards,29.5,demon,https://static.prizepicks.com/images/players/NCAAFB/Kevin_Jennings_NCAAFB_player_gCewmJaigUjMrpTeRYzivJUe-450.webp,https://static.prizepicks.com/images/players/NCAAFB/Kevin_Jennings_NCAAFB_player_gCewmJaigUjMrpTeRYzivJUe-450.webp,57.81,57.81,50,50,18.11,18.5,52.83,53.49,49.69,50.31,-0.31,49.69,Over,18.56,-10.94,40.99,No,,,,,,
N/A,9/26/2026,Kevin Jennings,Rush Yards,28.5,demon,https://static.prizepicks.com/images/players/NCAAFB/Kevin_Jennings_NCAAFB_player_gCewmJaigUjMrpTeRYzivJUe-450.webp,https://static.prizepicks.com/images/players/NCAAFB/Kevin_Jennings_NCAAFB_player_gCewmJaigUjMrpTeRYzivJUe-450.webp,57.81,57.81,50,50,18.11,18.5,52.83,53.49,49.69,50.31,-0.31,49.69,Over,18.56,-9.94,41.77,No,,,,,,
N/A,9/26/2026,Randy Pittman Jr.,Receiving Yards,24.5,goblin,https://static.prizepicks.com/images/players/NCAAFB/Randy_Pittman_NCAAFB_player_wsLzCgykIBoIcZs4Epml4Kdb-450.webp,https://static.prizepicks.com/images/players/NCAAFB/Randy_Pittman_NCAAFB_player_wsLzCgykIBoIcZs4Epml4Kdb-450.webp,57.81,57.81,50,50,28.93,28.93,53.6,53.6,50,50,0,50,Over,28.94,4.44,54.41,Yes,,,,,,
N/A,9/26/2026,Yannick Smith,Receiving Yards,24.5,goblin,https://static.prizepicks.com/images/players/NCAAFB/Yannick_Smith_NCAAFB_player_EPzOCD8lQQzZ9uWhEY7RkZH-450.webp,https://static.prizepicks.com/images/players/NCAAFB/Yannick_Smith_NCAAFB_player_EPzOCD8lQQzZ9uWhEY7RkZH-450.webp,57.81,57.81,50,50,52.42,52.36,53.77,53.63,50.06,49.94,0.06,50.06,Over,52.23,27.73,75.74,Yes,,,,,,
N/A,9/26/2026,Kendrick Raphael,Longest Rush,23.5,standard,https://static.prizepicks.com/images/players/NCAAFB/Kendrick_Raphael_NCAAFB_player_D8F77sSLk1nCJ3AicdqxJUaQ-450.webp,https://static.prizepicks.com/images/players/NCAAFB/Kendrick_Raphael_NCAAFB_player_D8F77sSLk1nCJ3AicdqxJUaQ-450.webp,57.81,57.81,50,50,23.5,,,,,,,,,,,50,,,,,,,
N/A,9/26/2026,Randy Pittman Jr.,Receiving Yards,19.5,goblin,https://static.prizepicks.com/images/players/NCAAFB/Randy_Pittman_NCAAFB_player_wsLzCgykIBoIcZs4Epml4Kdb-450.webp,https://static.prizepicks.com/images/players/NCAAFB/Randy_Pittman_NCAAFB_player_wsLzCgykIBoIcZs4Epml4Kdb-450.webp,57.81,57.81,50,50,28.93,28.93,53.6,53.6,50,50,0,50,Over,28.94,9.44,59.32,Yes,,,,,,
N/A,9/26/2026,Kevin Jennings,Rush Yards,19.5,goblin,https://static.prizepicks.com/images/players/NCAAFB/Kevin_Jennings_NCAAFB_player_gCewmJaigUjMrpTeRYzivJUe-450.webp,https://static.prizepicks.com/images/players/NCAAFB/Kevin_Jennings_NCAAFB_player_gCewmJaigUjMrpTeRYzivJUe-450.webp,57.81,57.81,50,50,18.11,18.5,52.83,53.49,49.69,50.31,-0.31,49.69,Over,18.56,-0.94,48.89,No,,,,,,
N/A,9/26/2026,Yamir Knight,Receiving Yards,19.5,goblin,https://static.prizepicks.com/images/players/NCAAFB/Yamir_Knight_NCAAFB_player_eW15yWKzh99aRzpwMl1WzXBb-450.webp,https://static.prizepicks.com/images/players/NCAAFB/Yamir_Knight_NCAAFB_player_eW15yWKzh99aRzpwMl1WzXBb-450.webp,57.81,57.81,50,50,49.4,49.3,53.81,53.6,50.1,49.9,0.1,50.1,Over,49.19,29.69,77.26,Yes,,,,,,
N/A,9/26/2026,Kevin Jennings,Rush Yards,18.5,standard,https://static.prizepicks.com/images/players/NCAAFB/Kevin_Jennings_NCAAFB_player_gCewmJaigUjMrpTeRYzivJUe-450.webp,https://static.prizepicks.com/images/players/NCAAFB/Kevin_Jennings_NCAAFB_player_gCewmJaigUjMrpTeRYzivJUe-450.webp,57.81,57.81,50,50,18.11,18.5,52.83,53.49,49.69,50.31,-0.31,50.31,Under,18.56,0.06,50.31,No,,,,,,
N/A,9/26/2026,Skyler Locklear,Longest Rush,10.5,goblin,https://static.prizepicks.com/images/players/NCAAFB/Skyler_Locklear_NCAAFB_player_wbt4Z9y5hX2scR6Fiqgqw9kH-450.webp,https://static.prizepicks.com/images/players/NCAAFB/Skyler_Locklear_NCAAFB_player_wbt4Z9y5hX2scR6Fiqgqw9kH-450.webp,57.81,57.81,50,50,10.5,,,,,,,,,,,50,,,,,,,
N/A,9/26/2026,Randy Pittman Jr.,Receiving Yards,9.5,goblin,https://static.prizepicks.com/images/players/NCAAFB/Randy_Pittman_NCAAFB_player_wsLzCgykIBoIcZs4Epml4Kdb-450.webp,https://static.prizepicks.com/images/players/NCAAFB/Randy_Pittman_NCAAFB_player_wsLzCgykIBoIcZs4Epml4Kdb-450.webp,57.81,57.81,50,50,28.93,28.93,53.6,53.6,50,50,0,50,Over,28.94,19.44,68.64,Yes,,,,,,
N/A,9/26/2026,Kevin Jennings,Longest Rush,8.5,standard,https://static.prizepicks.com/images/players/NCAAFB/Kevin_Jennings_NCAAFB_player_gCewmJaigUjMrpTeRYzivJUe-450.webp,https://static.prizepicks.com/images/players/NCAAFB/Kevin_Jennings_NCAAFB_player_gCewmJaigUjMrpTeRYzivJUe-450.webp,57.81,57.81,50,50,8.5,,,,,,,,,,,50,,,,,,,
N/A,9/26/2026,Kevin Jennings,Pass TDs,4.5,demon,https://static.prizepicks.com/images/players/NCAAFB/Kevin_Jennings_NCAAFB_player_gCewmJaigUjMrpTeRYzivJUe-450.webp,https://static.prizepicks.com/images/players/NCAAFB/Kevin_Jennings_NCAAFB_player_gCewmJaigUjMrpTeRYzivJUe-450.webp,57.81,57.81,50,50,2.56,2.5,54.76,52.4,51.11,48.89,1.11,51.11,Over,2.52,-1.98,11.7,No,,,,,,
N/A,9/26/2026,Kevin Jennings,Pass TDs,3.5,demon,https://static.prizepicks.com/images/players/NCAAFB/Kevin_Jennings_NCAAFB_player_gCewmJaigUjMrpTeRYzivJUe-450.webp,https://static.prizepicks.com/images/players/NCAAFB/Kevin_Jennings_NCAAFB_player_gCewmJaigUjMrpTeRYzivJUe-450.webp,57.81,57.81,50,50,2.56,2.5,54.76,52.4,51.11,48.89,1.11,51.11,Over,2.52,-0.98,25.53,No,,,,,,
N/A,9/26/2026,Yousef Obeid,Kicking Points,3.5,standard,https://static.prizepicks.com/images/players/NCAAFB/Yousef_Obeid_NCAAFB_player_NBLPghSFasK0NcrLjSAgIJe-450.webp,https://static.prizepicks.com/images/players/NCAAFB/Yousef_Obeid_NCAAFB_player_NBLPghSFasK0NcrLjSAgIJe-450.webp,57.81,57.81,50,50,3.5,,,,,,,,,,,50,,,,,,,
N/A,9/26/2026,Kendrick Raphael,Anytime TDs,2.5,demon,https://static.prizepicks.com/images/players/NCAAFB/Kendrick_Raphael_NCAAFB_player_D8F77sSLk1nCJ3AicdqxJUaQ-450.webp,https://static.prizepicks.com/images/players/NCAAFB/Kendrick_Raphael_NCAAFB_player_D8F77sSLk1nCJ3AicdqxJUaQ-450.webp,57.81,57.81,50,50,0.76,0.5,81.76,26.01,75.87,24.13,25.87,75.87,Over,0.83,-1.67,4.18,No,,,,,,
N/A,9/26/2026,Yamir Knight,Anytime TDs,2.5,demon,https://static.prizepicks.com/images/players/NCAAFB/Yamir_Knight_NCAAFB_player_eW15yWKzh99aRzpwMl1WzXBb-450.webp,https://static.prizepicks.com/images/players/NCAAFB/Yamir_Knight_NCAAFB_player_eW15yWKzh99aRzpwMl1WzXBb-450.webp,57.81,57.81,50,50,0.51,0.5,55.4,53.91,50.76,49.24,0.76,50.76,Over,0.54,-1.96,1.52,No,,,,,,
N/A,9/26/2026,Skyler Locklear,Pass TDs,2.5,demon,https://static.prizepicks.com/images/players/NCAAFB/Skyler_Locklear_NCAAFB_player_wbt4Z9y5hX2scR6Fiqgqw9kH-450.webp,https://static.prizepicks.com/images/players/NCAAFB/Skyler_Locklear_NCAAFB_player_wbt4Z9y5hX2scR6Fiqgqw9kH-450.webp,57.81,57.81,50,50,0.53,0.5,56.78,50.29,53.04,46.96,3.04,53.04,Over,0.52,-1.98,1.68,No,,,,,,
N/A,9/26/2026,Dramekco Green,Anytime TDs,2.5,demon,https://static.prizepicks.com/images/players/NCAAFB/Dramekco_Green_NCAAFB_player_n7MFJVWqc4g9ySKRdlxLBr7p-450.webp,https://static.prizepicks.com/images/players/NCAAFB/Dramekco_Green_NCAAFB_player_n7MFJVWqc4g9ySKRdlxLBr7p-450.webp,57.81,57.81,50,50,0.56,0.5,60.83,47.98,55.93,44.07,5.93,55.93,Over,0.50,-2,1.93,No,,,,,,
N/A,9/26/2026,Kevin Jennings,Pass TDs,2.5,standard,https://static.prizepicks.com/images/players/NCAAFB/Kevin_Jennings_NCAAFB_player_gCewmJaigUjMrpTeRYzivJUe-450.webp,https://static.prizepicks.com/images/players/NCAAFB/Kevin_Jennings_NCAAFB_player_gCewmJaigUjMrpTeRYzivJUe-450.webp,57.81,57.81,50,50,2.56,2.5,54.76,52.4,51.11,48.89,1.11,51.11,Over,2.52,0.02,47.15,Yes,,,,,,
N/A,9/26/2026,Derrick McFall,Anytime TDs,1.5,demon,https://static.prizepicks.com/images/players/NCAAFB/Derrick_McFall_NCAAFB_player_EyIu2zLDi6omZGFr2pSMAgqm-450.webp,https://static.prizepicks.com/images/players/NCAAFB/Derrick_McFall_NCAAFB_player_EyIu2zLDi6omZGFr2pSMAgqm-450.webp,57.81,57.81,50,50,0.49,0.5,53.98,55.56,49.41,50.59,-0.59,49.41,Over,0.50,-1,8.72,No,,,,,,
N/A,9/26/2026,Kendrick Raphael,Anytime TDs,1.5,demon,https://static.prizepicks.com/images/players/NCAAFB/Kendrick_Raphael_NCAAFB_player_D8F77sSLk1nCJ3AicdqxJUaQ-450.webp,https://static.prizepicks.com/images/players/NCAAFB/Kendrick_Raphael_NCAAFB_player_D8F77sSLk1nCJ3AicdqxJUaQ-450.webp,57.81,57.81,50,50,0.76,0.5,81.76,26.01,75.87,24.13,25.87,75.87,Over,0.83,-0.67,17.69,No,,,,,,
N/A,9/26/2026,Kevin Jennings,Anytime TDs,1.5,demon,https://static.prizepicks.com/images/players/NCAAFB/Kevin_Jennings_NCAAFB_player_gCewmJaigUjMrpTeRYzivJUe-450.webp,https://static.prizepicks.com/images/players/NCAAFB/Kevin_Jennings_NCAAFB_player_gCewmJaigUjMrpTeRYzivJUe-450.webp,57.81,57.81,50,50,0.41,0.5,45.68,64.66,41.5,58.5,-8.5,41.5,Over,0.50,-1,6.43,No,,,,,,
N/A,9/26/2026,Randy Pittman Jr.,Anytime TDs,1.5,demon,https://static.prizepicks.com/images/players/NCAAFB/Randy_Pittman_NCAAFB_player_wsLzCgykIBoIcZs4Epml4Kdb-450.webp,https://static.prizepicks.com/images/players/NCAAFB/Randy_Pittman_NCAAFB_player_wsLzCgykIBoIcZs4Epml4Kdb-450.webp,57.81,57.81,50,50,0.46,0.5,50.72,58.98,46.3,53.7,-3.7,46.3,Over,0.50,-1,7.83,No,,,,,,
N/A,9/26/2026,Yamir Knight,Anytime TDs,1.5,demon,https://static.prizepicks.com/images/players/NCAAFB/Yamir_Knight_NCAAFB_player_eW15yWKzh99aRzpwMl1WzXBb-450.webp,https://static.prizepicks.com/images/players/NCAAFB/Yamir_Knight_NCAAFB_player_eW15yWKzh99aRzpwMl1WzXBb-450.webp,57.81,57.81,50,50,0.51,0.5,55.4,53.91,50.76,49.24,0.76,50.76,Over,0.54,-0.96,9.33,No,,,,,,
N/A,9/26/2026,Kendrick Raphael,Rush TDs,1.5,demon,https://static.prizepicks.com/images/players/NCAAFB/Kendrick_Raphael_NCAAFB_player_D8F77sSLk1nCJ3AicdqxJUaQ-450.webp,https://static.prizepicks.com/images/players/NCAAFB/Kendrick_Raphael_NCAAFB_player_D8F77sSLk1nCJ3AicdqxJUaQ-450.webp,57.81,57.81,50,50,1.5,,,,,,,,,0.93,-0.57,44.22,,,,,,,
N/A,9/26/2026,Kevin Jennings,Pass TDs,1.5,goblin,https://static.prizepicks.com/images/players/NCAAFB/Kevin_Jennings_NCAAFB_player_gCewmJaigUjMrpTeRYzivJUe-450.webp,https://static.prizepicks.com/images/players/NCAAFB/Kevin_Jennings_NCAAFB_player_gCewmJaigUjMrpTeRYzivJUe-450.webp,57.81,57.81,50,50,2.56,2.5,54.76,52.4,51.11,48.89,1.11,51.11,Over,2.52,1.02,72.48,Yes,,,,,,
N/A,9/26/2026,Skyler Locklear,Pass TDs,1.5,demon,https://static.prizepicks.com/images/players/NCAAFB/Skyler_Locklear_NCAAFB_player_wbt4Z9y5hX2scR6Fiqgqw9kH-450.webp,https://static.prizepicks.com/images/players/NCAAFB/Skyler_Locklear_NCAAFB_player_wbt4Z9y5hX2scR6Fiqgqw9kH-450.webp,57.81,57.81,50,50,0.53,0.5,56.78,50.29,53.04,46.96,3.04,53.04,Over,0.52,-0.98,9.94,No,,,,,,
N/A,9/26/2026,Yousef Obeid,PAT Made,1.5,demon,https://static.prizepicks.com/images/players/NCAAFB/Yousef_Obeid_NCAAFB_player_NBLPghSFasK0NcrLjSAgIJe-450.webp,https://static.prizepicks.com/images/players/NCAAFB/Yousef_Obeid_NCAAFB_player_NBLPghSFasK0NcrLjSAgIJe-450.webp,57.81,57.81,50,50,1.5,,,,,,,,,,,50,,,,,,,
N/A,9/26/2026,Jalen Cooper,Anytime TDs,1.5,demon,https://static.prizepicks.com/images/players/NCAAFB/Jalen_Cooper_NCAAFB_player_g62NIYCm8ucfruiNunQVNXuK-450.webp,https://static.prizepicks.com/images/players/NCAAFB/Jalen_Cooper_NCAAFB_player_g62NIYCm8ucfruiNunQVNXuK-450.webp,57.81,57.81,50,50,0.43,0.5,47.38,62.8,43.13,56.87,-6.87,43.13,Over,0.50,-1,6.98,No,,,,,,
N/A,9/26/2026,Dramekco Green,Anytime TDs,1.5,demon,https://static.prizepicks.com/images/players/NCAAFB/Dramekco_Green_NCAAFB_player_n7MFJVWqc4g9ySKRdlxLBr7p-450.webp,https://static.prizepicks.com/images/players/NCAAFB/Dramekco_Green_NCAAFB_player_n7MFJVWqc4g9ySKRdlxLBr7p-450.webp,57.81,57.81,50,50,0.56,0.5,60.83,47.98,55.93,44.07,5.93,55.93,Over,0.50,-1,10.89,No,,,,,,
N/A,9/26/2026,Theo Melin Ohrstrom,Anytime TDs,1.5,demon,https://static.prizepicks.com/images/teams/ncaafb/NCAAFB_team_2gR7ZptthJS7wuV5Olgb5VNO/18.webp,https://static.prizepicks.com/images/teams/ncaafb/NCAAFB_team_2gR7ZptthJS7wuV5Olgb5VNO/18.webp,57.81,57.81,50,50,0.39,0.5,42.81,68.12,38.77,61.23,-11.23,38.77,Over,0.50,-1,5.89,No,,,,,,
N/A,9/26/2026,Yannick Smith,Anytime TDs,1.5,demon,https://static.prizepicks.com/images/players/NCAAFB/Yannick_Smith_NCAAFB_player_EPzOCD8lQQzZ9uWhEY7RkZH-450.webp,https://static.prizepicks.com/images/players/NCAAFB/Yannick_Smith_NCAAFB_player_EPzOCD8lQQzZ9uWhEY7RkZH-450.webp,57.81,57.81,50,50,0.48,0.5,52.74,56.78,48.23,51.77,-1.77,48.23,Over,0.46,-1.04,8.42,No,,,,,,
N/A,9/26/2026,Jalen Hale,Anytime TDs,1.5,demon,https://static.prizepicks.com/images/players/NCAAFB/Jalen_Hale_NCAAFB_player_pPqxs6dHzrtjIX75JdL0EG3y-450.webp,https://static.prizepicks.com/images/players/NCAAFB/Jalen_Hale_NCAAFB_player_pPqxs6dHzrtjIX75JdL0EG3y-450.webp,57.81,57.81,50,50,0.32,0.5,35.89,75.93,32.18,67.82,-17.82,32.18,Over,0.33,-1.17,4.15,No,,,,,,
N/A,9/26/2026,Ramone Green Jr.,Anytime TDs,1.5,demon,https://static.prizepicks.com/images/players/NCAAFB/Ramone_Green_NCAAFB_player_KXJRSli8tZobB0O66KA3xYOt-450.webp,https://static.prizepicks.com/images/players/NCAAFB/Ramone_Green_NCAAFB_player_KXJRSli8tZobB0O66KA3xYOt-450.webp,57.81,57.81,50,50,0.37,0.5,40.59,70.54,36.66,63.34,-13.34,36.66,Over,0.50,-1,5.37,No,,,,,,
N/A,9/26/2026,Breezy Dubar,Anytime TDs,1.5,demon,https://static.prizepicks.com/images/teams/ncaafb/NCAAFB_team_mEyW9LXkr6Y4vlL55TvVRyx8/1.webp,https://static.prizepicks.com/images/teams/ncaafb/NCAAFB_team_mEyW9LXkr6Y4vlL55TvVRyx8/1.webp,57.81,57.81,50,50,0.25,0.5,27.57,85.93,24.38,75.62,-25.62,24.38,Over,0.34,-1.16,2.65,No,,,,,,
N/A,9/26/2026,Carterrious Brown,Anytime TDs,0.5,demon,https://static.prizepicks.com/images/players/NCAAFB/Carterrious_Brown_NCAAFB_player_fcIQfNTYOdMrkT9t3js6G7iz-450.webp,https://static.prizepicks.com/images/players/NCAAFB/Carterrious_Brown_NCAAFB_player_fcIQfNTYOdMrkT9t3js6G7iz-450.webp,57.81,57.81,50,50,0.15,0.5,16.94,97.63,14.78,85.22,-35.22,14.78,Over,0.28,-0.22,13.93,No,,,,,,
N/A,9/26/2026,Connor Lair,Anytime TDs,0.5,demon,https://static.prizepicks.com/images/players/NCAAFB/Connor_Lair_NCAAFB_player_D6OKh4r0mi7wJYdchwRjUkXm-450.webp,https://static.prizepicks.com/images/players/NCAAFB/Connor_Lair_NCAAFB_player_D6OKh4r0mi7wJYdchwRjUkXm-450.webp,57.81,57.81,50,50,0.14,0.5,16.18,96.48,14.31,85.7,-35.69,14.31,Over,0.32,-0.18,13.06,No,,,,,,
N/A,9/26/2026,Dramekco Green,Anytime TDs,0.5,goblin,https://static.prizepicks.com/images/players/NCAAFB/Dramekco_Green_NCAAFB_player_n7MFJVWqc4g9ySKRdlxLBr7p-450.webp,https://static.prizepicks.com/images/players/NCAAFB/Dramekco_Green_NCAAFB_player_n7MFJVWqc4g9ySKRdlxLBr7p-450.webp,57.81,57.81,50,50,0.56,0.5,60.83,47.98,55.93,44.07,5.93,55.93,Over,0.50,0,42.88,No,,,,,,
N/A,9/26/2026,Isaiah Myers,Anytime TDs,0.5,demon,https://static.prizepicks.com/images/players/NCAAFB/Isaiah_Myers_NCAAFB_player_p2UBd6RzSrszIlCEMANG64SU-450.webp,https://static.prizepicks.com/images/players/NCAAFB/Isaiah_Myers_NCAAFB_player_p2UBd6RzSrszIlCEMANG64SU-450.webp,57.81,57.81,50,50,0.29,0.5,32.31,81.16,28.77,71.23,-21.23,28.77,Over,0.31,-0.19,25.17,No,,,,,,
N/A,9/26/2026,Jalen Cooper,Anytime TDs,0.5,demon,https://static.prizepicks.com/images/players/NCAAFB/Jalen_Cooper_NCAAFB_player_g62NIYCm8ucfruiNunQVNXuK-450.webp,https://static.prizepicks.com/images/players/NCAAFB/Jalen_Cooper_NCAAFB_player_g62NIYCm8ucfruiNunQVNXuK-450.webp,57.81,57.81,50,50,0.43,0.5,47.38,62.8,43.13,56.87,-6.87,43.13,Over,0.50,0,34.95,No,,,,,,
N/A,9/26/2026,Jalen Hale,Anytime TDs,0.5,demon,https://static.prizepicks.com/images/players/NCAAFB/Jalen_Hale_NCAAFB_player_pPqxs6dHzrtjIX75JdL0EG3y-450.webp,https://static.prizepicks.com/images/players/NCAAFB/Jalen_Hale_NCAAFB_player_pPqxs6dHzrtjIX75JdL0EG3y-450.webp,57.81,57.81,50,50,0.32,0.5,35.89,75.93,32.18,67.82,-17.82,32.18,Over,0.33,-0.17,27.39,No,,,,,,
N/A,9/26/2026,Jmariyae Robinson,Anytime TDs,0.5,demon,https://static.prizepicks.com/images/players/NCAAFB/Jmariyae_Robinson_NCAAFB_player_3OlkEsOatPA8C0KKwbhLF0y2-450.webp,https://static.prizepicks.com/images/players/NCAAFB/Jmariyae_Robinson_NCAAFB_player_3OlkEsOatPA8C0KKwbhLF0y2-450.webp,57.81,57.81,50,50,0.28,0.5,30.88,82.6,27.5,72.5,-22.5,27.5,Over,0.50,0,24.42,No,,,,,,
N/A,9/26/2026,Mekhi Miller,Anytime TDs,0.5,demon,https://static.prizepicks.com/images/players/NCAAFB/Mekhi_Miller_NCAAFB_player_i9c0ColFAIuldq6eJgVXxBPU-450.webp,https://static.prizepicks.com/images/players/NCAAFB/Mekhi_Miller_NCAAFB_player_i9c0ColFAIuldq6eJgVXxBPU-450.webp,57.81,57.81,50,50,0.11,0.5,11.43,97.03,10.48,89.52,-39.52,10.48,Over,0.29,-0.21,10.42,No,,,,,,
N/A,9/26/2026,Ramone Green Jr.,Anytime TDs,0.5,demon,https://static.prizepicks.com/images/players/NCAAFB/Ramone_Green_NCAAFB_player_KXJRSli8tZobB0O66KA3xYOt-450.webp,https://static.prizepicks.com/images/players/NCAAFB/Ramone_Green_NCAAFB_player_KXJRSli8tZobB0O66KA3xYOt-450.webp,57.81,57.81,50,50,0.37,0.5,40.59,70.54,36.66,63.34,-13.34,36.66,Over,0.50,0,30.93,No,,,,,,
N/A,9/26/2026,Skyler Locklear,Anytime TDs,0.5,demon,https://static.prizepicks.com/images/players/NCAAFB/Skyler_Locklear_NCAAFB_player_wbt4Z9y5hX2scR6Fiqgqw9kH-450.webp,https://static.prizepicks.com/images/players/NCAAFB/Skyler_Locklear_NCAAFB_player_wbt4Z9y5hX2scR6Fiqgqw9kH-450.webp,57.81,57.81,50,50,0.2,0.5,23.01,92.57,19.91,80.09,-30.09,19.91,Over,0.48,-0.02,18.13,No,,,,,,
N/A,9/26/2026,Theo Melin Ohrstrom,Anytime TDs,0.5,demon,https://static.prizepicks.com/images/teams/ncaafb/NCAAFB_team_2gR7ZptthJS7wuV5Olgb5VNO/18.webp,https://static.prizepicks.com/images/teams/ncaafb/NCAAFB_team_2gR7ZptthJS7wuV5Olgb5VNO/18.webp,57.81,57.81,50,50,0.39,0.5,42.81,68.12,38.77,61.23,-11.23,38.77,Over,0.50,0,32.29,No,,,,,,
N/A,9/26/2026,Yannick Smith,Anytime TDs,0.5,demon,https://static.prizepicks.com/images/players/NCAAFB/Yannick_Smith_NCAAFB_player_EPzOCD8lQQzZ9uWhEY7RkZH-450.webp,https://static.prizepicks.com/images/players/NCAAFB/Yannick_Smith_NCAAFB_player_EPzOCD8lQQzZ9uWhEY7RkZH-450.webp,57.81,57.81,50,50,0.48,0.5,52.74,56.78,48.23,51.77,-1.77,48.23,Over,0.46,-0.04,38.12,No,,,,,,
N/A,9/26/2026,Jakai Anderson,Anytime TDs,0.5,demon,https://static.prizepicks.com/images/players/NCAAFB/Jakai_Anderson_NCAAFB_player_5i0Aw60bmnoKlY9lv0c3BOTc-450.webp,https://static.prizepicks.com/images/players/NCAAFB/Jakai_Anderson_NCAAFB_player_5i0Aw60bmnoKlY9lv0c3BOTc-450.webp,57.81,57.81,50,50,0.15,0.5,17.53,97.66,15.21,84.79,-34.79,15.21,Over,0.30,-0.2,13.93,No,,,,,,
N/A,9/26/2026,Dramekco Green,Rec TDs,0.5,demon,https://static.prizepicks.com/images/players/NCAAFB/Dramekco_Green_NCAAFB_player_n7MFJVWqc4g9ySKRdlxLBr7p-450.webp,https://static.prizepicks.com/images/players/NCAAFB/Dramekco_Green_NCAAFB_player_n7MFJVWqc4g9ySKRdlxLBr7p-450.webp,57.81,57.81,50,50,0.5,,,,,,,,,0.06,-0.44,39.35,,,,,,,
N/A,9/26/2026,Isaiah Myers,Rec TDs,0.5,demon,https://static.prizepicks.com/images/players/NCAAFB/Isaiah_Myers_NCAAFB_player_p2UBd6RzSrszIlCEMANG64SU-450.webp,https://static.prizepicks.com/images/players/NCAAFB/Isaiah_Myers_NCAAFB_player_p2UBd6RzSrszIlCEMANG64SU-450.webp,57.81,57.81,50,50,0.5,,,,,,,,,0.21,-0.29,39.35,,,,,,,
N/A,9/26/2026,Jalen Cooper,Rec TDs,0.5,demon,https://static.prizepicks.com/images/players/NCAAFB/Jalen_Cooper_NCAAFB_player_g62NIYCm8ucfruiNunQVNXuK-450.webp,https://static.prizepicks.com/images/players/NCAAFB/Jalen_Cooper_NCAAFB_player_g62NIYCm8ucfruiNunQVNXuK-450.webp,57.81,57.81,50,50,0.5,,,,,,,,,0.30,-0.2,39.35,,,,,,,
N/A,9/26/2026,Jalen Hale,Rec TDs,0.5,demon,https://static.prizepicks.com/images/players/NCAAFB/Jalen_Hale_NCAAFB_player_pPqxs6dHzrtjIX75JdL0EG3y-450.webp,https://static.prizepicks.com/images/players/NCAAFB/Jalen_Hale_NCAAFB_player_pPqxs6dHzrtjIX75JdL0EG3y-450.webp,57.81,57.81,50,50,0.5,,,,,,,,,0.11,-0.39,39.35,,,,,,,
N/A,9/26/2026,Jmariyae Robinson,Rec TDs,0.5,demon,https://static.prizepicks.com/images/players/NCAAFB/Jmariyae_Robinson_NCAAFB_player_3OlkEsOatPA8C0KKwbhLF0y2-450.webp,https://static.prizepicks.com/images/players/NCAAFB/Jmariyae_Robinson_NCAAFB_player_3OlkEsOatPA8C0KKwbhLF0y2-450.webp,57.81,57.81,50,50,0.5,,,,,,,,,0.32,-0.18,39.35,,,,,,,
N/A,9/26/2026,Kendrick Raphael,Rec TDs,0.5,demon,https://static.prizepicks.com/images/players/NCAAFB/Kendrick_Raphael_NCAAFB_player_D8F77sSLk1nCJ3AicdqxJUaQ-450.webp,https://static.prizepicks.com/images/players/NCAAFB/Kendrick_Raphael_NCAAFB_player_D8F77sSLk1nCJ3AicdqxJUaQ-450.webp,57.81,57.81,50,50,0.5,,,,,,,,,0.19,-0.31,39.35,,,,,,,
N/A,9/26/2026,Kevin Jennings,INT,0.5,demon,https://static.prizepicks.com/images/players/NCAAFB/Kevin_Jennings_NCAAFB_player_gCewmJaigUjMrpTeRYzivJUe-450.webp,https://static.prizepicks.com/images/players/NCAAFB/Kevin_Jennings_NCAAFB_player_gCewmJaigUjMrpTeRYzivJUe-450.webp,57.81,57.81,50,50,0.47,0.5,40.45,68.48,37.11,62.89,-12.89,37.11,Over,0.48,-0.02,37.5,No,,,,,,
N/A,9/26/2026,Kevin Jennings,Rush TDs,0.5,demon,https://static.prizepicks.com/images/players/NCAAFB/Kevin_Jennings_NCAAFB_player_gCewmJaigUjMrpTeRYzivJUe-450.webp,https://static.prizepicks.com/images/players/NCAAFB/Kevin_Jennings_NCAAFB_player_gCewmJaigUjMrpTeRYzivJUe-450.webp,57.81,57.81,50,50,0.5,,,,,,,,,0.30,-0.2,39.35,,,,,,,
N/A,9/26/2026,Mekhi Miller,Rec TDs,0.5,demon,https://static.prizepicks.com/images/players/NCAAFB/Mekhi_Miller_NCAAFB_player_i9c0ColFAIuldq6eJgVXxBPU-450.webp,https://static.prizepicks.com/images/players/NCAAFB/Mekhi_Miller_NCAAFB_player_i9c0ColFAIuldq6eJgVXxBPU-450.webp,57.81,57.81,50,50,0.5,,,,,,,,,0.07,-0.43,39.35,,,,,,,
N/A,9/26/2026,Ramone Green Jr.,Rec TDs,0.5,demon,https://static.prizepicks.com/images/players/NCAAFB/Ramone_Green_NCAAFB_player_KXJRSli8tZobB0O66KA3xYOt-450.webp,https://static.prizepicks.com/images/players/NCAAFB/Ramone_Green_NCAAFB_player_KXJRSli8tZobB0O66KA3xYOt-450.webp,57.81,57.81,50,50,0.5,,,,,,,,,0.10,-0.4,39.35,,,,,,,
N/A,9/26/2026,Ramone Green Jr.,Rush TDs,0.5,demon,https://static.prizepicks.com/images/players/NCAAFB/Ramone_Green_NCAAFB_player_KXJRSli8tZobB0O66KA3xYOt-450.webp,https://static.prizepicks.com/images/players/NCAAFB/Ramone_Green_NCAAFB_player_KXJRSli8tZobB0O66KA3xYOt-450.webp,57.81,57.81,50,50,0.5,,,,,,,,,0.58,0.08,39.35,,,,,,,
N/A,9/26/2026,Randy Pittman Jr.,Rec TDs,0.5,demon,https://static.prizepicks.com/images/players/NCAAFB/Randy_Pittman_NCAAFB_player_wsLzCgykIBoIcZs4Epml4Kdb-450.webp,https://static.prizepicks.com/images/players/NCAAFB/Randy_Pittman_NCAAFB_player_wsLzCgykIBoIcZs4Epml4Kdb-450.webp,57.81,57.81,50,50,0.5,,,,,,,,,0.44,-0.06,39.35,,,,,,,
N/A,9/26/2026,Skyler Locklear,Pass TDs,0.5,standard,https://static.prizepicks.com/images/players/NCAAFB/Skyler_Locklear_NCAAFB_player_wbt4Z9y5hX2scR6Fiqgqw9kH-450.webp,https://static.prizepicks.com/images/players/NCAAFB/Skyler_Locklear_NCAAFB_player_wbt4Z9y5hX2scR6Fiqgqw9kH-450.webp,57.81,57.81,50,50,0.53,0.5,56.78,50.29,53.04,46.96,3.04,53.04,Over,0.52,0.02,41.14,Yes,,,,,,
N/A,9/26/2026,Theo Melin Ohrstrom,Rec TDs,0.5,demon,https://static.prizepicks.com/images/teams/ncaafb/NCAAFB_team_2gR7ZptthJS7wuV5Olgb5VNO/18.webp,https://static.prizepicks.com/images/teams/ncaafb/NCAAFB_team_2gR7ZptthJS7wuV5Olgb5VNO/18.webp,57.81,57.81,50,50,0.5,,,,,,,,,0.34,-0.16,39.35,,,,,,,
N/A,9/26/2026,Yamir Knight,Rec TDs,0.5,demon,https://static.prizepicks.com/images/players/NCAAFB/Yamir_Knight_NCAAFB_player_eW15yWKzh99aRzpwMl1WzXBb-450.webp,https://static.prizepicks.com/images/players/NCAAFB/Yamir_Knight_NCAAFB_player_eW15yWKzh99aRzpwMl1WzXBb-450.webp,57.81,57.81,50,50,0.5,,,,,,,,,0.57,0.07,39.35,,,,,,,
N/A,9/26/2026,Yannick Smith,Rec TDs,0.5,demon,https://static.prizepicks.com/images/players/NCAAFB/Yannick_Smith_NCAAFB_player_EPzOCD8lQQzZ9uWhEY7RkZH-450.webp,https://static.prizepicks.com/images/players/NCAAFB/Yannick_Smith_NCAAFB_player_EPzOCD8lQQzZ9uWhEY7RkZH-450.webp,57.81,57.81,50,50,0.5,,,,,,,,,0.29,-0.21,39.35,,,,,,,
N/A,9/26/2026,Breezy Dubar,Anytime TDs,0.5,demon,https://static.prizepicks.com/images/teams/ncaafb/NCAAFB_team_mEyW9LXkr6Y4vlL55TvVRyx8/1.webp,https://static.prizepicks.com/images/teams/ncaafb/NCAAFB_team_mEyW9LXkr6Y4vlL55TvVRyx8/1.webp,57.81,57.81,50,50,0.25,0.5,27.57,85.93,24.38,75.62,-25.62,24.38,Over,0.34,-0.16,22.12,No,,,,,,
N/A,9/26/2026,King Davis,Anytime TDs,0.5,demon,https://static.prizepicks.com/images/players/NCAAFB/King_Davis_NCAAFB_player_QSxMasdax1GT9pP5L526zFv8-450.webp,https://static.prizepicks.com/images/players/NCAAFB/King_Davis_NCAAFB_player_QSxMasdax1GT9pP5L526zFv8-450.webp,57.81,57.81,50,50,0.12,0.5,12.61,97.24,11.46,88.54,-38.54,11.46,Over,0.32,-0.18,11.31,No,,,,,,
N/A,9/26/2026,Isaiah McMorris,Anytime TDs,0.5,demon,https://static.prizepicks.com/images/players/NCAAFB/Isaiah_McMorris_NCAAFB_player_jBGXSD6i1gBnWIp5ksQQ97gG-450.webp,https://static.prizepicks.com/images/players/NCAAFB/Isaiah_McMorris_NCAAFB_player_jBGXSD6i1gBnWIp5ksQQ97gG-450.webp,57.81,57.81,50,50,0.1,0.5,9.9,96.81,9.25,90.75,-40.75,9.25,Over,0.29,-0.21,9.52,No,,,,,,
N/A,9/26/2026,Derrick McFall,Anytime TDs,0.5,demon,https://static.prizepicks.com/images/players/NCAAFB/Derrick_McFall_NCAAFB_player_EyIu2zLDi6omZGFr2pSMAgqm-450.webp,https://static.prizepicks.com/images/players/NCAAFB/Derrick_McFall_NCAAFB_player_EyIu2zLDi6omZGFr2pSMAgqm-450.webp,57.81,57.81,50,50,0.49,0.5,53.98,55.56,49.41,50.59,-0.59,49.41,Over,0.50,0,38.74,No,,,,,,
N/A,9/26/2026,Kendrick Raphael,Anytime TDs,0.5,goblin,https://static.prizepicks.com/images/players/NCAAFB/Kendrick_Raphael_NCAAFB_player_D8F77sSLk1nCJ3AicdqxJUaQ-450.webp,https://static.prizepicks.com/images/players/NCAAFB/Kendrick_Raphael_NCAAFB_player_D8F77sSLk1nCJ3AicdqxJUaQ-450.webp,57.81,57.81,50,50,0.76,0.5,81.76,26.01,75.87,24.13,25.87,75.87,Over,0.83,0.33,53.23,Yes,,,,,,
N/A,9/26/2026,Kevin Jennings,Anytime TDs,0.5,demon,https://static.prizepicks.com/images/players/NCAAFB/Kevin_Jennings_NCAAFB_player_gCewmJaigUjMrpTeRYzivJUe-450.webp,https://static.prizepicks.com/images/players/NCAAFB/Kevin_Jennings_NCAAFB_player_gCewmJaigUjMrpTeRYzivJUe-450.webp,57.81,57.81,50,50,0.41,0.5,45.68,64.66,41.5,58.5,-8.5,41.5,Over,0.50,0,33.63,No,,,,,,
N/A,9/26/2026,Randy Pittman Jr.,Anytime TDs,0.5,demon,https://static.prizepicks.com/images/players/NCAAFB/Randy_Pittman_NCAAFB_player_wsLzCgykIBoIcZs4Epml4Kdb-450.webp,https://static.prizepicks.com/images/players/NCAAFB/Randy_Pittman_NCAAFB_player_wsLzCgykIBoIcZs4Epml4Kdb-450.webp,57.81,57.81,50,50,0.46,0.5,50.72,58.98,46.3,53.7,-3.7,46.3,Over,0.50,0,36.87,No,,,,,,
N/A,9/26/2026,Jeron Askren,Anytime TDs,0.5,demon,https://static.prizepicks.com/images/players/NCAAFB/Jeron_Askren_NCAAFB_player_MJ6n9eAhYrxsTHl2Y2bhAPlP-450.webp,https://static.prizepicks.com/images/players/NCAAFB/Jeron_Askren_NCAAFB_player_MJ6n9eAhYrxsTHl2Y2bhAPlP-450.webp,57.81,57.81,50,50,0.12,0.5,12.59,95.58,11.65,88.35,-38.35,11.65,Over,0.50,0,11.31,No,,,,,,
N/A,9/26/2026,Dillon Hipp,Anytime TDs,0.5,demon,https://static.prizepicks.com/images/players/NCAAFB/Dillon_Hipp_NCAAFB_player_M44mCkOKkXqATHLi1KUDv7t0-450.webp,https://static.prizepicks.com/images/players/NCAAFB/Dillon_Hipp_NCAAFB_player_M44mCkOKkXqATHLi1KUDv7t0-450.webp,57.81,57.81,50,50,0.11,0.5,12.51,97.23,11.39,88.61,-38.61,11.39,Over,0.26,-0.24,10.42,No,,,,,,
N/A,9/26/2026,Brendon McQueen,Anytime TDs,0.5,demon,https://static.prizepicks.com/images/players/NCAAFB/Brendon_McQueen_NCAAFB_player_AvygdfUQTjD82S8NUfcKt1zV-450.webp,https://static.prizepicks.com/images/players/NCAAFB/Brendon_McQueen_NCAAFB_player_AvygdfUQTjD82S8NUfcKt1zV-450.webp,57.81,57.81,50,50,0.07,0.5,6.67,95.94,6.5,93.5,-43.5,6.5,Over,0.29,-0.21,6.76,No,,,,,,
N/A,9/26/2026,Yousef Obeid,FG Made,0.5,goblin,https://static.prizepicks.com/images/players/NCAAFB/Yousef_Obeid_NCAAFB_player_NBLPghSFasK0NcrLjSAgIJe-450.webp,https://static.prizepicks.com/images/players/NCAAFB/Yousef_Obeid_NCAAFB_player_NBLPghSFasK0NcrLjSAgIJe-450.webp,57.81,57.81,50,50,0.5,,,,,,,,,,,50,,,,,,,
N/A,9/26/2026,AJ Newberry,Anytime TDs,2.5,demon,https://static.prizepicks.com/images/players/NCAAFB/AJ_Newberry_NCAAFB_player_JbudVsbMVXVtGogeAHwfz2BP-450.webp,https://static.prizepicks.com/images/players/NCAAFB/AJ_Newberry_NCAAFB_player_JbudVsbMVXVtGogeAHwfz2BP-450.webp,57.81,57.81,50,50,0.63,0.5,68.76,39.59,63.48,36.52,13.48,63.48,Over,0.50,-2,2.62,No,,,,,,
N/A,9/26/2026,AJ Newberry,Anytime TDs,1.5,demon,https://static.prizepicks.com/images/players/NCAAFB/AJ_Newberry_NCAAFB_player_JbudVsbMVXVtGogeAHwfz2BP-450.webp,https://static.prizepicks.com/images/players/NCAAFB/AJ_Newberry_NCAAFB_player_JbudVsbMVXVtGogeAHwfz2BP-450.webp,57.81,57.81,50,50,0.63,0.5,68.76,39.59,63.48,36.52,13.48,63.48,Over,0.50,-1,13.19,No,,,,,,
N/A,9/26/2026,Jesse Legree,Anytime TDs,1.5,demon,https://static.prizepicks.com/images/players/NCAAFB/Jesse_Legree_NCAAFB_player_3cWmfjy0KkVICF7UNsbHDIg-450.webp,https://static.prizepicks.com/images/players/NCAAFB/Jesse_Legree_NCAAFB_player_3cWmfjy0KkVICF7UNsbHDIg-450.webp,57.81,57.81,50,50,0.55,0.5,59.54,49.39,54.7,45.3,4.7,54.7,Over,0.50,-1,10.57,No,,,,,,
N/A,9/26/2026,Tavorus Jones,Anytime TDs,1.5,demon,https://static.prizepicks.com/images/players/NCAAFB/Tavorus_Jones_NCAAFB_player_ShTgZyMrklg18xOasw6iQXcR-450.webp,https://static.prizepicks.com/images/players/NCAAFB/Tavorus_Jones_NCAAFB_player_ShTgZyMrklg18xOasw6iQXcR-450.webp,57.81,57.81,50,50,0.53,0.5,57.78,51.3,53.03,46.97,3.03,53.03,Over,0.50,-1,9.94,No,,,,,,
N/A,9/26/2026,Aeryn Hampton,Anytime TDs,1.5,demon,https://static.prizepicks.com/images/players/NCAAFB/Aeryn_Hampton_NCAAFB_player_TDWYygx84Hh8PQmmd4QgjDO1-450.webp,https://static.prizepicks.com/images/players/NCAAFB/Aeryn_Hampton_NCAAFB_player_TDWYygx84Hh8PQmmd4QgjDO1-450.webp,57.81,57.81,50,50,0.37,0.5,41.33,69.31,37.36,62.64,-12.64,37.36,Over,0.37,-1.13,5.37,No,,,,,,
N/A,9/26/2026,Carver Cheeks,Anytime TDs,1.5,demon,https://static.prizepicks.com/images/players/NCAAFB/Carver_Cheeks_NCAAFB_player_vGCEmJGtOEEtNh79GcrYmMr-450.webp,https://static.prizepicks.com/images/players/NCAAFB/Carver_Cheeks_NCAAFB_player_vGCEmJGtOEEtNh79GcrYmMr-450.webp,57.81,57.81,50,50,0.38,0.5,42.34,68.74,38.32,61.68,-11.68,38.32,Over,0.50,-1,5.63,No,,,,,,
N/A,9/26/2026,Braden Atkinson,Anytime TDs,1.5,demon,https://static.prizepicks.com/images/players/NCAAFB/Braden_Atkinson_NCAAFB_player_CkRfnBA3c4dGprZzWjhroW2k-450.webp,https://static.prizepicks.com/images/players/NCAAFB/Braden_Atkinson_NCAAFB_player_CkRfnBA3c4dGprZzWjhroW2k-450.webp,57.81,57.81,50,50,0.32,0.5,35.5,76.11,31.81,68.19,-18.19,31.81,Over,0.50,-1,4.15,No,,,,,,
N/A,9/26/2026,Tre Garrison,Anytime TDs,1.5,demon,https://static.prizepicks.com/images/players/NCAAFB/Tre_Garrison_NCAAFB_player_UeiKUZGI2h9ybYmMSdmIRGJe-450.webp,https://static.prizepicks.com/images/players/NCAAFB/Tre_Garrison_NCAAFB_player_UeiKUZGI2h9ybYmMSdmIRGJe-450.webp,57.81,57.81,50,50,0.35,0.5,39.38,71.54,35.5,64.5,-14.5,35.5,Over,0.42,-1.08,4.87,No,,,,,,
N/A,9/26/2026,EJ Colson Jr.,Anytime TDs,1.5,demon,https://static.prizepicks.com/images/players/NCAAFB/EJ_Colson_NCAAFB_player_0GJrCyQbRVehq5jv7bztG1Ly-450.webp,https://static.prizepicks.com/images/players/NCAAFB/EJ_Colson_NCAAFB_player_0GJrCyQbRVehq5jv7bztG1Ly-450.webp,57.81,57.81,50,50,0.42,0.5,46.63,63.34,42.4,57.6,-7.6,42.4,Over,0.50,-1,6.7,No,,,,,,
N/A,9/26/2026,Cornell Hatcher Jr.,Anytime TDs,1.5,demon,https://static.prizepicks.com/images/players/NCAAFB/Cornell_Hatcher_NCAAFB_player_Y1UNaodutInH3csxfoP42z2K-450.webp,https://static.prizepicks.com/images/players/NCAAFB/Cornell_Hatcher_NCAAFB_player_Y1UNaodutInH3csxfoP42z2K-450.webp,57.81,57.81,50,50,0.35,0.5,38.69,72.35,34.84,65.16,-15.16,34.84,Over,0.64,-0.86,4.87,No,,,,,,
N/A,9/26/2026,AJ Newberry,Anytime TDs,0.5,goblin,https://static.prizepicks.com/images/players/NCAAFB/AJ_Newberry_NCAAFB_player_JbudVsbMVXVtGogeAHwfz2BP-450.webp,https://static.prizepicks.com/images/players/NCAAFB/AJ_Newberry_NCAAFB_player_JbudVsbMVXVtGogeAHwfz2BP-450.webp,57.81,57.81,50,50,0.63,0.5,68.76,39.59,63.48,36.52,13.48,63.48,Over,0.50,0,46.74,No,,,,,,
N/A,9/26/2026,Aaron Butler,Anytime TDs,0.5,demon,https://static.prizepicks.com/images/players/NCAAFB/Aaron_Butler_NCAAFB_player_JUBCYDssgolyGMus1aNKdEWo-450.webp,https://static.prizepicks.com/images/players/NCAAFB/Aaron_Butler_NCAAFB_player_JUBCYDssgolyGMus1aNKdEWo-450.webp,57.81,57.81,50,50,0.35,0.5,38.23,73.89,34.41,65.59,-15.59,34.41,Over,0.34,-0.16,29.53,No,,,,,,
N/A,9/26/2026,Braden Atkinson,Anytime TDs,0.5,demon,https://static.prizepicks.com/images/players/NCAAFB/Braden_Atkinson_NCAAFB_player_CkRfnBA3c4dGprZzWjhroW2k-450.webp,https://static.prizepicks.com/images/players/NCAAFB/Braden_Atkinson_NCAAFB_player_CkRfnBA3c4dGprZzWjhroW2k-450.webp,57.81,57.81,50,50,0.32,0.5,35.5,76.11,31.81,68.19,-18.19,31.81,Over,0.50,0,27.39,No,,,,,,
N/A,9/26/2026,Carver Cheeks,Anytime TDs,0.5,demon,https://static.prizepicks.com/images/players/NCAAFB/Carver_Cheeks_NCAAFB_player_vGCEmJGtOEEtNh79GcrYmMr-450.webp,https://static.prizepicks.com/images/players/NCAAFB/Carver_Cheeks_NCAAFB_player_vGCEmJGtOEEtNh79GcrYmMr-450.webp,57.81,57.81,50,50,0.38,0.5,42.34,68.74,38.32,61.68,-11.68,38.32,Over,0.50,0,31.61,No,,,,,,
N/A,9/26/2026,Cash Cheeks,Anytime TDs,0.5,demon,https://static.prizepicks.com/images/players/NCAAFB/Cash_Cheeks_NCAAFB_player_MdEHuGKS7WsRTB50bxInUC87-450.webp,https://static.prizepicks.com/images/players/NCAAFB/Cash_Cheeks_NCAAFB_player_MdEHuGKS7WsRTB50bxInUC87-450.webp,57.81,57.81,50,50,0.16,0.5,18.13,97.7,15.65,84.35,-34.35,15.65,Over,0.50,0,14.79,No,,,,,,
N/A,9/26/2026,Cornell Hatcher Jr.,Anytime TDs,0.5,demon,https://static.prizepicks.com/images/players/NCAAFB/Cornell_Hatcher_NCAAFB_player_Y1UNaodutInH3csxfoP42z2K-450.webp,https://static.prizepicks.com/images/players/NCAAFB/Cornell_Hatcher_NCAAFB_player_Y1UNaodutInH3csxfoP42z2K-450.webp,57.81,57.81,50,50,0.35,0.5,38.69,72.35,34.84,65.16,-15.16,34.84,Over,0.64,0.14,29.53,Yes,,,,,,
N/A,9/26/2026,Cynai Thomas,Anytime TDs,0.5,demon,https://static.prizepicks.com/images/players/NCAAFB/Cynai_Thomas_NCAAFB_player_XNk6M8wbI3grtW9kHyRwv23T-450.webp,https://static.prizepicks.com/images/players/NCAAFB/Cynai_Thomas_NCAAFB_player_XNk6M8wbI3grtW9kHyRwv23T-450.webp,57.81,57.81,50,50,0.15,0.5,17.97,97.69,15.54,84.46,-34.46,15.54,Over,0.29,-0.21,13.93,No,,,,,,
N/A,9/26/2026,DeCorion Temple,Anytime TDs,0.5,demon,https://static.prizepicks.com/images/players/NCAAFB/DeCorion_Temple_NCAAFB_player_2vmABTFncuo6wWTdPV4sIC9E-450.webp,https://static.prizepicks.com/images/players/NCAAFB/DeCorion_Temple_NCAAFB_player_2vmABTFncuo6wWTdPV4sIC9E-450.webp,57.81,57.81,50,50,0.18,0.5,20.58,96.05,17.66,82.34,-32.34,17.66,Over,0.50,0,16.47,No,,,,,,
N/A,9/26/2026,EJ Colson Jr.,Anytime TDs,0.5,demon,https://static.prizepicks.com/images/players/NCAAFB/EJ_Colson_NCAAFB_player_0GJrCyQbRVehq5jv7bztG1Ly-450.webp,https://static.prizepicks.com/images/players/NCAAFB/EJ_Colson_NCAAFB_player_0GJrCyQbRVehq5jv7bztG1Ly-450.webp,57.81,57.81,50,50,0.42,0.5,46.63,63.34,42.4,57.6,-7.6,42.4,Over,0.50,0,34.3,No,,,,,,
N/A,9/26/2026,Eric Olsen,Anytime TDs,0.5,demon,https://static.prizepicks.com/images/players/NCAAFB/Eric_Olsen_NCAAFB_player_rR0kNofH8of9DWais58kiuA5-450.webp,https://static.prizepicks.com/images/players/NCAAFB/Eric_Olsen_NCAAFB_player_rR0kNofH8of9DWais58kiuA5-450.webp,57.81,57.81,50,50,0.36,0.5,39.58,72.15,35.7,64.3,-14.3,35.7,Over,0.38,-0.12,30.23,No,,,,,,
N/A,9/26/2026,Gabe Milbourn,Anytime TDs,0.5,demon,https://static.prizepicks.com/images/players/NCAAFB/Gabe_Milbourn_NCAAFB_player_c88HHcNJAb2RX1Snor7xnfgn-450.webp,https://static.prizepicks.com/images/players/NCAAFB/Gabe_Milbourn_NCAAFB_player_c88HHcNJAb2RX1Snor7xnfgn-450.webp,57.81,57.81,50,50,0.13,0.5,14.03,97.39,12.59,87.42,-37.41,12.59,Over,0.39,-0.11,12.19,No,,,,,,
N/A,9/26/2026,Jaden Smith,Anytime TDs,0.5,demon,https://static.prizepicks.com/images/players/NCAAFB/Jaden_Smith_NCAAFB_player_xVaKk1RAmzCyoHBeGusuN818-450.webp,https://static.prizepicks.com/images/players/NCAAFB/Jaden_Smith_NCAAFB_player_xVaKk1RAmzCyoHBeGusuN818-450.webp,57.81,57.81,50,50,0.19,0.5,21.98,94.11,18.93,81.07,-31.07,18.93,Over,0.50,0,17.3,No,,,,,,
N/A,9/26/2026,Jake Reichle,Anytime TDs,0.5,demon,https://static.prizepicks.com/images/players/NCAAFB/Jake_Reichle_NCAAFB_player_2GUZ6Ds7EvUKwBoeVkN11XBL-450.webp,https://static.prizepicks.com/images/players/NCAAFB/Jake_Reichle_NCAAFB_player_2GUZ6Ds7EvUKwBoeVkN11XBL-450.webp,57.81,57.81,50,50,0.37,0.5,41.32,69.99,37.36,62.64,-12.64,37.36,Over,0.39,-0.11,30.93,No,,,,,,
N/A,9/26/2026,Jaylan Brown,Anytime TDs,0.5,demon,https://static.prizepicks.com/images/players/NCAAFB/Jaylan_Brown_NCAAFB_player_A6mGa9z7XXMr24y8qhdBpp7o-450.webp,https://static.prizepicks.com/images/players/NCAAFB/Jaylan_Brown_NCAAFB_player_A6mGa9z7XXMr24y8qhdBpp7o-450.webp,57.81,57.81,50,50,0.14,0.5,16.03,97.56,14.11,85.89,-35.89,14.11,Over,0.50,0,13.06,No,,,,,,
N/A,9/26/2026,Jeremiah Nash,Anytime TDs,0.5,demon,https://static.prizepicks.com/images/players/NCAAFB/Jeremiah_Nash_NCAAFB_player_P4cNCIldXKa95ienwBbOJkIO-450.webp,https://static.prizepicks.com/images/players/NCAAFB/Jeremiah_Nash_NCAAFB_player_P4cNCIldXKa95ienwBbOJkIO-450.webp,57.81,57.81,50,50,0.25,0.5,28.41,84.97,25.06,74.94,-24.94,25.06,Over,0.40,-0.1,22.12,No,,,,,,
N/A,9/26/2026,Lamar Sperling,Anytime TDs,0.5,demon,https://static.prizepicks.com/images/players/NCAAFB/Lamar_Sperling_NCAAFB_player_BDo0tQLfOwlQaHS3NwaZoGyl-450.webp,https://static.prizepicks.com/images/players/NCAAFB/Lamar_Sperling_NCAAFB_player_BDo0tQLfOwlQaHS3NwaZoGyl-450.webp,57.81,57.81,50,50,0.21,0.5,24.26,91.72,21.11,78.89,-28.89,21.11,Over,0.50,0,18.94,No,,,,,,
N/A,9/26/2026,Malachi Durant,Anytime TDs,0.5,demon,https://static.prizepicks.com/images/players/NCAAFB/Malachi_Durant_NCAAFB_player_7O1bLUNaA7oUFKGkr4NUb3Gh-450.webp,https://static.prizepicks.com/images/players/NCAAFB/Malachi_Durant_NCAAFB_player_7O1bLUNaA7oUFKGkr4NUb3Gh-450.webp,57.81,57.81,50,50,0.14,0.5,16.03,97.56,14.11,85.89,-35.89,14.11,Over,0.32,-0.18,13.06,No,,,,,,
N/A,9/26/2026,Marcus Torres,Anytime TDs,0.5,demon,https://static.prizepicks.com/images/players/NCAAFB/Marcus_Torres_NCAAFB_player_wJHNjPBkl6tyc86tFFydN0K-450.webp,https://static.prizepicks.com/images/players/NCAAFB/Marcus_Torres_NCAAFB_player_wJHNjPBkl6tyc86tFFydN0K-450.webp,57.81,57.81,50,50,0.11,0.5,12.51,97.23,11.39,88.61,-38.61,11.39,Over,0.30,-0.2,10.42,No,,,,,,
N/A,9/26/2026,Royal Capell,Anytime TDs,0.5,demon,https://static.prizepicks.com/images/players/NCAAFB/Royal_Capell_NCAAFB_player_wxWpFZRZ1X4cieM2PT5zC0x-450.webp,https://static.prizepicks.com/images/players/NCAAFB/Royal_Capell_NCAAFB_player_wxWpFZRZ1X4cieM2PT5zC0x-450.webp,57.81,57.81,50,50,0.18,0.5,21.15,95.43,18.15,81.85,-31.85,18.15,Over,0.50,0,16.47,No,,,,,,
N/A,9/26/2026,Tre Garrison,Anytime TDs,0.5,demon,https://static.prizepicks.com/images/players/NCAAFB/Tre_Garrison_NCAAFB_player_UeiKUZGI2h9ybYmMSdmIRGJe-450.webp,https://static.prizepicks.com/images/players/NCAAFB/Tre_Garrison_NCAAFB_player_UeiKUZGI2h9ybYmMSdmIRGJe-450.webp,57.81,57.81,50,50,0.35,0.5,39.38,71.54,35.5,64.5,-14.5,35.5,Over,0.42,-0.08,29.53,No,,,,,,
N/A,9/26/2026,Aeryn Hampton,Anytime TDs,0.5,demon,https://static.prizepicks.com/images/players/NCAAFB/Aeryn_Hampton_NCAAFB_player_TDWYygx84Hh8PQmmd4QgjDO1-450.webp,https://static.prizepicks.com/images/players/NCAAFB/Aeryn_Hampton_NCAAFB_player_TDWYygx84Hh8PQmmd4QgjDO1-450.webp,57.81,57.81,50,50,0.37,0.5,41.33,69.31,37.36,62.64,-12.64,37.36,Over,0.37,-0.13,30.93,No,,,,,,
N/A,9/26/2026,Jamar Curtis,Anytime TDs,1.5,demon,https://static.prizepicks.com/images/manual/Jamar Curtis.png,https://static.prizepicks.com/images/manual/Jamar Curtis.png,57.81,57.81,50,50,0.47,0.5,50.84,58.69,46.42,53.58,-3.58,46.42,Over,0.80,-0.7,8.12,No,,,,,,
N/A,9/26/2026,Onterrio Smith Jr.,Anytime TDs,1.5,demon,https://static.prizepicks.com/images/manual/Onterrio Smith Jr..png,https://static.prizepicks.com/images/manual/Onterrio Smith Jr..png,57.81,57.81,50,50,0.35,0.5,39.26,71.68,35.39,64.62,-14.61,35.39,Over,0.58,-0.92,4.87,No,,,,,,
N/A,9/26/2026,Isaiah Ene,Anytime TDs,1.5,demon,https://static.prizepicks.com/images/players/NCAAFB/Isaiah_Ene_NCAAFB_player_PdwLSaj4gfyH57AdACZF1hCR-450.webp,https://static.prizepicks.com/images/players/NCAAFB/Isaiah_Ene_NCAAFB_player_PdwLSaj4gfyH57AdACZF1hCR-450.webp,57.81,57.81,50,50,0.4,0.5,44.59,65.6,40.47,59.53,-9.53,40.47,Over,0.51,-0.99,6.16,No,,,,,,
N/A,9/26/2026,Matt Coleman,Anytime TDs,1.5,demon,https://static.prizepicks.com/images/players/NCAAFB/Matt_Coleman_NCAAFB_player_GnxCrtSjLmr1QcmRl7efTBsr-450.webp,https://static.prizepicks.com/images/players/NCAAFB/Matt_Coleman_NCAAFB_player_GnxCrtSjLmr1QcmRl7efTBsr-450.webp,57.81,57.81,50,50,0.34,0.5,37.63,73.59,33.84,66.16,-16.16,33.84,Over,0.50,-1,4.62,No,,,,,,
N/A,9/26/2026,Cincere Rhaney,Anytime TDs,1.5,demon,https://static.prizepicks.com/images/players/NCAAFB/Cincere_Rhaney_NCAAFB_player_PXjcHLCAjRB15iNis5bxC7Rf-450.webp,https://static.prizepicks.com/images/players/NCAAFB/Cincere_Rhaney_NCAAFB_player_PXjcHLCAjRB15iNis5bxC7Rf-450.webp,57.81,57.81,50,50,0.28,0.5,31.01,81.61,27.54,72.47,-22.46,27.54,Over,0.28,-1.22,3.26,No,,,,,,
N/A,9/26/2026,Cincere Rhaney,Anytime TDs,0.5,demon,https://static.prizepicks.com/images/players/NCAAFB/Cincere_Rhaney_NCAAFB_player_PXjcHLCAjRB15iNis5bxC7Rf-450.webp,https://static.prizepicks.com/images/players/NCAAFB/Cincere_Rhaney_NCAAFB_player_PXjcHLCAjRB15iNis5bxC7Rf-450.webp,57.81,57.81,50,50,0.28,0.5,31.01,81.61,27.54,72.47,-22.46,27.54,Over,0.28,-0.22,24.42,No,,,,,,
N/A,9/26/2026,Elias Brown,Anytime TDs,0.5,demon,https://static.prizepicks.com/images/manual/Elias Brown.png,https://static.prizepicks.com/images/manual/Elias Brown.png,57.81,57.81,50,50,0.15,0.5,16.2,93.8,14.82,85.19,-35.18,14.82,Over,0.33,-0.17,13.93,No,,,,,,
N/A,9/26/2026,Isaiah Ene,Anytime TDs,0.5,demon,https://static.prizepicks.com/images/players/NCAAFB/Isaiah_Ene_NCAAFB_player_PdwLSaj4gfyH57AdACZF1hCR-450.webp,https://static.prizepicks.com/images/players/NCAAFB/Isaiah_Ene_NCAAFB_player_PdwLSaj4gfyH57AdACZF1hCR-450.webp,57.81,57.81,50,50,0.4,0.5,44.59,65.6,40.47,59.53,-9.53,40.47,Over,0.51,0.01,32.97,Yes,,,,,,
N/A,9/26/2026,Jackson Sharman,Anytime TDs,0.5,demon,https://static.prizepicks.com/images/players/NCAAFB/Jackson_Sharman_NCAAFB_player_kA40I3YrzEkz7V9l3zn6WJDi-450.webp,https://static.prizepicks.com/images/players/NCAAFB/Jackson_Sharman_NCAAFB_player_kA40I3YrzEkz7V9l3zn6WJDi-450.webp,57.81,57.81,50,50,0.18,0.5,20.63,96.28,17.65,82.35,-32.35,17.65,Over,0.26,-0.24,16.47,No,,,,,,
N/A,9/26/2026,Jordan Williams,Anytime TDs,0.5,demon,https://static.prizepicks.com/images/manual/Jordan Williams.png,https://static.prizepicks.com/images/manual/Jordan Williams.png,57.81,57.81,50,50,0.2,0.5,23.35,92.03,20.24,79.76,-29.76,20.24,Over,0.40,-0.1,18.13,No,,,,,,
N/A,9/26/2026,Justin Williams-Thomas,Anytime TDs,0.5,demon,https://static.prizepicks.com/images/teams/ncaafb/NCAAFB_team_jzZFGJoQYhmIW7jzZYrrTkYi/6.webp,https://static.prizepicks.com/images/teams/ncaafb/NCAAFB_team_jzZFGJoQYhmIW7jzZYrrTkYi/6.webp,57.81,57.81,50,50,0.5,,,,,,,,,0.55,0.05,39.35,,,,,,,
N/A,9/26/2026,Onterrio Smith Jr.,Anytime TDs,0.5,demon,https://static.prizepicks.com/images/manual/Onterrio Smith Jr..png,https://static.prizepicks.com/images/manual/Onterrio Smith Jr..png,57.81,57.81,50,50,0.35,0.5,39.26,71.68,35.39,64.62,-14.61,35.39,Over,0.58,0.08,29.53,Yes,,,,,,
N/A,9/26/2026,Elijah Faulkner,Anytime TDs,0.5,goblin,https://static.prizepicks.com/images/teams/ncaafb/NCAAFB_team_jzZFGJoQYhmIW7jzZYrrTkYi/23.webp,https://static.prizepicks.com/images/teams/ncaafb/NCAAFB_team_jzZFGJoQYhmIW7jzZYrrTkYi/23.webp,57.81,57.81,50,50,0.5,,,,,,,,,0.06,-0.44,39.35,,,,,,,
N/A,9/26/2026,Jordan Washington,Anytime TDs,0.5,demon,https://static.prizepicks.com/images/teams/ncaafb/NCAAFB_team_jzZFGJoQYhmIW7jzZYrrTkYi/0.webp,https://static.prizepicks.com/images/teams/ncaafb/NCAAFB_team_jzZFGJoQYhmIW7jzZYrrTkYi/0.webp,57.81,57.81,50,50,0.5,,,,,,,,,0.43,-0.07,39.35,,,,,,,
N/A,9/26/2026,Joseph Griffin Jr.,Anytime TDs,0.5,demon,https://static.prizepicks.com/images/teams/ncaafb/NCAAFB_team_jzZFGJoQYhmIW7jzZYrrTkYi/1.webp,https://static.prizepicks.com/images/teams/ncaafb/NCAAFB_team_jzZFGJoQYhmIW7jzZYrrTkYi/1.webp,57.81,57.81,50,50,0.5,,,,,,,,,0.29,-0.21,39.35,,,,,,,
N/A,9/26/2026,Kezion Dia-Johnson,Anytime TDs,0.5,demon,https://static.prizepicks.com/images/teams/ncaafb/NCAAFB_team_jzZFGJoQYhmIW7jzZYrrTkYi/8.webp,https://static.prizepicks.com/images/teams/ncaafb/NCAAFB_team_jzZFGJoQYhmIW7jzZYrrTkYi/8.webp,57.81,57.81,50,50,0.5,,,,,,,,,0.04,-0.46,39.35,,,,,,,
N/A,9/26/2026,Max Dowling,Anytime TDs,0.5,demon,https://static.prizepicks.com/images/teams/ncaafb/NCAAFB_team_jzZFGJoQYhmIW7jzZYrrTkYi/11.webp,https://static.prizepicks.com/images/teams/ncaafb/NCAAFB_team_jzZFGJoQYhmIW7jzZYrrTkYi/11.webp,57.81,57.81,50,50,0.24,0.5,27.28,86.49,23.97,76.03,-26.03,23.97,Over,0.50,0,21.34,No,,,,,,
N/A,9/26/2026,Reece Adkins,Anytime TDs,0.5,demon,https://static.prizepicks.com/images/teams/ncaafb/NCAAFB_team_jzZFGJoQYhmIW7jzZYrrTkYi/83.webp,https://static.prizepicks.com/images/teams/ncaafb/NCAAFB_team_jzZFGJoQYhmIW7jzZYrrTkYi/83.webp,57.81,57.81,50,50,0.5,,,,,,,,,0.12,-0.38,39.35,,,,,,,
N/A,9/26/2026,T.Y. Harding,Anytime TDs,0.5,demon,https://static.prizepicks.com/images/teams/ncaafb/NCAAFB_team_jzZFGJoQYhmIW7jzZYrrTkYi/2.webp,https://static.prizepicks.com/images/teams/ncaafb/NCAAFB_team_jzZFGJoQYhmIW7jzZYrrTkYi/2.webp,57.81,57.81,50,50,0.5,,,,,,,,,0.26,-0.24,39.35,,,,,,,
N/A,9/26/2026,Jace Wilson,Anytime TDs,0.5,demon,https://static.prizepicks.com/images/manual/Jace Wilson.png,https://static.prizepicks.com/images/manual/Jace Wilson.png,57.81,57.81,50,50,0.1,0.5,11.41,97.04,10.47,89.53,-39.53,10.47,Over,0.30,-0.2,9.52,No,,,,,,
N/A,9/26/2026,Kenyon Shabazz,Anytime TDs,0.5,demon,https://static.prizepicks.com/images/players/NCAAFB/Kenyon_Shabazz_NCAAFB_player_kPibi010eN1B7YaDt0ynq6xj-450.webp,https://static.prizepicks.com/images/players/NCAAFB/Kenyon_Shabazz_NCAAFB_player_kPibi010eN1B7YaDt0ynq6xj-450.webp,57.81,57.81,50,50,0.1,0.5,11.41,97.04,10.47,89.53,-39.53,10.47,Over,0.28,-0.22,9.52,No,,,,,,
N/A,9/26/2026,Jordan Williams,Anytime TDs,0.5,demon,https://static.prizepicks.com/images/teams/ncaafb/NCAAFB_team_gSAia26KlGljrzGvCrAMKP9u/48.webp,https://static.prizepicks.com/images/teams/ncaafb/NCAAFB_team_gSAia26KlGljrzGvCrAMKP9u/48.webp,57.81,57.81,50,50,0.2,0.5,23.35,92.03,20.24,79.76,-29.76,20.24,Over,0.40,-0.1,18.13,No,,,,,,
N/A,9/26/2026,Matt Coleman,Anytime TDs,0.5,demon,https://static.prizepicks.com/images/players/NCAAFB/Matt_Coleman_NCAAFB_player_GnxCrtSjLmr1QcmRl7efTBsr-450.webp,https://static.prizepicks.com/images/players/NCAAFB/Matt_Coleman_NCAAFB_player_GnxCrtSjLmr1QcmRl7efTBsr-450.webp,57.81,57.81,50,50,0.34,0.5,37.63,73.59,33.84,66.16,-16.16,33.84,Over,0.50,0,28.82,No,,,,,,
N/A,9/26/2026,Devin Matthews,Anytime TDs,0.5,demon,https://static.prizepicks.com/images/teams/ncaafb/NCAAFB_team_jzZFGJoQYhmIW7jzZYrrTkYi/9.webp,https://static.prizepicks.com/images/teams/ncaafb/NCAAFB_team_jzZFGJoQYhmIW7jzZYrrTkYi/9.webp,57.81,57.81,50,50,0.09,0.5,9.54,96.78,8.97,91.03,-41.03,8.97,Over,0.33,-0.17,8.61,No,,,,,,
N/A,9/26/2026,Bryson Donelson,Anytime TDs,2.5,demon,https://static.prizepicks.com/images/players/NCAAFB/Bryson_Donelson_NCAAFB_player_eluwXJn79X86R4UTi8jzX3Ds-450.webp,https://static.prizepicks.com/images/players/NCAAFB/Bryson_Donelson_NCAAFB_player_eluwXJn79X86R4UTi8jzX3Ds-450.webp,57.81,57.81,50,50,0.65,0.5,70.7,37.52,65.33,34.67,15.33,65.33,Over,0.50,-2,2.83,No,,,,,,
N/A,9/26/2026,Rayshon Luke,Anytime TDs,2.5,demon,https://static.prizepicks.com/images/players/NCAAFB/Rayshon_Luke_NCAAFB_player_bxHAnqPyZILfEOFqsXJ19jAe-450.webp,https://static.prizepicks.com/images/players/NCAAFB/Rayshon_Luke_NCAAFB_player_bxHAnqPyZILfEOFqsXJ19jAe-450.webp,57.81,57.81,50,50,0.61,0.5,65.8,42.71,60.67,39.33,10.67,60.67,Over,0.58,-1.92,2.41,No,,,,,,
N/A,9/26/2026,Bryson Donelson,Anytime TDs,1.5,demon,https://static.prizepicks.com/images/players/NCAAFB/Bryson_Donelson_NCAAFB_player_eluwXJn79X86R4UTi8jzX3Ds-450.webp,https://static.prizepicks.com/images/players/NCAAFB/Bryson_Donelson_NCAAFB_player_eluwXJn79X86R4UTi8jzX3Ds-450.webp,57.81,57.81,50,50,0.65,0.5,70.7,37.52,65.33,34.67,15.33,65.33,Over,0.50,-1,13.86,No,,,,,,
N/A,9/26/2026,Jacurri Brown,Anytime TDs,1.5,demon,https://static.prizepicks.com/images/players/NCAAFB/Jacurri_Brown_NCAAFB_player_35fg6xsUpnSiCQqyjeoskDoZ-450.webp,https://static.prizepicks.com/images/players/NCAAFB/Jacurri_Brown_NCAAFB_player_35fg6xsUpnSiCQqyjeoskDoZ-450.webp,57.81,57.81,50,50,0.55,0.5,60.16,48.72,55.29,44.71,5.29,55.29,Over,0.52,-0.98,10.57,No,,,,,,
N/A,9/26/2026,Rayshon Luke,Anytime TDs,1.5,demon,https://static.prizepicks.com/images/players/NCAAFB/Rayshon_Luke_NCAAFB_player_bxHAnqPyZILfEOFqsXJ19jAe-450.webp,https://static.prizepicks.com/images/players/NCAAFB/Rayshon_Luke_NCAAFB_player_bxHAnqPyZILfEOFqsXJ19jAe-450.webp,57.81,57.81,50,50,0.61,0.5,65.8,42.71,60.67,39.33,10.67,60.67,Over,0.58,-0.92,12.52,No,,,,,,
N/A,9/26/2026,D'Andre Hardeman Jr.,Anytime TDs,1.5,demon,https://static.prizepicks.com/images/teams/ncaafb/NCAAFB_team_8R31UThgYFCnLaKMPpp4Utwm/28.webp,https://static.prizepicks.com/images/teams/ncaafb/NCAAFB_team_8R31UThgYFCnLaKMPpp4Utwm/28.webp,57.81,57.81,50,50,0.32,0.5,35.68,75.89,31.98,68.02,-18.02,31.98,Over,0.37,-1.13,4.15,No,,,,,,
N/A,9/26/2026,Tyvonn Byars,Anytime TDs,1.5,demon,https://static.prizepicks.com/images/players/NCAAFB/Tyvonn_Byars_NCAAFB_player_o80eXHvJPxz4sugeqNAbfKkM-450.webp,https://static.prizepicks.com/images/players/NCAAFB/Tyvonn_Byars_NCAAFB_player_o80eXHvJPxz4sugeqNAbfKkM-450.webp,57.81,57.81,50,50,0.31,0.5,34.86,76.88,31.2,68.8,-18.8,31.2,Over,0.35,-1.15,3.92,No,,,,,,
N/A,9/26/2026,Jayden Mandal,Anytime TDs,1.5,demon,https://static.prizepicks.com/images/players/NCAAFB/Jayden_Mandal_NCAAFB_player_ucdTRV7IhVPf1UViDlIg3u2H-450.webp,https://static.prizepicks.com/images/players/NCAAFB/Jayden_Mandal_NCAAFB_player_ucdTRV7IhVPf1UViDlIg3u2H-450.webp,57.81,57.81,50,50,0.43,0.5,47.56,62.68,43.29,56.71,-6.71,43.29,Over,0.50,-1,6.98,No,,,,,,
N/A,9/26/2026,Josiah Freeman,Anytime TDs,1.5,demon,https://static.prizepicks.com/images/players/NCAAFB/Josiah_Freeman_NCAAFB_player_ZooRN8UwuJLw6GZx02lScqA6-450.webp,https://static.prizepicks.com/images/players/NCAAFB/Josiah_Freeman_NCAAFB_player_ZooRN8UwuJLw6GZx02lScqA6-450.webp,57.81,57.81,50,50,0.43,0.5,47.49,62.76,43.23,56.77,-6.77,43.23,Over,0.45,-1.05,6.98,No,,,,,,
N/A,9/26/2026,Julius Gillick,Anytime TDs,1.5,demon,https://static.prizepicks.com/images/players/NCAAFB/Julius_Gillick_NCAAFB_player_6StF0WQmoNNNxhmumE2eemqb-450.webp,https://static.prizepicks.com/images/players/NCAAFB/Julius_Gillick_NCAAFB_player_6StF0WQmoNNNxhmumE2eemqb-450.webp,57.81,57.81,50,50,0.39,0.5,43.75,67.16,39.67,60.33,-10.33,39.67,Over,0.41,-1.09,5.89,No,,,,,,
N/A,9/26/2026,Barry Jackson Jr.,Anytime TDs,0.5,demon,https://static.prizepicks.com/images/players/NCAAFB/Barry_Jackson_NCAAFB_player_5DLi82KPta8ollfHrnpVKB8-450.webp,https://static.prizepicks.com/images/players/NCAAFB/Barry_Jackson_NCAAFB_player_5DLi82KPta8ollfHrnpVKB8-450.webp,57.81,57.81,50,50,0.12,0.5,13.76,97.35,12.35,87.65,-37.65,12.35,Over,0.30,-0.2,11.31,No,,,,,,
N/A,9/26/2026,Ben Grice,Anytime TDs,0.5,demon,https://static.prizepicks.com/images/players/NCAAFB/Ben_Grice_NCAAFB_player_U1g04I86aKgabw7xrz8P9qWK-450.webp,https://static.prizepicks.com/images/players/NCAAFB/Ben_Grice_NCAAFB_player_U1g04I86aKgabw7xrz8P9qWK-450.webp,57.81,57.81,50,50,0.11,0.5,12.51,97.23,11.39,88.61,-38.61,11.39,Over,0.44,-0.06,10.42,No,,,,,,
N/A,9/26/2026,Bryson Donelson,Anytime TDs,0.5,goblin,https://static.prizepicks.com/images/players/NCAAFB/Bryson_Donelson_NCAAFB_player_eluwXJn79X86R4UTi8jzX3Ds-450.webp,https://static.prizepicks.com/images/players/NCAAFB/Bryson_Donelson_NCAAFB_player_eluwXJn79X86R4UTi8jzX3Ds-450.webp,57.81,57.81,50,50,0.65,0.5,70.7,37.52,65.33,34.67,15.33,65.33,Over,0.50,0,47.8,No,,,,,,
N/A,9/26/2026,Carson Morgan,Anytime TDs,0.5,demon,https://static.prizepicks.com/images/players/NCAAFB/Carson_Morgan_NCAAFB_player_NZ1iE5vIKtRG0WEkzN1MGshE-450.webp,https://static.prizepicks.com/images/players/NCAAFB/Carson_Morgan_NCAAFB_player_NZ1iE5vIKtRG0WEkzN1MGshE-450.webp,57.81,57.81,50,50,0.12,0.5,12.84,97.25,11.64,88.36,-38.36,11.64,Over,0.28,-0.22,11.31,No,,,,,,
N/A,9/26/2026,Davis Lane Jr.,Anytime TDs,0.5,demon,https://static.prizepicks.com/images/players/NCAAFB/Davis_Lane_NCAAFB_player_XgrCue2FOsBOtvOmsoB9ck1B-450.webp,https://static.prizepicks.com/images/players/NCAAFB/Davis_Lane_NCAAFB_player_XgrCue2FOsBOtvOmsoB9ck1B-450.webp,57.81,57.81,50,50,0.12,0.5,12.84,97.25,11.64,88.36,-38.36,11.64,Over,0.54,0.04,11.31,Yes,,,,,,
N/A,9/26/2026,Ezekiel Avit,Anytime TDs,0.5,demon,https://static.prizepicks.com/images/players/NCAAFB/Ezekiel_Avit_NCAAFB_player_onJGNGxvD8r4sEsFkbSkOfz-450.webp,https://static.prizepicks.com/images/players/NCAAFB/Ezekiel_Avit_NCAAFB_player_onJGNGxvD8r4sEsFkbSkOfz-450.webp,57.81,57.81,50,50,0.19,0.5,22.43,93.51,19.36,80.64,-30.64,19.36,Over,0.50,0,17.3,No,,,,,,
N/A,9/26/2026,Gavin Correia,Anytime TDs,0.5,demon,https://static.prizepicks.com/images/players/NCAAFB/Gavin_Correia_NCAAFB_player_yXbIzjnmzgKtu9sTAUfaIryb-450.webp,https://static.prizepicks.com/images/players/NCAAFB/Gavin_Correia_NCAAFB_player_yXbIzjnmzgKtu9sTAUfaIryb-450.webp,57.81,57.81,50,50,0.11,0.5,12.51,97.23,11.39,88.61,-38.61,11.39,Over,0.29,-0.21,10.42,No,,,,,,
N/A,9/26/2026,Harold Duvall,Anytime TDs,0.5,demon,https://static.prizepicks.com/images/players/NCAAFB/Harold_Duvall_NCAAFB_player_kPxh84ZJbQPq7qDMMWLpatME-450.webp,https://static.prizepicks.com/images/players/NCAAFB/Harold_Duvall_NCAAFB_player_kPxh84ZJbQPq7qDMMWLpatME-450.webp,57.81,57.81,50,50,0.11,0.5,12.51,97.23,11.39,88.61,-38.61,11.39,Over,0.50,0,10.42,No,,,,,,
N/A,9/26/2026,Jahlil McClain,Anytime TDs,0.5,demon,https://static.prizepicks.com/images/players/NCAAFB/Jahlil_McClain_NCAAFB_player_8KFx2Ax8Sl0oLTDiok2EKBO3-450.webp,https://static.prizepicks.com/images/players/NCAAFB/Jahlil_McClain_NCAAFB_player_8KFx2Ax8Sl0oLTDiok2EKBO3-450.webp,57.81,57.81,50,50,0.19,0.5,22.57,93.29,19.49,80.51,-30.51,19.49,Over,0.50,0,17.3,No,,,,,,
N/A,9/26/2026,Jake Appleget,Anytime TDs,0.5,demon,https://static.prizepicks.com/images/players/NCAAFB/Jake_Appleget_NCAAFB_player_SfaWnoBSNgSP8uV75y7XOJzP-450.webp,https://static.prizepicks.com/images/players/NCAAFB/Jake_Appleget_NCAAFB_player_SfaWnoBSNgSP8uV75y7XOJzP-450.webp,57.81,57.81,50,50,0.12,0.5,12.84,97.25,11.64,88.36,-38.36,11.64,Over,0.50,0,11.31,No,,,,,,
N/A,9/26/2026,Jayden Mandal,Anytime TDs,0.5,demon,https://static.prizepicks.com/images/players/NCAAFB/Jayden_Mandal_NCAAFB_player_ucdTRV7IhVPf1UViDlIg3u2H-450.webp,https://static.prizepicks.com/images/players/NCAAFB/Jayden_Mandal_NCAAFB_player_ucdTRV7IhVPf1UViDlIg3u2H-450.webp,57.81,57.81,50,50,0.43,0.5,47.56,62.68,43.29,56.71,-6.71,43.29,Over,0.50,0,34.95,No,,,,,,
N/A,9/26/2026,Jayon Farrar,Anytime TDs,0.5,demon,https://static.prizepicks.com/images/players/NCAAFB/Jayon_Farrar_NCAAFB_player_aDuXuqgVt3AvONYq9trPBwEf-450.webp,https://static.prizepicks.com/images/players/NCAAFB/Jayon_Farrar_NCAAFB_player_aDuXuqgVt3AvONYq9trPBwEf-450.webp,57.81,57.81,50,50,0.12,0.5,12.99,97.27,11.75,88.25,-38.25,11.75,Over,0.50,0,11.31,No,,,,,,
N/A,9/26/2026,Josiah Freeman,Anytime TDs,0.5,demon,https://static.prizepicks.com/images/players/NCAAFB/Josiah_Freeman_NCAAFB_player_ZooRN8UwuJLw6GZx02lScqA6-450.webp,https://static.prizepicks.com/images/players/NCAAFB/Josiah_Freeman_NCAAFB_player_ZooRN8UwuJLw6GZx02lScqA6-450.webp,57.81,57.81,50,50,0.43,0.5,47.49,62.76,43.23,56.77,-6.77,43.23,Over,0.45,-0.05,34.95,No,,,,,,
N/A,9/26/2026,Julius Gillick,Anytime TDs,0.5,demon,https://static.prizepicks.com/images/players/NCAAFB/Julius_Gillick_NCAAFB_player_6StF0WQmoNNNxhmumE2eemqb-450.webp,https://static.prizepicks.com/images/players/NCAAFB/Julius_Gillick_NCAAFB_player_6StF0WQmoNNNxhmumE2eemqb-450.webp,57.81,57.81,50,50,0.39,0.5,43.75,67.16,39.67,60.33,-10.33,39.67,Over,0.41,-0.09,32.29,No,,,,,,
N/A,9/26/2026,Rayshon Luke,Anytime TDs,0.5,goblin,https://static.prizepicks.com/images/players/NCAAFB/Rayshon_Luke_NCAAFB_player_bxHAnqPyZILfEOFqsXJ19jAe-450.webp,https://static.prizepicks.com/images/players/NCAAFB/Rayshon_Luke_NCAAFB_player_bxHAnqPyZILfEOFqsXJ19jAe-450.webp,57.81,57.81,50,50,0.61,0.5,65.8,42.71,60.67,39.33,10.67,60.67,Over,0.58,0.08,45.66,Yes,,,,,,
N/A,9/26/2026,Tariq Thomas,Anytime TDs,0.5,demon,https://static.prizepicks.com/images/players/NCAAFB/Tariq_Thomas_NCAAFB_player_jI0dOqiH1eOTW2nq0ncQCPMU-450.webp,https://static.prizepicks.com/images/players/NCAAFB/Tariq_Thomas_NCAAFB_player_jI0dOqiH1eOTW2nq0ncQCPMU-450.webp,57.81,57.81,50,50,0.12,0.5,13.98,97.39,12.55,87.45,-37.45,12.55,Over,0.50,0,11.31,No,,,,,,
N/A,9/26/2026,Tyvonn Byars,Anytime TDs,0.5,demon,https://static.prizepicks.com/images/players/NCAAFB/Tyvonn_Byars_NCAAFB_player_o80eXHvJPxz4sugeqNAbfKkM-450.webp,https://static.prizepicks.com/images/players/NCAAFB/Tyvonn_Byars_NCAAFB_player_o80eXHvJPxz4sugeqNAbfKkM-450.webp,57.81,57.81,50,50,0.31,0.5,34.86,76.88,31.2,68.8,-18.8,31.2,Over,0.35,-0.15,26.66,No,,,,,,
N/A,9/26/2026,Jordan Clark,Anytime TDs,0.5,demon,https://static.prizepicks.com/images/teams/ncaafb/NCAAFB_team_8R31UThgYFCnLaKMPpp4Utwm/19.webp,https://static.prizepicks.com/images/teams/ncaafb/NCAAFB_team_8R31UThgYFCnLaKMPpp4Utwm/19.webp,57.81,57.81,50,50,0.09,0.5,9.58,96.7,8.98,91.02,-41.02,8.98,Over,0.29,-0.21,8.61,No,,,,,,
N/A,9/26/2026,D'Andre Hardeman Jr.,Anytime TDs,0.5,demon,https://static.prizepicks.com/images/teams/ncaafb/NCAAFB_team_8R31UThgYFCnLaKMPpp4Utwm/28.webp,https://static.prizepicks.com/images/teams/ncaafb/NCAAFB_team_8R31UThgYFCnLaKMPpp4Utwm/28.webp,57.81,57.81,50,50,0.32,0.5,35.68,75.89,31.98,68.02,-18.02,31.98,Over,0.37,-0.13,27.39,No,,,,,,
N/A,9/26/2026,Braylen Walker,Anytime TDs,0.5,demon,https://static.prizepicks.com/images/players/NCAAFB/Braylen_Walker_NCAAFB_player_JSStjY5ZbTvpGRBiDgIqr49F-450.webp,https://static.prizepicks.com/images/players/NCAAFB/Braylen_Walker_NCAAFB_player_JSStjY5ZbTvpGRBiDgIqr49F-450.webp,57.81,57.81,50,50,0.09,0.5,9.33,96.66,8.77,91.23,-41.23,8.77,Over,0.28,-0.22,8.61,No,,,,,,
N/A,9/26/2026,Payton Matthews,Anytime TDs,0.5,demon,https://static.prizepicks.com/images/players/NCAAFB/Payton_Matthews_NCAAFB_player_I2Reh849NwflnySx9Acnx8Op-450.webp,https://static.prizepicks.com/images/players/NCAAFB/Payton_Matthews_NCAAFB_player_I2Reh849NwflnySx9Acnx8Op-450.webp,57.81,57.81,50,50,0.09,0.5,9.07,96.63,8.57,91.43,-41.43,8.57,Over,0.30,-0.2,8.61,No,,,,,,
N/A,9/26/2026,Davis Warren,Pass Yards,374.5,demon,https://static.prizepicks.com/images/players/NCAAFB/Davis_Warren_NCAAFB_player_ziGTPvZNhtlLAUjm8eTYxWyR-450.webp,https://static.prizepicks.com/images/players/NCAAFB/Davis_Warren_NCAAFB_player_ziGTPvZNhtlLAUjm8eTYxWyR-450.webp,57.81,57.81,50,50,215.78,216,54.32,54.56,49.89,50.11,-0.11,49.89,Over,215.97,-158.53,2.36,No,,,,,,
N/A,9/26/2026,Alberto Mendoza,Pass Yards,374.5,demon,https://static.prizepicks.com/images/players/NCAAFB/Alberto_Mendoza_NCAAFB_player_FPjky4KiJ1JUMrt1aun9Igcf-450.webp,https://static.prizepicks.com/images/players/NCAAFB/Alberto_Mendoza_NCAAFB_player_FPjky4KiJ1JUMrt1aun9Igcf-450.webp,57.81,57.81,50,50,220.12,220.1,54.45,54.43,50.01,49.99,0.01,50.01,Over,219.67,-154.83,2.68,No,,,,,,
N/A,9/26/2026,Alberto Mendoza,Pass Yards,230.5,demon,https://static.prizepicks.com/images/players/NCAAFB/Alberto_Mendoza_NCAAFB_player_FPjky4KiJ1JUMrt1aun9Igcf-450.webp,https://static.prizepicks.com/images/players/NCAAFB/Alberto_Mendoza_NCAAFB_player_FPjky4KiJ1JUMrt1aun9Igcf-450.webp,57.81,57.81,50,50,220.12,220.1,54.45,54.43,50.01,49.99,0.01,50.01,Over,219.67,-10.83,44.84,No,,,,,,
N/A,9/26/2026,Davis Warren,Pass Yards,229.5,demon,https://static.prizepicks.com/images/players/NCAAFB/Davis_Warren_NCAAFB_player_ziGTPvZNhtlLAUjm8eTYxWyR-450.webp,https://static.prizepicks.com/images/players/NCAAFB/Davis_Warren_NCAAFB_player_ziGTPvZNhtlLAUjm8eTYxWyR-450.webp,57.81,57.81,50,50,215.78,216,54.32,54.56,49.89,50.11,-0.11,49.89,Over,215.97,-13.53,43.19,No,,,,,,
N/A,9/26/2026,Alberto Mendoza,Pass Yards,229.5,demon,https://static.prizepicks.com/images/players/NCAAFB/Alberto_Mendoza_NCAAFB_player_FPjky4KiJ1JUMrt1aun9Igcf-450.webp,https://static.prizepicks.com/images/players/NCAAFB/Alberto_Mendoza_NCAAFB_player_FPjky4KiJ1JUMrt1aun9Igcf-450.webp,57.81,57.81,50,50,220.12,220.1,54.45,54.43,50.01,49.99,0.01,50.01,Over,219.67,-9.83,45.33,No,,,,,,
N/A,9/26/2026,Davis Warren,Pass Yards,224.5,demon,https://static.prizepicks.com/images/players/NCAAFB/Davis_Warren_NCAAFB_player_ziGTPvZNhtlLAUjm8eTYxWyR-450.webp,https://static.prizepicks.com/images/players/NCAAFB/Davis_Warren_NCAAFB_player_ziGTPvZNhtlLAUjm8eTYxWyR-450.webp,57.81,57.81,50,50,215.78,216,54.32,54.56,49.89,50.11,-0.11,49.89,Over,215.97,-8.53,45.66,No,,,,,,
N/A,9/26/2026,Justice Haynes,Rush Yards,224.5,demon,https://static.prizepicks.com/images/players/NCAAFB/Justice_Haynes_NCAAFB_player_oTSQote2SqysifgSrv2xE2C-450.webp,https://static.prizepicks.com/images/players/NCAAFB/Justice_Haynes_NCAAFB_player_oTSQote2SqysifgSrv2xE2C-450.webp,57.81,57.81,50,50,99.66,100.3,53.78,54.86,49.49,50.51,-0.51,49.49,Over,100.49,-124.01,0.63,No,,,,,,
N/A,9/26/2026,Alberto Mendoza,Pass Yards,220.5,standard,https://static.prizepicks.com/images/players/NCAAFB/Alberto_Mendoza_NCAAFB_player_FPjky4KiJ1JUMrt1aun9Igcf-450.webp,https://static.prizepicks.com/images/players/NCAAFB/Alberto_Mendoza_NCAAFB_player_FPjky4KiJ1JUMrt1aun9Igcf-450.webp,57.81,57.81,50,50,220.12,220.1,54.45,54.43,50.01,49.99,0.01,50.01,Over,219.67,-0.83,49.81,No,,,,,,
N/A,9/26/2026,Davis Warren,Pass Yards,216.5,standard,https://static.prizepicks.com/images/players/NCAAFB/Davis_Warren_NCAAFB_player_ziGTPvZNhtlLAUjm8eTYxWyR-450.webp,https://static.prizepicks.com/images/players/NCAAFB/Davis_Warren_NCAAFB_player_ziGTPvZNhtlLAUjm8eTYxWyR-450.webp,57.81,57.81,50,50,215.78,216,54.32,54.56,49.89,50.11,-0.11,50.11,Under,215.97,-0.53,50.36,Yes,,,,,,
N/A,9/26/2026,Alberto Mendoza,Pass Yards,210.5,goblin,https://static.prizepicks.com/images/players/NCAAFB/Alberto_Mendoza_NCAAFB_player_FPjky4KiJ1JUMrt1aun9Igcf-450.webp,https://static.prizepicks.com/images/players/NCAAFB/Alberto_Mendoza_NCAAFB_player_FPjky4KiJ1JUMrt1aun9Igcf-450.webp,57.81,57.81,50,50,220.12,220.1,54.45,54.43,50.01,49.99,0.01,50.01,Over,219.67,9.17,54.79,Yes,,,,,,
N/A,9/26/2026,Davis Warren,Pass Yards,209.5,goblin,https://static.prizepicks.com/images/players/NCAAFB/Davis_Warren_NCAAFB_player_ziGTPvZNhtlLAUjm8eTYxWyR-450.webp,https://static.prizepicks.com/images/players/NCAAFB/Davis_Warren_NCAAFB_player_ziGTPvZNhtlLAUjm8eTYxWyR-450.webp,57.81,57.81,50,50,215.78,216,54.32,54.56,49.89,50.11,-0.11,49.89,Over,215.97,6.47,53.13,Yes,,,,,,
N/A,9/26/2026,Alberto Mendoza,Pass Yards,199.5,goblin,https://static.prizepicks.com/images/players/NCAAFB/Alberto_Mendoza_NCAAFB_player_FPjky4KiJ1JUMrt1aun9Igcf-450.webp,https://static.prizepicks.com/images/players/NCAAFB/Alberto_Mendoza_NCAAFB_player_FPjky4KiJ1JUMrt1aun9Igcf-450.webp,57.81,57.81,50,50,220.12,220.1,54.45,54.43,50.01,49.99,0.01,50.01,Over,219.67,20.17,60.17,Yes,,,,,,
N/A,9/26/2026,Davis Warren,Pass Yards,199.5,goblin,https://static.prizepicks.com/images/players/NCAAFB/Davis_Warren_NCAAFB_player_ziGTPvZNhtlLAUjm8eTYxWyR-450.webp,https://static.prizepicks.com/images/players/NCAAFB/Davis_Warren_NCAAFB_player_ziGTPvZNhtlLAUjm8eTYxWyR-450.webp,57.81,57.81,50,50,215.78,216,54.32,54.56,49.89,50.11,-0.11,49.89,Over,215.97,16.47,58.06,Yes,,,,,,
N/A,9/26/2026,Micah Ford,Rush Yards,174.5,demon,https://static.prizepicks.com/images/players/NCAAFB/Micah_Ford_NCAAFB_player_ylIY0aal4AF2uAxqVNLjYiyX-450.webp,https://static.prizepicks.com/images/players/NCAAFB/Micah_Ford_NCAAFB_player_ylIY0aal4AF2uAxqVNLjYiyX-450.webp,57.81,57.81,50,50,70.92,71.14,54.17,54.54,49.83,50.17,-0.17,49.83,Over,71.37,-103.13,1.92,No,,,,,,
N/A,9/26/2026,Alberto Mendoza,Pass Yards,159.5,goblin,https://static.prizepicks.com/images/players/NCAAFB/Alberto_Mendoza_NCAAFB_player_FPjky4KiJ1JUMrt1aun9Igcf-450.webp,https://static.prizepicks.com/images/players/NCAAFB/Alberto_Mendoza_NCAAFB_player_FPjky4KiJ1JUMrt1aun9Igcf-450.webp,57.81,57.81,50,50,220.12,220.1,54.45,54.43,50.01,49.99,0.01,50.01,Over,219.67,60.17,77.57,Yes,,,,,,
N/A,9/26/2026,Davis Warren,Pass Yards,149.5,goblin,https://static.prizepicks.com/images/players/NCAAFB/Davis_Warren_NCAAFB_player_ziGTPvZNhtlLAUjm8eTYxWyR-450.webp,https://static.prizepicks.com/images/players/NCAAFB/Davis_Warren_NCAAFB_player_ziGTPvZNhtlLAUjm8eTYxWyR-450.webp,57.81,57.81,50,50,215.78,216,54.32,54.56,49.89,50.11,-0.11,49.89,Over,215.97,66.47,79.63,Yes,,,,,,
N/A,9/26/2026,Caden High,Receiving Yards,149.5,demon,https://static.prizepicks.com/images/players/NCAAFB/Caden_High_NCAAFB_player_ci1vhH1o9qVsXcfwABHTF4tt-450.webp,https://static.prizepicks.com/images/players/NCAAFB/Caden_High_NCAAFB_player_ci1vhH1o9qVsXcfwABHTF4tt-450.webp,57.81,57.81,50,50,49.67,49.68,54.26,54.28,49.99,50.01,-0.01,49.99,Over,49.69,-99.81,0.63,No,,,,,,
N/A,9/26/2026,Justice Haynes,Rush Yards,149.5,demon,https://static.prizepicks.com/images/players/NCAAFB/Justice_Haynes_NCAAFB_player_oTSQote2SqysifgSrv2xE2C-450.webp,https://static.prizepicks.com/images/players/NCAAFB/Justice_Haynes_NCAAFB_player_oTSQote2SqysifgSrv2xE2C-450.webp,57.81,57.81,50,50,99.66,100.3,53.78,54.86,49.49,50.51,-0.51,49.49,Over,100.49,-49.01,15.94,No,,,,,,
N/A,9/26/2026,Jordan Allen,Receiving Yards,139.5,demon,https://static.prizepicks.com/images/players/NCAAFB/Jordan_Allen_NCAAFB_player_y0aS2GCTmGkuDKkOjsLQzv2-450.webp,https://static.prizepicks.com/images/players/NCAAFB/Jordan_Allen_NCAAFB_player_y0aS2GCTmGkuDKkOjsLQzv2-450.webp,57.81,57.81,50,50,52.76,59.5,46.97,63.03,42.72,57.28,-7.28,42.72,Over,55.77,-83.73,1.51,No,,,,,,
N/A,9/26/2026,Justice Haynes,Rush+Rec Yds,130.5,standard,https://static.prizepicks.com/images/players/NCAAFB/Justice_Haynes_NCAAFB_player_oTSQote2SqysifgSrv2xE2C-450.webp,https://static.prizepicks.com/images/players/NCAAFB/Justice_Haynes_NCAAFB_player_oTSQote2SqysifgSrv2xE2C-450.webp,57.81,57.81,50,50,130.5,130.5,55.62,55.62,50,50,0,50,Under,124.84,-5.66,50,Yes,,,,,,
N/A,9/26/2026,Benji Blackburn,Receiving Yards,124.5,demon,https://static.prizepicks.com/images/players/NCAAFB/Benji_Blackburn_NCAAFB_player_q66XDfBsQT7rgfeH6qgiR5xs-450.webp,https://static.prizepicks.com/images/players/NCAAFB/Benji_Blackburn_NCAAFB_player_q66XDfBsQT7rgfeH6qgiR5xs-450.webp,57.81,57.81,50,50,40.28,40.5,54.16,54.63,49.78,50.22,-0.22,49.78,Over,40.53,-83.97,1.76,No,,,,,,
N/A,9/26/2026,Dalen Penson,Receiving Yards,124.5,demon,https://static.prizepicks.com/images/players/NCAAFB/Dalen_Penson_NCAAFB_player_BmE8NgWAVn1HaUMca6YlHb6K-450.webp,https://static.prizepicks.com/images/players/NCAAFB/Dalen_Penson_NCAAFB_player_BmE8NgWAVn1HaUMca6YlHb6K-450.webp,57.81,57.81,50,50,44.54,44.5,54.45,54.36,50.04,49.96,0.04,50.04,Over,44.66,-79.84,2.28,No,,,,,,
N/A,9/26/2026,Kevin Roche Jr.,Receiving Yards,109.5,demon,https://static.prizepicks.com/images/players/NCAAFB/Kevin_Roche_NCAAFB_player_rjaFoMsfxnJCDFPsdoYWWucC-450.webp,https://static.prizepicks.com/images/players/NCAAFB/Kevin_Roche_NCAAFB_player_rjaFoMsfxnJCDFPsdoYWWucC-450.webp,57.81,57.81,50,50,30.84,29.93,56.43,54.41,50.91,49.09,0.91,50.91,Over,30.95,-78.55,2.46,No,,,,,,
N/A,9/26/2026,Justice Haynes,Rush Yards,108.5,demon,https://static.prizepicks.com/images/players/NCAAFB/Justice_Haynes_NCAAFB_player_oTSQote2SqysifgSrv2xE2C-450.webp,https://static.prizepicks.com/images/players/NCAAFB/Justice_Haynes_NCAAFB_player_oTSQote2SqysifgSrv2xE2C-450.webp,57.81,57.81,50,50,99.66,100.3,53.78,54.86,49.49,50.51,-0.51,49.49,Over,100.49,-8.01,42.98,No,,,,,,
N/A,9/26/2026,Justice Haynes,Rush Yards,99.5,standard,https://static.prizepicks.com/images/players/NCAAFB/Justice_Haynes_NCAAFB_player_oTSQote2SqysifgSrv2xE2C-450.webp,https://static.prizepicks.com/images/players/NCAAFB/Justice_Haynes_NCAAFB_player_oTSQote2SqysifgSrv2xE2C-450.webp,57.81,57.81,50,50,99.66,100.3,53.78,54.86,49.49,50.51,-0.51,50.51,Under,100.49,0.99,49.87,No,,,,,,
N/A,9/26/2026,Justice Haynes,Receiving Yards,99.5,demon,https://static.prizepicks.com/images/players/NCAAFB/Justice_Haynes_NCAAFB_player_oTSQote2SqysifgSrv2xE2C-450.webp,https://static.prizepicks.com/images/players/NCAAFB/Justice_Haynes_NCAAFB_player_oTSQote2SqysifgSrv2xE2C-450.webp,57.81,57.81,50,50,18.31,18.61,54.23,54.86,49.7,50.3,-0.3,49.7,Over,18.56,-80.94,2.12,No,,,,,,
N/A,9/26/2026,Micah Ford,Rush Yards,89.5,demon,https://static.prizepicks.com/images/players/NCAAFB/Micah_Ford_NCAAFB_player_ylIY0aal4AF2uAxqVNLjYiyX-450.webp,https://static.prizepicks.com/images/players/NCAAFB/Micah_Ford_NCAAFB_player_ylIY0aal4AF2uAxqVNLjYiyX-450.webp,57.81,57.81,50,50,70.92,71.14,54.17,54.54,49.83,50.17,-0.17,49.83,Over,71.37,-18.13,35.51,No,,,,,,
N/A,9/26/2026,Justice Haynes,Rush Yards,89.5,goblin,https://static.prizepicks.com/images/players/NCAAFB/Justice_Haynes_NCAAFB_player_oTSQote2SqysifgSrv2xE2C-450.webp,https://static.prizepicks.com/images/players/NCAAFB/Justice_Haynes_NCAAFB_player_oTSQote2SqysifgSrv2xE2C-450.webp,57.81,57.81,50,50,99.66,100.3,53.78,54.86,49.49,50.51,-0.51,49.49,Over,100.49,10.99,58.05,Yes,,,,,,
N/A,9/26/2026,Micah Ford,Rush Yards,79.5,demon,https://static.prizepicks.com/images/players/NCAAFB/Micah_Ford_NCAAFB_player_ylIY0aal4AF2uAxqVNLjYiyX-450.webp,https://static.prizepicks.com/images/players/NCAAFB/Micah_Ford_NCAAFB_player_ylIY0aal4AF2uAxqVNLjYiyX-450.webp,57.81,57.81,50,50,70.92,71.14,54.17,54.54,49.83,50.17,-0.17,49.83,Over,71.37,-8.13,43.19,No,,,,,,
N/A,9/26/2026,Micah Ford,Rush Yards,72.5,standard,https://static.prizepicks.com/images/players/NCAAFB/Micah_Ford_NCAAFB_player_ylIY0aal4AF2uAxqVNLjYiyX-450.webp,https://static.prizepicks.com/images/players/NCAAFB/Micah_Ford_NCAAFB_player_ylIY0aal4AF2uAxqVNLjYiyX-450.webp,57.81,57.81,50,50,70.92,71.14,54.17,54.54,49.83,50.17,-0.17,50.17,Under,71.37,-1.13,51.26,Yes,,,,,,
N/A,9/26/2026,Caden High,Receiving Yards,69.5,demon,https://static.prizepicks.com/images/players/NCAAFB/Caden_High_NCAAFB_player_ci1vhH1o9qVsXcfwABHTF4tt-450.webp,https://static.prizepicks.com/images/players/NCAAFB/Caden_High_NCAAFB_player_ci1vhH1o9qVsXcfwABHTF4tt-450.webp,57.81,57.81,50,50,49.67,49.68,54.26,54.28,49.99,50.01,-0.01,49.99,Over,49.69,-19.81,31,No,,,,,,
N/A,9/26/2026,Jordan Allen,Receiving Yards,69.5,demon,https://static.prizepicks.com/images/players/NCAAFB/Jordan_Allen_NCAAFB_player_y0aS2GCTmGkuDKkOjsLQzv2-450.webp,https://static.prizepicks.com/images/players/NCAAFB/Jordan_Allen_NCAAFB_player_y0aS2GCTmGkuDKkOjsLQzv2-450.webp,57.81,57.81,50,50,52.76,59.5,46.97,63.03,42.72,57.28,-7.28,42.72,Over,55.77,-13.73,33.78,No,,,,,,
N/A,9/26/2026,Micah Ford,Receiving Yards,69.5,demon,https://static.prizepicks.com/images/players/NCAAFB/Micah_Ford_NCAAFB_player_ylIY0aal4AF2uAxqVNLjYiyX-450.webp,https://static.prizepicks.com/images/players/NCAAFB/Micah_Ford_NCAAFB_player_ylIY0aal4AF2uAxqVNLjYiyX-450.webp,57.81,57.81,50,50,9.37,9.5,53.95,54.47,49.76,50.24,-0.24,49.76,Over,9.22,-60.28,6.64,No,,,,,,
N/A,9/26/2026,Benji Blackburn,Receiving Yards,59.5,demon,https://static.prizepicks.com/images/players/NCAAFB/Benji_Blackburn_NCAAFB_player_q66XDfBsQT7rgfeH6qgiR5xs-450.webp,https://static.prizepicks.com/images/players/NCAAFB/Benji_Blackburn_NCAAFB_player_q66XDfBsQT7rgfeH6qgiR5xs-450.webp,57.81,57.81,50,50,40.28,40.5,54.16,54.63,49.78,50.22,-0.22,49.78,Over,40.53,-18.97,31.54,No,,,,,,
N/A,9/26/2026,Caden High,Receiving Yards,59.5,demon,https://static.prizepicks.com/images/players/NCAAFB/Caden_High_NCAAFB_player_ci1vhH1o9qVsXcfwABHTF4tt-450.webp,https://static.prizepicks.com/images/players/NCAAFB/Caden_High_NCAAFB_player_ci1vhH1o9qVsXcfwABHTF4tt-450.webp,57.81,57.81,50,50,49.67,49.68,54.26,54.28,49.99,50.01,-0.01,49.99,Over,49.69,-9.81,40.29,No,,,,,,
N/A,9/26/2026,Dalen Penson,Receiving Yards,59.5,demon,https://static.prizepicks.com/images/players/NCAAFB/Dalen_Penson_NCAAFB_player_BmE8NgWAVn1HaUMca6YlHb6K-450.webp,https://static.prizepicks.com/images/players/NCAAFB/Dalen_Penson_NCAAFB_player_BmE8NgWAVn1HaUMca6YlHb6K-450.webp,57.81,57.81,50,50,44.54,44.5,54.45,54.36,50.04,49.96,0.04,50.04,Over,44.66,-14.84,35.42,No,,,,,,
N/A,9/26/2026,Justice Haynes,Rush Yards,59.5,goblin,https://static.prizepicks.com/images/players/NCAAFB/Justice_Haynes_NCAAFB_player_oTSQote2SqysifgSrv2xE2C-450.webp,https://static.prizepicks.com/images/players/NCAAFB/Justice_Haynes_NCAAFB_player_oTSQote2SqysifgSrv2xE2C-450.webp,57.81,57.81,50,50,99.66,100.3,53.78,54.86,49.49,50.51,-0.51,49.49,Over,100.49,40.99,78.91,Yes,,,,,,
N/A,9/26/2026,Micah Ford,Rush Yards,59.5,goblin,https://static.prizepicks.com/images/players/NCAAFB/Micah_Ford_NCAAFB_player_ylIY0aal4AF2uAxqVNLjYiyX-450.webp,https://static.prizepicks.com/images/players/NCAAFB/Micah_Ford_NCAAFB_player_ylIY0aal4AF2uAxqVNLjYiyX-450.webp,57.81,57.81,50,50,70.92,71.14,54.17,54.54,49.83,50.17,-0.17,49.83,Over,71.37,11.87,59.03,Yes,,,,,,
N/A,9/26/2026,Jordan Allen,Receiving Yards,59.5,demon,https://static.prizepicks.com/images/players/NCAAFB/Jordan_Allen_NCAAFB_player_y0aS2GCTmGkuDKkOjsLQzv2-450.webp,https://static.prizepicks.com/images/players/NCAAFB/Jordan_Allen_NCAAFB_player_y0aS2GCTmGkuDKkOjsLQzv2-450.webp,57.81,57.81,50,50,52.76,59.5,46.97,63.03,42.72,57.28,-7.28,42.72,Over,55.77,-3.73,43.31,No,,,,,,
N/A,9/26/2026,Caden High,Receiving Yards,49.5,standard,https://static.prizepicks.com/images/players/NCAAFB/Caden_High_NCAAFB_player_ci1vhH1o9qVsXcfwABHTF4tt-450.webp,https://static.prizepicks.com/images/players/NCAAFB/Caden_High_NCAAFB_player_ci1vhH1o9qVsXcfwABHTF4tt-450.webp,57.81,57.81,50,50,49.67,49.68,54.26,54.28,49.99,50.01,-0.01,50.01,Under,49.69,0.19,49.83,No,,,,,,
N/A,9/26/2026,Jordan Allen,Receiving Yards,49.5,goblin,https://static.prizepicks.com/images/players/NCAAFB/Jordan_Allen_NCAAFB_player_y0aS2GCTmGkuDKkOjsLQzv2-450.webp,https://static.prizepicks.com/images/players/NCAAFB/Jordan_Allen_NCAAFB_player_y0aS2GCTmGkuDKkOjsLQzv2-450.webp,57.81,57.81,50,50,52.76,59.5,46.97,63.03,42.72,57.28,-7.28,42.72,Over,55.77,6.27,53.25,Yes,,,,,,
N/A,9/26/2026,Micah Ford,Rush Yards,49.5,goblin,https://static.prizepicks.com/images/players/NCAAFB/Micah_Ford_NCAAFB_player_ylIY0aal4AF2uAxqVNLjYiyX-450.webp,https://static.prizepicks.com/images/players/NCAAFB/Micah_Ford_NCAAFB_player_ylIY0aal4AF2uAxqVNLjYiyX-450.webp,57.81,57.81,50,50,70.92,71.14,54.17,54.54,49.83,50.17,-0.17,49.83,Over,71.37,21.87,66.58,Yes,,,,,,
N/A,9/26/2026,Kevin Roche Jr.,Receiving Yards,49.5,demon,https://static.prizepicks.com/images/players/NCAAFB/Kevin_Roche_NCAAFB_player_rjaFoMsfxnJCDFPsdoYWWucC-450.webp,https://static.prizepicks.com/images/players/NCAAFB/Kevin_Roche_NCAAFB_player_rjaFoMsfxnJCDFPsdoYWWucC-450.webp,57.81,57.81,50,50,30.84,29.93,56.43,54.41,50.91,49.09,0.91,50.91,Over,30.95,-18.55,32.04,No,,,,,,
N/A,9/26/2026,Benji Blackburn,Receiving Yards,49.5,demon,https://static.prizepicks.com/images/players/NCAAFB/Benji_Blackburn_NCAAFB_player_q66XDfBsQT7rgfeH6qgiR5xs-450.webp,https://static.prizepicks.com/images/players/NCAAFB/Benji_Blackburn_NCAAFB_player_q66XDfBsQT7rgfeH6qgiR5xs-450.webp,57.81,57.81,50,50,40.28,40.5,54.16,54.63,49.78,50.22,-0.22,49.78,Over,40.53,-8.97,40.89,No,,,,,,
N/A,9/26/2026,Dalen Penson,Receiving Yards,49.5,demon,https://static.prizepicks.com/images/players/NCAAFB/Dalen_Penson_NCAAFB_player_BmE8NgWAVn1HaUMca6YlHb6K-450.webp,https://static.prizepicks.com/images/players/NCAAFB/Dalen_Penson_NCAAFB_player_BmE8NgWAVn1HaUMca6YlHb6K-450.webp,57.81,57.81,50,50,44.54,44.5,54.45,54.36,50.04,49.96,0.04,50.04,Over,44.66,-4.84,45.07,No,,,,,,
N/A,9/26/2026,Dalen Penson,Receiving Yards,44.5,standard,https://static.prizepicks.com/images/players/NCAAFB/Dalen_Penson_NCAAFB_player_BmE8NgWAVn1HaUMca6YlHb6K-450.webp,https://static.prizepicks.com/images/players/NCAAFB/Dalen_Penson_NCAAFB_player_BmE8NgWAVn1HaUMca6YlHb6K-450.webp,57.81,57.81,50,50,44.54,44.5,54.45,54.36,50.04,49.96,0.04,50.04,Over,44.66,0.16,50.04,Yes,,,,,,
N/A,9/26/2026,Davis Warren,Pass Attempts,43.5,demon,https://static.prizepicks.com/images/players/NCAAFB/Davis_Warren_NCAAFB_player_ziGTPvZNhtlLAUjm8eTYxWyR-450.webp,https://static.prizepicks.com/images/players/NCAAFB/Davis_Warren_NCAAFB_player_ziGTPvZNhtlLAUjm8eTYxWyR-450.webp,57.81,57.81,50,50,32.55,32.25,56.34,54.27,50.95,49.05,0.95,50.95,Over,32.06,-11.44,3.2,No,,,,,,
N/A,9/26/2026,Benji Blackburn,Receiving Yards,40.5,standard,https://static.prizepicks.com/images/players/NCAAFB/Benji_Blackburn_NCAAFB_player_q66XDfBsQT7rgfeH6qgiR5xs-450.webp,https://static.prizepicks.com/images/players/NCAAFB/Benji_Blackburn_NCAAFB_player_q66XDfBsQT7rgfeH6qgiR5xs-450.webp,57.81,57.81,50,50,40.28,40.5,54.16,54.63,49.78,50.22,-0.22,50.22,Under,40.53,0.03,50.22,No,,,,,,
N/A,9/26/2026,Caden High,Receiving Yards,39.5,goblin,https://static.prizepicks.com/images/players/NCAAFB/Caden_High_NCAAFB_player_ci1vhH1o9qVsXcfwABHTF4tt-450.webp,https://static.prizepicks.com/images/players/NCAAFB/Caden_High_NCAAFB_player_ci1vhH1o9qVsXcfwABHTF4tt-450.webp,57.81,57.81,50,50,49.67,49.68,54.26,54.28,49.99,50.01,-0.01,49.99,Over,49.69,10.19,60.03,Yes,,,,,,
N/A,9/26/2026,Dalen Penson,Receiving Yards,39.5,goblin,https://static.prizepicks.com/images/players/NCAAFB/Dalen_Penson_NCAAFB_player_BmE8NgWAVn1HaUMca6YlHb6K-450.webp,https://static.prizepicks.com/images/players/NCAAFB/Dalen_Penson_NCAAFB_player_BmE8NgWAVn1HaUMca6YlHb6K-450.webp,57.81,57.81,50,50,44.54,44.5,54.45,54.36,50.04,49.96,0.04,50.04,Over,44.66,5.16,55.01,Yes,,,,,,
N/A,9/26/2026,Justice Haynes,Receiving Yards,39.5,demon,https://static.prizepicks.com/images/players/NCAAFB/Justice_Haynes_NCAAFB_player_oTSQote2SqysifgSrv2xE2C-450.webp,https://static.prizepicks.com/images/players/NCAAFB/Justice_Haynes_NCAAFB_player_oTSQote2SqysifgSrv2xE2C-450.webp,57.81,57.81,50,50,18.31,18.61,54.23,54.86,49.7,50.3,-0.3,49.7,Over,18.56,-20.94,29.81,No,,,,,,
N/A,9/26/2026,Kevin Roche Jr.,Receiving Yards,39.5,demon,https://static.prizepicks.com/images/players/NCAAFB/Kevin_Roche_NCAAFB_player_rjaFoMsfxnJCDFPsdoYWWucC-450.webp,https://static.prizepicks.com/images/players/NCAAFB/Kevin_Roche_NCAAFB_player_rjaFoMsfxnJCDFPsdoYWWucC-450.webp,57.81,57.81,50,50,30.84,29.93,56.43,54.41,50.91,49.09,0.91,50.91,Over,30.95,-8.55,41.43,No,,,,,,
N/A,9/26/2026,Alberto Mendoza,Longest Completion,38.5,standard,https://static.prizepicks.com/images/players/NCAAFB/Alberto_Mendoza_NCAAFB_player_FPjky4KiJ1JUMrt1aun9Igcf-450.webp,https://static.prizepicks.com/images/players/NCAAFB/Alberto_Mendoza_NCAAFB_player_FPjky4KiJ1JUMrt1aun9Igcf-450.webp,57.81,57.81,50,50,38.5,,,,,,,,,,,50,,,,,,,
N/A,9/26/2026,Alberto Mendoza,Pass Attempts,37.5,demon,https://static.prizepicks.com/images/players/NCAAFB/Alberto_Mendoza_NCAAFB_player_FPjky4KiJ1JUMrt1aun9Igcf-450.webp,https://static.prizepicks.com/images/players/NCAAFB/Alberto_Mendoza_NCAAFB_player_FPjky4KiJ1JUMrt1aun9Igcf-450.webp,57.81,57.81,50,50,28.39,28.25,55.09,55.65,49.74,50.26,-0.26,49.74,Over,28.02,-9.48,4.86,No,,,,,,
N/A,9/26/2026,Davis Warren,Pass Attempts,35.5,demon,https://static.prizepicks.com/images/players/NCAAFB/Davis_Warren_NCAAFB_player_ziGTPvZNhtlLAUjm8eTYxWyR-450.webp,https://static.prizepicks.com/images/players/NCAAFB/Davis_Warren_NCAAFB_player_ziGTPvZNhtlLAUjm8eTYxWyR-450.webp,57.81,57.81,50,50,32.55,32.25,56.34,54.27,50.95,49.05,0.95,50.95,Over,32.06,-3.44,29.51,No,,,,,,
N/A,9/26/2026,Davis Warren,Longest Completion,34.5,standard,https://static.prizepicks.com/images/players/NCAAFB/Davis_Warren_NCAAFB_player_ziGTPvZNhtlLAUjm8eTYxWyR-450.webp,https://static.prizepicks.com/images/players/NCAAFB/Davis_Warren_NCAAFB_player_ziGTPvZNhtlLAUjm8eTYxWyR-450.webp,57.81,57.81,50,50,34.5,,,,,,,,,,,50,,,,,,,
N/A,9/26/2026,Micah Ford,Rush Yards,34.5,goblin,https://static.prizepicks.com/images/players/NCAAFB/Micah_Ford_NCAAFB_player_ylIY0aal4AF2uAxqVNLjYiyX-450.webp,https://static.prizepicks.com/images/players/NCAAFB/Micah_Ford_NCAAFB_player_ylIY0aal4AF2uAxqVNLjYiyX-450.webp,57.81,57.81,50,50,70.92,71.14,54.17,54.54,49.83,50.17,-0.17,49.83,Over,71.37,36.87,76.68,Yes,,,,,,
N/A,9/26/2026,Davis Warren,Pass Attempts,32.5,standard,https://static.prizepicks.com/images/players/NCAAFB/Davis_Warren_NCAAFB_player_ziGTPvZNhtlLAUjm8eTYxWyR-450.webp,https://static.prizepicks.com/images/players/NCAAFB/Davis_Warren_NCAAFB_player_ziGTPvZNhtlLAUjm8eTYxWyR-450.webp,57.81,57.81,50,50,32.55,32.25,56.34,54.27,50.95,49.05,0.95,50.95,Over,32.06,-0.44,49.18,No,,,,,,
N/A,9/26/2026,Benji Blackburn,Receiving Yards,32.5,goblin,https://static.prizepicks.com/images/players/NCAAFB/Benji_Blackburn_NCAAFB_player_q66XDfBsQT7rgfeH6qgiR5xs-450.webp,https://static.prizepicks.com/images/players/NCAAFB/Benji_Blackburn_NCAAFB_player_q66XDfBsQT7rgfeH6qgiR5xs-450.webp,57.81,57.81,50,50,40.28,40.5,54.16,54.63,49.78,50.22,-0.22,49.78,Over,40.53,8.03,57.71,Yes,,,,,,
N/A,9/26/2026,Davis Warren,Pass Attempts,31.5,goblin,https://static.prizepicks.com/images/players/NCAAFB/Davis_Warren_NCAAFB_player_ziGTPvZNhtlLAUjm8eTYxWyR-450.webp,https://static.prizepicks.com/images/players/NCAAFB/Davis_Warren_NCAAFB_player_ziGTPvZNhtlLAUjm8eTYxWyR-450.webp,57.81,57.81,50,50,32.55,32.25,56.34,54.27,50.95,49.05,0.95,50.95,Over,32.06,0.56,56.18,Yes,,,,,,
N/A,9/26/2026,Alberto Mendoza,Pass Attempts,31.5,demon,https://static.prizepicks.com/images/players/NCAAFB/Alberto_Mendoza_NCAAFB_player_FPjky4KiJ1JUMrt1aun9Igcf-450.webp,https://static.prizepicks.com/images/players/NCAAFB/Alberto_Mendoza_NCAAFB_player_FPjky4KiJ1JUMrt1aun9Igcf-450.webp,57.81,57.81,50,50,28.39,28.25,55.09,55.65,49.74,50.26,-0.26,49.74,Over,28.02,-3.48,27.28,No,,,,,,
N/A,9/26/2026,Kevin Roche Jr.,Receiving Yards,30.5,standard,https://static.prizepicks.com/images/players/NCAAFB/Kevin_Roche_NCAAFB_player_rjaFoMsfxnJCDFPsdoYWWucC-450.webp,https://static.prizepicks.com/images/players/NCAAFB/Kevin_Roche_NCAAFB_player_rjaFoMsfxnJCDFPsdoYWWucC-450.webp,57.81,57.81,50,50,30.84,29.93,56.43,54.41,50.91,49.09,0.91,50.91,Over,30.95,0.45,50.34,Yes,,,,,,
N/A,9/26/2026,Davis Warren,Pass Attempts,29.5,goblin,https://static.prizepicks.com/images/players/NCAAFB/Davis_Warren_NCAAFB_player_ziGTPvZNhtlLAUjm8eTYxWyR-450.webp,https://static.prizepicks.com/images/players/NCAAFB/Davis_Warren_NCAAFB_player_ziGTPvZNhtlLAUjm8eTYxWyR-450.webp,57.81,57.81,50,50,32.55,32.25,56.34,54.27,50.95,49.05,0.95,50.95,Over,32.06,2.56,69.62,Yes,,,,,,
N/A,9/26/2026,Benji Blackburn,Receiving Yards,29.5,goblin,https://static.prizepicks.com/images/players/NCAAFB/Benji_Blackburn_NCAAFB_player_q66XDfBsQT7rgfeH6qgiR5xs-450.webp,https://static.prizepicks.com/images/players/NCAAFB/Benji_Blackburn_NCAAFB_player_q66XDfBsQT7rgfeH6qgiR5xs-450.webp,57.81,57.81,50,50,40.28,40.5,54.16,54.63,49.78,50.22,-0.22,49.78,Over,40.53,11.03,60.62,Yes,,,,,,
N/A,9/26/2026,Caden High,Receiving Yards,29.5,goblin,https://static.prizepicks.com/images/players/NCAAFB/Caden_High_NCAAFB_player_ci1vhH1o9qVsXcfwABHTF4tt-450.webp,https://static.prizepicks.com/images/players/NCAAFB/Caden_High_NCAAFB_player_ci1vhH1o9qVsXcfwABHTF4tt-450.webp,57.81,57.81,50,50,49.67,49.68,54.26,54.28,49.99,50.01,-0.01,49.99,Over,49.69,20.19,69.3,Yes,,,,,,
N/A,9/26/2026,Alberto Mendoza,Pass Attempts,28.5,standard,https://static.prizepicks.com/images/players/NCAAFB/Alberto_Mendoza_NCAAFB_player_FPjky4KiJ1JUMrt1aun9Igcf-450.webp,https://static.prizepicks.com/images/players/NCAAFB/Alberto_Mendoza_NCAAFB_player_FPjky4KiJ1JUMrt1aun9Igcf-450.webp,57.81,57.81,50,50,28.39,28.25,55.09,55.65,49.74,50.26,-0.26,50.26,Under,28.02,-0.48,52.07,Yes,,,,,,
N/A,9/26/2026,Alberto Mendoza,Pass Attempts,27.5,goblin,https://static.prizepicks.com/images/players/NCAAFB/Alberto_Mendoza_NCAAFB_player_FPjky4KiJ1JUMrt1aun9Igcf-450.webp,https://static.prizepicks.com/images/players/NCAAFB/Alberto_Mendoza_NCAAFB_player_FPjky4KiJ1JUMrt1aun9Igcf-450.webp,57.81,57.81,50,50,28.39,28.25,55.09,55.65,49.74,50.26,-0.26,49.74,Over,28.02,0.52,55.42,Yes,,,,,,
N/A,9/26/2026,Davis Warren,Pass Completions,27.5,demon,https://static.prizepicks.com/images/players/NCAAFB/Davis_Warren_NCAAFB_player_ziGTPvZNhtlLAUjm8eTYxWyR-450.webp,https://static.prizepicks.com/images/players/NCAAFB/Davis_Warren_NCAAFB_player_ziGTPvZNhtlLAUjm8eTYxWyR-450.webp,57.81,57.81,50,50,19.05,19.17,52.6,58.15,47.44,52.56,-2.56,47.44,Over,19.16,-8.34,3.21,No,,,,,,
N/A,9/26/2026,Alberto Mendoza,Pass Attempts,25.5,goblin,https://static.prizepicks.com/images/players/NCAAFB/Alberto_Mendoza_NCAAFB_player_FPjky4KiJ1JUMrt1aun9Igcf-450.webp,https://static.prizepicks.com/images/players/NCAAFB/Alberto_Mendoza_NCAAFB_player_FPjky4KiJ1JUMrt1aun9Igcf-450.webp,57.81,57.81,50,50,28.39,28.25,55.09,55.65,49.74,50.26,-0.26,49.74,Over,28.02,2.52,69.85,Yes,,,,,,
N/A,9/26/2026,Alberto Mendoza,Pass Completions,25.5,demon,https://static.prizepicks.com/images/players/NCAAFB/Alberto_Mendoza_NCAAFB_player_FPjky4KiJ1JUMrt1aun9Igcf-450.webp,https://static.prizepicks.com/images/players/NCAAFB/Alberto_Mendoza_NCAAFB_player_FPjky4KiJ1JUMrt1aun9Igcf-450.webp,57.81,57.81,50,50,18.74,18.5,56.29,54.91,50.63,49.37,0.63,50.63,Over,18.62,-6.88,6.47,No,,,,,,
N/A,9/26/2026,Justice Haynes,Receiving Yards,24.5,demon,https://static.prizepicks.com/images/players/NCAAFB/Justice_Haynes_NCAAFB_player_oTSQote2SqysifgSrv2xE2C-450.webp,https://static.prizepicks.com/images/players/NCAAFB/Justice_Haynes_NCAAFB_player_oTSQote2SqysifgSrv2xE2C-450.webp,57.81,57.81,50,50,18.31,18.61,54.23,54.86,49.7,50.3,-0.3,49.7,Over,18.56,-5.94,43.85,No,,,,,,
N/A,9/26/2026,Dalen Penson,Receiving Yards,24.5,goblin,https://static.prizepicks.com/images/players/NCAAFB/Dalen_Penson_NCAAFB_player_BmE8NgWAVn1HaUMca6YlHb6K-450.webp,https://static.prizepicks.com/images/players/NCAAFB/Dalen_Penson_NCAAFB_player_BmE8NgWAVn1HaUMca6YlHb6K-450.webp,57.81,57.81,50,50,44.54,44.5,54.45,54.36,50.04,49.96,0.04,50.04,Over,44.66,20.16,69.18,Yes,,,,,,
N/A,9/26/2026,Kevin Roche Jr.,Receiving Yards,24.5,goblin,https://static.prizepicks.com/images/players/NCAAFB/Kevin_Roche_NCAAFB_player_rjaFoMsfxnJCDFPsdoYWWucC-450.webp,https://static.prizepicks.com/images/players/NCAAFB/Kevin_Roche_NCAAFB_player_rjaFoMsfxnJCDFPsdoYWWucC-450.webp,57.81,57.81,50,50,30.84,29.93,56.43,54.41,50.91,49.09,0.91,50.91,Over,30.95,6.45,56.3,Yes,,,,,,
N/A,9/26/2026,Justice Haynes,Longest Rush,23.5,standard,https://static.prizepicks.com/images/players/NCAAFB/Justice_Haynes_NCAAFB_player_oTSQote2SqysifgSrv2xE2C-450.webp,https://static.prizepicks.com/images/players/NCAAFB/Justice_Haynes_NCAAFB_player_oTSQote2SqysifgSrv2xE2C-450.webp,57.81,57.81,50,50,23.5,,,,,,,,,,,50,,,,,,,
N/A,9/26/2026,Dalen Penson,Longest Reception,21.5,standard,https://static.prizepicks.com/images/players/NCAAFB/Dalen_Penson_NCAAFB_player_BmE8NgWAVn1HaUMca6YlHb6K-450.webp,https://static.prizepicks.com/images/players/NCAAFB/Dalen_Penson_NCAAFB_player_BmE8NgWAVn1HaUMca6YlHb6K-450.webp,57.81,57.81,50,50,21.5,,,,,,,,,,,50,,,,,,,
N/A,9/26/2026,Justice Haynes,Fantasy Score,20.5,standard,https://static.prizepicks.com/images/players/NCAAFB/Justice_Haynes_NCAAFB_player_oTSQote2SqysifgSrv2xE2C-450.webp,https://static.prizepicks.com/images/players/NCAAFB/Justice_Haynes_NCAAFB_player_oTSQote2SqysifgSrv2xE2C-450.webp,57.81,57.81,50,50,19.94,19.94,48.72,51.28,48.72,51.28,-1.28,51.28,Under,21.12,0.62,51.28,No,,,,,,
N/A,9/26/2026,Caden High,Longest Reception,19.5,standard,https://static.prizepicks.com/images/players/NCAAFB/Caden_High_NCAAFB_player_ci1vhH1o9qVsXcfwABHTF4tt-450.webp,https://static.prizepicks.com/images/players/NCAAFB/Caden_High_NCAAFB_player_ci1vhH1o9qVsXcfwABHTF4tt-450.webp,57.81,57.81,50,50,19.5,,,,,,,,,,,50,,,,,,,
N/A,9/26/2026,Micah Ford,Receiving Yards,19.5,demon,https://static.prizepicks.com/images/players/NCAAFB/Micah_Ford_NCAAFB_player_ylIY0aal4AF2uAxqVNLjYiyX-450.webp,https://static.prizepicks.com/images/players/NCAAFB/Micah_Ford_NCAAFB_player_ylIY0aal4AF2uAxqVNLjYiyX-450.webp,57.81,57.81,50,50,9.37,9.5,53.95,54.47,49.76,50.24,-0.24,49.76,Over,9.22,-10.28,40,No,,,,,,
N/A,9/26/2026,Kevin Roche Jr.,Receiving Yards,19.5,goblin,https://static.prizepicks.com/images/players/NCAAFB/Kevin_Roche_NCAAFB_player_rjaFoMsfxnJCDFPsdoYWWucC-450.webp,https://static.prizepicks.com/images/players/NCAAFB/Kevin_Roche_NCAAFB_player_rjaFoMsfxnJCDFPsdoYWWucC-450.webp,57.81,57.81,50,50,30.84,29.93,56.43,54.41,50.91,49.09,0.91,50.91,Over,30.95,11.45,61.16,Yes,,,,,,
N/A,9/26/2026,Justice Haynes,Rush Attempts,19.5,standard,https://static.prizepicks.com/images/players/NCAAFB/Justice_Haynes_NCAAFB_player_oTSQote2SqysifgSrv2xE2C-450.webp,https://static.prizepicks.com/images/players/NCAAFB/Justice_Haynes_NCAAFB_player_oTSQote2SqysifgSrv2xE2C-450.webp,57.81,57.81,50,50,19.38,19.17,56.53,55.75,50.35,49.65,0.35,50.35,Over,18.89,-0.61,47.4,No,,,,,,
N/A,9/26/2026,Benji Blackburn,Receiving Yards,19.5,goblin,https://static.prizepicks.com/images/players/NCAAFB/Benji_Blackburn_NCAAFB_player_q66XDfBsQT7rgfeH6qgiR5xs-450.webp,https://static.prizepicks.com/images/players/NCAAFB/Benji_Blackburn_NCAAFB_player_q66XDfBsQT7rgfeH6qgiR5xs-450.webp,57.81,57.81,50,50,40.28,40.5,54.16,54.63,49.78,50.22,-0.22,49.78,Over,40.53,21.03,69.83,Yes,,,,,,
N/A,9/26/2026,Caden High,Receiving Yards,19.5,goblin,https://static.prizepicks.com/images/players/NCAAFB/Caden_High_NCAAFB_player_ci1vhH1o9qVsXcfwABHTF4tt-450.webp,https://static.prizepicks.com/images/players/NCAAFB/Caden_High_NCAAFB_player_ci1vhH1o9qVsXcfwABHTF4tt-450.webp,57.81,57.81,50,50,49.67,49.68,54.26,54.28,49.99,50.01,-0.01,49.99,Over,49.69,30.19,77.47,Yes,,,,,,
N/A,9/26/2026,Davis Warren,Pass Completions,19.5,demon,https://static.prizepicks.com/images/players/NCAAFB/Davis_Warren_NCAAFB_player_ziGTPvZNhtlLAUjm8eTYxWyR-450.webp,https://static.prizepicks.com/images/players/NCAAFB/Davis_Warren_NCAAFB_player_ziGTPvZNhtlLAUjm8eTYxWyR-450.webp,57.81,57.81,50,50,19.05,19.17,52.6,58.15,47.44,52.56,-2.56,47.44,Over,19.16,-0.34,44.39,No,,,,,,
N/A,9/26/2026,Dalen Penson,Receiving Yards,19.5,goblin,https://static.prizepicks.com/images/players/NCAAFB/Dalen_Penson_NCAAFB_player_BmE8NgWAVn1HaUMca6YlHb6K-450.webp,https://static.prizepicks.com/images/players/NCAAFB/Dalen_Penson_NCAAFB_player_BmE8NgWAVn1HaUMca6YlHb6K-450.webp,57.81,57.81,50,50,44.54,44.5,54.45,54.36,50.04,49.96,0.04,50.04,Over,44.66,25.16,73.43,Yes,,,,,,
N/A,9/26/2026,Alberto Mendoza,Pass Completions,19.5,demon,https://static.prizepicks.com/images/players/NCAAFB/Alberto_Mendoza_NCAAFB_player_FPjky4KiJ1JUMrt1aun9Igcf-450.webp,https://static.prizepicks.com/images/players/NCAAFB/Alberto_Mendoza_NCAAFB_player_FPjky4KiJ1JUMrt1aun9Igcf-450.webp,57.81,57.81,50,50,18.74,18.5,56.29,54.91,50.63,49.37,0.63,50.63,Over,18.62,-0.88,41.57,No,,,,,,
N/A,9/26/2026,Davis Warren,Pass Completions,18.5,standard,https://static.prizepicks.com/images/players/NCAAFB/Davis_Warren_NCAAFB_player_ziGTPvZNhtlLAUjm8eTYxWyR-450.webp,https://static.prizepicks.com/images/players/NCAAFB/Davis_Warren_NCAAFB_player_ziGTPvZNhtlLAUjm8eTYxWyR-450.webp,57.81,57.81,50,50,19.05,19.17,52.6,58.15,47.44,52.56,-2.56,52.56,Under,19.16,0.66,46.49,No,,,,,,
N/A,9/26/2026,Justice Haynes,Receiving Yards,18.5,standard,https://static.prizepicks.com/images/players/NCAAFB/Justice_Haynes_NCAAFB_player_oTSQote2SqysifgSrv2xE2C-450.webp,https://static.prizepicks.com/images/players/NCAAFB/Justice_Haynes_NCAAFB_player_oTSQote2SqysifgSrv2xE2C-450.webp,57.81,57.81,50,50,18.31,18.61,54.23,54.86,49.7,50.3,-0.3,50.3,Under,18.56,0.06,50.19,No,,,,,,
N/A,9/26/2026,Alberto Mendoza,Pass Completions,18.5,standard,https://static.prizepicks.com/images/players/NCAAFB/Alberto_Mendoza_NCAAFB_player_FPjky4KiJ1JUMrt1aun9Igcf-450.webp,https://static.prizepicks.com/images/players/NCAAFB/Alberto_Mendoza_NCAAFB_player_FPjky4KiJ1JUMrt1aun9Igcf-450.webp,57.81,57.81,50,50,18.74,18.5,56.29,54.91,50.63,49.37,0.63,50.63,Over,18.62,0.12,50.67,Yes,,,,,,
N/A,9/26/2026,Davis Warren,Pass Completions,17.5,goblin,https://static.prizepicks.com/images/players/NCAAFB/Davis_Warren_NCAAFB_player_ziGTPvZNhtlLAUjm8eTYxWyR-450.webp,https://static.prizepicks.com/images/players/NCAAFB/Davis_Warren_NCAAFB_player_ziGTPvZNhtlLAUjm8eTYxWyR-450.webp,57.81,57.81,50,50,19.05,19.17,52.6,58.15,47.44,52.56,-2.56,47.44,Over,19.16,1.66,62.59,Yes,,,,,,
N/A,9/26/2026,Alberto Mendoza,Pass Completions,17.5,goblin,https://static.prizepicks.com/images/players/NCAAFB/Alberto_Mendoza_NCAAFB_player_FPjky4KiJ1JUMrt1aun9Igcf-450.webp,https://static.prizepicks.com/images/players/NCAAFB/Alberto_Mendoza_NCAAFB_player_FPjky4KiJ1JUMrt1aun9Igcf-450.webp,57.81,57.81,50,50,18.74,18.5,56.29,54.91,50.63,49.37,0.63,50.63,Over,18.62,1.12,59.89,Yes,,,,,,
N/A,9/26/2026,Justice Haynes,Rush Attempts,17.5,goblin,https://static.prizepicks.com/images/players/NCAAFB/Justice_Haynes_NCAAFB_player_oTSQote2SqysifgSrv2xE2C-450.webp,https://static.prizepicks.com/images/players/NCAAFB/Justice_Haynes_NCAAFB_player_oTSQote2SqysifgSrv2xE2C-450.webp,57.81,57.81,50,50,19.38,19.17,56.53,55.75,50.35,49.65,0.35,50.35,Over,18.89,1.39,65.38,Yes,,,,,,
N/A,9/26/2026,Micah Ford,Rush Attempts,17.5,demon,https://static.prizepicks.com/images/players/NCAAFB/Micah_Ford_NCAAFB_player_ylIY0aal4AF2uAxqVNLjYiyX-450.webp,https://static.prizepicks.com/images/players/NCAAFB/Micah_Ford_NCAAFB_player_ylIY0aal4AF2uAxqVNLjYiyX-450.webp,57.81,57.81,50,50,15.99,15.67,58.5,53.97,52.04,47.96,2.04,52.04,Over,15.91,-1.59,33.97,No,,,,,,
N/A,9/26/2026,Benji Blackburn,Longest Reception,16.5,standard,https://static.prizepicks.com/images/players/NCAAFB/Benji_Blackburn_NCAAFB_player_q66XDfBsQT7rgfeH6qgiR5xs-450.webp,https://static.prizepicks.com/images/players/NCAAFB/Benji_Blackburn_NCAAFB_player_q66XDfBsQT7rgfeH6qgiR5xs-450.webp,57.81,57.81,50,50,16.5,,,,,,,,,,,50,,,,,,,
N/A,9/26/2026,Micah Ford,Longest Rush,16.5,standard,https://static.prizepicks.com/images/players/NCAAFB/Micah_Ford_NCAAFB_player_ylIY0aal4AF2uAxqVNLjYiyX-450.webp,https://static.prizepicks.com/images/players/NCAAFB/Micah_Ford_NCAAFB_player_ylIY0aal4AF2uAxqVNLjYiyX-450.webp,57.81,57.81,50,50,16.5,,,,,,,,,,,50,,,,,,,
N/A,9/26/2026,Micah Ford,Rush Attempts,16,standard,https://static.prizepicks.com/images/players/NCAAFB/Micah_Ford_NCAAFB_player_ylIY0aal4AF2uAxqVNLjYiyX-450.webp,https://static.prizepicks.com/images/players/NCAAFB/Micah_Ford_NCAAFB_player_ylIY0aal4AF2uAxqVNLjYiyX-450.webp,57.81,57.81,50,50,15.99,15.67,58.5,53.97,52.04,47.96,2.04,52.04,Over,15.91,-0.09,43.3,No,,,,,,
N/A,9/26/2026,Kevin Roche Jr.,Longest Reception,15.5,standard,https://static.prizepicks.com/images/players/NCAAFB/Kevin_Roche_NCAAFB_player_rjaFoMsfxnJCDFPsdoYWWucC-450.webp,https://static.prizepicks.com/images/players/NCAAFB/Kevin_Roche_NCAAFB_player_rjaFoMsfxnJCDFPsdoYWWucC-450.webp,57.81,57.81,50,50,15.5,,,,,,,,,,,50,,,,,,,
N/A,9/26/2026,Alberto Mendoza,Pass Completions,15.5,goblin,https://static.prizepicks.com/images/players/NCAAFB/Alberto_Mendoza_NCAAFB_player_FPjky4KiJ1JUMrt1aun9Igcf-450.webp,https://static.prizepicks.com/images/players/NCAAFB/Alberto_Mendoza_NCAAFB_player_FPjky4KiJ1JUMrt1aun9Igcf-450.webp,57.81,57.81,50,50,18.74,18.5,56.29,54.91,50.63,49.37,0.63,50.63,Over,18.62,3.12,76.78,Yes,,,,,,
N/A,9/26/2026,Micah Ford,Fantasy Score,15,standard,https://static.prizepicks.com/images/players/NCAAFB/Micah_Ford_NCAAFB_player_ylIY0aal4AF2uAxqVNLjYiyX-450.webp,https://static.prizepicks.com/images/players/NCAAFB/Micah_Ford_NCAAFB_player_ylIY0aal4AF2uAxqVNLjYiyX-450.webp,57.81,57.81,50,50,15.37,15.37,50.84,49.16,50.84,49.16,0.84,50.84,Over,14.82,-0.18,50.84,No,,,,,,
N/A,9/26/2026,Justice Haynes,Receiving Yards,14.5,goblin,https://static.prizepicks.com/images/players/NCAAFB/Justice_Haynes_NCAAFB_player_oTSQote2SqysifgSrv2xE2C-450.webp,https://static.prizepicks.com/images/players/NCAAFB/Justice_Haynes_NCAAFB_player_oTSQote2SqysifgSrv2xE2C-450.webp,57.81,57.81,50,50,18.31,18.61,54.23,54.86,49.7,50.3,-0.3,49.7,Over,18.56,4.06,53.79,Yes,,,,,,
N/A,9/26/2026,Kevin Roche Jr.,Receiving Yards,14.5,goblin,https://static.prizepicks.com/images/players/NCAAFB/Kevin_Roche_NCAAFB_player_rjaFoMsfxnJCDFPsdoYWWucC-450.webp,https://static.prizepicks.com/images/players/NCAAFB/Kevin_Roche_NCAAFB_player_rjaFoMsfxnJCDFPsdoYWWucC-450.webp,57.81,57.81,50,50,30.84,29.93,56.43,54.41,50.91,49.09,0.91,50.91,Over,30.95,16.45,65.85,Yes,,,,,,
N/A,9/26/2026,Micah Ford,Receiving Yards,14.5,demon,https://static.prizepicks.com/images/players/NCAAFB/Micah_Ford_NCAAFB_player_ylIY0aal4AF2uAxqVNLjYiyX-450.webp,https://static.prizepicks.com/images/players/NCAAFB/Micah_Ford_NCAAFB_player_ylIY0aal4AF2uAxqVNLjYiyX-450.webp,57.81,57.81,50,50,9.37,9.5,53.95,54.47,49.76,50.24,-0.24,49.76,Over,9.22,-5.28,44.9,No,,,,,,
N/A,9/26/2026,Alberto Mendoza,Fantasy Score,14.5,standard,https://static.prizepicks.com/images/players/NCAAFB/Alberto_Mendoza_NCAAFB_player_FPjky4KiJ1JUMrt1aun9Igcf-450.webp,https://static.prizepicks.com/images/players/NCAAFB/Alberto_Mendoza_NCAAFB_player_FPjky4KiJ1JUMrt1aun9Igcf-450.webp,57.81,57.81,50,50,,,,,,,,,,16.83,2.33,,,,,,,,
N/A,9/26/2026,Davis Warren,Fantasy Score,13.5,standard,https://static.prizepicks.com/images/players/NCAAFB/Davis_Warren_NCAAFB_player_ziGTPvZNhtlLAUjm8eTYxWyR-450.webp,https://static.prizepicks.com/images/players/NCAAFB/Davis_Warren_NCAAFB_player_ziGTPvZNhtlLAUjm8eTYxWyR-450.webp,57.81,57.81,50,50,,,,,,,,,,12.87,-0.63,,,,,,,,
N/A,9/26/2026,Justice Haynes,Longest Reception,12.5,standard,https://static.prizepicks.com/images/players/NCAAFB/Justice_Haynes_NCAAFB_player_oTSQote2SqysifgSrv2xE2C-450.webp,https://static.prizepicks.com/images/players/NCAAFB/Justice_Haynes_NCAAFB_player_oTSQote2SqysifgSrv2xE2C-450.webp,57.81,57.81,50,50,12.5,,,,,,,,,,,50,,,,,,,
N/A,9/26/2026,Caden High,Fantasy Score,11.5,standard,https://static.prizepicks.com/images/players/NCAAFB/Caden_High_NCAAFB_player_ci1vhH1o9qVsXcfwABHTF4tt-450.webp,https://static.prizepicks.com/images/players/NCAAFB/Caden_High_NCAAFB_player_ci1vhH1o9qVsXcfwABHTF4tt-450.webp,57.81,57.81,50,50,10.9,10.9,48.63,51.37,48.63,51.37,-1.37,51.37,Under,11.40,-0.1,51.37,Yes,,,,,,
N/A,9/26/2026,Benji Blackburn,Fantasy Score,10,standard,https://static.prizepicks.com/images/players/NCAAFB/Benji_Blackburn_NCAAFB_player_q66XDfBsQT7rgfeH6qgiR5xs-450.webp,https://static.prizepicks.com/images/players/NCAAFB/Benji_Blackburn_NCAAFB_player_q66XDfBsQT7rgfeH6qgiR5xs-450.webp,57.81,57.81,50,50,9.37,9.37,48.56,51.44,48.56,51.44,-1.44,51.44,Under,9.31,-0.69,51.44,Yes,,,,,,
N/A,9/26/2026,Dalen Penson,Fantasy Score,10,standard,https://static.prizepicks.com/images/players/NCAAFB/Dalen_Penson_NCAAFB_player_BmE8NgWAVn1HaUMca6YlHb6K-450.webp,https://static.prizepicks.com/images/players/NCAAFB/Dalen_Penson_NCAAFB_player_BmE8NgWAVn1HaUMca6YlHb6K-450.webp,57.81,57.81,50,50,9.45,9.45,48.75,51.25,48.75,51.25,-1.25,51.25,Under,9.56,-0.44,51.25,Yes,,,,,,
N/A,9/26/2026,Micah Ford,Receiving Yards,9.5,standard,https://static.prizepicks.com/images/players/NCAAFB/Micah_Ford_NCAAFB_player_ylIY0aal4AF2uAxqVNLjYiyX-450.webp,https://static.prizepicks.com/images/players/NCAAFB/Micah_Ford_NCAAFB_player_ylIY0aal4AF2uAxqVNLjYiyX-450.webp,57.81,57.81,50,50,9.37,9.5,53.95,54.47,49.76,50.24,-0.24,50.24,Under,9.22,-0.28,50.13,Yes,,,,,,
N/A,9/26/2026,Justice Haynes,Receiving Yards,9.5,goblin,https://static.prizepicks.com/images/players/NCAAFB/Justice_Haynes_NCAAFB_player_oTSQote2SqysifgSrv2xE2C-450.webp,https://static.prizepicks.com/images/players/NCAAFB/Justice_Haynes_NCAAFB_player_oTSQote2SqysifgSrv2xE2C-450.webp,57.81,57.81,50,50,18.31,18.61,54.23,54.86,49.7,50.3,-0.3,49.7,Over,18.56,9.06,58.72,Yes,,,,,,
N/A,9/26/2026,Caden High,Receptions,9.5,demon,https://static.prizepicks.com/images/players/NCAAFB/Caden_High_NCAAFB_player_ci1vhH1o9qVsXcfwABHTF4tt-450.webp,https://static.prizepicks.com/images/players/NCAAFB/Caden_High_NCAAFB_player_ci1vhH1o9qVsXcfwABHTF4tt-450.webp,57.81,57.81,50,50,4.78,4.5,56.35,51.96,52.05,47.95,2.05,52.05,Over,4.62,-4.88,2.45,No,,,,,,
N/A,9/26/2026,Jordan Allen,Receptions,9.5,demon,https://static.prizepicks.com/images/players/NCAAFB/Jordan_Allen_NCAAFB_player_y0aS2GCTmGkuDKkOjsLQzv2-450.webp,https://static.prizepicks.com/images/players/NCAAFB/Jordan_Allen_NCAAFB_player_y0aS2GCTmGkuDKkOjsLQzv2-450.webp,57.81,57.81,50,50,4.93,5.5,41.67,70.59,37.12,62.88,-12.88,37.12,Over,5.20,-4.3,2.94,No,,,,,,
N/A,9/26/2026,Micah Ford,Longest Reception,8.5,standard,https://static.prizepicks.com/images/players/NCAAFB/Micah_Ford_NCAAFB_player_ylIY0aal4AF2uAxqVNLjYiyX-450.webp,https://static.prizepicks.com/images/players/NCAAFB/Micah_Ford_NCAAFB_player_ylIY0aal4AF2uAxqVNLjYiyX-450.webp,57.81,57.81,50,50,8.5,,,,,,,,,,,50,,,,,,,
N/A,9/26/2026,Benji Blackburn,Receptions,8.5,demon,https://static.prizepicks.com/images/players/NCAAFB/Benji_Blackburn_NCAAFB_player_q66XDfBsQT7rgfeH6qgiR5xs-450.webp,https://static.prizepicks.com/images/players/NCAAFB/Benji_Blackburn_NCAAFB_player_q66XDfBsQT7rgfeH6qgiR5xs-450.webp,57.81,57.81,50,50,3.87,3.58,56.74,50.75,52.84,47.16,2.84,52.84,Over,3.77,-4.73,1.77,No,,,,,,
N/A,9/26/2026,Kevin Roche Jr.,Receptions,7.5,demon,https://static.prizepicks.com/images/players/NCAAFB/Kevin_Roche_NCAAFB_player_rjaFoMsfxnJCDFPsdoYWWucC-450.webp,https://static.prizepicks.com/images/players/NCAAFB/Kevin_Roche_NCAAFB_player_rjaFoMsfxnJCDFPsdoYWWucC-450.webp,57.81,57.81,50,50,3.34,3.5,46.92,62.26,42.91,57.09,-7.09,42.91,Over,3.45,-4.05,2.11,No,,,,,,
N/A,9/26/2026,Dalen Penson,Receptions,7.5,demon,https://static.prizepicks.com/images/players/NCAAFB/Dalen_Penson_NCAAFB_player_BmE8NgWAVn1HaUMca6YlHb6K-450.webp,https://static.prizepicks.com/images/players/NCAAFB/Dalen_Penson_NCAAFB_player_BmE8NgWAVn1HaUMca6YlHb6K-450.webp,57.81,57.81,50,50,3.49,3.5,49.36,57.76,46.09,53.91,-3.91,46.09,Over,3.52,-3.98,2.64,No,,,,,,
N/A,9/26/2026,Caden High,Receptions,6.5,demon,https://static.prizepicks.com/images/players/NCAAFB/Caden_High_NCAAFB_player_ci1vhH1o9qVsXcfwABHTF4tt-450.webp,https://static.prizepicks.com/images/players/NCAAFB/Caden_High_NCAAFB_player_ci1vhH1o9qVsXcfwABHTF4tt-450.webp,57.81,57.81,50,50,4.78,4.5,56.35,51.96,52.05,47.95,2.05,52.05,Over,4.62,-1.88,20.64,No,,,,,,
N/A,9/26/2026,Jordan Allen,Receptions,6.5,demon,https://static.prizepicks.com/images/players/NCAAFB/Jordan_Allen_NCAAFB_player_y0aS2GCTmGkuDKkOjsLQzv2-450.webp,https://static.prizepicks.com/images/players/NCAAFB/Jordan_Allen_NCAAFB_player_y0aS2GCTmGkuDKkOjsLQzv2-450.webp,57.81,57.81,50,50,4.93,5.5,41.67,70.59,37.12,62.88,-12.88,37.12,Over,5.20,-1.3,22.77,No,,,,,,
N/A,9/26/2026,Aidan Birr,Kicking Points,6.5,standard,https://static.prizepicks.com/images/players/NCAAFB/Aidan_Birr_NCAAFB_player_XKgJA9jWT7othKQyBsCpF1g-450.webp,https://static.prizepicks.com/images/players/NCAAFB/Aidan_Birr_NCAAFB_player_XKgJA9jWT7othKQyBsCpF1g-450.webp,57.81,57.81,50,50,6.5,,,,,,,,,,,50,,,,,,,
N/A,9/26/2026,Justice Haynes,Receptions,6.5,demon,https://static.prizepicks.com/images/players/NCAAFB/Justice_Haynes_NCAAFB_player_oTSQote2SqysifgSrv2xE2C-450.webp,https://static.prizepicks.com/images/players/NCAAFB/Justice_Haynes_NCAAFB_player_oTSQote2SqysifgSrv2xE2C-450.webp,57.81,57.81,50,50,2.63,2.5,53.11,55.57,48.84,51.16,-1.16,48.84,Over,2.55,-3.95,1.81,No,,,,,,
N/A,9/26/2026,Benji Blackburn,Receptions,5.5,demon,https://static.prizepicks.com/images/players/NCAAFB/Benji_Blackburn_NCAAFB_player_q66XDfBsQT7rgfeH6qgiR5xs-450.webp,https://static.prizepicks.com/images/players/NCAAFB/Benji_Blackburn_NCAAFB_player_q66XDfBsQT7rgfeH6qgiR5xs-450.webp,57.81,57.81,50,50,3.87,3.58,56.74,50.75,52.84,47.16,2.84,52.84,Over,3.77,-1.73,19.49,No,,,,,,
N/A,9/26/2026,Caden High,Receptions,5.5,demon,https://static.prizepicks.com/images/players/NCAAFB/Caden_High_NCAAFB_player_ci1vhH1o9qVsXcfwABHTF4tt-450.webp,https://static.prizepicks.com/images/players/NCAAFB/Caden_High_NCAAFB_player_ci1vhH1o9qVsXcfwABHTF4tt-450.webp,57.81,57.81,50,50,4.78,4.5,56.35,51.96,52.05,47.95,2.05,52.05,Over,4.62,-0.88,34.55,No,,,,,,
N/A,9/26/2026,Jordan Allen,Receptions,5.5,demon,https://static.prizepicks.com/images/players/NCAAFB/Jordan_Allen_NCAAFB_player_y0aS2GCTmGkuDKkOjsLQzv2-450.webp,https://static.prizepicks.com/images/players/NCAAFB/Jordan_Allen_NCAAFB_player_y0aS2GCTmGkuDKkOjsLQzv2-450.webp,57.81,57.81,50,50,4.93,5.5,41.67,70.59,37.12,62.88,-12.88,37.12,Over,5.20,-0.3,37.18,No,,,,,,
N/A,9/26/2026,Davis Warren,Longest Rush,5.5,demon,https://static.prizepicks.com/images/players/NCAAFB/Davis_Warren_NCAAFB_player_ziGTPvZNhtlLAUjm8eTYxWyR-450.webp,https://static.prizepicks.com/images/players/NCAAFB/Davis_Warren_NCAAFB_player_ziGTPvZNhtlLAUjm8eTYxWyR-450.webp,57.81,57.81,50,50,5.5,,,,,,,,,,,50,,,,,,,
N/A,9/26/2026,Davis Warren,Longest Rush,4.5,standard,https://static.prizepicks.com/images/players/NCAAFB/Davis_Warren_NCAAFB_player_ziGTPvZNhtlLAUjm8eTYxWyR-450.webp,https://static.prizepicks.com/images/players/NCAAFB/Davis_Warren_NCAAFB_player_ziGTPvZNhtlLAUjm8eTYxWyR-450.webp,57.81,57.81,50,50,4.5,,,,,,,,,,,50,,,,,,,
N/A,9/26/2026,Justice Haynes,Receptions,4.5,demon,https://static.prizepicks.com/images/players/NCAAFB/Justice_Haynes_NCAAFB_player_oTSQote2SqysifgSrv2xE2C-450.webp,https://static.prizepicks.com/images/players/NCAAFB/Justice_Haynes_NCAAFB_player_oTSQote2SqysifgSrv2xE2C-450.webp,57.81,57.81,50,50,2.63,2.5,53.11,55.57,48.84,51.16,-1.16,48.84,Over,2.55,-1.95,12.69,No,,,,,,
N/A,9/26/2026,Dalen Penson,Receptions,4.5,demon,https://static.prizepicks.com/images/players/NCAAFB/Dalen_Penson_NCAAFB_player_BmE8NgWAVn1HaUMca6YlHb6K-450.webp,https://static.prizepicks.com/images/players/NCAAFB/Dalen_Penson_NCAAFB_player_BmE8NgWAVn1HaUMca6YlHb6K-450.webp,57.81,57.81,50,50,3.49,3.5,49.36,57.76,46.09,53.91,-3.91,46.09,Over,3.52,-0.98,27.27,No,,,,,,
N/A,9/26/2026,Micah Ford,Receiving Yards,4.5,goblin,https://static.prizepicks.com/images/players/NCAAFB/Micah_Ford_NCAAFB_player_ylIY0aal4AF2uAxqVNLjYiyX-450.webp,https://static.prizepicks.com/images/players/NCAAFB/Micah_Ford_NCAAFB_player_ylIY0aal4AF2uAxqVNLjYiyX-450.webp,57.81,57.81,50,50,9.37,9.5,53.95,54.47,49.76,50.24,-0.24,49.76,Over,9.22,4.72,54.85,Yes,,,,,,
N/A,9/26/2026,Justice Haynes,Receiving Yards,4.5,goblin,https://static.prizepicks.com/images/players/NCAAFB/Justice_Haynes_NCAAFB_player_oTSQote2SqysifgSrv2xE2C-450.webp,https://static.prizepicks.com/images/players/NCAAFB/Justice_Haynes_NCAAFB_player_oTSQote2SqysifgSrv2xE2C-450.webp,57.81,57.81,50,50,18.31,18.61,54.23,54.86,49.7,50.3,-0.3,49.7,Over,18.56,14.06,63.5,Yes,,,,,,
N/A,9/26/2026,Kevin Roche Jr.,Receptions,4.5,demon,https://static.prizepicks.com/images/players/NCAAFB/Kevin_Roche_NCAAFB_player_rjaFoMsfxnJCDFPsdoYWWucC-450.webp,https://static.prizepicks.com/images/players/NCAAFB/Kevin_Roche_NCAAFB_player_rjaFoMsfxnJCDFPsdoYWWucC-450.webp,57.81,57.81,50,50,3.34,3.5,46.92,62.26,42.91,57.09,-7.09,42.91,Over,3.45,-1.05,24.47,No,,,,,,
N/A,9/26/2026,Jordan Allen,Receptions,4.5,goblin,https://static.prizepicks.com/images/players/NCAAFB/Jordan_Allen_NCAAFB_player_y0aS2GCTmGkuDKkOjsLQzv2-450.webp,https://static.prizepicks.com/images/players/NCAAFB/Jordan_Allen_NCAAFB_player_y0aS2GCTmGkuDKkOjsLQzv2-450.webp,57.81,57.81,50,50,4.93,5.5,41.67,70.59,37.12,62.88,-12.88,37.12,Over,5.20,0.7,54.71,Yes,,,,,,
N/A,9/26/2026,Benji Blackburn,Receptions,4.5,demon,https://static.prizepicks.com/images/players/NCAAFB/Benji_Blackburn_NCAAFB_player_q66XDfBsQT7rgfeH6qgiR5xs-450.webp,https://static.prizepicks.com/images/players/NCAAFB/Benji_Blackburn_NCAAFB_player_q66XDfBsQT7rgfeH6qgiR5xs-450.webp,57.81,57.81,50,50,3.87,3.58,56.74,50.75,52.84,47.16,2.84,52.84,Over,3.77,-0.73,34.58,No,,,,,,
N/A,9/26/2026,Caden High,Receptions,4.5,standard,https://static.prizepicks.com/images/players/NCAAFB/Caden_High_NCAAFB_player_ci1vhH1o9qVsXcfwABHTF4tt-450.webp,https://static.prizepicks.com/images/players/NCAAFB/Caden_High_NCAAFB_player_ci1vhH1o9qVsXcfwABHTF4tt-450.webp,57.81,57.81,50,50,4.78,4.5,56.35,51.96,52.05,47.95,2.05,52.05,Over,4.62,0.12,52.01,Yes,,,,,,
N/A,9/26/2026,Benji Blackburn,Receptions,4,standard,https://static.prizepicks.com/images/players/NCAAFB/Benji_Blackburn_NCAAFB_player_q66XDfBsQT7rgfeH6qgiR5xs-450.webp,https://static.prizepicks.com/images/players/NCAAFB/Benji_Blackburn_NCAAFB_player_q66XDfBsQT7rgfeH6qgiR5xs-450.webp,57.81,57.81,50,50,3.87,3.58,56.74,50.75,52.84,47.16,2.84,52.84,Over,3.77,-0.23,34.58,No,,,,,,
N/A,9/26/2026,Alberto Mendoza,Pass TDs,3.5,demon,https://static.prizepicks.com/images/players/NCAAFB/Alberto_Mendoza_NCAAFB_player_FPjky4KiJ1JUMrt1aun9Igcf-450.webp,https://static.prizepicks.com/images/players/NCAAFB/Alberto_Mendoza_NCAAFB_player_FPjky4KiJ1JUMrt1aun9Igcf-450.webp,57.81,57.81,50,50,1.27,1.5,45.09,61.82,42.17,57.83,-7.83,42.17,Over,1.41,-2.09,4.02,No,,,,,,
N/A,9/26/2026,Justice Haynes,Receptions,3.5,demon,https://static.prizepicks.com/images/players/NCAAFB/Justice_Haynes_NCAAFB_player_oTSQote2SqysifgSrv2xE2C-450.webp,https://static.prizepicks.com/images/players/NCAAFB/Justice_Haynes_NCAAFB_player_oTSQote2SqysifgSrv2xE2C-450.webp,57.81,57.81,50,50,2.63,2.5,53.11,55.57,48.84,51.16,-1.16,48.84,Over,2.55,-0.95,27.05,No,,,,,,
N/A,9/26/2026,Jordan Allen,Receptions,3.5,goblin,https://static.prizepicks.com/images/players/NCAAFB/Jordan_Allen_NCAAFB_player_y0aS2GCTmGkuDKkOjsLQzv2-450.webp,https://static.prizepicks.com/images/players/NCAAFB/Jordan_Allen_NCAAFB_player_y0aS2GCTmGkuDKkOjsLQzv2-450.webp,57.81,57.81,50,50,4.93,5.5,41.67,70.59,37.12,62.88,-12.88,37.12,Over,5.20,1.7,72.5,Yes,,,,,,
N/A,9/26/2026,Caden High,Receptions,3.5,goblin,https://static.prizepicks.com/images/players/NCAAFB/Caden_High_NCAAFB_player_ci1vhH1o9qVsXcfwABHTF4tt-450.webp,https://static.prizepicks.com/images/players/NCAAFB/Caden_High_NCAAFB_player_ci1vhH1o9qVsXcfwABHTF4tt-450.webp,57.81,57.81,50,50,4.78,4.5,56.35,51.96,52.05,47.95,2.05,52.05,Over,4.62,1.12,70.27,Yes,,,,,,
N/A,9/26/2026,Dalen Penson,Receptions,3.5,demon,https://static.prizepicks.com/images/players/NCAAFB/Dalen_Penson_NCAAFB_player_BmE8NgWAVn1HaUMca6YlHb6K-450.webp,https://static.prizepicks.com/images/players/NCAAFB/Dalen_Penson_NCAAFB_player_BmE8NgWAVn1HaUMca6YlHb6K-450.webp,57.81,57.81,50,50,3.49,3.5,49.36,57.76,46.09,53.91,-3.91,46.09,Over,3.52,0.02,46.12,Yes,,,,,,
N/A,9/26/2026,Davis Warren,Pass TDs,3.5,demon,https://static.prizepicks.com/images/players/NCAAFB/Davis_Warren_NCAAFB_player_ziGTPvZNhtlLAUjm8eTYxWyR-450.webp,https://static.prizepicks.com/images/players/NCAAFB/Davis_Warren_NCAAFB_player_ziGTPvZNhtlLAUjm8eTYxWyR-450.webp,57.81,57.81,50,50,1.19,1.5,42.47,64.26,39.8,60.2,-10.2,39.8,Over,1.39,-2.11,3.29,No,,,,,,
N/A,9/26/2026,Kevin Roche Jr.,Receptions,3.5,demon,https://static.prizepicks.com/images/players/NCAAFB/Kevin_Roche_NCAAFB_player_rjaFoMsfxnJCDFPsdoYWWucC-450.webp,https://static.prizepicks.com/images/players/NCAAFB/Kevin_Roche_NCAAFB_player_rjaFoMsfxnJCDFPsdoYWWucC-450.webp,57.81,57.81,50,50,3.34,3.5,46.92,62.26,42.91,57.09,-7.09,42.91,Over,3.45,-0.05,42.85,No,,,,,,
N/A,9/26/2026,Justice Haynes,Receptions,2.5,standard,https://static.prizepicks.com/images/players/NCAAFB/Justice_Haynes_NCAAFB_player_oTSQote2SqysifgSrv2xE2C-450.webp,https://static.prizepicks.com/images/players/NCAAFB/Justice_Haynes_NCAAFB_player_oTSQote2SqysifgSrv2xE2C-450.webp,57.81,57.81,50,50,2.63,2.5,53.11,55.57,48.84,51.16,-1.16,51.16,Under,2.55,0.05,51.09,No,,,,,,
N/A,9/26/2026,Dalen Penson,Receptions,2.5,goblin,https://static.prizepicks.com/images/players/NCAAFB/Dalen_Penson_NCAAFB_player_BmE8NgWAVn1HaUMca6YlHb6K-450.webp,https://static.prizepicks.com/images/players/NCAAFB/Dalen_Penson_NCAAFB_player_BmE8NgWAVn1HaUMca6YlHb6K-450.webp,57.81,57.81,50,50,3.49,3.5,49.36,57.76,46.09,53.91,-3.91,46.09,Over,3.52,1.02,67.73,Yes,,,,,,
N/A,9/26/2026,Aidan Birr,PAT Made,2.5,goblin,https://static.prizepicks.com/images/players/NCAAFB/Aidan_Birr_NCAAFB_player_XKgJA9jWT7othKQyBsCpF1g-450.webp,https://static.prizepicks.com/images/players/NCAAFB/Aidan_Birr_NCAAFB_player_XKgJA9jWT7othKQyBsCpF1g-450.webp,57.81,57.81,50,50,2.5,,,,,,,,,,,50,,,,,,,
N/A,9/26/2026,Micah Ford,Anytime TDs,2.5,demon,https://static.prizepicks.com/images/players/NCAAFB/Micah_Ford_NCAAFB_player_ylIY0aal4AF2uAxqVNLjYiyX-450.webp,https://static.prizepicks.com/images/players/NCAAFB/Micah_Ford_NCAAFB_player_ylIY0aal4AF2uAxqVNLjYiyX-450.webp,57.81,57.81,50,50,0.64,0.5,69.36,39.36,63.82,36.18,13.82,63.82,Over,0.63,-1.87,2.73,No,,,,,,
N/A,9/26/2026,Justice Haynes,Anytime TDs,2.5,demon,https://static.prizepicks.com/images/players/NCAAFB/Justice_Haynes_NCAAFB_player_oTSQote2SqysifgSrv2xE2C-450.webp,https://static.prizepicks.com/images/players/NCAAFB/Justice_Haynes_NCAAFB_player_oTSQote2SqysifgSrv2xE2C-450.webp,57.81,57.81,50,50,0.68,0.5,73.88,34.93,67.92,32.08,17.92,67.92,Over,0.96,-1.54,3.18,No,,,,,,
N/A,9/26/2026,Kevin Roche Jr.,Receptions,2.5,goblin,https://static.prizepicks.com/images/players/NCAAFB/Kevin_Roche_NCAAFB_player_rjaFoMsfxnJCDFPsdoYWWucC-450.webp,https://static.prizepicks.com/images/players/NCAAFB/Kevin_Roche_NCAAFB_player_rjaFoMsfxnJCDFPsdoYWWucC-450.webp,57.81,57.81,50,50,3.34,3.5,46.92,62.26,42.91,57.09,-7.09,42.91,Over,3.45,0.95,64.85,Yes,,,,,,
N/A,9/26/2026,Benji Blackburn,Receptions,2.5,goblin,https://static.prizepicks.com/images/players/NCAAFB/Benji_Blackburn_NCAAFB_player_q66XDfBsQT7rgfeH6qgiR5xs-450.webp,https://static.prizepicks.com/images/players/NCAAFB/Benji_Blackburn_NCAAFB_player_q66XDfBsQT7rgfeH6qgiR5xs-450.webp,57.81,57.81,50,50,3.87,3.58,56.74,50.75,52.84,47.16,2.84,52.84,Over,3.77,1.27,74.22,Yes,,,,,,
N/A,9/26/2026,Justice Haynes,Anytime TDs,1.5,demon,https://static.prizepicks.com/images/players/NCAAFB/Justice_Haynes_NCAAFB_player_oTSQote2SqysifgSrv2xE2C-450.webp,https://static.prizepicks.com/images/players/NCAAFB/Justice_Haynes_NCAAFB_player_oTSQote2SqysifgSrv2xE2C-450.webp,57.81,57.81,50,50,0.68,0.5,73.88,34.93,67.92,32.08,17.92,67.92,Over,0.96,-0.54,14.89,No,,,,,,
N/A,9/26/2026,Micah Ford,Anytime TDs,1.5,demon,https://static.prizepicks.com/images/players/NCAAFB/Micah_Ford_NCAAFB_player_ylIY0aal4AF2uAxqVNLjYiyX-450.webp,https://static.prizepicks.com/images/players/NCAAFB/Micah_Ford_NCAAFB_player_ylIY0aal4AF2uAxqVNLjYiyX-450.webp,57.81,57.81,50,50,0.64,0.5,69.36,39.36,63.82,36.18,13.82,63.82,Over,0.63,-0.87,13.52,No,,,,,,
N/A,9/26/2026,Alberto Mendoza,Pass TDs,1.5,demon,https://static.prizepicks.com/images/players/NCAAFB/Alberto_Mendoza_NCAAFB_player_FPjky4KiJ1JUMrt1aun9Igcf-450.webp,https://static.prizepicks.com/images/players/NCAAFB/Alberto_Mendoza_NCAAFB_player_FPjky4KiJ1JUMrt1aun9Igcf-450.webp,57.81,57.81,50,50,1.27,1.5,45.09,61.82,42.17,57.83,-7.83,42.17,Over,1.41,-0.09,36.25,No,,,,,,
N/A,9/26/2026,Davis Warren,Pass TDs,1.5,demon,https://static.prizepicks.com/images/players/NCAAFB/Davis_Warren_NCAAFB_player_ziGTPvZNhtlLAUjm8eTYxWyR-450.webp,https://static.prizepicks.com/images/players/NCAAFB/Davis_Warren_NCAAFB_player_ziGTPvZNhtlLAUjm8eTYxWyR-450.webp,57.81,57.81,50,50,1.19,1.5,42.47,64.26,39.8,60.2,-10.2,39.8,Over,1.39,-0.11,33.38,No,,,,,,
N/A,9/26/2026,Justice Haynes,Receptions,1.5,goblin,https://static.prizepicks.com/images/players/NCAAFB/Justice_Haynes_NCAAFB_player_oTSQote2SqysifgSrv2xE2C-450.webp,https://static.prizepicks.com/images/players/NCAAFB/Justice_Haynes_NCAAFB_player_oTSQote2SqysifgSrv2xE2C-450.webp,57.81,57.81,50,50,2.63,2.5,53.11,55.57,48.84,51.16,-1.16,48.84,Over,2.55,1.05,73.84,Yes,,,,,,
N/A,9/26/2026,Aidan Birr,FG Made,1.5,demon,https://static.prizepicks.com/images/players/NCAAFB/Aidan_Birr_NCAAFB_player_XKgJA9jWT7othKQyBsCpF1g-450.webp,https://static.prizepicks.com/images/players/NCAAFB/Aidan_Birr_NCAAFB_player_XKgJA9jWT7othKQyBsCpF1g-450.webp,57.81,57.81,50,50,1.5,,,,,,,,,,,50,,,,,,,
N/A,9/26/2026,Sedrick Irvin,Anytime TDs,1.5,demon,https://static.prizepicks.com/images/players/NCAAFB/Sedrick_Irvin_NCAAFB_player_Cl8bIb2fj84Mpw2stsNmwLIH-450.webp,https://static.prizepicks.com/images/players/NCAAFB/Sedrick_Irvin_NCAAFB_player_Cl8bIb2fj84Mpw2stsNmwLIH-450.webp,57.81,57.81,50,50,0.31,0.5,34.7,77.92,30.8,69.2,-19.2,30.8,Over,0.39,-1.11,3.92,No,,,,,,
N/A,9/26/2026,Jordan Allen,Anytime TDs,1.5,demon,https://static.prizepicks.com/images/players/NCAAFB/Jordan_Allen_NCAAFB_player_y0aS2GCTmGkuDKkOjsLQzv2-450.webp,https://static.prizepicks.com/images/players/NCAAFB/Jordan_Allen_NCAAFB_player_y0aS2GCTmGkuDKkOjsLQzv2-450.webp,57.81,57.81,50,50,0.33,0.5,40.23,77.31,33.48,66.52,-16.52,33.48,Over,0.51,-0.99,4.38,No,,,,,,
N/A,9/26/2026,Dalen Penson,Anytime TDs,1.5,demon,https://static.prizepicks.com/images/players/NCAAFB/Dalen_Penson_NCAAFB_player_BmE8NgWAVn1HaUMca6YlHb6K-450.webp,https://static.prizepicks.com/images/players/NCAAFB/Dalen_Penson_NCAAFB_player_BmE8NgWAVn1HaUMca6YlHb6K-450.webp,57.81,57.81,50,50,0.29,0.5,32.99,79.43,29.34,70.66,-20.66,29.34,Over,0.40,-1.1,3.47,No,,,,,,
N/A,9/26/2026,Alberto Mendoza,Anytime TDs,0.5,demon,https://static.prizepicks.com/images/players/NCAAFB/Alberto_Mendoza_NCAAFB_player_FPjky4KiJ1JUMrt1aun9Igcf-450.webp,https://static.prizepicks.com/images/players/NCAAFB/Alberto_Mendoza_NCAAFB_player_FPjky4KiJ1JUMrt1aun9Igcf-450.webp,57.81,57.81,50,50,0.24,0.5,26.86,86.87,23.65,76.35,-26.35,23.65,Over,0.41,-0.09,21.34,No,,,,,,
N/A,9/26/2026,Atticus Joseph,Anytime TDs,0.5,demon,https://static.prizepicks.com/images/players/NCAAFB/Atticus_Joseph_NCAAFB_player_dNZ2i1gfk7LLmqAT6g6MwLNp-450.webp,https://static.prizepicks.com/images/players/NCAAFB/Atticus_Joseph_NCAAFB_player_dNZ2i1gfk7LLmqAT6g6MwLNp-450.webp,57.81,57.81,50,50,0.18,0.5,20.14,93.32,17.63,82.37,-32.37,17.63,Over,0.50,0,16.47,No,,,,,,
N/A,9/26/2026,Benji Blackburn,Anytime TDs,0.5,demon,https://static.prizepicks.com/images/players/NCAAFB/Benji_Blackburn_NCAAFB_player_q66XDfBsQT7rgfeH6qgiR5xs-450.webp,https://static.prizepicks.com/images/players/NCAAFB/Benji_Blackburn_NCAAFB_player_q66XDfBsQT7rgfeH6qgiR5xs-450.webp,57.81,57.81,50,50,0.25,0.5,28.03,85.73,24.69,75.31,-25.31,24.69,Over,0.40,-0.1,22.12,No,,,,,,
N/A,9/26/2026,Caden High,Anytime TDs,0.5,demon,https://static.prizepicks.com/images/players/NCAAFB/Caden_High_NCAAFB_player_ci1vhH1o9qVsXcfwABHTF4tt-450.webp,https://static.prizepicks.com/images/players/NCAAFB/Caden_High_NCAAFB_player_ci1vhH1o9qVsXcfwABHTF4tt-450.webp,57.81,57.81,50,50,0.29,0.5,32.26,80.54,28.59,71.41,-21.41,28.59,Over,0.56,0.06,25.17,Yes,,,,,,
N/A,9/26/2026,Chad Alexander,Anytime TDs,0.5,demon,https://static.prizepicks.com/images/players/NCAAFB/Chad_Alexander_NCAAFB_player_50QtYIX3YcB3lYAI9gDoJYsI-450.webp,https://static.prizepicks.com/images/players/NCAAFB/Chad_Alexander_NCAAFB_player_50QtYIX3YcB3lYAI9gDoJYsI-450.webp,57.81,57.81,50,50,0.15,0.5,17.27,97.65,15.02,84.98,-34.98,15.02,Over,0.31,-0.19,13.93,No,,,,,,
N/A,9/26/2026,Chris Corbo,Anytime TDs,0.5,demon,https://static.prizepicks.com/images/players/NCAAFB/Chris_Corbo_NCAAFB_player_H7uuRr32XZipYkTQNhM1W3S6-450.webp,https://static.prizepicks.com/images/players/NCAAFB/Chris_Corbo_NCAAFB_player_H7uuRr32XZipYkTQNhM1W3S6-450.webp,57.81,57.81,50,50,0.15,0.5,16.49,97.59,14.45,85.55,-35.55,14.45,Over,0.50,0,13.93,No,,,,,,
N/A,9/26/2026,Dalen Penson,Anytime TDs,0.5,demon,https://static.prizepicks.com/images/players/NCAAFB/Dalen_Penson_NCAAFB_player_BmE8NgWAVn1HaUMca6YlHb6K-450.webp,https://static.prizepicks.com/images/players/NCAAFB/Dalen_Penson_NCAAFB_player_BmE8NgWAVn1HaUMca6YlHb6K-450.webp,57.81,57.81,50,50,0.29,0.5,32.99,79.43,29.34,70.66,-20.66,29.34,Over,0.40,-0.1,25.17,No,,,,,,
N/A,9/26/2026,Davis Warren,Anytime TDs,0.5,demon,https://static.prizepicks.com/images/players/NCAAFB/Davis_Warren_NCAAFB_player_ziGTPvZNhtlLAUjm8eTYxWyR-450.webp,https://static.prizepicks.com/images/players/NCAAFB/Davis_Warren_NCAAFB_player_ziGTPvZNhtlLAUjm8eTYxWyR-450.webp,57.81,57.81,50,50,0.17,0.5,19.47,95.5,16.89,83.11,-33.11,16.89,Over,0.50,0,15.63,No,,,,,,
N/A,9/26/2026,Debron Gatling,Anytime TDs,0.5,demon,https://static.prizepicks.com/images/players/NCAAFB/Debron_Gatling_NCAAFB_player_BGRMZ692cJI5aRpZXJtCLP1Q-450.webp,https://static.prizepicks.com/images/players/NCAAFB/Debron_Gatling_NCAAFB_player_BGRMZ692cJI5aRpZXJtCLP1Q-450.webp,57.81,57.81,50,50,0.15,0.5,17.15,97.64,14.93,85.07,-35.07,14.93,Over,0.50,0,13.93,No,,,,,,
N/A,9/26/2026,Gavin Harris,Anytime TDs,0.5,demon,https://static.prizepicks.com/images/players/NCAAFB/Gavin_Harris_NCAAFB_player_enKxCJS8TuTnRgDqFRJ7ITKd-450.webp,https://static.prizepicks.com/images/players/NCAAFB/Gavin_Harris_NCAAFB_player_enKxCJS8TuTnRgDqFRJ7ITKd-450.webp,57.81,57.81,50,50,0.14,0.5,16.08,97.4,14.14,85.86,-35.86,14.14,Over,0.51,0.01,13.06,Yes,,,,,,
N/A,9/26/2026,Isaiah Fuhrmann,Anytime TDs,0.5,demon,https://static.prizepicks.com/images/players/NCAAFB/Isaiah_Fuhrmann_NCAAFB_player_TOdYIhavAFGmPNKlBcrtWQUS-450.webp,https://static.prizepicks.com/images/players/NCAAFB/Isaiah_Fuhrmann_NCAAFB_player_TOdYIhavAFGmPNKlBcrtWQUS-450.webp,57.81,57.81,50,50,0.16,0.5,18.74,95.39,16.3,83.7,-33.7,16.3,Over,0.45,-0.05,14.79,No,,,,,,
N/A,9/26/2026,JonAnthony Hall,Anytime TDs,0.5,demon,https://static.prizepicks.com/images/players/NCAAFB/JonAnthony_Hall_NCAAFB_player_aGAR91Bv8P6wO8mRHOBzcG6f-450.webp,https://static.prizepicks.com/images/players/NCAAFB/JonAnthony_Hall_NCAAFB_player_aGAR91Bv8P6wO8mRHOBzcG6f-450.webp,57.81,57.81,50,50,0.16,0.5,19.02,96.25,16.48,83.52,-33.52,16.48,Over,0.44,-0.06,14.79,No,,,,,,
N/A,9/26/2026,Jordan Allen,Anytime TDs,0.5,demon,https://static.prizepicks.com/images/players/NCAAFB/Jordan_Allen_NCAAFB_player_y0aS2GCTmGkuDKkOjsLQzv2-450.webp,https://static.prizepicks.com/images/players/NCAAFB/Jordan_Allen_NCAAFB_player_y0aS2GCTmGkuDKkOjsLQzv2-450.webp,57.81,57.81,50,50,0.33,0.5,40.23,77.31,33.48,66.52,-16.52,33.48,Over,0.51,0.01,28.11,Yes,,,,,,
N/A,9/26/2026,Jordan Onovughe,Anytime TDs,0.5,demon,https://static.prizepicks.com/images/players/NCAAFB/Jordan_Onovughe_NCAAFB_player_3nSGolM1eE0kCOIoQXvzN0aU-450.webp,https://static.prizepicks.com/images/players/NCAAFB/Jordan_Onovughe_NCAAFB_player_3nSGolM1eE0kCOIoQXvzN0aU-450.webp,57.81,57.81,50,50,0.14,0.5,15.63,97.37,13.81,86.19,-36.19,13.81,Over,0.50,0,13.06,No,,,,,,
N/A,9/26/2026,Justice Haynes,Anytime TDs,0.5,goblin,https://static.prizepicks.com/images/players/NCAAFB/Justice_Haynes_NCAAFB_player_oTSQote2SqysifgSrv2xE2C-450.webp,https://static.prizepicks.com/images/players/NCAAFB/Justice_Haynes_NCAAFB_player_oTSQote2SqysifgSrv2xE2C-450.webp,57.81,57.81,50,50,0.68,0.5,73.88,34.93,67.92,32.08,17.92,67.92,Over,0.96,0.46,49.34,Yes,,,,,,
N/A,9/26/2026,Kevin Roche Jr.,Anytime TDs,0.5,demon,https://static.prizepicks.com/images/players/NCAAFB/Kevin_Roche_NCAAFB_player_rjaFoMsfxnJCDFPsdoYWWucC-450.webp,https://static.prizepicks.com/images/players/NCAAFB/Kevin_Roche_NCAAFB_player_rjaFoMsfxnJCDFPsdoYWWucC-450.webp,57.81,57.81,50,50,0.25,0.5,28.7,84.47,25.38,74.63,-24.62,25.38,Over,0.36,-0.14,22.12,No,,,,,,
N/A,9/26/2026,Malachi Hosley,Anytime TDs,0.5,demon,https://static.prizepicks.com/images/players/NCAAFB/Malachi_Hosley_NCAAFB_player_5i6Ej3qEKETAlkzuhW7F5FjT-450.webp,https://static.prizepicks.com/images/players/NCAAFB/Malachi_Hosley_NCAAFB_player_5i6Ej3qEKETAlkzuhW7F5FjT-450.webp,57.81,57.81,50,50,0.3,0.5,33.59,79.5,29.99,70.01,-20.01,29.99,Over,0.58,0.08,25.92,Yes,,,,,,
N/A,9/26/2026,Micah Ford,Anytime TDs,0.5,goblin,https://static.prizepicks.com/images/players/NCAAFB/Micah_Ford_NCAAFB_player_ylIY0aal4AF2uAxqVNLjYiyX-450.webp,https://static.prizepicks.com/images/players/NCAAFB/Micah_Ford_NCAAFB_player_ylIY0aal4AF2uAxqVNLjYiyX-450.webp,57.81,57.81,50,50,0.64,0.5,69.36,39.36,63.82,36.18,13.82,63.82,Over,0.63,0.13,47.27,Yes,,,,,,
N/A,9/26/2026,Sedrick Irvin,Anytime TDs,0.5,demon,https://static.prizepicks.com/images/players/NCAAFB/Sedrick_Irvin_NCAAFB_player_Cl8bIb2fj84Mpw2stsNmwLIH-450.webp,https://static.prizepicks.com/images/players/NCAAFB/Sedrick_Irvin_NCAAFB_player_Cl8bIb2fj84Mpw2stsNmwLIH-450.webp,57.81,57.81,50,50,0.31,0.5,34.7,77.92,30.8,69.2,-19.2,30.8,Over,0.39,-0.11,26.66,No,,,,,,
N/A,9/26/2026,Trelain Maddox,Anytime TDs,0.5,demon,https://static.prizepicks.com/images/players/NCAAFB/Trelain_Maddox_NCAAFB_player_yMLyeEoynpwruUtRE6fccJ2G-450.webp,https://static.prizepicks.com/images/players/NCAAFB/Trelain_Maddox_NCAAFB_player_yMLyeEoynpwruUtRE6fccJ2G-450.webp,57.81,57.81,50,50,0.3,0.5,33.87,79.22,30.26,69.74,-19.74,30.26,Over,0.50,0,25.92,No,,,,,,
N/A,9/26/2026,Zion Robinson,Anytime TDs,0.5,demon,https://static.prizepicks.com/images/players/NCAAFB/Zion_Robinson_NCAAFB_player_Tz1hj9JeSKqOPNsavUawOeNc-450.webp,https://static.prizepicks.com/images/players/NCAAFB/Zion_Robinson_NCAAFB_player_Tz1hj9JeSKqOPNsavUawOeNc-450.webp,57.81,57.81,50,50,0.17,0.5,19.75,96.49,16.99,83.01,-33.01,16.99,Over,0.50,0,15.63,No,,,,,,
N/A,9/26/2026,Alberto Mendoza,INT,0.5,standard,https://static.prizepicks.com/images/players/NCAAFB/Alberto_Mendoza_NCAAFB_player_FPjky4KiJ1JUMrt1aun9Igcf-450.webp,https://static.prizepicks.com/images/players/NCAAFB/Alberto_Mendoza_NCAAFB_player_FPjky4KiJ1JUMrt1aun9Igcf-450.webp,57.81,57.81,50,50,0.7,0.5,55.62,54.91,50.33,49.67,0.33,50.33,Over,0.57,0.07,50.34,Yes,,,,,,
N/A,9/26/2026,Alberto Mendoza,Rush TDs,0.5,demon,https://static.prizepicks.com/images/players/NCAAFB/Alberto_Mendoza_NCAAFB_player_FPjky4KiJ1JUMrt1aun9Igcf-450.webp,https://static.prizepicks.com/images/players/NCAAFB/Alberto_Mendoza_NCAAFB_player_FPjky4KiJ1JUMrt1aun9Igcf-450.webp,57.81,57.81,50,50,0.5,,,,,,,,,0.38,-0.12,39.35,,,,,,,
N/A,9/26/2026,Atticus Joseph,Rec TDs,0.5,demon,https://static.prizepicks.com/images/players/NCAAFB/Atticus_Joseph_NCAAFB_player_dNZ2i1gfk7LLmqAT6g6MwLNp-450.webp,https://static.prizepicks.com/images/players/NCAAFB/Atticus_Joseph_NCAAFB_player_dNZ2i1gfk7LLmqAT6g6MwLNp-450.webp,57.81,57.81,50,50,0.5,,,,,,,,,0.13,-0.37,39.35,,,,,,,
N/A,9/26/2026,Benji Blackburn,Rec TDs,0.5,demon,https://static.prizepicks.com/images/players/NCAAFB/Benji_Blackburn_NCAAFB_player_q66XDfBsQT7rgfeH6qgiR5xs-450.webp,https://static.prizepicks.com/images/players/NCAAFB/Benji_Blackburn_NCAAFB_player_q66XDfBsQT7rgfeH6qgiR5xs-450.webp,57.81,57.81,50,50,0.5,,,,,,,,,0.21,-0.29,39.35,,,,,,,
N/A,9/26/2026,Caden High,Rec TDs,0.5,demon,https://static.prizepicks.com/images/players/NCAAFB/Caden_High_NCAAFB_player_ci1vhH1o9qVsXcfwABHTF4tt-450.webp,https://static.prizepicks.com/images/players/NCAAFB/Caden_High_NCAAFB_player_ci1vhH1o9qVsXcfwABHTF4tt-450.webp,57.81,57.81,50,50,0.5,,,,,,,,,0.30,-0.2,39.35,,,,,,,
N/A,9/26/2026,Chico Holt,Rec TDs,0.5,demon,https://static.prizepicks.com/images/players/NCAAFB/Chico_Holt_NCAAFB_player_zxY3Y0wU4V3VAm6aVunnqfuX-450.webp,https://static.prizepicks.com/images/players/NCAAFB/Chico_Holt_NCAAFB_player_zxY3Y0wU4V3VAm6aVunnqfuX-450.webp,57.81,57.81,50,50,0.5,,,,,,,,,0.06,-0.44,39.35,,,,,,,
N/A,9/26/2026,Dalen Penson,Rec TDs,0.5,demon,https://static.prizepicks.com/images/players/NCAAFB/Dalen_Penson_NCAAFB_player_BmE8NgWAVn1HaUMca6YlHb6K-450.webp,https://static.prizepicks.com/images/players/NCAAFB/Dalen_Penson_NCAAFB_player_BmE8NgWAVn1HaUMca6YlHb6K-450.webp,57.81,57.81,50,50,0.5,,,,,,,,,0.15,-0.35,39.35,,,,,,,
N/A,9/26/2026,Davis Warren,Pass TDs,0.5,goblin,https://static.prizepicks.com/images/players/NCAAFB/Davis_Warren_NCAAFB_player_ziGTPvZNhtlLAUjm8eTYxWyR-450.webp,https://static.prizepicks.com/images/players/NCAAFB/Davis_Warren_NCAAFB_player_ziGTPvZNhtlLAUjm8eTYxWyR-450.webp,57.81,57.81,50,50,1.19,1.5,42.47,64.26,39.8,60.2,-10.2,39.8,Over,1.39,0.89,69.58,Yes,,,,,,
N/A,9/26/2026,Davis Warren,Rush TDs,0.5,demon,https://static.prizepicks.com/images/players/NCAAFB/Davis_Warren_NCAAFB_player_ziGTPvZNhtlLAUjm8eTYxWyR-450.webp,https://static.prizepicks.com/images/players/NCAAFB/Davis_Warren_NCAAFB_player_ziGTPvZNhtlLAUjm8eTYxWyR-450.webp,57.81,57.81,50,50,0.5,,,,,,,,,,,39.35,,,,,,,
N/A,9/26/2026,Gavin Harris,Rec TDs,0.5,demon,https://static.prizepicks.com/images/players/NCAAFB/Gavin_Harris_NCAAFB_player_enKxCJS8TuTnRgDqFRJ7ITKd-450.webp,https://static.prizepicks.com/images/players/NCAAFB/Gavin_Harris_NCAAFB_player_enKxCJS8TuTnRgDqFRJ7ITKd-450.webp,57.81,57.81,50,50,0.5,,,,,,,,,0.11,-0.39,39.35,,,,,,,
N/A,9/26/2026,Isaiah Fuhrmann,Rec TDs,0.5,demon,https://static.prizepicks.com/images/players/NCAAFB/Isaiah_Fuhrmann_NCAAFB_player_TOdYIhavAFGmPNKlBcrtWQUS-450.webp,https://static.prizepicks.com/images/players/NCAAFB/Isaiah_Fuhrmann_NCAAFB_player_TOdYIhavAFGmPNKlBcrtWQUS-450.webp,57.81,57.81,50,50,0.5,,,,,,,,,0.18,-0.32,39.35,,,,,,,
N/A,9/26/2026,JonAnthony Hall,Rec TDs,0.5,demon,https://static.prizepicks.com/images/players/NCAAFB/JonAnthony_Hall_NCAAFB_player_aGAR91Bv8P6wO8mRHOBzcG6f-450.webp,https://static.prizepicks.com/images/players/NCAAFB/JonAnthony_Hall_NCAAFB_player_aGAR91Bv8P6wO8mRHOBzcG6f-450.webp,57.81,57.81,50,50,0.5,,,,,,,,,0.17,-0.33,39.35,,,,,,,
N/A,9/26/2026,Jordan Onovughe,Rec TDs,0.5,demon,https://static.prizepicks.com/images/players/NCAAFB/Jordan_Onovughe_NCAAFB_player_3nSGolM1eE0kCOIoQXvzN0aU-450.webp,https://static.prizepicks.com/images/players/NCAAFB/Jordan_Onovughe_NCAAFB_player_3nSGolM1eE0kCOIoQXvzN0aU-450.webp,57.81,57.81,50,50,0.5,,,,,,,,,0.06,-0.44,39.35,,,,,,,
N/A,9/26/2026,Justice Haynes,Rec TDs,0.5,demon,https://static.prizepicks.com/images/players/NCAAFB/Justice_Haynes_NCAAFB_player_oTSQote2SqysifgSrv2xE2C-450.webp,https://static.prizepicks.com/images/players/NCAAFB/Justice_Haynes_NCAAFB_player_oTSQote2SqysifgSrv2xE2C-450.webp,57.81,57.81,50,50,0.5,,,,,,,,,0.19,-0.31,39.35,,,,,,,
N/A,9/26/2026,Kevin Roche Jr.,Rec TDs,0.5,demon,https://static.prizepicks.com/images/players/NCAAFB/Kevin_Roche_NCAAFB_player_rjaFoMsfxnJCDFPsdoYWWucC-450.webp,https://static.prizepicks.com/images/players/NCAAFB/Kevin_Roche_NCAAFB_player_rjaFoMsfxnJCDFPsdoYWWucC-450.webp,57.81,57.81,50,50,0.5,,,,,,,,,0.26,-0.24,39.35,,,,,,,
N/A,9/26/2026,Malachi Hosley,Rush TDs,0.5,demon,https://static.prizepicks.com/images/players/NCAAFB/Malachi_Hosley_NCAAFB_player_5i6Ej3qEKETAlkzuhW7F5FjT-450.webp,https://static.prizepicks.com/images/players/NCAAFB/Malachi_Hosley_NCAAFB_player_5i6Ej3qEKETAlkzuhW7F5FjT-450.webp,57.81,57.81,50,50,0.5,,,,,,,,,0.26,-0.24,39.35,,,,,,,
N/A,9/26/2026,Micah Ford,Rec TDs,0.5,demon,https://static.prizepicks.com/images/players/NCAAFB/Micah_Ford_NCAAFB_player_ylIY0aal4AF2uAxqVNLjYiyX-450.webp,https://static.prizepicks.com/images/players/NCAAFB/Micah_Ford_NCAAFB_player_ylIY0aal4AF2uAxqVNLjYiyX-450.webp,57.81,57.81,50,50,0.5,,,,,,,,,0.04,-0.46,39.35,,,,,,,
N/A,9/26/2026,Nico Brown,Anytime TDs,0.5,demon,https://static.prizepicks.com/images/players/NCAAFB/Nico_Brown_NCAAFB_player_L3zT8MSITx45VoIuR7tillgX-450.webp,https://static.prizepicks.com/images/players/NCAAFB/Nico_Brown_NCAAFB_player_L3zT8MSITx45VoIuR7tillgX-450.webp,57.81,57.81,50,50,0.12,0.5,13.5,97.34,12.17,87.83,-37.83,12.17,Over,0.41,-0.09,11.31,No,,,,,,
N/A,9/26/2026,Nico Brown,Rec TDs,0.5,demon,https://static.prizepicks.com/images/players/NCAAFB/Nico_Brown_NCAAFB_player_L3zT8MSITx45VoIuR7tillgX-450.webp,https://static.prizepicks.com/images/players/NCAAFB/Nico_Brown_NCAAFB_player_L3zT8MSITx45VoIuR7tillgX-450.webp,57.81,57.81,50,50,0.5,,,,,,,,,0.15,-0.35,39.35,,,,,,,
N/A,9/26/2026,Sedrick Irvin,Rush TDs,0.5,demon,https://static.prizepicks.com/images/players/NCAAFB/Sedrick_Irvin_NCAAFB_player_Cl8bIb2fj84Mpw2stsNmwLIH-450.webp,https://static.prizepicks.com/images/players/NCAAFB/Sedrick_Irvin_NCAAFB_player_Cl8bIb2fj84Mpw2stsNmwLIH-450.webp,57.81,57.81,50,50,0.5,,,,,,,,,0.23,-0.27,39.35,,,,,,,
N/A,9/26/2026,Trelain Maddox,Rush TDs,0.5,demon,https://static.prizepicks.com/images/players/NCAAFB/Trelain_Maddox_NCAAFB_player_yMLyeEoynpwruUtRE6fccJ2G-450.webp,https://static.prizepicks.com/images/players/NCAAFB/Trelain_Maddox_NCAAFB_player_yMLyeEoynpwruUtRE6fccJ2G-450.webp,57.81,57.81,50,50,0.5,,,,,,,,,0.15,-0.35,39.35,,,,,,,
N/A,9/26/2026,Zion Robinson,Rec TDs,0.5,demon,https://static.prizepicks.com/images/players/NCAAFB/Zion_Robinson_NCAAFB_player_Tz1hj9JeSKqOPNsavUawOeNc-450.webp,https://static.prizepicks.com/images/players/NCAAFB/Zion_Robinson_NCAAFB_player_Tz1hj9JeSKqOPNsavUawOeNc-450.webp,57.81,57.81,50,50,0.5,,,,,,,,,0.45,-0.05,39.35,,,,,,,
N/A,9/26/2026,Alberto Mendoza,Pass TDs,0.5,goblin,https://static.prizepicks.com/images/players/NCAAFB/Alberto_Mendoza_NCAAFB_player_FPjky4KiJ1JUMrt1aun9Igcf-450.webp,https://static.prizepicks.com/images/players/NCAAFB/Alberto_Mendoza_NCAAFB_player_FPjky4KiJ1JUMrt1aun9Igcf-450.webp,57.81,57.81,50,50,1.27,1.5,45.09,61.82,42.17,57.83,-7.83,42.17,Over,1.41,0.91,71.92,Yes,,,,,,
N/A,9/26/2026,Davis Warren,INT,0.5,goblin,https://static.prizepicks.com/images/players/NCAAFB/Davis_Warren_NCAAFB_player_ziGTPvZNhtlLAUjm8eTYxWyR-450.webp,https://static.prizepicks.com/images/players/NCAAFB/Davis_Warren_NCAAFB_player_ziGTPvZNhtlLAUjm8eTYxWyR-450.webp,57.81,57.81,50,50,0.84,0.5,61.87,46.53,57.08,42.92,7.08,57.08,Over,0.67,0.17,56.83,Yes,,,,,,
N/A,9/26/2026,Justice Haynes,Rush TDs,0.5,goblin,https://static.prizepicks.com/images/players/NCAAFB/Justice_Haynes_NCAAFB_player_oTSQote2SqysifgSrv2xE2C-450.webp,https://static.prizepicks.com/images/players/NCAAFB/Justice_Haynes_NCAAFB_player_oTSQote2SqysifgSrv2xE2C-450.webp,57.81,57.81,50,50,0.5,,,,,,,,,1.04,0.54,39.35,,,,,,,
N/A,9/26/2026,Trelain Maddox,Rec TDs,0.5,demon,https://static.prizepicks.com/images/players/NCAAFB/Trelain_Maddox_NCAAFB_player_yMLyeEoynpwruUtRE6fccJ2G-450.webp,https://static.prizepicks.com/images/players/NCAAFB/Trelain_Maddox_NCAAFB_player_yMLyeEoynpwruUtRE6fccJ2G-450.webp,57.81,57.81,50,50,0.5,,,,,,,,,0.01,-0.49,39.35,,,,,,,
N/A,9/26/2026,Sedrick Irvin,Rec TDs,0.5,demon,https://static.prizepicks.com/images/players/NCAAFB/Sedrick_Irvin_NCAAFB_player_Cl8bIb2fj84Mpw2stsNmwLIH-450.webp,https://static.prizepicks.com/images/players/NCAAFB/Sedrick_Irvin_NCAAFB_player_Cl8bIb2fj84Mpw2stsNmwLIH-450.webp,57.81,57.81,50,50,0.5,,,,,,,,,0.02,-0.48,39.35,,,,,,,
N/A,9/26/2026,Chico Holt,Anytime TDs,0.5,demon,https://static.prizepicks.com/images/players/NCAAFB/Chico_Holt_NCAAFB_player_zxY3Y0wU4V3VAm6aVunnqfuX-450.webp,https://static.prizepicks.com/images/players/NCAAFB/Chico_Holt_NCAAFB_player_zxY3Y0wU4V3VAm6aVunnqfuX-450.webp,57.81,57.81,50,50,0.09,0.5,9.6,96.75,9.01,90.99,-40.99,9.01,Over,0.50,0,8.61,No,,,,,,
N/A,9/26/2026,Liam Thorpe,Rec TDs,0.5,demon,https://static.prizepicks.com/images/players/NCAAFB/Liam_Thorpe_NCAAFB_player_laQcQVaqkPodKDLHH9onUtTk-450.webp,https://static.prizepicks.com/images/players/NCAAFB/Liam_Thorpe_NCAAFB_player_laQcQVaqkPodKDLHH9onUtTk-450.webp,57.81,57.81,50,50,0.5,,,,,,,,,0.08,-0.42,39.35,,,,,,,
N/A,9/26/2026,Liam Thorpe,Anytime TDs,0.5,demon,https://static.prizepicks.com/images/players/NCAAFB/Liam_Thorpe_NCAAFB_player_laQcQVaqkPodKDLHH9onUtTk-450.webp,https://static.prizepicks.com/images/players/NCAAFB/Liam_Thorpe_NCAAFB_player_laQcQVaqkPodKDLHH9onUtTk-450.webp,57.81,57.81,50,50,0.06,0.5,6.08,95.39,5.95,94.06,-44.05,5.95,Over,0.50,0,5.82,No,,,,,,
N/A,9/26/2026,Carter Jones,Pass Yards,324.5,demon,https://static.prizepicks.com/images/players/NCAAFB/Carter_Jones_NCAAFB_player_jyKVuI2Er6cJWTFdTL7tvdkl-450.webp,https://static.prizepicks.com/images/players/NCAAFB/Carter_Jones_NCAAFB_player_jyKVuI2Er6cJWTFdTL7tvdkl-450.webp,57.81,57.81,50,50,169.5,169.5,56.3,56.3,50,50,0,50,Over,169.50,-155,2.63,No,,,,,,
N/A,9/26/2026,Liam Szarka,Pass Yards,274.5,demon,https://static.prizepicks.com/images/players/NCAAFB/Liam_Szarka_NCAAFB_player_CKNnbvnNSBj1pR3TgzLp5tV4-450.webp,https://static.prizepicks.com/images/players/NCAAFB/Liam_Szarka_NCAAFB_player_CKNnbvnNSBj1pR3TgzLp5tV4-450.webp,57.81,57.81,50,50,123.5,123.5,56.3,56.3,50,50,0,50,Over,123.50,-151,2.95,No,,,,,,
N/A,9/26/2026,Carter Jones,Pass Yards,224.5,demon,https://static.prizepicks.com/images/players/NCAAFB/Carter_Jones_NCAAFB_player_jyKVuI2Er6cJWTFdTL7tvdkl-450.webp,https://static.prizepicks.com/images/players/NCAAFB/Carter_Jones_NCAAFB_player_jyKVuI2Er6cJWTFdTL7tvdkl-450.webp,57.81,57.81,50,50,169.5,169.5,56.3,56.3,50,50,0,50,Over,169.50,-55,24.59,No,,,,,,
N/A,9/26/2026,Carter Jones,Pass Yards,199.5,demon,https://static.prizepicks.com/images/players/NCAAFB/Carter_Jones_NCAAFB_player_jyKVuI2Er6cJWTFdTL7tvdkl-450.webp,https://static.prizepicks.com/images/players/NCAAFB/Carter_Jones_NCAAFB_player_jyKVuI2Er6cJWTFdTL7tvdkl-450.webp,57.81,57.81,50,50,169.5,169.5,56.3,56.3,50,50,0,50,Over,169.50,-30,35.38,No,,,,,,
N/A,9/26/2026,Liam Szarka,Rush Yards,199.5,demon,https://static.prizepicks.com/images/players/NCAAFB/Liam_Szarka_NCAAFB_player_CKNnbvnNSBj1pR3TgzLp5tV4-450.webp,https://static.prizepicks.com/images/players/NCAAFB/Liam_Szarka_NCAAFB_player_CKNnbvnNSBj1pR3TgzLp5tV4-450.webp,57.81,57.81,50,50,80.83,80.75,62.02,54.13,53.11,46.89,3.11,53.11,Over,81.34,-118.16,0.88,No,,,,,,
N/A,9/26/2026,Dominic Kelley,Rush Yards,174.5,demon,https://static.prizepicks.com/images/players/NCAAFB/Dominic_Kelley_NCAAFB_player_K94togAk9nSjBa1Dy2aui58X-450.webp,https://static.prizepicks.com/images/players/NCAAFB/Dominic_Kelley_NCAAFB_player_K94togAk9nSjBa1Dy2aui58X-450.webp,57.81,57.81,50,50,66.39,67.5,55.03,56.98,49.12,50.88,-0.88,49.12,Over,68.47,-106.03,1.53,No,,,,,,
N/A,9/26/2026,Liam Szarka,Pass Yards,174.5,demon,https://static.prizepicks.com/images/players/NCAAFB/Liam_Szarka_NCAAFB_player_CKNnbvnNSBj1pR3TgzLp5tV4-450.webp,https://static.prizepicks.com/images/players/NCAAFB/Liam_Szarka_NCAAFB_player_CKNnbvnNSBj1pR3TgzLp5tV4-450.webp,57.81,57.81,50,50,123.5,123.5,56.3,56.3,50,50,0,50,Over,123.50,-51,26.19,No,,,,,,
N/A,9/26/2026,Carter Jones,Pass Yards,169.5,standard,https://static.prizepicks.com/images/players/NCAAFB/Carter_Jones_NCAAFB_player_jyKVuI2Er6cJWTFdTL7tvdkl-450.webp,https://static.prizepicks.com/images/players/NCAAFB/Carter_Jones_NCAAFB_player_jyKVuI2Er6cJWTFdTL7tvdkl-450.webp,57.81,57.81,50,50,169.5,169.5,56.3,56.3,50,50,0,50,Under,169.50,0,50,No,,,,,,
N/A,9/26/2026,Liam Szarka,Pass Yards,149.5,demon,https://static.prizepicks.com/images/players/NCAAFB/Liam_Szarka_NCAAFB_player_CKNnbvnNSBj1pR3TgzLp5tV4-450.webp,https://static.prizepicks.com/images/players/NCAAFB/Liam_Szarka_NCAAFB_player_CKNnbvnNSBj1pR3TgzLp5tV4-450.webp,57.81,57.81,50,50,123.5,123.5,56.3,56.3,50,50,0,50,Over,123.50,-26,37.26,No,,,,,,
N/A,9/26/2026,Carter Jones,Pass Yards,149.5,goblin,https://static.prizepicks.com/images/players/NCAAFB/Carter_Jones_NCAAFB_player_jyKVuI2Er6cJWTFdTL7tvdkl-450.webp,https://static.prizepicks.com/images/players/NCAAFB/Carter_Jones_NCAAFB_player_jyKVuI2Er6cJWTFdTL7tvdkl-450.webp,57.81,57.81,50,50,169.5,169.5,56.3,56.3,50,50,0,50,Over,169.50,20,59.87,Yes,,,,,,
N/A,9/26/2026,Herschel Turner,Rush Yards,149.5,demon,https://static.prizepicks.com/images/players/NCAAFB/Herschel_Turner_NCAAFB_player_uA7Gz0GEPEmx1LdE8sl4sa5q-450.webp,https://static.prizepicks.com/images/players/NCAAFB/Herschel_Turner_NCAAFB_player_uA7Gz0GEPEmx1LdE8sl4sa5q-450.webp,57.81,57.81,50,50,48.68,49.1,54.01,60.52,47.42,52.58,-2.58,47.42,Over,50.31,-99.19,2.19,No,,,,,,
N/A,9/26/2026,Owen Allen,Rush Yards,149.5,demon,https://static.prizepicks.com/images/players/NCAAFB/Owen_Allen_NCAAFB_player_crGwjdUrOgWsXrfZhg98jJq4-450.webp,https://static.prizepicks.com/images/players/NCAAFB/Owen_Allen_NCAAFB_player_crGwjdUrOgWsXrfZhg98jJq4-450.webp,57.81,57.81,50,50,47.97,48.1,55.6,55.85,49.9,50.1,-0.1,49.9,Over,49.18,-100.32,2.11,No,,,,,,
N/A,9/26/2026,Carter Jones,Pass Yards,124.5,goblin,https://static.prizepicks.com/images/players/NCAAFB/Carter_Jones_NCAAFB_player_jyKVuI2Er6cJWTFdTL7tvdkl-450.webp,https://static.prizepicks.com/images/players/NCAAFB/Carter_Jones_NCAAFB_player_jyKVuI2Er6cJWTFdTL7tvdkl-450.webp,57.81,57.81,50,50,169.5,169.5,56.3,56.3,50,50,0,50,Over,169.50,45,71.31,Yes,,,,,,
N/A,9/26/2026,Liam Szarka,Pass Yards,123.5,standard,https://static.prizepicks.com/images/players/NCAAFB/Liam_Szarka_NCAAFB_player_CKNnbvnNSBj1pR3TgzLp5tV4-450.webp,https://static.prizepicks.com/images/players/NCAAFB/Liam_Szarka_NCAAFB_player_CKNnbvnNSBj1pR3TgzLp5tV4-450.webp,57.81,57.81,50,50,123.5,123.5,56.3,56.3,50,50,0,50,Under,123.50,0,50,No,,,,,,
N/A,9/26/2026,Gary Givens III,Receiving Yards,99.5,demon,https://static.prizepicks.com/images/players/NCAAFB/Gary_Givens_NCAAFB_player_PweXdK9WinFS5xP0ifBYB7UM-450.webp,https://static.prizepicks.com/images/players/NCAAFB/Gary_Givens_NCAAFB_player_PweXdK9WinFS5xP0ifBYB7UM-450.webp,57.81,57.81,50,50,24.66,23.9,56.72,55,50.76,49.24,0.76,50.76,Over,24.66,-74.84,3.07,No,,,,,,
N/A,9/26/2026,Liam Szarka,Pass Yards,99.5,goblin,https://static.prizepicks.com/images/players/NCAAFB/Liam_Szarka_NCAAFB_player_CKNnbvnNSBj1pR3TgzLp5tV4-450.webp,https://static.prizepicks.com/images/players/NCAAFB/Liam_Szarka_NCAAFB_player_CKNnbvnNSBj1pR3TgzLp5tV4-450.webp,57.81,57.81,50,50,123.5,123.5,56.3,56.3,50,50,0,50,Over,123.50,24,61.79,Yes,,,,,,
N/A,9/26/2026,Liam Szarka,Rush Yards,99.5,demon,https://static.prizepicks.com/images/players/NCAAFB/Liam_Szarka_NCAAFB_player_CKNnbvnNSBj1pR3TgzLp5tV4-450.webp,https://static.prizepicks.com/images/players/NCAAFB/Liam_Szarka_NCAAFB_player_CKNnbvnNSBj1pR3TgzLp5tV4-450.webp,57.81,57.81,50,50,80.83,80.75,62.02,54.13,53.11,46.89,3.11,53.11,Over,81.34,-18.16,35.44,No,,,,,,
N/A,9/26/2026,Carter Jones,Pass Yards,99.5,goblin,https://static.prizepicks.com/images/players/NCAAFB/Carter_Jones_NCAAFB_player_jyKVuI2Er6cJWTFdTL7tvdkl-450.webp,https://static.prizepicks.com/images/players/NCAAFB/Carter_Jones_NCAAFB_player_jyKVuI2Er6cJWTFdTL7tvdkl-450.webp,57.81,57.81,50,50,169.5,169.5,56.3,56.3,50,50,0,50,Over,169.50,70,80.92,Yes,,,,,,
N/A,9/26/2026,Liam Szarka,Rush Yards,89.5,demon,https://static.prizepicks.com/images/players/NCAAFB/Liam_Szarka_NCAAFB_player_CKNnbvnNSBj1pR3TgzLp5tV4-450.webp,https://static.prizepicks.com/images/players/NCAAFB/Liam_Szarka_NCAAFB_player_CKNnbvnNSBj1pR3TgzLp5tV4-450.webp,57.81,57.81,50,50,80.83,80.75,62.02,54.13,53.11,46.89,3.11,53.11,Over,81.34,-8.16,43.12,No,,,,,,
N/A,9/26/2026,Dominic Kelley,Rush Yards,89.5,demon,https://static.prizepicks.com/images/players/NCAAFB/Dominic_Kelley_NCAAFB_player_K94togAk9nSjBa1Dy2aui58X-450.webp,https://static.prizepicks.com/images/players/NCAAFB/Dominic_Kelley_NCAAFB_player_K94togAk9nSjBa1Dy2aui58X-450.webp,57.81,57.81,50,50,66.39,67.5,55.03,56.98,49.12,50.88,-0.88,49.12,Over,68.47,-21.03,32.2,No,,,,,,
N/A,9/26/2026,Liam Szarka,Rush Yards,80.5,standard,https://static.prizepicks.com/images/players/NCAAFB/Liam_Szarka_NCAAFB_player_CKNnbvnNSBj1pR3TgzLp5tV4-450.webp,https://static.prizepicks.com/images/players/NCAAFB/Liam_Szarka_NCAAFB_player_CKNnbvnNSBj1pR3TgzLp5tV4-450.webp,57.81,57.81,50,50,80.83,80.75,62.02,54.13,53.11,46.89,3.11,53.11,Over,81.34,0.84,50.26,Yes,,,,,,
N/A,9/26/2026,Dominic Kelley,Rush Yards,79.5,demon,https://static.prizepicks.com/images/players/NCAAFB/Dominic_Kelley_NCAAFB_player_K94togAk9nSjBa1Dy2aui58X-450.webp,https://static.prizepicks.com/images/players/NCAAFB/Dominic_Kelley_NCAAFB_player_K94togAk9nSjBa1Dy2aui58X-450.webp,57.81,57.81,50,50,66.39,67.5,55.03,56.98,49.12,50.88,-0.88,49.12,Over,68.47,-11.03,39.66,No,,,,,,
N/A,9/26/2026,Carter Jones,Rush Yards,79.5,demon,https://static.prizepicks.com/images/players/NCAAFB/Carter_Jones_NCAAFB_player_jyKVuI2Er6cJWTFdTL7tvdkl-450.webp,https://static.prizepicks.com/images/players/NCAAFB/Carter_Jones_NCAAFB_player_jyKVuI2Er6cJWTFdTL7tvdkl-450.webp,57.81,57.81,50,50,18.56,18.75,56.43,56.75,49.85,50.15,-0.15,49.85,Over,18.76,-60.74,11.15,No,,,,,,
N/A,9/26/2026,Owen Allen,Rush Yards,69.5,demon,https://static.prizepicks.com/images/players/NCAAFB/Owen_Allen_NCAAFB_player_crGwjdUrOgWsXrfZhg98jJq4-450.webp,https://static.prizepicks.com/images/players/NCAAFB/Owen_Allen_NCAAFB_player_crGwjdUrOgWsXrfZhg98jJq4-450.webp,57.81,57.81,50,50,47.97,48.1,55.6,55.85,49.9,50.1,-0.1,49.9,Over,49.18,-20.32,33.34,No,,,,,,
N/A,9/26/2026,Liam Szarka,Rush Yards,69.5,goblin,https://static.prizepicks.com/images/players/NCAAFB/Liam_Szarka_NCAAFB_player_CKNnbvnNSBj1pR3TgzLp5tV4-450.webp,https://static.prizepicks.com/images/players/NCAAFB/Liam_Szarka_NCAAFB_player_CKNnbvnNSBj1pR3TgzLp5tV4-450.webp,57.81,57.81,50,50,80.83,80.75,62.02,54.13,53.11,46.89,3.11,53.11,Over,81.34,11.84,58.96,Yes,,,,,,
N/A,9/26/2026,Herschel Turner,Rush Yards,69.5,demon,https://static.prizepicks.com/images/players/NCAAFB/Herschel_Turner_NCAAFB_player_uA7Gz0GEPEmx1LdE8sl4sa5q-450.webp,https://static.prizepicks.com/images/players/NCAAFB/Herschel_Turner_NCAAFB_player_uA7Gz0GEPEmx1LdE8sl4sa5q-450.webp,57.81,57.81,50,50,48.68,49.1,54.01,60.52,47.42,52.58,-2.58,47.42,Over,50.31,-19.19,33.86,No,,,,,,
N/A,9/26/2026,Dominic Kelley,Rush Yards,67.5,standard,https://static.prizepicks.com/images/players/NCAAFB/Dominic_Kelley_NCAAFB_player_K94togAk9nSjBa1Dy2aui58X-450.webp,https://static.prizepicks.com/images/players/NCAAFB/Dominic_Kelley_NCAAFB_player_K94togAk9nSjBa1Dy2aui58X-450.webp,57.81,57.81,50,50,66.39,67.5,55.03,56.98,49.12,50.88,-0.88,50.88,Under,68.47,0.97,50.89,No,,,,,,
N/A,9/26/2026,Owen Allen,Rush Yards,59.5,demon,https://static.prizepicks.com/images/players/NCAAFB/Owen_Allen_NCAAFB_player_crGwjdUrOgWsXrfZhg98jJq4-450.webp,https://static.prizepicks.com/images/players/NCAAFB/Owen_Allen_NCAAFB_player_crGwjdUrOgWsXrfZhg98jJq4-450.webp,57.81,57.81,50,50,47.97,48.1,55.6,55.85,49.9,50.1,-0.1,49.9,Over,49.18,-10.32,40.88,No,,,,,,
N/A,9/26/2026,Dominic Kelley,Rush Yards,59.5,goblin,https://static.prizepicks.com/images/players/NCAAFB/Dominic_Kelley_NCAAFB_player_K94togAk9nSjBa1Dy2aui58X-450.webp,https://static.prizepicks.com/images/players/NCAAFB/Dominic_Kelley_NCAAFB_player_K94togAk9nSjBa1Dy2aui58X-450.webp,57.81,57.81,50,50,66.39,67.5,55.03,56.98,49.12,50.88,-0.88,49.12,Over,68.47,8.97,55.48,Yes,,,,,,
N/A,9/26/2026,Herschel Turner,Rush Yards,59.5,demon,https://static.prizepicks.com/images/players/NCAAFB/Herschel_Turner_NCAAFB_player_uA7Gz0GEPEmx1LdE8sl4sa5q-450.webp,https://static.prizepicks.com/images/players/NCAAFB/Herschel_Turner_NCAAFB_player_uA7Gz0GEPEmx1LdE8sl4sa5q-450.webp,57.81,57.81,50,50,48.68,49.1,54.01,60.52,47.42,52.58,-2.58,47.42,Over,50.31,-9.19,41.43,No,,,,,,
N/A,9/26/2026,Dominic Kelley,Rush Yards,49.5,goblin,https://static.prizepicks.com/images/players/NCAAFB/Dominic_Kelley_NCAAFB_player_K94togAk9nSjBa1Dy2aui58X-450.webp,https://static.prizepicks.com/images/players/NCAAFB/Dominic_Kelley_NCAAFB_player_K94togAk9nSjBa1Dy2aui58X-450.webp,57.81,57.81,50,50,66.39,67.5,55.03,56.98,49.12,50.88,-0.88,49.12,Over,68.47,18.97,63.22,Yes,,,,,,
N/A,9/26/2026,Liam Szarka,Rush Yards,49.5,goblin,https://static.prizepicks.com/images/players/NCAAFB/Liam_Szarka_NCAAFB_player_CKNnbvnNSBj1pR3TgzLp5tV4-450.webp,https://static.prizepicks.com/images/players/NCAAFB/Liam_Szarka_NCAAFB_player_CKNnbvnNSBj1pR3TgzLp5tV4-450.webp,57.81,57.81,50,50,80.83,80.75,62.02,54.13,53.11,46.89,3.11,53.11,Over,81.34,31.84,73.45,Yes,,,,,,
N/A,9/26/2026,Herschel Turner,Rush Yards,49.5,standard,https://static.prizepicks.com/images/players/NCAAFB/Herschel_Turner_NCAAFB_player_uA7Gz0GEPEmx1LdE8sl4sa5q-450.webp,https://static.prizepicks.com/images/players/NCAAFB/Herschel_Turner_NCAAFB_player_uA7Gz0GEPEmx1LdE8sl4sa5q-450.webp,57.81,57.81,50,50,48.68,49.1,54.01,60.52,47.42,52.58,-2.58,52.58,Under,50.31,0.81,50.65,No,,,,,,
N/A,9/26/2026,Owen Allen,Rush Yards,47.5,standard,https://static.prizepicks.com/images/players/NCAAFB/Owen_Allen_NCAAFB_player_crGwjdUrOgWsXrfZhg98jJq4-450.webp,https://static.prizepicks.com/images/players/NCAAFB/Owen_Allen_NCAAFB_player_crGwjdUrOgWsXrfZhg98jJq4-450.webp,57.81,57.81,50,50,47.97,48.1,55.6,55.85,49.9,50.1,-0.1,50.1,Under,49.18,1.68,49.63,No,,,,,,
N/A,9/26/2026,Herschel Turner,Rush Yards,44.5,goblin,https://static.prizepicks.com/images/players/NCAAFB/Herschel_Turner_NCAAFB_player_uA7Gz0GEPEmx1LdE8sl4sa5q-450.webp,https://static.prizepicks.com/images/players/NCAAFB/Herschel_Turner_NCAAFB_player_uA7Gz0GEPEmx1LdE8sl4sa5q-450.webp,57.81,57.81,50,50,48.68,49.1,54.01,60.52,47.42,52.58,-2.58,47.42,Over,50.31,5.81,53.33,Yes,,,,,,
N/A,9/26/2026,Owen Allen,Rush Yards,44.5,goblin,https://static.prizepicks.com/images/players/NCAAFB/Owen_Allen_NCAAFB_player_crGwjdUrOgWsXrfZhg98jJq4-450.webp,https://static.prizepicks.com/images/players/NCAAFB/Owen_Allen_NCAAFB_player_crGwjdUrOgWsXrfZhg98jJq4-450.webp,57.81,57.81,50,50,47.97,48.1,55.6,55.85,49.9,50.1,-0.1,49.9,Over,49.18,4.68,52.77,Yes,,,,,,
N/A,9/26/2026,Gary Givens III,Receiving Yards,39.5,demon,https://static.prizepicks.com/images/players/NCAAFB/Gary_Givens_NCAAFB_player_PweXdK9WinFS5xP0ifBYB7UM-450.webp,https://static.prizepicks.com/images/players/NCAAFB/Gary_Givens_NCAAFB_player_PweXdK9WinFS5xP0ifBYB7UM-450.webp,57.81,57.81,50,50,24.66,23.9,56.72,55,50.76,49.24,0.76,50.76,Over,24.66,-14.84,35.53,No,,,,,,
N/A,9/26/2026,Liam Szarka,Rush Yards,39.5,goblin,https://static.prizepicks.com/images/players/NCAAFB/Liam_Szarka_NCAAFB_player_CKNnbvnNSBj1pR3TgzLp5tV4-450.webp,https://static.prizepicks.com/images/players/NCAAFB/Liam_Szarka_NCAAFB_player_CKNnbvnNSBj1pR3TgzLp5tV4-450.webp,57.81,57.81,50,50,80.83,80.75,62.02,54.13,53.11,46.89,3.11,53.11,Over,81.34,41.84,79.58,Yes,,,,,,
N/A,9/26/2026,Dominic Kelley,Rush Yards,39.5,goblin,https://static.prizepicks.com/images/players/NCAAFB/Dominic_Kelley_NCAAFB_player_K94togAk9nSjBa1Dy2aui58X-450.webp,https://static.prizepicks.com/images/players/NCAAFB/Dominic_Kelley_NCAAFB_player_K94togAk9nSjBa1Dy2aui58X-450.webp,57.81,57.81,50,50,66.39,67.5,55.03,56.98,49.12,50.88,-0.88,49.12,Over,68.47,28.97,70.46,Yes,,,,,,
N/A,9/26/2026,Carter Jones,Rush Yards,29.5,demon,https://static.prizepicks.com/images/players/NCAAFB/Carter_Jones_NCAAFB_player_jyKVuI2Er6cJWTFdTL7tvdkl-450.webp,https://static.prizepicks.com/images/players/NCAAFB/Carter_Jones_NCAAFB_player_jyKVuI2Er6cJWTFdTL7tvdkl-450.webp,57.81,57.81,50,50,18.56,18.75,56.43,56.75,49.85,50.15,-0.15,49.85,Over,18.76,-10.74,41.34,No,,,,,,
N/A,9/26/2026,Gary Givens III,Receiving Yards,29.5,demon,https://static.prizepicks.com/images/players/NCAAFB/Gary_Givens_NCAAFB_player_PweXdK9WinFS5xP0ifBYB7UM-450.webp,https://static.prizepicks.com/images/players/NCAAFB/Gary_Givens_NCAAFB_player_PweXdK9WinFS5xP0ifBYB7UM-450.webp,57.81,57.81,50,50,24.66,23.9,56.72,55,50.76,49.24,0.76,50.76,Over,24.66,-4.84,45.18,No,,,,,,
N/A,9/26/2026,Herschel Turner,Rush Yards,24.5,goblin,https://static.prizepicks.com/images/players/NCAAFB/Herschel_Turner_NCAAFB_player_uA7Gz0GEPEmx1LdE8sl4sa5q-450.webp,https://static.prizepicks.com/images/players/NCAAFB/Herschel_Turner_NCAAFB_player_uA7Gz0GEPEmx1LdE8sl4sa5q-450.webp,57.81,57.81,50,50,48.68,49.1,54.01,60.52,47.42,52.58,-2.58,47.42,Over,50.31,25.81,68.57,Yes,,,,,,
N/A,9/26/2026,Owen Allen,Rush Yards,24.5,goblin,https://static.prizepicks.com/images/players/NCAAFB/Owen_Allen_NCAAFB_player_crGwjdUrOgWsXrfZhg98jJq4-450.webp,https://static.prizepicks.com/images/players/NCAAFB/Owen_Allen_NCAAFB_player_crGwjdUrOgWsXrfZhg98jJq4-450.webp,57.81,57.81,50,50,47.97,48.1,55.6,55.85,49.9,50.1,-0.1,49.9,Over,49.18,24.68,68.06,Yes,,,,,,
N/A,9/26/2026,Carter Jones,Rush Yards,24.5,demon,https://static.prizepicks.com/images/players/NCAAFB/Carter_Jones_NCAAFB_player_jyKVuI2Er6cJWTFdTL7tvdkl-450.webp,https://static.prizepicks.com/images/players/NCAAFB/Carter_Jones_NCAAFB_player_jyKVuI2Er6cJWTFdTL7tvdkl-450.webp,57.81,57.81,50,50,18.56,18.75,56.43,56.75,49.85,50.15,-0.15,49.85,Over,18.76,-5.74,45.27,No,,,,,,
N/A,9/26/2026,Gary Givens III,Receiving Yards,23.5,standard,https://static.prizepicks.com/images/players/NCAAFB/Gary_Givens_NCAAFB_player_PweXdK9WinFS5xP0ifBYB7UM-450.webp,https://static.prizepicks.com/images/players/NCAAFB/Gary_Givens_NCAAFB_player_PweXdK9WinFS5xP0ifBYB7UM-450.webp,57.81,57.81,50,50,24.66,23.9,56.72,55,50.76,49.24,0.76,50.76,Over,24.66,1.16,51.16,Yes,,,,,,
N/A,9/26/2026,Gary Givens III,Receiving Yards,19.5,goblin,https://static.prizepicks.com/images/players/NCAAFB/Gary_Givens_NCAAFB_player_PweXdK9WinFS5xP0ifBYB7UM-450.webp,https://static.prizepicks.com/images/players/NCAAFB/Gary_Givens_NCAAFB_player_PweXdK9WinFS5xP0ifBYB7UM-450.webp,57.81,57.81,50,50,24.66,23.9,56.72,55,50.76,49.24,0.76,50.76,Over,24.66,5.16,55.13,Yes,,,,,,
N/A,9/26/2026,Owen Allen,Rush Yards,19.5,goblin,https://static.prizepicks.com/images/players/NCAAFB/Owen_Allen_NCAAFB_player_crGwjdUrOgWsXrfZhg98jJq4-450.webp,https://static.prizepicks.com/images/players/NCAAFB/Owen_Allen_NCAAFB_player_crGwjdUrOgWsXrfZhg98jJq4-450.webp,57.81,57.81,50,50,47.97,48.1,55.6,55.85,49.9,50.1,-0.1,49.9,Over,49.18,29.68,71.55,Yes,,,,,,
N/A,9/26/2026,Herschel Turner,Rush Yards,19.5,goblin,https://static.prizepicks.com/images/players/NCAAFB/Herschel_Turner_NCAAFB_player_uA7Gz0GEPEmx1LdE8sl4sa5q-450.webp,https://static.prizepicks.com/images/players/NCAAFB/Herschel_Turner_NCAAFB_player_uA7Gz0GEPEmx1LdE8sl4sa5q-450.webp,57.81,57.81,50,50,48.68,49.1,54.01,60.52,47.42,52.58,-2.58,47.42,Over,50.31,30.81,72.03,Yes,,,,,,
N/A,9/26/2026,Carter Jones,Rush Yards,18.5,standard,https://static.prizepicks.com/images/players/NCAAFB/Carter_Jones_NCAAFB_player_jyKVuI2Er6cJWTFdTL7tvdkl-450.webp,https://static.prizepicks.com/images/players/NCAAFB/Carter_Jones_NCAAFB_player_jyKVuI2Er6cJWTFdTL7tvdkl-450.webp,57.81,57.81,50,50,18.56,18.75,56.43,56.75,49.85,50.15,-0.15,50.15,Under,18.76,0.26,49.95,No,,,,,,
N/A,9/26/2026,Carter Jones,Rush Yards,14.5,goblin,https://static.prizepicks.com/images/players/NCAAFB/Carter_Jones_NCAAFB_player_jyKVuI2Er6cJWTFdTL7tvdkl-450.webp,https://static.prizepicks.com/images/players/NCAAFB/Carter_Jones_NCAAFB_player_jyKVuI2Er6cJWTFdTL7tvdkl-450.webp,57.81,57.81,50,50,18.56,18.75,56.43,56.75,49.85,50.15,-0.15,49.85,Over,18.76,4.26,53.24,Yes,,,,,,
N/A,9/26/2026,Carter Jones,Rush Yards,9.5,goblin,https://static.prizepicks.com/images/players/NCAAFB/Carter_Jones_NCAAFB_player_jyKVuI2Er6cJWTFdTL7tvdkl-450.webp,https://static.prizepicks.com/images/players/NCAAFB/Carter_Jones_NCAAFB_player_jyKVuI2Er6cJWTFdTL7tvdkl-450.webp,57.81,57.81,50,50,18.56,18.75,56.43,56.75,49.85,50.15,-0.15,49.85,Over,18.76,9.26,57.19,Yes,,,,,,
N/A,9/26/2026,Gary Givens III,Receiving Yards,9.5,goblin,https://static.prizepicks.com/images/players/NCAAFB/Gary_Givens_NCAAFB_player_PweXdK9WinFS5xP0ifBYB7UM-450.webp,https://static.prizepicks.com/images/players/NCAAFB/Gary_Givens_NCAAFB_player_PweXdK9WinFS5xP0ifBYB7UM-450.webp,57.81,57.81,50,50,24.66,23.9,56.72,55,50.76,49.24,0.76,50.76,Over,24.66,15.16,64.77,Yes,,,,,,
N/A,9/26/2026,Carter Jones,Rush Yards,4.5,goblin,https://static.prizepicks.com/images/players/NCAAFB/Carter_Jones_NCAAFB_player_jyKVuI2Er6cJWTFdTL7tvdkl-450.webp,https://static.prizepicks.com/images/players/NCAAFB/Carter_Jones_NCAAFB_player_jyKVuI2Er6cJWTFdTL7tvdkl-450.webp,57.81,57.81,50,50,18.56,18.75,56.43,56.75,49.85,50.15,-0.15,49.85,Over,18.76,14.26,61.07,Yes,,,,,,
N/A,9/26/2026,Gary Givens III,Receiving Yards,4.5,goblin,https://static.prizepicks.com/images/players/NCAAFB/Gary_Givens_NCAAFB_player_PweXdK9WinFS5xP0ifBYB7UM-450.webp,https://static.prizepicks.com/images/players/NCAAFB/Gary_Givens_NCAAFB_player_PweXdK9WinFS5xP0ifBYB7UM-450.webp,57.81,57.81,50,50,24.66,23.9,56.72,55,50.76,49.24,0.76,50.76,Over,24.66,20.16,69.29,Yes,,,,,,
N/A,9/26/2026,Liam Szarka,Anytime TDs,2.5,demon,https://static.prizepicks.com/images/players/NCAAFB/Liam_Szarka_NCAAFB_player_CKNnbvnNSBj1pR3TgzLp5tV4-450.webp,https://static.prizepicks.com/images/players/NCAAFB/Liam_Szarka_NCAAFB_player_CKNnbvnNSBj1pR3TgzLp5tV4-450.webp,57.81,57.81,50,50,0.72,0.5,78.21,31.34,71.51,28.49,21.51,71.51,Over,1.01,-1.49,3.66,No,,,,,,
N/A,9/26/2026,Dominic Kelley,Anytime TDs,2.5,demon,https://static.prizepicks.com/images/players/NCAAFB/Dominic_Kelley_NCAAFB_player_K94togAk9nSjBa1Dy2aui58X-450.webp,https://static.prizepicks.com/images/players/NCAAFB/Dominic_Kelley_NCAAFB_player_K94togAk9nSjBa1Dy2aui58X-450.webp,57.81,57.81,50,50,0.56,0.5,61.55,47.77,56.32,43.68,6.32,56.32,Over,0.46,-2.04,1.93,No,,,,,,
N/A,9/26/2026,Liam Szarka,Pass TDs,2.5,demon,https://static.prizepicks.com/images/players/NCAAFB/Liam_Szarka_NCAAFB_player_CKNnbvnNSBj1pR3TgzLp5tV4-450.webp,https://static.prizepicks.com/images/players/NCAAFB/Liam_Szarka_NCAAFB_player_CKNnbvnNSBj1pR3TgzLp5tV4-450.webp,57.81,57.81,50,50,0.59,0.5,62.41,44.25,58.51,41.49,8.51,58.51,Over,0.54,-1.96,2.21,No,,,,,,
N/A,9/26/2026,Carter Jones,Pass TDs,2.5,demon,https://static.prizepicks.com/images/players/NCAAFB/Carter_Jones_NCAAFB_player_jyKVuI2Er6cJWTFdTL7tvdkl-450.webp,https://static.prizepicks.com/images/players/NCAAFB/Carter_Jones_NCAAFB_player_jyKVuI2Er6cJWTFdTL7tvdkl-450.webp,57.81,57.81,50,50,0.68,0.5,72.22,34.72,67.53,32.47,17.53,67.53,Over,0.58,-1.92,3.18,No,,,,,,
N/A,9/26/2026,Dominic Kelley,Anytime TDs,1.5,demon,https://static.prizepicks.com/images/players/NCAAFB/Dominic_Kelley_NCAAFB_player_K94togAk9nSjBa1Dy2aui58X-450.webp,https://static.prizepicks.com/images/players/NCAAFB/Dominic_Kelley_NCAAFB_player_K94togAk9nSjBa1Dy2aui58X-450.webp,57.81,57.81,50,50,0.56,0.5,61.55,47.77,56.32,43.68,6.32,56.32,Over,0.46,-1.04,10.89,No,,,,,,
N/A,9/26/2026,Kemper Hodges,Anytime TDs,1.5,demon,https://static.prizepicks.com/images/players/NCAAFB/Kemper_Hodges_NCAAFB_player_cxErB6oAIehsXhvKjp8TcowD-450.webp,https://static.prizepicks.com/images/players/NCAAFB/Kemper_Hodges_NCAAFB_player_cxErB6oAIehsXhvKjp8TcowD-450.webp,57.81,57.81,50,50,0.43,0.5,47.94,63.48,43.1,56.9,-6.9,43.1,Over,0.38,-1.12,6.98,No,,,,,,
N/A,9/26/2026,Liam Szarka,Anytime TDs,1.5,demon,https://static.prizepicks.com/images/players/NCAAFB/Liam_Szarka_NCAAFB_player_CKNnbvnNSBj1pR3TgzLp5tV4-450.webp,https://static.prizepicks.com/images/players/NCAAFB/Liam_Szarka_NCAAFB_player_CKNnbvnNSBj1pR3TgzLp5tV4-450.webp,57.81,57.81,50,50,0.72,0.5,78.21,31.34,71.51,28.49,21.51,71.51,Over,1.01,-0.49,16.28,No,,,,,,
N/A,9/26/2026,Donnie Cheers,Anytime TDs,1.5,demon,https://static.prizepicks.com/images/players/NCAAFB/Donnie_Cheers_NCAAFB_player_6fQGt9W2c60yxJNdlY3UKajA-450.webp,https://static.prizepicks.com/images/players/NCAAFB/Donnie_Cheers_NCAAFB_player_6fQGt9W2c60yxJNdlY3UKajA-450.webp,57.81,57.81,50,50,0.37,0.5,40.73,70.81,36.79,63.21,-13.21,36.79,Over,0.34,-1.16,5.37,No,,,,,,
N/A,9/26/2026,Herschel Turner,Anytime TDs,1.5,demon,https://static.prizepicks.com/images/players/NCAAFB/Herschel_Turner_NCAAFB_player_uA7Gz0GEPEmx1LdE8sl4sa5q-450.webp,https://static.prizepicks.com/images/players/NCAAFB/Herschel_Turner_NCAAFB_player_uA7Gz0GEPEmx1LdE8sl4sa5q-450.webp,57.81,57.81,50,50,0.43,0.5,47.43,63.4,42.8,57.2,-7.2,42.8,Over,0.50,-1,6.98,No,,,,,,
N/A,9/26/2026,Carter Jones,Anytime TDs,1.5,demon,https://static.prizepicks.com/images/players/NCAAFB/Carter_Jones_NCAAFB_player_jyKVuI2Er6cJWTFdTL7tvdkl-450.webp,https://static.prizepicks.com/images/players/NCAAFB/Carter_Jones_NCAAFB_player_jyKVuI2Er6cJWTFdTL7tvdkl-450.webp,57.81,57.81,50,50,0.38,0.5,41.45,69.62,37.48,62.52,-12.52,37.48,Over,0.50,-1,5.63,No,,,,,,
N/A,9/26/2026,Owen Allen,Anytime TDs,1.5,demon,https://static.prizepicks.com/images/players/NCAAFB/Owen_Allen_NCAAFB_player_crGwjdUrOgWsXrfZhg98jJq4-450.webp,https://static.prizepicks.com/images/players/NCAAFB/Owen_Allen_NCAAFB_player_crGwjdUrOgWsXrfZhg98jJq4-450.webp,57.81,57.81,50,50,0.5,0.5,57.15,56.69,49.97,50.03,-0.03,49.97,Over,0.60,-0.9,9.02,No,,,,,,
N/A,9/26/2026,Rocco Conti,Anytime TDs,1.5,demon,https://static.prizepicks.com/images/players/NCAAFB/Rocco_Conti_NCAAFB_player_D9Zrn58QNwCUJVaqk93jOjLP-450.webp,https://static.prizepicks.com/images/players/NCAAFB/Rocco_Conti_NCAAFB_player_D9Zrn58QNwCUJVaqk93jOjLP-450.webp,57.81,57.81,50,50,0.42,0.5,47.15,63.87,42.49,57.51,-7.51,42.49,Over,0.39,-1.11,6.7,No,,,,,,
N/A,9/26/2026,Evan Medders,Anytime TDs,1.5,demon,https://static.prizepicks.com/images/players/NCAAFB/Evan_Medders_NCAAFB_player_iZrQDOWk2yYgd01GmGlFLv4h-450.webp,https://static.prizepicks.com/images/players/NCAAFB/Evan_Medders_NCAAFB_player_iZrQDOWk2yYgd01GmGlFLv4h-450.webp,57.81,57.81,50,50,0.35,0.5,38.46,72.6,34.63,65.37,-15.37,34.63,Over,0.26,-1.24,4.87,No,,,,,,
N/A,9/26/2026,Carter Jones,Pass TDs,1.5,demon,https://static.prizepicks.com/images/players/NCAAFB/Carter_Jones_NCAAFB_player_jyKVuI2Er6cJWTFdTL7tvdkl-450.webp,https://static.prizepicks.com/images/players/NCAAFB/Carter_Jones_NCAAFB_player_jyKVuI2Er6cJWTFdTL7tvdkl-450.webp,57.81,57.81,50,50,0.68,0.5,72.22,34.72,67.53,32.47,17.53,67.53,Over,0.58,-0.92,14.89,No,,,,,,
N/A,9/26/2026,Liam Szarka,Pass TDs,1.5,demon,https://static.prizepicks.com/images/players/NCAAFB/Liam_Szarka_NCAAFB_player_CKNnbvnNSBj1pR3TgzLp5tV4-450.webp,https://static.prizepicks.com/images/players/NCAAFB/Liam_Szarka_NCAAFB_player_CKNnbvnNSBj1pR3TgzLp5tV4-450.webp,57.81,57.81,50,50,0.59,0.5,62.41,44.25,58.51,41.49,8.51,58.51,Over,0.54,-0.96,11.86,No,,,,,,
N/A,9/26/2026,Adam Hrynciw,Anytime TDs,0.5,demon,https://static.prizepicks.com/images/players/NCAAFB/Adam_Hrynciw_NCAAFB_player_PKeKLE7oBZRF5nhDrl19uKDa-450.webp,https://static.prizepicks.com/images/players/NCAAFB/Adam_Hrynciw_NCAAFB_player_PKeKLE7oBZRF5nhDrl19uKDa-450.webp,57.81,57.81,50,50,0.17,0.5,20.22,94.63,17.59,82.41,-32.41,17.59,Over,0.28,-0.22,15.63,No,,,,,,
N/A,9/26/2026,Carter Jones,Anytime TDs,0.5,demon,https://static.prizepicks.com/images/players/NCAAFB/Carter_Jones_NCAAFB_player_jyKVuI2Er6cJWTFdTL7tvdkl-450.webp,https://static.prizepicks.com/images/players/NCAAFB/Carter_Jones_NCAAFB_player_jyKVuI2Er6cJWTFdTL7tvdkl-450.webp,57.81,57.81,50,50,0.38,0.5,41.45,69.62,37.48,62.52,-12.52,37.48,Over,0.50,0,31.61,No,,,,,,
N/A,9/26/2026,DJ Asiasi,Anytime TDs,0.5,demon,https://static.prizepicks.com/images/players/NCAAFB/DJ_Asiasi_NCAAFB_player_0sJeiFFipECpqkOaub3oyDxD-450.webp,https://static.prizepicks.com/images/players/NCAAFB/DJ_Asiasi_NCAAFB_player_0sJeiFFipECpqkOaub3oyDxD-450.webp,57.81,57.81,50,50,0.16,0.5,19.27,96.78,16.58,83.42,-33.42,16.58,Over,0.27,-0.23,14.79,No,,,,,,
N/A,9/26/2026,Dominic Kelley,Anytime TDs,0.5,goblin,https://static.prizepicks.com/images/players/NCAAFB/Dominic_Kelley_NCAAFB_player_K94togAk9nSjBa1Dy2aui58X-450.webp,https://static.prizepicks.com/images/players/NCAAFB/Dominic_Kelley_NCAAFB_player_K94togAk9nSjBa1Dy2aui58X-450.webp,57.81,57.81,50,50,0.56,0.5,61.55,47.77,56.32,43.68,6.32,56.32,Over,0.46,-0.04,42.88,No,,,,,,
N/A,9/26/2026,Donnie Cheers,Anytime TDs,0.5,demon,https://static.prizepicks.com/images/players/NCAAFB/Donnie_Cheers_NCAAFB_player_6fQGt9W2c60yxJNdlY3UKajA-450.webp,https://static.prizepicks.com/images/players/NCAAFB/Donnie_Cheers_NCAAFB_player_6fQGt9W2c60yxJNdlY3UKajA-450.webp,57.81,57.81,50,50,0.37,0.5,40.73,70.81,36.79,63.21,-13.21,36.79,Over,0.34,-0.16,30.93,No,,,,,,
N/A,9/26/2026,Evan Medders,Anytime TDs,0.5,demon,https://static.prizepicks.com/images/players/NCAAFB/Evan_Medders_NCAAFB_player_iZrQDOWk2yYgd01GmGlFLv4h-450.webp,https://static.prizepicks.com/images/players/NCAAFB/Evan_Medders_NCAAFB_player_iZrQDOWk2yYgd01GmGlFLv4h-450.webp,57.81,57.81,50,50,0.35,0.5,38.46,72.6,34.63,65.37,-15.37,34.63,Over,0.26,-0.24,29.53,No,,,,,,
N/A,9/26/2026,Gage LaDue,Anytime TDs,0.5,demon,https://static.prizepicks.com/images/players/NCAAFB/Gage_LaDue_NCAAFB_player_AgcrHcl0cE4L2oHNPDM4ASUF-450.webp,https://static.prizepicks.com/images/players/NCAAFB/Gage_LaDue_NCAAFB_player_AgcrHcl0cE4L2oHNPDM4ASUF-450.webp,57.81,57.81,50,50,0.15,0.5,16.89,97.62,14.74,85.26,-35.26,14.74,Over,0.43,-0.07,13.93,No,,,,,,
N/A,9/26/2026,Gary Givens III,Anytime TDs,0.5,demon,https://static.prizepicks.com/images/players/NCAAFB/Gary_Givens_NCAAFB_player_PweXdK9WinFS5xP0ifBYB7UM-450.webp,https://static.prizepicks.com/images/players/NCAAFB/Gary_Givens_NCAAFB_player_PweXdK9WinFS5xP0ifBYB7UM-450.webp,57.81,57.81,50,50,0.19,0.5,22.74,93.02,19.65,80.35,-30.35,19.65,Over,0.40,-0.1,17.3,No,,,,,,
N/A,9/26/2026,Herschel Turner,Anytime TDs,0.5,demon,https://static.prizepicks.com/images/players/NCAAFB/Herschel_Turner_NCAAFB_player_uA7Gz0GEPEmx1LdE8sl4sa5q-450.webp,https://static.prizepicks.com/images/players/NCAAFB/Herschel_Turner_NCAAFB_player_uA7Gz0GEPEmx1LdE8sl4sa5q-450.webp,57.81,57.81,50,50,0.43,0.5,47.43,63.4,42.8,57.2,-7.2,42.8,Over,0.50,0,34.95,No,,,,,,
N/A,9/26/2026,Ky Woods,Anytime TDs,0.5,demon,https://static.prizepicks.com/images/players/NCAAFB/Ky_Woods_NCAAFB_player_GNaJBK1BgHDQ22nhu3Ei8CO-450.webp,https://static.prizepicks.com/images/players/NCAAFB/Ky_Woods_NCAAFB_player_GNaJBK1BgHDQ22nhu3Ei8CO-450.webp,57.81,57.81,50,50,0.19,0.5,22.34,93.35,19.34,80.66,-30.66,19.34,Over,0.29,-0.21,17.3,No,,,,,,
N/A,9/26/2026,Liam Szarka,Anytime TDs,0.5,goblin,https://static.prizepicks.com/images/players/NCAAFB/Liam_Szarka_NCAAFB_player_CKNnbvnNSBj1pR3TgzLp5tV4-450.webp,https://static.prizepicks.com/images/players/NCAAFB/Liam_Szarka_NCAAFB_player_CKNnbvnNSBj1pR3TgzLp5tV4-450.webp,57.81,57.81,50,50,0.72,0.5,78.21,31.34,71.51,28.49,21.51,71.51,Over,1.01,0.51,51.32,Yes,,,,,,
N/A,9/26/2026,Marshaun Brown,Anytime TDs,0.5,demon,https://static.prizepicks.com/images/players/NCAAFB/Marshaun_Brown_NCAAFB_player_QnEHGrnXVRMm98Qk0suxBOSa-450.webp,https://static.prizepicks.com/images/players/NCAAFB/Marshaun_Brown_NCAAFB_player_QnEHGrnXVRMm98Qk0suxBOSa-450.webp,57.81,57.81,50,50,0.13,0.5,14.43,97.43,12.88,87.12,-37.12,12.88,Over,0.50,0,12.19,No,,,,,,
N/A,9/26/2026,Matt Long,Anytime TDs,0.5,demon,https://static.prizepicks.com/images/players/NCAAFB/Matt_Long_NCAAFB_player_26ayK97DYCaFwYerjM4qD1UE-450.webp,https://static.prizepicks.com/images/players/NCAAFB/Matt_Long_NCAAFB_player_26ayK97DYCaFwYerjM4qD1UE-450.webp,57.81,57.81,50,50,0.23,0.5,25.14,88.4,22.18,77.83,-27.82,22.18,Over,0.41,-0.09,20.55,No,,,,,,
N/A,9/26/2026,Owen Allen,Anytime TDs,0.5,demon,https://static.prizepicks.com/images/players/NCAAFB/Owen_Allen_NCAAFB_player_crGwjdUrOgWsXrfZhg98jJq4-450.webp,https://static.prizepicks.com/images/players/NCAAFB/Owen_Allen_NCAAFB_player_crGwjdUrOgWsXrfZhg98jJq4-450.webp,57.81,57.81,50,50,0.5,0.5,57.15,56.69,49.97,50.03,-0.03,49.97,Over,0.60,0.1,39.35,Yes,,,,,,
N/A,9/26/2026,Rocco Conti,Anytime TDs,0.5,demon,https://static.prizepicks.com/images/players/NCAAFB/Rocco_Conti_NCAAFB_player_D9Zrn58QNwCUJVaqk93jOjLP-450.webp,https://static.prizepicks.com/images/players/NCAAFB/Rocco_Conti_NCAAFB_player_D9Zrn58QNwCUJVaqk93jOjLP-450.webp,57.81,57.81,50,50,0.42,0.5,47.15,63.87,42.49,57.51,-7.51,42.49,Over,0.39,-0.11,34.3,No,,,,,,
N/A,9/26/2026,Simon Kibbee,Anytime TDs,0.5,demon,https://static.prizepicks.com/images/players/NCAAFB/Simon_Kibbee_NCAAFB_player_nTmEL3vLxffpy0tMd5sVVc1B-450.webp,https://static.prizepicks.com/images/players/NCAAFB/Simon_Kibbee_NCAAFB_player_nTmEL3vLxffpy0tMd5sVVc1B-450.webp,57.81,57.81,50,50,0.13,0.5,14.76,96.91,12.98,87.02,-37.02,12.98,Over,0.36,-0.14,12.19,No,,,,,,
N/A,9/26/2026,Kemper Hodges,Anytime TDs,0.5,demon,https://static.prizepicks.com/images/players/NCAAFB/Kemper_Hodges_NCAAFB_player_cxErB6oAIehsXhvKjp8TcowD-450.webp,https://static.prizepicks.com/images/players/NCAAFB/Kemper_Hodges_NCAAFB_player_cxErB6oAIehsXhvKjp8TcowD-450.webp,57.81,57.81,50,50,0.43,0.5,47.94,63.48,43.1,56.9,-6.9,43.1,Over,0.38,-0.12,34.95,No,,,,,,
N/A,9/26/2026,Keegan Sack,Anytime TDs,0.5,demon,https://static.prizepicks.com/images/players/NCAAFB/Keegan_Sack_NCAAFB_player_0S6F836Hwcf1qG0rEe4RZodR-450.webp,https://static.prizepicks.com/images/players/NCAAFB/Keegan_Sack_NCAAFB_player_0S6F836Hwcf1qG0rEe4RZodR-450.webp,57.81,57.81,50,50,0.15,0.5,16.89,97.62,14.74,85.26,-35.26,14.74,Over,0.30,-0.2,13.93,No,,,,,,
N/A,9/26/2026,Jaceon Doss,Anytime TDs,0.5,demon,https://static.prizepicks.com/images/players/NCAAFB/Jaceon_Doss_NCAAFB_player_TO6sQ1De1WH1PeMxyAlQ3otv-450.webp,https://static.prizepicks.com/images/players/NCAAFB/Jaceon_Doss_NCAAFB_player_TO6sQ1De1WH1PeMxyAlQ3otv-450.webp,57.81,57.81,50,50,0.1,0.5,11.44,97.07,10.52,89.48,-39.48,10.52,Over,0.33,-0.17,9.52,No,,,,,,
N/A,9/26/2026,Mason Hayes,Anytime TDs,0.5,demon,https://static.prizepicks.com/images/players/NCAAFB/Mason_Hayes_NCAAFB_player_ClF7dNhLrASjprTsgcqt7Hli-450.webp,https://static.prizepicks.com/images/players/NCAAFB/Mason_Hayes_NCAAFB_player_ClF7dNhLrASjprTsgcqt7Hli-450.webp,57.81,57.81,50,50,0.07,0.5,6.95,95.92,6.72,93.28,-43.28,6.72,Over,0.29,-0.21,6.76,No,,,,,,
N/A,9/26/2026,Sylas Maiava-Alaimalo,Anytime TDs,0.5,demon,https://static.prizepicks.com/images/players/NCAAFB/Sylas_Maiava-Alaimalo_NCAAFB_player_0DamL4H4RmHQqbYNE5entovo-450.webp,https://static.prizepicks.com/images/players/NCAAFB/Sylas_Maiava-Alaimalo_NCAAFB_player_0DamL4H4RmHQqbYNE5entovo-450.webp,57.81,57.81,50,50,0.5,,,,,,,,,,,39.35,,,,,,,
N/A,9/26/2026,Liam Szarka,Pass TDs,0.5,goblin,https://static.prizepicks.com/images/players/NCAAFB/Liam_Szarka_NCAAFB_player_CKNnbvnNSBj1pR3TgzLp5tV4-450.webp,https://static.prizepicks.com/images/players/NCAAFB/Liam_Szarka_NCAAFB_player_CKNnbvnNSBj1pR3TgzLp5tV4-450.webp,57.81,57.81,50,50,0.59,0.5,62.41,44.25,58.51,41.49,8.51,58.51,Over,0.54,0.04,44.57,Yes,,,,,,
N/A,9/26/2026,Carter Jones,Pass TDs,0.5,goblin,https://static.prizepicks.com/images/players/NCAAFB/Carter_Jones_NCAAFB_player_jyKVuI2Er6cJWTFdTL7tvdkl-450.webp,https://static.prizepicks.com/images/players/NCAAFB/Carter_Jones_NCAAFB_player_jyKVuI2Er6cJWTFdTL7tvdkl-450.webp,57.81,57.81,50,50,0.68,0.5,72.22,34.72,67.53,32.47,17.53,67.53,Over,0.58,0.08,49.34,Yes,,,,,,
N/A,9/26/2026,Luke Drzewiecki,Kicking Points,5,standard,https://static.prizepicks.com/images/teams/ncaafb/NCAAFB_team_c6jBAVkkWLdMXyBNV1d5G0hX/12.webp,https://static.prizepicks.com/images/teams/ncaafb/NCAAFB_team_c6jBAVkkWLdMXyBNV1d5G0hX/12.webp,57.81,57.81,50,50,5,,,,,,,,,,,50,,,,,,,
N/A,9/26/2026,Demond Williams Jr.,Pass+Rush Yds,429.5,demon,https://static.prizepicks.com/images/players/NCAAFB/Demond_Williams_NCAAFB_player_hlCTMSodwwOseGc14BFuPRlg-450.webp,https://static.prizepicks.com/images/players/NCAAFB/Demond_Williams_NCAAFB_player_hlCTMSodwwOseGc14BFuPRlg-450.webp,57.81,57.81,50,50,328.12,301.3,54.45,54.45,50,50,0,50,Over,300.87,-128.63,10.25,No,,,,,,
N/A,9/26/2026,Demond Williams Jr.,Pass Yards,370.5,demon,https://static.prizepicks.com/images/players/NCAAFB/Demond_Williams_NCAAFB_player_hlCTMSodwwOseGc14BFuPRlg-450.webp,https://static.prizepicks.com/images/players/NCAAFB/Demond_Williams_NCAAFB_player_hlCTMSodwwOseGc14BFuPRlg-450.webp,57.81,57.81,50,50,262.23,262.6,54.25,54.64,49.82,50.18,-0.18,49.82,Over,262.43,-108.07,8.8,No,,,,,,
N/A,9/26/2026,Drake Lindsey,Pass Yards,329.5,demon,https://static.prizepicks.com/images/players/NCAAFB/Drake_Lindsey_NCAAFB_player_w67EihSVukAncUYuJOPYOle8-450.webp,https://static.prizepicks.com/images/players/NCAAFB/Drake_Lindsey_NCAAFB_player_w67EihSVukAncUYuJOPYOle8-450.webp,57.81,57.81,50,50,222.44,222.06,54.75,54.33,50.19,49.81,0.19,50.19,Over,221.53,-107.97,9.04,No,,,,,,
N/A,9/26/2026,Demond Williams Jr.,Pass+Rush Yds,319.5,demon,https://static.prizepicks.com/images/players/NCAAFB/Demond_Williams_NCAAFB_player_hlCTMSodwwOseGc14BFuPRlg-450.webp,https://static.prizepicks.com/images/players/NCAAFB/Demond_Williams_NCAAFB_player_hlCTMSodwwOseGc14BFuPRlg-450.webp,57.81,57.81,50,50,328.12,301.3,54.45,54.45,50,50,0,50,Over,300.87,-18.63,54.29,No,,,,,,
N/A,9/26/2026,Demond Williams Jr.,Pass+Rush Yds,308.5,standard,https://static.prizepicks.com/images/players/NCAAFB/Demond_Williams_NCAAFB_player_hlCTMSodwwOseGc14BFuPRlg-450.webp,https://static.prizepicks.com/images/players/NCAAFB/Demond_Williams_NCAAFB_player_hlCTMSodwwOseGc14BFuPRlg-450.webp,57.81,57.81,50,50,328.12,301.3,54.45,54.45,50,50,0,50,Under,300.87,-7.63,40.31,Yes,,,,,,
N/A,9/26/2026,Demond Williams Jr.,Pass+Rush Yds,299.5,goblin,https://static.prizepicks.com/images/players/NCAAFB/Demond_Williams_NCAAFB_player_hlCTMSodwwOseGc14BFuPRlg-450.webp,https://static.prizepicks.com/images/players/NCAAFB/Demond_Williams_NCAAFB_player_hlCTMSodwwOseGc14BFuPRlg-450.webp,57.81,57.81,50,50,328.12,301.3,54.45,54.45,50,50,0,50,Over,300.87,1.37,63.97,Yes,,,,,,
N/A,9/26/2026,Demond Williams Jr.,Pass Yards,274.5,demon,https://static.prizepicks.com/images/players/NCAAFB/Demond_Williams_NCAAFB_player_hlCTMSodwwOseGc14BFuPRlg-450.webp,https://static.prizepicks.com/images/players/NCAAFB/Demond_Williams_NCAAFB_player_hlCTMSodwwOseGc14BFuPRlg-450.webp,57.81,57.81,50,50,262.23,262.6,54.25,54.64,49.82,50.18,-0.18,49.82,Over,262.43,-12.07,43.91,No,,,,,,
N/A,9/26/2026,Demond Williams Jr.,Pass Yards,270.5,demon,https://static.prizepicks.com/images/players/NCAAFB/Demond_Williams_NCAAFB_player_hlCTMSodwwOseGc14BFuPRlg-450.webp,https://static.prizepicks.com/images/players/NCAAFB/Demond_Williams_NCAAFB_player_hlCTMSodwwOseGc14BFuPRlg-450.webp,57.81,57.81,50,50,262.23,262.6,54.25,54.64,49.82,50.18,-0.18,49.82,Over,262.43,-8.07,45.88,No,,,,,,
N/A,9/26/2026,Demond Williams Jr.,Pass Yards,260.5,standard,https://static.prizepicks.com/images/players/NCAAFB/Demond_Williams_NCAAFB_player_hlCTMSodwwOseGc14BFuPRlg-450.webp,https://static.prizepicks.com/images/players/NCAAFB/Demond_Williams_NCAAFB_player_hlCTMSodwwOseGc14BFuPRlg-450.webp,57.81,57.81,50,50,262.23,262.6,54.25,54.64,49.82,50.18,-0.18,50.18,Under,262.43,1.93,49.14,No,,,,,,
N/A,9/26/2026,Demond Williams Jr.,Pass Yards,259.5,goblin,https://static.prizepicks.com/images/players/NCAAFB/Demond_Williams_NCAAFB_player_hlCTMSodwwOseGc14BFuPRlg-450.webp,https://static.prizepicks.com/images/players/NCAAFB/Demond_Williams_NCAAFB_player_hlCTMSodwwOseGc14BFuPRlg-450.webp,57.81,57.81,50,50,262.23,262.6,54.25,54.64,49.82,50.18,-0.18,49.82,Over,262.43,2.93,51.36,Yes,,,,,,
N/A,9/26/2026,Demond Williams Jr.,Pass Yards,249.5,goblin,https://static.prizepicks.com/images/players/NCAAFB/Demond_Williams_NCAAFB_player_hlCTMSodwwOseGc14BFuPRlg-450.webp,https://static.prizepicks.com/images/players/NCAAFB/Demond_Williams_NCAAFB_player_hlCTMSodwwOseGc14BFuPRlg-450.webp,57.81,57.81,50,50,262.23,262.6,54.25,54.64,49.82,50.18,-0.18,49.82,Over,262.43,12.93,56.32,Yes,,,,,,
N/A,9/26/2026,Demond Williams Jr.,Pass+Rush Yds,239.5,goblin,https://static.prizepicks.com/images/players/NCAAFB/Demond_Williams_NCAAFB_player_hlCTMSodwwOseGc14BFuPRlg-450.webp,https://static.prizepicks.com/images/players/NCAAFB/Demond_Williams_NCAAFB_player_hlCTMSodwwOseGc14BFuPRlg-450.webp,57.81,57.81,50,50,328.12,301.3,54.45,54.45,50,50,0,50,Over,300.87,61.37,86.6,Yes,,,,,,
N/A,9/26/2026,Drake Lindsey,Pass Yards,232.5,demon,https://static.prizepicks.com/images/players/NCAAFB/Drake_Lindsey_NCAAFB_player_w67EihSVukAncUYuJOPYOle8-450.webp,https://static.prizepicks.com/images/players/NCAAFB/Drake_Lindsey_NCAAFB_player_w67EihSVukAncUYuJOPYOle8-450.webp,57.81,57.81,50,50,222.44,222.06,54.75,54.33,50.19,49.81,0.19,50.19,Over,221.53,-10.97,45,No,,,,,,
N/A,9/26/2026,Drake Lindsey,Pass Yards,229.5,demon,https://static.prizepicks.com/images/players/NCAAFB/Drake_Lindsey_NCAAFB_player_w67EihSVukAncUYuJOPYOle8-450.webp,https://static.prizepicks.com/images/players/NCAAFB/Drake_Lindsey_NCAAFB_player_w67EihSVukAncUYuJOPYOle8-450.webp,57.81,57.81,50,50,222.44,222.06,54.75,54.33,50.19,49.81,0.19,50.19,Over,221.53,-7.97,46.48,No,,,,,,
N/A,9/26/2026,Drake Lindsey,Pass Yards,222.5,standard,https://static.prizepicks.com/images/players/NCAAFB/Drake_Lindsey_NCAAFB_player_w67EihSVukAncUYuJOPYOle8-450.webp,https://static.prizepicks.com/images/players/NCAAFB/Drake_Lindsey_NCAAFB_player_w67EihSVukAncUYuJOPYOle8-450.webp,57.81,57.81,50,50,222.44,222.06,54.75,54.33,50.19,49.81,0.19,50.19,Over,221.53,-0.97,49.97,No,,,,,,
N/A,9/26/2026,Drake Lindsey,Pass Yards,212.5,goblin,https://static.prizepicks.com/images/players/NCAAFB/Drake_Lindsey_NCAAFB_player_w67EihSVukAncUYuJOPYOle8-450.webp,https://static.prizepicks.com/images/players/NCAAFB/Drake_Lindsey_NCAAFB_player_w67EihSVukAncUYuJOPYOle8-450.webp,57.81,57.81,50,50,222.44,222.06,54.75,54.33,50.19,49.81,0.19,50.19,Over,221.53,9.03,54.94,Yes,,,,,,
N/A,9/26/2026,Drake Lindsey,Pass+Rush Yds,208.5,standard,https://static.prizepicks.com/images/players/NCAAFB/Drake_Lindsey_NCAAFB_player_w67EihSVukAncUYuJOPYOle8-450.webp,https://static.prizepicks.com/images/players/NCAAFB/Drake_Lindsey_NCAAFB_player_w67EihSVukAncUYuJOPYOle8-450.webp,57.81,57.81,50,50,208.5,,,,,,,,,220.99,12.49,50,,,,,,,
N/A,9/26/2026,Demond Williams Jr.,Pass Yards,199.5,goblin,https://static.prizepicks.com/images/players/NCAAFB/Demond_Williams_NCAAFB_player_hlCTMSodwwOseGc14BFuPRlg-450.webp,https://static.prizepicks.com/images/players/NCAAFB/Demond_Williams_NCAAFB_player_hlCTMSodwwOseGc14BFuPRlg-450.webp,57.81,57.81,50,50,262.23,262.6,54.25,54.64,49.82,50.18,-0.18,49.82,Over,262.43,62.93,78.35,Yes,,,,,,
N/A,9/26/2026,Drake Lindsey,Pass Yards,199.5,goblin,https://static.prizepicks.com/images/players/NCAAFB/Drake_Lindsey_NCAAFB_player_w67EihSVukAncUYuJOPYOle8-450.webp,https://static.prizepicks.com/images/players/NCAAFB/Drake_Lindsey_NCAAFB_player_w67EihSVukAncUYuJOPYOle8-450.webp,57.81,57.81,50,50,222.44,222.06,54.75,54.33,50.19,49.81,0.19,50.19,Over,221.53,22.03,61.28,Yes,,,,,,
N/A,9/26/2026,Dezmen Roebuck,Receiving Yards,174.5,demon,https://static.prizepicks.com/images/players/NCAAFB/Dezmen_Roebuck_NCAAFB_player_5gT99Bp4o9vclBWckvPFOBh2-450.webp,https://static.prizepicks.com/images/players/NCAAFB/Dezmen_Roebuck_NCAAFB_player_5gT99Bp4o9vclBWckvPFOBh2-450.webp,57.81,57.81,50,50,70.58,70.59,54.36,54.38,49.99,50.01,-0.01,49.99,Over,70.53,-103.97,0.47,No,,,,,,
N/A,9/26/2026,Rashid Williams,Receiving Yards,149.5,demon,https://static.prizepicks.com/images/players/NCAAFB/Rashid_Williams_NCAAFB_player_HPopnkxtNUEWYKvijBj9PYn6-450.webp,https://static.prizepicks.com/images/players/NCAAFB/Rashid_Williams_NCAAFB_player_HPopnkxtNUEWYKvijBj9PYn6-450.webp,57.81,57.81,50,50,46.72,47.1,53.49,55.35,49.12,50.88,-0.88,49.12,Over,45.53,-103.97,0.51,No,,,,,,
N/A,9/26/2026,Noah Jennings,Receiving Yards,149.5,demon,https://static.prizepicks.com/images/players/NCAAFB/Noah_Jennings_NCAAFB_player_dZjGtDiC8FiMmL1P0yz2d7nN-450.webp,https://static.prizepicks.com/images/players/NCAAFB/Noah_Jennings_NCAAFB_player_dZjGtDiC8FiMmL1P0yz2d7nN-450.webp,57.81,57.81,50,50,53.72,53.59,54.28,53.99,50.13,49.87,0.13,50.13,Over,53.54,-95.96,0.83,No,,,,,,
N/A,9/26/2026,Javon Tracy,Receiving Yards,149.5,demon,https://static.prizepicks.com/images/players/NCAAFB/Javon_Tracy_NCAAFB_player_Z1mC2a8q4nVv6oGRqeaMEDJ6-450.webp,https://static.prizepicks.com/images/players/NCAAFB/Javon_Tracy_NCAAFB_player_Z1mC2a8q4nVv6oGRqeaMEDJ6-450.webp,57.81,57.81,50,50,47.11,47.39,53.92,54.51,49.72,50.28,-0.28,49.72,Over,47.50,-102,0.52,No,,,,,,
N/A,9/26/2026,Drake Lindsey,Pass Yards,149.5,goblin,https://static.prizepicks.com/images/players/NCAAFB/Drake_Lindsey_NCAAFB_player_w67EihSVukAncUYuJOPYOle8-450.webp,https://static.prizepicks.com/images/players/NCAAFB/Drake_Lindsey_NCAAFB_player_w67EihSVukAncUYuJOPYOle8-450.webp,57.81,57.81,50,50,222.44,222.06,54.75,54.33,50.19,49.81,0.19,50.19,Over,221.53,72.03,81.9,Yes,,,,,,
N/A,9/26/2026,Darius Taylor,Rush Yards,129.5,demon,https://static.prizepicks.com/images/players/NCAAFB/Darius_Taylor_NCAAFB_player_NQ7aARVX3Tqr0NqDnFngq6hr-450.webp,https://static.prizepicks.com/images/players/NCAAFB/Darius_Taylor_NCAAFB_player_NQ7aARVX3Tqr0NqDnFngq6hr-450.webp,57.81,57.81,50,50,48.81,49.39,54.03,55,49.54,50.46,-0.46,49.54,Over,49.27,-80.23,5.33,No,,,,,,
N/A,9/26/2026,Demond Williams Jr.,Rush Yards,124.5,demon,https://static.prizepicks.com/images/players/NCAAFB/Demond_Williams_NCAAFB_player_hlCTMSodwwOseGc14BFuPRlg-450.webp,https://static.prizepicks.com/images/players/NCAAFB/Demond_Williams_NCAAFB_player_hlCTMSodwwOseGc14BFuPRlg-450.webp,57.81,57.81,50,50,38.94,38.7,54.66,54.25,50.19,49.81,0.19,50.19,Over,38.45,-86.05,4.35,No,,,,,,
N/A,9/26/2026,Brian Bonner Jr.,Rush Yards,124.5,demon,https://static.prizepicks.com/images/players/NCAAFB/Brian_Bonner_NCAAFB_player_5rRHJr7EZeW9leyuIKptPo8d-450.webp,https://static.prizepicks.com/images/players/NCAAFB/Brian_Bonner_NCAAFB_player_5rRHJr7EZeW9leyuIKptPo8d-450.webp,57.81,57.81,50,50,34.27,34.06,54.74,54.36,50.17,49.83,0.17,50.17,Over,34.09,-90.41,3.56,No,,,,,,
N/A,9/26/2026,Chris Lawson,Receiving Yards,119.5,demon,https://static.prizepicks.com/images/players/NCAAFB/Chris_Lawson_NCAAFB_player_wPAUHvfDQbPcC6gf4anSdSs-450.webp,https://static.prizepicks.com/images/players/NCAAFB/Chris_Lawson_NCAAFB_player_wPAUHvfDQbPcC6gf4anSdSs-450.webp,57.81,57.81,50,50,38.63,38.83,53.99,54.42,49.8,50.2,-0.2,49.8,Over,39.20,-80.3,2.16,No,,,,,,
N/A,9/26/2026,Jalen Smith,Receiving Yards,113.5,demon,https://static.prizepicks.com/images/players/NCAAFB/Jalen_Smith_NCAAFB_player_DVFnaI1ymzcpJb1N0OHHBAf6-450.webp,https://static.prizepicks.com/images/players/NCAAFB/Jalen_Smith_NCAAFB_player_DVFnaI1ymzcpJb1N0OHHBAf6-450.webp,57.81,57.81,50,50,34.24,33.68,55.21,54.02,50.55,49.45,0.55,50.55,Over,33.80,-79.7,2.38,No,,,,,,
N/A,9/26/2026,Decker DeGraaf,Receiving Yards,91.5,demon,https://static.prizepicks.com/images/players/NCAAFB/Decker_DeGraaf_NCAAFB_player_SptQJwT1NIHQ8HCB7tFbGeek-450.webp,https://static.prizepicks.com/images/players/NCAAFB/Decker_DeGraaf_NCAAFB_player_SptQJwT1NIHQ8HCB7tFbGeek-450.webp,57.81,57.81,50,50,21,21.05,54.36,54.44,49.96,50.04,-0.04,49.96,Over,21.63,-69.87,3.9,No,,,,,,
N/A,9/26/2026,Dezmen Roebuck,Receiving Yards,89.5,demon,https://static.prizepicks.com/images/players/NCAAFB/Dezmen_Roebuck_NCAAFB_player_5gT99Bp4o9vclBWckvPFOBh2-450.webp,https://static.prizepicks.com/images/players/NCAAFB/Dezmen_Roebuck_NCAAFB_player_5gT99Bp4o9vclBWckvPFOBh2-450.webp,57.81,57.81,50,50,70.58,70.59,54.36,54.38,49.99,50.01,-0.01,49.99,Over,70.53,-18.97,31.81,No,,,,,,
N/A,9/26/2026,Darius Taylor,Receiving Yards,87.5,demon,https://static.prizepicks.com/images/players/NCAAFB/Darius_Taylor_NCAAFB_player_NQ7aARVX3Tqr0NqDnFngq6hr-450.webp,https://static.prizepicks.com/images/players/NCAAFB/Darius_Taylor_NCAAFB_player_NQ7aARVX3Tqr0NqDnFngq6hr-450.webp,57.81,57.81,50,50,16.05,16.77,53.36,54.9,49.28,50.72,-0.72,49.28,Over,16.55,-70.95,3.7,No,,,,,,
N/A,9/26/2026,Dezmen Roebuck,Receiving Yards,79.5,demon,https://static.prizepicks.com/images/players/NCAAFB/Dezmen_Roebuck_NCAAFB_player_5gT99Bp4o9vclBWckvPFOBh2-450.webp,https://static.prizepicks.com/images/players/NCAAFB/Dezmen_Roebuck_NCAAFB_player_5gT99Bp4o9vclBWckvPFOBh2-450.webp,57.81,57.81,50,50,70.58,70.59,54.36,54.38,49.99,50.01,-0.01,49.99,Over,70.53,-8.97,41.18,No,,,,,,
N/A,9/26/2026,Jordan Clay,Receiving Yards,75.5,demon,https://static.prizepicks.com/images/players/NCAAFB/Jordan_Clay_NCAAFB_player_6hPOZRqqaMi5x7kRpCPQJEDF-450.webp,https://static.prizepicks.com/images/players/NCAAFB/Jordan_Clay_NCAAFB_player_6hPOZRqqaMi5x7kRpCPQJEDF-450.webp,57.81,57.81,50,50,15.98,16.33,54.06,57.59,48.45,51.55,-1.55,48.45,Over,15.56,-59.94,6.84,No,,,,,,
N/A,9/26/2026,Trey Cooley,Rush Yards,74.5,demon,https://static.prizepicks.com/images/players/NCAAFB/Trey_Cooley_NCAAFB_player_zco5bTzO6w9VAwsHJKypgYXT-450.webp,https://static.prizepicks.com/images/players/NCAAFB/Trey_Cooley_NCAAFB_player_zco5bTzO6w9VAwsHJKypgYXT-450.webp,57.81,57.81,50,50,25.35,24.93,54.8,54.12,50.34,49.66,0.34,50.34,Over,24.21,-50.29,16.28,No,,,,,,
N/A,9/26/2026,Dezmen Roebuck,Receiving Yards,69.5,standard,https://static.prizepicks.com/images/players/NCAAFB/Dezmen_Roebuck_NCAAFB_player_5gT99Bp4o9vclBWckvPFOBh2-450.webp,https://static.prizepicks.com/images/players/NCAAFB/Dezmen_Roebuck_NCAAFB_player_5gT99Bp4o9vclBWckvPFOBh2-450.webp,57.81,57.81,50,50,70.58,70.59,54.36,54.38,49.99,50.01,-0.01,50.01,Under,70.53,1.03,48.92,No,,,,,,
N/A,9/26/2026,Noah Jennings,Receiving Yards,69.5,demon,https://static.prizepicks.com/images/players/NCAAFB/Noah_Jennings_NCAAFB_player_dZjGtDiC8FiMmL1P0yz2d7nN-450.webp,https://static.prizepicks.com/images/players/NCAAFB/Noah_Jennings_NCAAFB_player_dZjGtDiC8FiMmL1P0yz2d7nN-450.webp,57.81,57.81,50,50,53.72,53.59,54.28,53.99,50.13,49.87,0.13,50.13,Over,53.54,-15.96,34.66,No,,,,,,
N/A,9/26/2026,TJ Thomas Jr.,Receiving Yards,69.5,demon,https://static.prizepicks.com/images/players/NCAAFB/TJ_Thomas_NCAAFB_player_4i5Cq6QcBwrbzhaOUJYWYx2-450.webp,https://static.prizepicks.com/images/players/NCAAFB/TJ_Thomas_NCAAFB_player_4i5Cq6QcBwrbzhaOUJYWYx2-450.webp,57.81,57.81,50,50,10.02,9.5,53.7,52.61,50.52,49.48,0.52,50.52,Over,9.76,-59.74,6.85,No,,,,,,
N/A,9/26/2026,Darius Taylor,Rush+Rec Yds,64.5,standard,https://static.prizepicks.com/images/players/NCAAFB/Darius_Taylor_NCAAFB_player_NQ7aARVX3Tqr0NqDnFngq6hr-450.webp,https://static.prizepicks.com/images/players/NCAAFB/Darius_Taylor_NCAAFB_player_NQ7aARVX3Tqr0NqDnFngq6hr-450.webp,57.81,57.81,50,50,64.5,64.5,55.62,55.62,50,50,0,50,Under,64.98,0.48,50,No,,,,,,
N/A,9/26/2026,Chris Lawson,Receiving Yards,59.5,demon,https://static.prizepicks.com/images/players/NCAAFB/Chris_Lawson_NCAAFB_player_wPAUHvfDQbPcC6gf4anSdSs-450.webp,https://static.prizepicks.com/images/players/NCAAFB/Chris_Lawson_NCAAFB_player_wPAUHvfDQbPcC6gf4anSdSs-450.webp,57.81,57.81,50,50,38.63,38.83,53.99,54.42,49.8,50.2,-0.2,49.8,Over,39.20,-20.3,30.09,No,,,,,,
N/A,9/26/2026,Javon Tracy,Receiving Yards,59.5,demon,https://static.prizepicks.com/images/players/NCAAFB/Javon_Tracy_NCAAFB_player_Z1mC2a8q4nVv6oGRqeaMEDJ6-450.webp,https://static.prizepicks.com/images/players/NCAAFB/Javon_Tracy_NCAAFB_player_Z1mC2a8q4nVv6oGRqeaMEDJ6-450.webp,57.81,57.81,50,50,47.11,47.39,53.92,54.51,49.72,50.28,-0.28,49.72,Over,47.50,-12,37.84,No,,,,,,
N/A,9/26/2026,Noah Jennings,Receiving Yards,59.5,demon,https://static.prizepicks.com/images/players/NCAAFB/Noah_Jennings_NCAAFB_player_dZjGtDiC8FiMmL1P0yz2d7nN-450.webp,https://static.prizepicks.com/images/players/NCAAFB/Noah_Jennings_NCAAFB_player_dZjGtDiC8FiMmL1P0yz2d7nN-450.webp,57.81,57.81,50,50,53.72,53.59,54.28,53.99,50.13,49.87,0.13,50.13,Over,53.54,-5.96,44.26,No,,,,,,
N/A,9/26/2026,Pierce Walsh,Receiving Yards,59.5,demon,https://static.prizepicks.com/images/players/NCAAFB/Pierce_Walsh_NCAAFB_player_9sYA3u4DaMTzUHhZdi0KUgwr-450.webp,https://static.prizepicks.com/images/players/NCAAFB/Pierce_Walsh_NCAAFB_player_9sYA3u4DaMTzUHhZdi0KUgwr-450.webp,57.81,57.81,50,50,15.22,15.33,54.52,56.78,49,51,-1,49,Over,14.16,-45.34,13.41,No,,,,,,
N/A,9/26/2026,Dezmen Roebuck,Receiving Yards,59.5,goblin,https://static.prizepicks.com/images/players/NCAAFB/Dezmen_Roebuck_NCAAFB_player_5gT99Bp4o9vclBWckvPFOBh2-450.webp,https://static.prizepicks.com/images/players/NCAAFB/Dezmen_Roebuck_NCAAFB_player_5gT99Bp4o9vclBWckvPFOBh2-450.webp,57.81,57.81,50,50,70.58,70.59,54.36,54.38,49.99,50.01,-0.01,49.99,Over,70.53,11.03,60.91,Yes,,,,,,
N/A,9/26/2026,Darius Taylor,Rush Yards,59.5,demon,https://static.prizepicks.com/images/players/NCAAFB/Darius_Taylor_NCAAFB_player_NQ7aARVX3Tqr0NqDnFngq6hr-450.webp,https://static.prizepicks.com/images/players/NCAAFB/Darius_Taylor_NCAAFB_player_NQ7aARVX3Tqr0NqDnFngq6hr-450.webp,57.81,57.81,50,50,48.81,49.39,54.03,55,49.54,50.46,-0.46,49.54,Over,49.27,-10.23,41.54,No,,,,,,
N/A,9/26/2026,Rashid Williams,Receiving Yards,59.5,demon,https://static.prizepicks.com/images/players/NCAAFB/Rashid_Williams_NCAAFB_player_HPopnkxtNUEWYKvijBj9PYn6-450.webp,https://static.prizepicks.com/images/players/NCAAFB/Rashid_Williams_NCAAFB_player_HPopnkxtNUEWYKvijBj9PYn6-450.webp,57.81,57.81,50,50,46.72,47.1,53.49,55.35,49.12,50.88,-0.88,49.12,Over,45.53,-13.97,37.47,No,,,,,,
N/A,9/26/2026,Javon Tracy,Receiving Yards,56.5,demon,https://static.prizepicks.com/images/players/NCAAFB/Javon_Tracy_NCAAFB_player_Z1mC2a8q4nVv6oGRqeaMEDJ6-450.webp,https://static.prizepicks.com/images/players/NCAAFB/Javon_Tracy_NCAAFB_player_Z1mC2a8q4nVv6oGRqeaMEDJ6-450.webp,57.81,57.81,50,50,47.11,47.39,53.92,54.51,49.72,50.28,-0.28,49.72,Over,47.50,-9,40.72,No,,,,,,
N/A,9/26/2026,Rashid Williams,Receiving Yards,54.5,demon,https://static.prizepicks.com/images/players/NCAAFB/Rashid_Williams_NCAAFB_player_HPopnkxtNUEWYKvijBj9PYn6-450.webp,https://static.prizepicks.com/images/players/NCAAFB/Rashid_Williams_NCAAFB_player_HPopnkxtNUEWYKvijBj9PYn6-450.webp,57.81,57.81,50,50,46.72,47.1,53.49,55.35,49.12,50.88,-0.88,49.12,Over,45.53,-8.97,42.29,No,,,,,,
N/A,9/26/2026,Noah Jennings,Receiving Yards,54.5,goblin,https://static.prizepicks.com/images/players/NCAAFB/Noah_Jennings_NCAAFB_player_dZjGtDiC8FiMmL1P0yz2d7nN-450.webp,https://static.prizepicks.com/images/players/NCAAFB/Noah_Jennings_NCAAFB_player_dZjGtDiC8FiMmL1P0yz2d7nN-450.webp,57.81,57.81,50,50,53.72,53.59,54.28,53.99,50.13,49.87,0.13,50.13,Over,53.54,-0.96,49.22,No,,,,,,
N/A,9/26/2026,Noah Jennings,Receiving Yards,53.5,standard,https://static.prizepicks.com/images/players/NCAAFB/Noah_Jennings_NCAAFB_player_dZjGtDiC8FiMmL1P0yz2d7nN-450.webp,https://static.prizepicks.com/images/players/NCAAFB/Noah_Jennings_NCAAFB_player_dZjGtDiC8FiMmL1P0yz2d7nN-450.webp,57.81,57.81,50,50,53.72,53.59,54.28,53.99,50.13,49.87,0.13,50.13,Over,53.54,0.04,50.22,Yes,,,,,,
N/A,9/26/2026,Darius Taylor,Rush Yards,52.5,demon,https://static.prizepicks.com/images/players/NCAAFB/Darius_Taylor_NCAAFB_player_NQ7aARVX3Tqr0NqDnFngq6hr-450.webp,https://static.prizepicks.com/images/players/NCAAFB/Darius_Taylor_NCAAFB_player_NQ7aARVX3Tqr0NqDnFngq6hr-450.webp,57.81,57.81,50,50,48.81,49.39,54.03,55,49.54,50.46,-0.46,49.54,Over,49.27,-3.23,47.06,No,,,,,,
N/A,9/26/2026,Chris Lawson,Receiving Yards,49.5,demon,https://static.prizepicks.com/images/players/NCAAFB/Chris_Lawson_NCAAFB_player_wPAUHvfDQbPcC6gf4anSdSs-450.webp,https://static.prizepicks.com/images/players/NCAAFB/Chris_Lawson_NCAAFB_player_wPAUHvfDQbPcC6gf4anSdSs-450.webp,57.81,57.81,50,50,38.63,38.83,53.99,54.42,49.8,50.2,-0.2,49.8,Over,39.20,-10.3,39.29,No,,,,,,
N/A,9/26/2026,Demond Williams Jr.,Rush Yards,49.5,demon,https://static.prizepicks.com/images/players/NCAAFB/Demond_Williams_NCAAFB_player_hlCTMSodwwOseGc14BFuPRlg-450.webp,https://static.prizepicks.com/images/players/NCAAFB/Demond_Williams_NCAAFB_player_hlCTMSodwwOseGc14BFuPRlg-450.webp,57.81,57.81,50,50,38.94,38.7,54.66,54.25,50.19,49.81,0.19,50.19,Over,38.45,-11.05,41.64,No,,,,,,
N/A,9/26/2026,Dezmen Roebuck,Receiving Yards,49.5,goblin,https://static.prizepicks.com/images/players/NCAAFB/Dezmen_Roebuck_NCAAFB_player_5gT99Bp4o9vclBWckvPFOBh2-450.webp,https://static.prizepicks.com/images/players/NCAAFB/Dezmen_Roebuck_NCAAFB_player_5gT99Bp4o9vclBWckvPFOBh2-450.webp,57.81,57.81,50,50,70.58,70.59,54.36,54.38,49.99,50.01,-0.01,49.99,Over,70.53,21.03,70.09,Yes,,,,,,
N/A,9/26/2026,Jalen Smith,Receiving Yards,49.5,demon,https://static.prizepicks.com/images/players/NCAAFB/Jalen_Smith_NCAAFB_player_DVFnaI1ymzcpJb1N0OHHBAf6-450.webp,https://static.prizepicks.com/images/players/NCAAFB/Jalen_Smith_NCAAFB_player_DVFnaI1ymzcpJb1N0OHHBAf6-450.webp,57.81,57.81,50,50,34.24,33.68,55.21,54.02,50.55,49.45,0.55,50.55,Over,33.80,-15.7,35.14,No,,,,,,
N/A,9/26/2026,Brian Bonner Jr.,Rush Yards,49.5,demon,https://static.prizepicks.com/images/players/NCAAFB/Brian_Bonner_NCAAFB_player_5rRHJr7EZeW9leyuIKptPo8d-450.webp,https://static.prizepicks.com/images/players/NCAAFB/Brian_Bonner_NCAAFB_player_5rRHJr7EZeW9leyuIKptPo8d-450.webp,57.81,57.81,50,50,34.27,34.06,54.74,54.36,50.17,49.83,0.17,50.17,Over,34.09,-15.41,38.03,No,,,,,,
N/A,9/26/2026,Darius Taylor,Rush Yards,49.5,standard,https://static.prizepicks.com/images/players/NCAAFB/Darius_Taylor_NCAAFB_player_NQ7aARVX3Tqr0NqDnFngq6hr-450.webp,https://static.prizepicks.com/images/players/NCAAFB/Darius_Taylor_NCAAFB_player_NQ7aARVX3Tqr0NqDnFngq6hr-450.webp,57.81,57.81,50,50,48.81,49.39,54.03,55,49.54,50.46,-0.46,50.46,Under,49.27,-0.23,50.55,Yes,,,,,,
N/A,9/26/2026,Javon Tracy,Receiving Yards,47.5,standard,https://static.prizepicks.com/images/players/NCAAFB/Javon_Tracy_NCAAFB_player_Z1mC2a8q4nVv6oGRqeaMEDJ6-450.webp,https://static.prizepicks.com/images/players/NCAAFB/Javon_Tracy_NCAAFB_player_Z1mC2a8q4nVv6oGRqeaMEDJ6-450.webp,57.81,57.81,50,50,47.11,47.39,53.92,54.51,49.72,50.28,-0.28,50.28,Under,47.50,0,50.39,No,,,,,,
N/A,9/26/2026,Rashid Williams,Receiving Yards,47.5,standard,https://static.prizepicks.com/images/players/NCAAFB/Rashid_Williams_NCAAFB_player_HPopnkxtNUEWYKvijBj9PYn6-450.webp,https://static.prizepicks.com/images/players/NCAAFB/Rashid_Williams_NCAAFB_player_HPopnkxtNUEWYKvijBj9PYn6-450.webp,57.81,57.81,50,50,46.72,47.1,53.49,55.35,49.12,50.88,-0.88,50.88,Under,45.53,-1.97,50.78,Yes,,,,,,
N/A,9/26/2026,Demond Williams Jr.,Rush Yards,44.5,demon,https://static.prizepicks.com/images/players/NCAAFB/Demond_Williams_NCAAFB_player_hlCTMSodwwOseGc14BFuPRlg-450.webp,https://static.prizepicks.com/images/players/NCAAFB/Demond_Williams_NCAAFB_player_hlCTMSodwwOseGc14BFuPRlg-450.webp,57.81,57.81,50,50,38.94,38.7,54.66,54.25,50.19,49.81,0.19,50.19,Over,38.45,-6.05,45.57,No,,,,,,
N/A,9/26/2026,Demond Williams Jr.,Longest Completion,43.5,standard,https://static.prizepicks.com/images/players/NCAAFB/Demond_Williams_NCAAFB_player_hlCTMSodwwOseGc14BFuPRlg-450.webp,https://static.prizepicks.com/images/players/NCAAFB/Demond_Williams_NCAAFB_player_hlCTMSodwwOseGc14BFuPRlg-450.webp,57.81,57.81,50,50,43.5,,,,,,,,,,,50,,,,,,,
N/A,9/26/2026,Demond Williams Jr.,Pass Attempts,43.5,demon,https://static.prizepicks.com/images/players/NCAAFB/Demond_Williams_NCAAFB_player_hlCTMSodwwOseGc14BFuPRlg-450.webp,https://static.prizepicks.com/images/players/NCAAFB/Demond_Williams_NCAAFB_player_hlCTMSodwwOseGc14BFuPRlg-450.webp,57.81,57.81,50,50,33,31.83,61.15,46.47,56.92,43.08,6.92,56.92,Over,31.61,-11.89,3.84,No,,,,,,
N/A,9/26/2026,Brian Bonner Jr.,Rush+Rec Yds,42.5,standard,https://static.prizepicks.com/images/players/NCAAFB/Brian_Bonner_NCAAFB_player_5rRHJr7EZeW9leyuIKptPo8d-450.webp,https://static.prizepicks.com/images/players/NCAAFB/Brian_Bonner_NCAAFB_player_5rRHJr7EZeW9leyuIKptPo8d-450.webp,57.81,57.81,50,50,42.5,42.5,55.62,55.62,50,50,0,50,Under,39.56,-2.94,50,Yes,,,,,,
N/A,9/26/2026,Drake Lindsey,Pass Attempts,41.5,demon,https://static.prizepicks.com/images/players/NCAAFB/Drake_Lindsey_NCAAFB_player_w67EihSVukAncUYuJOPYOle8-450.webp,https://static.prizepicks.com/images/players/NCAAFB/Drake_Lindsey_NCAAFB_player_w67EihSVukAncUYuJOPYOle8-450.webp,57.81,57.81,50,50,32.54,32.38,56.47,55.8,50.29,49.71,0.29,50.29,Over,32.19,-9.31,6.25,No,,,,,,
N/A,9/26/2026,Decker DeGraaf,Receiving Yards,39.5,demon,https://static.prizepicks.com/images/players/NCAAFB/Decker_DeGraaf_NCAAFB_player_SptQJwT1NIHQ8HCB7tFbGeek-450.webp,https://static.prizepicks.com/images/players/NCAAFB/Decker_DeGraaf_NCAAFB_player_SptQJwT1NIHQ8HCB7tFbGeek-450.webp,57.81,57.81,50,50,21,21.05,54.36,54.44,49.96,50.04,-0.04,49.96,Over,21.63,-17.87,32.19,No,,,,,,
N/A,9/26/2026,Dezmen Roebuck,Receiving Yards,39.5,goblin,https://static.prizepicks.com/images/players/NCAAFB/Dezmen_Roebuck_NCAAFB_player_5gT99Bp4o9vclBWckvPFOBh2-450.webp,https://static.prizepicks.com/images/players/NCAAFB/Dezmen_Roebuck_NCAAFB_player_5gT99Bp4o9vclBWckvPFOBh2-450.webp,57.81,57.81,50,50,70.58,70.59,54.36,54.38,49.99,50.01,-0.01,49.99,Over,70.53,31.03,78.14,Yes,,,,,,
N/A,9/26/2026,Pierce Walsh,Receiving Yards,39.5,demon,https://static.prizepicks.com/images/players/NCAAFB/Pierce_Walsh_NCAAFB_player_9sYA3u4DaMTzUHhZdi0KUgwr-450.webp,https://static.prizepicks.com/images/players/NCAAFB/Pierce_Walsh_NCAAFB_player_9sYA3u4DaMTzUHhZdi0KUgwr-450.webp,57.81,57.81,50,50,15.22,15.33,54.52,56.78,49,51,-1,49,Over,14.16,-25.34,27.19,No,,,,,,
N/A,9/26/2026,Noah Jennings,Receiving Yards,39.5,goblin,https://static.prizepicks.com/images/players/NCAAFB/Noah_Jennings_NCAAFB_player_dZjGtDiC8FiMmL1P0yz2d7nN-450.webp,https://static.prizepicks.com/images/players/NCAAFB/Noah_Jennings_NCAAFB_player_dZjGtDiC8FiMmL1P0yz2d7nN-450.webp,57.81,57.81,50,50,53.72,53.59,54.28,53.99,50.13,49.87,0.13,50.13,Over,53.54,14.04,63.89,Yes,,,,,,
N/A,9/26/2026,Rashid Williams,Receiving Yards,39.5,goblin,https://static.prizepicks.com/images/players/NCAAFB/Rashid_Williams_NCAAFB_player_HPopnkxtNUEWYKvijBj9PYn6-450.webp,https://static.prizepicks.com/images/players/NCAAFB/Rashid_Williams_NCAAFB_player_HPopnkxtNUEWYKvijBj9PYn6-450.webp,57.81,57.81,50,50,46.72,47.1,53.49,55.35,49.12,50.88,-0.88,49.12,Over,45.53,6.03,57.16,Yes,,,,,,
N/A,9/26/2026,Jalen Smith,Receiving Yards,39.5,demon,https://static.prizepicks.com/images/players/NCAAFB/Jalen_Smith_NCAAFB_player_DVFnaI1ymzcpJb1N0OHHBAf6-450.webp,https://static.prizepicks.com/images/players/NCAAFB/Jalen_Smith_NCAAFB_player_DVFnaI1ymzcpJb1N0OHHBAf6-450.webp,57.81,57.81,50,50,34.24,33.68,55.21,54.02,50.55,49.45,0.55,50.55,Over,33.80,-5.7,44.77,No,,,,,,
N/A,9/26/2026,Javon Tracy,Receiving Yards,39.5,goblin,https://static.prizepicks.com/images/players/NCAAFB/Javon_Tracy_NCAAFB_player_Z1mC2a8q4nVv6oGRqeaMEDJ6-450.webp,https://static.prizepicks.com/images/players/NCAAFB/Javon_Tracy_NCAAFB_player_Z1mC2a8q4nVv6oGRqeaMEDJ6-450.webp,57.81,57.81,50,50,47.11,47.39,53.92,54.51,49.72,50.28,-0.28,49.72,Over,47.50,8,57.54,Yes,,,,,,
N/A,9/26/2026,Darius Taylor,Rush Yards,39.5,goblin,https://static.prizepicks.com/images/players/NCAAFB/Darius_Taylor_NCAAFB_player_NQ7aARVX3Tqr0NqDnFngq6hr-450.webp,https://static.prizepicks.com/images/players/NCAAFB/Darius_Taylor_NCAAFB_player_NQ7aARVX3Tqr0NqDnFngq6hr-450.webp,57.81,57.81,50,50,48.81,49.39,54.03,55,49.54,50.46,-0.46,49.54,Over,49.27,9.77,57.39,Yes,,,,,,
N/A,9/26/2026,Brian Bonner Jr.,Rush Yards,39.5,demon,https://static.prizepicks.com/images/players/NCAAFB/Brian_Bonner_NCAAFB_player_5rRHJr7EZeW9leyuIKptPo8d-450.webp,https://static.prizepicks.com/images/players/NCAAFB/Brian_Bonner_NCAAFB_player_5rRHJr7EZeW9leyuIKptPo8d-450.webp,57.81,57.81,50,50,34.27,34.06,54.74,54.36,50.17,49.83,0.17,50.17,Over,34.09,-5.41,45.83,No,,,,,,
N/A,9/26/2026,Jordan Clay,Receiving Yards,39.5,demon,https://static.prizepicks.com/images/players/NCAAFB/Jordan_Clay_NCAAFB_player_6hPOZRqqaMi5x7kRpCPQJEDF-450.webp,https://static.prizepicks.com/images/players/NCAAFB/Jordan_Clay_NCAAFB_player_6hPOZRqqaMi5x7kRpCPQJEDF-450.webp,57.81,57.81,50,50,15.98,16.33,54.06,57.59,48.45,51.55,-1.55,48.45,Over,15.56,-23.94,27.83,No,,,,,,
N/A,9/26/2026,Chris Lawson,Receiving Yards,38.5,standard,https://static.prizepicks.com/images/players/NCAAFB/Chris_Lawson_NCAAFB_player_wPAUHvfDQbPcC6gf4anSdSs-450.webp,https://static.prizepicks.com/images/players/NCAAFB/Chris_Lawson_NCAAFB_player_wPAUHvfDQbPcC6gf4anSdSs-450.webp,57.81,57.81,50,50,38.63,38.83,53.99,54.42,49.8,50.2,-0.2,50.2,Under,39.20,0.7,49.87,No,,,,,,
N/A,9/26/2026,Demond Williams Jr.,Rush Yards,38.5,standard,https://static.prizepicks.com/images/players/NCAAFB/Demond_Williams_NCAAFB_player_hlCTMSodwwOseGc14BFuPRlg-450.webp,https://static.prizepicks.com/images/players/NCAAFB/Demond_Williams_NCAAFB_player_hlCTMSodwwOseGc14BFuPRlg-450.webp,57.81,57.81,50,50,38.94,38.7,54.66,54.25,50.19,49.81,0.19,50.19,Over,38.45,-0.05,50.35,No,,,,,,
N/A,9/26/2026,Demond Williams Jr.,Pass Attempts,35.5,demon,https://static.prizepicks.com/images/players/NCAAFB/Demond_Williams_NCAAFB_player_hlCTMSodwwOseGc14BFuPRlg-450.webp,https://static.prizepicks.com/images/players/NCAAFB/Demond_Williams_NCAAFB_player_hlCTMSodwwOseGc14BFuPRlg-450.webp,57.81,57.81,50,50,33,31.83,61.15,46.47,56.92,43.08,6.92,56.92,Over,31.61,-3.89,32.33,No,,,,,,
N/A,9/26/2026,Drake Lindsey,Longest Completion,35.5,standard,https://static.prizepicks.com/images/players/NCAAFB/Drake_Lindsey_NCAAFB_player_w67EihSVukAncUYuJOPYOle8-450.webp,https://static.prizepicks.com/images/players/NCAAFB/Drake_Lindsey_NCAAFB_player_w67EihSVukAncUYuJOPYOle8-450.webp,57.81,57.81,50,50,35.5,,,,,,,,,,,50,,,,,,,
N/A,9/26/2026,Drake Lindsey,Pass Attempts,35.5,demon,https://static.prizepicks.com/images/players/NCAAFB/Drake_Lindsey_NCAAFB_player_w67EihSVukAncUYuJOPYOle8-450.webp,https://static.prizepicks.com/images/players/NCAAFB/Drake_Lindsey_NCAAFB_player_w67EihSVukAncUYuJOPYOle8-450.webp,57.81,57.81,50,50,32.54,32.38,56.47,55.8,50.29,49.71,0.29,50.29,Over,32.19,-3.31,29.45,No,,,,,,
N/A,9/26/2026,Trey Cooley,Rush+Rec Yds,35.5,goblin,https://static.prizepicks.com/images/players/NCAAFB/Trey_Cooley_NCAAFB_player_zco5bTzO6w9VAwsHJKypgYXT-450.webp,https://static.prizepicks.com/images/players/NCAAFB/Trey_Cooley_NCAAFB_player_zco5bTzO6w9VAwsHJKypgYXT-450.webp,57.81,57.81,50,50,31.5,31.5,55.62,55.62,50,50,0,50,Over,28.07,-7.43,46.81,No,,,,,,
N/A,9/26/2026,Demond Williams Jr.,Rush Yards,34.5,goblin,https://static.prizepicks.com/images/players/NCAAFB/Demond_Williams_NCAAFB_player_hlCTMSodwwOseGc14BFuPRlg-450.webp,https://static.prizepicks.com/images/players/NCAAFB/Demond_Williams_NCAAFB_player_hlCTMSodwwOseGc14BFuPRlg-450.webp,57.81,57.81,50,50,38.94,38.7,54.66,54.25,50.19,49.81,0.19,50.19,Over,38.45,3.95,53.54,Yes,,,,,,
N/A,9/26/2026,Drake Lindsey,Longest Completion,34.5,goblin,https://static.prizepicks.com/images/players/NCAAFB/Drake_Lindsey_NCAAFB_player_w67EihSVukAncUYuJOPYOle8-450.webp,https://static.prizepicks.com/images/players/NCAAFB/Drake_Lindsey_NCAAFB_player_w67EihSVukAncUYuJOPYOle8-450.webp,57.81,57.81,50,50,34.5,,,,,,,,,,,50,,,,,,,
N/A,9/26/2026,Trey Cooley,Rush Yards,34.5,demon,https://static.prizepicks.com/images/players/NCAAFB/Trey_Cooley_NCAAFB_player_zco5bTzO6w9VAwsHJKypgYXT-450.webp,https://static.prizepicks.com/images/players/NCAAFB/Trey_Cooley_NCAAFB_player_zco5bTzO6w9VAwsHJKypgYXT-450.webp,57.81,57.81,50,50,25.35,24.93,54.8,54.12,50.34,49.66,0.34,50.34,Over,24.21,-10.29,42.74,No,,,,,,
N/A,9/26/2026,Brian Bonner Jr.,Rush Yards,33.5,standard,https://static.prizepicks.com/images/players/NCAAFB/Brian_Bonner_NCAAFB_player_5rRHJr7EZeW9leyuIKptPo8d-450.webp,https://static.prizepicks.com/images/players/NCAAFB/Brian_Bonner_NCAAFB_player_5rRHJr7EZeW9leyuIKptPo8d-450.webp,57.81,57.81,50,50,34.27,34.06,54.74,54.36,50.17,49.83,0.17,50.17,Over,34.09,0.59,50.61,Yes,,,,,,
N/A,9/26/2026,Jalen Smith,Receiving Yards,33.5,standard,https://static.prizepicks.com/images/players/NCAAFB/Jalen_Smith_NCAAFB_player_DVFnaI1ymzcpJb1N0OHHBAf6-450.webp,https://static.prizepicks.com/images/players/NCAAFB/Jalen_Smith_NCAAFB_player_DVFnaI1ymzcpJb1N0OHHBAf6-450.webp,57.81,57.81,50,50,34.24,33.68,55.21,54.02,50.55,49.45,0.55,50.55,Over,33.80,0.3,50.74,Yes,,,,,,
N/A,9/26/2026,Drake Lindsey,Pass Attempts,33,standard,https://static.prizepicks.com/images/players/NCAAFB/Drake_Lindsey_NCAAFB_player_w67EihSVukAncUYuJOPYOle8-450.webp,https://static.prizepicks.com/images/players/NCAAFB/Drake_Lindsey_NCAAFB_player_w67EihSVukAncUYuJOPYOle8-450.webp,57.81,57.81,50,50,32.54,32.38,56.47,55.8,50.29,49.71,0.29,50.29,Over,32.19,-0.81,42.21,No,,,,,,
N/A,9/26/2026,Jalen Smith,Receiving Yards,32.5,goblin,https://static.prizepicks.com/images/players/NCAAFB/Jalen_Smith_NCAAFB_player_DVFnaI1ymzcpJb1N0OHHBAf6-450.webp,https://static.prizepicks.com/images/players/NCAAFB/Jalen_Smith_NCAAFB_player_DVFnaI1ymzcpJb1N0OHHBAf6-450.webp,57.81,57.81,50,50,34.24,33.68,55.21,54.02,50.55,49.45,0.55,50.55,Over,33.80,1.3,51.73,Yes,,,,,,
N/A,9/26/2026,Demond Williams Jr.,Pass Completions,31.5,demon,https://static.prizepicks.com/images/players/NCAAFB/Demond_Williams_NCAAFB_player_hlCTMSodwwOseGc14BFuPRlg-450.webp,https://static.prizepicks.com/images/players/NCAAFB/Demond_Williams_NCAAFB_player_hlCTMSodwwOseGc14BFuPRlg-450.webp,57.81,57.81,50,50,23.26,23.17,55.18,56.6,49.34,50.66,-0.66,49.34,Over,23.25,-8.25,4.92,No,,,,,,
N/A,9/26/2026,Drake Lindsey,Pass Attempts,31.5,goblin,https://static.prizepicks.com/images/players/NCAAFB/Drake_Lindsey_NCAAFB_player_w67EihSVukAncUYuJOPYOle8-450.webp,https://static.prizepicks.com/images/players/NCAAFB/Drake_Lindsey_NCAAFB_player_w67EihSVukAncUYuJOPYOle8-450.webp,57.81,57.81,50,50,32.54,32.38,56.47,55.8,50.29,49.71,0.29,50.29,Over,32.19,0.69,56.11,Yes,,,,,,
N/A,9/26/2026,Trey Cooley,Rush+Rec Yds,31.5,standard,https://static.prizepicks.com/images/players/NCAAFB/Trey_Cooley_NCAAFB_player_zco5bTzO6w9VAwsHJKypgYXT-450.webp,https://static.prizepicks.com/images/players/NCAAFB/Trey_Cooley_NCAAFB_player_zco5bTzO6w9VAwsHJKypgYXT-450.webp,57.81,57.81,50,50,31.5,31.5,55.62,55.62,50,50,0,50,Under,28.07,-3.43,50,Yes,,,,,,
N/A,9/26/2026,Demond Williams Jr.,Pass Attempts,29.5,goblin,https://static.prizepicks.com/images/players/NCAAFB/Demond_Williams_NCAAFB_player_hlCTMSodwwOseGc14BFuPRlg-450.webp,https://static.prizepicks.com/images/players/NCAAFB/Demond_Williams_NCAAFB_player_hlCTMSodwwOseGc14BFuPRlg-450.webp,57.81,57.81,50,50,33,31.83,61.15,46.47,56.92,43.08,6.92,56.92,Over,31.61,2.11,72.27,Yes,,,,,,
N/A,9/26/2026,Brian Bonner Jr.,Rush Yards,29.5,goblin,https://static.prizepicks.com/images/players/NCAAFB/Brian_Bonner_NCAAFB_player_5rRHJr7EZeW9leyuIKptPo8d-450.webp,https://static.prizepicks.com/images/players/NCAAFB/Brian_Bonner_NCAAFB_player_5rRHJr7EZeW9leyuIKptPo8d-450.webp,57.81,57.81,50,50,34.27,34.06,54.74,54.36,50.17,49.83,0.17,50.17,Over,34.09,4.59,53.8,Yes,,,,,,
N/A,9/26/2026,Chris Lawson,Receiving Yards,29.5,goblin,https://static.prizepicks.com/images/players/NCAAFB/Chris_Lawson_NCAAFB_player_wPAUHvfDQbPcC6gf4anSdSs-450.webp,https://static.prizepicks.com/images/players/NCAAFB/Chris_Lawson_NCAAFB_player_wPAUHvfDQbPcC6gf4anSdSs-450.webp,57.81,57.81,50,50,38.63,38.83,53.99,54.42,49.8,50.2,-0.2,49.8,Over,39.20,9.7,59.03,Yes,,,,,,
N/A,9/26/2026,TJ Thomas Jr.,Receiving Yards,29.5,demon,https://static.prizepicks.com/images/players/NCAAFB/TJ_Thomas_NCAAFB_player_4i5Cq6QcBwrbzhaOUJYWYx2-450.webp,https://static.prizepicks.com/images/players/NCAAFB/TJ_Thomas_NCAAFB_player_4i5Cq6QcBwrbzhaOUJYWYx2-450.webp,57.81,57.81,50,50,10.02,9.5,53.7,52.61,50.52,49.48,0.52,50.52,Over,9.76,-19.74,31.31,No,,,,,,
N/A,9/26/2026,Darius Taylor,Receiving Yards,29.5,demon,https://static.prizepicks.com/images/players/NCAAFB/Darius_Taylor_NCAAFB_player_NQ7aARVX3Tqr0NqDnFngq6hr-450.webp,https://static.prizepicks.com/images/players/NCAAFB/Darius_Taylor_NCAAFB_player_NQ7aARVX3Tqr0NqDnFngq6hr-450.webp,57.81,57.81,50,50,16.05,16.77,53.36,54.9,49.28,50.72,-0.72,49.28,Over,16.55,-12.95,36.83,No,,,,,,
N/A,9/26/2026,Darius Taylor,Rush Yards,29.5,goblin,https://static.prizepicks.com/images/players/NCAAFB/Darius_Taylor_NCAAFB_player_NQ7aARVX3Tqr0NqDnFngq6hr-450.webp,https://static.prizepicks.com/images/players/NCAAFB/Darius_Taylor_NCAAFB_player_NQ7aARVX3Tqr0NqDnFngq6hr-450.webp,57.81,57.81,50,50,48.81,49.39,54.03,55,49.54,50.46,-0.46,49.54,Over,49.27,19.77,65.03,Yes,,,,,,
N/A,9/26/2026,Drake Lindsey,Pass Attempts,29.5,goblin,https://static.prizepicks.com/images/players/NCAAFB/Drake_Lindsey_NCAAFB_player_w67EihSVukAncUYuJOPYOle8-450.webp,https://static.prizepicks.com/images/players/NCAAFB/Drake_Lindsey_NCAAFB_player_w67EihSVukAncUYuJOPYOle8-450.webp,57.81,57.81,50,50,32.54,32.38,56.47,55.8,50.29,49.71,0.29,50.29,Over,32.19,2.69,69.56,Yes,,,,,,
N/A,9/26/2026,Rashid Williams,Receiving Yards,29.5,goblin,https://static.prizepicks.com/images/players/NCAAFB/Rashid_Williams_NCAAFB_player_HPopnkxtNUEWYKvijBj9PYn6-450.webp,https://static.prizepicks.com/images/players/NCAAFB/Rashid_Williams_NCAAFB_player_HPopnkxtNUEWYKvijBj9PYn6-450.webp,57.81,57.81,50,50,46.72,47.1,53.49,55.35,49.12,50.88,-0.88,49.12,Over,45.53,16.03,66.66,Yes,,,,,,
N/A,9/26/2026,Trey Cooley,Rush Yards,29.5,demon,https://static.prizepicks.com/images/players/NCAAFB/Trey_Cooley_NCAAFB_player_zco5bTzO6w9VAwsHJKypgYXT-450.webp,https://static.prizepicks.com/images/players/NCAAFB/Trey_Cooley_NCAAFB_player_zco5bTzO6w9VAwsHJKypgYXT-450.webp,57.81,57.81,50,50,25.35,24.93,54.8,54.12,50.34,49.66,0.34,50.34,Over,24.21,-5.29,46.69,No,,,,,,
N/A,9/26/2026,Javon Tracy,Receiving Yards,29.5,goblin,https://static.prizepicks.com/images/players/NCAAFB/Javon_Tracy_NCAAFB_player_Z1mC2a8q4nVv6oGRqeaMEDJ6-450.webp,https://static.prizepicks.com/images/players/NCAAFB/Javon_Tracy_NCAAFB_player_Z1mC2a8q4nVv6oGRqeaMEDJ6-450.webp,57.81,57.81,50,50,47.11,47.39,53.92,54.51,49.72,50.28,-0.28,49.72,Over,47.50,18,67.01,Yes,,,,,,
N/A,9/26/2026,Dezmen Roebuck,Longest Reception,26.5,standard,https://static.prizepicks.com/images/players/NCAAFB/Dezmen_Roebuck_NCAAFB_player_5gT99Bp4o9vclBWckvPFOBh2-450.webp,https://static.prizepicks.com/images/players/NCAAFB/Dezmen_Roebuck_NCAAFB_player_5gT99Bp4o9vclBWckvPFOBh2-450.webp,57.81,57.81,50,50,26.5,,,,,,,,,,,50,,,,,,,
N/A,9/26/2026,Demond Williams Jr.,Pass Completions,25.5,demon,https://static.prizepicks.com/images/players/NCAAFB/Demond_Williams_NCAAFB_player_hlCTMSodwwOseGc14BFuPRlg-450.webp,https://static.prizepicks.com/images/players/NCAAFB/Demond_Williams_NCAAFB_player_hlCTMSodwwOseGc14BFuPRlg-450.webp,57.81,57.81,50,50,23.26,23.17,55.18,56.6,49.34,50.66,-0.66,49.34,Over,23.25,-2.25,31.15,No,,,,,,
N/A,9/26/2026,Rashid Williams,Longest Reception,25.5,standard,https://static.prizepicks.com/images/players/NCAAFB/Rashid_Williams_NCAAFB_player_HPopnkxtNUEWYKvijBj9PYn6-450.webp,https://static.prizepicks.com/images/players/NCAAFB/Rashid_Williams_NCAAFB_player_HPopnkxtNUEWYKvijBj9PYn6-450.webp,57.81,57.81,50,50,25.5,,,,,,,,,,,50,,,,,,,
N/A,9/26/2026,Chris Lawson,Receiving Yards,24.5,goblin,https://static.prizepicks.com/images/players/NCAAFB/Chris_Lawson_NCAAFB_player_wPAUHvfDQbPcC6gf4anSdSs-450.webp,https://static.prizepicks.com/images/players/NCAAFB/Chris_Lawson_NCAAFB_player_wPAUHvfDQbPcC6gf4anSdSs-450.webp,57.81,57.81,50,50,38.63,38.83,53.99,54.42,49.8,50.2,-0.2,49.8,Over,39.20,14.7,63.8,Yes,,,,,,
N/A,9/26/2026,Decker DeGraaf,Receiving Yards,24.5,demon,https://static.prizepicks.com/images/players/NCAAFB/Decker_DeGraaf_NCAAFB_player_SptQJwT1NIHQ8HCB7tFbGeek-450.webp,https://static.prizepicks.com/images/players/NCAAFB/Decker_DeGraaf_NCAAFB_player_SptQJwT1NIHQ8HCB7tFbGeek-450.webp,57.81,57.81,50,50,21,21.05,54.36,54.44,49.96,50.04,-0.04,49.96,Over,21.63,-2.87,46.51,No,,,,,,
N/A,9/26/2026,Rashid Williams,Longest Reception,24.5,goblin,https://static.prizepicks.com/images/players/NCAAFB/Rashid_Williams_NCAAFB_player_HPopnkxtNUEWYKvijBj9PYn6-450.webp,https://static.prizepicks.com/images/players/NCAAFB/Rashid_Williams_NCAAFB_player_HPopnkxtNUEWYKvijBj9PYn6-450.webp,57.81,57.81,50,50,24.5,,,,,,,,,,,50,,,,,,,
N/A,9/26/2026,Darius Taylor,Receiving Yards,24.5,demon,https://static.prizepicks.com/images/players/NCAAFB/Darius_Taylor_NCAAFB_player_NQ7aARVX3Tqr0NqDnFngq6hr-450.webp,https://static.prizepicks.com/images/players/NCAAFB/Darius_Taylor_NCAAFB_player_NQ7aARVX3Tqr0NqDnFngq6hr-450.webp,57.81,57.81,50,50,16.05,16.77,53.36,54.9,49.28,50.72,-0.72,49.28,Over,16.55,-7.95,41.63,No,,,,,,
N/A,9/26/2026,Noah Jennings,Receiving Yards,24.5,goblin,https://static.prizepicks.com/images/players/NCAAFB/Noah_Jennings_NCAAFB_player_dZjGtDiC8FiMmL1P0yz2d7nN-450.webp,https://static.prizepicks.com/images/players/NCAAFB/Noah_Jennings_NCAAFB_player_dZjGtDiC8FiMmL1P0yz2d7nN-450.webp,57.81,57.81,50,50,53.72,53.59,54.28,53.99,50.13,49.87,0.13,50.13,Over,53.54,29.04,76.75,Yes,,,,,,
N/A,9/26/2026,Trey Cooley,Rush Yards,24.5,standard,https://static.prizepicks.com/images/players/NCAAFB/Trey_Cooley_NCAAFB_player_zco5bTzO6w9VAwsHJKypgYXT-450.webp,https://static.prizepicks.com/images/players/NCAAFB/Trey_Cooley_NCAAFB_player_zco5bTzO6w9VAwsHJKypgYXT-450.webp,57.81,57.81,50,50,25.35,24.93,54.8,54.12,50.34,49.66,0.34,50.34,Over,24.21,-0.29,50.68,No,,,,,,
N/A,9/26/2026,Demond Williams Jr.,Fantasy Score,24,standard,https://static.prizepicks.com/images/players/NCAAFB/Demond_Williams_NCAAFB_player_hlCTMSodwwOseGc14BFuPRlg-450.webp,https://static.prizepicks.com/images/players/NCAAFB/Demond_Williams_NCAAFB_player_hlCTMSodwwOseGc14BFuPRlg-450.webp,57.81,57.81,50,50,24.88,24.88,52.11,47.89,52.11,47.89,2.11,52.11,Over,23.74,-0.26,52.11,No,,,,,,
N/A,9/26/2026,Drake Lindsey,Pass Completions,23.5,demon,https://static.prizepicks.com/images/players/NCAAFB/Drake_Lindsey_NCAAFB_player_w67EihSVukAncUYuJOPYOle8-450.webp,https://static.prizepicks.com/images/players/NCAAFB/Drake_Lindsey_NCAAFB_player_w67EihSVukAncUYuJOPYOle8-450.webp,57.81,57.81,50,50,20.67,20.5,55.62,55.62,50,50,0,50,Over,20.69,-2.81,25.94,No,,,,,,
N/A,9/26/2026,Demond Williams Jr.,Pass Completions,22.5,standard,https://static.prizepicks.com/images/players/NCAAFB/Demond_Williams_NCAAFB_player_hlCTMSodwwOseGc14BFuPRlg-450.webp,https://static.prizepicks.com/images/players/NCAAFB/Demond_Williams_NCAAFB_player_hlCTMSodwwOseGc14BFuPRlg-450.webp,57.81,57.81,50,50,23.26,23.17,55.18,56.6,49.34,50.66,-0.66,50.66,Under,23.25,0.75,45.08,No,,,,,,
N/A,9/26/2026,Decker DeGraaf,Receiving Yards,21.5,standard,https://static.prizepicks.com/images/players/NCAAFB/Decker_DeGraaf_NCAAFB_player_SptQJwT1NIHQ8HCB7tFbGeek-450.webp,https://static.prizepicks.com/images/players/NCAAFB/Decker_DeGraaf_NCAAFB_player_SptQJwT1NIHQ8HCB7tFbGeek-450.webp,57.81,57.81,50,50,21,21.05,54.36,54.44,49.96,50.04,-0.04,50.04,Under,21.63,0.13,50.5,No,,,,,,
N/A,9/26/2026,Noah Jennings,Longest Reception,21.5,standard,https://static.prizepicks.com/images/players/NCAAFB/Noah_Jennings_NCAAFB_player_dZjGtDiC8FiMmL1P0yz2d7nN-450.webp,https://static.prizepicks.com/images/players/NCAAFB/Noah_Jennings_NCAAFB_player_dZjGtDiC8FiMmL1P0yz2d7nN-450.webp,57.81,57.81,50,50,21.5,,,,,,,,,,,50,,,,,,,
N/A,9/26/2026,Demond Williams Jr.,Pass Completions,21.5,goblin,https://static.prizepicks.com/images/players/NCAAFB/Demond_Williams_NCAAFB_player_hlCTMSodwwOseGc14BFuPRlg-450.webp,https://static.prizepicks.com/images/players/NCAAFB/Demond_Williams_NCAAFB_player_hlCTMSodwwOseGc14BFuPRlg-450.webp,57.81,57.81,50,50,23.26,23.17,55.18,56.6,49.34,50.66,-0.66,49.34,Over,23.25,1.75,63.1,Yes,,,,,,
N/A,9/26/2026,Javon Tracy,Longest Reception,20.5,standard,https://static.prizepicks.com/images/players/NCAAFB/Javon_Tracy_NCAAFB_player_Z1mC2a8q4nVv6oGRqeaMEDJ6-450.webp,https://static.prizepicks.com/images/players/NCAAFB/Javon_Tracy_NCAAFB_player_Z1mC2a8q4nVv6oGRqeaMEDJ6-450.webp,57.81,57.81,50,50,20.5,,,,,,,,,,,50,,,,,,,
N/A,9/26/2026,Drake Lindsey,Pass Completions,20.5,standard,https://static.prizepicks.com/images/players/NCAAFB/Drake_Lindsey_NCAAFB_player_w67EihSVukAncUYuJOPYOle8-450.webp,https://static.prizepicks.com/images/players/NCAAFB/Drake_Lindsey_NCAAFB_player_w67EihSVukAncUYuJOPYOle8-450.webp,57.81,57.81,50,50,20.67,20.5,55.62,55.62,50,50,0,50,Under,20.69,0.19,49.98,No,,,,,,
N/A,9/26/2026,Demond Williams Jr.,Rush Yards,19.5,goblin,https://static.prizepicks.com/images/players/NCAAFB/Demond_Williams_NCAAFB_player_hlCTMSodwwOseGc14BFuPRlg-450.webp,https://static.prizepicks.com/images/players/NCAAFB/Demond_Williams_NCAAFB_player_hlCTMSodwwOseGc14BFuPRlg-450.webp,57.81,57.81,50,50,38.94,38.7,54.66,54.25,50.19,49.81,0.19,50.19,Over,38.45,18.95,65.13,Yes,,,,,,
N/A,9/26/2026,TJ Thomas Jr.,Receiving Yards,19.5,demon,https://static.prizepicks.com/images/players/NCAAFB/TJ_Thomas_NCAAFB_player_4i5Cq6QcBwrbzhaOUJYWYx2-450.webp,https://static.prizepicks.com/images/players/NCAAFB/TJ_Thomas_NCAAFB_player_4i5Cq6QcBwrbzhaOUJYWYx2-450.webp,57.81,57.81,50,50,10.02,9.5,53.7,52.61,50.52,49.48,0.52,50.52,Over,9.76,-9.74,40.63,No,,,,,,
N/A,9/26/2026,Brian Bonner Jr.,Rush Yards,19.5,goblin,https://static.prizepicks.com/images/players/NCAAFB/Brian_Bonner_NCAAFB_player_5rRHJr7EZeW9leyuIKptPo8d-450.webp,https://static.prizepicks.com/images/players/NCAAFB/Brian_Bonner_NCAAFB_player_5rRHJr7EZeW9leyuIKptPo8d-450.webp,57.81,57.81,50,50,34.27,34.06,54.74,54.36,50.17,49.83,0.17,50.17,Over,34.09,14.59,61.62,Yes,,,,,,
N/A,9/26/2026,Rashid Williams,Receiving Yards,19.5,goblin,https://static.prizepicks.com/images/players/NCAAFB/Rashid_Williams_NCAAFB_player_HPopnkxtNUEWYKvijBj9PYn6-450.webp,https://static.prizepicks.com/images/players/NCAAFB/Rashid_Williams_NCAAFB_player_HPopnkxtNUEWYKvijBj9PYn6-450.webp,57.81,57.81,50,50,46.72,47.1,53.49,55.35,49.12,50.88,-0.88,49.12,Over,45.53,26.03,75.19,Yes,,,,,,
N/A,9/26/2026,Pierce Walsh,Receiving Yards,19.5,demon,https://static.prizepicks.com/images/players/NCAAFB/Pierce_Walsh_NCAAFB_player_9sYA3u4DaMTzUHhZdi0KUgwr-450.webp,https://static.prizepicks.com/images/players/NCAAFB/Pierce_Walsh_NCAAFB_player_9sYA3u4DaMTzUHhZdi0KUgwr-450.webp,57.81,57.81,50,50,15.22,15.33,54.52,56.78,49,51,-1,49,Over,14.16,-5.34,45.74,No,,,,,,
N/A,9/26/2026,Decker DeGraaf,Receiving Yards,19.5,goblin,https://static.prizepicks.com/images/players/NCAAFB/Decker_DeGraaf_NCAAFB_player_SptQJwT1NIHQ8HCB7tFbGeek-450.webp,https://static.prizepicks.com/images/players/NCAAFB/Decker_DeGraaf_NCAAFB_player_SptQJwT1NIHQ8HCB7tFbGeek-450.webp,57.81,57.81,50,50,21,21.05,54.36,54.44,49.96,50.04,-0.04,49.96,Over,21.63,2.13,51.5,Yes,,,,,,
N/A,9/26/2026,Darius Taylor,Rush Yards,19.5,goblin,https://static.prizepicks.com/images/players/NCAAFB/Darius_Taylor_NCAAFB_player_NQ7aARVX3Tqr0NqDnFngq6hr-450.webp,https://static.prizepicks.com/images/players/NCAAFB/Darius_Taylor_NCAAFB_player_NQ7aARVX3Tqr0NqDnFngq6hr-450.webp,57.81,57.81,50,50,48.81,49.39,54.03,55,49.54,50.46,-0.46,49.54,Over,49.27,29.77,72.11,Yes,,,,,,
N/A,9/26/2026,Noah Jennings,Longest Reception,19.5,goblin,https://static.prizepicks.com/images/players/NCAAFB/Noah_Jennings_NCAAFB_player_dZjGtDiC8FiMmL1P0yz2d7nN-450.webp,https://static.prizepicks.com/images/players/NCAAFB/Noah_Jennings_NCAAFB_player_dZjGtDiC8FiMmL1P0yz2d7nN-450.webp,57.81,57.81,50,50,19.5,,,,,,,,,,,50,,,,,,,
N/A,9/26/2026,Drake Lindsey,Pass Completions,19.5,goblin,https://static.prizepicks.com/images/players/NCAAFB/Drake_Lindsey_NCAAFB_player_w67EihSVukAncUYuJOPYOle8-450.webp,https://static.prizepicks.com/images/players/NCAAFB/Drake_Lindsey_NCAAFB_player_w67EihSVukAncUYuJOPYOle8-450.webp,57.81,57.81,50,50,20.67,20.5,55.62,55.62,50,50,0,50,Over,20.69,1.19,58.81,Yes,,,,,,
N/A,9/26/2026,Jalen Smith,Receiving Yards,19.5,goblin,https://static.prizepicks.com/images/players/NCAAFB/Jalen_Smith_NCAAFB_player_DVFnaI1ymzcpJb1N0OHHBAf6-450.webp,https://static.prizepicks.com/images/players/NCAAFB/Jalen_Smith_NCAAFB_player_DVFnaI1ymzcpJb1N0OHHBAf6-450.webp,57.81,57.81,50,50,34.24,33.68,55.21,54.02,50.55,49.45,0.55,50.55,Over,33.80,14.3,64.37,Yes,,,,,,
N/A,9/26/2026,Javon Tracy,Receiving Yards,19.5,goblin,https://static.prizepicks.com/images/players/NCAAFB/Javon_Tracy_NCAAFB_player_Z1mC2a8q4nVv6oGRqeaMEDJ6-450.webp,https://static.prizepicks.com/images/players/NCAAFB/Javon_Tracy_NCAAFB_player_Z1mC2a8q4nVv6oGRqeaMEDJ6-450.webp,57.81,57.81,50,50,47.11,47.39,53.92,54.51,49.72,50.28,-0.28,49.72,Over,47.50,28,75.5,Yes,,,,,,
N/A,9/26/2026,Chris Lawson,Receiving Yards,19.5,goblin,https://static.prizepicks.com/images/players/NCAAFB/Chris_Lawson_NCAAFB_player_wPAUHvfDQbPcC6gf4anSdSs-450.webp,https://static.prizepicks.com/images/players/NCAAFB/Chris_Lawson_NCAAFB_player_wPAUHvfDQbPcC6gf4anSdSs-450.webp,57.81,57.81,50,50,38.63,38.83,53.99,54.42,49.8,50.2,-0.2,49.8,Over,39.20,19.7,68.38,Yes,,,,,,
N/A,9/26/2026,Jordan Clay,Receiving Yards,19.5,demon,https://static.prizepicks.com/images/players/NCAAFB/Jordan_Clay_NCAAFB_player_6hPOZRqqaMi5x7kRpCPQJEDF-450.webp,https://static.prizepicks.com/images/players/NCAAFB/Jordan_Clay_NCAAFB_player_6hPOZRqqaMi5x7kRpCPQJEDF-450.webp,57.81,57.81,50,50,15.98,16.33,54.06,57.59,48.45,51.55,-1.55,48.45,Over,15.56,-3.94,46.49,No,,,,,,
N/A,9/26/2026,Trey Cooley,Rush Yards,19.5,goblin,https://static.prizepicks.com/images/players/NCAAFB/Trey_Cooley_NCAAFB_player_zco5bTzO6w9VAwsHJKypgYXT-450.webp,https://static.prizepicks.com/images/players/NCAAFB/Trey_Cooley_NCAAFB_player_zco5bTzO6w9VAwsHJKypgYXT-450.webp,57.81,57.81,50,50,25.35,24.93,54.8,54.12,50.34,49.66,0.34,50.34,Over,24.21,4.71,54.66,Yes,,,,,,
N/A,9/26/2026,Chris Lawson,Longest Reception,18.5,standard,https://static.prizepicks.com/images/players/NCAAFB/Chris_Lawson_NCAAFB_player_wPAUHvfDQbPcC6gf4anSdSs-450.webp,https://static.prizepicks.com/images/players/NCAAFB/Chris_Lawson_NCAAFB_player_wPAUHvfDQbPcC6gf4anSdSs-450.webp,57.81,57.81,50,50,18.5,,,,,,,,,,,50,,,,,,,
N/A,9/26/2026,Jalen Smith,Longest Reception,18.5,standard,https://static.prizepicks.com/images/players/NCAAFB/Jalen_Smith_NCAAFB_player_DVFnaI1ymzcpJb1N0OHHBAf6-450.webp,https://static.prizepicks.com/images/players/NCAAFB/Jalen_Smith_NCAAFB_player_DVFnaI1ymzcpJb1N0OHHBAf6-450.webp,57.81,57.81,50,50,18.5,,,,,,,,,,,50,,,,,,,
N/A,9/26/2026,Darius Taylor,Receiving Yards,17.5,standard,https://static.prizepicks.com/images/players/NCAAFB/Darius_Taylor_NCAAFB_player_NQ7aARVX3Tqr0NqDnFngq6hr-450.webp,https://static.prizepicks.com/images/players/NCAAFB/Darius_Taylor_NCAAFB_player_NQ7aARVX3Tqr0NqDnFngq6hr-450.webp,57.81,57.81,50,50,16.05,16.77,53.36,54.9,49.28,50.72,-0.72,50.72,Under,16.55,-0.95,51.45,Yes,,,,,,
N/A,9/26/2026,Drake Lindsey,Pass Completions,17.5,goblin,https://static.prizepicks.com/images/players/NCAAFB/Drake_Lindsey_NCAAFB_player_w67EihSVukAncUYuJOPYOle8-450.webp,https://static.prizepicks.com/images/players/NCAAFB/Drake_Lindsey_NCAAFB_player_w67EihSVukAncUYuJOPYOle8-450.webp,57.81,57.81,50,50,20.67,20.5,55.62,55.62,50,50,0,50,Over,20.69,3.19,75.12,Yes,,,,,,
N/A,9/26/2026,Demond Williams Jr.,Longest Rush,16.5,standard,https://static.prizepicks.com/images/players/NCAAFB/Demond_Williams_NCAAFB_player_hlCTMSodwwOseGc14BFuPRlg-450.webp,https://static.prizepicks.com/images/players/NCAAFB/Demond_Williams_NCAAFB_player_hlCTMSodwwOseGc14BFuPRlg-450.webp,57.81,57.81,50,50,16.5,,,,,,,,,,,50,,,,,,,
N/A,9/26/2026,Jordan Clay,Receiving Yards,16.5,standard,https://static.prizepicks.com/images/players/NCAAFB/Jordan_Clay_NCAAFB_player_6hPOZRqqaMi5x7kRpCPQJEDF-450.webp,https://static.prizepicks.com/images/players/NCAAFB/Jordan_Clay_NCAAFB_player_6hPOZRqqaMi5x7kRpCPQJEDF-450.webp,57.81,57.81,50,50,15.98,16.33,54.06,57.59,48.45,51.55,-1.55,51.55,Under,15.56,-0.94,50.52,Yes,,,,,,
N/A,9/26/2026,Pierce Walsh,Receiving Yards,15.5,standard,https://static.prizepicks.com/images/players/NCAAFB/Pierce_Walsh_NCAAFB_player_9sYA3u4DaMTzUHhZdi0KUgwr-450.webp,https://static.prizepicks.com/images/players/NCAAFB/Pierce_Walsh_NCAAFB_player_9sYA3u4DaMTzUHhZdi0KUgwr-450.webp,57.81,57.81,50,50,15.22,15.33,54.52,56.78,49,51,-1,51,Under,14.16,-1.34,50.28,Yes,,,,,,
N/A,9/26/2026,Dezmen Roebuck,Fantasy Score,15.5,standard,https://static.prizepicks.com/images/players/NCAAFB/Dezmen_Roebuck_NCAAFB_player_5gT99Bp4o9vclBWckvPFOBh2-450.webp,https://static.prizepicks.com/images/players/NCAAFB/Dezmen_Roebuck_NCAAFB_player_5gT99Bp4o9vclBWckvPFOBh2-450.webp,57.81,57.81,50,50,15.72,15.72,50.5,49.5,50.5,49.5,0.5,50.5,Over,17.14,1.64,50.5,Yes,,,,,,
N/A,9/26/2026,Decker DeGraaf,Receiving Yards,14.5,goblin,https://static.prizepicks.com/images/players/NCAAFB/Decker_DeGraaf_NCAAFB_player_SptQJwT1NIHQ8HCB7tFbGeek-450.webp,https://static.prizepicks.com/images/players/NCAAFB/Decker_DeGraaf_NCAAFB_player_SptQJwT1NIHQ8HCB7tFbGeek-450.webp,57.81,57.81,50,50,21,21.05,54.36,54.44,49.96,50.04,-0.04,49.96,Over,21.63,7.13,56.45,Yes,,,,,,
N/A,9/26/2026,Demond Williams Jr.,Rush Yards,14.5,goblin,https://static.prizepicks.com/images/players/NCAAFB/Demond_Williams_NCAAFB_player_hlCTMSodwwOseGc14BFuPRlg-450.webp,https://static.prizepicks.com/images/players/NCAAFB/Demond_Williams_NCAAFB_player_hlCTMSodwwOseGc14BFuPRlg-450.webp,57.81,57.81,50,50,38.94,38.7,54.66,54.25,50.19,49.81,0.19,50.19,Over,38.45,23.95,68.75,Yes,,,,,,
N/A,9/26/2026,Jalen Smith,Receiving Yards,14.5,goblin,https://static.prizepicks.com/images/players/NCAAFB/Jalen_Smith_NCAAFB_player_DVFnaI1ymzcpJb1N0OHHBAf6-450.webp,https://static.prizepicks.com/images/players/NCAAFB/Jalen_Smith_NCAAFB_player_DVFnaI1ymzcpJb1N0OHHBAf6-450.webp,57.81,57.81,50,50,34.24,33.68,55.21,54.02,50.55,49.45,0.55,50.55,Over,33.80,19.3,68.92,Yes,,,,,,
N/A,9/26/2026,Darius Taylor,Receiving Yards,14.5,goblin,https://static.prizepicks.com/images/players/NCAAFB/Darius_Taylor_NCAAFB_player_NQ7aARVX3Tqr0NqDnFngq6hr-450.webp,https://static.prizepicks.com/images/players/NCAAFB/Darius_Taylor_NCAAFB_player_NQ7aARVX3Tqr0NqDnFngq6hr-450.webp,57.81,57.81,50,50,16.05,16.77,53.36,54.9,49.28,50.72,-0.72,49.28,Over,16.55,2.05,51.55,Yes,,,,,,
N/A,9/26/2026,Jordan Clay,Receiving Yards,14.5,goblin,https://static.prizepicks.com/images/players/NCAAFB/Jordan_Clay_NCAAFB_player_6hPOZRqqaMi5x7kRpCPQJEDF-450.webp,https://static.prizepicks.com/images/players/NCAAFB/Jordan_Clay_NCAAFB_player_6hPOZRqqaMi5x7kRpCPQJEDF-450.webp,57.81,57.81,50,50,15.98,16.33,54.06,57.59,48.45,51.55,-1.55,48.45,Over,15.56,1.06,51.48,Yes,,,,,,
N/A,9/26/2026,Trey Cooley,Rush Yards,14.5,goblin,https://static.prizepicks.com/images/players/NCAAFB/Trey_Cooley_NCAAFB_player_zco5bTzO6w9VAwsHJKypgYXT-450.webp,https://static.prizepicks.com/images/players/NCAAFB/Trey_Cooley_NCAAFB_player_zco5bTzO6w9VAwsHJKypgYXT-450.webp,57.81,57.81,50,50,25.35,24.93,54.8,54.12,50.34,49.66,0.34,50.34,Over,24.21,9.71,58.59,Yes,,,,,,
N/A,9/26/2026,Darius Taylor,Longest Rush,13.5,standard,https://static.prizepicks.com/images/players/NCAAFB/Darius_Taylor_NCAAFB_player_NQ7aARVX3Tqr0NqDnFngq6hr-450.webp,https://static.prizepicks.com/images/players/NCAAFB/Darius_Taylor_NCAAFB_player_NQ7aARVX3Tqr0NqDnFngq6hr-450.webp,57.81,57.81,50,50,13.5,,,,,,,,,,,50,,,,,,,
N/A,9/26/2026,Brian Bonner Jr.,Longest Rush,12.5,standard,https://static.prizepicks.com/images/players/NCAAFB/Brian_Bonner_NCAAFB_player_5rRHJr7EZeW9leyuIKptPo8d-450.webp,https://static.prizepicks.com/images/players/NCAAFB/Brian_Bonner_NCAAFB_player_5rRHJr7EZeW9leyuIKptPo8d-450.webp,57.81,57.81,50,50,12.5,,,,,,,,,,,50,,,,,,,
N/A,9/26/2026,Drake Lindsey,Fantasy Score,12.5,standard,https://static.prizepicks.com/images/players/NCAAFB/Drake_Lindsey_NCAAFB_player_w67EihSVukAncUYuJOPYOle8-450.webp,https://static.prizepicks.com/images/players/NCAAFB/Drake_Lindsey_NCAAFB_player_w67EihSVukAncUYuJOPYOle8-450.webp,57.81,57.81,50,50,,,,,,,,,,10.75,-1.75,,,,,,,,
N/A,9/26/2026,Brian Bonner Jr.,Rush Yards,12.5,goblin,https://static.prizepicks.com/images/players/NCAAFB/Brian_Bonner_NCAAFB_player_5rRHJr7EZeW9leyuIKptPo8d-450.webp,https://static.prizepicks.com/images/players/NCAAFB/Brian_Bonner_NCAAFB_player_5rRHJr7EZeW9leyuIKptPo8d-450.webp,57.81,57.81,50,50,34.27,34.06,54.74,54.36,50.17,49.83,0.17,50.17,Over,34.09,21.59,66.84,Yes,,,,,,
N/A,9/26/2026,Decker DeGraaf,Longest Reception,11.5,standard,https://static.prizepicks.com/images/players/NCAAFB/Decker_DeGraaf_NCAAFB_player_SptQJwT1NIHQ8HCB7tFbGeek-450.webp,https://static.prizepicks.com/images/players/NCAAFB/Decker_DeGraaf_NCAAFB_player_SptQJwT1NIHQ8HCB7tFbGeek-450.webp,57.81,57.81,50,50,11.5,,,,,,,,,,,50,,,,,,,
N/A,9/26/2026,Demond Williams Jr.,Rush Attempts,11.5,demon,https://static.prizepicks.com/images/players/NCAAFB/Demond_Williams_NCAAFB_player_hlCTMSodwwOseGc14BFuPRlg-450.webp,https://static.prizepicks.com/images/players/NCAAFB/Demond_Williams_NCAAFB_player_hlCTMSodwwOseGc14BFuPRlg-450.webp,57.81,57.81,50,50,9.69,9.67,56.03,59.17,48.8,51.2,-1.2,48.8,Over,9.46,-2.04,26.86,No,,,,,,
N/A,9/26/2026,Darius Taylor,Fantasy Score,11.5,standard,https://static.prizepicks.com/images/players/NCAAFB/Darius_Taylor_NCAAFB_player_NQ7aARVX3Tqr0NqDnFngq6hr-450.webp,https://static.prizepicks.com/images/players/NCAAFB/Darius_Taylor_NCAAFB_player_NQ7aARVX3Tqr0NqDnFngq6hr-450.webp,57.81,57.81,50,50,11.4,11.4,49.77,50.23,49.77,50.23,-0.23,50.23,Under,12.20,0.7,50.23,No,,,,,,
N/A,9/26/2026,Jordan Clay,Longest Reception,11.5,standard,https://static.prizepicks.com/images/players/NCAAFB/Jordan_Clay_NCAAFB_player_6hPOZRqqaMi5x7kRpCPQJEDF-450.webp,https://static.prizepicks.com/images/players/NCAAFB/Jordan_Clay_NCAAFB_player_6hPOZRqqaMi5x7kRpCPQJEDF-450.webp,57.81,57.81,50,50,11.5,,,,,,,,,,,50,,,,,,,
N/A,9/26/2026,Dezmen Roebuck,Receptions,10.5,demon,https://static.prizepicks.com/images/players/NCAAFB/Dezmen_Roebuck_NCAAFB_player_5gT99Bp4o9vclBWckvPFOBh2-450.webp,https://static.prizepicks.com/images/players/NCAAFB/Dezmen_Roebuck_NCAAFB_player_5gT99Bp4o9vclBWckvPFOBh2-450.webp,57.81,57.81,50,50,6.13,5.94,54.76,52.99,50.87,49.13,0.87,50.87,Over,6.04,-4.46,4.82,No,,,,,,
N/A,9/26/2026,Brian Bonner Jr.,Longest Rush,10.5,goblin,https://static.prizepicks.com/images/players/NCAAFB/Brian_Bonner_NCAAFB_player_5rRHJr7EZeW9leyuIKptPo8d-450.webp,https://static.prizepicks.com/images/players/NCAAFB/Brian_Bonner_NCAAFB_player_5rRHJr7EZeW9leyuIKptPo8d-450.webp,57.81,57.81,50,50,10.5,,,,,,,,,,,50,,,,,,,
N/A,9/26/2026,Noah Jennings,Fantasy Score,10.5,standard,https://static.prizepicks.com/images/players/NCAAFB/Noah_Jennings_NCAAFB_player_dZjGtDiC8FiMmL1P0yz2d7nN-450.webp,https://static.prizepicks.com/images/players/NCAAFB/Noah_Jennings_NCAAFB_player_dZjGtDiC8FiMmL1P0yz2d7nN-450.webp,57.81,57.81,50,50,10.83,10.83,50.75,49.25,50.75,49.25,0.75,50.75,Over,11.22,0.72,50.75,Yes,,,,,,
N/A,9/26/2026,Javon Tracy,Fantasy Score,10.5,standard,https://static.prizepicks.com/images/players/NCAAFB/Javon_Tracy_NCAAFB_player_Z1mC2a8q4nVv6oGRqeaMEDJ6-450.webp,https://static.prizepicks.com/images/players/NCAAFB/Javon_Tracy_NCAAFB_player_Z1mC2a8q4nVv6oGRqeaMEDJ6-450.webp,57.81,57.81,50,50,9.8,9.8,48.4,51.6,48.4,51.6,-1.6,51.6,Under,11.52,1.02,51.6,No,,,,,,
N/A,9/26/2026,Demond Williams Jr.,Rush Attempts,10,standard,https://static.prizepicks.com/images/players/NCAAFB/Demond_Williams_NCAAFB_player_hlCTMSodwwOseGc14BFuPRlg-450.webp,https://static.prizepicks.com/images/players/NCAAFB/Demond_Williams_NCAAFB_player_hlCTMSodwwOseGc14BFuPRlg-450.webp,57.81,57.81,50,50,9.69,9.67,56.03,59.17,48.8,51.2,-1.2,51.2,Under,9.46,-0.54,62.18,Yes,,,,,,
N/A,9/26/2026,Brian Bonner Jr.,Rush Attempts,9.5,demon,https://static.prizepicks.com/images/players/NCAAFB/Brian_Bonner_NCAAFB_player_5rRHJr7EZeW9leyuIKptPo8d-450.webp,https://static.prizepicks.com/images/players/NCAAFB/Brian_Bonner_NCAAFB_player_5rRHJr7EZeW9leyuIKptPo8d-450.webp,57.81,57.81,50,50,8.05,7.67,59.27,51.03,53.87,46.13,3.87,53.87,Over,7.71,-1.79,28.96,No,,,,,,
N/A,9/26/2026,Darius Taylor,Longest Reception,9.5,standard,https://static.prizepicks.com/images/players/NCAAFB/Darius_Taylor_NCAAFB_player_NQ7aARVX3Tqr0NqDnFngq6hr-450.webp,https://static.prizepicks.com/images/players/NCAAFB/Darius_Taylor_NCAAFB_player_NQ7aARVX3Tqr0NqDnFngq6hr-450.webp,57.81,57.81,50,50,9.5,,,,,,,,,,,50,,,,,,,
N/A,9/26/2026,Darius Taylor,Receiving Yards,9.5,goblin,https://static.prizepicks.com/images/players/NCAAFB/Darius_Taylor_NCAAFB_player_NQ7aARVX3Tqr0NqDnFngq6hr-450.webp,https://static.prizepicks.com/images/players/NCAAFB/Darius_Taylor_NCAAFB_player_NQ7aARVX3Tqr0NqDnFngq6hr-450.webp,57.81,57.81,50,50,16.05,16.77,53.36,54.9,49.28,50.72,-0.72,49.28,Over,16.55,7.05,56.5,Yes,,,,,,
N/A,9/26/2026,Decker DeGraaf,Receiving Yards,9.5,goblin,https://static.prizepicks.com/images/players/NCAAFB/Decker_DeGraaf_NCAAFB_player_SptQJwT1NIHQ8HCB7tFbGeek-450.webp,https://static.prizepicks.com/images/players/NCAAFB/Decker_DeGraaf_NCAAFB_player_SptQJwT1NIHQ8HCB7tFbGeek-450.webp,57.81,57.81,50,50,21,21.05,54.36,54.44,49.96,50.04,-0.04,49.96,Over,21.63,12.13,61.31,Yes,,,,,,
N/A,9/26/2026,Rashid Williams,Fantasy Score,9.5,standard,https://static.prizepicks.com/images/players/NCAAFB/Rashid_Williams_NCAAFB_player_HPopnkxtNUEWYKvijBj9PYn6-450.webp,https://static.prizepicks.com/images/players/NCAAFB/Rashid_Williams_NCAAFB_player_HPopnkxtNUEWYKvijBj9PYn6-450.webp,57.81,57.81,50,50,9.66,9.66,50.36,49.64,50.36,49.64,0.36,50.36,Over,9.91,0.41,50.36,Yes,,,,,,
N/A,9/26/2026,Demond Williams Jr.,Rush Attempts,9.5,goblin,https://static.prizepicks.com/images/players/NCAAFB/Demond_Williams_NCAAFB_player_hlCTMSodwwOseGc14BFuPRlg-450.webp,https://static.prizepicks.com/images/players/NCAAFB/Demond_Williams_NCAAFB_player_hlCTMSodwwOseGc14BFuPRlg-450.webp,57.81,57.81,50,50,9.69,9.67,56.03,59.17,48.8,51.2,-1.2,48.8,Over,9.46,-0.04,50.27,No,,,,,,
N/A,9/26/2026,Trey Cooley,Rush Attempts,9.5,demon,https://static.prizepicks.com/images/players/NCAAFB/Trey_Cooley_NCAAFB_player_zco5bTzO6w9VAwsHJKypgYXT-450.webp,https://static.prizepicks.com/images/players/NCAAFB/Trey_Cooley_NCAAFB_player_zco5bTzO6w9VAwsHJKypgYXT-450.webp,57.81,57.81,50,50,7.46,7.5,53.05,60.06,46.87,53.13,-3.13,46.87,Over,7.55,-1.95,21.9,No,,,,,,
N/A,9/26/2026,Trey Cooley,Rush Yards,9.5,goblin,https://static.prizepicks.com/images/players/NCAAFB/Trey_Cooley_NCAAFB_player_zco5bTzO6w9VAwsHJKypgYXT-450.webp,https://static.prizepicks.com/images/players/NCAAFB/Trey_Cooley_NCAAFB_player_zco5bTzO6w9VAwsHJKypgYXT-450.webp,57.81,57.81,50,50,25.35,24.93,54.8,54.12,50.34,49.66,0.34,50.34,Over,24.21,14.71,62.44,Yes,,,,,,
N/A,9/26/2026,Trey Cooley,Longest Rush,9.5,standard,https://static.prizepicks.com/images/players/NCAAFB/Trey_Cooley_NCAAFB_player_zco5bTzO6w9VAwsHJKypgYXT-450.webp,https://static.prizepicks.com/images/players/NCAAFB/Trey_Cooley_NCAAFB_player_zco5bTzO6w9VAwsHJKypgYXT-450.webp,57.81,57.81,50,50,9.5,,,,,,,,,,,50,,,,,,,
N/A,9/26/2026,Jordan Clay,Receiving Yards,9.5,goblin,https://static.prizepicks.com/images/players/NCAAFB/Jordan_Clay_NCAAFB_player_6hPOZRqqaMi5x7kRpCPQJEDF-450.webp,https://static.prizepicks.com/images/players/NCAAFB/Jordan_Clay_NCAAFB_player_6hPOZRqqaMi5x7kRpCPQJEDF-450.webp,57.81,57.81,50,50,15.98,16.33,54.06,57.59,48.45,51.55,-1.55,48.45,Over,15.56,6.06,56.43,Yes,,,,,,
N/A,9/26/2026,Pierce Walsh,Receiving Yards,9.5,goblin,https://static.prizepicks.com/images/players/NCAAFB/Pierce_Walsh_NCAAFB_player_9sYA3u4DaMTzUHhZdi0KUgwr-450.webp,https://static.prizepicks.com/images/players/NCAAFB/Pierce_Walsh_NCAAFB_player_9sYA3u4DaMTzUHhZdi0KUgwr-450.webp,57.81,57.81,50,50,15.22,15.33,54.52,56.78,49,51,-1,49,Over,14.16,4.66,55.69,Yes,,,,,,
N/A,9/26/2026,Chris Lawson,Fantasy Score,9,standard,https://static.prizepicks.com/images/players/NCAAFB/Chris_Lawson_NCAAFB_player_wPAUHvfDQbPcC6gf4anSdSs-450.webp,https://static.prizepicks.com/images/players/NCAAFB/Chris_Lawson_NCAAFB_player_wPAUHvfDQbPcC6gf4anSdSs-450.webp,57.81,57.81,50,50,8.58,8.58,49.04,50.96,49.04,50.96,-0.96,50.96,Under,8.77,-0.23,50.96,Yes,,,,,,
N/A,9/26/2026,Javon Tracy,Receptions,8.5,demon,https://static.prizepicks.com/images/players/NCAAFB/Javon_Tracy_NCAAFB_player_Z1mC2a8q4nVv6oGRqeaMEDJ6-450.webp,https://static.prizepicks.com/images/players/NCAAFB/Javon_Tracy_NCAAFB_player_Z1mC2a8q4nVv6oGRqeaMEDJ6-450.webp,57.81,57.81,50,50,4.38,4.5,47.48,59.28,44.48,55.52,-5.52,44.48,Over,4.41,-4.09,3.5,No,,,,,,
N/A,9/26/2026,Noah Jennings,Receptions,8.5,demon,https://static.prizepicks.com/images/players/NCAAFB/Noah_Jennings_NCAAFB_player_dZjGtDiC8FiMmL1P0yz2d7nN-450.webp,https://static.prizepicks.com/images/players/NCAAFB/Noah_Jennings_NCAAFB_player_dZjGtDiC8FiMmL1P0yz2d7nN-450.webp,57.81,57.81,50,50,4.45,4.5,49.31,58.2,45.86,54.14,-4.14,45.86,Over,4.45,-4.05,3.8,No,,,,,,
N/A,9/26/2026,Brian Bonner Jr.,Rush Attempts,8,standard,https://static.prizepicks.com/images/players/NCAAFB/Brian_Bonner_NCAAFB_player_5rRHJr7EZeW9leyuIKptPo8d-450.webp,https://static.prizepicks.com/images/players/NCAAFB/Brian_Bonner_NCAAFB_player_5rRHJr7EZeW9leyuIKptPo8d-450.webp,57.81,57.81,50,50,8.05,7.67,59.27,51.03,53.87,46.13,3.87,53.87,Over,7.71,-0.29,41.44,No,,,,,,
N/A,9/26/2026,Dezmen Roebuck,Receptions,7.5,demon,https://static.prizepicks.com/images/players/NCAAFB/Dezmen_Roebuck_NCAAFB_player_5gT99Bp4o9vclBWckvPFOBh2-450.webp,https://static.prizepicks.com/images/players/NCAAFB/Dezmen_Roebuck_NCAAFB_player_5gT99Bp4o9vclBWckvPFOBh2-450.webp,57.81,57.81,50,50,6.13,5.94,54.76,52.99,50.87,49.13,0.87,50.87,Over,6.04,-1.46,27.41,No,,,,,,
N/A,9/26/2026,Brian Bonner Jr.,Rush Attempts,7.5,goblin,https://static.prizepicks.com/images/players/NCAAFB/Brian_Bonner_NCAAFB_player_5rRHJr7EZeW9leyuIKptPo8d-450.webp,https://static.prizepicks.com/images/players/NCAAFB/Brian_Bonner_NCAAFB_player_5rRHJr7EZeW9leyuIKptPo8d-450.webp,57.81,57.81,50,50,8.05,7.67,59.27,51.03,53.87,46.13,3.87,53.87,Over,7.71,0.21,55.4,Yes,,,,,,
N/A,9/26/2026,Trey Cooley,Rush Attempts,7.5,standard,https://static.prizepicks.com/images/players/NCAAFB/Trey_Cooley_NCAAFB_player_zco5bTzO6w9VAwsHJKypgYXT-450.webp,https://static.prizepicks.com/images/players/NCAAFB/Trey_Cooley_NCAAFB_player_zco5bTzO6w9VAwsHJKypgYXT-450.webp,57.81,57.81,50,50,7.46,7.5,53.05,60.06,46.87,53.13,-3.13,53.13,Under,7.55,0.05,53.05,No,,,,,,
N/A,9/26/2026,Dezmen Roebuck,Receptions,6.5,demon,https://static.prizepicks.com/images/players/NCAAFB/Dezmen_Roebuck_NCAAFB_player_5gT99Bp4o9vclBWckvPFOBh2-450.webp,https://static.prizepicks.com/images/players/NCAAFB/Dezmen_Roebuck_NCAAFB_player_5gT99Bp4o9vclBWckvPFOBh2-450.webp,57.81,57.81,50,50,6.13,5.94,54.76,52.99,50.87,49.13,0.87,50.87,Over,6.04,-0.46,41.46,No,,,,,,
N/A,9/26/2026,Tyler Robles,Kicking Points,6.5,standard,https://static.prizepicks.com/images/players/NCAAFB/Tyler_Robles_NCAAFB_player_irYoJeUn6PUOd1Ub8AgXpCC9-450.webp,https://static.prizepicks.com/images/players/NCAAFB/Tyler_Robles_NCAAFB_player_irYoJeUn6PUOd1Ub8AgXpCC9-450.webp,57.81,57.81,50,50,6.5,,,,,,,,,,,50,,,,,,,
N/A,9/26/2026,Chris Lawson,Receptions,6.5,demon,https://static.prizepicks.com/images/players/NCAAFB/Chris_Lawson_NCAAFB_player_wPAUHvfDQbPcC6gf4anSdSs-450.webp,https://static.prizepicks.com/images/players/NCAAFB/Chris_Lawson_NCAAFB_player_wPAUHvfDQbPcC6gf4anSdSs-450.webp,57.81,57.81,50,50,3.64,3.5,53.34,54.62,49.38,50.63,-0.62,49.38,Over,3.63,-2.87,7.66,No,,,,,,
N/A,9/26/2026,Rashid Williams,Receptions,6.5,demon,https://static.prizepicks.com/images/players/NCAAFB/Rashid_Williams_NCAAFB_player_HPopnkxtNUEWYKvijBj9PYn6-450.webp,https://static.prizepicks.com/images/players/NCAAFB/Rashid_Williams_NCAAFB_player_HPopnkxtNUEWYKvijBj9PYn6-450.webp,57.81,57.81,50,50,3.32,3.5,45.45,61.75,42.4,57.6,-7.6,42.4,Over,3.42,-3.08,5.23,No,,,,,,
N/A,9/26/2026,Decker DeGraaf,Receptions,6.5,demon,https://static.prizepicks.com/images/players/NCAAFB/Decker_DeGraaf_NCAAFB_player_SptQJwT1NIHQ8HCB7tFbGeek-450.webp,https://static.prizepicks.com/images/players/NCAAFB/Decker_DeGraaf_NCAAFB_player_SptQJwT1NIHQ8HCB7tFbGeek-450.webp,57.81,57.81,50,50,2.68,2.5,54.53,54.2,50.15,49.85,0.15,50.15,Over,2.59,-3.91,1.99,No,,,,,,
N/A,9/26/2026,Jalen Smith,Receptions,6.5,demon,https://static.prizepicks.com/images/players/NCAAFB/Jalen_Smith_NCAAFB_player_DVFnaI1ymzcpJb1N0OHHBAf6-450.webp,https://static.prizepicks.com/images/players/NCAAFB/Jalen_Smith_NCAAFB_player_DVFnaI1ymzcpJb1N0OHHBAf6-450.webp,57.81,57.81,50,50,3.23,3.5,43.44,64.21,40.35,59.65,-9.65,40.35,Over,3.34,-3.16,4.65,No,,,,,,
N/A,9/26/2026,Dezmen Roebuck,Receptions,6,standard,https://static.prizepicks.com/images/players/NCAAFB/Dezmen_Roebuck_NCAAFB_player_5gT99Bp4o9vclBWckvPFOBh2-450.webp,https://static.prizepicks.com/images/players/NCAAFB/Dezmen_Roebuck_NCAAFB_player_5gT99Bp4o9vclBWckvPFOBh2-450.webp,57.81,57.81,50,50,6.13,5.94,54.76,52.99,50.87,49.13,0.87,50.87,Over,6.04,0.04,41.46,Yes,,,,,,
N/A,9/26/2026,Chris Lawson,Receptions,5.5,demon,https://static.prizepicks.com/images/players/NCAAFB/Chris_Lawson_NCAAFB_player_wPAUHvfDQbPcC6gf4anSdSs-450.webp,https://static.prizepicks.com/images/players/NCAAFB/Chris_Lawson_NCAAFB_player_wPAUHvfDQbPcC6gf4anSdSs-450.webp,57.81,57.81,50,50,3.64,3.5,53.34,54.62,49.38,50.63,-0.62,49.38,Over,3.63,-1.87,16.14,No,,,,,,
N/A,9/26/2026,Javon Tracy,Receptions,5.5,demon,https://static.prizepicks.com/images/players/NCAAFB/Javon_Tracy_NCAAFB_player_Z1mC2a8q4nVv6oGRqeaMEDJ6-450.webp,https://static.prizepicks.com/images/players/NCAAFB/Javon_Tracy_NCAAFB_player_Z1mC2a8q4nVv6oGRqeaMEDJ6-450.webp,57.81,57.81,50,50,4.38,4.5,47.48,59.28,44.48,55.52,-5.52,44.48,Over,4.41,-1.09,27.67,No,,,,,,
N/A,9/26/2026,Noah Jennings,Receptions,5.5,demon,https://static.prizepicks.com/images/players/NCAAFB/Noah_Jennings_NCAAFB_player_dZjGtDiC8FiMmL1P0yz2d7nN-450.webp,https://static.prizepicks.com/images/players/NCAAFB/Noah_Jennings_NCAAFB_player_dZjGtDiC8FiMmL1P0yz2d7nN-450.webp,57.81,57.81,50,50,4.45,4.5,49.31,58.2,45.86,54.14,-4.14,45.86,Over,4.45,-1.05,28.86,No,,,,,,
N/A,9/26/2026,Dezmen Roebuck,Receptions,5.5,goblin,https://static.prizepicks.com/images/players/NCAAFB/Dezmen_Roebuck_NCAAFB_player_5gT99Bp4o9vclBWckvPFOBh2-450.webp,https://static.prizepicks.com/images/players/NCAAFB/Dezmen_Roebuck_NCAAFB_player_5gT99Bp4o9vclBWckvPFOBh2-450.webp,57.81,57.81,50,50,6.13,5.94,54.76,52.99,50.87,49.13,0.87,50.87,Over,6.04,0.54,57.5,Yes,,,,,,
N/A,9/26/2026,Darius Taylor,Receptions,5.5,demon,https://static.prizepicks.com/images/players/NCAAFB/Darius_Taylor_NCAAFB_player_NQ7aARVX3Tqr0NqDnFngq6hr-450.webp,https://static.prizepicks.com/images/players/NCAAFB/Darius_Taylor_NCAAFB_player_NQ7aARVX3Tqr0NqDnFngq6hr-450.webp,57.81,57.81,50,50,2.35,2.5,44.71,62.52,41.69,58.31,-8.31,41.69,Over,2.42,-3.08,3.27,No,,,,,,
N/A,9/26/2026,Jordan Clay,Receptions,5.5,demon,https://static.prizepicks.com/images/players/NCAAFB/Jordan_Clay_NCAAFB_player_6hPOZRqqaMi5x7kRpCPQJEDF-450.webp,https://static.prizepicks.com/images/players/NCAAFB/Jordan_Clay_NCAAFB_player_6hPOZRqqaMi5x7kRpCPQJEDF-450.webp,57.81,57.81,50,50,1.83,1.5,59.58,49.92,54.49,45.51,4.49,54.49,Over,1.67,-3.83,1.12,No,,,,,,
N/A,9/26/2026,Decker DeGraaf,Receptions,4.5,demon,https://static.prizepicks.com/images/players/NCAAFB/Decker_DeGraaf_NCAAFB_player_SptQJwT1NIHQ8HCB7tFbGeek-450.webp,https://static.prizepicks.com/images/players/NCAAFB/Decker_DeGraaf_NCAAFB_player_SptQJwT1NIHQ8HCB7tFbGeek-450.webp,57.81,57.81,50,50,2.68,2.5,54.53,54.2,50.15,49.85,0.15,50.15,Over,2.59,-1.91,13.41,No,,,,,,
N/A,9/26/2026,Dezmen Roebuck,Receptions,4.5,goblin,https://static.prizepicks.com/images/players/NCAAFB/Dezmen_Roebuck_NCAAFB_player_5gT99Bp4o9vclBWckvPFOBh2-450.webp,https://static.prizepicks.com/images/players/NCAAFB/Dezmen_Roebuck_NCAAFB_player_5gT99Bp4o9vclBWckvPFOBh2-450.webp,57.81,57.81,50,50,6.13,5.94,54.76,52.99,50.87,49.13,0.87,50.87,Over,6.04,1.54,73.2,Yes,,,,,,
N/A,9/26/2026,Jalen Smith,Receptions,4.5,demon,https://static.prizepicks.com/images/players/NCAAFB/Jalen_Smith_NCAAFB_player_DVFnaI1ymzcpJb1N0OHHBAf6-450.webp,https://static.prizepicks.com/images/players/NCAAFB/Jalen_Smith_NCAAFB_player_DVFnaI1ymzcpJb1N0OHHBAf6-450.webp,57.81,57.81,50,50,3.23,3.5,43.44,64.21,40.35,59.65,-9.65,40.35,Over,3.34,-1.16,22.48,No,,,,,,
N/A,9/26/2026,Javon Tracy,Receptions,4.5,demon,https://static.prizepicks.com/images/players/NCAAFB/Javon_Tracy_NCAAFB_player_Z1mC2a8q4nVv6oGRqeaMEDJ6-450.webp,https://static.prizepicks.com/images/players/NCAAFB/Javon_Tracy_NCAAFB_player_Z1mC2a8q4nVv6oGRqeaMEDJ6-450.webp,57.81,57.81,50,50,4.38,4.5,47.48,59.28,44.48,55.52,-5.52,44.48,Over,4.41,-0.09,44.5,No,,,,,,
N/A,9/26/2026,Noah Jennings,Receptions,4.5,demon,https://static.prizepicks.com/images/players/NCAAFB/Noah_Jennings_NCAAFB_player_dZjGtDiC8FiMmL1P0yz2d7nN-450.webp,https://static.prizepicks.com/images/players/NCAAFB/Noah_Jennings_NCAAFB_player_dZjGtDiC8FiMmL1P0yz2d7nN-450.webp,57.81,57.81,50,50,4.45,4.5,49.31,58.2,45.86,54.14,-4.14,45.86,Over,4.45,-0.05,45.84,No,,,,,,
N/A,9/26/2026,Rashid Williams,Receptions,4.5,demon,https://static.prizepicks.com/images/players/NCAAFB/Rashid_Williams_NCAAFB_player_HPopnkxtNUEWYKvijBj9PYn6-450.webp,https://static.prizepicks.com/images/players/NCAAFB/Rashid_Williams_NCAAFB_player_HPopnkxtNUEWYKvijBj9PYn6-450.webp,57.81,57.81,50,50,3.32,3.5,45.45,61.75,42.4,57.6,-7.6,42.4,Over,3.42,-1.08,24.11,No,,,,,,
N/A,9/26/2026,Luke Drzewiecki,Kicking Points,4.5,goblin,https://static.prizepicks.com/images/teams/ncaafb/NCAAFB_team_c6jBAVkkWLdMXyBNV1d5G0hX/12.webp,https://static.prizepicks.com/images/teams/ncaafb/NCAAFB_team_c6jBAVkkWLdMXyBNV1d5G0hX/12.webp,57.81,57.81,50,50,4.5,,,,,,,,,,,50,,,,,,,
N/A,9/26/2026,Darius Taylor,Receiving Yards,4.5,goblin,https://static.prizepicks.com/images/players/NCAAFB/Darius_Taylor_NCAAFB_player_NQ7aARVX3Tqr0NqDnFngq6hr-450.webp,https://static.prizepicks.com/images/players/NCAAFB/Darius_Taylor_NCAAFB_player_NQ7aARVX3Tqr0NqDnFngq6hr-450.webp,57.81,57.81,50,50,16.05,16.77,53.36,54.9,49.28,50.72,-0.72,49.28,Over,16.55,12.05,61.36,Yes,,,,,,
N/A,9/26/2026,Decker DeGraaf,Receptions,3.5,demon,https://static.prizepicks.com/images/players/NCAAFB/Decker_DeGraaf_NCAAFB_player_SptQJwT1NIHQ8HCB7tFbGeek-450.webp,https://static.prizepicks.com/images/players/NCAAFB/Decker_DeGraaf_NCAAFB_player_SptQJwT1NIHQ8HCB7tFbGeek-450.webp,57.81,57.81,50,50,2.68,2.5,54.53,54.2,50.15,49.85,0.15,50.15,Over,2.59,-0.91,28.15,No,,,,,,
N/A,9/26/2026,Jalen Smith,Receptions,3.5,demon,https://static.prizepicks.com/images/players/NCAAFB/Jalen_Smith_NCAAFB_player_DVFnaI1ymzcpJb1N0OHHBAf6-450.webp,https://static.prizepicks.com/images/players/NCAAFB/Jalen_Smith_NCAAFB_player_DVFnaI1ymzcpJb1N0OHHBAf6-450.webp,57.81,57.81,50,50,3.23,3.5,43.44,64.21,40.35,59.65,-9.65,40.35,Over,3.34,-0.16,40.42,No,,,,,,
N/A,9/26/2026,Javon Tracy,Receptions,3.5,goblin,https://static.prizepicks.com/images/players/NCAAFB/Javon_Tracy_NCAAFB_player_Z1mC2a8q4nVv6oGRqeaMEDJ6-450.webp,https://static.prizepicks.com/images/players/NCAAFB/Javon_Tracy_NCAAFB_player_Z1mC2a8q4nVv6oGRqeaMEDJ6-450.webp,57.81,57.81,50,50,4.38,4.5,47.48,59.28,44.48,55.52,-5.52,44.48,Over,4.41,0.91,63.71,Yes,,,,,,
N/A,9/26/2026,Noah Jennings,Receptions,3.5,goblin,https://static.prizepicks.com/images/players/NCAAFB/Noah_Jennings_NCAAFB_player_dZjGtDiC8FiMmL1P0yz2d7nN-450.webp,https://static.prizepicks.com/images/players/NCAAFB/Noah_Jennings_NCAAFB_player_dZjGtDiC8FiMmL1P0yz2d7nN-450.webp,57.81,57.81,50,50,4.45,4.5,49.31,58.2,45.86,54.14,-4.14,45.86,Over,4.45,0.95,64.92,Yes,,,,,,
N/A,9/26/2026,Pierce Walsh,Receptions,3.5,demon,https://static.prizepicks.com/images/players/NCAAFB/Pierce_Walsh_NCAAFB_player_9sYA3u4DaMTzUHhZdi0KUgwr-450.webp,https://static.prizepicks.com/images/players/NCAAFB/Pierce_Walsh_NCAAFB_player_9sYA3u4DaMTzUHhZdi0KUgwr-450.webp,57.81,57.81,50,50,2.03,1.5,65.79,43.49,60.2,39.8,10.2,60.2,Over,1.68,-1.82,14.83,No,,,,,,
N/A,9/26/2026,Rashid Williams,Receptions,3.5,demon,https://static.prizepicks.com/images/players/NCAAFB/Rashid_Williams_NCAAFB_player_HPopnkxtNUEWYKvijBj9PYn6-450.webp,https://static.prizepicks.com/images/players/NCAAFB/Rashid_Williams_NCAAFB_player_HPopnkxtNUEWYKvijBj9PYn6-450.webp,57.81,57.81,50,50,3.32,3.5,45.45,61.75,42.4,57.6,-7.6,42.4,Over,3.42,-0.08,42.41,No,,,,,,
N/A,9/26/2026,Tyler Robles,PAT Made,3.5,standard,https://static.prizepicks.com/images/players/NCAAFB/Tyler_Robles_NCAAFB_player_irYoJeUn6PUOd1Ub8AgXpCC9-450.webp,https://static.prizepicks.com/images/players/NCAAFB/Tyler_Robles_NCAAFB_player_irYoJeUn6PUOd1Ub8AgXpCC9-450.webp,57.81,57.81,50,50,3.5,,,,,,,,,,,50,,,,,,,
N/A,9/26/2026,Chris Lawson,Receptions,3.5,standard,https://static.prizepicks.com/images/players/NCAAFB/Chris_Lawson_NCAAFB_player_wPAUHvfDQbPcC6gf4anSdSs-450.webp,https://static.prizepicks.com/images/players/NCAAFB/Chris_Lawson_NCAAFB_player_wPAUHvfDQbPcC6gf4anSdSs-450.webp,57.81,57.81,50,50,3.64,3.5,53.34,54.62,49.38,50.63,-0.62,50.63,Under,3.63,0.13,50.67,No,,,,,,
N/A,9/26/2026,Demond Williams Jr.,Pass TDs,3.5,demon,https://static.prizepicks.com/images/players/NCAAFB/Demond_Williams_NCAAFB_player_hlCTMSodwwOseGc14BFuPRlg-450.webp,https://static.prizepicks.com/images/players/NCAAFB/Demond_Williams_NCAAFB_player_hlCTMSodwwOseGc14BFuPRlg-450.webp,57.81,57.81,50,50,1.71,1.5,60.72,46.03,56.87,43.13,6.87,56.87,Over,1.57,-1.93,9.47,No,,,,,,
N/A,9/26/2026,Drake Lindsey,Pass TDs,3.5,demon,https://static.prizepicks.com/images/players/NCAAFB/Drake_Lindsey_NCAAFB_player_w67EihSVukAncUYuJOPYOle8-450.webp,https://static.prizepicks.com/images/players/NCAAFB/Drake_Lindsey_NCAAFB_player_w67EihSVukAncUYuJOPYOle8-450.webp,57.81,57.81,50,50,0.65,0.5,69.29,37.74,64.74,35.26,14.74,64.74,Over,0.60,-2.9,0.44,No,,,,,,
N/A,9/26/2026,Darius Taylor,Receptions,3.5,demon,https://static.prizepicks.com/images/players/NCAAFB/Darius_Taylor_NCAAFB_player_NQ7aARVX3Tqr0NqDnFngq6hr-450.webp,https://static.prizepicks.com/images/players/NCAAFB/Darius_Taylor_NCAAFB_player_NQ7aARVX3Tqr0NqDnFngq6hr-450.webp,57.81,57.81,50,50,2.35,2.5,44.71,62.52,41.69,58.31,-8.31,41.69,Over,2.42,-1.08,21.09,No,,,,,,
N/A,9/26/2026,Jordan Clay,Receptions,3.5,demon,https://static.prizepicks.com/images/players/NCAAFB/Jordan_Clay_NCAAFB_player_6hPOZRqqaMi5x7kRpCPQJEDF-450.webp,https://static.prizepicks.com/images/players/NCAAFB/Jordan_Clay_NCAAFB_player_6hPOZRqqaMi5x7kRpCPQJEDF-450.webp,57.81,57.81,50,50,1.83,1.5,59.58,49.92,54.49,45.51,4.49,54.49,Over,1.67,-1.83,11.36,No,,,,,,
N/A,9/26/2026,Brian Bonner Jr.,Receiving Yards,2.5,standard,https://static.prizepicks.com/images/players/NCAAFB/Brian_Bonner_NCAAFB_player_5rRHJr7EZeW9leyuIKptPo8d-450.webp,https://static.prizepicks.com/images/players/NCAAFB/Brian_Bonner_NCAAFB_player_5rRHJr7EZeW9leyuIKptPo8d-450.webp,57.81,57.81,50,50,2.5,2.5,56.17,56.17,50,50,0,50,Under,2.50,0,50,No,,,,,,
N/A,9/26/2026,Demond Williams Jr.,Pass TDs,2.5,demon,https://static.prizepicks.com/images/players/NCAAFB/Demond_Williams_NCAAFB_player_hlCTMSodwwOseGc14BFuPRlg-450.webp,https://static.prizepicks.com/images/players/NCAAFB/Demond_Williams_NCAAFB_player_hlCTMSodwwOseGc14BFuPRlg-450.webp,57.81,57.81,50,50,1.71,1.5,60.72,46.03,56.87,43.13,6.87,56.87,Over,1.57,-0.93,24.54,No,,,,,,
N/A,9/26/2026,Jalen Smith,Receptions,2.5,goblin,https://static.prizepicks.com/images/players/NCAAFB/Jalen_Smith_NCAAFB_player_DVFnaI1ymzcpJb1N0OHHBAf6-450.webp,https://static.prizepicks.com/images/players/NCAAFB/Jalen_Smith_NCAAFB_player_DVFnaI1ymzcpJb1N0OHHBAf6-450.webp,57.81,57.81,50,50,3.23,3.5,43.44,64.21,40.35,59.65,-9.65,40.35,Over,3.34,0.84,62.63,Yes,,,,,,
N/A,9/26/2026,Pierce Walsh,Receptions,2.5,demon,https://static.prizepicks.com/images/players/NCAAFB/Pierce_Walsh_NCAAFB_player_9sYA3u4DaMTzUHhZdi0KUgwr-450.webp,https://static.prizepicks.com/images/players/NCAAFB/Pierce_Walsh_NCAAFB_player_9sYA3u4DaMTzUHhZdi0KUgwr-450.webp,57.81,57.81,50,50,2.03,1.5,65.79,43.49,60.2,39.8,10.2,60.2,Over,1.68,-0.82,33.14,No,,,,,,
N/A,9/26/2026,Rashid Williams,Receptions,2.5,goblin,https://static.prizepicks.com/images/players/NCAAFB/Rashid_Williams_NCAAFB_player_HPopnkxtNUEWYKvijBj9PYn6-450.webp,https://static.prizepicks.com/images/players/NCAAFB/Rashid_Williams_NCAAFB_player_HPopnkxtNUEWYKvijBj9PYn6-450.webp,57.81,57.81,50,50,3.32,3.5,45.45,61.75,42.4,57.6,-7.6,42.4,Over,3.42,0.92,64.46,Yes,,,,,,
N/A,9/26/2026,Demond Williams Jr.,Anytime TDs,2.5,demon,https://static.prizepicks.com/images/players/NCAAFB/Demond_Williams_NCAAFB_player_hlCTMSodwwOseGc14BFuPRlg-450.webp,https://static.prizepicks.com/images/players/NCAAFB/Demond_Williams_NCAAFB_player_hlCTMSodwwOseGc14BFuPRlg-450.webp,57.81,57.81,50,50,0.55,0.5,59.75,49.13,54.91,45.09,4.91,54.91,Over,0.50,-2,1.85,No,,,,,,
N/A,9/26/2026,Darius Taylor,Receptions,2.5,demon,https://static.prizepicks.com/images/players/NCAAFB/Darius_Taylor_NCAAFB_player_NQ7aARVX3Tqr0NqDnFngq6hr-450.webp,https://static.prizepicks.com/images/players/NCAAFB/Darius_Taylor_NCAAFB_player_NQ7aARVX3Tqr0NqDnFngq6hr-450.webp,57.81,57.81,50,50,2.35,2.5,44.71,62.52,41.69,58.31,-8.31,41.69,Over,2.42,-0.08,41.72,No,,,,,,
N/A,9/26/2026,Decker DeGraaf,Receptions,2.5,standard,https://static.prizepicks.com/images/players/NCAAFB/Decker_DeGraaf_NCAAFB_player_SptQJwT1NIHQ8HCB7tFbGeek-450.webp,https://static.prizepicks.com/images/players/NCAAFB/Decker_DeGraaf_NCAAFB_player_SptQJwT1NIHQ8HCB7tFbGeek-450.webp,57.81,57.81,50,50,2.68,2.5,54.53,54.2,50.15,49.85,0.15,50.15,Over,2.59,0.09,50.15,Yes,,,,,,
N/A,9/26/2026,Jordan Clay,Receptions,2.5,demon,https://static.prizepicks.com/images/players/NCAAFB/Jordan_Clay_NCAAFB_player_6hPOZRqqaMi5x7kRpCPQJEDF-450.webp,https://static.prizepicks.com/images/players/NCAAFB/Jordan_Clay_NCAAFB_player_6hPOZRqqaMi5x7kRpCPQJEDF-450.webp,57.81,57.81,50,50,1.83,1.5,59.58,49.92,54.49,45.51,4.49,54.49,Over,1.67,-0.83,27.74,No,,,,,,
N/A,9/26/2026,Brian Bonner Jr.,Anytime TDs,1.5,demon,https://static.prizepicks.com/images/players/NCAAFB/Brian_Bonner_NCAAFB_player_5rRHJr7EZeW9leyuIKptPo8d-450.webp,https://static.prizepicks.com/images/players/NCAAFB/Brian_Bonner_NCAAFB_player_5rRHJr7EZeW9leyuIKptPo8d-450.webp,57.81,57.81,50,50,0.49,0.5,53.37,56.1,48.83,51.17,-1.17,48.83,Over,0.41,-1.09,8.72,No,,,,,,
N/A,9/26/2026,Demond Williams Jr.,Anytime TDs,1.5,demon,https://static.prizepicks.com/images/players/NCAAFB/Demond_Williams_NCAAFB_player_hlCTMSodwwOseGc14BFuPRlg-450.webp,https://static.prizepicks.com/images/players/NCAAFB/Demond_Williams_NCAAFB_player_hlCTMSodwwOseGc14BFuPRlg-450.webp,57.81,57.81,50,50,0.55,0.5,59.75,49.13,54.91,45.09,4.91,54.91,Over,0.50,-1,10.57,No,,,,,,
N/A,9/26/2026,Trey Cooley,Anytime TDs,1.5,demon,https://static.prizepicks.com/images/players/NCAAFB/Trey_Cooley_NCAAFB_player_zco5bTzO6w9VAwsHJKypgYXT-450.webp,https://static.prizepicks.com/images/players/NCAAFB/Trey_Cooley_NCAAFB_player_zco5bTzO6w9VAwsHJKypgYXT-450.webp,57.81,57.81,50,50,0.47,0.5,51.04,58.65,46.61,53.39,-3.39,46.61,Over,0.50,-1,8.12,No,,,,,,
N/A,9/26/2026,Drake Lindsey,Pass TDs,1.5,demon,https://static.prizepicks.com/images/players/NCAAFB/Drake_Lindsey_NCAAFB_player_w67EihSVukAncUYuJOPYOle8-450.webp,https://static.prizepicks.com/images/players/NCAAFB/Drake_Lindsey_NCAAFB_player_w67EihSVukAncUYuJOPYOle8-450.webp,57.81,57.81,50,50,0.65,0.5,69.29,37.74,64.74,35.26,14.74,64.74,Over,0.60,-0.9,13.86,No,,,,,,
N/A,9/26/2026,Pierce Walsh,Receptions,1.5,goblin,https://static.prizepicks.com/images/players/NCAAFB/Pierce_Walsh_NCAAFB_player_9sYA3u4DaMTzUHhZdi0KUgwr-450.webp,https://static.prizepicks.com/images/players/NCAAFB/Pierce_Walsh_NCAAFB_player_9sYA3u4DaMTzUHhZdi0KUgwr-450.webp,57.81,57.81,50,50,2.03,1.5,65.79,43.49,60.2,39.8,10.2,60.2,Over,1.68,0.18,60.21,Yes,,,,,,
N/A,9/26/2026,Demond Williams Jr.,Pass TDs,1.5,goblin,https://static.prizepicks.com/images/players/NCAAFB/Demond_Williams_NCAAFB_player_hlCTMSodwwOseGc14BFuPRlg-450.webp,https://static.prizepicks.com/images/players/NCAAFB/Demond_Williams_NCAAFB_player_hlCTMSodwwOseGc14BFuPRlg-450.webp,57.81,57.81,50,50,1.71,1.5,60.72,46.03,56.87,43.13,6.87,56.87,Over,1.57,0.07,50.99,Yes,,,,,,
N/A,9/26/2026,Rashid Williams,Anytime TDs,1.5,demon,https://static.prizepicks.com/images/players/NCAAFB/Rashid_Williams_NCAAFB_player_HPopnkxtNUEWYKvijBj9PYn6-450.webp,https://static.prizepicks.com/images/players/NCAAFB/Rashid_Williams_NCAAFB_player_HPopnkxtNUEWYKvijBj9PYn6-450.webp,57.81,57.81,50,50,0.37,0.5,41.21,69.79,37.25,62.75,-12.75,37.25,Over,0.50,-1,5.37,No,,,,,,
N/A,9/26/2026,TJ Thomas Jr.,Anytime TDs,1.5,demon,https://static.prizepicks.com/images/players/NCAAFB/TJ_Thomas_NCAAFB_player_4i5Cq6QcBwrbzhaOUJYWYx2-450.webp,https://static.prizepicks.com/images/players/NCAAFB/TJ_Thomas_NCAAFB_player_4i5Cq6QcBwrbzhaOUJYWYx2-450.webp,57.81,57.81,50,50,0.37,0.5,40.81,70.38,36.87,63.13,-13.13,36.87,Over,0.29,-1.21,5.37,No,,,,,,
N/A,9/26/2026,Darius Taylor,Anytime TDs,1.5,demon,https://static.prizepicks.com/images/players/NCAAFB/Darius_Taylor_NCAAFB_player_NQ7aARVX3Tqr0NqDnFngq6hr-450.webp,https://static.prizepicks.com/images/players/NCAAFB/Darius_Taylor_NCAAFB_player_NQ7aARVX3Tqr0NqDnFngq6hr-450.webp,57.81,57.81,50,50,0.43,0.5,47.09,63.02,42.84,57.16,-7.16,42.84,Over,0.69,-0.81,6.98,No,,,,,,
N/A,9/26/2026,Decker DeGraaf,Receptions,1.5,goblin,https://static.prizepicks.com/images/players/NCAAFB/Decker_DeGraaf_NCAAFB_player_SptQJwT1NIHQ8HCB7tFbGeek-450.webp,https://static.prizepicks.com/images/players/NCAAFB/Decker_DeGraaf_NCAAFB_player_SptQJwT1NIHQ8HCB7tFbGeek-450.webp,57.81,57.81,50,50,2.68,2.5,54.53,54.2,50.15,49.85,0.15,50.15,Over,2.59,1.09,74.77,Yes,,,,,,
N/A,9/26/2026,Dezmen Roebuck,Anytime TDs,1.5,demon,https://static.prizepicks.com/images/players/NCAAFB/Dezmen_Roebuck_NCAAFB_player_5gT99Bp4o9vclBWckvPFOBh2-450.webp,https://static.prizepicks.com/images/players/NCAAFB/Dezmen_Roebuck_NCAAFB_player_5gT99Bp4o9vclBWckvPFOBh2-450.webp,57.81,57.81,50,50,0.44,0.5,48.18,61.79,43.88,56.12,-6.12,43.88,Over,0.57,-0.93,7.26,No,,,,,,
N/A,9/26/2026,Luke Drzewiecki,PAT Made,1.5,goblin,https://static.prizepicks.com/images/teams/ncaafb/NCAAFB_team_c6jBAVkkWLdMXyBNV1d5G0hX/12.webp,https://static.prizepicks.com/images/teams/ncaafb/NCAAFB_team_c6jBAVkkWLdMXyBNV1d5G0hX/12.webp,57.81,57.81,50,50,1.5,,,,,,,,,,,50,,,,,,,
N/A,9/26/2026,Darius Taylor,Receptions,1.5,goblin,https://static.prizepicks.com/images/players/NCAAFB/Darius_Taylor_NCAAFB_player_NQ7aARVX3Tqr0NqDnFngq6hr-450.webp,https://static.prizepicks.com/images/players/NCAAFB/Darius_Taylor_NCAAFB_player_NQ7aARVX3Tqr0NqDnFngq6hr-450.webp,57.81,57.81,50,50,2.35,2.5,44.71,62.52,41.69,58.31,-8.31,41.69,Over,2.42,0.92,68.05,Yes,,,,,,
N/A,9/26/2026,Jordan Clay,Receptions,1.5,goblin,https://static.prizepicks.com/images/players/NCAAFB/Jordan_Clay_NCAAFB_player_6hPOZRqqaMi5x7kRpCPQJEDF-450.webp,https://static.prizepicks.com/images/players/NCAAFB/Jordan_Clay_NCAAFB_player_6hPOZRqqaMi5x7kRpCPQJEDF-450.webp,57.81,57.81,50,50,1.83,1.5,59.58,49.92,54.49,45.51,4.49,54.49,Over,1.67,0.17,54.6,Yes,,,,,,
N/A,9/26/2026,Trey Cooley,Receiving Yards,1.5,standard,https://static.prizepicks.com/images/players/NCAAFB/Trey_Cooley_NCAAFB_player_zco5bTzO6w9VAwsHJKypgYXT-450.webp,https://static.prizepicks.com/images/players/NCAAFB/Trey_Cooley_NCAAFB_player_zco5bTzO6w9VAwsHJKypgYXT-450.webp,57.81,57.81,50,50,1.33,1.5,55.64,56.41,49.65,50.35,-0.35,50.35,Under,1.32,-0.18,50.17,Yes,,,,,,
N/A,9/26/2026,Baron Naone,Anytime TDs,0.5,demon,https://static.prizepicks.com/images/players/NCAAFB/Baron_Naone_NCAAFB_player_GIRa2CUL2tpxQp2WNjGgyQW-450.webp,https://static.prizepicks.com/images/players/NCAAFB/Baron_Naone_NCAAFB_player_GIRa2CUL2tpxQp2WNjGgyQW-450.webp,57.81,57.81,50,50,0.17,0.5,19.16,96.81,16.52,83.48,-33.48,16.52,Over,0.34,-0.16,15.63,No,,,,,,
N/A,9/26/2026,Chris Lawson,Anytime TDs,0.5,demon,https://static.prizepicks.com/images/players/NCAAFB/Chris_Lawson_NCAAFB_player_wPAUHvfDQbPcC6gf4anSdSs-450.webp,https://static.prizepicks.com/images/players/NCAAFB/Chris_Lawson_NCAAFB_player_wPAUHvfDQbPcC6gf4anSdSs-450.webp,57.81,57.81,50,50,0.3,0.5,33.59,79.23,29.99,70.01,-20.01,29.99,Over,0.50,0,25.92,No,,,,,,
N/A,9/26/2026,Darius Taylor,Anytime TDs,0.5,demon,https://static.prizepicks.com/images/players/NCAAFB/Darius_Taylor_NCAAFB_player_NQ7aARVX3Tqr0NqDnFngq6hr-450.webp,https://static.prizepicks.com/images/players/NCAAFB/Darius_Taylor_NCAAFB_player_NQ7aARVX3Tqr0NqDnFngq6hr-450.webp,57.81,57.81,50,50,0.43,0.5,47.09,63.02,42.84,57.16,-7.16,42.84,Over,0.69,0.19,34.95,Yes,,,,,,
N/A,9/26/2026,Decker DeGraaf,Anytime TDs,0.5,demon,https://static.prizepicks.com/images/players/NCAAFB/Decker_DeGraaf_NCAAFB_player_SptQJwT1NIHQ8HCB7tFbGeek-450.webp,https://static.prizepicks.com/images/players/NCAAFB/Decker_DeGraaf_NCAAFB_player_SptQJwT1NIHQ8HCB7tFbGeek-450.webp,57.81,57.81,50,50,0.19,0.5,21.94,93.55,19.01,80.99,-30.99,19.01,Over,0.46,-0.04,17.3,No,,,,,,
N/A,9/26/2026,Demond Williams Jr.,Anytime TDs,0.5,goblin,https://static.prizepicks.com/images/players/NCAAFB/Demond_Williams_NCAAFB_player_hlCTMSodwwOseGc14BFuPRlg-450.webp,https://static.prizepicks.com/images/players/NCAAFB/Demond_Williams_NCAAFB_player_hlCTMSodwwOseGc14BFuPRlg-450.webp,57.81,57.81,50,50,0.55,0.5,59.75,49.13,54.91,45.09,4.91,54.91,Over,0.50,0,42.31,No,,,,,,
N/A,9/26/2026,Dezmen Roebuck,Anytime TDs,0.5,demon,https://static.prizepicks.com/images/players/NCAAFB/Dezmen_Roebuck_NCAAFB_player_5gT99Bp4o9vclBWckvPFOBh2-450.webp,https://static.prizepicks.com/images/players/NCAAFB/Dezmen_Roebuck_NCAAFB_player_5gT99Bp4o9vclBWckvPFOBh2-450.webp,57.81,57.81,50,50,0.44,0.5,48.18,61.79,43.88,56.12,-6.12,43.88,Over,0.57,0.07,35.6,Yes,,,,,,
N/A,9/26/2026,Drake Lindsey,Anytime TDs,0.5,demon,https://static.prizepicks.com/images/players/NCAAFB/Drake_Lindsey_NCAAFB_player_w67EihSVukAncUYuJOPYOle8-450.webp,https://static.prizepicks.com/images/players/NCAAFB/Drake_Lindsey_NCAAFB_player_w67EihSVukAncUYuJOPYOle8-450.webp,57.81,57.81,50,50,0.11,0.5,12.63,97.22,11.47,88.53,-38.53,11.47,Over,0.34,-0.16,10.42,No,,,,,,
N/A,9/26/2026,Jalen Smith,Anytime TDs,0.5,demon,https://static.prizepicks.com/images/players/NCAAFB/Jalen_Smith_NCAAFB_player_DVFnaI1ymzcpJb1N0OHHBAf6-450.webp,https://static.prizepicks.com/images/players/NCAAFB/Jalen_Smith_NCAAFB_player_DVFnaI1ymzcpJb1N0OHHBAf6-450.webp,57.81,57.81,50,50,0.21,0.5,24.82,89.98,21.64,78.36,-28.36,21.64,Over,0.46,-0.04,18.94,No,,,,,,
N/A,9/26/2026,Javon Tracy,Anytime TDs,0.5,demon,https://static.prizepicks.com/images/players/NCAAFB/Javon_Tracy_NCAAFB_player_Z1mC2a8q4nVv6oGRqeaMEDJ6-450.webp,https://static.prizepicks.com/images/players/NCAAFB/Javon_Tracy_NCAAFB_player_Z1mC2a8q4nVv6oGRqeaMEDJ6-450.webp,57.81,57.81,50,50,0.21,0.5,24.32,90.7,21.16,78.84,-28.84,21.16,Over,0.53,0.03,18.94,Yes,,,,,,
N/A,9/26/2026,Jordan Clay,Anytime TDs,0.5,demon,https://static.prizepicks.com/images/players/NCAAFB/Jordan_Clay_NCAAFB_player_6hPOZRqqaMi5x7kRpCPQJEDF-450.webp,https://static.prizepicks.com/images/players/NCAAFB/Jordan_Clay_NCAAFB_player_6hPOZRqqaMi5x7kRpCPQJEDF-450.webp,57.81,57.81,50,50,0.17,0.5,19.9,95.94,17.17,82.83,-32.83,17.17,Over,0.32,-0.18,15.63,No,,,,,,
N/A,9/26/2026,Noah Jennings,Anytime TDs,0.5,demon,https://static.prizepicks.com/images/players/NCAAFB/Noah_Jennings_NCAAFB_player_dZjGtDiC8FiMmL1P0yz2d7nN-450.webp,https://static.prizepicks.com/images/players/NCAAFB/Noah_Jennings_NCAAFB_player_dZjGtDiC8FiMmL1P0yz2d7nN-450.webp,57.81,57.81,50,50,0.28,0.5,31.95,81.4,28.43,71.57,-21.57,28.43,Over,0.35,-0.15,24.42,No,,,,,,
N/A,9/26/2026,Pierce Walsh,Anytime TDs,0.5,demon,https://static.prizepicks.com/images/players/NCAAFB/Pierce_Walsh_NCAAFB_player_9sYA3u4DaMTzUHhZdi0KUgwr-450.webp,https://static.prizepicks.com/images/players/NCAAFB/Pierce_Walsh_NCAAFB_player_9sYA3u4DaMTzUHhZdi0KUgwr-450.webp,57.81,57.81,50,50,0.13,0.5,14.93,97.47,13.27,86.73,-36.73,13.27,Over,0.28,-0.22,12.19,No,,,,,,
N/A,9/26/2026,Rashid Williams,Anytime TDs,0.5,demon,https://static.prizepicks.com/images/players/NCAAFB/Rashid_Williams_NCAAFB_player_HPopnkxtNUEWYKvijBj9PYn6-450.webp,https://static.prizepicks.com/images/players/NCAAFB/Rashid_Williams_NCAAFB_player_HPopnkxtNUEWYKvijBj9PYn6-450.webp,57.81,57.81,50,50,0.37,0.5,41.21,69.79,37.25,62.75,-12.75,37.25,Over,0.50,0,30.93,No,,,,,,
N/A,9/26/2026,TJ Thomas Jr.,Anytime TDs,0.5,demon,https://static.prizepicks.com/images/players/NCAAFB/TJ_Thomas_NCAAFB_player_4i5Cq6QcBwrbzhaOUJYWYx2-450.webp,https://static.prizepicks.com/images/players/NCAAFB/TJ_Thomas_NCAAFB_player_4i5Cq6QcBwrbzhaOUJYWYx2-450.webp,57.81,57.81,50,50,0.37,0.5,40.81,70.38,36.87,63.13,-13.13,36.87,Over,0.29,-0.21,30.93,No,,,,,,
N/A,9/26/2026,Trez Davis,Anytime TDs,0.5,demon,https://static.prizepicks.com/images/players/NCAAFB/Trez_Davis_NCAAFB_player_xYgBmYFM3dFNoWKG5RqHpbGt-450.webp,https://static.prizepicks.com/images/players/NCAAFB/Trez_Davis_NCAAFB_player_xYgBmYFM3dFNoWKG5RqHpbGt-450.webp,57.81,57.81,50,50,0.17,0.5,19.4,96.93,16.68,83.32,-33.32,16.68,Over,0.34,-0.16,15.63,No,,,,,,
N/A,9/26/2026,Xavier Ford,Anytime TDs,0.5,demon,https://static.prizepicks.com/images/players/NCAAFB/Xavier_Ford_NCAAFB_player_dsrLihrcth1om17lscKg28nK-450.webp,https://static.prizepicks.com/images/players/NCAAFB/Xavier_Ford_NCAAFB_player_dsrLihrcth1om17lscKg28nK-450.webp,57.81,57.81,50,50,0.3,0.5,33.31,80.75,29.72,70.28,-20.28,29.72,Over,0.29,-0.21,25.92,No,,,,,,
N/A,9/26/2026,Brian Bonner Jr.,Receptions,0.5,goblin,https://static.prizepicks.com/images/players/NCAAFB/Brian_Bonner_NCAAFB_player_5rRHJr7EZeW9leyuIKptPo8d-450.webp,https://static.prizepicks.com/images/players/NCAAFB/Brian_Bonner_NCAAFB_player_5rRHJr7EZeW9leyuIKptPo8d-450.webp,57.81,57.81,50,50,0.9,0.5,64.58,44.47,59.22,40.78,9.22,59.22,Over,0.63,0.13,59.34,Yes,,,,,,
N/A,9/26/2026,Demond Williams Jr.,INT,0.5,goblin,https://static.prizepicks.com/images/players/NCAAFB/Demond_Williams_NCAAFB_player_hlCTMSodwwOseGc14BFuPRlg-450.webp,https://static.prizepicks.com/images/players/NCAAFB/Demond_Williams_NCAAFB_player_hlCTMSodwwOseGc14BFuPRlg-450.webp,57.81,57.81,50,50,0.76,0.5,57.85,51.19,53.05,46.95,3.05,53.05,Over,0.63,0.13,53.23,Yes,,,,,,
N/A,9/26/2026,Drake Lindsey,INT,0.5,goblin,https://static.prizepicks.com/images/players/NCAAFB/Drake_Lindsey_NCAAFB_player_w67EihSVukAncUYuJOPYOle8-450.webp,https://static.prizepicks.com/images/players/NCAAFB/Drake_Lindsey_NCAAFB_player_w67EihSVukAncUYuJOPYOle8-450.webp,57.81,57.81,50,50,0.87,0.5,62.95,45.47,58.06,41.94,8.06,58.06,Over,0.69,0.19,58.1,Yes,,,,,,
N/A,9/26/2026,Drake Lindsey,Pass TDs,0.5,goblin,https://static.prizepicks.com/images/players/NCAAFB/Drake_Lindsey_NCAAFB_player_w67EihSVukAncUYuJOPYOle8-450.webp,https://static.prizepicks.com/images/players/NCAAFB/Drake_Lindsey_NCAAFB_player_w67EihSVukAncUYuJOPYOle8-450.webp,57.81,57.81,50,50,0.65,0.5,69.29,37.74,64.74,35.26,14.74,64.74,Over,0.60,0.1,47.8,Yes,,,,,,
N/A,9/26/2026,Baron Naone,Rec TDs,0.5,demon,https://static.prizepicks.com/images/players/NCAAFB/Baron_Naone_NCAAFB_player_GIRa2CUL2tpxQp2WNjGgyQW-450.webp,https://static.prizepicks.com/images/players/NCAAFB/Baron_Naone_NCAAFB_player_GIRa2CUL2tpxQp2WNjGgyQW-450.webp,57.81,57.81,50,50,0.5,,,,,,,,,0.11,-0.39,39.35,,,,,,,
N/A,9/26/2026,Brian Bonner Jr.,Rec TDs,0.5,demon,https://static.prizepicks.com/images/players/NCAAFB/Brian_Bonner_NCAAFB_player_5rRHJr7EZeW9leyuIKptPo8d-450.webp,https://static.prizepicks.com/images/players/NCAAFB/Brian_Bonner_NCAAFB_player_5rRHJr7EZeW9leyuIKptPo8d-450.webp,57.81,57.81,50,50,0.5,,,,,,,,,0.01,-0.49,39.35,,,,,,,
N/A,9/26/2026,Brian Bonner Jr.,Rush TDs,0.5,demon,https://static.prizepicks.com/images/players/NCAAFB/Brian_Bonner_NCAAFB_player_5rRHJr7EZeW9leyuIKptPo8d-450.webp,https://static.prizepicks.com/images/players/NCAAFB/Brian_Bonner_NCAAFB_player_5rRHJr7EZeW9leyuIKptPo8d-450.webp,57.81,57.81,50,50,0.5,,,,,,,,,0.24,-0.26,39.35,,,,,,,
N/A,9/26/2026,Chris Lawson,Rec TDs,0.5,demon,https://static.prizepicks.com/images/players/NCAAFB/Chris_Lawson_NCAAFB_player_wPAUHvfDQbPcC6gf4anSdSs-450.webp,https://static.prizepicks.com/images/players/NCAAFB/Chris_Lawson_NCAAFB_player_wPAUHvfDQbPcC6gf4anSdSs-450.webp,57.81,57.81,50,50,0.5,,,,,,,,,0.15,-0.35,39.35,,,,,,,
N/A,9/26/2026,Darius Taylor,Rush TDs,0.5,demon,https://static.prizepicks.com/images/players/NCAAFB/Darius_Taylor_NCAAFB_player_NQ7aARVX3Tqr0NqDnFngq6hr-450.webp,https://static.prizepicks.com/images/players/NCAAFB/Darius_Taylor_NCAAFB_player_NQ7aARVX3Tqr0NqDnFngq6hr-450.webp,57.81,57.81,50,50,0.5,,,,,,,,,0.60,0.1,39.35,,,,,,,
N/A,9/26/2026,Decker DeGraaf,Rec TDs,0.5,demon,https://static.prizepicks.com/images/players/NCAAFB/Decker_DeGraaf_NCAAFB_player_SptQJwT1NIHQ8HCB7tFbGeek-450.webp,https://static.prizepicks.com/images/players/NCAAFB/Decker_DeGraaf_NCAAFB_player_SptQJwT1NIHQ8HCB7tFbGeek-450.webp,57.81,57.81,50,50,0.5,,,,,,,,,0.27,-0.23,39.35,,,,,,,
N/A,9/26/2026,Dezmen Roebuck,Rec TDs,0.5,demon,https://static.prizepicks.com/images/players/NCAAFB/Dezmen_Roebuck_NCAAFB_player_5gT99Bp4o9vclBWckvPFOBh2-450.webp,https://static.prizepicks.com/images/players/NCAAFB/Dezmen_Roebuck_NCAAFB_player_5gT99Bp4o9vclBWckvPFOBh2-450.webp,57.81,57.81,50,50,0.5,,,,,,,,,0.76,0.26,39.35,,,,,,,
N/A,9/26/2026,Drake Lindsey,Rush TDs,0.5,demon,https://static.prizepicks.com/images/players/NCAAFB/Drake_Lindsey_NCAAFB_player_w67EihSVukAncUYuJOPYOle8-450.webp,https://static.prizepicks.com/images/players/NCAAFB/Drake_Lindsey_NCAAFB_player_w67EihSVukAncUYuJOPYOle8-450.webp,57.81,57.81,50,50,0.5,,,,,,,,,,,39.35,,,,,,,
N/A,9/26/2026,Jalen Smith,Rec TDs,0.5,demon,https://static.prizepicks.com/images/players/NCAAFB/Jalen_Smith_NCAAFB_player_DVFnaI1ymzcpJb1N0OHHBAf6-450.webp,https://static.prizepicks.com/images/players/NCAAFB/Jalen_Smith_NCAAFB_player_DVFnaI1ymzcpJb1N0OHHBAf6-450.webp,57.81,57.81,50,50,0.5,,,,,,,,,0.26,-0.24,39.35,,,,,,,
N/A,9/26/2026,Javon Tracy,Rec TDs,0.5,demon,https://static.prizepicks.com/images/players/NCAAFB/Javon_Tracy_NCAAFB_player_Z1mC2a8q4nVv6oGRqeaMEDJ6-450.webp,https://static.prizepicks.com/images/players/NCAAFB/Javon_Tracy_NCAAFB_player_Z1mC2a8q4nVv6oGRqeaMEDJ6-450.webp,57.81,57.81,50,50,0.5,,,,,,,,,0.55,0.05,39.35,,,,,,,
N/A,9/26/2026,Noah Jennings,Rec TDs,0.5,demon,https://static.prizepicks.com/images/players/NCAAFB/Noah_Jennings_NCAAFB_player_dZjGtDiC8FiMmL1P0yz2d7nN-450.webp,https://static.prizepicks.com/images/players/NCAAFB/Noah_Jennings_NCAAFB_player_dZjGtDiC8FiMmL1P0yz2d7nN-450.webp,57.81,57.81,50,50,0.5,,,,,,,,,0.27,-0.23,39.35,,,,,,,
N/A,9/26/2026,Pierce Walsh,Rec TDs,0.5,demon,https://static.prizepicks.com/images/players/NCAAFB/Pierce_Walsh_NCAAFB_player_9sYA3u4DaMTzUHhZdi0KUgwr-450.webp,https://static.prizepicks.com/images/players/NCAAFB/Pierce_Walsh_NCAAFB_player_9sYA3u4DaMTzUHhZdi0KUgwr-450.webp,57.81,57.81,50,50,0.5,,,,,,,,,0.06,-0.44,39.35,,,,,,,
N/A,9/26/2026,Rashid Williams,Rec TDs,0.5,demon,https://static.prizepicks.com/images/players/NCAAFB/Rashid_Williams_NCAAFB_player_HPopnkxtNUEWYKvijBj9PYn6-450.webp,https://static.prizepicks.com/images/players/NCAAFB/Rashid_Williams_NCAAFB_player_HPopnkxtNUEWYKvijBj9PYn6-450.webp,57.81,57.81,50,50,0.5,,,,,,,,,0.34,-0.16,39.35,,,,,,,
N/A,9/26/2026,TJ Thomas Jr.,Rec TDs,0.5,demon,https://static.prizepicks.com/images/players/NCAAFB/TJ_Thomas_NCAAFB_player_4i5Cq6QcBwrbzhaOUJYWYx2-450.webp,https://static.prizepicks.com/images/players/NCAAFB/TJ_Thomas_NCAAFB_player_4i5Cq6QcBwrbzhaOUJYWYx2-450.webp,57.81,57.81,50,50,0.5,,,,,,,,,0.01,-0.49,39.35,,,,,,,
N/A,9/26/2026,TJ Thomas Jr.,Rush TDs,0.5,demon,https://static.prizepicks.com/images/players/NCAAFB/TJ_Thomas_NCAAFB_player_4i5Cq6QcBwrbzhaOUJYWYx2-450.webp,https://static.prizepicks.com/images/players/NCAAFB/TJ_Thomas_NCAAFB_player_4i5Cq6QcBwrbzhaOUJYWYx2-450.webp,57.81,57.81,50,50,0.5,,,,,,,,,0.21,-0.29,39.35,,,,,,,
N/A,9/26/2026,Trey Cooley,Rush TDs,0.5,demon,https://static.prizepicks.com/images/players/NCAAFB/Trey_Cooley_NCAAFB_player_zco5bTzO6w9VAwsHJKypgYXT-450.webp,https://static.prizepicks.com/images/players/NCAAFB/Trey_Cooley_NCAAFB_player_zco5bTzO6w9VAwsHJKypgYXT-450.webp,57.81,57.81,50,50,0.5,,,,,,,,,0.52,0.02,39.35,,,,,,,
N/A,9/26/2026,Tyler Robles,FG Made,0.5,goblin,https://static.prizepicks.com/images/players/NCAAFB/Tyler_Robles_NCAAFB_player_irYoJeUn6PUOd1Ub8AgXpCC9-450.webp,https://static.prizepicks.com/images/players/NCAAFB/Tyler_Robles_NCAAFB_player_irYoJeUn6PUOd1Ub8AgXpCC9-450.webp,57.81,57.81,50,50,0.5,,,,,,,,,,,50,,,,,,,
N/A,9/26/2026,Darius Taylor,Rec TDs,0.5,demon,https://static.prizepicks.com/images/players/NCAAFB/Darius_Taylor_NCAAFB_player_NQ7aARVX3Tqr0NqDnFngq6hr-450.webp,https://static.prizepicks.com/images/players/NCAAFB/Darius_Taylor_NCAAFB_player_NQ7aARVX3Tqr0NqDnFngq6hr-450.webp,57.81,57.81,50,50,0.5,,,,,,,,,0.04,-0.46,39.35,,,,,,,
N/A,9/26/2026,Mason James,Anytime TDs,0.5,demon,https://static.prizepicks.com/images/players/NCAAFB/Mason_James_NCAAFB_player_NrfTWCltMr9Y0FjN1AJShcLz-450.webp,https://static.prizepicks.com/images/players/NCAAFB/Mason_James_NCAAFB_player_NrfTWCltMr9Y0FjN1AJShcLz-450.webp,57.81,57.81,50,50,0.1,0.5,10.67,96.95,9.9,90.1,-40.1,9.9,Over,0.29,-0.21,9.52,No,,,,,,
N/A,9/26/2026,Quayd Hendryx,Anytime TDs,0.5,demon,https://static.prizepicks.com/images/players/NCAAFB/Quayd_Hendryx_NCAAFB_player_wxw5DythijX2c3G57mYrJZ9x-450.webp,https://static.prizepicks.com/images/players/NCAAFB/Quayd_Hendryx_NCAAFB_player_wxw5DythijX2c3G57mYrJZ9x-450.webp,57.81,57.81,50,50,0.09,0.5,9.38,96.7,8.82,91.18,-41.18,8.82,Over,0.29,-0.21,8.61,No,,,,,,
N/A,9/26/2026,Luke Drzewiecki,FG Made,0.5,goblin,https://static.prizepicks.com/images/teams/ncaafb/NCAAFB_team_c6jBAVkkWLdMXyBNV1d5G0hX/12.webp,https://static.prizepicks.com/images/teams/ncaafb/NCAAFB_team_c6jBAVkkWLdMXyBNV1d5G0hX/12.webp,57.81,57.81,50,50,0.5,,,,,,,,,,,50,,,,,,,
N/A,9/26/2026,Trey Cooley,Anytime TDs,0.5,demon,https://static.prizepicks.com/images/players/NCAAFB/Trey_Cooley_NCAAFB_player_zco5bTzO6w9VAwsHJKypgYXT-450.webp,https://static.prizepicks.com/images/players/NCAAFB/Trey_Cooley_NCAAFB_player_zco5bTzO6w9VAwsHJKypgYXT-450.webp,57.81,57.81,50,50,0.47,0.5,51.04,58.65,46.61,53.39,-3.39,46.61,Over,0.50,0,37.5,No,,,,,,
N/A,9/26/2026,Trey Cooley,Rec TDs,0.5,demon,https://static.prizepicks.com/images/players/NCAAFB/Trey_Cooley_NCAAFB_player_zco5bTzO6w9VAwsHJKypgYXT-450.webp,https://static.prizepicks.com/images/players/NCAAFB/Trey_Cooley_NCAAFB_player_zco5bTzO6w9VAwsHJKypgYXT-450.webp,57.81,57.81,50,50,0.5,,,,,,,,,0.02,-0.48,39.35,,,,,,,
N/A,9/26/2026,Kaden Helms,Anytime TDs,0.5,demon,https://static.prizepicks.com/images/players/NCAAFB/Kaden_Helms_NCAAFB_player_BmFRcIXdPXcgaUuJKViy8LtL-450.webp,https://static.prizepicks.com/images/players/NCAAFB/Kaden_Helms_NCAAFB_player_BmFRcIXdPXcgaUuJKViy8LtL-450.webp,57.81,57.81,50,50,0.08,0.5,8.5,96.45,8.07,91.93,-41.93,8.07,Over,0.44,-0.06,7.69,No,,,,,,
N/A,9/26/2026,Roman Voss,Anytime TDs,0.5,demon,https://static.prizepicks.com/images/players/NCAAFB/Roman_Voss_NCAAFB_player_pMCyh0BiWXSlIvylqHdGGaI6-450.webp,https://static.prizepicks.com/images/players/NCAAFB/Roman_Voss_NCAAFB_player_pMCyh0BiWXSlIvylqHdGGaI6-450.webp,57.81,57.81,50,50,0.09,0.5,9.09,96.68,8.59,91.41,-41.41,8.59,Over,0.29,-0.21,8.61,No,,,,,,
N/A,9/26/2026,Jordan Clay,Rec TDs,0.5,demon,https://static.prizepicks.com/images/players/NCAAFB/Jordan_Clay_NCAAFB_player_6hPOZRqqaMi5x7kRpCPQJEDF-450.webp,https://static.prizepicks.com/images/players/NCAAFB/Jordan_Clay_NCAAFB_player_6hPOZRqqaMi5x7kRpCPQJEDF-450.webp,57.81,57.81,50,50,0.5,,,,,,,,,0.12,-0.38,39.35,,,,,,,
N/A,9/26/2026,Trey Cooley,Receptions,0.5,goblin,https://static.prizepicks.com/images/players/NCAAFB/Trey_Cooley_NCAAFB_player_zco5bTzO6w9VAwsHJKypgYXT-450.webp,https://static.prizepicks.com/images/players/NCAAFB/Trey_Cooley_NCAAFB_player_zco5bTzO6w9VAwsHJKypgYXT-450.webp,57.81,57.81,50,50,0.9,0.5,64.58,44.47,59.22,40.78,9.22,59.22,Over,0.70,0.2,59.34,Yes,,,,,,
N/A,9/26/2026,Brian Bonner Jr.,Anytime TDs,0.5,demon,https://static.prizepicks.com/images/players/NCAAFB/Brian_Bonner_NCAAFB_player_5rRHJr7EZeW9leyuIKptPo8d-450.webp,https://static.prizepicks.com/images/players/NCAAFB/Brian_Bonner_NCAAFB_player_5rRHJr7EZeW9leyuIKptPo8d-450.webp,57.81,57.81,50,50,0.49,0.5,53.37,56.1,48.83,51.17,-1.17,48.83,Over,0.41,-0.09,38.74,No,,,,,,
