Source,Sport,Player ID,Player Name,Position,Team,Stat Type,Line Score,Adjusted Odds,Implied Probability,Date,Start Time (CST),Status,League,Odds Type,Headshot URL,Data ID,Average Line,Average No-Vig Over %,Average No-Vig Under %,Percent Difference,Max No-Vig %,Bet Tag,Player Image,Game Start Time,Fav,Spread,O/U,Game Short Title,Scheduled At,Match Progress,Venue Name,Venue Type,Broadcasts,Max No-Vig % Price,True Price,Date,True Point Average Line,EST. Return Date,Injury Status,Comment,Starter,Opp,PrizePicks,Opportunities,Edge % Over,Edge % Under,Edge %,DvP Projection,DVP Rank,Opp +/-,DVP Bet,Average Projected,DVP Adjusted,Total Projection,Underdog Line,Callout Bet Tag
PrizePicks,MLB,68133,Aaron Nola,P,PHI,Pitcher Fantasy Score,25.5,TRUE,N/A,10/1/2026,12:36:36 PM,pre_game,MLB,demon,https://static.prizepicks.com/images/players/MLB/Aaron_Nola_MLB_player_PQQEn8FwSTYP50BL3uYRjm7W-450.webp,15373595,,,,,,Under,,2026-10-02T00:11:00Z,Yes,-1.4,7.5,Astros @ Phillies,2026-09-08T22:40:00Z,Tue 06:40pm,Citizens Bank Park,outdoor,NBCS-PH,,,,18.870,,,,No,ATL,18.87,3.91,71.55778651,28.44221349,28.44221349,18.87,27,8.66065,over,18.42,27.53065,16.25,0.18,Great Bet
PrizePicks,MLB,68133,Aaron Nola,P,PHI,Pitcher Fantasy Score,18.5,N/A,N/A,10/1/2026,12:36:36 PM,pre_game,MLB,standard,https://static.prizepicks.com/images/players/MLB/Aaron_Nola_MLB_player_PQQEn8FwSTYP50BL3uYRjm7W-450.webp,15373587,,,,,,Over,,2026-10-02T00:11:00Z,Yes,-1.4,7.5,Astros @ Phillies,2026-09-08T22:40:00Z,Tue 06:40pm,Citizens Bank Park,outdoor,NBCS-PH,,,,18.870,,,,No,ATL,18.87,3.91,50.5,49.5,50.5,18.87,27,8.66065,over,18.42,27.53065,16.7,0.18,Good Bet
PrizePicks,MLB,68133,Aaron Nola,P,PHI,Pitcher Fantasy Score,12.5,TRUE,N/A,10/1/2026,12:36:36 PM,pre_game,MLB,goblin,https://static.prizepicks.com/images/players/MLB/Aaron_Nola_MLB_player_PQQEn8FwSTYP50BL3uYRjm7W-450.webp,15373592,,,,,,Over,,2026-10-02T00:11:00Z,Yes,-1.4,7.5,Astros @ Phillies,2026-09-08T22:40:00Z,Tue 06:40pm,Citizens Bank Park,outdoor,NBCS-PH,,,,18.870,,,,No,ATL,18.87,3.91,71.79957606,28.20042394,71.79957606,18.87,27,8.66065,over,18.42,27.53065,16.25,0.18,Good Bet
PrizePicks,MLB,67532,Kyle Schwarber,DH,PHI,Pitches Seen,19.5,N/A,N/A,10/1/2026,12:36:36 PM,pre_game,MLB,standard,https://static.prizepicks.com/images/players/MLB/Kyle_Schwarber_MLB_player_68nHEJrjzq1CxWv0nqnyV0Tj-450.webp,15368125,,,,,,,,2026-10-02T00:11:00Z,Yes,-1.4,7.5,Astros @ Phillies,2026-09-08T22:40:00Z,Tue 06:40pm,Citizens Bank Park,outdoor,NBCS-PH,,,,,,,,No,ATL,7.09,3.2,,,,0,17,-0.06464,under,0.74,-0.06464,10.12,0,Push
PrizePicks,MLB,67614,Matt Olson,IF,ATL,Pitches Seen,17.5,N/A,N/A,10/1/2026,12:36:36 PM,pre_game,MLB,standard,https://static.prizepicks.com/images/players/MLB/Matthew_Olson_MLB_player_NDhzwn6hkBC70gLyFChsulYT-450.webp,15368043,,,,,,,,2026-10-02T00:11:00Z,No,1.4,7.5,Rays @ Braves,2026-09-08T23:15:00Z,Tue 07:15pm,Truist Park,outdoor,,,,,,,,,No,PHI,6.36,2.78,,,,0,19,-0.08201,under,0.7,-0.08201,9.1,0,Push
PrizePicks,MLB,73988,Bryce Harper,IF,PHI,Pitches Seen,17.5,N/A,N/A,10/1/2026,12:36:36 PM,pre_game,MLB,standard,https://static.prizepicks.com/images/players/MLB/Bryce_Harper_MLB_player_mhsTcoXtjRH4vlcux7XU1Zyy-450.webp,15368092,,,,,,,,2026-10-02T00:11:00Z,Yes,-1.4,7.5,Astros @ Phillies,2026-09-08T22:40:00Z,Tue 06:40pm,Citizens Bank Park,outdoor,NBCS-PH,,,,,,,,No,ATL,5.8,2.28,,,,0,17,-0.04606,under,0.61,-0.046056,9.06,0,Push
PrizePicks,MLB,127032,Trea Turner,IF,PHI,Pitches Seen,17.5,N/A,N/A,10/1/2026,12:36:36 PM,pre_game,MLB,standard,https://static.prizepicks.com/images/players/MLB/Trea_Turner_MLB_player_PzSAbDCREg3T5256tVuvznWK-450.webp,15368110,,,,,,,,2026-10-02T00:11:00Z,Yes,-1.4,7.5,Astros @ Phillies,2026-09-08T22:40:00Z,Tue 06:40pm,Citizens Bank Park,outdoor,NBCS-PH,,,,,,,,No,ATL,6.32,2.52,,,,0,17,-0.0509,under,0.61,-0.050904,9.05,0,Push
PrizePicks,MLB,67634,J.T. Realmuto,C,PHI,Pitches Seen,17.5,TRUE,N/A,10/1/2026,12:36:36 PM,pre_game,MLB,demon,https://static.prizepicks.com/images/players/MLB/Jacob_Realmuto_MLB_player_qUdvpTDV1nY6g19qkvI7KEEH-450.webp,15368141,,,,,,,,2026-10-02T00:11:00Z,Yes,-1.4,7.5,Astros @ Phillies,2026-09-08T22:40:00Z,Tue 06:40pm,Citizens Bank Park,outdoor,NBCS-PH,,,,,,,,No,,,3.5,,,,0,,0,,0.72,,0.72,0,Push
PrizePicks,MLB,233219,Drake Baldwin,C,ATL,Pitches Seen,16.5,N/A,N/A,10/1/2026,12:36:36 PM,pre_game,MLB,standard,https://static.prizepicks.com/images/players/MLB/Drake_Baldwin_MLB_player_2bszMiBPtE84wfUl1dPBtueo-450.webp,15368058,,,,,,,,2026-10-02T00:11:00Z,No,1.4,7.5,Rays @ Braves,2026-09-08T23:15:00Z,Tue 07:15pm,Truist Park,outdoor,,,,,,,,,No,PHI,5.72,2.79,,,,0,19,-0.08231,under,0.79,-0.082305,8.65,0,Push
PrizePicks,MLB,67555,Ronald Acuña Jr.,OF,ATL,Pitches Seen,16.5,TRUE,N/A,10/1/2026,12:36:36 PM,pre_game,MLB,goblin,https://static.prizepicks.com/images/players/MLB/Ronald_Acu%C3%B1a_MLB_player_tUwoDZ2wW0mEiTxchuRbbAHl-450.webp,15368077,,,,,,,,2026-10-02T00:11:00Z,No,1.4,7.5,Rays @ Braves,2026-09-08T23:15:00Z,Tue 07:15pm,Truist Park,outdoor,,,,,,,,,No,-,7.21,3.5,,,,0,,0,,0.89,,0.89,0,Push
PrizePicks,MLB,68832,Michael Harris II,OF,ATL,Pitches Seen,14.5,TRUE,N/A,10/1/2026,12:36:36 PM,pre_game,MLB,demon,https://static.prizepicks.com/images/players/MLB/Michael_Harris_MLB_player_ZkXYVk5eP3OK6w4UecYW3tdb-450.webp,15368150,,,,,,,,2026-10-02T00:11:00Z,No,1.4,7.5,Rays @ Braves,2026-09-08T23:15:00Z,Tue 07:15pm,Truist Park,outdoor,,,,,,,,,No,PHI,5.62,2.39,,,,0,19,-0.0705,under,0.7,-0.070505,0.7,0,Push
PrizePicks,MLB,233219,Drake Baldwin,C,ATL,Hitter Fantasy Score,10.5,TRUE,N/A,10/1/2026,12:36:36 PM,pre_game,MLB,demon,https://static.prizepicks.com/images/players/MLB/Drake_Baldwin_MLB_player_2bszMiBPtE84wfUl1dPBtueo-450.webp,15351910,,,,,,Under,,2026-10-02T00:11:00Z,No,1.4,7.5,Rays @ Braves,2026-09-08T23:15:00Z,Tue 07:15pm,Truist Park,outdoor,,,,,5.720,,,,No,PHI,5.72,2.79,42.20180942,57.79819058,42.20180942,5.72,22,-0.0106,under,6.58,5.709398,6.06,6.24,Push
PrizePicks,MLB,127032,Trea Turner,IF,PHI,Hitter Fantasy Score,10.5,TRUE,N/A,10/1/2026,12:36:36 PM,pre_game,MLB,demon,https://static.prizepicks.com/images/players/MLB/Trea_Turner_MLB_player_PzSAbDCREg3T5256tVuvznWK-450.webp,15351916,,,,,,Under,,2026-10-02T00:11:00Z,Yes,-1.4,7.5,Astros @ Phillies,2026-09-08T22:40:00Z,Tue 06:40pm,Citizens Bank Park,outdoor,NBCS-PH,,,,6.320,,,,No,ATL,6.32,2.52,42.62136986,57.37863014,42.62136986,6.32,10,0.00605,over,5.22,6.326048,6.06,6.37,Push
PrizePicks,MLB,67555,Ronald Acuña Jr.,OF,ATL,Hitter Fantasy Score,9.5,TRUE,N/A,10/1/2026,12:36:36 PM,pre_game,MLB,demon,https://static.prizepicks.com/images/players/MLB/Ronald_Acu%C3%B1a_MLB_player_tUwoDZ2wW0mEiTxchuRbbAHl-450.webp,15351882,,,,,,Under,,2026-10-02T00:11:00Z,No,1.4,7.5,Rays @ Braves,2026-09-08T23:15:00Z,Tue 07:15pm,Truist Park,outdoor,,,,,7.210,,,,No,-,7.21,3.5,44.85702117,55.14297883,44.85702117,7.21,,0,,9.13,,7.57,6.35,Push
PrizePicks,MLB,67940,Alec Bohm,IF,PHI,Hitter Fantasy Score,9.5,TRUE,N/A,10/1/2026,12:36:36 PM,pre_game,MLB,demon,https://static.prizepicks.com/images/players/MLB/Alec_Bohm_MLB_player_kikYiFKsWk4374Ra6YncvWQy-450.webp,15351885,,,,,,Under,,2026-10-02T00:11:00Z,Yes,-1.4,7.5,Astros @ Phillies,2026-09-08T22:40:00Z,Tue 06:40pm,Citizens Bank Park,outdoor,NBCS-PH,,,,6.500,,,,No,ATL,6.5,2.75,43.71026585,56.28973415,43.71026585,6.5,10,0.0066,over,5.53,6.5066,6,5.46,Push
PrizePicks,MLB,67532,Kyle Schwarber,DH,PHI,Hitter Fantasy Score,9.5,TRUE,N/A,10/1/2026,12:36:36 PM,pre_game,MLB,demon,https://static.prizepicks.com/images/players/MLB/Kyle_Schwarber_MLB_player_68nHEJrjzq1CxWv0nqnyV0Tj-450.webp,15351895,,,,,,Under,,2026-10-02T00:11:00Z,Yes,-1.4,7.5,Astros @ Phillies,2026-09-08T22:40:00Z,Tue 06:40pm,Citizens Bank Park,outdoor,NBCS-PH,,,,7.090,,,,No,ATL,7.09,3.2,44.64577572,55.35422428,44.64577572,7.09,10,0.00768,over,8.74,7.09768,7.51,7.1,Push
PrizePicks,MLB,68832,Michael Harris II,OF,ATL,Hitter Fantasy Score,9.5,TRUE,N/A,10/1/2026,12:36:36 PM,pre_game,MLB,demon,https://static.prizepicks.com/images/players/MLB/Michael_Harris_MLB_player_ZkXYVk5eP3OK6w4UecYW3tdb-450.webp,15351919,,,,,,Under,,2026-10-02T00:11:00Z,No,1.4,7.5,Rays @ Braves,2026-09-08T23:15:00Z,Tue 07:15pm,Truist Park,outdoor,,,,,5.620,,,,No,PHI,5.62,2.39,42.67067542,57.32932458,42.67067542,5.62,22,-0.00908,under,5.71,5.610918,5.84,6.4,Push
PrizePicks,MLB,67614,Matt Olson,IF,ATL,Hitter Fantasy Score,8.5,TRUE,N/A,10/1/2026,12:36:36 PM,pre_game,MLB,demon,https://static.prizepicks.com/images/players/MLB/Matthew_Olson_MLB_player_NDhzwn6hkBC70gLyFChsulYT-450.webp,15351889,,,,,,Under,,2026-10-02T00:11:00Z,No,1.4,7.5,Rays @ Braves,2026-09-08T23:15:00Z,Tue 07:15pm,Truist Park,outdoor,,,,,6.360,,,,No,PHI,6.36,2.78,44.86781354,55.13218646,44.86781354,6.36,22,-0.01056,under,7.06,6.349436,6.51,6.27,Push
PrizePicks,MLB,69515,Bryson Stott,IF,PHI,Hitter Fantasy Score,8.5,TRUE,N/A,10/1/2026,12:36:36 PM,pre_game,MLB,demon,https://static.prizepicks.com/images/players/MLB/Bryson_Stott_MLB_player_R761z8GtmmBHjPjfJP9iL5x6-450.webp,15351904,,,,,,Under,,2026-10-02T00:11:00Z,Yes,-1.4,7.5,Astros @ Phillies,2026-09-08T22:40:00Z,Tue 06:40pm,Citizens Bank Park,outdoor,NBCS-PH,,,,5.760,,,,No,ATL,5.76,2.45,43.81661205,56.18338795,43.81661205,5.76,10,0.00588,over,5.86,5.76588,5.68,5.33,Push
PrizePicks,MLB,74759,Edmundo Sosa,OF,PHI,Hitter Fantasy Score,8.5,TRUE,N/A,10/1/2026,12:36:36 PM,pre_game,MLB,demon,https://static.prizepicks.com/images/players/MLB/Edmundo_Sosa_MLB_player_JIJ7g9fQHiTmGPC8SZmBl8oP-450.webp,15351907,,,,,,Under,,2026-10-02T00:11:00Z,Yes,-1.4,7.5,Astros @ Phillies,2026-09-08T22:40:00Z,Tue 06:40pm,Citizens Bank Park,outdoor,NBCS-PH,,,,4.840,,,,No,ATL,4.84,2.73,42.63580482,57.36419518,42.63580482,4.84,10,0.00655,over,6.25,4.846552,5.31,0,Push
PrizePicks,MLB,67532,Kyle Schwarber,DH,PHI,Strikes Counted,8.5,N/A,N/A,10/1/2026,12:36:36 PM,pre_game,MLB,standard,https://static.prizepicks.com/images/players/MLB/Kyle_Schwarber_MLB_player_68nHEJrjzq1CxWv0nqnyV0Tj-450.webp,15368123,,,,,,,,2026-10-02T00:11:00Z,Yes,-1.4,7.5,Astros @ Phillies,2026-09-08T22:40:00Z,Tue 06:40pm,Citizens Bank Park,outdoor,NBCS-PH,,,,,,,,No,ATL,7.09,3.2,,,,0,17,-0.06464,under,0.74,-0.06464,4.62,0,Push
PrizePicks,MLB,67558,Austin Riley,IF,ATL,Hitter Fantasy Score,7.5,TRUE,N/A,10/1/2026,12:36:36 PM,pre_game,MLB,demon,https://static.prizepicks.com/images/players/MLB/Michael_Riley_MLB_player_mZ93NJZS0EsLvYCwgHVNsy32-450.webp,15351879,,,,,,Under,,2026-10-02T00:11:00Z,No,1.4,7.5,Rays @ Braves,2026-09-08T23:15:00Z,Tue 07:15pm,Truist Park,outdoor,,,,,4.170,,,,No,PHI,4.17,1.9,42.69843537,57.30156463,42.69843537,4.17,22,-0.00722,under,3.76,4.16278,4.03,-0.2,Push
PrizePicks,MLB,73988,Bryce Harper,IF,PHI,Hitter Fantasy Score,7.5,TRUE,N/A,10/1/2026,12:36:36 PM,pre_game,MLB,demon,https://static.prizepicks.com/images/players/MLB/Bryce_Harper_MLB_player_mhsTcoXtjRH4vlcux7XU1Zyy-450.webp,15351892,,,,,,Under,,2026-10-02T00:11:00Z,Yes,-1.4,7.5,Astros @ Phillies,2026-09-08T22:40:00Z,Tue 06:40pm,Citizens Bank Park,outdoor,NBCS-PH,,,,5.800,,,,No,ATL,5.8,2.28,45.48290121,54.51709879,45.48290121,5.8,10,0.00547,over,6.13,5.805472,5.98,6.18,Push
PrizePicks,MLB,69890,Brandon Marsh,OF,PHI,Hitter Fantasy Score,7.5,TRUE,N/A,10/1/2026,12:36:36 PM,pre_game,MLB,demon,https://static.prizepicks.com/images/players/MLB/Brandon_Marsh_MLB_player_JZ5RTWUyIllOGkmAwyKUtF5H-450.webp,15351901,,,,,,Under,,2026-10-02T00:11:00Z,Yes,-1.4,7.5,Astros @ Phillies,2026-09-08T22:40:00Z,Tue 06:40pm,Citizens Bank Park,outdoor,NBCS-PH,,,,5.170,,,,No,ATL,5.17,2.53,44.19533602,55.80466398,44.19533602,5.17,10,0.00607,over,5.29,5.176072,5.21,-0.14,Push
PrizePicks,MLB,309068,Mauricio Dubón,OF,ATL,Hitter Fantasy Score,7.5,TRUE,N/A,10/1/2026,12:36:36 PM,pre_game,MLB,demon,https://static.prizepicks.com/images/manual/Mauricio Dubón.png,15351913,,,,,,Under,,2026-10-02T00:11:00Z,No,1.4,7.5,Rays @ Braves,2026-09-08T23:15:00Z,Tue 07:15pm,Truist Park,outdoor,,,,,4.500,,,,No,PHI,4.5,2.03,43.10977453,56.89022547,43.10977453,4.5,22,-0.00771,under,4.12,4.492286,4.37,-0.14,Push
PrizePicks,MLB,127250,Ozzie Albies,IF,ATL,Hitter Fantasy Score,7.5,TRUE,N/A,10/1/2026,12:36:36 PM,pre_game,MLB,demon,https://static.prizepicks.com/images/players/MLB/Ozhaino_Albies_MLB_player_G3gl7zvDUXIaQWzRdOQkGkTS-450.webp,15351925,,,,,,Under,,2026-10-02T00:11:00Z,No,1.4,7.5,Rays @ Braves,2026-09-08T23:15:00Z,Tue 07:15pm,Truist Park,outdoor,,,,,4.460,,,,No,PHI,4.46,1.98,43.0554765,56.9445235,43.0554765,4.46,22,-0.00752,under,4,4.452476,4.54,5.26,Push
PrizePicks,MLB,67614,Matt Olson,IF,ATL,Strikes Counted,7.5,TRUE,N/A,10/1/2026,12:36:36 PM,pre_game,MLB,demon,https://static.prizepicks.com/images/players/MLB/Matthew_Olson_MLB_player_NDhzwn6hkBC70gLyFChsulYT-450.webp,15368042,,,,,,,,2026-10-02T00:11:00Z,No,1.4,7.5,Rays @ Braves,2026-09-08T23:15:00Z,Tue 07:15pm,Truist Park,outdoor,,,,,,,,,No,PHI,6.36,2.78,,,,0,19,-0.08201,under,0.7,-0.08201,0.7,0,Push
PrizePicks,MLB,73988,Bryce Harper,IF,PHI,Strikes Counted,7.5,TRUE,N/A,10/1/2026,12:36:36 PM,pre_game,MLB,demon,https://static.prizepicks.com/images/players/MLB/Bryce_Harper_MLB_player_mhsTcoXtjRH4vlcux7XU1Zyy-450.webp,15368090,,,,,,,,2026-10-02T00:11:00Z,Yes,-1.4,7.5,Astros @ Phillies,2026-09-08T22:40:00Z,Tue 06:40pm,Citizens Bank Park,outdoor,NBCS-PH,,,,,,,,No,ATL,5.8,2.28,,,,0,17,-0.04606,under,0.61,-0.046056,0.61,0,Push
PrizePicks,MLB,127032,Trea Turner,IF,PHI,Strikes Counted,7.5,TRUE,N/A,10/1/2026,12:36:36 PM,pre_game,MLB,demon,https://static.prizepicks.com/images/players/MLB/Trea_Turner_MLB_player_PzSAbDCREg3T5256tVuvznWK-450.webp,15368107,,,,,,,,2026-10-02T00:11:00Z,Yes,-1.4,7.5,Astros @ Phillies,2026-09-08T22:40:00Z,Tue 06:40pm,Citizens Bank Park,outdoor,NBCS-PH,,,,,,,,No,ATL,6.32,2.52,,,,0,17,-0.0509,under,0.61,-0.050904,0.61,0,Push
PrizePicks,MLB,67532,Kyle Schwarber,DH,PHI,Balls Counted,7.5,TRUE,N/A,10/1/2026,12:36:36 PM,pre_game,MLB,demon,https://static.prizepicks.com/images/players/MLB/Kyle_Schwarber_MLB_player_68nHEJrjzq1CxWv0nqnyV0Tj-450.webp,15368126,,,,,,,,2026-10-02T00:11:00Z,Yes,-1.4,7.5,Astros @ Phillies,2026-09-08T22:40:00Z,Tue 06:40pm,Citizens Bank Park,outdoor,NBCS-PH,,,,,,,,No,ATL,7.09,3.2,,,,0,17,-0.06464,under,0.74,-0.06464,0.74,0,Push
PrizePicks,MLB,67634,J.T. Realmuto,C,PHI,Strikes Counted,7.5,TRUE,N/A,10/1/2026,12:36:36 PM,pre_game,MLB,demon,https://static.prizepicks.com/images/players/MLB/Jacob_Realmuto_MLB_player_qUdvpTDV1nY6g19qkvI7KEEH-450.webp,15368139,,,,,,,,2026-10-02T00:11:00Z,Yes,-1.4,7.5,Astros @ Phillies,2026-09-08T22:40:00Z,Tue 06:40pm,Citizens Bank Park,outdoor,NBCS-PH,,,,,,,,No,,,3.5,,,,0,,0,,0.72,,0.72,0,Push
PrizePicks,MLB,309860,Justin Crawford,OF,PHI,Hitter Fantasy Score,6.5,TRUE,N/A,10/1/2026,12:36:36 PM,pre_game,MLB,demon,https://static.prizepicks.com/images/manual/Justin Crawford.png,15351922,,,,,,Under,,2026-10-02T00:11:00Z,Yes,-1.4,7.5,Astros @ Phillies,2026-09-08T22:40:00Z,Tue 06:40pm,Citizens Bank Park,outdoor,NBCS-PH,,,,4.280,,,,No,ATL,4.28,2.05,44.03061519,55.96938481,44.03061519,4.28,10,0.00492,over,3.98,4.28492,4.18,-0.11,Push
PrizePicks,MLB,67634,J.T. Realmuto,C,PHI,Hitter Fantasy Score,6.5,TRUE,N/A,10/1/2026,12:36:36 PM,pre_game,MLB,demon,https://static.prizepicks.com/images/players/MLB/Jacob_Realmuto_MLB_player_qUdvpTDV1nY6g19qkvI7KEEH-450.webp,15351931,,,,,,Push,,2026-10-02T00:11:00Z,Yes,-1.4,7.5,Astros @ Phillies,2026-09-08T22:40:00Z,Tue 06:40pm,Citizens Bank Park,outdoor,NBCS-PH,,,,,,,,No,,,3.5,,,,0.08,,0,,6.54,,3.31,0,Push
PrizePicks,MLB,67614,Matt Olson,IF,ATL,Balls Counted,6.5,TRUE,N/A,10/1/2026,12:36:36 PM,pre_game,MLB,demon,https://static.prizepicks.com/images/players/MLB/Matthew_Olson_MLB_player_NDhzwn6hkBC70gLyFChsulYT-450.webp,15368044,,,,,,,,2026-10-02T00:11:00Z,No,1.4,7.5,Rays @ Braves,2026-09-08T23:15:00Z,Tue 07:15pm,Truist Park,outdoor,,,,,,,,,No,PHI,6.36,2.78,,,,0,19,-0.08201,under,0.7,-0.08201,0.7,0,Push
PrizePicks,MLB,233219,Drake Baldwin,C,ATL,Strikes Counted,6.5,TRUE,N/A,10/1/2026,12:36:36 PM,pre_game,MLB,goblin,https://static.prizepicks.com/images/players/MLB/Drake_Baldwin_MLB_player_2bszMiBPtE84wfUl1dPBtueo-450.webp,15368061,,,,,,,,2026-10-02T00:11:00Z,No,1.4,7.5,Rays @ Braves,2026-09-08T23:15:00Z,Tue 07:15pm,Truist Park,outdoor,,,,,,,,,No,PHI,5.72,2.79,,,,0,19,-0.08231,under,0.79,-0.082305,0.79,0,Push
PrizePicks,MLB,67555,Ronald Acuña Jr.,OF,ATL,Strikes Counted,6.5,TRUE,N/A,10/1/2026,12:36:36 PM,pre_game,MLB,goblin,https://static.prizepicks.com/images/players/MLB/Ronald_Acu%C3%B1a_MLB_player_tUwoDZ2wW0mEiTxchuRbbAHl-450.webp,15368074,,,,,,,,2026-10-02T00:11:00Z,No,1.4,7.5,Rays @ Braves,2026-09-08T23:15:00Z,Tue 07:15pm,Truist Park,outdoor,,,,,,,,,No,-,7.21,3.5,,,,0,,0,,0.89,,0.89,0,Push
PrizePicks,MLB,67555,Ronald Acuña Jr.,OF,ATL,Balls Counted,6.5,TRUE,N/A,10/1/2026,12:36:36 PM,pre_game,MLB,demon,https://static.prizepicks.com/images/players/MLB/Ronald_Acu%C3%B1a_MLB_player_tUwoDZ2wW0mEiTxchuRbbAHl-450.webp,15368079,,,,,,,,2026-10-02T00:11:00Z,No,1.4,7.5,Rays @ Braves,2026-09-08T23:15:00Z,Tue 07:15pm,Truist Park,outdoor,,,,,,,,,No,-,7.21,3.5,,,,0,,0,,0.89,,0.89,0,Push
PrizePicks,MLB,73988,Bryce Harper,IF,PHI,Balls Counted,6.5,N/A,N/A,10/1/2026,12:36:36 PM,pre_game,MLB,standard,https://static.prizepicks.com/images/players/MLB/Bryce_Harper_MLB_player_mhsTcoXtjRH4vlcux7XU1Zyy-450.webp,15368095,,,,,,,,2026-10-02T00:11:00Z,Yes,-1.4,7.5,Astros @ Phillies,2026-09-08T22:40:00Z,Tue 06:40pm,Citizens Bank Park,outdoor,NBCS-PH,,,,,,,,No,ATL,5.8,2.28,,,,0,17,-0.04606,under,0.61,-0.046056,3.56,0,Push
PrizePicks,MLB,67555,Ronald Acuña Jr.,OF,ATL,Hitter Fantasy Score,6,N/A,N/A,10/1/2026,12:36:36 PM,pre_game,MLB,standard,https://static.prizepicks.com/images/players/MLB/Ronald_Acu%C3%B1a_MLB_player_tUwoDZ2wW0mEiTxchuRbbAHl-450.webp,15351881,,,,,,Over,,2026-10-02T00:11:00Z,No,1.4,7.5,Rays @ Braves,2026-09-08T23:15:00Z,Tue 07:15pm,Truist Park,outdoor,,,,,7.210,,,,No,-,7.21,3.5,51.68055556,48.31944444,51.68055556,7.21,,0,,9.13,,7.17,6.35,Great Bet
PrizePicks,MLB,67940,Alec Bohm,IF,PHI,Hitter Fantasy Score,5.5,N/A,N/A,10/1/2026,12:36:36 PM,pre_game,MLB,standard,https://static.prizepicks.com/images/players/MLB/Alec_Bohm_MLB_player_kikYiFKsWk4374Ra6YncvWQy-450.webp,15351884,,,,,,Over,,2026-10-02T00:11:00Z,Yes,-1.4,7.5,Astros @ Phillies,2026-09-08T22:40:00Z,Tue 06:40pm,Citizens Bank Park,outdoor,NBCS-PH,,,,6.500,,,,No,ATL,6.5,2.75,52.18265527,47.81734473,52.18265527,6.5,10,0.0066,over,5.53,6.5066,5.9,5.46,Good Bet
PrizePicks,MLB,73988,Bryce Harper,IF,PHI,Hitter Fantasy Score,5.5,N/A,N/A,10/1/2026,12:36:36 PM,pre_game,MLB,standard,https://static.prizepicks.com/images/players/MLB/Bryce_Harper_MLB_player_mhsTcoXtjRH4vlcux7XU1Zyy-450.webp,15351891,,,,,,Over,,2026-10-02T00:11:00Z,Yes,-1.4,7.5,Astros @ Phillies,2026-09-08T22:40:00Z,Tue 06:40pm,Citizens Bank Park,outdoor,NBCS-PH,,,,5.800,,,,No,ATL,5.8,2.28,50.36142188,49.63857812,50.36142188,5.8,10,0.00547,over,6.13,5.805472,5.88,6.18,Great Bet
PrizePicks,MLB,310126,Mike Yastrzemski,OF,ATL,Hitter Fantasy Score,5.5,TRUE,N/A,10/1/2026,12:36:36 PM,pre_game,MLB,demon,https://static.prizepicks.com/images/manual/Mike Yastrzemski.png,15351898,,,,,,Under,,2026-10-02T00:11:00Z,No,1.4,7.5,Rays @ Braves,2026-09-08T23:15:00Z,Tue 07:15pm,Truist Park,outdoor,,,,,3.970,,,,No,PHI,3.97,2,45.16997613,54.83002387,45.16997613,3.97,22,-0.0076,under,4.1,3.9624,4.01,-0.24,Push
PrizePicks,MLB,233219,Drake Baldwin,C,ATL,Hitter Fantasy Score,5.5,N/A,N/A,10/1/2026,12:36:36 PM,pre_game,MLB,standard,https://static.prizepicks.com/images/players/MLB/Drake_Baldwin_MLB_player_2bszMiBPtE84wfUl1dPBtueo-450.webp,15351909,,,,,,Over,,2026-10-02T00:11:00Z,No,1.4,7.5,Rays @ Braves,2026-09-08T23:15:00Z,Tue 07:15pm,Truist Park,outdoor,,,,,5.720,,,,No,PHI,5.72,2.79,50.13943963,49.86056037,50.13943963,5.72,22,-0.0106,under,6.58,5.709398,5.95,6.24,Great Bet
PrizePicks,MLB,127032,Trea Turner,IF,PHI,Hitter Fantasy Score,5.5,N/A,N/A,10/1/2026,12:36:36 PM,pre_game,MLB,standard,https://static.prizepicks.com/images/players/MLB/Trea_Turner_MLB_player_PzSAbDCREg3T5256tVuvznWK-450.webp,15351915,,,,,,Over,,2026-10-02T00:11:00Z,Yes,-1.4,7.5,Astros @ Phillies,2026-09-08T22:40:00Z,Tue 06:40pm,Citizens Bank Park,outdoor,NBCS-PH,,,,6.320,,,,No,ATL,6.32,2.52,51.73765576,48.26234424,51.73765576,6.32,10,0.00605,over,5.22,6.326048,5.95,6.37,Great Bet
PrizePicks,MLB,127255,Sean Murphy,C,ATL,Hitter Fantasy Score,5.5,TRUE,N/A,10/1/2026,12:36:36 PM,pre_game,MLB,demon,https://static.prizepicks.com/images/players/MLB/Sean_Murphy_MLB_player_GSWZPCMTBYwlQ07NFA0MEl9x-450.webp,15351928,,,,,,Under,,2026-10-02T00:11:00Z,No,1.4,7.5,Rays @ Braves,2026-09-08T23:15:00Z,Tue 07:15pm,Truist Park,outdoor,,,,,3.900,,,,No,PHI,3.9,1.76,44.99070172,55.00929828,44.99070172,3.9,22,-0.00669,under,2.78,3.893312,3.52,-0.17,Push
PrizePicks,MLB,233219,Drake Baldwin,C,ATL,Balls Counted,5.5,N/A,N/A,10/1/2026,12:36:36 PM,pre_game,MLB,standard,https://static.prizepicks.com/images/players/MLB/Drake_Baldwin_MLB_player_2bszMiBPtE84wfUl1dPBtueo-450.webp,15368059,,,,,,,,2026-10-02T00:11:00Z,No,1.4,7.5,Rays @ Braves,2026-09-08T23:15:00Z,Tue 07:15pm,Truist Park,outdoor,,,,,,,,,No,PHI,5.72,2.79,,,,0,19,-0.08231,under,0.79,-0.082305,3.15,0,Push
PrizePicks,MLB,127032,Trea Turner,IF,PHI,Balls Counted,5.5,TRUE,N/A,10/1/2026,12:36:36 PM,pre_game,MLB,demon,https://static.prizepicks.com/images/players/MLB/Trea_Turner_MLB_player_PzSAbDCREg3T5256tVuvznWK-450.webp,15368112,,,,,,,,2026-10-02T00:11:00Z,Yes,-1.4,7.5,Astros @ Phillies,2026-09-08T22:40:00Z,Tue 06:40pm,Citizens Bank Park,outdoor,NBCS-PH,,,,,,,,No,ATL,6.32,2.52,,,,0,17,-0.0509,under,0.61,-0.050904,0.61,0,Push
PrizePicks,MLB,67634,J.T. Realmuto,C,PHI,Balls Counted,5.5,TRUE,N/A,10/1/2026,12:36:36 PM,pre_game,MLB,demon,https://static.prizepicks.com/images/players/MLB/Jacob_Realmuto_MLB_player_qUdvpTDV1nY6g19qkvI7KEEH-450.webp,15368143,,,,,,,,2026-10-02T00:11:00Z,Yes,-1.4,7.5,Astros @ Phillies,2026-09-08T22:40:00Z,Tue 06:40pm,Citizens Bank Park,outdoor,NBCS-PH,,,,,,,,No,,,3.5,,,,0,,0,,0.72,,0.72,0,Push
PrizePicks,MLB,68832,Michael Harris II,OF,ATL,Strikes Counted,5.5,N/A,N/A,10/1/2026,12:36:36 PM,pre_game,MLB,standard,https://static.prizepicks.com/images/players/MLB/Michael_Harris_MLB_player_ZkXYVk5eP3OK6w4UecYW3tdb-450.webp,15368147,,,,,,,,2026-10-02T00:11:00Z,No,1.4,7.5,Rays @ Braves,2026-09-08T23:15:00Z,Tue 07:15pm,Truist Park,outdoor,,,,,,,,,No,PHI,5.62,2.39,,,,0,19,-0.0705,under,0.7,-0.070505,3.1,0,Push
PrizePicks,MLB,67614,Matt Olson,IF,ATL,Hitter Fantasy Score,5,N/A,N/A,10/1/2026,12:36:36 PM,pre_game,MLB,standard,https://static.prizepicks.com/images/players/MLB/Matthew_Olson_MLB_player_NDhzwn6hkBC70gLyFChsulYT-450.webp,15351888,,,,,,Over,,2026-10-02T00:11:00Z,No,1.4,7.5,Rays @ Braves,2026-09-08T23:15:00Z,Tue 07:15pm,Truist Park,outdoor,,,,,6.36,,,,No,PHI,6.36,2.78,51.83805824,48.16194176,51.83805824,6.36,22,-0.01056,under,7.06,6.349436,6.21,6.27,Great Bet
PrizePicks,MLB,67532,Kyle Schwarber,DH,PHI,Hitter Fantasy Score,5,N/A,N/A,10/1/2026,12:36:36 PM,pre_game,MLB,standard,https://static.prizepicks.com/images/players/MLB/Kyle_Schwarber_MLB_player_68nHEJrjzq1CxWv0nqnyV0Tj-450.webp,15351894,,,,,,Over,,2026-10-02T00:11:00Z,Yes,-1.4,7.5,Astros @ Phillies,2026-09-08T22:40:00Z,Tue 06:40pm,Citizens Bank Park,outdoor,NBCS-PH,,,,7.09,,,,No,ATL,7.09,3.2,53.51063588,46.48936412,53.51063588,7.09,10,0.00768,over,8.74,7.09768,7,7.1,Great Bet
PrizePicks,MLB,68832,Michael Harris II,OF,ATL,Hitter Fantasy Score,5,N/A,N/A,10/1/2026,12:36:36 PM,pre_game,MLB,standard,https://static.prizepicks.com/images/players/MLB/Michael_Harris_MLB_player_ZkXYVk5eP3OK6w4UecYW3tdb-450.webp,15351918,,,,,,Over,,2026-10-02T00:11:00Z,No,1.4,7.5,Rays @ Braves,2026-09-08T23:15:00Z,Tue 07:15pm,Truist Park,outdoor,,,,,5.62,,,,No,PHI,5.62,2.39,49.85882683,50.14117317,49.85882683,5.62,22,-0.00908,under,5.71,5.610918,5.67,6.4,Great Bet
PrizePicks,MLB,69890,Brandon Marsh,OF,PHI,Hitter Fantasy Score,4.5,N/A,N/A,10/1/2026,12:36:36 PM,pre_game,MLB,standard,https://static.prizepicks.com/images/players/MLB/Brandon_Marsh_MLB_player_JZ5RTWUyIllOGkmAwyKUtF5H-450.webp,15351900,,,,,,Over,,2026-10-02T00:11:00Z,Yes,-1.4,7.5,Astros @ Phillies,2026-09-08T22:40:00Z,Tue 06:40pm,Citizens Bank Park,outdoor,NBCS-PH,,,,5.170,,,,No,ATL,5.17,2.53,51.48021239,48.51978761,51.48021239,5.17,10,0.00607,over,5.29,5.176072,5.03,-0.14,Great Bet
PrizePicks,MLB,69515,Bryson Stott,IF,PHI,Hitter Fantasy Score,4.5,N/A,N/A,10/1/2026,12:36:36 PM,pre_game,MLB,standard,https://static.prizepicks.com/images/players/MLB/Bryson_Stott_MLB_player_R761z8GtmmBHjPjfJP9iL5x6-450.webp,15351903,,,,,,Over,,2026-10-02T00:11:00Z,Yes,-1.4,7.5,Astros @ Phillies,2026-09-08T22:40:00Z,Tue 06:40pm,Citizens Bank Park,outdoor,NBCS-PH,,,,5.760,,,,No,ATL,5.76,2.45,53.02560042,46.97439958,53.02560042,5.76,10,0.00588,over,5.86,5.76588,5.44,5.33,Great Bet
PrizePicks,MLB,309068,Mauricio Dubón,OF,ATL,Hitter Fantasy Score,4.5,N/A,N/A,10/1/2026,12:36:36 PM,pre_game,MLB,standard,https://static.prizepicks.com/images/manual/Mauricio Dubón.png,15351912,,,,,,Push,,2026-10-02T00:11:00Z,No,1.4,7.5,Rays @ Braves,2026-09-08T23:15:00Z,Tue 07:15pm,Truist Park,outdoor,,,,,4.500,,,,No,PHI,4.5,2.03,49.46494039,50.53505961,49.46494039,4.5,22,-0.00771,under,4.12,4.492286,4.4,-0.14,Push
PrizePicks,MLB,127250,Ozzie Albies,IF,ATL,Hitter Fantasy Score,4.5,N/A,N/A,10/1/2026,12:36:36 PM,pre_game,MLB,standard,https://static.prizepicks.com/images/players/MLB/Ozhaino_Albies_MLB_player_G3gl7zvDUXIaQWzRdOQkGkTS-450.webp,15351924,,,,,,Under,,2026-10-02T00:11:00Z,No,1.4,7.5,Rays @ Braves,2026-09-08T23:15:00Z,Tue 07:15pm,Truist Park,outdoor,,,,,4.460,,,,No,PHI,4.46,1.98,49.33812708,50.66187292,49.33812708,4.46,22,-0.00752,under,4,4.452476,4.53,5.26,Great Bet
PrizePicks,MLB,67614,Matt Olson,IF,ATL,Plate Appearances,4.5,TRUE,N/A,10/1/2026,12:36:36 PM,pre_game,MLB,demon,https://static.prizepicks.com/images/players/MLB/Matthew_Olson_MLB_player_NDhzwn6hkBC70gLyFChsulYT-450.webp,15368047,,,,,,,,2026-10-02T00:11:00Z,No,1.4,7.5,Rays @ Braves,2026-09-08T23:15:00Z,Tue 07:15pm,Truist Park,outdoor,,,,,,,,,No,PHI,6.36,2.78,,,,0,19,-0.08201,under,0.7,-0.08201,0.7,0,Push
PrizePicks,MLB,233219,Drake Baldwin,C,ATL,Plate Appearances,4.5,TRUE,N/A,10/1/2026,12:36:36 PM,pre_game,MLB,demon,https://static.prizepicks.com/images/players/MLB/Drake_Baldwin_MLB_player_2bszMiBPtE84wfUl1dPBtueo-450.webp,15368060,,,,,,,,2026-10-02T00:11:00Z,No,1.4,7.5,Rays @ Braves,2026-09-08T23:15:00Z,Tue 07:15pm,Truist Park,outdoor,,,,,,,,,No,PHI,5.72,2.79,,,,0,19,-0.08231,under,0.79,-0.082305,0.79,0,Push
PrizePicks,MLB,67555,Ronald Acuña Jr.,OF,ATL,Plate Appearances,4.5,TRUE,N/A,10/1/2026,12:36:36 PM,pre_game,MLB,demon,https://static.prizepicks.com/images/players/MLB/Ronald_Acu%C3%B1a_MLB_player_tUwoDZ2wW0mEiTxchuRbbAHl-450.webp,15368083,,,,,,,,2026-10-02T00:11:00Z,No,1.4,7.5,Rays @ Braves,2026-09-08T23:15:00Z,Tue 07:15pm,Truist Park,outdoor,,,,,,,,,No,-,7.21,3.5,,,,0,,0,,0.89,,0.89,0,Push
PrizePicks,MLB,73988,Bryce Harper,IF,PHI,Plate Appearances,4.5,TRUE,N/A,10/1/2026,12:36:36 PM,pre_game,MLB,goblin,https://static.prizepicks.com/images/players/MLB/Bryce_Harper_MLB_player_mhsTcoXtjRH4vlcux7XU1Zyy-450.webp,15368098,,,,,,,,2026-10-02T00:11:00Z,Yes,-1.4,7.5,Astros @ Phillies,2026-09-08T22:40:00Z,Tue 06:40pm,Citizens Bank Park,outdoor,NBCS-PH,,,,,,,,No,ATL,5.8,2.28,,,,0,17,-0.04606,under,0.61,-0.046056,0.61,0,Push
PrizePicks,MLB,127032,Trea Turner,IF,PHI,Plate Appearances,4.5,TRUE,N/A,10/1/2026,12:36:36 PM,pre_game,MLB,goblin,https://static.prizepicks.com/images/players/MLB/Trea_Turner_MLB_player_PzSAbDCREg3T5256tVuvznWK-450.webp,15368116,,,,,,,,2026-10-02T00:11:00Z,Yes,-1.4,7.5,Astros @ Phillies,2026-09-08T22:40:00Z,Tue 06:40pm,Citizens Bank Park,outdoor,NBCS-PH,,,,,,,,No,ATL,6.32,2.52,,,,0,17,-0.0509,under,0.61,-0.050904,0.61,0,Push
PrizePicks,MLB,67532,Kyle Schwarber,DH,PHI,Plate Appearances,4.5,TRUE,N/A,10/1/2026,12:36:36 PM,pre_game,MLB,goblin,https://static.prizepicks.com/images/players/MLB/Kyle_Schwarber_MLB_player_68nHEJrjzq1CxWv0nqnyV0Tj-450.webp,15368130,,,,,,,,2026-10-02T00:11:00Z,Yes,-1.4,7.5,Astros @ Phillies,2026-09-08T22:40:00Z,Tue 06:40pm,Citizens Bank Park,outdoor,NBCS-PH,,,,,,,,No,ATL,7.09,3.2,,,,0,17,-0.06464,under,0.74,-0.06464,0.74,0,Push
PrizePicks,MLB,67634,J.T. Realmuto,C,PHI,Plate Appearances,4.5,TRUE,N/A,10/1/2026,12:36:36 PM,pre_game,MLB,demon,https://static.prizepicks.com/images/players/MLB/Jacob_Realmuto_MLB_player_qUdvpTDV1nY6g19qkvI7KEEH-450.webp,15368145,,,,,,,,2026-10-02T00:11:00Z,Yes,-1.4,7.5,Astros @ Phillies,2026-09-08T22:40:00Z,Tue 06:40pm,Citizens Bank Park,outdoor,NBCS-PH,,,,,,,,No,,,3.5,,,,0,,0,,0.72,,0.72,0,Push
PrizePicks,MLB,68832,Michael Harris II,OF,ATL,Balls Counted,4.5,TRUE,N/A,10/1/2026,12:36:36 PM,pre_game,MLB,demon,https://static.prizepicks.com/images/players/MLB/Michael_Harris_MLB_player_ZkXYVk5eP3OK6w4UecYW3tdb-450.webp,15368152,,,,,,,,2026-10-02T00:11:00Z,No,1.4,7.5,Rays @ Braves,2026-09-08T23:15:00Z,Tue 07:15pm,Truist Park,outdoor,,,,,,,,,No,PHI,5.62,2.39,,,,0,19,-0.0705,under,0.7,-0.070505,0.7,0,Push
PrizePicks,MLB,68832,Michael Harris II,OF,ATL,Plate Appearances,4.5,TRUE,N/A,10/1/2026,12:36:36 PM,pre_game,MLB,demon,https://static.prizepicks.com/images/players/MLB/Michael_Harris_MLB_player_ZkXYVk5eP3OK6w4UecYW3tdb-450.webp,15368154,,,,,,,,2026-10-02T00:11:00Z,No,1.4,7.5,Rays @ Braves,2026-09-08T23:15:00Z,Tue 07:15pm,Truist Park,outdoor,,,,,,,,,No,PHI,5.62,2.39,,,,0,19,-0.0705,under,0.7,-0.070505,0.7,0,Push
PrizePicks,MLB,67558,Austin Riley,IF,ATL,Hitter Fantasy Score,3.5,N/A,N/A,10/1/2026,12:36:36 PM,pre_game,MLB,standard,https://static.prizepicks.com/images/players/MLB/Michael_Riley_MLB_player_mZ93NJZS0EsLvYCwgHVNsy32-450.webp,15351878,,,,,,Over,,2026-10-02T00:11:00Z,No,1.4,7.5,Rays @ Braves,2026-09-08T23:15:00Z,Tue 07:15pm,Truist Park,outdoor,,,,,4.170,,,,No,PHI,4.17,1.9,51.65029895,48.34970105,51.65029895,4.17,22,-0.00722,under,3.76,4.16278,3.9,-0.2,Great Bet
PrizePicks,MLB,74759,Edmundo Sosa,OF,PHI,Hitter Fantasy Score,3.5,N/A,N/A,10/1/2026,12:36:36 PM,pre_game,MLB,standard,https://static.prizepicks.com/images/players/MLB/Edmundo_Sosa_MLB_player_JIJ7g9fQHiTmGPC8SZmBl8oP-450.webp,15351906,,,,,,Over,,2026-10-02T00:11:00Z,Yes,-1.4,7.5,Astros @ Phillies,2026-09-08T22:40:00Z,Tue 06:40pm,Citizens Bank Park,outdoor,NBCS-PH,,,,4.840,,,,No,ATL,4.84,2.73,53.52987039,46.47012961,53.52987039,4.84,10,0.00655,over,6.25,4.846552,4.86,0,Great Bet
PrizePicks,MLB,233219,Drake Baldwin,C,ATL,Hitter Fantasy Score,3.5,TRUE,N/A,10/1/2026,12:36:36 PM,pre_game,MLB,goblin,https://static.prizepicks.com/images/players/MLB/Drake_Baldwin_MLB_player_2bszMiBPtE84wfUl1dPBtueo-450.webp,15351911,,,,,,Over,,2026-10-02T00:11:00Z,No,1.4,7.5,Rays @ Braves,2026-09-08T23:15:00Z,Tue 07:15pm,Truist Park,outdoor,,,,,5.720,,,,No,PHI,5.72,2.79,55.3667943,44.6332057,55.3667943,5.72,22,-0.0106,under,6.58,5.709398,6.06,6.24,Great Bet
PrizePicks,MLB,309860,Justin Crawford,OF,PHI,Hitter Fantasy Score,3.5,N/A,N/A,10/1/2026,12:36:36 PM,pre_game,MLB,standard,https://static.prizepicks.com/images/manual/Justin Crawford.png,15351921,,,,,,Over,,2026-10-02T00:11:00Z,Yes,-1.4,7.5,Astros @ Phillies,2026-09-08T22:40:00Z,Tue 06:40pm,Citizens Bank Park,outdoor,NBCS-PH,,,,4.280,,,,No,ATL,4.28,2.05,51.98732055,48.01267945,51.98732055,4.28,10,0.00492,over,3.98,4.28492,4.01,-0.11,Great Bet
PrizePicks,MLB,67634,J.T. Realmuto,C,PHI,Hitter Fantasy Score,3.5,N/A,N/A,10/1/2026,12:36:36 PM,pre_game,MLB,standard,https://static.prizepicks.com/images/players/MLB/Jacob_Realmuto_MLB_player_qUdvpTDV1nY6g19qkvI7KEEH-450.webp,15351930,,,,,,Push,,2026-10-02T00:11:00Z,Yes,-1.4,7.5,Astros @ Phillies,2026-09-08T22:40:00Z,Tue 06:40pm,Citizens Bank Park,outdoor,NBCS-PH,,,,,,,,No,,,3.5,,,,0.08,,0,,6.54,,3.38,0,Push
PrizePicks,MLB,310126,Mike Yastrzemski,OF,ATL,Hitter Fantasy Score,3,N/A,N/A,10/1/2026,12:36:36 PM,pre_game,MLB,standard,https://static.prizepicks.com/images/manual/Mike Yastrzemski.png,15351897,,,,,,Over,,2026-10-02T00:11:00Z,No,1.4,7.5,Rays @ Braves,2026-09-08T23:15:00Z,Tue 07:15pm,Truist Park,outdoor,,,,,3.970,,,,No,PHI,3.97,2,51.01078346,48.98921654,51.01078346,3.97,22,-0.0076,under,4.1,3.9624,3.76,-0.24,Great Bet
PrizePicks,MLB,127255,Sean Murphy,C,ATL,Hitter Fantasy Score,3,N/A,N/A,10/1/2026,12:36:36 PM,pre_game,MLB,standard,https://static.prizepicks.com/images/players/MLB/Sean_Murphy_MLB_player_GSWZPCMTBYwlQ07NFA0MEl9x-450.webp,15351927,,,,,,Over,,2026-10-02T00:11:00Z,No,1.4,7.5,Rays @ Braves,2026-09-08T23:15:00Z,Tue 07:15pm,Truist Park,outdoor,,,,,3.900,,,,No,PHI,3.9,1.76,50.77922066,49.22077934,50.77922066,3.9,22,-0.00669,under,2.78,3.893312,3.39,-0.17,Great Bet
PrizePicks,MLB,67555,Ronald Acuña Jr.,OF,ATL,Hitter Fantasy Score,2.5,TRUE,N/A,10/1/2026,12:36:36 PM,pre_game,MLB,goblin,https://static.prizepicks.com/images/players/MLB/Ronald_Acu%C3%B1a_MLB_player_tUwoDZ2wW0mEiTxchuRbbAHl-450.webp,15351883,,,,,,Over,,2026-10-02T00:11:00Z,No,1.4,7.5,Rays @ Braves,2026-09-08T23:15:00Z,Tue 07:15pm,Truist Park,outdoor,,,,,7.210,,,,No,-,7.21,3.5,57.9119885,42.0880115,57.9119885,7.21,,0,,9.13,,7.57,6.35,Great Bet
PrizePicks,MLB,67940,Alec Bohm,IF,PHI,Hitter Fantasy Score,2.5,TRUE,N/A,10/1/2026,12:36:36 PM,pre_game,MLB,goblin,https://static.prizepicks.com/images/players/MLB/Alec_Bohm_MLB_player_kikYiFKsWk4374Ra6YncvWQy-450.webp,15351886,,,,,,Over,,2026-10-02T00:11:00Z,Yes,-1.4,7.5,Astros @ Phillies,2026-09-08T22:40:00Z,Tue 06:40pm,Citizens Bank Park,outdoor,NBCS-PH,,,,6.500,,,,No,ATL,6.5,2.75,57.61606755,42.38393245,57.61606755,6.5,10,0.0066,over,5.53,6.5066,6,5.46,Great Bet
PrizePicks,MLB,67614,Matt Olson,IF,ATL,Hitter Fantasy Score,2.5,TRUE,N/A,10/1/2026,12:36:36 PM,pre_game,MLB,goblin,https://static.prizepicks.com/images/players/MLB/Matthew_Olson_MLB_player_NDhzwn6hkBC70gLyFChsulYT-450.webp,15351890,,,,,,Over,,2026-10-02T00:11:00Z,No,1.4,7.5,Rays @ Braves,2026-09-08T23:15:00Z,Tue 07:15pm,Truist Park,outdoor,,,,,6.360,,,,No,PHI,6.36,2.78,57.53826275,42.46173725,57.53826275,6.36,22,-0.01056,under,7.06,6.349436,6.51,6.27,Great Bet
PrizePicks,MLB,73988,Bryce Harper,IF,PHI,Hitter Fantasy Score,2.5,TRUE,N/A,10/1/2026,12:36:36 PM,pre_game,MLB,goblin,https://static.prizepicks.com/images/players/MLB/Bryce_Harper_MLB_player_mhsTcoXtjRH4vlcux7XU1Zyy-450.webp,15351893,,,,,,Over,,2026-10-02T00:11:00Z,Yes,-1.4,7.5,Astros @ Phillies,2026-09-08T22:40:00Z,Tue 06:40pm,Citizens Bank Park,outdoor,NBCS-PH,,,,5.800,,,,No,ATL,5.8,2.28,57.14148595,42.85851405,57.14148595,5.8,10,0.00547,over,6.13,5.805472,5.98,6.18,Great Bet
PrizePicks,MLB,67532,Kyle Schwarber,DH,PHI,Hitter Fantasy Score,2.5,TRUE,N/A,10/1/2026,12:36:36 PM,pre_game,MLB,goblin,https://static.prizepicks.com/images/players/MLB/Kyle_Schwarber_MLB_player_68nHEJrjzq1CxWv0nqnyV0Tj-450.webp,15351896,,,,,,Over,,2026-10-02T00:11:00Z,Yes,-1.4,7.5,Astros @ Phillies,2026-09-08T22:40:00Z,Tue 06:40pm,Citizens Bank Park,outdoor,NBCS-PH,,,,7.090,,,,No,ATL,7.09,3.2,57.87185274,42.12814726,57.87185274,7.09,10,0.00768,over,8.74,7.09768,7.51,7.1,Great Bet
PrizePicks,MLB,69890,Brandon Marsh,OF,PHI,Hitter Fantasy Score,2.5,TRUE,N/A,10/1/2026,12:36:36 PM,pre_game,MLB,goblin,https://static.prizepicks.com/images/players/MLB/Brandon_Marsh_MLB_player_JZ5RTWUyIllOGkmAwyKUtF5H-450.webp,15351902,,,,,,Over,,2026-10-02T00:11:00Z,Yes,-1.4,7.5,Astros @ Phillies,2026-09-08T22:40:00Z,Tue 06:40pm,Citizens Bank Park,outdoor,NBCS-PH,,,,5.170,,,,No,ATL,5.17,2.53,56.48258458,43.51741542,56.48258458,5.17,10,0.00607,over,5.29,5.176072,5.21,-0.14,Great Bet
PrizePicks,MLB,69515,Bryson Stott,IF,PHI,Hitter Fantasy Score,2.5,TRUE,N/A,10/1/2026,12:36:36 PM,pre_game,MLB,goblin,https://static.prizepicks.com/images/players/MLB/Bryson_Stott_MLB_player_R761z8GtmmBHjPjfJP9iL5x6-450.webp,15351905,,,,,,Over,,2026-10-02T00:11:00Z,Yes,-1.4,7.5,Astros @ Phillies,2026-09-08T22:40:00Z,Tue 06:40pm,Citizens Bank Park,outdoor,NBCS-PH,,,,5.760,,,,No,ATL,5.76,2.45,57.10708876,42.89291124,57.10708876,5.76,10,0.00588,over,5.86,5.76588,5.68,5.33,Great Bet
PrizePicks,MLB,309068,Mauricio Dubón,OF,ATL,Hitter Fantasy Score,2.5,TRUE,N/A,10/1/2026,12:36:36 PM,pre_game,MLB,goblin,https://static.prizepicks.com/images/manual/Mauricio Dubón.png,15351914,,,,,,Over,,2026-10-02T00:11:00Z,No,1.4,7.5,Rays @ Braves,2026-09-08T23:15:00Z,Tue 07:15pm,Truist Park,outdoor,,,,,4.500,,,,No,PHI,4.5,2.03,55.44036548,44.55963452,55.44036548,4.5,22,-0.00771,under,4.12,4.492286,4.37,-0.14,Great Bet
PrizePicks,MLB,127032,Trea Turner,IF,PHI,Hitter Fantasy Score,2.5,TRUE,N/A,10/1/2026,12:36:36 PM,pre_game,MLB,goblin,https://static.prizepicks.com/images/players/MLB/Trea_Turner_MLB_player_PzSAbDCREg3T5256tVuvznWK-450.webp,15351917,,,,,,Over,,2026-10-02T00:11:00Z,Yes,-1.4,7.5,Astros @ Phillies,2026-09-08T22:40:00Z,Tue 06:40pm,Citizens Bank Park,outdoor,NBCS-PH,,,,6.320,,,,No,ATL,6.32,2.52,57.51462303,42.48537697,57.51462303,6.32,10,0.00605,over,5.22,6.326048,6.06,6.37,Great Bet
PrizePicks,MLB,68832,Michael Harris II,OF,ATL,Hitter Fantasy Score,2.5,TRUE,N/A,10/1/2026,12:36:36 PM,pre_game,MLB,goblin,https://static.prizepicks.com/images/players/MLB/Michael_Harris_MLB_player_ZkXYVk5eP3OK6w4UecYW3tdb-450.webp,15351920,,,,,,Over,,2026-10-02T00:11:00Z,No,1.4,7.5,Rays @ Braves,2026-09-08T23:15:00Z,Tue 07:15pm,Truist Park,outdoor,,,,,5.620,,,,No,PHI,5.62,2.39,56.97939698,43.02060302,56.97939698,5.62,22,-0.00908,under,5.71,5.610918,5.84,6.4,Great Bet
PrizePicks,MLB,127250,Ozzie Albies,IF,ATL,Hitter Fantasy Score,2.5,TRUE,N/A,10/1/2026,12:36:36 PM,pre_game,MLB,goblin,https://static.prizepicks.com/images/players/MLB/Ozhaino_Albies_MLB_player_G3gl7zvDUXIaQWzRdOQkGkTS-450.webp,15351926,,,,,,Over,,2026-10-02T00:11:00Z,No,1.4,7.5,Rays @ Braves,2026-09-08T23:15:00Z,Tue 07:15pm,Truist Park,outdoor,,,,,4.460,,,,No,PHI,4.46,1.98,55.36454239,44.63545761,55.36454239,4.46,22,-0.00752,under,4,4.452476,4.54,5.26,Great Bet
PrizePicks,MLB,67558,Austin Riley,IF,ATL,Hitter Fantasy Score,1.5,TRUE,N/A,10/1/2026,12:36:36 PM,pre_game,MLB,goblin,https://static.prizepicks.com/images/players/MLB/Michael_Riley_MLB_player_mZ93NJZS0EsLvYCwgHVNsy32-450.webp,15351880,,,,,,Over,,2026-10-02T00:11:00Z,No,1.4,7.5,Rays @ Braves,2026-09-08T23:15:00Z,Tue 07:15pm,Truist Park,outdoor,,,,,4.170,,,,No,PHI,4.17,1.9,57.00186359,42.99813641,57.00186359,4.17,22,-0.00722,under,3.76,4.16278,4.03,-0.2,Great Bet
PrizePicks,MLB,310126,Mike Yastrzemski,OF,ATL,Hitter Fantasy Score,1.5,TRUE,N/A,10/1/2026,12:36:36 PM,pre_game,MLB,goblin,https://static.prizepicks.com/images/manual/Mike Yastrzemski.png,15351899,,,,,,Over,,2026-10-02T00:11:00Z,No,1.4,7.5,Rays @ Braves,2026-09-08T23:15:00Z,Tue 07:15pm,Truist Park,outdoor,,,,,3.970,,,,No,PHI,3.97,2,56.76998396,43.23001604,56.76998396,3.97,22,-0.0076,under,4.1,3.9624,4.01,-0.24,Great Bet
PrizePicks,MLB,74759,Edmundo Sosa,OF,PHI,Hitter Fantasy Score,1.5,TRUE,N/A,10/1/2026,12:36:36 PM,pre_game,MLB,goblin,https://static.prizepicks.com/images/players/MLB/Edmundo_Sosa_MLB_player_JIJ7g9fQHiTmGPC8SZmBl8oP-450.webp,15351908,,,,,,Over,,2026-10-02T00:11:00Z,Yes,-1.4,7.5,Astros @ Phillies,2026-09-08T22:40:00Z,Tue 06:40pm,Citizens Bank Park,outdoor,NBCS-PH,,,,4.840,,,,No,ATL,4.84,2.73,57.56371341,42.43628659,57.56371341,4.84,10,0.00655,over,6.25,4.846552,5.31,0,Great Bet
PrizePicks,MLB,309860,Justin Crawford,OF,PHI,Hitter Fantasy Score,1.5,TRUE,N/A,10/1/2026,12:36:36 PM,pre_game,MLB,goblin,https://static.prizepicks.com/images/manual/Justin Crawford.png,15351923,,,,,,Over,,2026-10-02T00:11:00Z,Yes,-1.4,7.5,Astros @ Phillies,2026-09-08T22:40:00Z,Tue 06:40pm,Citizens Bank Park,outdoor,NBCS-PH,,,,4.280,,,,No,ATL,4.28,2.05,57.11517907,42.88482093,57.11517907,4.28,10,0.00492,over,3.98,4.28492,4.18,-0.11,Great Bet
PrizePicks,MLB,127255,Sean Murphy,C,ATL,Hitter Fantasy Score,1.5,TRUE,N/A,10/1/2026,12:36:36 PM,pre_game,MLB,goblin,https://static.prizepicks.com/images/players/MLB/Sean_Murphy_MLB_player_GSWZPCMTBYwlQ07NFA0MEl9x-450.webp,15351929,,,,,,Over,,2026-10-02T00:11:00Z,No,1.4,7.5,Rays @ Braves,2026-09-08T23:15:00Z,Tue 07:15pm,Truist Park,outdoor,,,,,3.900,,,,No,PHI,3.9,1.76,56.6802439,43.3197561,56.6802439,3.9,22,-0.00669,under,2.78,3.893312,3.52,-0.17,Great Bet
PrizePicks,MLB,67634,J.T. Realmuto,C,PHI,Hitter Fantasy Score,1.5,TRUE,N/A,10/1/2026,12:36:36 PM,pre_game,MLB,goblin,https://static.prizepicks.com/images/players/MLB/Jacob_Realmuto_MLB_player_qUdvpTDV1nY6g19qkvI7KEEH-450.webp,15351932,,,,,,Push,,2026-10-02T00:11:00Z,Yes,-1.4,7.5,Astros @ Phillies,2026-09-08T22:40:00Z,Tue 06:40pm,Citizens Bank Park,outdoor,NBCS-PH,,,,,,,,No,,,3.5,,,,0.08,,0,,6.54,,3.31,0,Push
PrizePicks,MLB,68133,Aaron Nola,P,PHI,Pitching Outs,14.5,TRUE,N/A,10/1/2026,12:36:36 PM,pre_game,MLB,demon,https://static.prizepicks.com/images/players/MLB/Aaron_Nola_MLB_player_PQQEn8FwSTYP50BL3uYRjm7W-450.webp,15372802,,,,,,,,2026-10-02T00:11:00Z,Yes,-1.4,7.5,Astros @ Phillies,2026-09-08T22:40:00Z,Tue 06:40pm,Citizens Bank Park,outdoor,NBCS-PH,,,,,,,,No,ATL,18.87,0.77,,,,0,17,-0.01555,under,177,-0.015554,177,0,Push
PrizePicks,MLB,68133,Aaron Nola,P,PHI,Pitching Outs,11.5,TRUE,N/A,10/1/2026,12:36:36 PM,pre_game,MLB,standard,https://static.prizepicks.com/images/players/MLB/Aaron_Nola_MLB_player_PQQEn8FwSTYP50BL3uYRjm7W-450.webp,15373062,,,,,,,,2026-10-02T00:11:00Z,Yes,-1.4,7.5,Astros @ Phillies,2026-09-08T22:40:00Z,Tue 06:40pm,Citizens Bank Park,outdoor,NBCS-PH,,,,,,,,No,ATL,18.87,0.77,,,,0,17,-0.01555,under,177,-0.015554,94.25,0,Push
PrizePicks,MLB,68133,Aaron Nola,P,PHI,Pitching Outs,8.5,TRUE,N/A,10/1/2026,12:36:36 PM,pre_game,MLB,goblin,https://static.prizepicks.com/images/players/MLB/Aaron_Nola_MLB_player_PQQEn8FwSTYP50BL3uYRjm7W-450.webp,15372801,,,,,,,,2026-10-02T00:11:00Z,Yes,-1.4,7.5,Astros @ Phillies,2026-09-08T22:40:00Z,Tue 06:40pm,Citizens Bank Park,outdoor,NBCS-PH,,,,,,,,No,ATL,18.87,0.77,,,,0,17,-0.01555,under,177,-0.015554,177,0,Push
PrizePicks,MLB,67532,Kyle Schwarber,DH,PHI,Total Bases,7.5,TRUE,N/A,10/1/2026,12:36:36 PM,pre_game,MLB,demon,https://static.prizepicks.com/images/players/MLB/Kyle_Schwarber_MLB_player_68nHEJrjzq1CxWv0nqnyV0Tj-450.webp,15357984,,,,,,,,2026-10-02T00:11:00Z,Yes,-1.4,7.5,Astros @ Phillies,2026-09-08T22:40:00Z,Tue 06:40pm,Citizens Bank Park,outdoor,NBCS-PH,,,,,,,,No,ATL,7.09,3.2,,,,0,17,-0.06464,under,0.74,-0.06464,1.12,1.5,Push
PrizePicks,MLB,68133,Aaron Nola,P,PHI,Pitcher Strikeouts,7.5,TRUE,N/A,10/1/2026,12:36:36 PM,pre_game,MLB,demon,https://static.prizepicks.com/images/players/MLB/Aaron_Nola_MLB_player_PQQEn8FwSTYP50BL3uYRjm7W-450.webp,15372961,3.50,52.25,47.75,-10.06,52.25,Over,https://www.freeiconspng.com/img/1934,2026-10-02T00:11:00Z,No,1.4,7.5,Astros @ Phillies,2026-09-08T22:40:00Z,Tue 06:40pm,Citizens Bank Park,outdoor,NBCS-PH,-109.000,-109.000,,3.658,,,,No,ATL,18.87,3.91,3.329890932,96.67010907,3.329890932,3.66,7,0.0739,over,3.95,3.731399,3.78,0,Push
PrizePicks,MLB,68133,Aaron Nola,P,PHI,Hits Allowed,7.5,TRUE,N/A,10/1/2026,12:36:36 PM,pre_game,MLB,demon,https://static.prizepicks.com/images/players/MLB/Aaron_Nola_MLB_player_PQQEn8FwSTYP50BL3uYRjm7W-450.webp,15372996,,,,,,,,2026-10-02T00:11:00Z,Yes,-1.4,7.5,Astros @ Phillies,2026-09-08T22:40:00Z,Tue 06:40pm,Citizens Bank Park,outdoor,NBCS-PH,,,,,,,,No,ATL,18.87,0.77,,,,0,10,0.00185,over,177,0.001848,177,0,Push
PrizePicks,MLB,67532,Kyle Schwarber,DH,PHI,Hits+Runs+RBIs,6.5,TRUE,N/A,10/1/2026,12:36:36 PM,pre_game,MLB,demon,https://static.prizepicks.com/images/players/MLB/Kyle_Schwarber_MLB_player_68nHEJrjzq1CxWv0nqnyV0Tj-450.webp,15359530,1.50,48.45,51.55,-6.26,51.55,Under,https://www.freeiconspng.com/img/1934,2026-10-02T00:11:00Z,No,1.4,7.5,Astros @ Phillies,2026-09-08T22:40:00Z,Tue 06:40pm,Citizens Bank Park,outdoor,NBCS-PH,-106.000,-106.000,9/8/2026,1.454,,,,No,ATL,7.09,3.2,0.07729264159,99.92270736,0.07729264159,1.45,9,0.00832,over,0.74,1.46182,1.1,0,Push
PrizePicks,MLB,73988,Bryce Harper,IF,PHI,Hits+Runs+RBIs,6.5,TRUE,N/A,10/1/2026,12:36:36 PM,pre_game,MLB,demon,https://static.prizepicks.com/images/players/MLB/Bryce_Harper_MLB_player_mhsTcoXtjRH4vlcux7XU1Zyy-450.webp,15359739,1.50,48.87,51.13,-6.68,51.13,Under,https://www.freeiconspng.com/img/1934,2026-10-02T00:11:00Z,No,1.4,7.5,Astros @ Phillies,2026-09-08T22:40:00Z,Tue 06:40pm,Citizens Bank Park,outdoor,NBCS-PH,-105.000,-105.000,9/8/2026,1.4661,,,,No,ATL,5.8,2.28,0.0812266458,99.91877335,0.0812266458,1.47,9,0.00593,over,0.61,1.472028,1.04,0,Push
PrizePicks,MLB,127032,Trea Turner,IF,PHI,Hits+Runs+RBIs,6.5,TRUE,N/A,10/1/2026,12:36:36 PM,pre_game,MLB,demon,https://static.prizepicks.com/images/players/MLB/Trea_Turner_MLB_player_PzSAbDCREg3T5256tVuvznWK-450.webp,15359746,1.50,52.2,47.8,-10.01,52.2,Over,https://www.freeiconspng.com/img/1934,2026-09-30T18:00:00Z,No,1.4,7.5,Astros @ Phillies,2026-09-08T22:40:00Z,Tue 06:40pm,Citizens Bank Park,outdoor,NBCS-PH,-109.000,-109.000,9/8/2026,1.566,,,,No,ATL,6.32,2.52,0.1183125427,99.88168746,0.1183125427,1.57,9,0.00655,over,0.61,1.572552,1.09,0,Push
PrizePicks,MLB,68133,Aaron Nola,P,PHI,Pitcher Strikeouts,6.5,TRUE,N/A,10/1/2026,12:36:36 PM,pre_game,MLB,demon,https://static.prizepicks.com/images/players/MLB/Aaron_Nola_MLB_player_PQQEn8FwSTYP50BL3uYRjm7W-450.webp,15372796,3.50,52.25,47.75,-10.06,52.25,Over,https://www.freeiconspng.com/img/1934,2026-10-02T00:11:00Z,No,1.4,7.5,Astros @ Phillies,2026-09-08T22:40:00Z,Tue 06:40pm,Citizens Bank Park,outdoor,NBCS-PH,-109.000,-109.000,,3.6575,,,,No,ATL,18.87,3.91,7.811435704,92.1885643,7.811435704,3.66,7,0.0739,over,3.95,3.731399,3.78,0,Push
PrizePicks,MLB,204751,Grant Holmes,P,ATL,Hits Allowed,6.5,TRUE,N/A,10/1/2026,12:36:36 PM,pre_game,MLB,demon,https://static.prizepicks.com/images/players/MLB/Harrison_Holmes_MLB_player_DHWD1gRO6oF5JtHsHcprtl96-450.webp,15374065,,,,,,,,2026-10-02T00:11:00Z,No,1.4,7.5,Rays @ Braves,2026-09-08T23:15:00Z,Tue 07:15pm,Truist Park,outdoor,,,,,,,,,No,,,3.5,,,,0,,0,,136,,136,0,Push
PrizePicks,MLB,204751,Grant Holmes,P,ATL,Pitcher Strikeouts,6.5,TRUE,N/A,10/1/2026,12:36:36 PM,pre_game,MLB,demon,https://static.prizepicks.com/images/players/MLB/Harrison_Holmes_MLB_player_DHWD1gRO6oF5JtHsHcprtl96-450.webp,15374068,2.50,58.36,41.64,0.2,58.36,Over,https://www.freeiconspng.com/img/1934,2026-10-02T00:11:00Z,No,1.4,7.5,Rays @ Braves,2026-09-08T23:15:00Z,Tue 07:15pm,Truist Park,outdoor,,-140.000,-140.000,,2.918,,,,No,,,5,2.954284404,97.0457156,2.954284404,2.92,,0,,3.8,,3.36,0,Push
PrizePicks,MLB,73988,Bryce Harper,IF,PHI,Total Bases,5.5,TRUE,N/A,10/1/2026,12:36:36 PM,pre_game,MLB,demon,https://static.prizepicks.com/images/players/MLB/Bryce_Harper_MLB_player_mhsTcoXtjRH4vlcux7XU1Zyy-450.webp,15357833,,,,,,,,2026-10-02T00:11:00Z,Yes,-1.4,7.5,Astros @ Phillies,2026-09-08T22:40:00Z,Tue 06:40pm,Citizens Bank Park,outdoor,NBCS-PH,,,,,,,,No,ATL,5.8,2.28,,,,0,17,-0.04606,under,0.61,-0.046056,1.06,1.5,Push
PrizePicks,MLB,67558,Austin Riley,IF,ATL,Hits+Runs+RBIs,5.5,TRUE,N/A,10/1/2026,12:36:36 PM,pre_game,MLB,demon,https://static.prizepicks.com/images/players/MLB/Michael_Riley_MLB_player_mZ93NJZS0EsLvYCwgHVNsy32-450.webp,15357949,0.50,58.98,41.02,-5.93,58.98,Over,https://www.freeiconspng.com/img/1934,2026-10-02T00:11:00Z,No,1.4,7.5,Rays @ Braves,2026-09-08T23:15:00Z,Tue 07:15pm,Truist Park,outdoor,,-144.000,-144.000,9/8/2026,0.5898,,,,No,PHI,4.17,1.9,0.003536183111,99.99646382,0.003536183111,0.59,16,0.00038,over,0.42,0.59018,0.5,0,Push
PrizePicks,MLB,68832,Michael Harris II,OF,ATL,Total Bases,5.5,TRUE,N/A,10/1/2026,12:36:36 PM,pre_game,MLB,demon,https://static.prizepicks.com/images/players/MLB/Michael_Harris_MLB_player_ZkXYVk5eP3OK6w4UecYW3tdb-450.webp,15357958,,,,,,,,2026-10-02T00:11:00Z,No,1.4,7.5,Rays @ Braves,2026-09-08T23:15:00Z,Tue 07:15pm,Truist Park,outdoor,,,,,,,,,No,PHI,5.62,2.39,,,,0,19,-0.0705,under,0.7,-0.070505,1.1,1.5,Push
PrizePicks,MLB,69890,Brandon Marsh,OF,PHI,Hits+Runs+RBIs,5.5,TRUE,N/A,10/1/2026,12:36:36 PM,pre_game,MLB,demon,https://static.prizepicks.com/images/players/MLB/Brandon_Marsh_MLB_player_JZ5RTWUyIllOGkmAwyKUtF5H-450.webp,15357959,0.50,59.88,40.12,-6.79,59.88,Over,https://www.freeiconspng.com/img/1934,2026-10-02T00:11:00Z,No,1.4,7.5,Astros @ Phillies,2026-09-08T22:40:00Z,Tue 06:40pm,Citizens Bank Park,outdoor,NBCS-PH,-149.000,-149.000,9/8/2026,0.5988,,,,No,ATL,5.17,2.53,0.003843119587,99.99615688,0.003843119587,0.6,9,0.00658,over,0.66,0.605378,0.63,0,Push
PrizePicks,MLB,69515,Bryson Stott,IF,PHI,Hits+Runs+RBIs,5.5,TRUE,N/A,10/1/2026,12:36:36 PM,pre_game,MLB,demon,https://static.prizepicks.com/images/players/MLB/Bryson_Stott_MLB_player_R761z8GtmmBHjPjfJP9iL5x6-450.webp,15357988,1.50,47.22,52.78,-5.03,52.78,Under,https://www.freeiconspng.com/img/1934,2026-10-02T00:11:00Z,No,1.4,7.5,Astros @ Phillies,2026-09-08T22:40:00Z,Tue 06:40pm,Citizens Bank Park,outdoor,NBCS-PH,-112.000,-112.000,9/8/2026,1.4166,,,,No,ATL,5.76,2.45,0.3388564788,99.66114352,0.3388564788,1.42,9,0.00637,over,0.63,1.42297,1.02,0,Push
PrizePicks,MLB,67555,Ronald Acuña Jr.,OF,ATL,Total Bases,5.5,TRUE,N/A,10/1/2026,12:36:36 PM,pre_game,MLB,demon,https://static.prizepicks.com/images/players/MLB/Ronald_Acu%C3%B1a_MLB_player_tUwoDZ2wW0mEiTxchuRbbAHl-450.webp,15358004,,,,,,,,2026-10-02T00:11:00Z,No,1.4,7.5,Rays @ Braves,2026-09-08T23:15:00Z,Tue 07:15pm,Truist Park,outdoor,,,,,,,,,No,-,7.21,3.5,,,,0,,0,,0.89,,1.2,1.5,Push
PrizePicks,MLB,127250,Ozzie Albies,IF,ATL,Hits+Runs+RBIs,5.5,TRUE,N/A,10/1/2026,12:36:36 PM,pre_game,MLB,demon,https://static.prizepicks.com/images/players/MLB/Ozhaino_Albies_MLB_player_G3gl7zvDUXIaQWzRdOQkGkTS-450.webp,15358017,1.50,41.73,58.27,-6.64,58.27,Under,https://www.freeiconspng.com/img/1934,2026-10-02T00:11:00Z,No,1.4,7.5,Rays @ Braves,2026-09-08T23:15:00Z,Tue 07:15pm,Truist Park,outdoor,,-140.000,-140.000,9/8/2026,1.2519,,,,No,PHI,4.46,1.98,0.1851968722,99.81480313,0.1851968722,1.25,16,0.0004,over,0.47,1.252296,0.86,0,Push
PrizePicks,MLB,67940,Alec Bohm,IF,PHI,Total Bases,5.5,TRUE,N/A,10/1/2026,12:36:36 PM,pre_game,MLB,demon,https://static.prizepicks.com/images/players/MLB/Alec_Bohm_MLB_player_kikYiFKsWk4374Ra6YncvWQy-450.webp,15358309,,,,,,,,2026-10-02T00:11:00Z,Yes,-1.4,7.5,Astros @ Phillies,2026-09-08T22:40:00Z,Tue 06:40pm,Citizens Bank Park,outdoor,NBCS-PH,,,,,,,,No,ATL,6.5,2.75,,,,0,17,-0.05555,under,0.68,-0.05555,1.09,1.5,Push
PrizePicks,MLB,127032,Trea Turner,IF,PHI,Total Bases,5.5,TRUE,N/A,10/1/2026,12:36:36 PM,pre_game,MLB,demon,https://static.prizepicks.com/images/players/MLB/Trea_Turner_MLB_player_PzSAbDCREg3T5256tVuvznWK-450.webp,15358790,,,,,,,,2026-10-02T00:11:00Z,Yes,-1.4,7.5,Astros @ Phillies,2026-09-08T22:40:00Z,Tue 06:40pm,Citizens Bank Park,outdoor,NBCS-PH,,,,,,,,No,ATL,6.32,2.52,,,,0,17,-0.0509,under,0.61,-0.050904,1.05,1.5,Push
PrizePicks,MLB,233219,Drake Baldwin,C,ATL,Total Bases,5.5,TRUE,N/A,10/1/2026,12:36:36 PM,pre_game,MLB,demon,https://static.prizepicks.com/images/players/MLB/Drake_Baldwin_MLB_player_2bszMiBPtE84wfUl1dPBtueo-450.webp,15359197,,,,,,,,2026-10-02T00:11:00Z,No,1.4,7.5,Rays @ Braves,2026-09-08T23:15:00Z,Tue 07:15pm,Truist Park,outdoor,,,,,,,,,No,PHI,5.72,2.79,,,,0,19,-0.08231,under,0.79,-0.082305,1.15,1.5,Push
PrizePicks,MLB,309068,Mauricio Dubón,OF,ATL,Total Bases,5.5,TRUE,N/A,10/1/2026,12:36:36 PM,pre_game,MLB,demon,https://static.prizepicks.com/images/manual/Mauricio Dubón.png,15359198,,,,,,,,2026-10-02T00:11:00Z,No,1.4,7.5,Rays @ Braves,2026-09-08T23:15:00Z,Tue 07:15pm,Truist Park,outdoor,,,,,,,,,No,PHI,4.5,2.03,,,,0,19,-0.05988,under,0.56,-0.059885,0.53,0.5,Push
PrizePicks,MLB,67614,Matt Olson,IF,ATL,Total Bases,5.5,TRUE,N/A,10/1/2026,12:36:36 PM,pre_game,MLB,demon,https://static.prizepicks.com/images/players/MLB/Matthew_Olson_MLB_player_NDhzwn6hkBC70gLyFChsulYT-450.webp,15359199,,,,,,,,2026-10-02T00:11:00Z,No,1.4,7.5,Rays @ Braves,2026-09-08T23:15:00Z,Tue 07:15pm,Truist Park,outdoor,,,,,,,,,No,PHI,6.36,2.78,,,,0,19,-0.08201,under,0.7,-0.08201,0.6,0.5,Push
PrizePicks,MLB,233219,Drake Baldwin,C,ATL,Hits+Runs+RBIs,5.5,TRUE,N/A,10/1/2026,12:36:36 PM,pre_game,MLB,demon,https://static.prizepicks.com/images/players/MLB/Drake_Baldwin_MLB_player_2bszMiBPtE84wfUl1dPBtueo-450.webp,15359740,1.50,50.64,49.36,-8.45,50.64,Over,https://www.freeiconspng.com/img/1934,2026-10-02T00:11:00Z,No,1.4,7.5,Rays @ Braves,2026-09-08T23:15:00Z,Tue 07:15pm,Truist Park,outdoor,,-103.000,-103.000,9/8/2026,1.519,,,,No,PHI,5.72,2.79,0.4733210308,99.52667897,0.4733210308,1.52,16,0.00056,over,0.79,1.519758,1.16,0,Push
PrizePicks,MLB,68832,Michael Harris II,OF,ATL,Hits+Runs+RBIs,5.5,TRUE,N/A,10/1/2026,12:36:36 PM,pre_game,MLB,demon,https://static.prizepicks.com/images/players/MLB/Michael_Harris_MLB_player_ZkXYVk5eP3OK6w4UecYW3tdb-450.webp,15359741,1.50,50.01,49.99,-7.82,50.01,Over,https://www.freeiconspng.com/img/1934,2026-10-02T00:11:00Z,No,1.4,7.5,Rays @ Braves,2026-09-08T23:15:00Z,Tue 07:15pm,Truist Park,outdoor,,-100.000,-100.000,9/8/2026,1.500,,,,No,PHI,5.62,2.39,0.4460218245,99.55397818,0.4460218245,1.5,16,0.00048,over,0.7,1.500778,1.1,0,Push
PrizePicks,MLB,67555,Ronald Acuña Jr.,OF,ATL,Hits+Runs+RBIs,5.5,TRUE,N/A,10/1/2026,12:36:36 PM,pre_game,MLB,demon,https://static.prizepicks.com/images/players/MLB/Ronald_Acu%C3%B1a_MLB_player_tUwoDZ2wW0mEiTxchuRbbAHl-450.webp,15359742,1.50,51.63,48.37,-9.44,51.63,Over,https://www.freeiconspng.com/img/1934,2026-10-02T00:11:00Z,No,1.4,7.5,Rays @ Braves,2026-09-08T23:15:00Z,Tue 07:15pm,Truist Park,outdoor,,-107.000,-107.000,,1.549,,,,No,-,7.21,3.5,0.518672451,99.48132755,0.518672451,1.55,,0,,0.89,,1.22,0,Push
PrizePicks,MLB,67940,Alec Bohm,IF,PHI,Hits+Runs+RBIs,5.5,TRUE,N/A,10/1/2026,12:36:36 PM,pre_game,MLB,demon,https://static.prizepicks.com/images/players/MLB/Alec_Bohm_MLB_player_kikYiFKsWk4374Ra6YncvWQy-450.webp,15359743,1.50,49.18,50.82,-6.99,50.82,Under,https://www.freeiconspng.com/img/1934,2026-10-02T00:11:00Z,No,1.4,7.5,Astros @ Phillies,2026-09-08T22:40:00Z,Tue 06:40pm,Citizens Bank Park,outdoor,NBCS-PH,-103.000,-103.000,9/8/2026,1.475,,,,No,ATL,6.5,2.75,0.4118485986,99.5881514,0.4118485986,1.48,9,0.00715,over,0.68,1.48255,1.08,0,Push
PrizePicks,MLB,67614,Matt Olson,IF,ATL,Hits+Runs+RBIs,5.5,TRUE,N/A,10/1/2026,12:36:36 PM,pre_game,MLB,demon,https://static.prizepicks.com/images/players/MLB/Matthew_Olson_MLB_player_NDhzwn6hkBC70gLyFChsulYT-450.webp,15359744,1.50,48.08,51.92,-6.41,51.92,Under,https://www.freeiconspng.com/img/1934,2026-10-02T00:11:00Z,No,1.4,7.5,Rays @ Braves,2026-09-08T23:15:00Z,Tue 07:15pm,Truist Park,outdoor,,-108.000,-108.000,9/8/2026,1.442,,,,No,PHI,6.36,2.78,0.3695877812,99.63041222,0.3695877812,1.44,16,0.00056,over,0.7,1.442956,1.07,0,Push
PrizePicks,MLB,67634,J.T. Realmuto,C,PHI,Hits+Runs+RBIs,5.5,TRUE,N/A,10/1/2026,12:36:36 PM,pre_game,MLB,demon,https://static.prizepicks.com/images/players/MLB/Jacob_Realmuto_MLB_player_qUdvpTDV1nY6g19qkvI7KEEH-450.webp,15359747,1.50,42,58,-5.64,58,Under,https://www.freeiconspng.com/img/1934,2026-10-02T00:11:00Z,No,1.4,7.5,Astros @ Phillies,2026-09-08T22:40:00Z,Tue 06:40pm,Citizens Bank Park,outdoor,NBCS-PH,-138.000,-138.000,9/8/2026,1.260,,,,No,,,3.5,0.1912047371,99.80879526,0.1912047371,1.26,,0,,0.72,,0.99,0,Push
PrizePicks,MLB,309068,Mauricio Dubón,OF,ATL,Hits+Runs+RBIs,5.5,TRUE,N/A,10/1/2026,12:36:36 PM,pre_game,MLB,demon,https://static.prizepicks.com/images/manual/Mauricio Dubón.png,15359781,1.50,44.81,55.19,-5.59,55.19,Under,https://www.freeiconspng.com/img/1934,2026-10-02T00:11:00Z,No,1.4,7.5,Rays @ Braves,2026-09-08T23:15:00Z,Tue 07:15pm,Truist Park,outdoor,,-123.000,-123.000,,1.344,,,,No,PHI,4.5,2.03,0.2628342639,99.73716574,0.2628342639,1.34,16,0.00041,over,0.56,1.344706,0.95,0,Push
PrizePicks,MLB,68133,Aaron Nola,P,PHI,Pitcher Strikeouts,5.5,TRUE,N/A,10/1/2026,12:36:36 PM,pre_game,MLB,demon,https://static.prizepicks.com/images/players/MLB/Aaron_Nola_MLB_player_PQQEn8FwSTYP50BL3uYRjm7W-450.webp,15372960,3.50,52.25,47.75,-10.06,52.25,Over,https://www.freeiconspng.com/img/1934,2026-10-02T00:11:00Z,No,1.4,7.5,Astros @ Phillies,2026-09-08T22:40:00Z,Tue 06:40pm,Citizens Bank Park,outdoor,NBCS-PH,-109.000,-109.000,,3.658,,,,No,ATL,18.87,3.91,16.38855489,83.61144511,16.38855489,3.66,7,0.0739,over,3.95,3.731399,3.78,0,Push
PrizePicks,MLB,68133,Aaron Nola,P,PHI,Hits Allowed,5.5,TRUE,N/A,10/1/2026,12:36:36 PM,pre_game,MLB,demon,https://static.prizepicks.com/images/players/MLB/Aaron_Nola_MLB_player_PQQEn8FwSTYP50BL3uYRjm7W-450.webp,15372994,,,,,,,,2026-10-02T00:11:00Z,Yes,-1.4,7.5,Astros @ Phillies,2026-09-08T22:40:00Z,Tue 06:40pm,Citizens Bank Park,outdoor,NBCS-PH,,,,,,,,No,ATL,18.87,0.77,,,,0,10,0.00185,over,177,0.001848,177,0,Push
PrizePicks,MLB,68133,Aaron Nola,P,PHI,Earned Runs Allowed,5.5,TRUE,N/A,10/1/2026,12:36:36 PM,pre_game,MLB,demon,https://static.prizepicks.com/images/players/MLB/Aaron_Nola_MLB_player_PQQEn8FwSTYP50BL3uYRjm7W-450.webp,15373069,,,,,,,,2026-10-02T00:11:00Z,Yes,-1.4,7.5,Astros @ Phillies,2026-09-08T22:40:00Z,Tue 06:40pm,Citizens Bank Park,outdoor,NBCS-PH,,,,,,,,No,ATL,18.87,0.77,,,,0,17,-0.01555,under,177,-0.015554,177,0,Push
PrizePicks,MLB,198398,Ray Kerr,P,ATL,Hits Allowed,5.5,TRUE,N/A,10/1/2026,12:36:36 PM,pre_game,MLB,demon,https://static.prizepicks.com/images/manual/Ray Kerr.webp,15374892,,,,,,,,2026-10-02T00:11:00Z,No,1.4,7.5,Rays @ Braves,2026-09-08T23:15:00Z,Tue 07:15pm,Truist Park,outdoor,,,,,,8/4/2026,Day-To-Day,May 8: Atlanta re-signed Kerr (elbow) to a minor-league contract Tuesday.,No,,,3.5,,,,0,,0,,9,,9,0,Push
PrizePicks,MLB,198398,Ray Kerr,P,ATL,Pitcher Strikeouts,5.5,TRUE,N/A,10/1/2026,12:36:36 PM,pre_game,MLB,demon,https://static.prizepicks.com/images/manual/Ray Kerr.webp,15375621,0.50,65.71,34.29,-3.99,65.71,Over,https://www.freeiconspng.com/img/1934,2026-10-02T00:11:00Z,No,1.4,7.5,Rays @ Braves,2026-09-08T23:15:00Z,Tue 07:15pm,Truist Park,outdoor,,-192.000,-192.000,,0.657,8/4/2026,Day-To-Day,May 8: Atlanta re-signed Kerr (elbow) to a minor-league contract Tuesday.,No,,,5,0.006387567902,99.99361243,0.006387567902,0.66,,0,,3.04,,1.85,0,Push
PrizePicks,MLB,67940,Alec Bohm,IF,PHI,Hits+Runs+RBIs,4.5,TRUE,N/A,10/1/2026,12:36:36 PM,pre_game,MLB,demon,https://static.prizepicks.com/images/players/MLB/Alec_Bohm_MLB_player_kikYiFKsWk4374Ra6YncvWQy-450.webp,15357880,1.50,49.18,50.82,-6.99,50.82,Under,https://www.freeiconspng.com/img/1934,2026-10-02T00:11:00Z,No,1.4,7.5,Astros @ Phillies,2026-09-08T22:40:00Z,Tue 06:40pm,Citizens Bank Park,outdoor,NBCS-PH,-103.000,-103.000,9/8/2026,1.475,,,,No,ATL,6.5,2.75,1.744171739,98.25582826,1.744171739,1.48,9,0.00715,over,0.68,1.48255,1.21,0,Push
PrizePicks,MLB,68832,Michael Harris II,OF,ATL,Hits+Runs+RBIs,4.5,TRUE,N/A,10/1/2026,12:36:36 PM,pre_game,MLB,demon,https://static.prizepicks.com/images/players/MLB/Michael_Harris_MLB_player_ZkXYVk5eP3OK6w4UecYW3tdb-450.webp,15357887,1.50,50.01,49.99,-7.82,50.01,Over,https://www.freeiconspng.com/img/1934,2026-10-02T00:11:00Z,No,1.4,7.5,Rays @ Braves,2026-09-08T23:15:00Z,Tue 07:15pm,Truist Park,outdoor,,-100.000,-100.000,9/8/2026,1.500,,,,No,PHI,5.62,2.39,1.859005971,98.14099403,1.859005971,1.5,16,0.00048,over,0.7,1.500778,1.23,0,Push
PrizePicks,MLB,233219,Drake Baldwin,C,ATL,Hits+Runs+RBIs,4.5,TRUE,N/A,10/1/2026,12:36:36 PM,pre_game,MLB,demon,https://static.prizepicks.com/images/players/MLB/Drake_Baldwin_MLB_player_2bszMiBPtE84wfUl1dPBtueo-450.webp,15357953,1.50,50.64,49.36,-8.45,50.64,Over,https://www.freeiconspng.com/img/1934,2026-10-02T00:11:00Z,No,1.4,7.5,Rays @ Braves,2026-09-08T23:15:00Z,Tue 07:15pm,Truist Park,outdoor,,-103.000,-103.000,9/8/2026,1.519,,,,No,PHI,5.72,2.79,1.949412722,98.05058728,1.949412722,1.52,16,0.00056,over,0.79,1.519758,1.28,0,Push
PrizePicks,MLB,127032,Trea Turner,IF,PHI,Hits+Runs+RBIs,4.5,TRUE,N/A,10/1/2026,12:36:36 PM,pre_game,MLB,demon,https://static.prizepicks.com/images/players/MLB/Trea_Turner_MLB_player_PzSAbDCREg3T5256tVuvznWK-450.webp,15357968,1.50,52.2,47.8,-10.01,52.2,Over,https://www.freeiconspng.com/img/1934,2026-09-30T18:00:00Z,No,1.4,7.5,Astros @ Phillies,2026-09-08T22:40:00Z,Tue 06:40pm,Citizens Bank Park,outdoor,NBCS-PH,-109.000,-109.000,9/8/2026,1.566,,,,No,ATL,6.32,2.52,2.185536219,97.81446378,2.185536219,1.57,9,0.00655,over,0.61,1.572552,1.25,0,Push
PrizePicks,MLB,69515,Bryson Stott,IF,PHI,Hits+Runs+RBIs,4.5,TRUE,N/A,10/1/2026,12:36:36 PM,pre_game,MLB,demon,https://static.prizepicks.com/images/players/MLB/Bryson_Stott_MLB_player_R761z8GtmmBHjPjfJP9iL5x6-450.webp,15357978,1.50,47.22,52.78,-5.03,52.78,Under,https://www.freeiconspng.com/img/1934,2026-10-02T00:11:00Z,No,1.4,7.5,Astros @ Phillies,2026-09-08T22:40:00Z,Tue 06:40pm,Citizens Bank Park,outdoor,NBCS-PH,-112.000,-112.000,9/8/2026,1.417,,,,No,ATL,5.76,2.45,1.491867287,98.50813271,1.491867287,1.42,9,0.00637,over,0.63,1.42297,1.16,0,Push
PrizePicks,MLB,73988,Bryce Harper,IF,PHI,Hits+Runs+RBIs,4.5,TRUE,N/A,10/1/2026,12:36:36 PM,pre_game,MLB,demon,https://static.prizepicks.com/images/players/MLB/Bryce_Harper_MLB_player_mhsTcoXtjRH4vlcux7XU1Zyy-450.webp,15357987,1.50,48.87,51.13,-6.68,51.13,Under,https://www.freeiconspng.com/img/1934,2026-10-02T00:11:00Z,No,1.4,7.5,Astros @ Phillies,2026-09-08T22:40:00Z,Tue 06:40pm,Citizens Bank Park,outdoor,NBCS-PH,-105.000,-105.000,9/8/2026,1.466,,,,No,ATL,5.8,2.28,1.702514521,98.29748548,1.702514521,1.47,9,0.00593,over,0.61,1.472028,1.18,0,Push
PrizePicks,MLB,67555,Ronald Acuña Jr.,OF,ATL,Hits+Runs+RBIs,4.5,TRUE,N/A,10/1/2026,12:36:36 PM,pre_game,MLB,demon,https://static.prizepicks.com/images/players/MLB/Ronald_Acu%C3%B1a_MLB_player_tUwoDZ2wW0mEiTxchuRbbAHl-450.webp,15357999,1.50,51.63,48.37,-9.44,51.63,Over,https://www.freeiconspng.com/img/1934,2026-10-02T00:11:00Z,No,1.4,7.5,Rays @ Braves,2026-09-08T23:15:00Z,Tue 07:15pm,Truist Park,outdoor,,-107.000,-107.000,,1.549,,,,No,-,7.21,3.5,2.097217316,97.90278268,2.097217316,1.55,,0,,0.89,,1.22,0,Push
PrizePicks,MLB,310126,Mike Yastrzemski,OF,ATL,Hits+Runs+RBIs,4.5,TRUE,N/A,10/1/2026,12:36:36 PM,pre_game,MLB,demon,https://static.prizepicks.com/images/manual/Mike Yastrzemski.png,15358011,0.50,55.52,44.48,-6.74,55.52,Over,https://www.freeiconspng.com/img/1934,2026-10-02T00:11:00Z,No,1.4,7.5,Rays @ Braves,2026-09-08T23:15:00Z,Tue 07:15pm,Truist Park,outdoor,,-125.000,-125.000,9/8/2026,0.555,,,,No,PHI,3.97,2,0.02776529581,99.9722347,0.02776529581,0.56,16,0.0004,over,0.45,0.5556,0.5,0,Push
PrizePicks,MLB,310126,Mike Yastrzemski,OF,ATL,Total Bases,4.5,TRUE,N/A,10/1/2026,12:36:36 PM,pre_game,MLB,demon,https://static.prizepicks.com/images/manual/Mike Yastrzemski.png,15358020,,,,,,,,2026-10-02T00:11:00Z,No,1.4,7.5,Rays @ Braves,2026-09-08T23:15:00Z,Tue 07:15pm,Truist Park,outdoor,,,,,,,,,No,PHI,3.97,2,,,,0,19,-0.059,under,0.45,-0.059,0.47,0.5,Push
PrizePicks,MLB,127250,Ozzie Albies,IF,ATL,Total Bases,4.5,TRUE,N/A,10/1/2026,12:36:36 PM,pre_game,MLB,demon,https://static.prizepicks.com/images/players/MLB/Ozhaino_Albies_MLB_player_G3gl7zvDUXIaQWzRdOQkGkTS-450.webp,15358247,,,,,,,,2026-10-02T00:11:00Z,No,1.4,7.5,Rays @ Braves,2026-09-08T23:15:00Z,Tue 07:15pm,Truist Park,outdoor,,,,,,,,,No,PHI,4.46,1.98,,,,0,19,-0.05841,under,0.47,-0.05841,0.49,0.5,Push
PrizePicks,MLB,67634,J.T. Realmuto,C,PHI,Total Bases,4.5,TRUE,N/A,10/1/2026,12:36:36 PM,pre_game,MLB,demon,https://static.prizepicks.com/images/players/MLB/Jacob_Realmuto_MLB_player_qUdvpTDV1nY6g19qkvI7KEEH-450.webp,15358251,,,,,,,,2026-10-02T00:11:00Z,Yes,-1.4,7.5,Astros @ Phillies,2026-09-08T22:40:00Z,Tue 06:40pm,Citizens Bank Park,outdoor,NBCS-PH,,,,,,,,No,,,3.5,,,,0,,0,,0.72,,0.61,0.5,Push
PrizePicks,MLB,67558,Austin Riley,IF,ATL,Total Bases,4.5,TRUE,N/A,10/1/2026,12:36:36 PM,pre_game,MLB,demon,https://static.prizepicks.com/images/players/MLB/Michael_Riley_MLB_player_mZ93NJZS0EsLvYCwgHVNsy32-450.webp,15358266,,,,,,,,2026-10-02T00:11:00Z,No,1.4,7.5,Rays @ Braves,2026-09-08T23:15:00Z,Tue 07:15pm,Truist Park,outdoor,,,,,,,,,No,PHI,4.17,1.9,,,,0,19,-0.05605,under,0.42,-0.05605,0.46,0.5,Push
PrizePicks,MLB,69890,Brandon Marsh,OF,PHI,Total Bases,4.5,TRUE,N/A,10/1/2026,12:36:36 PM,pre_game,MLB,demon,https://static.prizepicks.com/images/players/MLB/Brandon_Marsh_MLB_player_JZ5RTWUyIllOGkmAwyKUtF5H-450.webp,15358294,,,,,,,,2026-10-02T00:11:00Z,Yes,-1.4,7.5,Astros @ Phillies,2026-09-08T22:40:00Z,Tue 06:40pm,Citizens Bank Park,outdoor,NBCS-PH,,,,,,,,No,ATL,5.17,2.53,,,,0,17,-0.05111,under,0.66,-0.051106,0.58,0.5,Push
PrizePicks,MLB,69515,Bryson Stott,IF,PHI,Total Bases,4.5,TRUE,N/A,10/1/2026,12:36:36 PM,pre_game,MLB,demon,https://static.prizepicks.com/images/players/MLB/Bryson_Stott_MLB_player_R761z8GtmmBHjPjfJP9iL5x6-450.webp,15358315,,,,,,,,2026-10-02T00:11:00Z,Yes,-1.4,7.5,Astros @ Phillies,2026-09-08T22:40:00Z,Tue 06:40pm,Citizens Bank Park,outdoor,NBCS-PH,,,,,,,,No,ATL,5.76,2.45,,,,0,17,-0.04949,under,0.63,-0.04949,0.56,0.5,Push
PrizePicks,MLB,329541,Bryan De La Cruz,OF,PHI,Hits+Runs+RBIs,4.5,TRUE,N/A,10/1/2026,12:36:36 PM,pre_game,MLB,demon,https://static.prizepicks.com/images/players/MLB/Bryan_De_La_Cruz_MLB_player_FcR0a7NWdTVQMdvB7Oll4FDI-450.webp,15359731,0.50,57.72,42.28,-5.92,57.72,Over,https://www.freeiconspng.com/img/1934,2026-10-02T00:11:00Z,No,1.4,7.5,Astros @ Phillies,2026-09-08T22:40:00Z,Tue 06:40pm,Citizens Bank Park,outdoor,NBCS-PH,-137.000,-137.000,,0.577,,,,No,,,3.5,0.03311594102,99.96688406,0.03311594102,0.58,,0,,0.98,,0.78,0,Push
PrizePicks,MLB,67532,Kyle Schwarber,DH,PHI,Hits+Runs+RBIs,4.5,TRUE,N/A,10/1/2026,12:36:36 PM,pre_game,MLB,demon,https://static.prizepicks.com/images/players/MLB/Kyle_Schwarber_MLB_player_68nHEJrjzq1CxWv0nqnyV0Tj-450.webp,15359738,1.50,48.45,51.55,-6.26,51.55,Under,https://www.freeiconspng.com/img/1934,2026-10-02T00:11:00Z,No,1.4,7.5,Astros @ Phillies,2026-09-08T22:40:00Z,Tue 06:40pm,Citizens Bank Park,outdoor,NBCS-PH,-106.000,-106.000,9/8/2026,1.454,,,,No,ATL,7.09,3.2,1.64713452,98.35286548,1.64713452,1.45,9,0.00832,over,0.74,1.46182,1.22,0,Push
PrizePicks,MLB,127255,Sean Murphy,C,ATL,Total Bases,4.5,TRUE,N/A,10/1/2026,12:36:36 PM,pre_game,MLB,demon,https://static.prizepicks.com/images/players/MLB/Sean_Murphy_MLB_player_GSWZPCMTBYwlQ07NFA0MEl9x-450.webp,15360209,,,,,,,,2026-10-02T00:11:00Z,No,1.4,7.5,Rays @ Braves,2026-09-08T23:15:00Z,Tue 07:15pm,Truist Park,outdoor,,,,,,,,,No,PHI,3.9,1.76,,,,0,19,-0.05192,under,0.32,-0.05192,0.41,0.5,Push
PrizePicks,MLB,309860,Justin Crawford,OF,PHI,Hits+Runs+RBIs,4.5,TRUE,N/A,10/1/2026,12:36:36 PM,pre_game,MLB,demon,https://static.prizepicks.com/images/manual/Justin Crawford.png,15360225,0.50,58.11,41.89,-7.41,58.11,Over,https://www.freeiconspng.com/img/1934,2026-10-02T00:11:00Z,No,1.4,7.5,Astros @ Phillies,2026-09-08T22:40:00Z,Tue 06:40pm,Citizens Bank Park,outdoor,NBCS-PH,-139.000,-139.000,9/8/2026,0.581,,,,No,ATL,4.28,2.05,0.03414041818,99.96585958,0.03414041818,0.58,9,0.00533,over,0.54,0.58643,0.56,0,Push
PrizePicks,MLB,127255,Sean Murphy,C,ATL,Hits+Runs+RBIs,4.5,TRUE,N/A,10/1/2026,12:36:36 PM,pre_game,MLB,demon,https://static.prizepicks.com/images/players/MLB/Sean_Murphy_MLB_player_GSWZPCMTBYwlQ07NFA0MEl9x-450.webp,15361814,0.50,53.54,46.46,-6.46,53.54,Over,https://www.freeiconspng.com/img/1934,2026-10-02T00:11:00Z,No,1.4,7.5,Rays @ Braves,2026-09-08T23:15:00Z,Tue 07:15pm,Truist Park,outdoor,,-115.000,-115.000,9/8/2026,0.535,,,,No,PHI,3.9,1.76,0.02353506149,99.97646494,0.02353506149,0.54,16,0.00035,over,0.32,0.535752,0.43,0,Push
PrizePicks,MLB,323543,Derek Hill,OF,PHI,Total Bases,4.5,TRUE,N/A,10/1/2026,12:36:36 PM,pre_game,MLB,demon,https://static.prizepicks.com/images/manual/Derek Hill.WEBP,15364156,,,,,,,,2026-10-02T00:11:00Z,Yes,-1.4,7.5,Astros @ Phillies,2026-09-08T22:40:00Z,Tue 06:40pm,Citizens Bank Park,outdoor,NBCS-PH,,,,,,,,No,,,3.5,,,,0,,0,,0.91,,0.91,0,Push
PrizePicks,MLB,329541,Bryan De La Cruz,OF,PHI,Total Bases,4.5,TRUE,N/A,10/1/2026,12:36:36 PM,pre_game,MLB,demon,https://static.prizepicks.com/images/players/MLB/Bryan_De_La_Cruz_MLB_player_FcR0a7NWdTVQMdvB7Oll4FDI-450.webp,15368652,,,,,,,,2026-10-02T00:11:00Z,Yes,-1.4,7.5,Astros @ Phillies,2026-09-08T22:40:00Z,Tue 06:40pm,Citizens Bank Park,outdoor,NBCS-PH,,,,,,,,No,,,3.5,,,,0,,0,,0.98,,0.98,0,Push
PrizePicks,MLB,74759,Edmundo Sosa,OF,PHI,Total Bases,4.5,TRUE,N/A,10/1/2026,12:36:36 PM,pre_game,MLB,demon,https://static.prizepicks.com/images/players/MLB/Edmundo_Sosa_MLB_player_JIJ7g9fQHiTmGPC8SZmBl8oP-450.webp,15368850,,,,,,,,2026-10-02T00:11:00Z,Yes,-1.4,7.5,Astros @ Phillies,2026-09-08T22:40:00Z,Tue 06:40pm,Citizens Bank Park,outdoor,NBCS-PH,,,,,,,,No,ATL,4.84,2.73,,,,0,17,-0.05515,under,0.67,-0.055146,0.67,0,Push
PrizePicks,MLB,74759,Edmundo Sosa,OF,PHI,Hits+Runs+RBIs,4.5,TRUE,N/A,10/1/2026,12:36:36 PM,pre_game,MLB,demon,https://static.prizepicks.com/images/players/MLB/Edmundo_Sosa_MLB_player_JIJ7g9fQHiTmGPC8SZmBl8oP-450.webp,15368852,1.50,43.35,56.65,-4.13,56.65,Under,https://www.freeiconspng.com/img/1934,2026-10-02T00:11:00Z,No,1.4,7.5,Astros @ Phillies,2026-09-08T22:40:00Z,Tue 06:40pm,Citizens Bank Park,outdoor,NBCS-PH,-131.000,-131.000,,1.301,,,,No,ATL,4.84,2.73,1.06792584,98.93207416,1.06792584,1.3,9,0.0071,over,0.67,1.307598,0.99,0,Push
PrizePicks,MLB,68133,Aaron Nola,P,PHI,Pitcher Strikeouts,4.5,TRUE,N/A,10/1/2026,12:36:36 PM,pre_game,MLB,demon,https://static.prizepicks.com/images/players/MLB/Aaron_Nola_MLB_player_PQQEn8FwSTYP50BL3uYRjm7W-450.webp,15372979,3.50,52.25,47.75,-10.06,52.25,Over,https://www.freeiconspng.com/img/1934,2026-10-02T00:11:00Z,No,1.4,7.5,Astros @ Phillies,2026-09-08T22:40:00Z,Tue 06:40pm,Citizens Bank Park,outdoor,NBCS-PH,-109.000,-109.000,,3.658,,,,No,ATL,18.87,3.91,30.45901698,69.54098302,30.45901698,3.66,7,0.0739,over,3.95,3.731399,3.78,0,Push
PrizePicks,MLB,68133,Aaron Nola,P,PHI,Hits Allowed,4.5,TRUE,N/A,10/1/2026,12:36:36 PM,pre_game,MLB,demon,https://static.prizepicks.com/images/players/MLB/Aaron_Nola_MLB_player_PQQEn8FwSTYP50BL3uYRjm7W-450.webp,15372995,,,,,,,,2026-10-02T00:11:00Z,Yes,-1.4,7.5,Astros @ Phillies,2026-09-08T22:40:00Z,Tue 06:40pm,Citizens Bank Park,outdoor,NBCS-PH,,,,,,,,No,ATL,18.87,0.77,,,,0,10,0.00185,over,177,0.001848,177,0,Push
PrizePicks,MLB,198398,Ray Kerr,P,ATL,Pitcher Strikeouts,4.5,TRUE,N/A,10/1/2026,12:36:36 PM,pre_game,MLB,demon,https://static.prizepicks.com/images/manual/Ray Kerr.webp,15374668,0.50,65.71,34.29,-3.99,65.71,Over,https://www.freeiconspng.com/img/1934,2026-10-02T00:11:00Z,No,1.4,7.5,Rays @ Braves,2026-09-08T23:15:00Z,Tue 07:15pm,Truist Park,outdoor,,-192.000,-192.000,,0.657,8/4/2026,Day-To-Day,May 8: Atlanta re-signed Kerr (elbow) to a minor-league contract Tuesday.,No,,,5,0.05930529544,99.9406947,0.05930529544,0.66,,0,,3.04,,1.85,0,Push
PrizePicks,MLB,67532,Kyle Schwarber,DH,PHI,Total Bases,3.5,TRUE,N/A,10/1/2026,12:36:36 PM,pre_game,MLB,demon,https://static.prizepicks.com/images/players/MLB/Kyle_Schwarber_MLB_player_68nHEJrjzq1CxWv0nqnyV0Tj-450.webp,15357820,,,,,,,,2026-10-02T00:11:00Z,Yes,-1.4,7.5,Astros @ Phillies,2026-09-08T22:40:00Z,Tue 06:40pm,Citizens Bank Park,outdoor,NBCS-PH,,,,,,,,No,ATL,7.09,3.2,,,,0,17,-0.06464,under,0.74,-0.06464,1.12,1.5,Push
PrizePicks,MLB,69890,Brandon Marsh,OF,PHI,Total Bases,3.5,TRUE,N/A,10/1/2026,12:36:36 PM,pre_game,MLB,demon,https://static.prizepicks.com/images/players/MLB/Brandon_Marsh_MLB_player_JZ5RTWUyIllOGkmAwyKUtF5H-450.webp,15357824,,,,,,,,2026-10-02T00:11:00Z,Yes,-1.4,7.5,Astros @ Phillies,2026-09-08T22:40:00Z,Tue 06:40pm,Citizens Bank Park,outdoor,NBCS-PH,,,,,,,,No,ATL,5.17,2.53,,,,0,17,-0.05111,under,0.66,-0.051106,0.58,0.5,Push
PrizePicks,MLB,309860,Justin Crawford,OF,PHI,Total Bases,3.5,TRUE,N/A,10/1/2026,12:36:36 PM,pre_game,MLB,demon,https://static.prizepicks.com/images/manual/Justin Crawford.png,15357828,,,,,,,,2026-10-02T00:11:00Z,Yes,-1.4,7.5,Astros @ Phillies,2026-09-08T22:40:00Z,Tue 06:40pm,Citizens Bank Park,outdoor,NBCS-PH,,,,,,,,No,ATL,4.28,2.05,,,,0,17,-0.04141,under,0.54,-0.04141,0.52,0.5,Push
PrizePicks,MLB,233219,Drake Baldwin,C,ATL,Total Bases,3.5,TRUE,N/A,10/1/2026,12:36:36 PM,pre_game,MLB,demon,https://static.prizepicks.com/images/players/MLB/Drake_Baldwin_MLB_player_2bszMiBPtE84wfUl1dPBtueo-450.webp,15357829,,,,,,,,2026-10-02T00:11:00Z,No,1.4,7.5,Rays @ Braves,2026-09-08T23:15:00Z,Tue 07:15pm,Truist Park,outdoor,,,,,,,,,No,PHI,5.72,2.79,,,,0,19,-0.08231,under,0.79,-0.082305,1.15,1.5,Push
PrizePicks,MLB,127250,Ozzie Albies,IF,ATL,Total Bases,3.5,TRUE,N/A,10/1/2026,12:36:36 PM,pre_game,MLB,demon,https://static.prizepicks.com/images/players/MLB/Ozhaino_Albies_MLB_player_G3gl7zvDUXIaQWzRdOQkGkTS-450.webp,15357830,,,,,,,,2026-10-02T00:11:00Z,No,1.4,7.5,Rays @ Braves,2026-09-08T23:15:00Z,Tue 07:15pm,Truist Park,outdoor,,,,,,,,,No,PHI,4.46,1.98,,,,0,19,-0.05841,under,0.47,-0.05841,0.49,0.5,Push
PrizePicks,MLB,67940,Alec Bohm,IF,PHI,Total Bases,3.5,TRUE,N/A,10/1/2026,12:36:36 PM,pre_game,MLB,demon,https://static.prizepicks.com/images/players/MLB/Alec_Bohm_MLB_player_kikYiFKsWk4374Ra6YncvWQy-450.webp,15357840,,,,,,,,2026-10-02T00:11:00Z,Yes,-1.4,7.5,Astros @ Phillies,2026-09-08T22:40:00Z,Tue 06:40pm,Citizens Bank Park,outdoor,NBCS-PH,,,,,,,,No,ATL,6.5,2.75,,,,0,17,-0.05555,under,0.68,-0.05555,1.09,1.5,Push
PrizePicks,MLB,67634,J.T. Realmuto,C,PHI,Total Bases,3.5,TRUE,N/A,10/1/2026,12:36:36 PM,pre_game,MLB,demon,https://static.prizepicks.com/images/players/MLB/Jacob_Realmuto_MLB_player_qUdvpTDV1nY6g19qkvI7KEEH-450.webp,15357843,,,,,,,,2026-10-02T00:11:00Z,Yes,-1.4,7.5,Astros @ Phillies,2026-09-08T22:40:00Z,Tue 06:40pm,Citizens Bank Park,outdoor,NBCS-PH,,,,,,,,No,,,3.5,,,,0,,0,,0.72,,0.61,0.5,Push
PrizePicks,MLB,69890,Brandon Marsh,OF,PHI,Hits+Runs+RBIs,3.5,TRUE,N/A,10/1/2026,12:36:36 PM,pre_game,MLB,demon,https://static.prizepicks.com/images/players/MLB/Brandon_Marsh_MLB_player_JZ5RTWUyIllOGkmAwyKUtF5H-450.webp,15357852,0.50,59.88,40.12,-6.79,59.88,Over,https://www.freeiconspng.com/img/1934,2026-10-02T00:11:00Z,No,1.4,7.5,Astros @ Phillies,2026-09-08T22:40:00Z,Tue 06:40pm,Citizens Bank Park,outdoor,NBCS-PH,-149.000,-149.000,9/8/2026,0.599,,,,No,ATL,5.17,2.53,0.3334417048,99.6665583,0.3334417048,0.6,9,0.00658,over,0.66,0.605378,0.63,0,Push
PrizePicks,MLB,67555,Ronald Acuña Jr.,OF,ATL,Total Bases,3.5,TRUE,N/A,10/1/2026,12:36:36 PM,pre_game,MLB,demon,https://static.prizepicks.com/images/players/MLB/Ronald_Acu%C3%B1a_MLB_player_tUwoDZ2wW0mEiTxchuRbbAHl-450.webp,15357857,,,,,,,,2026-10-02T00:11:00Z,No,1.4,7.5,Rays @ Braves,2026-09-08T23:15:00Z,Tue 07:15pm,Truist Park,outdoor,,,,,,,,,No,-,7.21,3.5,,,,0,,0,,0.89,,1.2,1.5,Push
PrizePicks,MLB,310126,Mike Yastrzemski,OF,ATL,Hits+Runs+RBIs,3.5,TRUE,N/A,10/1/2026,12:36:36 PM,pre_game,MLB,demon,https://static.prizepicks.com/images/manual/Mike Yastrzemski.png,15357867,0.50,55.52,44.48,-6.74,55.52,Over,https://www.freeiconspng.com/img/1934,2026-10-02T00:11:00Z,No,1.4,7.5,Rays @ Braves,2026-09-08T23:15:00Z,Tue 07:15pm,Truist Park,outdoor,,-125.000,-125.000,9/8/2026,0.555,,,,No,PHI,3.97,2,0.2549956219,99.74500438,0.2549956219,0.56,16,0.0004,over,0.45,0.5556,0.5,0,Push
PrizePicks,MLB,67558,Austin Riley,IF,ATL,Total Bases,3.5,TRUE,N/A,10/1/2026,12:36:36 PM,pre_game,MLB,demon,https://static.prizepicks.com/images/players/MLB/Michael_Riley_MLB_player_mZ93NJZS0EsLvYCwgHVNsy32-450.webp,15357876,,,,,,,,2026-10-02T00:11:00Z,No,1.4,7.5,Rays @ Braves,2026-09-08T23:15:00Z,Tue 07:15pm,Truist Park,outdoor,,,,,,,,,No,PHI,4.17,1.9,,,,0,19,-0.05605,under,0.42,-0.05605,0.46,0.5,Push
PrizePicks,MLB,67940,Alec Bohm,IF,PHI,Hits+Runs+RBIs,3.5,TRUE,N/A,10/1/2026,12:36:36 PM,pre_game,MLB,demon,https://static.prizepicks.com/images/players/MLB/Alec_Bohm_MLB_player_kikYiFKsWk4374Ra6YncvWQy-450.webp,15357879,1.50,49.18,50.82,-6.99,50.82,Under,https://www.freeiconspng.com/img/1934,2026-10-02T00:11:00Z,No,1.4,7.5,Astros @ Phillies,2026-09-08T22:40:00Z,Tue 06:40pm,Citizens Bank Park,outdoor,NBCS-PH,-103.000,-103.000,9/8/2026,1.475,,,,No,ATL,6.5,2.75,6.259296926,93.74070307,6.259296926,1.48,9,0.00715,over,0.68,1.48255,1.21,0,Push
PrizePicks,MLB,68832,Michael Harris II,OF,ATL,Hits+Runs+RBIs,3.5,TRUE,N/A,10/1/2026,12:36:36 PM,pre_game,MLB,demon,https://static.prizepicks.com/images/players/MLB/Michael_Harris_MLB_player_ZkXYVk5eP3OK6w4UecYW3tdb-450.webp,15357883,1.50,50.01,49.99,-7.82,50.01,Over,https://www.freeiconspng.com/img/1934,2026-10-02T00:11:00Z,No,1.4,7.5,Rays @ Braves,2026-09-08T23:15:00Z,Tue 07:15pm,Truist Park,outdoor,,-100.000,-100.000,9/8/2026,1.500,,,,No,PHI,5.62,2.39,6.568011324,93.43198868,6.568011324,1.5,16,0.00048,over,0.7,1.500778,1.23,0,Push
PrizePicks,MLB,69515,Bryson Stott,IF,PHI,Total Bases,3.5,TRUE,N/A,10/1/2026,12:36:36 PM,pre_game,MLB,demon,https://static.prizepicks.com/images/players/MLB/Bryson_Stott_MLB_player_R761z8GtmmBHjPjfJP9iL5x6-450.webp,15357884,,,,,,,,2026-10-02T00:11:00Z,Yes,-1.4,7.5,Astros @ Phillies,2026-09-08T22:40:00Z,Tue 06:40pm,Citizens Bank Park,outdoor,NBCS-PH,,,,,,,,No,ATL,5.76,2.45,,,,0,17,-0.04949,under,0.63,-0.04949,0.56,0.5,Push
PrizePicks,MLB,67614,Matt Olson,IF,ATL,Total Bases,3.5,TRUE,N/A,10/1/2026,12:36:36 PM,pre_game,MLB,demon,https://static.prizepicks.com/images/players/MLB/Matthew_Olson_MLB_player_NDhzwn6hkBC70gLyFChsulYT-450.webp,15357902,,,,,,,,2026-10-02T00:11:00Z,No,1.4,7.5,Rays @ Braves,2026-09-08T23:15:00Z,Tue 07:15pm,Truist Park,outdoor,,,,,,,,,No,PHI,6.36,2.78,,,,0,19,-0.08201,under,0.7,-0.08201,0.6,0.5,Push
PrizePicks,MLB,67614,Matt Olson,IF,ATL,Hits+Runs+RBIs,3.5,TRUE,N/A,10/1/2026,12:36:36 PM,pre_game,MLB,demon,https://static.prizepicks.com/images/players/MLB/Matthew_Olson_MLB_player_NDhzwn6hkBC70gLyFChsulYT-450.webp,15357904,1.50,48.08,51.92,-6.41,51.92,Under,https://www.freeiconspng.com/img/1934,2026-10-02T00:11:00Z,No,1.4,7.5,Rays @ Braves,2026-09-08T23:15:00Z,Tue 07:15pm,Truist Park,outdoor,,-108.000,-108.000,9/8/2026,1.442,,,,No,PHI,6.36,2.78,5.862250532,94.13774947,5.862250532,1.44,16,0.00056,over,0.7,1.442956,1.19,0,Push
PrizePicks,MLB,309860,Justin Crawford,OF,PHI,Hits+Runs+RBIs,3.5,TRUE,N/A,10/1/2026,12:36:36 PM,pre_game,MLB,demon,https://static.prizepicks.com/images/manual/Justin Crawford.png,15357911,0.50,58.11,41.89,-7.41,58.11,Over,https://www.freeiconspng.com/img/1934,2026-10-02T00:11:00Z,No,1.4,7.5,Astros @ Phillies,2026-09-08T22:40:00Z,Tue 06:40pm,Citizens Bank Park,outdoor,NBCS-PH,-139.000,-139.000,9/8/2026,0.581,,,,No,ATL,4.28,2.05,0.2998601079,99.70013989,0.2998601079,0.58,9,0.00533,over,0.54,0.58643,0.56,0,Push
PrizePicks,MLB,127250,Ozzie Albies,IF,ATL,Hits+Runs+RBIs,3.5,TRUE,N/A,10/1/2026,12:36:36 PM,pre_game,MLB,demon,https://static.prizepicks.com/images/players/MLB/Ozhaino_Albies_MLB_player_G3gl7zvDUXIaQWzRdOQkGkTS-450.webp,15357921,1.50,41.73,58.27,-6.64,58.27,Under,https://www.freeiconspng.com/img/1934,2026-10-02T00:11:00Z,No,1.4,7.5,Rays @ Braves,2026-09-08T23:15:00Z,Tue 07:15pm,Truist Park,outdoor,,-140.000,-140.000,9/8/2026,1.252,,,,No,PHI,4.46,1.98,3.84464902,96.15535098,3.84464902,1.25,16,0.0004,over,0.47,1.252296,0.99,0,Push
PrizePicks,MLB,329541,Bryan De La Cruz,OF,PHI,Hits+Runs+RBIs,3.5,TRUE,N/A,10/1/2026,12:36:36 PM,pre_game,MLB,demon,https://static.prizepicks.com/images/players/MLB/Bryan_De_La_Cruz_MLB_player_FcR0a7NWdTVQMdvB7Oll4FDI-450.webp,15357922,0.50,57.72,42.28,-5.92,57.72,Over,https://www.freeiconspng.com/img/1934,2026-10-02T00:11:00Z,No,1.4,7.5,Astros @ Phillies,2026-09-08T22:40:00Z,Tue 06:40pm,Citizens Bank Park,outdoor,NBCS-PH,-137.000,-137.000,,0.577,,,,No,,,3.5,0.2927844433,99.70721556,0.2927844433,0.58,,0,,0.98,,0.78,0,Push
PrizePicks,MLB,67634,J.T. Realmuto,C,PHI,Hits+Runs+RBIs,3.5,TRUE,N/A,10/1/2026,12:36:36 PM,pre_game,MLB,demon,https://static.prizepicks.com/images/players/MLB/Jacob_Realmuto_MLB_player_qUdvpTDV1nY6g19qkvI7KEEH-450.webp,15357925,1.50,42,58,-5.64,58,Under,https://www.freeiconspng.com/img/1934,2026-10-02T00:11:00Z,No,1.4,7.5,Astros @ Phillies,2026-09-08T22:40:00Z,Tue 06:40pm,Citizens Bank Park,outdoor,NBCS-PH,-138.000,-138.000,9/8/2026,1.260,,,,No,,,3.5,3.920821606,96.07917839,3.920821606,1.26,,0,,0.72,,0.99,0,Push
PrizePicks,MLB,329541,Bryan De La Cruz,OF,PHI,Total Bases,3.5,TRUE,N/A,10/1/2026,12:36:36 PM,pre_game,MLB,demon,https://static.prizepicks.com/images/players/MLB/Bryan_De_La_Cruz_MLB_player_FcR0a7NWdTVQMdvB7Oll4FDI-450.webp,15357926,,,,,,,,2026-10-02T00:11:00Z,Yes,-1.4,7.5,Astros @ Phillies,2026-09-08T22:40:00Z,Tue 06:40pm,Citizens Bank Park,outdoor,NBCS-PH,,,,,,,,No,,,3.5,,,,0,,0,,0.98,,0.98,0,Push
PrizePicks,MLB,67558,Austin Riley,IF,ATL,Hits+Runs+RBIs,3.5,TRUE,N/A,10/1/2026,12:36:36 PM,pre_game,MLB,demon,https://static.prizepicks.com/images/players/MLB/Michael_Riley_MLB_player_mZ93NJZS0EsLvYCwgHVNsy32-450.webp,15357932,0.50,58.98,41.02,-5.93,58.98,Over,https://www.freeiconspng.com/img/1934,2026-10-02T00:11:00Z,No,1.4,7.5,Rays @ Braves,2026-09-08T23:15:00Z,Tue 07:15pm,Truist Park,outdoor,,-144.000,-144.000,9/8/2026,0.590,,,,No,PHI,4.17,1.9,0.3160629439,99.68393706,0.3160629439,0.59,16,0.00038,over,0.42,0.59018,0.5,0,Push
PrizePicks,MLB,233219,Drake Baldwin,C,ATL,Hits+Runs+RBIs,3.5,TRUE,N/A,10/1/2026,12:36:36 PM,pre_game,MLB,demon,https://static.prizepicks.com/images/players/MLB/Drake_Baldwin_MLB_player_2bszMiBPtE84wfUl1dPBtueo-450.webp,15357945,1.50,50.64,49.36,-8.45,50.64,Over,https://www.freeiconspng.com/img/1934,2026-10-02T00:11:00Z,No,1.4,7.5,Rays @ Braves,2026-09-08T23:15:00Z,Tue 07:15pm,Truist Park,outdoor,,-103.000,-103.000,9/8/2026,1.519,,,,No,PHI,5.72,2.79,6.807534403,93.1924656,6.807534403,1.52,16,0.00056,over,0.79,1.519758,1.28,0,Push
PrizePicks,MLB,127032,Trea Turner,IF,PHI,Hits+Runs+RBIs,3.5,TRUE,N/A,10/1/2026,12:36:36 PM,pre_game,MLB,demon,https://static.prizepicks.com/images/players/MLB/Trea_Turner_MLB_player_PzSAbDCREg3T5256tVuvznWK-450.webp,15357946,1.50,52.2,47.8,-10.01,52.2,Over,https://www.freeiconspng.com/img/1934,2026-09-30T18:00:00Z,No,1.4,7.5,Astros @ Phillies,2026-09-08T22:40:00Z,Tue 06:40pm,Citizens Bank Park,outdoor,NBCS-PH,-109.000,-109.000,9/8/2026,1.566,,,,No,ATL,6.32,2.52,7.419740045,92.58025996,7.419740045,1.57,9,0.00655,over,0.61,1.572552,1.25,0,Push
PrizePicks,MLB,73988,Bryce Harper,IF,PHI,Total Bases,3.5,TRUE,N/A,10/1/2026,12:36:36 PM,pre_game,MLB,demon,https://static.prizepicks.com/images/players/MLB/Bryce_Harper_MLB_player_mhsTcoXtjRH4vlcux7XU1Zyy-450.webp,15357948,,,,,,,,2026-10-02T00:11:00Z,Yes,-1.4,7.5,Astros @ Phillies,2026-09-08T22:40:00Z,Tue 06:40pm,Citizens Bank Park,outdoor,NBCS-PH,,,,,,,,No,ATL,5.8,2.28,,,,0,17,-0.04606,under,0.61,-0.046056,1.06,1.5,Push
PrizePicks,MLB,309068,Mauricio Dubón,OF,ATL,Total Bases,3.5,TRUE,N/A,10/1/2026,12:36:36 PM,pre_game,MLB,demon,https://static.prizepicks.com/images/manual/Mauricio Dubón.png,15357960,,,,,,,,2026-10-02T00:11:00Z,No,1.4,7.5,Rays @ Braves,2026-09-08T23:15:00Z,Tue 07:15pm,Truist Park,outdoor,,,,,,,,,No,PHI,4.5,2.03,,,,0,19,-0.05988,under,0.56,-0.059885,0.53,0.5,Push
PrizePicks,MLB,68832,Michael Harris II,OF,ATL,Total Bases,3.5,TRUE,N/A,10/1/2026,12:36:36 PM,pre_game,MLB,demon,https://static.prizepicks.com/images/players/MLB/Michael_Harris_MLB_player_ZkXYVk5eP3OK6w4UecYW3tdb-450.webp,15357961,,,,,,,,2026-10-02T00:11:00Z,No,1.4,7.5,Rays @ Braves,2026-09-08T23:15:00Z,Tue 07:15pm,Truist Park,outdoor,,,,,,,,,No,PHI,5.62,2.39,,,,0,19,-0.0705,under,0.7,-0.070505,1.1,1.5,Push
PrizePicks,MLB,310126,Mike Yastrzemski,OF,ATL,Total Bases,3.5,TRUE,N/A,10/1/2026,12:36:36 PM,pre_game,MLB,demon,https://static.prizepicks.com/images/manual/Mike Yastrzemski.png,15357971,,,,,,,,2026-10-02T00:11:00Z,No,1.4,7.5,Rays @ Braves,2026-09-08T23:15:00Z,Tue 07:15pm,Truist Park,outdoor,,,,,,,,,No,PHI,3.97,2,,,,0,19,-0.059,under,0.45,-0.059,0.47,0.5,Push
PrizePicks,MLB,73988,Bryce Harper,IF,PHI,Hits+Runs+RBIs,3.5,TRUE,N/A,10/1/2026,12:36:36 PM,pre_game,MLB,demon,https://static.prizepicks.com/images/players/MLB/Bryce_Harper_MLB_player_mhsTcoXtjRH4vlcux7XU1Zyy-450.webp,15357989,1.50,48.87,51.13,-6.68,51.13,Under,https://www.freeiconspng.com/img/1934,2026-10-02T00:11:00Z,No,1.4,7.5,Astros @ Phillies,2026-09-08T22:40:00Z,Tue 06:40pm,Citizens Bank Park,outdoor,NBCS-PH,-105.000,-105.000,9/8/2026,1.466,,,,No,ATL,5.8,2.28,6.146002334,93.85399767,6.146002334,1.47,9,0.00593,over,0.61,1.472028,1.18,0,Push
PrizePicks,MLB,67555,Ronald Acuña Jr.,OF,ATL,Hits+Runs+RBIs,3.5,TRUE,N/A,10/1/2026,12:36:36 PM,pre_game,MLB,demon,https://static.prizepicks.com/images/players/MLB/Ronald_Acu%C3%B1a_MLB_player_tUwoDZ2wW0mEiTxchuRbbAHl-450.webp,15357996,1.50,51.63,48.37,-9.44,51.63,Over,https://www.freeiconspng.com/img/1934,2026-10-02T00:11:00Z,No,1.4,7.5,Rays @ Braves,2026-09-08T23:15:00Z,Tue 07:15pm,Truist Park,outdoor,,-107.000,-107.000,,1.549,,,,No,-,7.21,3.5,7.192913826,92.80708617,7.192913826,1.55,,0,,0.89,,1.22,0,Push
PrizePicks,MLB,67532,Kyle Schwarber,DH,PHI,Hits+Runs+RBIs,3.5,TRUE,N/A,10/1/2026,12:36:36 PM,pre_game,MLB,demon,https://static.prizepicks.com/images/players/MLB/Kyle_Schwarber_MLB_player_68nHEJrjzq1CxWv0nqnyV0Tj-450.webp,15358007,1.50,48.45,51.55,-6.26,51.55,Under,https://www.freeiconspng.com/img/1934,2026-10-02T00:11:00Z,No,1.4,7.5,Astros @ Phillies,2026-09-08T22:40:00Z,Tue 06:40pm,Citizens Bank Park,outdoor,NBCS-PH,-106.000,-106.000,9/8/2026,1.454,,,,No,ATL,7.09,3.2,5.994256967,94.00574303,5.994256967,1.45,9,0.00832,over,0.74,1.46182,1.22,0,Push
PrizePicks,MLB,309068,Mauricio Dubón,OF,ATL,Hits+Runs+RBIs,3.5,TRUE,N/A,10/1/2026,12:36:36 PM,pre_game,MLB,demon,https://static.prizepicks.com/images/manual/Mauricio Dubón.png,15358015,1.50,44.81,55.19,-5.59,55.19,Under,https://www.freeiconspng.com/img/1934,2026-10-02T00:11:00Z,No,1.4,7.5,Rays @ Braves,2026-09-08T23:15:00Z,Tue 07:15pm,Truist Park,outdoor,,-123.000,-123.000,,1.344,,,,No,PHI,4.5,2.03,4.764416492,95.23558351,4.764416492,1.34,16,0.00041,over,0.56,1.344706,1.08,0,Push
PrizePicks,MLB,127032,Trea Turner,IF,PHI,Total Bases,3.5,TRUE,N/A,10/1/2026,12:36:36 PM,pre_game,MLB,demon,https://static.prizepicks.com/images/players/MLB/Trea_Turner_MLB_player_PzSAbDCREg3T5256tVuvznWK-450.webp,15358019,,,,,,,,2026-10-02T00:11:00Z,Yes,-1.4,7.5,Astros @ Phillies,2026-09-08T22:40:00Z,Tue 06:40pm,Citizens Bank Park,outdoor,NBCS-PH,,,,,,,,No,ATL,6.32,2.52,,,,0,17,-0.0509,under,0.61,-0.050904,1.05,1.5,Push
PrizePicks,MLB,323543,Derek Hill,OF,PHI,Hits+Runs+RBIs,3.5,TRUE,N/A,10/1/2026,12:36:36 PM,pre_game,MLB,demon,https://static.prizepicks.com/images/manual/Derek Hill.WEBP,15358220,,,,,,,,2026-10-02T00:11:00Z,Yes,-1.4,7.5,Astros @ Phillies,2026-09-08T22:40:00Z,Tue 06:40pm,Citizens Bank Park,outdoor,NBCS-PH,,,,,,,,No,,,3.5,,,,0,,0,,0.91,,0.91,0,Push
PrizePicks,MLB,127255,Sean Murphy,C,ATL,Hits+Runs+RBIs,3.5,TRUE,N/A,10/1/2026,12:36:36 PM,pre_game,MLB,demon,https://static.prizepicks.com/images/players/MLB/Sean_Murphy_MLB_player_GSWZPCMTBYwlQ07NFA0MEl9x-450.webp,15358230,0.50,53.54,46.46,-6.46,53.54,Over,https://www.freeiconspng.com/img/1934,2026-10-02T00:11:00Z,No,1.4,7.5,Rays @ Braves,2026-09-08T23:15:00Z,Tue 07:15pm,Truist Park,outdoor,,-115.000,-115.000,9/8/2026,0.535,,,,No,PHI,3.9,1.76,0.2239734766,99.77602652,0.2239734766,0.54,16,0.00035,over,0.32,0.535752,0.43,0,Push
PrizePicks,MLB,323543,Derek Hill,OF,PHI,Total Bases,3.5,TRUE,N/A,10/1/2026,12:36:36 PM,pre_game,MLB,demon,https://static.prizepicks.com/images/manual/Derek Hill.WEBP,15358275,,,,,,,,2026-10-02T00:11:00Z,Yes,-1.4,7.5,Astros @ Phillies,2026-09-08T22:40:00Z,Tue 06:40pm,Citizens Bank Park,outdoor,NBCS-PH,,,,,,,,No,,,3.5,,,,0,,0,,0.91,,0.91,0,Push
PrizePicks,MLB,127255,Sean Murphy,C,ATL,Total Bases,3.5,TRUE,N/A,10/1/2026,12:36:36 PM,pre_game,MLB,demon,https://static.prizepicks.com/images/players/MLB/Sean_Murphy_MLB_player_GSWZPCMTBYwlQ07NFA0MEl9x-450.webp,15358316,,,,,,,,2026-10-02T00:11:00Z,No,1.4,7.5,Rays @ Braves,2026-09-08T23:15:00Z,Tue 07:15pm,Truist Park,outdoor,,,,,,,,,No,PHI,3.9,1.76,,,,0,19,-0.05192,under,0.32,-0.05192,0.41,0.5,Push
PrizePicks,MLB,69515,Bryson Stott,IF,PHI,Hits+Runs+RBIs,3.5,TRUE,N/A,10/1/2026,12:36:36 PM,pre_game,MLB,demon,https://static.prizepicks.com/images/players/MLB/Bryson_Stott_MLB_player_R761z8GtmmBHjPjfJP9iL5x6-450.webp,15359782,1.50,47.22,52.78,-5.03,52.78,Under,https://www.freeiconspng.com/img/1934,2026-10-02T00:11:00Z,No,1.4,7.5,Astros @ Phillies,2026-09-08T22:40:00Z,Tue 06:40pm,Citizens Bank Park,outdoor,NBCS-PH,-112.000,-112.000,9/8/2026,1.417,,,,No,ATL,5.76,2.45,5.561508709,94.43849129,5.561508709,1.42,9,0.00637,over,0.63,1.42297,1.16,0,Push
PrizePicks,MLB,74759,Edmundo Sosa,OF,PHI,Total Bases,3.5,TRUE,N/A,10/1/2026,12:36:36 PM,pre_game,MLB,demon,https://static.prizepicks.com/images/players/MLB/Edmundo_Sosa_MLB_player_JIJ7g9fQHiTmGPC8SZmBl8oP-450.webp,15368849,,,,,,,,2026-10-02T00:11:00Z,Yes,-1.4,7.5,Astros @ Phillies,2026-09-08T22:40:00Z,Tue 06:40pm,Citizens Bank Park,outdoor,NBCS-PH,,,,,,,,No,ATL,4.84,2.73,,,,0,17,-0.05515,under,0.67,-0.055146,0.67,0,Push
PrizePicks,MLB,74759,Edmundo Sosa,OF,PHI,Hits+Runs+RBIs,3.5,TRUE,N/A,10/1/2026,12:36:36 PM,pre_game,MLB,demon,https://static.prizepicks.com/images/players/MLB/Edmundo_Sosa_MLB_player_JIJ7g9fQHiTmGPC8SZmBl8oP-450.webp,15368853,1.50,43.35,56.65,-4.13,56.65,Under,https://www.freeiconspng.com/img/1934,2026-10-02T00:11:00Z,No,1.4,7.5,Astros @ Phillies,2026-09-08T22:40:00Z,Tue 06:40pm,Citizens Bank Park,outdoor,NBCS-PH,-131.000,-131.000,,1.301,,,,No,ATL,4.84,2.73,4.314536503,95.6854635,4.314536503,1.3,9,0.0071,over,0.67,1.307598,1.09,0,Push
PrizePicks,MLB,68133,Aaron Nola,P,PHI,Pitcher Strikeouts,3.5,TRUE,N/A,10/1/2026,12:36:36 PM,pre_game,MLB,standard,https://static.prizepicks.com/images/players/MLB/Aaron_Nola_MLB_player_PQQEn8FwSTYP50BL3uYRjm7W-450.webp,15372770,3.50,52.25,47.75,-10.06,52.25,Over,https://www.freeiconspng.com/img/1934,2026-10-02T00:11:00Z,No,1.4,7.5,Astros @ Phillies,2026-09-08T22:40:00Z,Tue 06:40pm,Citizens Bank Park,outdoor,NBCS-PH,-109.000,-109.000,,3.658,,,,No,ATL,18.87,3.91,52.25,47.75,52.25,3.66,7,0.0739,over,3.95,3.731399,3.71,0,Great Bet
PrizePicks,MLB,68133,Aaron Nola,P,PHI,Earned Runs Allowed,3.5,TRUE,N/A,10/1/2026,12:36:36 PM,pre_game,MLB,demon,https://static.prizepicks.com/images/players/MLB/Aaron_Nola_MLB_player_PQQEn8FwSTYP50BL3uYRjm7W-450.webp,15372800,,,,,,,,2026-10-02T00:11:00Z,Yes,-1.4,7.5,Astros @ Phillies,2026-09-08T22:40:00Z,Tue 06:40pm,Citizens Bank Park,outdoor,NBCS-PH,,,,,,,,No,ATL,18.87,0.77,,,,0,17,-0.01555,under,177,-0.015554,177,0,Push
PrizePicks,MLB,68133,Aaron Nola,P,PHI,Hits Allowed,3.5,TRUE,N/A,10/1/2026,12:36:36 PM,pre_game,MLB,standard,https://static.prizepicks.com/images/players/MLB/Aaron_Nola_MLB_player_PQQEn8FwSTYP50BL3uYRjm7W-450.webp,15373530,,,,,,,,2026-10-02T00:11:00Z,Yes,-1.4,7.5,Astros @ Phillies,2026-09-08T22:40:00Z,Tue 06:40pm,Citizens Bank Park,outdoor,NBCS-PH,,,,,,,,No,ATL,18.87,0.77,,,,0,10,0.00185,over,177,0.001848,90.25,0,Push
PrizePicks,MLB,198398,Ray Kerr,P,ATL,Pitcher Strikeouts,3.5,TRUE,N/A,10/1/2026,12:36:36 PM,pre_game,MLB,demon,https://static.prizepicks.com/images/manual/Ray Kerr.webp,15373885,0.50,65.71,34.29,-3.99,65.71,Over,https://www.freeiconspng.com/img/1934,2026-10-02T00:11:00Z,No,1.4,7.5,Rays @ Braves,2026-09-08T23:15:00Z,Tue 07:15pm,Truist Park,outdoor,,-192.000,-192.000,,0.657,8/4/2026,Day-To-Day,May 8: Atlanta re-signed Kerr (elbow) to a minor-league contract Tuesday.,No,,,5,0.4619664394,99.53803356,0.4619664394,0.66,,0,,3.04,,1.85,0,Push
PrizePicks,MLB,198398,Ray Kerr,P,ATL,Hits Allowed,3.5,TRUE,N/A,10/1/2026,12:36:36 PM,pre_game,MLB,demon,https://static.prizepicks.com/images/manual/Ray Kerr.webp,15373886,,,,,,,,2026-10-02T00:11:00Z,No,1.4,7.5,Rays @ Braves,2026-09-08T23:15:00Z,Tue 07:15pm,Truist Park,outdoor,,,,,,8/4/2026,Day-To-Day,May 8: Atlanta re-signed Kerr (elbow) to a minor-league contract Tuesday.,No,,,3.5,,,,0,,0,,9,,9,0,Push
PrizePicks,MLB,204751,Grant Holmes,P,ATL,Hits Allowed,3.5,TRUE,N/A,10/1/2026,12:36:36 PM,pre_game,MLB,standard,https://static.prizepicks.com/images/players/MLB/Harrison_Holmes_MLB_player_DHWD1gRO6oF5JtHsHcprtl96-450.webp,15374044,,,,,,,,2026-10-02T00:11:00Z,No,1.4,7.5,Rays @ Braves,2026-09-08T23:15:00Z,Tue 07:15pm,Truist Park,outdoor,,,,,,,,,No,,,3.5,,,,0,,0,,136,,69.75,0,Push
PrizePicks,MLB,204751,Grant Holmes,P,ATL,Pitcher Strikeouts,3.5,TRUE,N/A,10/1/2026,12:36:36 PM,pre_game,MLB,demon,https://static.prizepicks.com/images/players/MLB/Harrison_Holmes_MLB_player_DHWD1gRO6oF5JtHsHcprtl96-450.webp,15374060,2.50,58.36,41.64,0.2,58.36,Over,https://www.freeiconspng.com/img/1934,2026-10-02T00:11:00Z,No,1.4,7.5,Rays @ Braves,2026-09-08T23:15:00Z,Tue 07:15pm,Truist Park,outdoor,,-140.000,-140.000,,2.918,,,,No,,,5,33.44036387,66.55963613,33.44036387,2.92,,0,,3.8,,3.36,0,Good Bet
PrizePicks,MLB,204751,Grant Holmes,P,ATL,Earned Runs Allowed,3.5,TRUE,N/A,10/1/2026,12:36:36 PM,pre_game,MLB,demon,https://static.prizepicks.com/images/players/MLB/Harrison_Holmes_MLB_player_DHWD1gRO6oF5JtHsHcprtl96-450.webp,15374069,,,,,,,,2026-10-02T00:11:00Z,No,1.4,7.5,Rays @ Braves,2026-09-08T23:15:00Z,Tue 07:15pm,Truist Park,outdoor,,,,,,,,,No,,,3.5,,,,0,,0,,136,,136,0,Push
PrizePicks,MLB,198398,Ray Kerr,P,ATL,Earned Runs Allowed,3.5,TRUE,N/A,10/1/2026,12:36:36 PM,pre_game,MLB,demon,https://static.prizepicks.com/images/manual/Ray Kerr.webp,15374109,,,,,,,,2026-10-02T00:11:00Z,No,1.4,7.5,Rays @ Braves,2026-09-08T23:15:00Z,Tue 07:15pm,Truist Park,outdoor,,,,,,8/4/2026,Day-To-Day,May 8: Atlanta re-signed Kerr (elbow) to a minor-league contract Tuesday.,No,,,3.5,,,,0,,0,,9,,9,0,Push
PrizePicks,MLB,67614,Matt Olson,IF,ATL,Total Bases,2.5,TRUE,N/A,10/1/2026,12:36:36 PM,pre_game,MLB,demon,https://static.prizepicks.com/images/players/MLB/Matthew_Olson_MLB_player_NDhzwn6hkBC70gLyFChsulYT-450.webp,15357819,,,,,,,,2026-10-02T00:11:00Z,No,1.4,7.5,Rays @ Braves,2026-09-08T23:15:00Z,Tue 07:15pm,Truist Park,outdoor,,,,,,,,,No,PHI,6.36,2.78,,,,0,19,-0.08201,under,0.7,-0.08201,0.6,0.5,Push
PrizePicks,MLB,73988,Bryce Harper,IF,PHI,Hits,2.5,TRUE,N/A,10/1/2026,12:36:36 PM,pre_game,MLB,demon,https://static.prizepicks.com/images/players/MLB/Bryce_Harper_MLB_player_mhsTcoXtjRH4vlcux7XU1Zyy-450.webp,15357822,0.50,63.56,36.44,-7.87,63.56,Over,https://www.freeiconspng.com/img/1934,2026-10-02T00:11:00Z,No,1.4,7.5,Astros @ Phillies,2026-09-08T22:40:00Z,Tue 06:40pm,Citizens Bank Park,outdoor,NBCS-PH,-174.000,-174.000,9/8/2026,0.636,,,,No,ATL,5.8,2.28,2.677800427,97.32219957,2.677800427,0.64,10,0.00547,over,0.61,0.641072,0.58,0.5,Push
PrizePicks,MLB,67555,Ronald Acuña Jr.,OF,ATL,Hits,2.5,TRUE,N/A,10/1/2026,12:36:36 PM,pre_game,MLB,demon,https://static.prizepicks.com/images/players/MLB/Ronald_Acu%C3%B1a_MLB_player_tUwoDZ2wW0mEiTxchuRbbAHl-450.webp,15357823,0.50,66.13,33.87,-6.84,66.13,Over,https://www.freeiconspng.com/img/1934,2026-10-02T00:11:00Z,No,1.4,7.5,Rays @ Braves,2026-09-08T23:15:00Z,Tue 07:15pm,Truist Park,outdoor,,-195.000,-195.000,,0.661,,,,No,-,7.21,3.5,2.960309849,97.03969015,2.960309849,0.66,,0,,0.89,,0.68,0.5,Push
PrizePicks,MLB,67532,Kyle Schwarber,DH,PHI,Hits,2.5,TRUE,N/A,10/1/2026,12:36:36 PM,pre_game,MLB,demon,https://static.prizepicks.com/images/players/MLB/Kyle_Schwarber_MLB_player_68nHEJrjzq1CxWv0nqnyV0Tj-450.webp,15357825,0.50,58.1,41.9,-7.42,58.1,Over,https://www.freeiconspng.com/img/1934,2026-10-02T00:11:00Z,No,1.4,7.5,Astros @ Phillies,2026-09-08T22:40:00Z,Tue 06:40pm,Citizens Bank Park,outdoor,NBCS-PH,-139.000,-139.000,9/8/2026,0.581,,,,No,ATL,7.09,3.2,2.127996576,97.87200342,2.127996576,0.58,10,0.00768,over,0.74,0.58868,0.61,0.5,Push
PrizePicks,MLB,68832,Michael Harris II,OF,ATL,Hits,2.5,TRUE,N/A,10/1/2026,12:36:36 PM,pre_game,MLB,demon,https://static.prizepicks.com/images/players/MLB/Michael_Harris_MLB_player_ZkXYVk5eP3OK6w4UecYW3tdb-450.webp,15357831,0.50,66.77,33.23,-7.26,66.77,Over,https://www.freeiconspng.com/img/1934,2026-10-02T00:11:00Z,No,1.4,7.5,Rays @ Braves,2026-09-08T23:15:00Z,Tue 07:15pm,Truist Park,outdoor,,-201.000,-201.000,9/8/2026,0.668,,,,No,PHI,5.62,2.39,3.033012609,96.96698739,3.033012609,0.67,22,-0.00908,under,0.7,0.658618,0.62,0.5,Push
PrizePicks,MLB,309860,Justin Crawford,OF,PHI,Hits+Runs+RBIs,2.5,TRUE,N/A,10/1/2026,12:36:36 PM,pre_game,MLB,demon,https://static.prizepicks.com/images/manual/Justin Crawford.png,15357835,0.50,58.11,41.89,-7.41,58.11,Over,https://www.freeiconspng.com/img/1934,2026-10-02T00:11:00Z,No,1.4,7.5,Astros @ Phillies,2026-09-08T22:40:00Z,Tue 06:40pm,Citizens Bank Park,outdoor,NBCS-PH,-139.000,-139.000,9/8/2026,0.581,,,,No,ATL,4.28,2.05,2.128940746,97.87105925,2.128940746,0.58,9,0.00533,over,0.54,0.58643,0.56,0,Push
PrizePicks,MLB,329541,Bryan De La Cruz,OF,PHI,Total Bases,2.5,TRUE,N/A,10/1/2026,12:36:36 PM,pre_game,MLB,demon,https://static.prizepicks.com/images/players/MLB/Bryan_De_La_Cruz_MLB_player_FcR0a7NWdTVQMdvB7Oll4FDI-450.webp,15357842,,,,,,,,2026-10-02T00:11:00Z,Yes,-1.4,7.5,Astros @ Phillies,2026-09-08T22:40:00Z,Tue 06:40pm,Citizens Bank Park,outdoor,NBCS-PH,,,,,,,,No,,,3.5,,,,0,,0,,0.98,,0.98,0,Push
PrizePicks,MLB,67634,J.T. Realmuto,C,PHI,Total Bases,2.5,TRUE,N/A,10/1/2026,12:36:36 PM,pre_game,MLB,demon,https://static.prizepicks.com/images/players/MLB/Jacob_Realmuto_MLB_player_qUdvpTDV1nY6g19qkvI7KEEH-450.webp,15357846,,,,,,,,2026-10-02T00:11:00Z,Yes,-1.4,7.5,Astros @ Phillies,2026-09-08T22:40:00Z,Tue 06:40pm,Citizens Bank Park,outdoor,NBCS-PH,,,,,,,,No,,,3.5,,,,0,,0,,0.72,,0.61,0.5,Push
PrizePicks,MLB,309068,Mauricio Dubón,OF,ATL,Total Bases,2.5,TRUE,N/A,10/1/2026,12:36:36 PM,pre_game,MLB,demon,https://static.prizepicks.com/images/manual/Mauricio Dubón.png,15357847,,,,,,,,2026-10-02T00:11:00Z,No,1.4,7.5,Rays @ Braves,2026-09-08T23:15:00Z,Tue 07:15pm,Truist Park,outdoor,,,,,,,,,No,PHI,4.5,2.03,,,,0,19,-0.05988,under,0.56,-0.059885,0.53,0.5,Push
PrizePicks,MLB,233219,Drake Baldwin,C,ATL,Hits,2.5,TRUE,N/A,10/1/2026,12:36:36 PM,pre_game,MLB,demon,https://static.prizepicks.com/images/players/MLB/Drake_Baldwin_MLB_player_2bszMiBPtE84wfUl1dPBtueo-450.webp,15357855,0.50,66.68,33.32,-6.65,66.68,Over,https://www.freeiconspng.com/img/1934,2026-10-02T00:11:00Z,No,1.4,7.5,Rays @ Braves,2026-09-08T23:15:00Z,Tue 07:15pm,Truist Park,outdoor,,-200.000,-200.000,9/8/2026,0.667,,,,No,PHI,5.72,2.79,3.022732288,96.97726771,3.022732288,0.67,22,-0.0106,under,0.79,0.656198,0.65,0.5,Push
PrizePicks,MLB,67940,Alec Bohm,IF,PHI,Hits,2.5,TRUE,N/A,10/1/2026,12:36:36 PM,pre_game,MLB,demon,https://static.prizepicks.com/images/players/MLB/Alec_Bohm_MLB_player_kikYiFKsWk4374Ra6YncvWQy-450.webp,15357856,0.50,65.71,34.29,-7.26,65.71,Over,https://www.freeiconspng.com/img/1934,2026-10-02T00:11:00Z,No,1.4,7.5,Astros @ Phillies,2026-09-08T22:40:00Z,Tue 06:40pm,Citizens Bank Park,outdoor,NBCS-PH,-192.000,-192.000,9/8/2026,0.657,,,,No,ATL,6.5,2.75,2.913107172,97.08689283,2.913107172,0.66,10,0.0066,over,0.68,0.6637,0.61,0.5,Push
PrizePicks,MLB,127250,Ozzie Albies,IF,ATL,Hits+Runs+RBIs,2.5,TRUE,N/A,10/1/2026,12:36:36 PM,pre_game,MLB,demon,https://static.prizepicks.com/images/players/MLB/Ozhaino_Albies_MLB_player_G3gl7zvDUXIaQWzRdOQkGkTS-450.webp,15357858,1.50,41.73,58.27,-6.64,58.27,Under,https://www.freeiconspng.com/img/1934,2026-10-02T00:11:00Z,No,1.4,7.5,Rays @ Braves,2026-09-08T23:15:00Z,Tue 07:15pm,Truist Park,outdoor,,-140.000,-140.000,9/8/2026,1.252,,,,No,PHI,4.46,1.98,13.19578572,86.80421428,13.19578572,1.25,16,0.0004,over,0.47,1.252296,0.99,0,Push
PrizePicks,MLB,309068,Mauricio Dubón,OF,ATL,Hits,2.5,TRUE,N/A,10/1/2026,12:36:36 PM,pre_game,MLB,demon,https://static.prizepicks.com/images/manual/Mauricio Dubón.png,15357861,0.50,64.28,35.72,-7.55,64.28,Over,https://www.freeiconspng.com/img/1934,2026-10-02T00:11:00Z,No,1.4,7.5,Rays @ Braves,2026-09-08T23:15:00Z,Tue 07:15pm,Truist Park,outdoor,,-180.000,-180.000,,0.643,,,,No,PHI,4.5,2.03,2.75542061,97.24457939,2.75542061,0.64,22,-0.00771,under,0.56,0.635086,0.57,0.5,Push
PrizePicks,MLB,310126,Mike Yastrzemski,OF,ATL,Total Bases,2.5,TRUE,N/A,10/1/2026,12:36:36 PM,pre_game,MLB,demon,https://static.prizepicks.com/images/manual/Mike Yastrzemski.png,15357881,,,,,,,,2026-10-02T00:11:00Z,No,1.4,7.5,Rays @ Braves,2026-09-08T23:15:00Z,Tue 07:15pm,Truist Park,outdoor,,,,,,,,,No,PHI,3.97,2,,,,0,19,-0.059,under,0.45,-0.059,0.47,0.5,Push
PrizePicks,MLB,67940,Alec Bohm,IF,PHI,Hits+Runs+RBIs,2.5,TRUE,N/A,10/1/2026,12:36:36 PM,pre_game,MLB,demon,https://static.prizepicks.com/images/players/MLB/Alec_Bohm_MLB_player_kikYiFKsWk4374Ra6YncvWQy-450.webp,15357889,1.50,49.18,50.82,-6.99,50.82,Under,https://www.freeiconspng.com/img/1934,2026-10-02T00:11:00Z,No,1.4,7.5,Astros @ Phillies,2026-09-08T22:40:00Z,Tue 06:40pm,Citizens Bank Park,outdoor,NBCS-PH,-103.000,-103.000,9/8/2026,1.475,,,,No,ATL,6.5,2.75,18.5003846,81.4996154,18.5003846,1.48,9,0.00715,over,0.68,1.48255,1.21,0,Push
PrizePicks,MLB,69515,Bryson Stott,IF,PHI,Total Bases,2.5,TRUE,N/A,10/1/2026,12:36:36 PM,pre_game,MLB,demon,https://static.prizepicks.com/images/players/MLB/Bryson_Stott_MLB_player_R761z8GtmmBHjPjfJP9iL5x6-450.webp,15357890,,,,,,,,2026-10-02T00:11:00Z,Yes,-1.4,7.5,Astros @ Phillies,2026-09-08T22:40:00Z,Tue 06:40pm,Citizens Bank Park,outdoor,NBCS-PH,,,,,,,,No,ATL,5.76,2.45,,,,0,17,-0.04949,under,0.63,-0.04949,0.56,0.5,Push
PrizePicks,MLB,68832,Michael Harris II,OF,ATL,Hits+Runs+RBIs,2.5,TRUE,N/A,10/1/2026,12:36:36 PM,pre_game,MLB,demon,https://static.prizepicks.com/images/players/MLB/Michael_Harris_MLB_player_ZkXYVk5eP3OK6w4UecYW3tdb-450.webp,15357891,1.50,50.01,49.99,-7.82,50.01,Over,https://www.freeiconspng.com/img/1934,2026-10-02T00:11:00Z,No,1.4,7.5,Rays @ Braves,2026-09-08T23:15:00Z,Tue 07:15pm,Truist Park,outdoor,,-100.000,-100.000,9/8/2026,1.500,,,,No,PHI,5.62,2.39,19.12284797,80.87715203,19.12284797,1.5,16,0.00048,over,0.7,1.500778,1.23,0,Push
PrizePicks,MLB,69890,Brandon Marsh,OF,PHI,Total Bases,2.5,TRUE,N/A,10/1/2026,12:36:36 PM,pre_game,MLB,demon,https://static.prizepicks.com/images/players/MLB/Brandon_Marsh_MLB_player_JZ5RTWUyIllOGkmAwyKUtF5H-450.webp,15357896,,,,,,,,2026-10-02T00:11:00Z,Yes,-1.4,7.5,Astros @ Phillies,2026-09-08T22:40:00Z,Tue 06:40pm,Citizens Bank Park,outdoor,NBCS-PH,,,,,,,,No,ATL,5.17,2.53,,,,0,17,-0.05111,under,0.66,-0.051106,0.58,0.5,Push
PrizePicks,MLB,309860,Justin Crawford,OF,PHI,Total Bases,2.5,TRUE,N/A,10/1/2026,12:36:36 PM,pre_game,MLB,demon,https://static.prizepicks.com/images/manual/Justin Crawford.png,15357899,,,,,,,,2026-10-02T00:11:00Z,Yes,-1.4,7.5,Astros @ Phillies,2026-09-08T22:40:00Z,Tue 06:40pm,Citizens Bank Park,outdoor,NBCS-PH,,,,,,,,No,ATL,4.28,2.05,,,,0,17,-0.04141,under,0.54,-0.04141,0.52,0.5,Push
PrizePicks,MLB,67614,Matt Olson,IF,ATL,Hits+Runs+RBIs,2.5,TRUE,N/A,10/1/2026,12:36:36 PM,pre_game,MLB,demon,https://static.prizepicks.com/images/players/MLB/Matthew_Olson_MLB_player_NDhzwn6hkBC70gLyFChsulYT-450.webp,15357903,1.50,48.08,51.92,-6.41,51.92,Under,https://www.freeiconspng.com/img/1934,2026-10-02T00:11:00Z,No,1.4,7.5,Rays @ Braves,2026-09-08T23:15:00Z,Tue 07:15pm,Truist Park,outdoor,,-108.000,-108.000,9/8/2026,1.442,,,,No,PHI,6.36,2.78,17.68393954,82.31606046,17.68393954,1.44,16,0.00056,over,0.7,1.442956,1.19,0,Push
PrizePicks,MLB,67614,Matt Olson,IF,ATL,Hits,2.5,TRUE,N/A,10/1/2026,12:36:36 PM,pre_game,MLB,demon,https://static.prizepicks.com/images/players/MLB/Matthew_Olson_MLB_player_NDhzwn6hkBC70gLyFChsulYT-450.webp,15357908,0.50,62.21,37.79,-6.04,62.21,Over,https://www.freeiconspng.com/img/1934,2026-10-02T00:11:00Z,No,1.4,7.5,Rays @ Braves,2026-09-08T23:15:00Z,Tue 07:15pm,Truist Park,outdoor,,-165.000,-165.000,9/8/2026,0.6221,,,,No,PHI,6.36,2.78,2.535472273,97.46452773,2.535472273,0.62,22,-0.01056,under,0.7,0.611536,0.61,0.5,Push
PrizePicks,MLB,127250,Ozzie Albies,IF,ATL,Total Bases,2.5,TRUE,N/A,10/1/2026,12:36:36 PM,pre_game,MLB,demon,https://static.prizepicks.com/images/players/MLB/Ozhaino_Albies_MLB_player_G3gl7zvDUXIaQWzRdOQkGkTS-450.webp,15357916,,,,,,,,2026-10-02T00:11:00Z,No,1.4,7.5,Rays @ Braves,2026-09-08T23:15:00Z,Tue 07:15pm,Truist Park,outdoor,,,,,,,,,No,PHI,4.46,1.98,,,,0,19,-0.05841,under,0.47,-0.05841,0.49,0.5,Push
PrizePicks,MLB,67532,Kyle Schwarber,DH,PHI,Hits+Runs+RBIs,2.5,TRUE,N/A,10/1/2026,12:36:36 PM,pre_game,MLB,demon,https://static.prizepicks.com/images/players/MLB/Kyle_Schwarber_MLB_player_68nHEJrjzq1CxWv0nqnyV0Tj-450.webp,15357923,1.50,48.45,51.55,-6.26,51.55,Under,https://www.freeiconspng.com/img/1934,2026-10-02T00:11:00Z,No,1.4,7.5,Astros @ Phillies,2026-09-08T22:40:00Z,Tue 06:40pm,Citizens Bank Park,outdoor,NBCS-PH,-106.000,-106.000,9/8/2026,1.4535,,,,No,ATL,7.09,3.2,17.95744223,82.04255777,17.95744223,1.45,9,0.00832,over,0.74,1.46182,1.22,0,Push
PrizePicks,MLB,329541,Bryan De La Cruz,OF,PHI,Hits+Runs+RBIs,2.5,TRUE,N/A,10/1/2026,12:36:36 PM,pre_game,MLB,demon,https://static.prizepicks.com/images/players/MLB/Bryan_De_La_Cruz_MLB_player_FcR0a7NWdTVQMdvB7Oll4FDI-450.webp,15357927,0.50,57.72,42.28,-5.92,57.72,Over,https://www.freeiconspng.com/img/1934,2026-10-02T00:11:00Z,No,1.4,7.5,Astros @ Phillies,2026-09-08T22:40:00Z,Tue 06:40pm,Citizens Bank Park,outdoor,NBCS-PH,-137.000,-137.000,,0.5772,,,,No,,,3.5,2.092288964,97.90771104,2.092288964,0.58,,0,,0.98,,0.78,0,Push
PrizePicks,MLB,73988,Bryce Harper,IF,PHI,Total Bases,2.5,TRUE,N/A,10/1/2026,12:36:36 PM,pre_game,MLB,demon,https://static.prizepicks.com/images/players/MLB/Bryce_Harper_MLB_player_mhsTcoXtjRH4vlcux7XU1Zyy-450.webp,15357930,,,,,,,,2026-10-02T00:11:00Z,Yes,-1.4,7.5,Astros @ Phillies,2026-09-08T22:40:00Z,Tue 06:40pm,Citizens Bank Park,outdoor,NBCS-PH,,,,,,,,No,ATL,5.8,2.28,,,,0,17,-0.04606,under,0.61,-0.046056,1.06,1.5,Push
PrizePicks,MLB,67558,Austin Riley,IF,ATL,Hits+Runs+RBIs,2.5,TRUE,N/A,10/1/2026,12:36:36 PM,pre_game,MLB,demon,https://static.prizepicks.com/images/players/MLB/Michael_Riley_MLB_player_mZ93NJZS0EsLvYCwgHVNsy32-450.webp,15357931,0.50,58.98,41.02,-5.93,58.98,Over,https://www.freeiconspng.com/img/1934,2026-10-02T00:11:00Z,No,1.4,7.5,Rays @ Braves,2026-09-08T23:15:00Z,Tue 07:15pm,Truist Park,outdoor,,-144.000,-144.000,9/8/2026,0.5898,,,,No,PHI,4.17,1.9,2.211966184,97.78803382,2.211966184,0.59,16,0.00038,over,0.42,0.59018,0.5,0,Push
PrizePicks,MLB,233219,Drake Baldwin,C,ATL,Hits+Runs+RBIs,2.5,TRUE,N/A,10/1/2026,12:36:36 PM,pre_game,MLB,demon,https://static.prizepicks.com/images/players/MLB/Drake_Baldwin_MLB_player_2bszMiBPtE84wfUl1dPBtueo-450.webp,15357935,1.50,50.64,49.36,-8.45,50.64,Over,https://www.freeiconspng.com/img/1934,2026-10-02T00:11:00Z,No,1.4,7.5,Rays @ Braves,2026-09-08T23:15:00Z,Tue 07:15pm,Truist Park,outdoor,,-103.000,-103.000,9/8/2026,1.5192,,,,No,PHI,5.72,2.79,19.59879738,80.40120262,19.59879738,1.52,16,0.00056,over,0.79,1.519758,1.28,0,Push
PrizePicks,MLB,67634,J.T. Realmuto,C,PHI,Hits+Runs+RBIs,2.5,TRUE,N/A,10/1/2026,12:36:36 PM,pre_game,MLB,demon,https://static.prizepicks.com/images/players/MLB/Jacob_Realmuto_MLB_player_qUdvpTDV1nY6g19qkvI7KEEH-450.webp,15357943,1.50,42,58,-5.64,58,Under,https://www.freeiconspng.com/img/1934,2026-10-02T00:11:00Z,No,1.4,7.5,Astros @ Phillies,2026-09-08T22:40:00Z,Tue 06:40pm,Citizens Bank Park,outdoor,NBCS-PH,-138.000,-138.000,9/8/2026,1.26,,,,No,,,3.5,13.37773339,86.62226661,13.37773339,1.26,,0,,0.72,,0.99,0,Push
PrizePicks,MLB,127032,Trea Turner,IF,PHI,Hits+Runs+RBIs,2.5,TRUE,N/A,10/1/2026,12:36:36 PM,pre_game,MLB,demon,https://static.prizepicks.com/images/players/MLB/Trea_Turner_MLB_player_PzSAbDCREg3T5256tVuvznWK-450.webp,15357947,1.50,52.2,47.8,-10.01,52.2,Over,https://www.freeiconspng.com/img/1934,2026-09-30T18:00:00Z,No,1.4,7.5,Astros @ Phillies,2026-09-08T22:40:00Z,Tue 06:40pm,Citizens Bank Park,outdoor,NBCS-PH,-109.000,-109.000,9/8/2026,1.566,,,,No,ATL,6.32,2.52,20.7893539,79.2106461,20.7893539,1.57,9,0.00655,over,0.61,1.572552,1.25,0,Push
PrizePicks,MLB,68832,Michael Harris II,OF,ATL,Total Bases,2.5,TRUE,N/A,10/1/2026,12:36:36 PM,pre_game,MLB,demon,https://static.prizepicks.com/images/players/MLB/Michael_Harris_MLB_player_ZkXYVk5eP3OK6w4UecYW3tdb-450.webp,15357952,,,,,,,,2026-10-02T00:11:00Z,No,1.4,7.5,Rays @ Braves,2026-09-08T23:15:00Z,Tue 07:15pm,Truist Park,outdoor,,,,,,,,,No,PHI,5.62,2.39,,,,0,19,-0.0705,under,0.7,-0.070505,1.1,1.5,Push
PrizePicks,MLB,69890,Brandon Marsh,OF,PHI,Hits+Runs+RBIs,2.5,TRUE,N/A,10/1/2026,12:36:36 PM,pre_game,MLB,demon,https://static.prizepicks.com/images/players/MLB/Brandon_Marsh_MLB_player_JZ5RTWUyIllOGkmAwyKUtF5H-450.webp,15357954,0.50,59.88,40.12,-6.79,59.88,Over,https://www.freeiconspng.com/img/1934,2026-10-02T00:11:00Z,No,1.4,7.5,Astros @ Phillies,2026-09-08T22:40:00Z,Tue 06:40pm,Citizens Bank Park,outdoor,NBCS-PH,-149.000,-149.000,9/8/2026,0.5988,,,,No,ATL,5.17,2.53,2.29969104,97.70030896,2.29969104,0.6,9,0.00658,over,0.66,0.605378,0.63,0,Push
PrizePicks,MLB,127032,Trea Turner,IF,PHI,Total Bases,2.5,TRUE,N/A,10/1/2026,12:36:36 PM,pre_game,MLB,demon,https://static.prizepicks.com/images/players/MLB/Trea_Turner_MLB_player_PzSAbDCREg3T5256tVuvznWK-450.webp,15357964,,,,,,,,2026-10-02T00:11:00Z,Yes,-1.4,7.5,Astros @ Phillies,2026-09-08T22:40:00Z,Tue 06:40pm,Citizens Bank Park,outdoor,NBCS-PH,,,,,,,,No,ATL,6.32,2.52,,,,0,17,-0.0509,under,0.61,-0.050904,1.05,1.5,Push
PrizePicks,MLB,67940,Alec Bohm,IF,PHI,Total Bases,2.5,TRUE,N/A,10/1/2026,12:36:36 PM,pre_game,MLB,demon,https://static.prizepicks.com/images/players/MLB/Alec_Bohm_MLB_player_kikYiFKsWk4374Ra6YncvWQy-450.webp,15357966,,,,,,,,2026-10-02T00:11:00Z,Yes,-1.4,7.5,Astros @ Phillies,2026-09-08T22:40:00Z,Tue 06:40pm,Citizens Bank Park,outdoor,NBCS-PH,,,,,,,,No,ATL,6.5,2.75,,,,0,17,-0.05555,under,0.68,-0.05555,1.09,1.5,Push
PrizePicks,MLB,310126,Mike Yastrzemski,OF,ATL,Hits+Runs+RBIs,2.5,TRUE,N/A,10/1/2026,12:36:36 PM,pre_game,MLB,demon,https://static.prizepicks.com/images/manual/Mike Yastrzemski.png,15357970,0.50,55.52,44.48,-6.74,55.52,Over,https://www.freeiconspng.com/img/1934,2026-10-02T00:11:00Z,No,1.4,7.5,Rays @ Braves,2026-09-08T23:15:00Z,Tue 07:15pm,Truist Park,outdoor,,-125.000,-125.000,9/8/2026,0.5552,,,,No,PHI,3.97,2,1.892101718,98.10789828,1.892101718,0.56,16,0.0004,over,0.45,0.5556,0.5,0,Push
PrizePicks,MLB,69515,Bryson Stott,IF,PHI,Hits+Runs+RBIs,2.5,TRUE,N/A,10/1/2026,12:36:36 PM,pre_game,MLB,demon,https://static.prizepicks.com/images/players/MLB/Bryson_Stott_MLB_player_R761z8GtmmBHjPjfJP9iL5x6-450.webp,15357972,1.50,47.22,52.78,-5.03,52.78,Under,https://www.freeiconspng.com/img/1934,2026-10-02T00:11:00Z,No,1.4,7.5,Astros @ Phillies,2026-09-08T22:40:00Z,Tue 06:40pm,Citizens Bank Park,outdoor,NBCS-PH,-112.000,-112.000,9/8/2026,1.4166,,,,No,ATL,5.76,2.45,17.05280173,82.94719827,17.05280173,1.42,9,0.00637,over,0.63,1.42297,1.16,0,Push
PrizePicks,MLB,233219,Drake Baldwin,C,ATL,Total Bases,2.5,TRUE,N/A,10/1/2026,12:36:36 PM,pre_game,MLB,demon,https://static.prizepicks.com/images/players/MLB/Drake_Baldwin_MLB_player_2bszMiBPtE84wfUl1dPBtueo-450.webp,15357975,,,,,,,,2026-10-02T00:11:00Z,No,1.4,7.5,Rays @ Braves,2026-09-08T23:15:00Z,Tue 07:15pm,Truist Park,outdoor,,,,,,,,,No,PHI,5.72,2.79,,,,0,19,-0.08231,under,0.79,-0.082305,1.15,1.5,Push
PrizePicks,MLB,67532,Kyle Schwarber,DH,PHI,Total Bases,2.5,TRUE,N/A,10/1/2026,12:36:36 PM,pre_game,MLB,demon,https://static.prizepicks.com/images/players/MLB/Kyle_Schwarber_MLB_player_68nHEJrjzq1CxWv0nqnyV0Tj-450.webp,15357979,,,,,,,,2026-10-02T00:11:00Z,Yes,-1.4,7.5,Astros @ Phillies,2026-09-08T22:40:00Z,Tue 06:40pm,Citizens Bank Park,outdoor,NBCS-PH,,,,,,,,No,ATL,7.09,3.2,,,,0,17,-0.06464,under,0.74,-0.06464,1.12,1.5,Push
PrizePicks,MLB,67558,Austin Riley,IF,ATL,Total Bases,2.5,TRUE,N/A,10/1/2026,12:36:36 PM,pre_game,MLB,demon,https://static.prizepicks.com/images/players/MLB/Michael_Riley_MLB_player_mZ93NJZS0EsLvYCwgHVNsy32-450.webp,15357982,,,,,,,,2026-10-02T00:11:00Z,No,1.4,7.5,Rays @ Braves,2026-09-08T23:15:00Z,Tue 07:15pm,Truist Park,outdoor,,,,,,,,,No,PHI,4.17,1.9,,,,0,19,-0.05605,under,0.42,-0.05605,0.46,0.5,Push
PrizePicks,MLB,69515,Bryson Stott,IF,PHI,Hits,2.5,TRUE,N/A,10/1/2026,12:36:36 PM,pre_game,MLB,demon,https://static.prizepicks.com/images/players/MLB/Bryson_Stott_MLB_player_R761z8GtmmBHjPjfJP9iL5x6-450.webp,15357983,0.50,63.33,36.67,-7.68,63.33,Over,https://www.freeiconspng.com/img/1934,2026-10-02T00:11:00Z,No,1.4,7.5,Astros @ Phillies,2026-09-08T22:40:00Z,Tue 06:40pm,Citizens Bank Park,outdoor,NBCS-PH,-173.000,-173.000,9/8/2026,0.633,,,,No,ATL,5.76,2.45,2.653255911,97.34674409,2.653255911,0.63,10,0.00588,over,0.63,0.63918,0.59,0.5,Push
PrizePicks,MLB,73988,Bryce Harper,IF,PHI,Hits+Runs+RBIs,2.5,TRUE,N/A,10/1/2026,12:36:36 PM,pre_game,MLB,demon,https://static.prizepicks.com/images/players/MLB/Bryce_Harper_MLB_player_mhsTcoXtjRH4vlcux7XU1Zyy-450.webp,15357991,1.50,48.87,51.13,-6.68,51.13,Under,https://www.freeiconspng.com/img/1934,2026-10-02T00:11:00Z,No,1.4,7.5,Astros @ Phillies,2026-09-08T22:40:00Z,Tue 06:40pm,Citizens Bank Park,outdoor,NBCS-PH,-105.000,-105.000,9/8/2026,1.466,,,,No,ATL,5.8,2.28,18.26928946,81.73071054,18.26928946,1.47,9,0.00593,over,0.61,1.472028,1.18,0,Push
PrizePicks,MLB,127032,Trea Turner,IF,PHI,Hits,2.5,TRUE,N/A,10/1/2026,12:36:36 PM,pre_game,MLB,demon,https://static.prizepicks.com/images/players/MLB/Trea_Turner_MLB_player_PzSAbDCREg3T5256tVuvznWK-450.webp,15357993,0.50,66.42,33.58,-9.48,66.42,Over,https://www.freeiconspng.com/img/1934,2026-09-30T18:00:00Z,No,1.4,7.5,Astros @ Phillies,2026-09-08T22:40:00Z,Tue 06:40pm,Citizens Bank Park,outdoor,NBCS-PH,-198.000,-198.000,9/8/2026,0.664,,,,No,ATL,6.32,2.52,2.993137418,97.00686258,2.993137418,0.66,10,0.00605,over,0.61,0.670248,0.59,0.5,Push
PrizePicks,MLB,67555,Ronald Acuña Jr.,OF,ATL,Hits+Runs+RBIs,2.5,TRUE,N/A,10/1/2026,12:36:36 PM,pre_game,MLB,demon,https://static.prizepicks.com/images/players/MLB/Ronald_Acu%C3%B1a_MLB_player_tUwoDZ2wW0mEiTxchuRbbAHl-450.webp,15358003,1.50,51.63,48.37,-9.44,51.63,Over,https://www.freeiconspng.com/img/1934,2026-10-02T00:11:00Z,No,1.4,7.5,Rays @ Braves,2026-09-08T23:15:00Z,Tue 07:15pm,Truist Park,outdoor,,-107.000,-107.000,,1.549,,,,No,-,7.21,3.5,20.35243738,79.64756262,20.35243738,1.55,,0,,0.89,,1.22,0,Push
PrizePicks,MLB,67555,Ronald Acuña Jr.,OF,ATL,Total Bases,2.5,TRUE,N/A,10/1/2026,12:36:36 PM,pre_game,MLB,demon,https://static.prizepicks.com/images/players/MLB/Ronald_Acu%C3%B1a_MLB_player_tUwoDZ2wW0mEiTxchuRbbAHl-450.webp,15358005,,,,,,,,2026-10-02T00:11:00Z,No,1.4,7.5,Rays @ Braves,2026-09-08T23:15:00Z,Tue 07:15pm,Truist Park,outdoor,,,,,,,,,No,-,7.21,3.5,,,,0,,0,,0.89,,1.2,1.5,Push
PrizePicks,MLB,309068,Mauricio Dubón,OF,ATL,Hits+Runs+RBIs,2.5,TRUE,N/A,10/1/2026,12:36:36 PM,pre_game,MLB,demon,https://static.prizepicks.com/images/manual/Mauricio Dubón.png,15358012,1.50,44.81,55.19,-5.59,55.19,Under,https://www.freeiconspng.com/img/1934,2026-10-02T00:11:00Z,No,1.4,7.5,Rays @ Braves,2026-09-08T23:15:00Z,Tue 07:15pm,Truist Park,outdoor,,-123.000,-123.000,,1.344,,,,No,PHI,4.5,2.03,15.32080277,84.67919723,15.32080277,1.34,16,0.00041,over,0.56,1.344706,1.08,0,Push
PrizePicks,MLB,127255,Sean Murphy,C,ATL,Total Bases,2.5,TRUE,N/A,10/1/2026,12:36:36 PM,pre_game,MLB,demon,https://static.prizepicks.com/images/players/MLB/Sean_Murphy_MLB_player_GSWZPCMTBYwlQ07NFA0MEl9x-450.webp,15358231,,,,,,,,2026-10-02T00:11:00Z,No,1.4,7.5,Rays @ Braves,2026-09-08T23:15:00Z,Tue 07:15pm,Truist Park,outdoor,,,,,,,,,No,PHI,3.9,1.76,,,,0,19,-0.05192,under,0.32,-0.05192,0.41,0.5,Push
PrizePicks,MLB,127255,Sean Murphy,C,ATL,Hits+Runs+RBIs,2.5,TRUE,N/A,10/1/2026,12:36:36 PM,pre_game,MLB,demon,https://static.prizepicks.com/images/players/MLB/Sean_Murphy_MLB_player_GSWZPCMTBYwlQ07NFA0MEl9x-450.webp,15358243,0.50,53.54,46.46,-6.46,53.54,Over,https://www.freeiconspng.com/img/1934,2026-10-02T00:11:00Z,No,1.4,7.5,Rays @ Braves,2026-09-08T23:15:00Z,Tue 07:15pm,Truist Park,outdoor,,-115.000,-115.000,9/8/2026,0.535,,,,No,PHI,3.9,1.76,1.721458834,98.27854117,1.721458834,0.54,16,0.00035,over,0.32,0.535752,0.43,0,Push
PrizePicks,MLB,323543,Derek Hill,OF,PHI,Total Bases,2.5,TRUE,N/A,10/1/2026,12:36:36 PM,pre_game,MLB,demon,https://static.prizepicks.com/images/manual/Derek Hill.WEBP,15358267,,,,,,,,2026-10-02T00:11:00Z,Yes,-1.4,7.5,Astros @ Phillies,2026-09-08T22:40:00Z,Tue 06:40pm,Citizens Bank Park,outdoor,NBCS-PH,,,,,,,,No,,,3.5,,,,0,,0,,0.91,,0.91,0,Push
PrizePicks,MLB,323543,Derek Hill,OF,PHI,Hits+Runs+RBIs,2.5,TRUE,N/A,10/1/2026,12:36:36 PM,pre_game,MLB,demon,https://static.prizepicks.com/images/manual/Derek Hill.WEBP,15358290,,,,,,,,2026-10-02T00:11:00Z,Yes,-1.4,7.5,Astros @ Phillies,2026-09-08T22:40:00Z,Tue 06:40pm,Citizens Bank Park,outdoor,NBCS-PH,,,,,,,,No,,,3.5,,,,0,,0,,0.91,,0.91,0,Push
PrizePicks,MLB,67532,Kyle Schwarber,DH,PHI,Hitter Strikeouts,2.5,TRUE,N/A,10/1/2026,12:36:36 PM,pre_game,MLB,demon,https://static.prizepicks.com/images/players/MLB/Kyle_Schwarber_MLB_player_68nHEJrjzq1CxWv0nqnyV0Tj-450.webp,15359536,,,,,,,,2026-10-02T00:11:00Z,Yes,-1.4,7.5,Astros @ Phillies,2026-09-08T22:40:00Z,Tue 06:40pm,Citizens Bank Park,outdoor,NBCS-PH,,,,,,,,No,ATL,7.09,5,,,,0,7,0.0945,over,220,0.0945,220,0,Push
PrizePicks,MLB,233219,Drake Baldwin,C,ATL,Hitter Strikeouts,2.5,TRUE,N/A,10/1/2026,12:36:36 PM,pre_game,MLB,demon,https://static.prizepicks.com/images/players/MLB/Drake_Baldwin_MLB_player_2bszMiBPtE84wfUl1dPBtueo-450.webp,15359543,,,,,,,,2026-10-02T00:11:00Z,No,1.4,7.5,Rays @ Braves,2026-09-08T23:15:00Z,Tue 07:15pm,Truist Park,outdoor,,,,,,,,,No,PHI,5.72,5,,,,0,9,0.091,over,132,0.091,132,0,Push
PrizePicks,MLB,67555,Ronald Acuña Jr.,OF,ATL,Hitter Strikeouts,2.5,TRUE,N/A,10/1/2026,12:36:36 PM,pre_game,MLB,demon,https://static.prizepicks.com/images/players/MLB/Ronald_Acu%C3%B1a_MLB_player_tUwoDZ2wW0mEiTxchuRbbAHl-450.webp,15359549,,,,,,,,2026-10-02T00:11:00Z,No,1.4,7.5,Rays @ Braves,2026-09-08T23:15:00Z,Tue 07:15pm,Truist Park,outdoor,,,,,,,,,No,-,7.21,5,,,,0,,0,,103,,103,0,Push
PrizePicks,MLB,127032,Trea Turner,IF,PHI,Hitter Strikeouts,2.5,TRUE,N/A,10/1/2026,12:36:36 PM,pre_game,MLB,demon,https://static.prizepicks.com/images/players/MLB/Trea_Turner_MLB_player_PzSAbDCREg3T5256tVuvznWK-450.webp,15359559,,,,,,,,2026-10-02T00:11:00Z,Yes,-1.4,7.5,Astros @ Phillies,2026-09-08T22:40:00Z,Tue 06:40pm,Citizens Bank Park,outdoor,NBCS-PH,,,,,,,,No,ATL,6.32,5,,,,0,7,0.0945,over,147,0.0945,147,0,Push
PrizePicks,MLB,67634,J.T. Realmuto,C,PHI,Hitter Strikeouts,2.5,TRUE,N/A,10/1/2026,12:36:36 PM,pre_game,MLB,demon,https://static.prizepicks.com/images/players/MLB/Jacob_Realmuto_MLB_player_qUdvpTDV1nY6g19qkvI7KEEH-450.webp,15359565,,,,,,,,2026-10-02T00:11:00Z,Yes,-1.4,7.5,Astros @ Phillies,2026-09-08T22:40:00Z,Tue 06:40pm,Citizens Bank Park,outdoor,NBCS-PH,,,,,,,,No,,,5,,,,0,,0,,100,,100,0,Push
PrizePicks,MLB,73988,Bryce Harper,IF,PHI,Hitter Strikeouts,2.5,TRUE,N/A,10/1/2026,12:36:36 PM,pre_game,MLB,demon,https://static.prizepicks.com/images/players/MLB/Bryce_Harper_MLB_player_mhsTcoXtjRH4vlcux7XU1Zyy-450.webp,15359570,,,,,,,,2026-10-02T00:11:00Z,Yes,-1.4,7.5,Astros @ Phillies,2026-09-08T22:40:00Z,Tue 06:40pm,Citizens Bank Park,outdoor,NBCS-PH,,,,,,,,No,ATL,5.8,5,,,,0,7,0.0945,over,148,0.0945,148,0,Push
PrizePicks,MLB,67558,Austin Riley,IF,ATL,Hitter Strikeouts,2.5,TRUE,N/A,10/1/2026,12:36:36 PM,pre_game,MLB,demon,https://static.prizepicks.com/images/players/MLB/Michael_Riley_MLB_player_mZ93NJZS0EsLvYCwgHVNsy32-450.webp,15359573,,,,,,,,2026-10-02T00:11:00Z,No,1.4,7.5,Rays @ Braves,2026-09-08T23:15:00Z,Tue 07:15pm,Truist Park,outdoor,,,,,,,,,No,PHI,4.17,5,,,,0,9,0.091,over,201,0.091,201,0,Push
PrizePicks,MLB,67532,Kyle Schwarber,DH,PHI,RBIs,2.5,TRUE,N/A,10/1/2026,12:36:36 PM,pre_game,MLB,demon,https://static.prizepicks.com/images/players/MLB/Kyle_Schwarber_MLB_player_68nHEJrjzq1CxWv0nqnyV0Tj-450.webp,15359577,,,,,,,,2026-10-02T00:11:00Z,Yes,-1.4,7.5,Astros @ Phillies,2026-09-08T22:40:00Z,Tue 06:40pm,Citizens Bank Park,outdoor,NBCS-PH,,,,,,,,No,ATL,7.09,3.2,,,,0,9,0.00832,over,0.74,0.00832,0.62,0.5,Push
PrizePicks,MLB,67614,Matt Olson,IF,ATL,RBIs,2.5,TRUE,N/A,10/1/2026,12:36:36 PM,pre_game,MLB,demon,https://static.prizepicks.com/images/players/MLB/Matthew_Olson_MLB_player_NDhzwn6hkBC70gLyFChsulYT-450.webp,15359578,,,,,,,,2026-10-02T00:11:00Z,No,1.4,7.5,Rays @ Braves,2026-09-08T23:15:00Z,Tue 07:15pm,Truist Park,outdoor,,,,,,,,,No,PHI,6.36,2.78,,,,0,16,0.00056,over,0.7,0.000556,0.6,0.5,Push
PrizePicks,MLB,67614,Matt Olson,IF,ATL,Hitter Strikeouts,2.5,TRUE,N/A,10/1/2026,12:36:36 PM,pre_game,MLB,demon,https://static.prizepicks.com/images/players/MLB/Matthew_Olson_MLB_player_NDhzwn6hkBC70gLyFChsulYT-450.webp,15359580,,,,,,,,2026-10-02T00:11:00Z,No,1.4,7.5,Rays @ Braves,2026-09-08T23:15:00Z,Tue 07:15pm,Truist Park,outdoor,,,,,,,,,No,PHI,6.36,5,,,,0,9,0.091,over,171,0.091,171,0,Push
PrizePicks,MLB,73988,Bryce Harper,IF,PHI,RBIs,2.5,TRUE,N/A,10/1/2026,12:36:36 PM,pre_game,MLB,demon,https://static.prizepicks.com/images/players/MLB/Bryce_Harper_MLB_player_mhsTcoXtjRH4vlcux7XU1Zyy-450.webp,15359599,,,,,,,,2026-10-02T00:11:00Z,Yes,-1.4,7.5,Astros @ Phillies,2026-09-08T22:40:00Z,Tue 06:40pm,Citizens Bank Park,outdoor,NBCS-PH,,,,,,,,No,ATL,5.8,2.28,,,,0,9,0.00593,over,0.61,0.005928,0.56,0.5,Push
PrizePicks,MLB,127255,Sean Murphy,C,ATL,Hitter Strikeouts,2.5,TRUE,N/A,10/1/2026,12:36:36 PM,pre_game,MLB,demon,https://static.prizepicks.com/images/players/MLB/Sean_Murphy_MLB_player_GSWZPCMTBYwlQ07NFA0MEl9x-450.webp,15359644,,,,,,,,2026-10-02T00:11:00Z,No,1.4,7.5,Rays @ Braves,2026-09-08T23:15:00Z,Tue 07:15pm,Truist Park,outdoor,,,,,,,,,No,PHI,3.9,5,,,,0,9,0.091,over,37,0.091,37,0,Push
PrizePicks,MLB,67634,J.T. Realmuto,C,PHI,Hits,2.5,TRUE,N/A,10/1/2026,12:36:36 PM,pre_game,MLB,demon,https://static.prizepicks.com/images/players/MLB/Jacob_Realmuto_MLB_player_qUdvpTDV1nY6g19qkvI7KEEH-450.webp,15359759,0.50,56.49,43.51,-8.42,56.49,Over,https://www.freeiconspng.com/img/1934,2026-10-02T00:11:00Z,No,1.4,7.5,Astros @ Phillies,2026-09-08T22:40:00Z,Tue 06:40pm,Citizens Bank Park,outdoor,NBCS-PH,-130.000,-130.000,9/8/2026,0.565,,,,No,,,3.5,1.978991581,98.02100842,1.978991581,0.56,,0,,0.72,,0.59,0.5,Push
PrizePicks,MLB,67940,Alec Bohm,IF,PHI,RBIs,2.5,TRUE,N/A,10/1/2026,12:36:36 PM,pre_game,MLB,demon,https://static.prizepicks.com/images/players/MLB/Alec_Bohm_MLB_player_kikYiFKsWk4374Ra6YncvWQy-450.webp,15362525,,,,,,,,2026-10-02T00:11:00Z,Yes,-1.4,7.5,Astros @ Phillies,2026-09-08T22:40:00Z,Tue 06:40pm,Citizens Bank Park,outdoor,NBCS-PH,,,,,,,,No,ATL,6.5,2.75,,,,0,9,0.00715,over,0.68,0.00715,0.59,0.5,Push
PrizePicks,MLB,329541,Bryan De La Cruz,OF,PHI,Hitter Strikeouts,2.5,TRUE,N/A,10/1/2026,12:36:36 PM,pre_game,MLB,demon,https://static.prizepicks.com/images/players/MLB/Bryan_De_La_Cruz_MLB_player_FcR0a7NWdTVQMdvB7Oll4FDI-450.webp,15365223,,,,,,,,2026-10-02T00:11:00Z,Yes,-1.4,7.5,Astros @ Phillies,2026-09-08T22:40:00Z,Tue 06:40pm,Citizens Bank Park,outdoor,NBCS-PH,,,,,,,,No,,,5,,,,0,,0,,18,,18,0,Push
PrizePicks,MLB,69890,Brandon Marsh,OF,PHI,Hitter Strikeouts,2.5,TRUE,N/A,10/1/2026,12:36:36 PM,pre_game,MLB,demon,https://static.prizepicks.com/images/players/MLB/Brandon_Marsh_MLB_player_JZ5RTWUyIllOGkmAwyKUtF5H-450.webp,15365224,,,,,,,,2026-10-02T00:11:00Z,Yes,-1.4,7.5,Astros @ Phillies,2026-09-08T22:40:00Z,Tue 06:40pm,Citizens Bank Park,outdoor,NBCS-PH,,,,,,,,No,ATL,5.17,5,,,,0,7,0.0945,over,142,0.0945,142,0,Push
PrizePicks,MLB,127250,Ozzie Albies,IF,ATL,Hits,2.5,TRUE,N/A,10/1/2026,12:36:36 PM,pre_game,MLB,demon,https://static.prizepicks.com/images/players/MLB/Ozhaino_Albies_MLB_player_G3gl7zvDUXIaQWzRdOQkGkTS-450.webp,15365438,0.50,57.17,42.83,-7.12,57.17,Over,https://www.freeiconspng.com/img/1934,2026-10-02T00:11:00Z,No,1.4,7.5,Rays @ Braves,2026-09-08T23:15:00Z,Tue 07:15pm,Truist Park,outdoor,,-133.000,-133.000,9/8/2026,0.572,,,,No,PHI,4.46,1.98,2.041196511,97.95880349,2.041196511,0.57,22,-0.00752,under,0.47,0.564176,0.51,0.5,Push
PrizePicks,MLB,74759,Edmundo Sosa,OF,PHI,Hits,2.5,TRUE,N/A,10/1/2026,12:36:36 PM,pre_game,MLB,demon,https://static.prizepicks.com/images/players/MLB/Edmundo_Sosa_MLB_player_JIJ7g9fQHiTmGPC8SZmBl8oP-450.webp,15368854,0.50,58.92,41.08,-6.6,58.92,Over,https://www.freeiconspng.com/img/1934,2026-10-02T00:11:00Z,No,1.4,7.5,Astros @ Phillies,2026-09-08T22:40:00Z,Tue 06:40pm,Citizens Bank Park,outdoor,NBCS-PH,-143.000,-143.000,,0.589,,,,No,ATL,4.84,2.73,2.206184262,97.79381574,2.206184262,0.59,10,0.00655,over,0.67,0.595752,0.63,0,Push
PrizePicks,MLB,74759,Edmundo Sosa,OF,PHI,Total Bases,2.5,TRUE,N/A,10/1/2026,12:36:36 PM,pre_game,MLB,demon,https://static.prizepicks.com/images/players/MLB/Edmundo_Sosa_MLB_player_JIJ7g9fQHiTmGPC8SZmBl8oP-450.webp,15368857,,,,,,,,2026-10-02T00:11:00Z,Yes,-1.4,7.5,Astros @ Phillies,2026-09-08T22:40:00Z,Tue 06:40pm,Citizens Bank Park,outdoor,NBCS-PH,,,,,,,,No,ATL,4.84,2.73,,,,0,17,-0.05515,under,0.67,-0.055146,0.67,0,Push
PrizePicks,MLB,74759,Edmundo Sosa,OF,PHI,Hits+Runs+RBIs,2.5,TRUE,N/A,10/1/2026,12:36:36 PM,pre_game,MLB,demon,https://static.prizepicks.com/images/players/MLB/Edmundo_Sosa_MLB_player_JIJ7g9fQHiTmGPC8SZmBl8oP-450.webp,15368859,1.50,43.35,56.65,-4.13,56.65,Under,https://www.freeiconspng.com/img/1934,2026-10-02T00:11:00Z,No,1.4,7.5,Astros @ Phillies,2026-09-08T22:40:00Z,Tue 06:40pm,Citizens Bank Park,outdoor,NBCS-PH,-131.000,-131.000,,1.301,,,,No,ATL,4.84,2.73,14.30026711,85.69973289,14.30026711,1.3,9,0.0071,over,0.67,1.307598,1.09,0,Push
PrizePicks,MLB,68133,Aaron Nola,P,PHI,Walks Allowed,2.5,TRUE,N/A,10/1/2026,12:36:36 PM,pre_game,MLB,demon,https://static.prizepicks.com/images/players/MLB/Aaron_Nola_MLB_player_PQQEn8FwSTYP50BL3uYRjm7W-450.webp,15372798,,,,,,,,2026-10-02T00:11:00Z,Yes,-1.4,7.5,Astros @ Phillies,2026-09-08T22:40:00Z,Tue 06:40pm,Citizens Bank Park,outdoor,NBCS-PH,,,,,,,,No,ATL,18.87,0.77,,,,0,29,-0.01155,under,177,-0.01155,177,0,Push
PrizePicks,MLB,68133,Aaron Nola,P,PHI,Earned Runs Allowed,2.5,TRUE,N/A,10/1/2026,12:36:36 PM,pre_game,MLB,demon,https://static.prizepicks.com/images/players/MLB/Aaron_Nola_MLB_player_PQQEn8FwSTYP50BL3uYRjm7W-450.webp,15372981,,,,,,,,2026-10-02T00:11:00Z,Yes,-1.4,7.5,Astros @ Phillies,2026-09-08T22:40:00Z,Tue 06:40pm,Citizens Bank Park,outdoor,NBCS-PH,,,,,,,,No,ATL,18.87,0.77,,,,0,17,-0.01555,under,177,-0.015554,177,0,Push
PrizePicks,MLB,68133,Aaron Nola,P,PHI,Pitcher Strikeouts,2.5,TRUE,N/A,10/1/2026,12:36:36 PM,pre_game,MLB,goblin,https://static.prizepicks.com/images/players/MLB/Aaron_Nola_MLB_player_PQQEn8FwSTYP50BL3uYRjm7W-450.webp,15372993,3.50,52.25,47.75,-10.06,52.25,Over,https://www.freeiconspng.com/img/1934,2026-10-02T00:11:00Z,No,1.4,7.5,Astros @ Phillies,2026-09-08T22:40:00Z,Tue 06:40pm,Citizens Bank Park,outdoor,NBCS-PH,-109.000,-109.000,,3.658,,,,No,ATL,18.87,3.91,70.73041446,29.26958554,70.73041446,3.66,7,0.0739,over,3.95,3.731399,3.78,0,Push
PrizePicks,MLB,68133,Aaron Nola,P,PHI,Hits Allowed,2.5,TRUE,N/A,10/1/2026,12:36:36 PM,pre_game,MLB,goblin,https://static.prizepicks.com/images/players/MLB/Aaron_Nola_MLB_player_PQQEn8FwSTYP50BL3uYRjm7W-450.webp,15372997,,,,,,,,2026-10-02T00:11:00Z,Yes,-1.4,7.5,Astros @ Phillies,2026-09-08T22:40:00Z,Tue 06:40pm,Citizens Bank Park,outdoor,NBCS-PH,,,,,,,,No,ATL,18.87,0.77,,,,0,10,0.00185,over,177,0.001848,177,0,Push
PrizePicks,MLB,204751,Grant Holmes,P,ATL,Walks Allowed,2.5,TRUE,N/A,10/1/2026,12:36:36 PM,pre_game,MLB,demon,https://static.prizepicks.com/images/players/MLB/Harrison_Holmes_MLB_player_DHWD1gRO6oF5JtHsHcprtl96-450.webp,15374061,,,,,,,,2026-10-02T00:11:00Z,No,1.4,7.5,Rays @ Braves,2026-09-08T23:15:00Z,Tue 07:15pm,Truist Park,outdoor,,,,,,,,,No,,,3.5,,,,0,,0,,136,,136,0,Push
PrizePicks,MLB,204751,Grant Holmes,P,ATL,Pitcher Strikeouts,2.5,TRUE,N/A,10/1/2026,12:36:36 PM,pre_game,MLB,goblin,https://static.prizepicks.com/images/players/MLB/Harrison_Holmes_MLB_player_DHWD1gRO6oF5JtHsHcprtl96-450.webp,15374067,2.50,58.36,41.64,0.2,58.36,Over,https://www.freeiconspng.com/img/1934,2026-10-02T00:11:00Z,No,1.4,7.5,Rays @ Braves,2026-09-08T23:15:00Z,Tue 07:15pm,Truist Park,outdoor,,-140.000,-140.000,,2.918,,,,No,,,5,58.36,41.64,58.36,2.92,,0,,3.8,,3.36,0,Great Bet
PrizePicks,MLB,233219,Drake Baldwin,C,ATL,RBIs,2.5,TRUE,N/A,10/1/2026,12:36:36 PM,pre_game,MLB,demon,https://static.prizepicks.com/images/players/MLB/Drake_Baldwin_MLB_player_2bszMiBPtE84wfUl1dPBtueo-450.webp,15374665,,,,,,,,2026-10-02T00:11:00Z,No,1.4,7.5,Rays @ Braves,2026-09-08T23:15:00Z,Tue 07:15pm,Truist Park,outdoor,,,,,,,,,No,PHI,5.72,2.79,,,,0,16,0.00056,over,0.79,0.000558,0.65,0.5,Push
PrizePicks,MLB,198398,Ray Kerr,P,ATL,Pitcher Strikeouts,2.5,TRUE,N/A,10/1/2026,12:36:36 PM,pre_game,MLB,demon,https://static.prizepicks.com/images/manual/Ray Kerr.webp,15374671,0.50,65.71,34.29,-3.99,65.71,Over,https://www.freeiconspng.com/img/1934,2026-10-02T00:11:00Z,No,1.4,7.5,Rays @ Braves,2026-09-08T23:15:00Z,Tue 07:15pm,Truist Park,outdoor,,-192.000,-192.000,,0.657,8/4/2026,Day-To-Day,May 8: Atlanta re-signed Kerr (elbow) to a minor-league contract Tuesday.,No,,,5,2.913107172,97.08689283,2.913107172,0.66,,0,,3.04,,1.85,0,Good Bet
PrizePicks,MLB,67614,Matt Olson,IF,ATL,Total Bases,1.5,TRUE,N/A,10/1/2026,12:36:36 PM,pre_game,MLB,demon,https://static.prizepicks.com/images/players/MLB/Matthew_Olson_MLB_player_NDhzwn6hkBC70gLyFChsulYT-450.webp,15357821,,,,,,,,2026-10-02T00:11:00Z,No,1.4,7.5,Rays @ Braves,2026-09-08T23:15:00Z,Tue 07:15pm,Truist Park,outdoor,,,,,,,,,No,PHI,6.36,2.78,,,,0,19,-0.08201,under,0.7,-0.08201,0.6,0.5,Push
PrizePicks,MLB,68832,Michael Harris II,OF,ATL,Total Bases,1.5,TRUE,N/A,10/1/2026,12:36:36 PM,pre_game,MLB,demon,https://static.prizepicks.com/images/players/MLB/Michael_Harris_MLB_player_ZkXYVk5eP3OK6w4UecYW3tdb-450.webp,15357826,,,,,,,,2026-10-02T00:11:00Z,No,1.4,7.5,Rays @ Braves,2026-09-08T23:15:00Z,Tue 07:15pm,Truist Park,outdoor,,,,,,,,,No,PHI,5.62,2.39,,,,0,19,-0.0705,under,0.7,-0.070505,1.1,1.5,Push
PrizePicks,MLB,127250,Ozzie Albies,IF,ATL,Hits,1.5,TRUE,N/A,10/1/2026,12:36:36 PM,pre_game,MLB,demon,https://static.prizepicks.com/images/players/MLB/Ozhaino_Albies_MLB_player_G3gl7zvDUXIaQWzRdOQkGkTS-450.webp,15357839,0.50,57.17,42.83,-7.12,57.17,Over,https://www.freeiconspng.com/img/1934,2026-10-02T00:11:00Z,No,1.4,7.5,Rays @ Braves,2026-09-08T23:15:00Z,Tue 07:15pm,Truist Park,outdoor,,-133.000,-133.000,9/8/2026,0.572,,,,No,PHI,4.46,1.98,11.26734061,88.73265939,11.26734061,0.57,22,-0.00752,under,0.47,0.564176,0.53,0.5,Push
PrizePicks,MLB,67940,Alec Bohm,IF,PHI,Hits,1.5,TRUE,N/A,10/1/2026,12:36:36 PM,pre_game,MLB,demon,https://static.prizepicks.com/images/players/MLB/Alec_Bohm_MLB_player_kikYiFKsWk4374Ra6YncvWQy-450.webp,15357848,0.50,65.71,34.29,-7.26,65.71,Over,https://www.freeiconspng.com/img/1934,2026-10-02T00:11:00Z,No,1.4,7.5,Astros @ Phillies,2026-09-08T22:40:00Z,Tue 06:40pm,Citizens Bank Park,outdoor,NBCS-PH,-192.000,-192.000,9/8/2026,0.657,,,,No,ATL,6.5,2.75,14.10382731,85.89617269,14.10382731,0.66,10,0.0066,over,0.68,0.6637,0.63,0.5,Push
PrizePicks,MLB,67555,Ronald Acuña Jr.,OF,ATL,Total Bases,1.5,TRUE,N/A,10/1/2026,12:36:36 PM,pre_game,MLB,demon,https://static.prizepicks.com/images/players/MLB/Ronald_Acu%C3%B1a_MLB_player_tUwoDZ2wW0mEiTxchuRbbAHl-450.webp,15357850,,,,,,,,2026-10-02T00:11:00Z,No,1.4,7.5,Rays @ Braves,2026-09-08T23:15:00Z,Tue 07:15pm,Truist Park,outdoor,,,,,,,,,No,-,7.21,3.5,,,,0,,0,,0.89,,1.2,1.5,Push
PrizePicks,MLB,67634,J.T. Realmuto,C,PHI,Hits+Runs+RBIs,1.5,TRUE,N/A,10/1/2026,12:36:36 PM,pre_game,MLB,demon,https://static.prizepicks.com/images/players/MLB/Jacob_Realmuto_MLB_player_qUdvpTDV1nY6g19qkvI7KEEH-450.webp,15357851,1.50,42,58,-5.64,58,Under,https://www.freeiconspng.com/img/1934,2026-10-02T00:11:00Z,No,1.4,7.5,Astros @ Phillies,2026-09-08T22:40:00Z,Tue 06:40pm,Citizens Bank Park,outdoor,NBCS-PH,-138.000,-138.000,9/8/2026,1.260,,,,No,,,3.5,42,58,42,1.26,,0,,0.72,,0.99,0,Push
PrizePicks,MLB,329541,Bryan De La Cruz,OF,PHI,Hits+Runs+RBIs,1.5,TRUE,N/A,10/1/2026,12:36:36 PM,pre_game,MLB,demon,https://static.prizepicks.com/images/players/MLB/Bryan_De_La_Cruz_MLB_player_FcR0a7NWdTVQMdvB7Oll4FDI-450.webp,15357862,0.50,57.72,42.28,-5.92,57.72,Over,https://www.freeiconspng.com/img/1934,2026-10-02T00:11:00Z,No,1.4,7.5,Astros @ Phillies,2026-09-08T22:40:00Z,Tue 06:40pm,Citizens Bank Park,outdoor,NBCS-PH,-137.000,-137.000,,0.577,,,,No,,,3.5,11.44522306,88.55477694,11.44522306,0.58,,0,,0.98,,0.78,0,Push
PrizePicks,MLB,329541,Bryan De La Cruz,OF,PHI,Hits,1.5,TRUE,N/A,10/1/2026,12:36:36 PM,pre_game,MLB,demon,https://static.prizepicks.com/images/players/MLB/Bryan_De_La_Cruz_MLB_player_FcR0a7NWdTVQMdvB7Oll4FDI-450.webp,15357865,0.50,54.55,45.45,-5.45,54.55,Over,https://www.freeiconspng.com/img/1934,2026-10-02T00:11:00Z,No,1.4,7.5,Astros @ Phillies,2026-09-08T22:40:00Z,Tue 06:40pm,Citizens Bank Park,outdoor,NBCS-PH,-120.000,-120.000,,0.546,,,,No,,,3.5,10.43024846,89.56975154,10.43024846,0.55,,0,,0.98,,0.76,0,Push
PrizePicks,MLB,67558,Austin Riley,IF,ATL,Hits,1.5,TRUE,N/A,10/1/2026,12:36:36 PM,pre_game,MLB,demon,https://static.prizepicks.com/images/players/MLB/Michael_Riley_MLB_player_mZ93NJZS0EsLvYCwgHVNsy32-450.webp,15357868,0.50,54.41,45.59,-6.37,54.41,Over,https://www.freeiconspng.com/img/1934,2026-10-02T00:11:00Z,No,1.4,7.5,Rays @ Braves,2026-09-08T23:15:00Z,Tue 07:15pm,Truist Park,outdoor,,-119.000,-119.000,9/8/2026,0.544,,,,No,PHI,4.17,1.9,10.38601393,89.61398607,10.38601393,0.54,22,-0.00722,under,0.42,0.53688,0.5,0.5,Push
PrizePicks,MLB,67558,Austin Riley,IF,ATL,Total Bases,1.5,TRUE,N/A,10/1/2026,12:36:36 PM,pre_game,MLB,demon,https://static.prizepicks.com/images/players/MLB/Michael_Riley_MLB_player_mZ93NJZS0EsLvYCwgHVNsy32-450.webp,15357870,,,,,,,,2026-10-02T00:11:00Z,No,1.4,7.5,Rays @ Braves,2026-09-08T23:15:00Z,Tue 07:15pm,Truist Park,outdoor,,,,,,,,,No,PHI,4.17,1.9,,,,0,19,-0.05605,under,0.42,-0.05605,0.46,0.5,Push
PrizePicks,MLB,69890,Brandon Marsh,OF,PHI,Hits,1.5,TRUE,N/A,10/1/2026,12:36:36 PM,pre_game,MLB,demon,https://static.prizepicks.com/images/players/MLB/Brandon_Marsh_MLB_player_JZ5RTWUyIllOGkmAwyKUtF5H-450.webp,15357874,0.50,55.94,44.06,-7.02,55.94,Over,https://www.freeiconspng.com/img/1934,2026-10-02T00:11:00Z,No,1.4,7.5,Astros @ Phillies,2026-09-08T22:40:00Z,Tue 06:40pm,Citizens Bank Park,outdoor,NBCS-PH,-127.000,-127.000,9/8/2026,0.559,,,,No,ATL,5.17,2.53,10.87219794,89.12780206,10.87219794,0.56,10,0.00607,over,0.66,0.565472,0.57,0.5,Push
PrizePicks,MLB,73988,Bryce Harper,IF,PHI,Hits,1.5,TRUE,N/A,10/1/2026,12:36:36 PM,pre_game,MLB,demon,https://static.prizepicks.com/images/players/MLB/Bryce_Harper_MLB_player_mhsTcoXtjRH4vlcux7XU1Zyy-450.webp,15357888,0.50,63.56,36.44,-7.87,63.56,Over,https://www.freeiconspng.com/img/1934,2026-10-02T00:11:00Z,No,1.4,7.5,Astros @ Phillies,2026-09-08T22:40:00Z,Tue 06:40pm,Citizens Bank Park,outdoor,NBCS-PH,-174.000,-174.000,9/8/2026,0.636,,,,No,ATL,5.8,2.28,13.37574168,86.62425832,13.37574168,0.64,10,0.00547,over,0.61,0.641072,0.6,0.5,Push
PrizePicks,MLB,69515,Bryson Stott,IF,PHI,Total Bases,1.5,TRUE,N/A,10/1/2026,12:36:36 PM,pre_game,MLB,demon,https://static.prizepicks.com/images/players/MLB/Bryson_Stott_MLB_player_R761z8GtmmBHjPjfJP9iL5x6-450.webp,15357893,,,,,,,,2026-10-02T00:11:00Z,Yes,-1.4,7.5,Astros @ Phillies,2026-09-08T22:40:00Z,Tue 06:40pm,Citizens Bank Park,outdoor,NBCS-PH,,,,,,,,No,ATL,5.76,2.45,,,,0,17,-0.04949,under,0.63,-0.04949,0.56,0.5,Push
PrizePicks,MLB,309860,Justin Crawford,OF,PHI,Total Bases,1.5,TRUE,N/A,10/1/2026,12:36:36 PM,pre_game,MLB,demon,https://static.prizepicks.com/images/manual/Justin Crawford.png,15357897,,,,,,,,2026-10-02T00:11:00Z,Yes,-1.4,7.5,Astros @ Phillies,2026-09-08T22:40:00Z,Tue 06:40pm,Citizens Bank Park,outdoor,NBCS-PH,,,,,,,,No,ATL,4.28,2.05,,,,0,17,-0.04141,under,0.54,-0.04141,0.52,0.5,Push
PrizePicks,MLB,68832,Michael Harris II,OF,ATL,Hits,1.5,TRUE,N/A,10/1/2026,12:36:36 PM,pre_game,MLB,demon,https://static.prizepicks.com/images/players/MLB/Michael_Harris_MLB_player_ZkXYVk5eP3OK6w4UecYW3tdb-450.webp,15357898,0.50,66.77,33.23,-7.26,66.77,Over,https://www.freeiconspng.com/img/1934,2026-10-02T00:11:00Z,No,1.4,7.5,Rays @ Braves,2026-09-08T23:15:00Z,Tue 07:15pm,Truist Park,outdoor,,-201.000,-201.000,9/8/2026,0.668,,,,No,PHI,5.62,2.39,14.46585802,85.53414198,14.46585802,0.67,22,-0.00908,under,0.7,0.658618,0.63,0.5,Push
PrizePicks,MLB,69890,Brandon Marsh,OF,PHI,Total Bases,1.5,TRUE,N/A,10/1/2026,12:36:36 PM,pre_game,MLB,demon,https://static.prizepicks.com/images/players/MLB/Brandon_Marsh_MLB_player_JZ5RTWUyIllOGkmAwyKUtF5H-450.webp,15357900,,,,,,,,2026-10-02T00:11:00Z,Yes,-1.4,7.5,Astros @ Phillies,2026-09-08T22:40:00Z,Tue 06:40pm,Citizens Bank Park,outdoor,NBCS-PH,,,,,,,,No,ATL,5.17,2.53,,,,0,17,-0.05111,under,0.66,-0.051106,0.58,0.5,Push
PrizePicks,MLB,67634,J.T. Realmuto,C,PHI,Hits,1.5,TRUE,N/A,10/1/2026,12:36:36 PM,pre_game,MLB,demon,https://static.prizepicks.com/images/players/MLB/Jacob_Realmuto_MLB_player_qUdvpTDV1nY6g19qkvI7KEEH-450.webp,15357905,0.50,56.49,43.51,-8.42,56.49,Over,https://www.freeiconspng.com/img/1934,2026-10-02T00:11:00Z,No,1.4,7.5,Astros @ Phillies,2026-09-08T22:40:00Z,Tue 06:40pm,Citizens Bank Park,outdoor,NBCS-PH,-130.000,-130.000,9/8/2026,0.565,,,,No,,,3.5,11.04842592,88.95157408,11.04842592,0.56,,0,,0.72,,0.59,0.5,Push
PrizePicks,MLB,67555,Ronald Acuña Jr.,OF,ATL,Hits,1.5,TRUE,N/A,10/1/2026,12:36:36 PM,pre_game,MLB,demon,https://static.prizepicks.com/images/players/MLB/Ronald_Acu%C3%B1a_MLB_player_tUwoDZ2wW0mEiTxchuRbbAHl-450.webp,15357913,0.50,66.13,33.87,-6.84,66.13,Over,https://www.freeiconspng.com/img/1934,2026-10-02T00:11:00Z,No,1.4,7.5,Rays @ Braves,2026-09-08T23:15:00Z,Tue 07:15pm,Truist Park,outdoor,,-195.000,-195.000,,0.661,,,,No,-,7.21,3.5,14.24703914,85.75296086,14.24703914,0.66,,0,,0.89,,0.68,0.5,Push
PrizePicks,MLB,127250,Ozzie Albies,IF,ATL,Total Bases,1.5,TRUE,N/A,10/1/2026,12:36:36 PM,pre_game,MLB,demon,https://static.prizepicks.com/images/players/MLB/Ozhaino_Albies_MLB_player_G3gl7zvDUXIaQWzRdOQkGkTS-450.webp,15357914,,,,,,,,2026-10-02T00:11:00Z,No,1.4,7.5,Rays @ Braves,2026-09-08T23:15:00Z,Tue 07:15pm,Truist Park,outdoor,,,,,,,,,No,PHI,4.46,1.98,,,,0,19,-0.05841,under,0.47,-0.05841,0.49,0.5,Push
PrizePicks,MLB,309860,Justin Crawford,OF,PHI,Hits+Runs+RBIs,1.5,TRUE,N/A,10/1/2026,12:36:36 PM,pre_game,MLB,demon,https://static.prizepicks.com/images/manual/Justin Crawford.png,15357917,0.50,58.11,41.89,-7.41,58.11,Over,https://www.freeiconspng.com/img/1934,2026-10-02T00:11:00Z,No,1.4,7.5,Astros @ Phillies,2026-09-08T22:40:00Z,Tue 06:40pm,Citizens Bank Park,outdoor,NBCS-PH,-139.000,-139.000,9/8/2026,0.581,,,,No,ATL,4.28,2.05,11.57179381,88.42820619,11.57179381,0.58,9,0.00533,over,0.54,0.58643,0.57,0,Push
PrizePicks,MLB,329541,Bryan De La Cruz,OF,PHI,Total Bases,1.5,TRUE,N/A,10/1/2026,12:36:36 PM,pre_game,MLB,demon,https://static.prizepicks.com/images/players/MLB/Bryan_De_La_Cruz_MLB_player_FcR0a7NWdTVQMdvB7Oll4FDI-450.webp,15357928,,,,,,,,2026-10-02T00:11:00Z,Yes,-1.4,7.5,Astros @ Phillies,2026-09-08T22:40:00Z,Tue 06:40pm,Citizens Bank Park,outdoor,NBCS-PH,,,,,,,,No,,,3.5,,,,0,,0,,0.98,,0.98,0,Push
PrizePicks,MLB,309860,Justin Crawford,OF,PHI,Hits,1.5,TRUE,N/A,10/1/2026,12:36:36 PM,pre_game,MLB,demon,https://static.prizepicks.com/images/manual/Justin Crawford.png,15357934,0.50,54.79,45.21,-5.99,54.79,Over,https://www.freeiconspng.com/img/1934,2026-10-02T00:11:00Z,No,1.4,7.5,Astros @ Phillies,2026-09-08T22:40:00Z,Tue 06:40pm,Citizens Bank Park,outdoor,NBCS-PH,-121.000,-121.000,9/8/2026,0.548,,,,No,ATL,4.28,2.05,10.50619907,89.49380093,10.50619907,0.55,10,0.00492,over,0.54,0.55282,0.54,0.5,Push
PrizePicks,MLB,69890,Brandon Marsh,OF,PHI,Hits+Runs+RBIs,1.5,TRUE,N/A,10/1/2026,12:36:36 PM,pre_game,MLB,demon,https://static.prizepicks.com/images/players/MLB/Brandon_Marsh_MLB_player_JZ5RTWUyIllOGkmAwyKUtF5H-450.webp,15357936,0.50,59.88,40.12,-6.79,59.88,Over,https://www.freeiconspng.com/img/1934,2026-10-02T00:11:00Z,No,1.4,7.5,Astros @ Phillies,2026-09-08T22:40:00Z,Tue 06:40pm,Citizens Bank Park,outdoor,NBCS-PH,-149.000,-149.000,9/8/2026,0.599,,,,No,ATL,5.17,2.53,12.15063962,87.84936038,12.15063962,0.6,9,0.00658,over,0.66,0.605378,0.62,0,Push
PrizePicks,MLB,67634,J.T. Realmuto,C,PHI,Total Bases,1.5,TRUE,N/A,10/1/2026,12:36:36 PM,pre_game,MLB,demon,https://static.prizepicks.com/images/players/MLB/Jacob_Realmuto_MLB_player_qUdvpTDV1nY6g19qkvI7KEEH-450.webp,15357939,,,,,,,,2026-10-02T00:11:00Z,Yes,-1.4,7.5,Astros @ Phillies,2026-09-08T22:40:00Z,Tue 06:40pm,Citizens Bank Park,outdoor,NBCS-PH,,,,,,,,No,,,3.5,,,,0,,0,,0.72,,0.61,0.5,Push
PrizePicks,MLB,67940,Alec Bohm,IF,PHI,Total Bases,1.5,TRUE,N/A,10/1/2026,12:36:36 PM,pre_game,MLB,demon,https://static.prizepicks.com/images/players/MLB/Alec_Bohm_MLB_player_kikYiFKsWk4374Ra6YncvWQy-450.webp,15357940,,,,,,,,2026-10-02T00:11:00Z,Yes,-1.4,7.5,Astros @ Phillies,2026-09-08T22:40:00Z,Tue 06:40pm,Citizens Bank Park,outdoor,NBCS-PH,,,,,,,,No,ATL,6.5,2.75,,,,0,17,-0.05555,under,0.68,-0.05555,1.09,1.5,Push
PrizePicks,MLB,73988,Bryce Harper,IF,PHI,Total Bases,1.5,TRUE,N/A,10/1/2026,12:36:36 PM,pre_game,MLB,demon,https://static.prizepicks.com/images/players/MLB/Bryce_Harper_MLB_player_mhsTcoXtjRH4vlcux7XU1Zyy-450.webp,15357944,,,,,,,,2026-10-02T00:11:00Z,Yes,-1.4,7.5,Astros @ Phillies,2026-09-08T22:40:00Z,Tue 06:40pm,Citizens Bank Park,outdoor,NBCS-PH,,,,,,,,No,ATL,5.8,2.28,,,,0,17,-0.04606,under,0.61,-0.046056,1.06,1.5,Push
PrizePicks,MLB,309068,Mauricio Dubón,OF,ATL,Hits,1.5,TRUE,N/A,10/1/2026,12:36:36 PM,pre_game,MLB,demon,https://static.prizepicks.com/images/manual/Mauricio Dubón.png,15357950,0.50,64.28,35.72,-7.55,64.28,Over,https://www.freeiconspng.com/img/1934,2026-10-02T00:11:00Z,No,1.4,7.5,Rays @ Braves,2026-09-08T23:15:00Z,Tue 07:15pm,Truist Park,outdoor,,-180.000,-180.000,,0.643,,,,No,PHI,4.5,2.03,13.61860741,86.38139259,13.61860741,0.64,22,-0.00771,under,0.56,0.635086,0.58,0.5,Push
PrizePicks,MLB,309068,Mauricio Dubón,OF,ATL,Total Bases,1.5,TRUE,N/A,10/1/2026,12:36:36 PM,pre_game,MLB,demon,https://static.prizepicks.com/images/manual/Mauricio Dubón.png,15357951,,,,,,,,2026-10-02T00:11:00Z,No,1.4,7.5,Rays @ Braves,2026-09-08T23:15:00Z,Tue 07:15pm,Truist Park,outdoor,,,,,,,,,No,PHI,4.5,2.03,,,,0,19,-0.05988,under,0.56,-0.059885,0.53,0.5,Push
PrizePicks,MLB,127032,Trea Turner,IF,PHI,Total Bases,1.5,TRUE,N/A,10/1/2026,12:36:36 PM,pre_game,MLB,demon,https://static.prizepicks.com/images/players/MLB/Trea_Turner_MLB_player_PzSAbDCREg3T5256tVuvznWK-450.webp,15357956,,,,,,,,2026-10-02T00:11:00Z,Yes,-1.4,7.5,Astros @ Phillies,2026-09-08T22:40:00Z,Tue 06:40pm,Citizens Bank Park,outdoor,NBCS-PH,,,,,,,,No,ATL,6.32,2.52,,,,0,17,-0.0509,under,0.61,-0.050904,1.05,1.5,Push
PrizePicks,MLB,310126,Mike Yastrzemski,OF,ATL,Hits+Runs+RBIs,1.5,TRUE,N/A,10/1/2026,12:36:36 PM,pre_game,MLB,demon,https://static.prizepicks.com/images/manual/Mike Yastrzemski.png,15357963,0.50,55.52,44.48,-6.74,55.52,Over,https://www.freeiconspng.com/img/1934,2026-10-02T00:11:00Z,No,1.4,7.5,Rays @ Braves,2026-09-08T23:15:00Z,Tue 07:15pm,Truist Park,outdoor,,-125.000,-125.000,9/8/2026,0.555,,,,No,PHI,3.97,2,10.7381361,89.2618639,10.7381361,0.56,16,0.0004,over,0.45,0.5556,0.52,0,Push
PrizePicks,MLB,67558,Austin Riley,IF,ATL,Hits+Runs+RBIs,1.5,TRUE,N/A,10/1/2026,12:36:36 PM,pre_game,MLB,demon,https://static.prizepicks.com/images/players/MLB/Michael_Riley_MLB_player_mZ93NJZS0EsLvYCwgHVNsy32-450.webp,15357967,0.50,58.98,41.02,-5.93,58.98,Over,https://www.freeiconspng.com/img/1934,2026-10-02T00:11:00Z,No,1.4,7.5,Rays @ Braves,2026-09-08T23:15:00Z,Tue 07:15pm,Truist Park,outdoor,,-144.000,-144.000,9/8/2026,0.590,,,,No,PHI,4.17,1.9,11.85542112,88.14457888,11.85542112,0.59,16,0.00038,over,0.42,0.59018,0.53,0,Push
PrizePicks,MLB,233219,Drake Baldwin,C,ATL,Total Bases,1.5,TRUE,N/A,10/1/2026,12:36:36 PM,pre_game,MLB,demon,https://static.prizepicks.com/images/players/MLB/Drake_Baldwin_MLB_player_2bszMiBPtE84wfUl1dPBtueo-450.webp,15357977,,,,,,,,2026-10-02T00:11:00Z,No,1.4,7.5,Rays @ Braves,2026-09-08T23:15:00Z,Tue 07:15pm,Truist Park,outdoor,,,,,,,,,No,PHI,5.72,2.79,,,,0,19,-0.08231,under,0.79,-0.082305,1.15,1.5,Push
PrizePicks,MLB,67532,Kyle Schwarber,DH,PHI,Total Bases,1.5,TRUE,N/A,10/1/2026,12:36:36 PM,pre_game,MLB,demon,https://static.prizepicks.com/images/players/MLB/Kyle_Schwarber_MLB_player_68nHEJrjzq1CxWv0nqnyV0Tj-450.webp,15357980,,,,,,,,2026-10-02T00:11:00Z,Yes,-1.4,7.5,Astros @ Phillies,2026-09-08T22:40:00Z,Tue 06:40pm,Citizens Bank Park,outdoor,NBCS-PH,,,,,,,,No,ATL,7.09,3.2,,,,0,17,-0.06464,under,0.74,-0.06464,1.12,1.5,Push
PrizePicks,MLB,67532,Kyle Schwarber,DH,PHI,Hits,1.5,TRUE,N/A,10/1/2026,12:36:36 PM,pre_game,MLB,demon,https://static.prizepicks.com/images/players/MLB/Kyle_Schwarber_MLB_player_68nHEJrjzq1CxWv0nqnyV0Tj-450.webp,15357981,0.50,58.1,41.9,-7.42,58.1,Over,https://www.freeiconspng.com/img/1934,2026-10-02T00:11:00Z,No,1.4,7.5,Astros @ Phillies,2026-09-08T22:40:00Z,Tue 06:40pm,Citizens Bank Park,outdoor,NBCS-PH,-139.000,-139.000,9/8/2026,0.581,,,,No,ATL,7.09,3.2,11.56854393,88.43145607,11.56854393,0.58,10,0.00768,over,0.74,0.58868,0.6,0.5,Push
PrizePicks,MLB,69515,Bryson Stott,IF,PHI,Hits,1.5,TRUE,N/A,10/1/2026,12:36:36 PM,pre_game,MLB,demon,https://static.prizepicks.com/images/players/MLB/Bryson_Stott_MLB_player_R761z8GtmmBHjPjfJP9iL5x6-450.webp,15357986,0.50,63.33,36.67,-7.68,63.33,Over,https://www.freeiconspng.com/img/1934,2026-10-02T00:11:00Z,No,1.4,7.5,Astros @ Phillies,2026-09-08T22:40:00Z,Tue 06:40pm,Citizens Bank Park,outdoor,NBCS-PH,-173.000,-173.000,9/8/2026,0.633,,,,No,ATL,5.76,2.45,13.29836913,86.70163087,13.29836913,0.63,10,0.00588,over,0.63,0.63918,0.6,0.5,Push
PrizePicks,MLB,127032,Trea Turner,IF,PHI,Hits,1.5,TRUE,N/A,10/1/2026,12:36:36 PM,pre_game,MLB,demon,https://static.prizepicks.com/images/players/MLB/Trea_Turner_MLB_player_PzSAbDCREg3T5256tVuvznWK-450.webp,15357994,0.50,66.42,33.58,-9.48,66.42,Over,https://www.freeiconspng.com/img/1934,2026-09-30T18:00:00Z,No,1.4,7.5,Astros @ Phillies,2026-09-08T22:40:00Z,Tue 06:40pm,Citizens Bank Park,outdoor,NBCS-PH,-198.000,-198.000,9/8/2026,0.664,,,,No,ATL,6.32,2.52,14.3461038,85.6538962,14.3461038,0.66,10,0.00605,over,0.61,0.670248,0.61,0.5,Push
PrizePicks,MLB,310126,Mike Yastrzemski,OF,ATL,Hits,1.5,TRUE,N/A,10/1/2026,12:36:36 PM,pre_game,MLB,demon,https://static.prizepicks.com/images/manual/Mike Yastrzemski.png,15358000,0.50,51.17,48.83,-8.98,51.17,Over,https://www.freeiconspng.com/img/1934,2026-10-02T00:11:00Z,No,1.4,7.5,Rays @ Braves,2026-09-08T23:15:00Z,Tue 07:15pm,Truist Park,outdoor,,-105.000,-105.000,9/8/2026,0.512,,,,No,PHI,3.97,2,9.377273011,90.62272699,9.377273011,0.51,22,-0.0076,under,0.45,0.5041,0.49,0.5,Push
PrizePicks,MLB,233219,Drake Baldwin,C,ATL,Hits,1.5,TRUE,N/A,10/1/2026,12:36:36 PM,pre_game,MLB,demon,https://static.prizepicks.com/images/players/MLB/Drake_Baldwin_MLB_player_2bszMiBPtE84wfUl1dPBtueo-450.webp,15358001,0.50,66.68,33.32,-6.65,66.68,Over,https://www.freeiconspng.com/img/1934,2026-10-02T00:11:00Z,No,1.4,7.5,Rays @ Braves,2026-09-08T23:15:00Z,Tue 07:15pm,Truist Park,outdoor,,-200.000,-200.000,9/8/2026,0.667,,,,No,PHI,5.72,2.79,14.43504402,85.56495598,14.43504402,0.67,22,-0.0106,under,0.79,0.656198,0.65,0.5,Push
PrizePicks,MLB,67614,Matt Olson,IF,ATL,Hits,1.5,TRUE,N/A,10/1/2026,12:36:36 PM,pre_game,MLB,demon,https://static.prizepicks.com/images/players/MLB/Matthew_Olson_MLB_player_NDhzwn6hkBC70gLyFChsulYT-450.webp,15358009,0.50,62.21,37.79,-6.04,62.21,Over,https://www.freeiconspng.com/img/1934,2026-10-02T00:11:00Z,No,1.4,7.5,Rays @ Braves,2026-09-08T23:15:00Z,Tue 07:15pm,Truist Park,outdoor,,-165.000,-165.000,9/8/2026,0.622,,,,No,PHI,6.36,2.78,12.92308644,87.07691356,12.92308644,0.62,22,-0.01056,under,0.7,0.611536,0.61,0.5,Push
PrizePicks,MLB,310126,Mike Yastrzemski,OF,ATL,Total Bases,1.5,TRUE,N/A,10/1/2026,12:36:36 PM,pre_game,MLB,demon,https://static.prizepicks.com/images/manual/Mike Yastrzemski.png,15358010,,,,,,,,2026-10-02T00:11:00Z,No,1.4,7.5,Rays @ Braves,2026-09-08T23:15:00Z,Tue 07:15pm,Truist Park,outdoor,,,,,,,,,No,PHI,3.97,2,,,,0,19,-0.059,under,0.45,-0.059,0.47,0.5,Push
PrizePicks,MLB,309068,Mauricio Dubón,OF,ATL,Hits+Runs+RBIs,1.5,TRUE,N/A,10/1/2026,12:36:36 PM,pre_game,MLB,demon,https://static.prizepicks.com/images/manual/Mauricio Dubón.png,15358013,1.50,44.81,55.19,-5.59,55.19,Under,https://www.freeiconspng.com/img/1934,2026-10-02T00:11:00Z,No,1.4,7.5,Rays @ Braves,2026-09-08T23:15:00Z,Tue 07:15pm,Truist Park,outdoor,,-123.000,-123.000,,1.344,,,,No,PHI,4.5,2.03,44.81,55.19,44.81,1.34,16,0.00041,over,0.56,1.344706,1.08,0,Push
PrizePicks,MLB,127250,Ozzie Albies,IF,ATL,Hits+Runs+RBIs,1.5,TRUE,N/A,10/1/2026,12:36:36 PM,pre_game,MLB,demon,https://static.prizepicks.com/images/players/MLB/Ozhaino_Albies_MLB_player_G3gl7zvDUXIaQWzRdOQkGkTS-450.webp,15358018,1.50,41.73,58.27,-6.64,58.27,Under,https://www.freeiconspng.com/img/1934,2026-10-02T00:11:00Z,No,1.4,7.5,Rays @ Braves,2026-09-08T23:15:00Z,Tue 07:15pm,Truist Park,outdoor,,-140.000,-140.000,9/8/2026,1.252,,,,No,PHI,4.46,1.98,41.73,58.27,41.73,1.25,16,0.0004,over,0.47,1.252296,0.99,0,Push
PrizePicks,MLB,310126,Mike Yastrzemski,OF,ATL,RBIs,1.5,TRUE,N/A,10/1/2026,12:36:36 PM,pre_game,MLB,demon,https://static.prizepicks.com/images/manual/Mike Yastrzemski.png,15358193,,,,,,,,2026-10-02T00:11:00Z,No,1.4,7.5,Rays @ Braves,2026-09-08T23:15:00Z,Tue 07:15pm,Truist Park,outdoor,,,,,,,,,No,PHI,3.97,2,,,,0,16,0.0004,over,0.45,0.0004,0.47,0.5,Push
PrizePicks,MLB,323543,Derek Hill,OF,PHI,RBIs,1.5,TRUE,N/A,10/1/2026,12:36:36 PM,pre_game,MLB,demon,https://static.prizepicks.com/images/manual/Derek Hill.WEBP,15358197,,,,,,,,2026-10-02T00:11:00Z,Yes,-1.4,7.5,Astros @ Phillies,2026-09-08T22:40:00Z,Tue 06:40pm,Citizens Bank Park,outdoor,NBCS-PH,,,,,,,,No,,,3.5,,,,0,,0,,0.91,,0.91,0,Push
PrizePicks,MLB,127032,Trea Turner,IF,PHI,RBIs,1.5,TRUE,N/A,10/1/2026,12:36:36 PM,pre_game,MLB,demon,https://static.prizepicks.com/images/players/MLB/Trea_Turner_MLB_player_PzSAbDCREg3T5256tVuvznWK-450.webp,15358208,,,,,,,,2026-10-02T00:11:00Z,Yes,-1.4,7.5,Astros @ Phillies,2026-09-08T22:40:00Z,Tue 06:40pm,Citizens Bank Park,outdoor,NBCS-PH,,,,,,,,No,ATL,6.32,2.52,,,,0,9,0.00655,over,0.61,0.006552,0.55,0.5,Push
PrizePicks,MLB,127255,Sean Murphy,C,ATL,RBIs,1.5,TRUE,N/A,10/1/2026,12:36:36 PM,pre_game,MLB,demon,https://static.prizepicks.com/images/players/MLB/Sean_Murphy_MLB_player_GSWZPCMTBYwlQ07NFA0MEl9x-450.webp,15358214,,,,,,,,2026-10-02T00:11:00Z,No,1.4,7.5,Rays @ Braves,2026-09-08T23:15:00Z,Tue 07:15pm,Truist Park,outdoor,,,,,,,,,No,PHI,3.9,1.76,,,,0,16,0.00035,over,0.32,0.000352,0.41,0.5,Push
PrizePicks,MLB,73988,Bryce Harper,IF,PHI,Runs,1.5,TRUE,N/A,10/1/2026,12:36:36 PM,pre_game,MLB,demon,https://static.prizepicks.com/images/players/MLB/Bryce_Harper_MLB_player_mhsTcoXtjRH4vlcux7XU1Zyy-450.webp,15358215,0.50,41.57,58.43,-5.86,58.43,Under,https://www.freeiconspng.com/img/1934,2026-10-02T00:11:00Z,No,1.4,7.5,Astros @ Phillies,2026-09-08T22:40:00Z,Tue 06:40pm,Citizens Bank Park,outdoor,NBCS-PH,-141.000,-141.000,9/8/2026,0.416,,,,No,ATL,5.8,2.28,6.581042624,93.41895738,6.581042624,0.42,10,0.00524,over,0.61,0.420944,0.51,0.5,Push
PrizePicks,MLB,67555,Ronald Acuña Jr.,OF,ATL,Runs,1.5,TRUE,N/A,10/1/2026,12:36:36 PM,pre_game,MLB,demon,https://static.prizepicks.com/images/players/MLB/Ronald_Acu%C3%B1a_MLB_player_tUwoDZ2wW0mEiTxchuRbbAHl-450.webp,15358226,0.50,45.24,54.76,-7.5,54.76,Under,https://www.freeiconspng.com/img/1934,2026-10-02T00:11:00Z,No,1.4,7.5,Rays @ Braves,2026-09-08T23:15:00Z,Tue 07:15pm,Truist Park,outdoor,,-121.000,-121.000,,0.452,,,,No,-,7.21,3.5,7.612882628,92.38711737,7.612882628,0.45,,0,,0.89,,0.61,0.5,Push
PrizePicks,MLB,127032,Trea Turner,IF,PHI,Runs,1.5,TRUE,N/A,10/1/2026,12:36:36 PM,pre_game,MLB,demon,https://static.prizepicks.com/images/players/MLB/Trea_Turner_MLB_player_PzSAbDCREg3T5256tVuvznWK-450.webp,15358235,0.50,45.06,54.94,-6.6,54.94,Under,https://www.freeiconspng.com/img/1934,2026-09-30T18:00:00Z,No,1.4,7.5,Astros @ Phillies,2026-09-08T22:40:00Z,Tue 06:40pm,Citizens Bank Park,outdoor,NBCS-PH,-122.000,-122.000,9/8/2026,0.451,,,,No,ATL,6.32,2.52,7.561140284,92.43885972,7.561140284,0.45,10,0.0058,over,0.61,0.456396,0.5,0.5,Push
PrizePicks,MLB,69890,Brandon Marsh,OF,PHI,RBIs,1.5,TRUE,N/A,10/1/2026,12:36:36 PM,pre_game,MLB,demon,https://static.prizepicks.com/images/players/MLB/Brandon_Marsh_MLB_player_JZ5RTWUyIllOGkmAwyKUtF5H-450.webp,15358239,,,,,,,,2026-10-02T00:11:00Z,Yes,-1.4,7.5,Astros @ Phillies,2026-09-08T22:40:00Z,Tue 06:40pm,Citizens Bank Park,outdoor,NBCS-PH,,,,,,,,No,ATL,5.17,2.53,,,,0,9,0.00658,over,0.66,0.006578,0.58,0.5,Push
PrizePicks,MLB,67555,Ronald Acuña Jr.,OF,ATL,RBIs,1.5,TRUE,N/A,10/1/2026,12:36:36 PM,pre_game,MLB,demon,https://static.prizepicks.com/images/players/MLB/Ronald_Acu%C3%B1a_MLB_player_tUwoDZ2wW0mEiTxchuRbbAHl-450.webp,15358241,,,,,,,,2026-10-02T00:11:00Z,No,1.4,7.5,Rays @ Braves,2026-09-08T23:15:00Z,Tue 07:15pm,Truist Park,outdoor,,,,,,,,,No,-,7.21,3.5,,,,0,,0,,0.89,,0.7,0.5,Push
PrizePicks,MLB,233219,Drake Baldwin,C,ATL,Runs,1.5,TRUE,N/A,10/1/2026,12:36:36 PM,pre_game,MLB,demon,https://static.prizepicks.com/images/players/MLB/Drake_Baldwin_MLB_player_2bszMiBPtE84wfUl1dPBtueo-450.webp,15358242,0.50,43.28,56.72,-6.24,56.72,Under,https://www.freeiconspng.com/img/1934,2026-10-02T00:11:00Z,No,1.4,7.5,Rays @ Braves,2026-09-08T23:15:00Z,Tue 07:15pm,Truist Park,outdoor,,-131.000,-131.000,9/8/2026,0.433,,,,No,PHI,5.72,2.79,7.055665726,92.94433427,7.055665726,0.43,20,-0.00474,under,0.79,0.428057,0.58,0.5,Push
PrizePicks,MLB,127250,Ozzie Albies,IF,ATL,RBIs,1.5,TRUE,N/A,10/1/2026,12:36:36 PM,pre_game,MLB,demon,https://static.prizepicks.com/images/players/MLB/Ozhaino_Albies_MLB_player_G3gl7zvDUXIaQWzRdOQkGkTS-450.webp,15358254,,,,,,,,2026-10-02T00:11:00Z,No,1.4,7.5,Rays @ Braves,2026-09-08T23:15:00Z,Tue 07:15pm,Truist Park,outdoor,,,,,,,,,No,PHI,4.46,1.98,,,,0,16,0.0004,over,0.47,0.000396,0.49,0.5,Push
PrizePicks,MLB,67634,J.T. Realmuto,C,PHI,Runs,1.5,TRUE,N/A,10/1/2026,12:36:36 PM,pre_game,MLB,demon,https://static.prizepicks.com/images/players/MLB/Jacob_Realmuto_MLB_player_qUdvpTDV1nY6g19qkvI7KEEH-450.webp,15358255,0.50,34.41,65.59,-7.01,65.59,Under,https://www.freeiconspng.com/img/1934,2026-10-02T00:11:00Z,No,1.4,7.5,Astros @ Phillies,2026-09-08T22:40:00Z,Tue 06:40pm,Citizens Bank Park,outdoor,NBCS-PH,-191.000,-191.000,9/8/2026,0.344,,,,No,,,3.5,4.722391018,95.27760898,4.722391018,0.34,,0,,0.72,,0.52,0.5,Push
PrizePicks,MLB,67558,Austin Riley,IF,ATL,Runs,1.5,TRUE,N/A,10/1/2026,12:36:36 PM,pre_game,MLB,demon,https://static.prizepicks.com/images/players/MLB/Michael_Riley_MLB_player_mZ93NJZS0EsLvYCwgHVNsy32-450.webp,15358256,0.50,32.43,67.57,-6.46,67.57,Under,https://www.freeiconspng.com/img/1934,2026-10-02T00:11:00Z,No,1.4,7.5,Rays @ Braves,2026-09-08T23:15:00Z,Tue 07:15pm,Truist Park,outdoor,,-208.000,-208.000,9/8/2026,0.324,,,,No,PHI,4.17,1.9,4.248700101,95.7512999,4.248700101,0.32,20,-0.00323,under,0.42,0.32107,0.41,0.5,Push
PrizePicks,MLB,67558,Austin Riley,IF,ATL,RBIs,1.5,TRUE,N/A,10/1/2026,12:36:36 PM,pre_game,MLB,demon,https://static.prizepicks.com/images/players/MLB/Michael_Riley_MLB_player_mZ93NJZS0EsLvYCwgHVNsy32-450.webp,15358260,,,,,,,,2026-10-02T00:11:00Z,No,1.4,7.5,Rays @ Braves,2026-09-08T23:15:00Z,Tue 07:15pm,Truist Park,outdoor,,,,,,,,,No,PHI,4.17,1.9,,,,0,16,0.00038,over,0.42,0.00038,0.46,0.5,Push
PrizePicks,MLB,309860,Justin Crawford,OF,PHI,RBIs,1.5,TRUE,N/A,10/1/2026,12:36:36 PM,pre_game,MLB,demon,https://static.prizepicks.com/images/manual/Justin Crawford.png,15358261,,,,,,,,2026-10-02T00:11:00Z,Yes,-1.4,7.5,Astros @ Phillies,2026-09-08T22:40:00Z,Tue 06:40pm,Citizens Bank Park,outdoor,NBCS-PH,,,,,,,,No,ATL,4.28,2.05,,,,0,9,0.00533,over,0.54,0.00533,0.52,0.5,Push
PrizePicks,MLB,310126,Mike Yastrzemski,OF,ATL,Runs,1.5,TRUE,N/A,10/1/2026,12:36:36 PM,pre_game,MLB,demon,https://static.prizepicks.com/images/manual/Mike Yastrzemski.png,15358262,0.50,30.16,69.84,-6.63,69.84,Under,https://www.freeiconspng.com/img/1934,2026-10-02T00:11:00Z,No,1.4,7.5,Rays @ Braves,2026-09-08T23:15:00Z,Tue 07:15pm,Truist Park,outdoor,,-232.000,-232.000,9/8/2026,0.3016,,,,No,PHI,3.97,2,3.729256877,96.27074312,3.729256877,0.3,20,-0.0034,under,0.45,0.2982,0.42,0.5,Push
PrizePicks,MLB,323543,Derek Hill,OF,PHI,Total Bases,1.5,TRUE,N/A,10/1/2026,12:36:36 PM,pre_game,MLB,demon,https://static.prizepicks.com/images/manual/Derek Hill.WEBP,15358268,,,,,,,,2026-10-02T00:11:00Z,Yes,-1.4,7.5,Astros @ Phillies,2026-09-08T22:40:00Z,Tue 06:40pm,Citizens Bank Park,outdoor,NBCS-PH,,,,,,,,No,,,3.5,,,,0,,0,,0.91,,0.91,0,Push
PrizePicks,MLB,67940,Alec Bohm,IF,PHI,Runs,1.5,TRUE,N/A,10/1/2026,12:36:36 PM,pre_game,MLB,demon,https://static.prizepicks.com/images/players/MLB/Alec_Bohm_MLB_player_kikYiFKsWk4374Ra6YncvWQy-450.webp,15358274,0.50,37.57,62.43,-6.32,62.43,Under,https://www.freeiconspng.com/img/1934,2026-10-02T00:11:00Z,No,1.4,7.5,Astros @ Phillies,2026-09-08T22:40:00Z,Tue 06:40pm,Citizens Bank Park,outdoor,NBCS-PH,-166.000,-166.000,9/8/2026,0.3757,,,,No,ATL,6.5,2.75,5.515776028,94.48422397,5.515776028,0.38,10,0.00632,over,0.68,0.382025,0.52,0.5,Push
PrizePicks,MLB,309860,Justin Crawford,OF,PHI,Runs,1.5,TRUE,N/A,10/1/2026,12:36:36 PM,pre_game,MLB,demon,https://static.prizepicks.com/images/manual/Justin Crawford.png,15358276,0.50,30.63,69.37,-6.53,69.37,Under,https://www.freeiconspng.com/img/1934,2026-10-02T00:11:00Z,No,1.4,7.5,Astros @ Phillies,2026-09-08T22:40:00Z,Tue 06:40pm,Citizens Bank Park,outdoor,NBCS-PH,-226.000,-226.000,9/8/2026,0.3063,,,,No,ATL,4.28,2.05,3.834669827,96.16533017,3.834669827,0.31,10,0.00471,over,0.54,0.311015,0.45,0.5,Push
PrizePicks,MLB,127255,Sean Murphy,C,ATL,Runs,1.5,TRUE,N/A,10/1/2026,12:36:36 PM,pre_game,MLB,demon,https://static.prizepicks.com/images/players/MLB/Sean_Murphy_MLB_player_GSWZPCMTBYwlQ07NFA0MEl9x-450.webp,15358280,0.50,29.87,70.13,-6.88,70.13,Under,https://www.freeiconspng.com/img/1934,2026-10-02T00:11:00Z,No,1.4,7.5,Rays @ Braves,2026-09-08T23:15:00Z,Tue 07:15pm,Truist Park,outdoor,,-235.000,-235.000,9/8/2026,0.2987,,,,No,PHI,3.9,1.76,3.664783266,96.33521673,3.664783266,0.3,20,-0.00299,under,0.32,0.295708,0.37,0.5,Push
PrizePicks,MLB,68832,Michael Harris II,OF,ATL,Runs,1.5,TRUE,N/A,10/1/2026,12:36:36 PM,pre_game,MLB,demon,https://static.prizepicks.com/images/players/MLB/Michael_Harris_MLB_player_ZkXYVk5eP3OK6w4UecYW3tdb-450.webp,15358281,0.50,38,62,-7.23,62,Under,https://www.freeiconspng.com/img/1934,2026-10-02T00:11:00Z,No,1.4,7.5,Rays @ Braves,2026-09-08T23:15:00Z,Tue 07:15pm,Truist Park,outdoor,,-163.000,-163.000,9/8/2026,0.38,,,,No,PHI,5.62,2.39,5.627125529,94.37287447,5.627125529,0.38,20,-0.00406,under,0.7,0.375937,0.53,0.5,Push
PrizePicks,MLB,69515,Bryson Stott,IF,PHI,RBIs,1.5,TRUE,N/A,10/1/2026,12:36:36 PM,pre_game,MLB,demon,https://static.prizepicks.com/images/players/MLB/Bryson_Stott_MLB_player_R761z8GtmmBHjPjfJP9iL5x6-450.webp,15358286,,,,,,,,2026-10-02T00:11:00Z,Yes,-1.4,7.5,Astros @ Phillies,2026-09-08T22:40:00Z,Tue 06:40pm,Citizens Bank Park,outdoor,NBCS-PH,,,,,,,,No,ATL,5.76,2.45,,,,0,9,0.00637,over,0.63,0.00637,0.56,0.5,Push
PrizePicks,MLB,67634,J.T. Realmuto,C,PHI,RBIs,1.5,TRUE,N/A,10/1/2026,12:36:36 PM,pre_game,MLB,demon,https://static.prizepicks.com/images/players/MLB/Jacob_Realmuto_MLB_player_qUdvpTDV1nY6g19qkvI7KEEH-450.webp,15358287,,,,,,,,2026-10-02T00:11:00Z,Yes,-1.4,7.5,Astros @ Phillies,2026-09-08T22:40:00Z,Tue 06:40pm,Citizens Bank Park,outdoor,NBCS-PH,,,,,,,,No,,,3.5,,,,0,,0,,0.72,,0.61,0.5,Push
PrizePicks,MLB,323543,Derek Hill,OF,PHI,Hits+Runs+RBIs,1.5,TRUE,N/A,10/1/2026,12:36:36 PM,pre_game,MLB,demon,https://static.prizepicks.com/images/manual/Derek Hill.WEBP,15358291,,,,,,,,2026-10-02T00:11:00Z,Yes,-1.4,7.5,Astros @ Phillies,2026-09-08T22:40:00Z,Tue 06:40pm,Citizens Bank Park,outdoor,NBCS-PH,,,,,,,,No,,,3.5,,,,0,,0,,0.91,,0.91,0,Push
PrizePicks,MLB,127255,Sean Murphy,C,ATL,Hits+Runs+RBIs,1.5,TRUE,N/A,10/1/2026,12:36:36 PM,pre_game,MLB,demon,https://static.prizepicks.com/images/players/MLB/Sean_Murphy_MLB_player_GSWZPCMTBYwlQ07NFA0MEl9x-450.webp,15358296,0.50,53.54,46.46,-6.46,53.54,Over,https://www.freeiconspng.com/img/1934,2026-10-02T00:11:00Z,No,1.4,7.5,Rays @ Braves,2026-09-08T23:15:00Z,Tue 07:15pm,Truist Park,outdoor,,-115.000,-115.000,9/8/2026,0.535,,,,No,PHI,3.9,1.76,10.11229946,89.88770054,10.11229946,0.54,16,0.00035,over,0.32,0.535752,0.46,0,Push
PrizePicks,MLB,323543,Derek Hill,OF,PHI,Hits,1.5,TRUE,N/A,10/1/2026,12:36:36 PM,pre_game,MLB,demon,https://static.prizepicks.com/images/manual/Derek Hill.WEBP,15358300,,,,,60,Over,https://www.freeiconspng.com/img/1934,2026-10-02T00:11:00Z,No,1.4,7.5,Astros @ Phillies,2026-09-08T22:40:00Z,Tue 06:40pm,Citizens Bank Park,outdoor,NBCS-PH,-150.000,,,0.600,,,,No,,,3.5,12.19013822,87.80986178,12.19013822,0.6,,0,,0.91,,0.76,0,Good Bet
PrizePicks,MLB,68832,Michael Harris II,OF,ATL,RBIs,1.5,TRUE,N/A,10/1/2026,12:36:36 PM,pre_game,MLB,demon,https://static.prizepicks.com/images/players/MLB/Michael_Harris_MLB_player_ZkXYVk5eP3OK6w4UecYW3tdb-450.webp,15358301,,,,,,,,2026-10-02T00:11:00Z,No,1.4,7.5,Rays @ Braves,2026-09-08T23:15:00Z,Tue 07:15pm,Truist Park,outdoor,,,,,,,,,No,PHI,5.62,2.39,,,,0,16,0.00048,over,0.7,0.000478,0.6,0.5,Push
PrizePicks,MLB,67532,Kyle Schwarber,DH,PHI,Runs,1.5,TRUE,N/A,10/1/2026,12:36:36 PM,pre_game,MLB,demon,https://static.prizepicks.com/images/players/MLB/Kyle_Schwarber_MLB_player_68nHEJrjzq1CxWv0nqnyV0Tj-450.webp,15358304,0.50,47.2,52.8,-5.53,52.8,Under,https://www.freeiconspng.com/img/1934,2026-10-02T00:11:00Z,No,1.4,7.5,Astros @ Phillies,2026-09-08T22:40:00Z,Tue 06:40pm,Citizens Bank Park,outdoor,NBCS-PH,-112.000,-112.000,9/8/2026,0.472,,,,No,ATL,7.09,3.2,8.183482899,91.8165171,8.183482899,0.47,10,0.00736,over,0.74,0.47936,0.55,0.5,Push
PrizePicks,MLB,67614,Matt Olson,IF,ATL,Runs,1.5,TRUE,N/A,10/1/2026,12:36:36 PM,pre_game,MLB,demon,https://static.prizepicks.com/images/players/MLB/Matthew_Olson_MLB_player_NDhzwn6hkBC70gLyFChsulYT-450.webp,15358305,0.50,41.61,58.39,-7.13,58.39,Under,https://www.freeiconspng.com/img/1934,2026-10-02T00:11:00Z,No,1.4,7.5,Rays @ Braves,2026-09-08T23:15:00Z,Tue 07:15pm,Truist Park,outdoor,,-140.000,-140.000,9/8/2026,0.416,,,,No,PHI,6.36,2.78,6.592018162,93.40798184,6.592018162,0.42,20,-0.00473,under,0.7,0.411374,0.54,0.5,Push
PrizePicks,MLB,127250,Ozzie Albies,IF,ATL,Runs,1.5,TRUE,N/A,10/1/2026,12:36:36 PM,pre_game,MLB,demon,https://static.prizepicks.com/images/players/MLB/Ozhaino_Albies_MLB_player_G3gl7zvDUXIaQWzRdOQkGkTS-450.webp,15358306,0.50,33.01,66.99,-6.34,66.99,Under,https://www.freeiconspng.com/img/1934,2026-10-02T00:11:00Z,No,1.4,7.5,Rays @ Braves,2026-09-08T23:15:00Z,Tue 07:15pm,Truist Park,outdoor,,-203.000,-203.000,9/8/2026,0.330,,,,No,PHI,4.46,1.98,4.385516143,95.61448386,4.385516143,0.33,20,-0.00337,under,0.47,0.326734,0.43,0.5,Push
PrizePicks,MLB,69890,Brandon Marsh,OF,PHI,Runs,1.5,TRUE,N/A,10/1/2026,12:36:36 PM,pre_game,MLB,demon,https://static.prizepicks.com/images/players/MLB/Brandon_Marsh_MLB_player_JZ5RTWUyIllOGkmAwyKUtF5H-450.webp,15358307,0.50,32.65,67.35,-6.68,67.35,Under,https://www.freeiconspng.com/img/1934,2026-10-02T00:11:00Z,No,1.4,7.5,Astros @ Phillies,2026-09-08T22:40:00Z,Tue 06:40pm,Citizens Bank Park,outdoor,NBCS-PH,-206.000,-206.000,9/8/2026,0.3265,,,,No,ATL,5.17,2.53,4.30040365,95.69959635,4.30040365,0.33,10,0.00582,over,0.66,0.332319,0.49,0.5,Push
PrizePicks,MLB,127255,Sean Murphy,C,ATL,Hits,1.5,TRUE,N/A,10/1/2026,12:36:36 PM,pre_game,MLB,demon,https://static.prizepicks.com/images/players/MLB/Sean_Murphy_MLB_player_GSWZPCMTBYwlQ07NFA0MEl9x-450.webp,15358308,0.50,48.97,51.03,-6.78,51.03,Under,https://www.freeiconspng.com/img/1934,2026-10-02T00:11:00Z,No,1.4,7.5,Rays @ Braves,2026-09-08T23:15:00Z,Tue 07:15pm,Truist Park,outdoor,,-104.000,-104.000,9/8/2026,0.4897,,,,No,PHI,3.9,1.76,8.709663065,91.29033694,8.709663065,0.49,22,-0.00669,under,0.32,0.483012,0.45,0.5,Push
PrizePicks,MLB,69515,Bryson Stott,IF,PHI,Runs,1.5,TRUE,N/A,10/1/2026,12:36:36 PM,pre_game,MLB,demon,https://static.prizepicks.com/images/players/MLB/Bryson_Stott_MLB_player_R761z8GtmmBHjPjfJP9iL5x6-450.webp,15358311,0.50,37.11,62.89,-6.81,62.89,Under,https://www.freeiconspng.com/img/1934,2026-10-02T00:11:00Z,No,1.4,7.5,Astros @ Phillies,2026-09-08T22:40:00Z,Tue 06:40pm,Citizens Bank Park,outdoor,NBCS-PH,-169.000,-169.000,9/8/2026,0.3711,,,,No,ATL,5.76,2.45,5.397535892,94.60246411,5.397535892,0.37,10,0.00564,over,0.63,0.376735,0.5,0.5,Push
PrizePicks,MLB,127255,Sean Murphy,C,ATL,Total Bases,1.5,TRUE,N/A,10/1/2026,12:36:36 PM,pre_game,MLB,demon,https://static.prizepicks.com/images/players/MLB/Sean_Murphy_MLB_player_GSWZPCMTBYwlQ07NFA0MEl9x-450.webp,15358314,,,,,,,,2026-10-02T00:11:00Z,No,1.4,7.5,Rays @ Braves,2026-09-08T23:15:00Z,Tue 07:15pm,Truist Park,outdoor,,,,,,,,,No,PHI,3.9,1.76,,,,0,19,-0.05192,under,0.32,-0.05192,0.41,0.5,Push
PrizePicks,MLB,309068,Mauricio Dubón,OF,ATL,RBIs,1.5,TRUE,N/A,10/1/2026,12:36:36 PM,pre_game,MLB,demon,https://static.prizepicks.com/images/manual/Mauricio Dubón.png,15358317,,,,,,,,2026-10-02T00:11:00Z,No,1.4,7.5,Rays @ Braves,2026-09-08T23:15:00Z,Tue 07:15pm,Truist Park,outdoor,,,,,,,,,No,PHI,4.5,2.03,,,,0,16,0.00041,over,0.56,0.000406,0.53,0.5,Push
PrizePicks,MLB,323543,Derek Hill,OF,PHI,Runs,1.5,TRUE,N/A,10/1/2026,12:36:36 PM,pre_game,MLB,demon,https://static.prizepicks.com/images/manual/Derek Hill.WEBP,15358319,,,,,38.02,Over,https://www.freeiconspng.com/img/1934,2026-10-02T00:11:00Z,No,1.4,7.5,Astros @ Phillies,2026-09-08T22:40:00Z,Tue 06:40pm,Citizens Bank Park,outdoor,NBCS-PH,163.000,,,0.380,,,,No,,,3.5,5.632323723,94.36767628,5.632323723,0.38,,0,,0.91,,0.65,0,Good Bet
PrizePicks,MLB,67555,Ronald Acuña Jr.,OF,ATL,Hitter Strikeouts,1.5,TRUE,N/A,10/1/2026,12:36:36 PM,pre_game,MLB,demon,https://static.prizepicks.com/images/players/MLB/Ronald_Acu%C3%B1a_MLB_player_tUwoDZ2wW0mEiTxchuRbbAHl-450.webp,15359523,,,,,,,,2026-10-02T00:11:00Z,No,1.4,7.5,Rays @ Braves,2026-09-08T23:15:00Z,Tue 07:15pm,Truist Park,outdoor,,,,,,,,,No,-,7.21,5,,,,0,,0,,103,,103,0,Push
PrizePicks,MLB,127250,Ozzie Albies,IF,ATL,Hitter Strikeouts,1.5,TRUE,N/A,10/1/2026,12:36:36 PM,pre_game,MLB,demon,https://static.prizepicks.com/images/players/MLB/Ozhaino_Albies_MLB_player_G3gl7zvDUXIaQWzRdOQkGkTS-450.webp,15359524,,,,,,,,2026-10-02T00:11:00Z,No,1.4,7.5,Rays @ Braves,2026-09-08T23:15:00Z,Tue 07:15pm,Truist Park,outdoor,,,,,,,,,No,PHI,4.46,5,,,,0,9,0.091,over,105,0.091,105,0,Push
PrizePicks,MLB,68832,Michael Harris II,OF,ATL,Hitter Strikeouts,1.5,TRUE,N/A,10/1/2026,12:36:36 PM,pre_game,MLB,demon,https://static.prizepicks.com/images/players/MLB/Michael_Harris_MLB_player_ZkXYVk5eP3OK6w4UecYW3tdb-450.webp,15359533,,,,,,,,2026-10-02T00:11:00Z,No,1.4,7.5,Rays @ Braves,2026-09-08T23:15:00Z,Tue 07:15pm,Truist Park,outdoor,,,,,,,,,No,PHI,5.62,5,,,,0,9,0.091,over,119,0.091,119,0,Push
PrizePicks,MLB,73988,Bryce Harper,IF,PHI,Singles,1.5,TRUE,N/A,10/1/2026,12:36:36 PM,pre_game,MLB,demon,https://static.prizepicks.com/images/players/MLB/Bryce_Harper_MLB_player_mhsTcoXtjRH4vlcux7XU1Zyy-450.webp,15359534,,,,,,,,2026-10-02T00:11:00Z,Yes,-1.4,7.5,Astros @ Phillies,2026-09-08T22:40:00Z,Tue 06:40pm,Citizens Bank Park,outdoor,NBCS-PH,,,,,,,,No,ATL,5.8,2.28,,,,0,17,-0.04606,under,0.61,-0.046056,0.61,0,Push
PrizePicks,MLB,69515,Bryson Stott,IF,PHI,Hitter Strikeouts,1.5,TRUE,N/A,10/1/2026,12:36:36 PM,pre_game,MLB,demon,https://static.prizepicks.com/images/players/MLB/Bryson_Stott_MLB_player_R761z8GtmmBHjPjfJP9iL5x6-450.webp,15359535,,,,,,,,2026-10-02T00:11:00Z,Yes,-1.4,7.5,Astros @ Phillies,2026-09-08T22:40:00Z,Tue 06:40pm,Citizens Bank Park,outdoor,NBCS-PH,,,,,,,,No,ATL,5.76,5,,,,0,7,0.0945,over,100,0.0945,100,0,Push
PrizePicks,MLB,67634,J.T. Realmuto,C,PHI,Hitter Strikeouts,1.5,TRUE,N/A,10/1/2026,12:36:36 PM,pre_game,MLB,demon,https://static.prizepicks.com/images/players/MLB/Jacob_Realmuto_MLB_player_qUdvpTDV1nY6g19qkvI7KEEH-450.webp,15359538,,,,,,,,2026-10-02T00:11:00Z,Yes,-1.4,7.5,Astros @ Phillies,2026-09-08T22:40:00Z,Tue 06:40pm,Citizens Bank Park,outdoor,NBCS-PH,,,,,,,,No,,,5,,,,0,,0,,100,,100,0,Push
PrizePicks,MLB,67940,Alec Bohm,IF,PHI,Singles,1.5,TRUE,N/A,10/1/2026,12:36:36 PM,pre_game,MLB,demon,https://static.prizepicks.com/images/players/MLB/Alec_Bohm_MLB_player_kikYiFKsWk4374Ra6YncvWQy-450.webp,15359539,,,,,,,,2026-10-02T00:11:00Z,Yes,-1.4,7.5,Astros @ Phillies,2026-09-08T22:40:00Z,Tue 06:40pm,Citizens Bank Park,outdoor,NBCS-PH,,,,,,,,No,ATL,6.5,2.75,,,,0,17,-0.05555,under,0.68,-0.05555,0.68,0,Push
PrizePicks,MLB,67940,Alec Bohm,IF,PHI,Hitter Strikeouts,1.5,TRUE,N/A,10/1/2026,12:36:36 PM,pre_game,MLB,demon,https://static.prizepicks.com/images/players/MLB/Alec_Bohm_MLB_player_kikYiFKsWk4374Ra6YncvWQy-450.webp,15359542,,,,,,,,2026-10-02T00:11:00Z,Yes,-1.4,7.5,Astros @ Phillies,2026-09-08T22:40:00Z,Tue 06:40pm,Citizens Bank Park,outdoor,NBCS-PH,,,,,,,,No,ATL,6.5,5,,,,0,7,0.0945,over,88,0.0945,88,0,Push
PrizePicks,MLB,233219,Drake Baldwin,C,ATL,Hitter Strikeouts,1.5,TRUE,N/A,10/1/2026,12:36:36 PM,pre_game,MLB,demon,https://static.prizepicks.com/images/players/MLB/Drake_Baldwin_MLB_player_2bszMiBPtE84wfUl1dPBtueo-450.webp,15359545,,,,,,,,2026-10-02T00:11:00Z,No,1.4,7.5,Rays @ Braves,2026-09-08T23:15:00Z,Tue 07:15pm,Truist Park,outdoor,,,,,,,,,No,PHI,5.72,5,,,,0,9,0.091,over,132,0.091,132,0,Push
PrizePicks,MLB,69515,Bryson Stott,IF,PHI,Singles,1.5,TRUE,N/A,10/1/2026,12:36:36 PM,pre_game,MLB,demon,https://static.prizepicks.com/images/players/MLB/Bryson_Stott_MLB_player_R761z8GtmmBHjPjfJP9iL5x6-450.webp,15359546,,,,,,,,2026-10-02T00:11:00Z,Yes,-1.4,7.5,Astros @ Phillies,2026-09-08T22:40:00Z,Tue 06:40pm,Citizens Bank Park,outdoor,NBCS-PH,,,,,,,,No,ATL,5.76,2.45,,,,0,17,-0.04949,under,0.63,-0.04949,0.63,0,Push
PrizePicks,MLB,329541,Bryan De La Cruz,OF,PHI,Hitter Strikeouts,1.5,TRUE,N/A,10/1/2026,12:36:36 PM,pre_game,MLB,demon,https://static.prizepicks.com/images/players/MLB/Bryan_De_La_Cruz_MLB_player_FcR0a7NWdTVQMdvB7Oll4FDI-450.webp,15359548,,,,,,,,2026-10-02T00:11:00Z,Yes,-1.4,7.5,Astros @ Phillies,2026-09-08T22:40:00Z,Tue 06:40pm,Citizens Bank Park,outdoor,NBCS-PH,,,,,,,,No,,,5,,,,0,,0,,18,,18,0,Push
PrizePicks,MLB,67555,Ronald Acuña Jr.,OF,ATL,Singles,1.5,TRUE,N/A,10/1/2026,12:36:36 PM,pre_game,MLB,demon,https://static.prizepicks.com/images/players/MLB/Ronald_Acu%C3%B1a_MLB_player_tUwoDZ2wW0mEiTxchuRbbAHl-450.webp,15359550,,,,,,,,2026-10-02T00:11:00Z,No,1.4,7.5,Rays @ Braves,2026-09-08T23:15:00Z,Tue 07:15pm,Truist Park,outdoor,,,,,,,,,No,-,7.21,3.5,,,,0,,0,,0.89,,0.89,0,Push
PrizePicks,MLB,309068,Mauricio Dubón,OF,ATL,Hitter Strikeouts,1.5,TRUE,N/A,10/1/2026,12:36:36 PM,pre_game,MLB,demon,https://static.prizepicks.com/images/manual/Mauricio Dubón.png,15359555,,,,,,,,2026-10-02T00:11:00Z,No,1.4,7.5,Rays @ Braves,2026-09-08T23:15:00Z,Tue 07:15pm,Truist Park,outdoor,,,,,,,,,No,PHI,4.5,5,,,,0,9,0.091,over,73,0.091,73,0,Push
PrizePicks,MLB,127032,Trea Turner,IF,PHI,Hitter Strikeouts,1.5,TRUE,N/A,10/1/2026,12:36:36 PM,pre_game,MLB,demon,https://static.prizepicks.com/images/players/MLB/Trea_Turner_MLB_player_PzSAbDCREg3T5256tVuvznWK-450.webp,15359560,,,,,,,,2026-10-02T00:11:00Z,Yes,-1.4,7.5,Astros @ Phillies,2026-09-08T22:40:00Z,Tue 06:40pm,Citizens Bank Park,outdoor,NBCS-PH,,,,,,,,No,ATL,6.32,5,,,,0,7,0.0945,over,147,0.0945,147,0,Push
PrizePicks,MLB,69890,Brandon Marsh,OF,PHI,Hitter Strikeouts,1.5,TRUE,N/A,10/1/2026,12:36:36 PM,pre_game,MLB,demon,https://static.prizepicks.com/images/players/MLB/Brandon_Marsh_MLB_player_JZ5RTWUyIllOGkmAwyKUtF5H-450.webp,15359572,,,,,,,,2026-10-02T00:11:00Z,Yes,-1.4,7.5,Astros @ Phillies,2026-09-08T22:40:00Z,Tue 06:40pm,Citizens Bank Park,outdoor,NBCS-PH,,,,,,,,No,ATL,5.17,5,,,,0,7,0.0945,over,142,0.0945,142,0,Push
PrizePicks,MLB,68832,Michael Harris II,OF,ATL,Hits+Runs+RBIs,1.5,TRUE,N/A,10/1/2026,12:36:36 PM,pre_game,MLB,standard,https://static.prizepicks.com/images/players/MLB/Michael_Harris_MLB_player_ZkXYVk5eP3OK6w4UecYW3tdb-450.webp,15359574,1.50,50.01,49.99,-7.82,50.01,Over,https://www.freeiconspng.com/img/1934,2026-10-02T00:11:00Z,No,1.4,7.5,Rays @ Braves,2026-09-08T23:15:00Z,Tue 07:15pm,Truist Park,outdoor,,-100.000,-100.000,9/8/2026,1.500,,,,No,PHI,5.62,2.39,50.01,49.99,50.01,1.5,16,0.00048,over,0.7,1.500778,1.3,0,Good Bet
PrizePicks,MLB,67555,Ronald Acuña Jr.,OF,ATL,Hits+Runs+RBIs,1.5,TRUE,N/A,10/1/2026,12:36:36 PM,pre_game,MLB,standard,https://static.prizepicks.com/images/players/MLB/Ronald_Acu%C3%B1a_MLB_player_tUwoDZ2wW0mEiTxchuRbbAHl-450.webp,15359575,1.50,51.63,48.37,-9.44,51.63,Over,https://www.freeiconspng.com/img/1934,2026-10-02T00:11:00Z,No,1.4,7.5,Rays @ Braves,2026-09-08T23:15:00Z,Tue 07:15pm,Truist Park,outdoor,,-107.000,-107.000,,1.549,,,,No,-,7.21,3.5,51.63,48.37,51.63,1.55,,0,,0.89,,1.31,0,Good Bet
PrizePicks,MLB,233219,Drake Baldwin,C,ATL,Hits+Runs+RBIs,1.5,TRUE,N/A,10/1/2026,12:36:36 PM,pre_game,MLB,standard,https://static.prizepicks.com/images/players/MLB/Drake_Baldwin_MLB_player_2bszMiBPtE84wfUl1dPBtueo-450.webp,15359576,1.50,50.64,49.36,-8.45,50.64,Over,https://www.freeiconspng.com/img/1934,2026-10-02T00:11:00Z,No,1.4,7.5,Rays @ Braves,2026-09-08T23:15:00Z,Tue 07:15pm,Truist Park,outdoor,,-103.000,-103.000,9/8/2026,1.519,,,,No,PHI,5.72,2.79,50.64,49.36,50.64,1.52,16,0.00056,over,0.79,1.519758,1.33,0,Good Bet
PrizePicks,MLB,309860,Justin Crawford,OF,PHI,Hitter Strikeouts,1.5,TRUE,N/A,10/1/2026,12:36:36 PM,pre_game,MLB,demon,https://static.prizepicks.com/images/manual/Justin Crawford.png,15359581,,,,,,,,2026-10-02T00:11:00Z,Yes,-1.4,7.5,Astros @ Phillies,2026-09-08T22:40:00Z,Tue 06:40pm,Citizens Bank Park,outdoor,NBCS-PH,,,,,,,,No,ATL,4.28,5,,,,0,7,0.0945,over,82,0.0945,82,0,Push
PrizePicks,MLB,67614,Matt Olson,IF,ATL,Hits+Runs+RBIs,1.5,TRUE,N/A,10/1/2026,12:36:36 PM,pre_game,MLB,demon,https://static.prizepicks.com/images/players/MLB/Matthew_Olson_MLB_player_NDhzwn6hkBC70gLyFChsulYT-450.webp,15359582,1.50,48.08,51.92,-6.41,51.92,Under,https://www.freeiconspng.com/img/1934,2026-10-02T00:11:00Z,No,1.4,7.5,Rays @ Braves,2026-09-08T23:15:00Z,Tue 07:15pm,Truist Park,outdoor,,-108.000,-108.000,9/8/2026,1.442,,,,No,PHI,6.36,2.78,48.08,51.92,48.08,1.44,16,0.00056,over,0.7,1.442956,1.19,0,Push
PrizePicks,MLB,68832,Michael Harris II,OF,ATL,Singles,1.5,TRUE,N/A,10/1/2026,12:36:36 PM,pre_game,MLB,demon,https://static.prizepicks.com/images/players/MLB/Michael_Harris_MLB_player_ZkXYVk5eP3OK6w4UecYW3tdb-450.webp,15359586,,,,,,,,2026-10-02T00:11:00Z,No,1.4,7.5,Rays @ Braves,2026-09-08T23:15:00Z,Tue 07:15pm,Truist Park,outdoor,,,,,,,,,No,PHI,5.62,2.39,,,,0,19,-0.0705,under,0.7,-0.070505,0.7,0,Push
PrizePicks,MLB,329541,Bryan De La Cruz,OF,PHI,Runs,1.5,TRUE,N/A,10/1/2026,12:36:36 PM,pre_game,MLB,demon,https://static.prizepicks.com/images/players/MLB/Bryan_De_La_Cruz_MLB_player_FcR0a7NWdTVQMdvB7Oll4FDI-450.webp,15359589,0.50,29.51,70.49,-6.78,70.49,Under,https://www.freeiconspng.com/img/1934,2026-10-02T00:11:00Z,No,1.4,7.5,Astros @ Phillies,2026-09-08T22:40:00Z,Tue 06:40pm,Citizens Bank Park,outdoor,NBCS-PH,-239.000,-239.000,,0.2951,,,,No,,,3.5,3.585356054,96.41464395,3.585356054,0.3,,0,,0.98,,0.64,0,Push
PrizePicks,MLB,73988,Bryce Harper,IF,PHI,Hits+Runs+RBIs,1.5,TRUE,N/A,10/1/2026,12:36:36 PM,pre_game,MLB,standard,https://static.prizepicks.com/images/players/MLB/Bryce_Harper_MLB_player_mhsTcoXtjRH4vlcux7XU1Zyy-450.webp,15359593,1.50,48.87,51.13,-6.68,51.13,Under,https://www.freeiconspng.com/img/1934,2026-10-02T00:11:00Z,No,1.4,7.5,Astros @ Phillies,2026-09-08T22:40:00Z,Tue 06:40pm,Citizens Bank Park,outdoor,NBCS-PH,-105.000,-105.000,9/8/2026,1.4661,,,,No,ATL,5.8,2.28,48.87,51.13,51.13,1.47,9,0.00593,over,0.61,1.472028,1.26,0,Push
PrizePicks,MLB,127032,Trea Turner,IF,PHI,Singles,1.5,TRUE,N/A,10/1/2026,12:36:36 PM,pre_game,MLB,demon,https://static.prizepicks.com/images/players/MLB/Trea_Turner_MLB_player_PzSAbDCREg3T5256tVuvznWK-450.webp,15359594,,,,,,,,2026-10-02T00:11:00Z,Yes,-1.4,7.5,Astros @ Phillies,2026-09-08T22:40:00Z,Tue 06:40pm,Citizens Bank Park,outdoor,NBCS-PH,,,,,,,,No,ATL,6.32,2.52,,,,0,17,-0.0509,under,0.61,-0.050904,0.61,0,Push
PrizePicks,MLB,329541,Bryan De La Cruz,OF,PHI,RBIs,1.5,TRUE,N/A,10/1/2026,12:36:36 PM,pre_game,MLB,demon,https://static.prizepicks.com/images/players/MLB/Bryan_De_La_Cruz_MLB_player_FcR0a7NWdTVQMdvB7Oll4FDI-450.webp,15359595,,,,,,,,2026-10-02T00:11:00Z,Yes,-1.4,7.5,Astros @ Phillies,2026-09-08T22:40:00Z,Tue 06:40pm,Citizens Bank Park,outdoor,NBCS-PH,,,,,,,,No,,,3.5,,,,0,,0,,0.98,,0.98,0,Push
PrizePicks,MLB,309068,Mauricio Dubón,OF,ATL,Singles,1.5,TRUE,N/A,10/1/2026,12:36:36 PM,pre_game,MLB,demon,https://static.prizepicks.com/images/manual/Mauricio Dubón.png,15359600,,,,,,,,2026-10-02T00:11:00Z,No,1.4,7.5,Rays @ Braves,2026-09-08T23:15:00Z,Tue 07:15pm,Truist Park,outdoor,,,,,,,,,No,PHI,4.5,2.03,,,,0,19,-0.05988,under,0.56,-0.059885,0.56,0,Push
PrizePicks,MLB,67940,Alec Bohm,IF,PHI,Hits+Runs+RBIs,1.5,TRUE,N/A,10/1/2026,12:36:36 PM,pre_game,MLB,standard,https://static.prizepicks.com/images/players/MLB/Alec_Bohm_MLB_player_kikYiFKsWk4374Ra6YncvWQy-450.webp,15359602,1.50,49.18,50.82,-6.99,50.82,Under,https://www.freeiconspng.com/img/1934,2026-10-02T00:11:00Z,No,1.4,7.5,Astros @ Phillies,2026-09-08T22:40:00Z,Tue 06:40pm,Citizens Bank Park,outdoor,NBCS-PH,-103.000,-103.000,9/8/2026,1.475,,,,No,ATL,6.5,2.75,49.18,50.82,50.82,1.48,9,0.00715,over,0.68,1.48255,1.29,0,Push
PrizePicks,MLB,67532,Kyle Schwarber,DH,PHI,Hits+Runs+RBIs,1.5,TRUE,N/A,10/1/2026,12:36:36 PM,pre_game,MLB,standard,https://static.prizepicks.com/images/players/MLB/Kyle_Schwarber_MLB_player_68nHEJrjzq1CxWv0nqnyV0Tj-450.webp,15359603,1.50,48.45,51.55,-6.26,51.55,Under,https://www.freeiconspng.com/img/1934,2026-10-02T00:11:00Z,No,1.4,7.5,Astros @ Phillies,2026-09-08T22:40:00Z,Tue 06:40pm,Citizens Bank Park,outdoor,NBCS-PH,-106.000,-106.000,9/8/2026,1.454,,,,No,ATL,7.09,3.2,48.45,51.55,51.55,1.45,9,0.00832,over,0.74,1.46182,1.29,0,Push
PrizePicks,MLB,233219,Drake Baldwin,C,ATL,Singles,1.5,TRUE,N/A,10/1/2026,12:36:36 PM,pre_game,MLB,demon,https://static.prizepicks.com/images/players/MLB/Drake_Baldwin_MLB_player_2bszMiBPtE84wfUl1dPBtueo-450.webp,15359609,,,,,,,,2026-10-02T00:11:00Z,No,1.4,7.5,Rays @ Braves,2026-09-08T23:15:00Z,Tue 07:15pm,Truist Park,outdoor,,,,,,,,,No,PHI,5.72,2.79,,,,0,19,-0.08231,under,0.79,-0.082305,0.79,0,Push
PrizePicks,MLB,310126,Mike Yastrzemski,OF,ATL,Hitter Strikeouts,1.5,TRUE,N/A,10/1/2026,12:36:36 PM,pre_game,MLB,demon,https://static.prizepicks.com/images/manual/Mike Yastrzemski.png,15359615,,,,,,,,2026-10-02T00:11:00Z,No,1.4,7.5,Rays @ Braves,2026-09-08T23:15:00Z,Tue 07:15pm,Truist Park,outdoor,,,,,,,,,No,PHI,3.97,5,,,,0,9,0.091,over,98,0.091,98,0,Push
PrizePicks,MLB,127032,Trea Turner,IF,PHI,Hits+Runs+RBIs,1.5,TRUE,N/A,10/1/2026,12:36:36 PM,pre_game,MLB,standard,https://static.prizepicks.com/images/players/MLB/Trea_Turner_MLB_player_PzSAbDCREg3T5256tVuvznWK-450.webp,15359619,1.50,52.2,47.8,-10.01,52.2,Over,https://www.freeiconspng.com/img/1934,2026-09-30T18:00:00Z,No,1.4,7.5,Astros @ Phillies,2026-09-08T22:40:00Z,Tue 06:40pm,Citizens Bank Park,outdoor,NBCS-PH,-109.000,-109.000,9/8/2026,1.566,,,,No,ATL,6.32,2.52,52.2,47.8,52.2,1.57,9,0.00655,over,0.61,1.572552,1.31,0,Good Bet
PrizePicks,MLB,127255,Sean Murphy,C,ATL,Hitter Strikeouts,1.5,TRUE,N/A,10/1/2026,12:36:36 PM,pre_game,MLB,demon,https://static.prizepicks.com/images/players/MLB/Sean_Murphy_MLB_player_GSWZPCMTBYwlQ07NFA0MEl9x-450.webp,15359645,,,,,,,,2026-10-02T00:11:00Z,No,1.4,7.5,Rays @ Braves,2026-09-08T23:15:00Z,Tue 07:15pm,Truist Park,outdoor,,,,,,,,,No,PHI,3.9,5,,,,0,9,0.091,over,37,0.091,37,0,Push
PrizePicks,MLB,309068,Mauricio Dubón,OF,ATL,Runs,1.5,TRUE,N/A,10/1/2026,12:36:36 PM,pre_game,MLB,demon,https://static.prizepicks.com/images/manual/Mauricio Dubón.png,15359727,0.50,31.96,68.04,-6.64,68.04,Under,https://www.freeiconspng.com/img/1934,2026-10-02T00:11:00Z,No,1.4,7.5,Rays @ Braves,2026-09-08T23:15:00Z,Tue 07:15pm,Truist Park,outdoor,,-213.000,-213.000,,0.320,,,,No,PHI,4.5,2.03,4.13903635,95.86096365,4.13903635,0.32,20,-0.00345,under,0.56,0.316149,0.46,0.5,Push
PrizePicks,MLB,67614,Matt Olson,IF,ATL,Hitter Strikeouts,1.5,TRUE,N/A,10/1/2026,12:36:36 PM,pre_game,MLB,demon,https://static.prizepicks.com/images/players/MLB/Matthew_Olson_MLB_player_NDhzwn6hkBC70gLyFChsulYT-450.webp,15363485,,,,,,,,2026-10-02T00:11:00Z,No,1.4,7.5,Rays @ Braves,2026-09-08T23:15:00Z,Tue 07:15pm,Truist Park,outdoor,,,,,,,,,No,PHI,6.36,5,,,,0,9,0.091,over,171,0.091,171,0,Push
PrizePicks,MLB,67558,Austin Riley,IF,ATL,Hitter Strikeouts,1.5,TRUE,N/A,10/1/2026,12:36:36 PM,pre_game,MLB,demon,https://static.prizepicks.com/images/players/MLB/Michael_Riley_MLB_player_mZ93NJZS0EsLvYCwgHVNsy32-450.webp,15365215,,,,,,,,2026-10-02T00:11:00Z,No,1.4,7.5,Rays @ Braves,2026-09-08T23:15:00Z,Tue 07:15pm,Truist Park,outdoor,,,,,,,,,No,PHI,4.17,5,,,,0,9,0.091,over,201,0.091,201,0,Push
PrizePicks,MLB,73988,Bryce Harper,IF,PHI,Hitter Strikeouts,1.5,TRUE,N/A,10/1/2026,12:36:36 PM,pre_game,MLB,demon,https://static.prizepicks.com/images/players/MLB/Bryce_Harper_MLB_player_mhsTcoXtjRH4vlcux7XU1Zyy-450.webp,15365225,,,,,,,,2026-10-02T00:11:00Z,Yes,-1.4,7.5,Astros @ Phillies,2026-09-08T22:40:00Z,Tue 06:40pm,Citizens Bank Park,outdoor,NBCS-PH,,,,,,,,No,ATL,5.8,5,,,,0,7,0.0945,over,148,0.0945,148,0,Push
PrizePicks,MLB,67532,Kyle Schwarber,DH,PHI,Hitter Strikeouts,1.5,TRUE,N/A,10/1/2026,12:36:36 PM,pre_game,MLB,demon,https://static.prizepicks.com/images/players/MLB/Kyle_Schwarber_MLB_player_68nHEJrjzq1CxWv0nqnyV0Tj-450.webp,15366215,,,,,,,,2026-10-02T00:11:00Z,Yes,-1.4,7.5,Astros @ Phillies,2026-09-08T22:40:00Z,Tue 06:40pm,Citizens Bank Park,outdoor,NBCS-PH,,,,,,,,No,ATL,7.09,5,,,,0,7,0.0945,over,220,0.0945,220,0,Push
PrizePicks,MLB,74759,Edmundo Sosa,OF,PHI,Runs,1.5,TRUE,N/A,10/1/2026,12:36:36 PM,pre_game,MLB,demon,https://static.prizepicks.com/images/players/MLB/Edmundo_Sosa_MLB_player_JIJ7g9fQHiTmGPC8SZmBl8oP-450.webp,15368845,0.50,33.05,66.95,-7.41,66.95,Under,https://www.freeiconspng.com/img/1934,2026-10-02T00:11:00Z,No,1.4,7.5,Astros @ Phillies,2026-09-08T22:40:00Z,Tue 06:40pm,Citizens Bank Park,outdoor,NBCS-PH,-203.000,-203.000,,0.331,,,,No,ATL,4.84,2.73,4.395011714,95.60498829,4.395011714,0.33,10,0.00628,over,0.67,0.336779,0.5,0,Push
PrizePicks,MLB,74759,Edmundo Sosa,OF,PHI,Hits,1.5,TRUE,N/A,10/1/2026,12:36:36 PM,pre_game,MLB,demon,https://static.prizepicks.com/images/players/MLB/Edmundo_Sosa_MLB_player_JIJ7g9fQHiTmGPC8SZmBl8oP-450.webp,15368846,0.50,58.92,41.08,-6.6,58.92,Over,https://www.freeiconspng.com/img/1934,2026-10-02T00:11:00Z,No,1.4,7.5,Astros @ Phillies,2026-09-08T22:40:00Z,Tue 06:40pm,Citizens Bank Park,outdoor,NBCS-PH,-143.000,-143.000,,0.589,,,,No,ATL,4.84,2.73,11.83580476,88.16419524,11.83580476,0.59,10,0.00655,over,0.67,0.595752,0.62,0,Push
PrizePicks,MLB,74759,Edmundo Sosa,OF,PHI,Hits+Runs+RBIs,1.5,TRUE,N/A,10/1/2026,12:36:36 PM,pre_game,MLB,demon,https://static.prizepicks.com/images/players/MLB/Edmundo_Sosa_MLB_player_JIJ7g9fQHiTmGPC8SZmBl8oP-450.webp,15368848,1.50,43.35,56.65,-4.13,56.65,Under,https://www.freeiconspng.com/img/1934,2026-10-02T00:11:00Z,No,1.4,7.5,Astros @ Phillies,2026-09-08T22:40:00Z,Tue 06:40pm,Citizens Bank Park,outdoor,NBCS-PH,-131.000,-131.000,,1.301,,,,No,ATL,4.84,2.73,43.35,56.65,43.35,1.3,9,0.0071,over,0.67,1.307598,1.09,0,Push
PrizePicks,MLB,74759,Edmundo Sosa,OF,PHI,RBIs,1.5,TRUE,N/A,10/1/2026,12:36:36 PM,pre_game,MLB,demon,https://static.prizepicks.com/images/players/MLB/Edmundo_Sosa_MLB_player_JIJ7g9fQHiTmGPC8SZmBl8oP-450.webp,15368856,,,,,,,,2026-10-02T00:11:00Z,Yes,-1.4,7.5,Astros @ Phillies,2026-09-08T22:40:00Z,Tue 06:40pm,Citizens Bank Park,outdoor,NBCS-PH,,,,,,,,No,ATL,4.84,2.73,,,,0,9,0.0071,over,0.67,0.007098,0.67,0,Push
PrizePicks,MLB,74759,Edmundo Sosa,OF,PHI,Total Bases,1.5,TRUE,N/A,10/1/2026,12:36:36 PM,pre_game,MLB,demon,https://static.prizepicks.com/images/players/MLB/Edmundo_Sosa_MLB_player_JIJ7g9fQHiTmGPC8SZmBl8oP-450.webp,15368858,,,,,,,,2026-10-02T00:11:00Z,Yes,-1.4,7.5,Astros @ Phillies,2026-09-08T22:40:00Z,Tue 06:40pm,Citizens Bank Park,outdoor,NBCS-PH,,,,,,,,No,ATL,4.84,2.73,,,,0,17,-0.05515,under,0.67,-0.055146,0.67,0,Push
PrizePicks,MLB,68133,Aaron Nola,P,PHI,Earned Runs Allowed,1.5,TRUE,N/A,10/1/2026,12:36:36 PM,pre_game,MLB,standard,https://static.prizepicks.com/images/players/MLB/Aaron_Nola_MLB_player_PQQEn8FwSTYP50BL3uYRjm7W-450.webp,15373211,,,,,,,,2026-10-02T00:11:00Z,Yes,-1.4,7.5,Astros @ Phillies,2026-09-08T22:40:00Z,Tue 06:40pm,Citizens Bank Park,outdoor,NBCS-PH,,,,,,,,No,ATL,18.87,0.77,,,,0,17,-0.01555,under,177,-0.015554,89.25,0,Push
PrizePicks,MLB,68133,Aaron Nola,P,PHI,Hits Allowed,1.5,TRUE,N/A,10/1/2026,12:36:36 PM,pre_game,MLB,goblin,https://static.prizepicks.com/images/players/MLB/Aaron_Nola_MLB_player_PQQEn8FwSTYP50BL3uYRjm7W-450.webp,15373529,,,,,,,,2026-10-02T00:11:00Z,Yes,-1.4,7.5,Astros @ Phillies,2026-09-08T22:40:00Z,Tue 06:40pm,Citizens Bank Park,outdoor,NBCS-PH,,,,,,,,No,ATL,18.87,0.77,,,,0,10,0.00185,over,177,0.001848,177,0,Push
PrizePicks,MLB,198398,Ray Kerr,P,ATL,Pitcher Strikeouts,1.5,TRUE,N/A,10/1/2026,12:36:36 PM,pre_game,MLB,goblin,https://static.prizepicks.com/images/manual/Ray Kerr.webp,15373889,0.50,65.71,34.29,-3.99,65.71,Over,https://www.freeiconspng.com/img/1934,2026-10-02T00:11:00Z,No,1.4,7.5,Rays @ Braves,2026-09-08T23:15:00Z,Tue 07:15pm,Truist Park,outdoor,,-192.000,-192.000,,0.657,8/4/2026,Day-To-Day,May 8: Atlanta re-signed Kerr (elbow) to a minor-league contract Tuesday.,No,,,5,14.10382731,85.89617269,14.10382731,0.66,,0,,3.04,,1.85,0,Great Bet
PrizePicks,MLB,204751,Grant Holmes,P,ATL,Walks Allowed,1.5,TRUE,N/A,10/1/2026,12:36:36 PM,pre_game,MLB,demon,https://static.prizepicks.com/images/players/MLB/Harrison_Holmes_MLB_player_DHWD1gRO6oF5JtHsHcprtl96-450.webp,15374045,,,,,,,,2026-10-02T00:11:00Z,No,1.4,7.5,Rays @ Braves,2026-09-08T23:15:00Z,Tue 07:15pm,Truist Park,outdoor,,,,,,,,,No,,,3.5,,,,0,,0,,136,,136,0,Push
PrizePicks,MLB,204751,Grant Holmes,P,ATL,Earned Runs Allowed,1.5,TRUE,N/A,10/1/2026,12:36:36 PM,pre_game,MLB,standard,https://static.prizepicks.com/images/players/MLB/Harrison_Holmes_MLB_player_DHWD1gRO6oF5JtHsHcprtl96-450.webp,15374046,,,,,,,,2026-10-02T00:11:00Z,No,1.4,7.5,Rays @ Braves,2026-09-08T23:15:00Z,Tue 07:15pm,Truist Park,outdoor,,,,,,,,,No,,,3.5,,,,0,,0,,136,,68.75,0,Push
PrizePicks,MLB,198398,Ray Kerr,P,ATL,Earned Runs Allowed,1.5,TRUE,N/A,10/1/2026,12:36:36 PM,pre_game,MLB,demon,https://static.prizepicks.com/images/manual/Ray Kerr.webp,15374108,,,,,,,,2026-10-02T00:11:00Z,No,1.4,7.5,Rays @ Braves,2026-09-08T23:15:00Z,Tue 07:15pm,Truist Park,outdoor,,,,,,8/4/2026,Day-To-Day,May 8: Atlanta re-signed Kerr (elbow) to a minor-league contract Tuesday.,No,,,3.5,,,,0,,0,,9,,9,0,Push
PrizePicks,MLB,68133,Aaron Nola,P,PHI,Walks Allowed,1.5,TRUE,N/A,10/1/2026,12:36:36 PM,pre_game,MLB,demon,https://static.prizepicks.com/images/players/MLB/Aaron_Nola_MLB_player_PQQEn8FwSTYP50BL3uYRjm7W-450.webp,15374672,,,,,,,,2026-10-02T00:11:00Z,Yes,-1.4,7.5,Astros @ Phillies,2026-09-08T22:40:00Z,Tue 06:40pm,Citizens Bank Park,outdoor,NBCS-PH,,,,,,,,No,ATL,18.87,0.77,,,,0,29,-0.01155,under,177,-0.01155,177,0,Push
PrizePicks,MLB,69515,Bryson Stott,IF,PHI,Hits+Runs+RBIs,1.5,TRUE,N/A,10/1/2026,12:36:36 PM,pre_game,MLB,standard,https://static.prizepicks.com/images/players/MLB/Bryson_Stott_MLB_player_R761z8GtmmBHjPjfJP9iL5x6-450.webp,15374735,1.50,47.22,52.78,-5.03,52.78,Under,https://www.freeiconspng.com/img/1934,2026-10-02T00:11:00Z,No,1.4,7.5,Astros @ Phillies,2026-09-08T22:40:00Z,Tue 06:40pm,Citizens Bank Park,outdoor,NBCS-PH,-112.000,-112.000,9/8/2026,1.417,,,,No,ATL,5.76,2.45,47.22,52.78,52.78,1.42,9,0.00637,over,0.63,1.42297,1.24,0,Push
PrizePicks,MLB,198398,Ray Kerr,P,ATL,Hits Allowed,1.5,TRUE,N/A,10/1/2026,12:36:36 PM,pre_game,MLB,demon,https://static.prizepicks.com/images/manual/Ray Kerr.webp,15375627,,,,,,,,2026-10-02T00:11:00Z,No,1.4,7.5,Rays @ Braves,2026-09-08T23:15:00Z,Tue 07:15pm,Truist Park,outdoor,,,,,,8/4/2026,Day-To-Day,May 8: Atlanta re-signed Kerr (elbow) to a minor-league contract Tuesday.,No,,,3.5,,,,0,,0,,9,,9,0,Push
PrizePicks,MLB,69515,Bryson Stott,IF,PHI,Hits,0.5,TRUE,N/A,10/1/2026,12:36:36 PM,pre_game,MLB,goblin,https://static.prizepicks.com/images/players/MLB/Bryson_Stott_MLB_player_R761z8GtmmBHjPjfJP9iL5x6-450.webp,15357827,0.50,63.33,36.67,-7.68,63.33,Over,https://www.freeiconspng.com/img/1934,2026-10-02T00:11:00Z,No,1.4,7.5,Astros @ Phillies,2026-09-08T22:40:00Z,Tue 06:40pm,Citizens Bank Park,outdoor,NBCS-PH,-173.000,-173.000,9/8/2026,0.633,,,,No,ATL,5.76,2.45,63.33,36.67,63.33,0.63,10,0.00588,over,0.63,0.63918,0.6,0.5,Good Bet
PrizePicks,MLB,309068,Mauricio Dubón,OF,ATL,Home Runs,0.5,TRUE,N/A,10/1/2026,12:36:36 PM,pre_game,MLB,demon,https://static.prizepicks.com/images/manual/Mauricio Dubón.png,15357841,0.50,8.03,91.97,-6.22,91.97,Under,https://www.freeiconspng.com/img/1934,2026-10-02T00:11:00Z,No,1.4,7.5,Rays @ Braves,2026-09-08T23:15:00Z,Tue 07:15pm,Truist Park,outdoor,,-1145.000,-1145.000,,0.080,,,,No,PHI,4.5,2.03,8.03,91.97,8.03,0.08,17,-0.00101,under,0.56,0.079285,0.38,0.5,Push
PrizePicks,MLB,127250,Ozzie Albies,IF,ATL,Home Runs,0.5,TRUE,N/A,10/1/2026,12:36:36 PM,pre_game,MLB,demon,https://static.prizepicks.com/images/players/MLB/Ozhaino_Albies_MLB_player_G3gl7zvDUXIaQWzRdOQkGkTS-450.webp,15357844,0.50,11.27,88.73,-5.35,88.73,Under,https://www.freeiconspng.com/img/1934,2026-10-02T00:11:00Z,No,1.4,7.5,Rays @ Braves,2026-09-08T23:15:00Z,Tue 07:15pm,Truist Park,outdoor,,-787.000,-787.000,9/8/2026,0.113,,,,No,PHI,4.46,1.98,11.27,88.73,11.27,0.11,17,-0.00099,under,0.47,0.11171,0.36,0.5,Push
PrizePicks,MLB,259884,Ha-Seong Kim,IF,ATL,Home Runs,0.5,TRUE,N/A,10/1/2026,12:36:36 PM,pre_game,MLB,demon,https://static.prizepicks.com/images/manual/Ha-Seong Kim.png,15357845,0.50,6.52,93.48,-4.46,93.48,Under,https://www.freeiconspng.com/img/1934,2026-10-02T00:11:00Z,No,1.4,7.5,Rays @ Braves,2026-09-08T23:15:00Z,Tue 07:15pm,Truist Park,outdoor,,-1434.000,-1434.000,,0.065,,,,No,,,3.5,6.52,93.48,6.52,0.07,,0,,0.41,,0.24,0,Push
PrizePicks,MLB,67558,Austin Riley,IF,ATL,Hits+Runs+RBIs,0.5,TRUE,N/A,10/1/2026,12:36:36 PM,pre_game,MLB,goblin,https://static.prizepicks.com/images/players/MLB/Michael_Riley_MLB_player_mZ93NJZS0EsLvYCwgHVNsy32-450.webp,15357849,0.50,58.98,41.02,-5.93,58.98,Over,https://www.freeiconspng.com/img/1934,2026-10-02T00:11:00Z,No,1.4,7.5,Rays @ Braves,2026-09-08T23:15:00Z,Tue 07:15pm,Truist Park,outdoor,,-144.000,-144.000,9/8/2026,0.590,,,,No,PHI,4.17,1.9,58.98,41.02,58.98,0.59,16,0.00038,over,0.42,0.59018,0.53,0,Good Bet
PrizePicks,MLB,329541,Bryan De La Cruz,OF,PHI,Home Runs,0.5,TRUE,N/A,10/1/2026,12:36:36 PM,pre_game,MLB,demon,https://static.prizepicks.com/images/players/MLB/Bryan_De_La_Cruz_MLB_player_FcR0a7NWdTVQMdvB7Oll4FDI-450.webp,15357853,0.50,11.37,88.63,-5.99,88.63,Under,https://www.freeiconspng.com/img/1934,2026-10-02T00:11:00Z,No,1.4,7.5,Astros @ Phillies,2026-09-08T22:40:00Z,Tue 06:40pm,Citizens Bank Park,outdoor,NBCS-PH,-780.000,-780.000,,0.114,,,,No,,,3.5,11.37,88.63,11.37,0.11,,0,,0.98,,0.55,0,Good Bet
PrizePicks,MLB,67614,Matt Olson,IF,ATL,Home Runs,0.5,TRUE,N/A,10/1/2026,12:36:36 PM,pre_game,MLB,demon,https://static.prizepicks.com/images/players/MLB/Matthew_Olson_MLB_player_NDhzwn6hkBC70gLyFChsulYT-450.webp,15357854,0.50,19.55,80.45,-6.04,80.45,Under,https://www.freeiconspng.com/img/1934,2026-10-02T00:11:00Z,No,1.4,7.5,Rays @ Braves,2026-09-08T23:15:00Z,Tue 07:15pm,Truist Park,outdoor,,-412.000,-412.000,9/8/2026,0.196,,,,No,PHI,6.36,2.78,19.55,80.45,19.55,0.2,17,-0.00139,under,0.7,0.19411,0.4,0.5,Push
PrizePicks,MLB,233219,Drake Baldwin,C,ATL,Hits+Runs+RBIs,0.5,TRUE,N/A,10/1/2026,12:36:36 PM,pre_game,MLB,goblin,https://static.prizepicks.com/images/players/MLB/Drake_Baldwin_MLB_player_2bszMiBPtE84wfUl1dPBtueo-450.webp,15357860,1.50,50.64,49.36,-8.45,50.64,Over,https://www.freeiconspng.com/img/1934,2026-10-02T00:11:00Z,No,1.4,7.5,Rays @ Braves,2026-09-08T23:15:00Z,Tue 07:15pm,Truist Park,outdoor,,-103.000,-103.000,9/8/2026,1.519,,,,No,PHI,5.72,2.79,68.52552993,31.47447007,68.52552993,1.52,16,0.00056,over,0.79,1.519758,1.28,0,Push
PrizePicks,MLB,68832,Michael Harris II,OF,ATL,Home Runs,0.5,TRUE,N/A,10/1/2026,12:36:36 PM,pre_game,MLB,demon,https://static.prizepicks.com/images/players/MLB/Michael_Harris_MLB_player_ZkXYVk5eP3OK6w4UecYW3tdb-450.webp,15357863,0.50,13.52,86.48,-6.94,86.48,Under,https://www.freeiconspng.com/img/1934,2026-10-02T00:11:00Z,No,1.4,7.5,Rays @ Braves,2026-09-08T23:15:00Z,Tue 07:15pm,Truist Park,outdoor,,-640.000,-640.000,9/8/2026,0.135,,,,No,PHI,5.62,2.39,13.52,86.48,13.52,0.14,17,-0.0012,under,0.7,0.134005,0.45,0.5,Push
PrizePicks,MLB,309860,Justin Crawford,OF,PHI,Hits,0.5,TRUE,N/A,10/1/2026,12:36:36 PM,pre_game,MLB,goblin,https://static.prizepicks.com/images/manual/Justin Crawford.png,15357864,0.50,54.79,45.21,-5.99,54.79,Over,https://www.freeiconspng.com/img/1934,2026-10-02T00:11:00Z,No,1.4,7.5,Astros @ Phillies,2026-09-08T22:40:00Z,Tue 06:40pm,Citizens Bank Park,outdoor,NBCS-PH,-121.000,-121.000,9/8/2026,0.548,,,,No,ATL,4.28,2.05,54.79,45.21,54.79,0.55,10,0.00492,over,0.54,0.55282,0.54,0.5,Good Bet
PrizePicks,MLB,67532,Kyle Schwarber,DH,PHI,Hits,0.5,TRUE,N/A,10/1/2026,12:36:36 PM,pre_game,MLB,goblin,https://static.prizepicks.com/images/players/MLB/Kyle_Schwarber_MLB_player_68nHEJrjzq1CxWv0nqnyV0Tj-450.webp,15357869,0.50,58.1,41.9,-7.42,58.1,Over,https://www.freeiconspng.com/img/1934,2026-10-02T00:11:00Z,No,1.4,7.5,Astros @ Phillies,2026-09-08T22:40:00Z,Tue 06:40pm,Citizens Bank Park,outdoor,NBCS-PH,-139.000,-139.000,9/8/2026,0.581,,,,No,ATL,7.09,3.2,58.1,41.9,58.1,0.58,10,0.00768,over,0.74,0.58868,0.6,0.5,Good Bet
PrizePicks,MLB,127032,Trea Turner,IF,PHI,Home Runs,0.5,TRUE,N/A,10/1/2026,12:36:36 PM,pre_game,MLB,demon,https://static.prizepicks.com/images/players/MLB/Trea_Turner_MLB_player_PzSAbDCREg3T5256tVuvznWK-450.webp,15357871,0.50,12.4,87.6,-6.11,87.6,Under,https://www.freeiconspng.com/img/1934,2026-09-30T18:00:00Z,No,1.4,7.5,Astros @ Phillies,2026-09-08T22:40:00Z,Tue 06:40pm,Citizens Bank Park,outdoor,NBCS-PH,-706.000,-706.000,9/8/2026,0.124,,,,No,ATL,6.32,2.52,12.4,87.6,12.4,0.12,8,0.00806,over,0.61,0.132064,0.41,0.5,Push
PrizePicks,MLB,69515,Bryson Stott,IF,PHI,Home Runs,0.5,TRUE,N/A,10/1/2026,12:36:36 PM,pre_game,MLB,demon,https://static.prizepicks.com/images/players/MLB/Bryson_Stott_MLB_player_R761z8GtmmBHjPjfJP9iL5x6-450.webp,15357872,0.50,10.31,89.69,-5.49,89.69,Under,https://www.freeiconspng.com/img/1934,2026-10-02T00:11:00Z,No,1.4,7.5,Astros @ Phillies,2026-09-08T22:40:00Z,Tue 06:40pm,Citizens Bank Park,outdoor,NBCS-PH,-870.000,-870.000,9/8/2026,0.103,,,,No,ATL,5.76,2.45,10.31,89.69,10.31,0.1,8,0.00784,over,0.63,0.11094,0.41,0.5,Push
PrizePicks,MLB,67940,Alec Bohm,IF,PHI,Home Runs,0.5,TRUE,N/A,10/1/2026,12:36:36 PM,pre_game,MLB,demon,https://static.prizepicks.com/images/players/MLB/Alec_Bohm_MLB_player_kikYiFKsWk4374Ra6YncvWQy-450.webp,15357875,0.50,10.98,89.02,-6.63,89.02,Under,https://www.freeiconspng.com/img/1934,2026-10-02T00:11:00Z,No,1.4,7.5,Astros @ Phillies,2026-09-08T22:40:00Z,Tue 06:40pm,Citizens Bank Park,outdoor,NBCS-PH,-811.000,-811.000,9/8/2026,0.110,,,,No,ATL,6.5,2.75,10.98,89.02,10.98,0.11,8,0.0088,over,0.68,0.1186,0.43,0.5,Push
PrizePicks,MLB,69890,Brandon Marsh,OF,PHI,Home Runs,0.5,TRUE,N/A,10/1/2026,12:36:36 PM,pre_game,MLB,demon,https://static.prizepicks.com/images/players/MLB/Brandon_Marsh_MLB_player_JZ5RTWUyIllOGkmAwyKUtF5H-450.webp,15357877,0.50,10.93,89.07,-6.65,89.07,Under,https://www.freeiconspng.com/img/1934,2026-10-02T00:11:00Z,No,1.4,7.5,Astros @ Phillies,2026-09-08T22:40:00Z,Tue 06:40pm,Citizens Bank Park,outdoor,NBCS-PH,-815.000,-815.000,9/8/2026,0.109,,,,No,ATL,5.17,2.53,10.93,89.07,10.93,0.11,8,0.0081,over,0.66,0.117396,0.42,0.5,Push
PrizePicks,MLB,67940,Alec Bohm,IF,PHI,Hits+Runs+RBIs,0.5,TRUE,N/A,10/1/2026,12:36:36 PM,pre_game,MLB,goblin,https://static.prizepicks.com/images/players/MLB/Alec_Bohm_MLB_player_kikYiFKsWk4374Ra6YncvWQy-450.webp,15357878,1.50,49.18,50.82,-6.99,50.82,Under,https://www.freeiconspng.com/img/1934,2026-10-02T00:11:00Z,No,1.4,7.5,Astros @ Phillies,2026-09-08T22:40:00Z,Tue 06:40pm,Citizens Bank Park,outdoor,NBCS-PH,-103.000,-103.000,9/8/2026,1.475,,,,No,ATL,6.5,2.75,66.02792142,33.97207858,66.02792142,1.48,9,0.00715,over,0.68,1.48255,1.21,0,Push
PrizePicks,MLB,68832,Michael Harris II,OF,ATL,Hits+Runs+RBIs,0.5,TRUE,N/A,10/1/2026,12:36:36 PM,pre_game,MLB,goblin,https://static.prizepicks.com/images/players/MLB/Michael_Harris_MLB_player_ZkXYVk5eP3OK6w4UecYW3tdb-450.webp,15357885,1.50,50.01,49.99,-7.82,50.01,Over,https://www.freeiconspng.com/img/1934,2026-10-02T00:11:00Z,No,1.4,7.5,Rays @ Braves,2026-09-08T23:15:00Z,Tue 07:15pm,Truist Park,outdoor,,-100.000,-100.000,9/8/2026,1.500,,,,No,PHI,5.62,2.39,66.77864889,33.22135111,66.77864889,1.5,16,0.00048,over,0.7,1.500778,1.23,0,Push
PrizePicks,MLB,73988,Bryce Harper,IF,PHI,Home Runs,0.5,TRUE,N/A,10/1/2026,12:36:36 PM,pre_game,MLB,demon,https://static.prizepicks.com/images/players/MLB/Bryce_Harper_MLB_player_mhsTcoXtjRH4vlcux7XU1Zyy-450.webp,15357886,0.50,17.42,82.58,-5.99,82.58,Under,https://www.freeiconspng.com/img/1934,2026-10-02T00:11:00Z,No,1.4,7.5,Astros @ Phillies,2026-09-08T22:40:00Z,Tue 06:40pm,Citizens Bank Park,outdoor,NBCS-PH,-474.000,-474.000,9/8/2026,0.174,,,,No,ATL,5.8,2.28,17.42,82.58,17.42,0.17,8,0.0073,over,0.61,0.181496,0.37,0.5,Push
PrizePicks,MLB,67634,J.T. Realmuto,C,PHI,Home Runs,0.5,TRUE,N/A,10/1/2026,12:36:36 PM,pre_game,MLB,demon,https://static.prizepicks.com/images/players/MLB/Jacob_Realmuto_MLB_player_qUdvpTDV1nY6g19qkvI7KEEH-450.webp,15357894,0.50,10.96,89.04,-6.62,89.04,Under,https://www.freeiconspng.com/img/1934,2026-10-02T00:11:00Z,No,1.4,7.5,Astros @ Phillies,2026-09-08T22:40:00Z,Tue 06:40pm,Citizens Bank Park,outdoor,NBCS-PH,-812.000,-812.000,9/8/2026,0.110,,,,No,,,3.5,10.96,89.04,10.96,0.11,,0,,0.72,,0.44,0.5,Push
PrizePicks,MLB,73988,Bryce Harper,IF,PHI,Hits,0.5,TRUE,N/A,10/1/2026,12:36:36 PM,pre_game,MLB,goblin,https://static.prizepicks.com/images/players/MLB/Bryce_Harper_MLB_player_mhsTcoXtjRH4vlcux7XU1Zyy-450.webp,15357895,0.50,63.56,36.44,-7.87,63.56,Over,https://www.freeiconspng.com/img/1934,2026-10-02T00:11:00Z,No,1.4,7.5,Astros @ Phillies,2026-09-08T22:40:00Z,Tue 06:40pm,Citizens Bank Park,outdoor,NBCS-PH,-174.000,-174.000,9/8/2026,0.636,,,,No,ATL,5.8,2.28,63.56,36.44,63.56,0.64,10,0.00547,over,0.61,0.641072,0.6,0.5,Good Bet
PrizePicks,MLB,68832,Michael Harris II,OF,ATL,Hits,0.5,TRUE,N/A,10/1/2026,12:36:36 PM,pre_game,MLB,goblin,https://static.prizepicks.com/images/players/MLB/Michael_Harris_MLB_player_ZkXYVk5eP3OK6w4UecYW3tdb-450.webp,15357901,0.50,66.77,33.23,-7.26,66.77,Over,https://www.freeiconspng.com/img/1934,2026-10-02T00:11:00Z,No,1.4,7.5,Rays @ Braves,2026-09-08T23:15:00Z,Tue 07:15pm,Truist Park,outdoor,,-201.000,-201.000,9/8/2026,0.668,,,,No,PHI,5.62,2.39,66.77,33.23,66.77,0.67,22,-0.00908,under,0.7,0.658618,0.63,0.5,Good Bet
PrizePicks,MLB,310126,Mike Yastrzemski,OF,ATL,Home Runs,0.5,TRUE,N/A,10/1/2026,12:36:36 PM,pre_game,MLB,demon,https://static.prizepicks.com/images/manual/Mike Yastrzemski.png,15357906,0.50,11.08,88.92,-6.34,88.92,Under,https://www.freeiconspng.com/img/1934,2026-10-02T00:11:00Z,No,1.4,7.5,Rays @ Braves,2026-09-08T23:15:00Z,Tue 07:15pm,Truist Park,outdoor,,-803.000,-803.000,9/8/2026,0.111,,,,No,PHI,3.97,2,11.08,88.92,11.08,0.11,17,-0.001,under,0.45,0.1098,0.35,0.5,Push
PrizePicks,MLB,67614,Matt Olson,IF,ATL,Hits+Runs+RBIs,0.5,TRUE,N/A,10/1/2026,12:36:36 PM,pre_game,MLB,goblin,https://static.prizepicks.com/images/players/MLB/Matthew_Olson_MLB_player_NDhzwn6hkBC70gLyFChsulYT-450.webp,15357910,1.50,48.08,51.92,-6.41,51.92,Under,https://www.freeiconspng.com/img/1934,2026-10-02T00:11:00Z,No,1.4,7.5,Rays @ Braves,2026-09-08T23:15:00Z,Tue 07:15pm,Truist Park,outdoor,,-108.000,-108.000,9/8/2026,1.442,,,,No,PHI,6.36,2.78,65.71176865,34.28823135,65.71176865,1.44,16,0.00056,over,0.7,1.442956,1.19,0,Push
PrizePicks,MLB,67555,Ronald Acuña Jr.,OF,ATL,Hits,0.5,TRUE,N/A,10/1/2026,12:36:36 PM,pre_game,MLB,goblin,https://static.prizepicks.com/images/players/MLB/Ronald_Acu%C3%B1a_MLB_player_tUwoDZ2wW0mEiTxchuRbbAHl-450.webp,15357912,0.50,66.13,33.87,-6.84,66.13,Over,https://www.freeiconspng.com/img/1934,2026-10-02T00:11:00Z,No,1.4,7.5,Rays @ Braves,2026-09-08T23:15:00Z,Tue 07:15pm,Truist Park,outdoor,,-195.000,-195.000,,0.661,,,,No,-,7.21,3.5,66.13,33.87,66.13,0.66,,0,,0.89,,0.68,0.5,Good Bet
PrizePicks,MLB,309860,Justin Crawford,OF,PHI,Hits+Runs+RBIs,0.5,TRUE,N/A,10/1/2026,12:36:36 PM,pre_game,MLB,goblin,https://static.prizepicks.com/images/manual/Justin Crawford.png,15357915,0.50,58.11,41.89,-7.41,58.11,Over,https://www.freeiconspng.com/img/1934,2026-10-02T00:11:00Z,No,1.4,7.5,Astros @ Phillies,2026-09-08T22:40:00Z,Tue 06:40pm,Citizens Bank Park,outdoor,NBCS-PH,-139.000,-139.000,9/8/2026,0.581,,,,No,ATL,4.28,2.05,58.11,41.89,58.11,0.58,9,0.00533,over,0.54,0.58643,0.57,0,Great Bet
PrizePicks,MLB,67532,Kyle Schwarber,DH,PHI,Hits+Runs+RBIs,0.5,TRUE,N/A,10/1/2026,12:36:36 PM,pre_game,MLB,goblin,https://static.prizepicks.com/images/players/MLB/Kyle_Schwarber_MLB_player_68nHEJrjzq1CxWv0nqnyV0Tj-450.webp,15357918,1.50,48.45,51.55,-6.26,51.55,Under,https://www.freeiconspng.com/img/1934,2026-10-02T00:11:00Z,No,1.4,7.5,Astros @ Phillies,2026-09-08T22:40:00Z,Tue 06:40pm,Citizens Bank Park,outdoor,NBCS-PH,-106.000,-106.000,9/8/2026,1.454,,,,No,ATL,7.09,3.2,66.66368376,33.33631624,66.66368376,1.45,9,0.00832,over,0.74,1.46182,1.22,0,Push
PrizePicks,MLB,67614,Matt Olson,IF,ATL,Hits,0.5,TRUE,N/A,10/1/2026,12:36:36 PM,pre_game,MLB,goblin,https://static.prizepicks.com/images/players/MLB/Matthew_Olson_MLB_player_NDhzwn6hkBC70gLyFChsulYT-450.webp,15357924,0.50,62.21,37.79,-6.04,62.21,Over,https://www.freeiconspng.com/img/1934,2026-10-02T00:11:00Z,No,1.4,7.5,Rays @ Braves,2026-09-08T23:15:00Z,Tue 07:15pm,Truist Park,outdoor,,-165.000,-165.000,9/8/2026,0.622,,,,No,PHI,6.36,2.78,62.21,37.79,62.21,0.62,22,-0.01056,under,0.7,0.611536,0.61,0.5,Good Bet
PrizePicks,MLB,127250,Ozzie Albies,IF,ATL,Hits,0.5,TRUE,N/A,10/1/2026,12:36:36 PM,pre_game,MLB,goblin,https://static.prizepicks.com/images/players/MLB/Ozhaino_Albies_MLB_player_G3gl7zvDUXIaQWzRdOQkGkTS-450.webp,15357929,0.50,57.17,42.83,-7.12,57.17,Over,https://www.freeiconspng.com/img/1934,2026-10-02T00:11:00Z,No,1.4,7.5,Rays @ Braves,2026-09-08T23:15:00Z,Tue 07:15pm,Truist Park,outdoor,,-133.000,-133.000,9/8/2026,0.572,,,,No,PHI,4.46,1.98,57.17,42.83,57.17,0.57,22,-0.00752,under,0.47,0.564176,0.53,0.5,Push
PrizePicks,MLB,67555,Ronald Acuña Jr.,OF,ATL,Home Runs,0.5,TRUE,N/A,10/1/2026,12:36:36 PM,pre_game,MLB,demon,https://static.prizepicks.com/images/players/MLB/Ronald_Acu%C3%B1a_MLB_player_tUwoDZ2wW0mEiTxchuRbbAHl-450.webp,15357933,0.50,17.13,82.87,-5.7,82.87,Under,https://www.freeiconspng.com/img/1934,2026-10-02T00:11:00Z,No,1.4,7.5,Rays @ Braves,2026-09-08T23:15:00Z,Tue 07:15pm,Truist Park,outdoor,,-484.000,-484.000,,0.171,,,,No,-,7.21,3.5,17.13,82.87,17.13,0.17,,0,,0.89,,0.52,0.5,Push
PrizePicks,MLB,67634,J.T. Realmuto,C,PHI,Hits+Runs+RBIs,0.5,TRUE,N/A,10/1/2026,12:36:36 PM,pre_game,MLB,goblin,https://static.prizepicks.com/images/players/MLB/Jacob_Realmuto_MLB_player_qUdvpTDV1nY6g19qkvI7KEEH-450.webp,15357937,1.50,42,58,-5.64,58,Under,https://www.freeiconspng.com/img/1934,2026-10-02T00:11:00Z,No,1.4,7.5,Astros @ Phillies,2026-09-08T22:40:00Z,Tue 06:40pm,Citizens Bank Park,outdoor,NBCS-PH,-138.000,-138.000,9/8/2026,1.260,,,,No,,,3.5,62.81629346,37.18370654,62.81629346,1.26,,0,,0.72,,0.99,0,Push
PrizePicks,MLB,67558,Austin Riley,IF,ATL,Hits,0.5,TRUE,N/A,10/1/2026,12:36:36 PM,pre_game,MLB,goblin,https://static.prizepicks.com/images/players/MLB/Michael_Riley_MLB_player_mZ93NJZS0EsLvYCwgHVNsy32-450.webp,15357941,0.50,54.41,45.59,-6.37,54.41,Over,https://www.freeiconspng.com/img/1934,2026-10-02T00:11:00Z,No,1.4,7.5,Rays @ Braves,2026-09-08T23:15:00Z,Tue 07:15pm,Truist Park,outdoor,,-119.000,-119.000,9/8/2026,0.544,,,,No,PHI,4.17,1.9,54.41,45.59,54.41,0.54,22,-0.00722,under,0.42,0.53688,0.5,0.5,Push
PrizePicks,MLB,69890,Brandon Marsh,OF,PHI,Hits+Runs+RBIs,0.5,TRUE,N/A,10/1/2026,12:36:36 PM,pre_game,MLB,goblin,https://static.prizepicks.com/images/players/MLB/Brandon_Marsh_MLB_player_JZ5RTWUyIllOGkmAwyKUtF5H-450.webp,15357942,0.50,59.88,40.12,-6.79,59.88,Over,https://www.freeiconspng.com/img/1934,2026-10-02T00:11:00Z,No,1.4,7.5,Astros @ Phillies,2026-09-08T22:40:00Z,Tue 06:40pm,Citizens Bank Park,outdoor,NBCS-PH,-149.000,-149.000,9/8/2026,0.599,,,,No,ATL,5.17,2.53,59.88,40.12,59.88,0.6,9,0.00658,over,0.66,0.605378,0.62,0,Great Bet
PrizePicks,MLB,310126,Mike Yastrzemski,OF,ATL,Hits+Runs+RBIs,0.5,TRUE,N/A,10/1/2026,12:36:36 PM,pre_game,MLB,goblin,https://static.prizepicks.com/images/manual/Mike Yastrzemski.png,15357955,0.50,55.52,44.48,-6.74,55.52,Over,https://www.freeiconspng.com/img/1934,2026-10-02T00:11:00Z,No,1.4,7.5,Rays @ Braves,2026-09-08T23:15:00Z,Tue 07:15pm,Truist Park,outdoor,,-125.000,-125.000,9/8/2026,0.555,,,,No,PHI,3.97,2,55.52,44.48,55.52,0.56,16,0.0004,over,0.45,0.5556,0.52,0,Good Bet
PrizePicks,MLB,309068,Mauricio Dubón,OF,ATL,Hits,0.5,TRUE,N/A,10/1/2026,12:36:36 PM,pre_game,MLB,goblin,https://static.prizepicks.com/images/manual/Mauricio Dubón.png,15357962,0.50,64.28,35.72,-7.55,64.28,Over,https://www.freeiconspng.com/img/1934,2026-10-02T00:11:00Z,No,1.4,7.5,Rays @ Braves,2026-09-08T23:15:00Z,Tue 07:15pm,Truist Park,outdoor,,-180.000,-180.000,,0.643,,,,No,PHI,4.5,2.03,64.28,35.72,64.28,0.64,22,-0.00771,under,0.56,0.635086,0.58,0.5,Good Bet
PrizePicks,MLB,127032,Trea Turner,IF,PHI,Hits+Runs+RBIs,0.5,TRUE,N/A,10/1/2026,12:36:36 PM,pre_game,MLB,goblin,https://static.prizepicks.com/images/players/MLB/Trea_Turner_MLB_player_PzSAbDCREg3T5256tVuvznWK-450.webp,15357965,1.50,52.2,47.8,-10.01,52.2,Over,https://www.freeiconspng.com/img/1934,2026-09-30T18:00:00Z,No,1.4,7.5,Astros @ Phillies,2026-09-08T22:40:00Z,Tue 06:40pm,Citizens Bank Park,outdoor,NBCS-PH,-109.000,-109.000,9/8/2026,1.566,,,,No,ATL,6.32,2.52,66.30242083,33.69757917,66.30242083,1.57,9,0.00655,over,0.61,1.572552,1.25,0,Push
PrizePicks,MLB,67940,Alec Bohm,IF,PHI,Hits,0.5,TRUE,N/A,10/1/2026,12:36:36 PM,pre_game,MLB,goblin,https://static.prizepicks.com/images/players/MLB/Alec_Bohm_MLB_player_kikYiFKsWk4374Ra6YncvWQy-450.webp,15357974,0.50,65.71,34.29,-7.26,65.71,Over,https://www.freeiconspng.com/img/1934,2026-10-02T00:11:00Z,No,1.4,7.5,Astros @ Phillies,2026-09-08T22:40:00Z,Tue 06:40pm,Citizens Bank Park,outdoor,NBCS-PH,-192.000,-192.000,9/8/2026,0.657,,,,No,ATL,6.5,2.75,65.71,34.29,65.71,0.66,10,0.0066,over,0.68,0.6637,0.63,0.5,Good Bet
PrizePicks,MLB,69515,Bryson Stott,IF,PHI,Hits+Runs+RBIs,0.5,TRUE,N/A,10/1/2026,12:36:36 PM,pre_game,MLB,goblin,https://static.prizepicks.com/images/players/MLB/Bryson_Stott_MLB_player_R761z8GtmmBHjPjfJP9iL5x6-450.webp,15357976,1.50,47.22,52.78,-5.03,52.78,Under,https://www.freeiconspng.com/img/1934,2026-10-02T00:11:00Z,No,1.4,7.5,Astros @ Phillies,2026-09-08T22:40:00Z,Tue 06:40pm,Citizens Bank Park,outdoor,NBCS-PH,-112.000,-112.000,9/8/2026,1.417,,,,No,ATL,5.76,2.45,63.99118237,36.00881763,63.99118237,1.42,9,0.00637,over,0.63,1.42297,1.16,0,Push
PrizePicks,MLB,73988,Bryce Harper,IF,PHI,Hits+Runs+RBIs,0.5,TRUE,N/A,10/1/2026,12:36:36 PM,pre_game,MLB,goblin,https://static.prizepicks.com/images/players/MLB/Bryce_Harper_MLB_player_mhsTcoXtjRH4vlcux7XU1Zyy-450.webp,15357990,1.50,48.87,51.13,-6.68,51.13,Under,https://www.freeiconspng.com/img/1934,2026-10-02T00:11:00Z,No,1.4,7.5,Astros @ Phillies,2026-09-08T22:40:00Z,Tue 06:40pm,Citizens Bank Park,outdoor,NBCS-PH,-105.000,-105.000,9/8/2026,1.466,,,,No,ATL,5.8,2.28,64.62939819,35.37060181,64.62939819,1.47,9,0.00593,over,0.61,1.472028,1.18,0,Push
PrizePicks,MLB,127032,Trea Turner,IF,PHI,Hits,0.5,TRUE,N/A,10/1/2026,12:36:36 PM,pre_game,MLB,goblin,https://static.prizepicks.com/images/players/MLB/Trea_Turner_MLB_player_PzSAbDCREg3T5256tVuvznWK-450.webp,15357992,0.50,66.42,33.58,-9.48,66.42,Over,https://www.freeiconspng.com/img/1934,2026-09-30T18:00:00Z,No,1.4,7.5,Astros @ Phillies,2026-09-08T22:40:00Z,Tue 06:40pm,Citizens Bank Park,outdoor,NBCS-PH,-198.000,-198.000,9/8/2026,0.664,,,,No,ATL,6.32,2.52,66.42,33.58,66.42,0.66,10,0.00605,over,0.61,0.670248,0.61,0.5,Good Bet
PrizePicks,MLB,127250,Ozzie Albies,IF,ATL,Hits+Runs+RBIs,0.5,TRUE,N/A,10/1/2026,12:36:36 PM,pre_game,MLB,goblin,https://static.prizepicks.com/images/players/MLB/Ozhaino_Albies_MLB_player_G3gl7zvDUXIaQWzRdOQkGkTS-450.webp,15357995,1.50,41.73,58.27,-6.64,58.27,Under,https://www.freeiconspng.com/img/1934,2026-10-02T00:11:00Z,No,1.4,7.5,Rays @ Braves,2026-09-08T23:15:00Z,Tue 07:15pm,Truist Park,outdoor,,-140.000,-140.000,9/8/2026,1.252,,,,No,PHI,4.46,1.98,57.72500419,42.27499581,57.72500419,1.25,16,0.0004,over,0.47,1.252296,0.99,0,Great Bet
PrizePicks,MLB,67555,Ronald Acuña Jr.,OF,ATL,Hits+Runs+RBIs,0.5,TRUE,N/A,10/1/2026,12:36:36 PM,pre_game,MLB,goblin,https://static.prizepicks.com/images/players/MLB/Ronald_Acu%C3%B1a_MLB_player_tUwoDZ2wW0mEiTxchuRbbAHl-450.webp,15357997,1.50,51.63,48.37,-9.44,51.63,Over,https://www.freeiconspng.com/img/1934,2026-10-02T00:11:00Z,No,1.4,7.5,Rays @ Braves,2026-09-08T23:15:00Z,Tue 07:15pm,Truist Park,outdoor,,-107.000,-107.000,,1.549,,,,No,-,7.21,3.5,70.49258007,29.50741993,70.49258007,1.55,,0,,0.89,,1.22,0,Push
PrizePicks,MLB,329541,Bryan De La Cruz,OF,PHI,Hits+Runs+RBIs,0.5,TRUE,N/A,10/1/2026,12:36:36 PM,pre_game,MLB,goblin,https://static.prizepicks.com/images/players/MLB/Bryan_De_La_Cruz_MLB_player_FcR0a7NWdTVQMdvB7Oll4FDI-450.webp,15357998,0.50,57.72,42.28,-5.92,57.72,Over,https://www.freeiconspng.com/img/1934,2026-10-02T00:11:00Z,No,1.4,7.5,Astros @ Phillies,2026-09-08T22:40:00Z,Tue 06:40pm,Citizens Bank Park,outdoor,NBCS-PH,-137.000,-137.000,,0.577,,,,No,,,3.5,57.72,42.28,57.72,0.58,,0,,0.98,,0.78,0,Great Bet
PrizePicks,MLB,233219,Drake Baldwin,C,ATL,Hits,0.5,TRUE,N/A,10/1/2026,12:36:36 PM,pre_game,MLB,goblin,https://static.prizepicks.com/images/players/MLB/Drake_Baldwin_MLB_player_2bszMiBPtE84wfUl1dPBtueo-450.webp,15358002,0.50,66.68,33.32,-6.65,66.68,Over,https://www.freeiconspng.com/img/1934,2026-10-02T00:11:00Z,No,1.4,7.5,Rays @ Braves,2026-09-08T23:15:00Z,Tue 07:15pm,Truist Park,outdoor,,-200.000,-200.000,9/8/2026,0.667,,,,No,PHI,5.72,2.79,66.68,33.32,66.68,0.67,22,-0.0106,under,0.79,0.656198,0.65,0.5,Good Bet
PrizePicks,MLB,67558,Austin Riley,IF,ATL,Home Runs,0.5,TRUE,N/A,10/1/2026,12:36:36 PM,pre_game,MLB,demon,https://static.prizepicks.com/images/players/MLB/Michael_Riley_MLB_player_mZ93NJZS0EsLvYCwgHVNsy32-450.webp,15358006,0.50,13.82,86.18,-5.66,86.18,Under,https://www.freeiconspng.com/img/1934,2026-10-02T00:11:00Z,No,1.4,7.5,Rays @ Braves,2026-09-08T23:15:00Z,Tue 07:15pm,Truist Park,outdoor,,-624.000,-624.000,9/8/2026,0.138,,,,No,PHI,4.17,1.9,13.82,86.18,13.82,0.14,17,-0.00095,under,0.42,0.13725,0.35,0.5,Push
PrizePicks,MLB,67532,Kyle Schwarber,DH,PHI,Home Runs,0.5,TRUE,N/A,10/1/2026,12:36:36 PM,pre_game,MLB,demon,https://static.prizepicks.com/images/players/MLB/Kyle_Schwarber_MLB_player_68nHEJrjzq1CxWv0nqnyV0Tj-450.webp,15358008,0.50,24.78,75.22,-6.76,75.22,Under,https://www.freeiconspng.com/img/1934,2026-10-02T00:11:00Z,No,1.4,7.5,Astros @ Phillies,2026-09-08T22:40:00Z,Tue 06:40pm,Citizens Bank Park,outdoor,NBCS-PH,-304.000,-304.000,9/8/2026,0.248,,,,No,ATL,7.09,3.2,24.78,75.22,24.78,0.25,8,0.01024,over,0.74,0.25804,0.44,0.5,Push
PrizePicks,MLB,309068,Mauricio Dubón,OF,ATL,Hits+Runs+RBIs,0.5,TRUE,N/A,10/1/2026,12:36:36 PM,pre_game,MLB,goblin,https://static.prizepicks.com/images/manual/Mauricio Dubón.png,15358016,1.50,44.81,55.19,-5.59,55.19,Under,https://www.freeiconspng.com/img/1934,2026-10-02T00:11:00Z,No,1.4,7.5,Rays @ Braves,2026-09-08T23:15:00Z,Tue 07:15pm,Truist Park,outdoor,,-123.000,-123.000,,1.344,,,,No,PHI,4.5,2.03,61.42312309,38.57687691,61.42312309,1.34,16,0.00041,over,0.56,1.344706,1.08,0,Push
PrizePicks,MLB,233219,Drake Baldwin,C,ATL,Home Runs,0.5,TRUE,N/A,10/1/2026,12:36:36 PM,pre_game,MLB,demon,https://static.prizepicks.com/images/players/MLB/Drake_Baldwin_MLB_player_2bszMiBPtE84wfUl1dPBtueo-450.webp,15358021,0.50,14.5,85.5,-6.2,85.5,Under,https://www.freeiconspng.com/img/1934,2026-10-02T00:11:00Z,No,1.4,7.5,Rays @ Braves,2026-09-08T23:15:00Z,Tue 07:15pm,Truist Park,outdoor,,-590.000,-590.000,9/8/2026,0.145,,,,No,PHI,5.72,2.79,14.5,85.5,14.5,0.14,17,-0.00139,under,0.79,0.143605,0.48,0.5,Push
PrizePicks,MLB,67634,J.T. Realmuto,C,PHI,Hits,0.5,TRUE,N/A,10/1/2026,12:36:36 PM,pre_game,MLB,goblin,https://static.prizepicks.com/images/players/MLB/Jacob_Realmuto_MLB_player_qUdvpTDV1nY6g19qkvI7KEEH-450.webp,15358058,0.50,56.49,43.51,-8.42,56.49,Over,https://www.freeiconspng.com/img/1934,2026-10-02T00:11:00Z,No,1.4,7.5,Astros @ Phillies,2026-09-08T22:40:00Z,Tue 06:40pm,Citizens Bank Park,outdoor,NBCS-PH,-130.000,-130.000,9/8/2026,0.565,,,,No,,,3.5,56.49,43.51,56.49,0.56,,0,,0.72,,0.59,0.5,Good Bet
PrizePicks,MLB,127255,Sean Murphy,C,ATL,Singles,0.5,TRUE,N/A,10/1/2026,12:36:36 PM,pre_game,MLB,demon,https://static.prizepicks.com/images/players/MLB/Sean_Murphy_MLB_player_GSWZPCMTBYwlQ07NFA0MEl9x-450.webp,15358179,,,,,,,,2026-10-02T00:11:00Z,No,1.4,7.5,Rays @ Braves,2026-09-08T23:15:00Z,Tue 07:15pm,Truist Park,outdoor,,,,,,,,,No,PHI,3.9,1.76,,,,0,19,-0.05192,under,0.32,-0.05192,0.32,0,Push
PrizePicks,MLB,310126,Mike Yastrzemski,OF,ATL,Singles,0.5,TRUE,N/A,10/1/2026,12:36:36 PM,pre_game,MLB,demon,https://static.prizepicks.com/images/manual/Mike Yastrzemski.png,15358180,,,,,,,,2026-10-02T00:11:00Z,No,1.4,7.5,Rays @ Braves,2026-09-08T23:15:00Z,Tue 07:15pm,Truist Park,outdoor,,,,,,,,,No,PHI,3.97,2,,,,0,19,-0.059,under,0.45,-0.059,0.45,0,Push
PrizePicks,MLB,67614,Matt Olson,IF,ATL,Singles,0.5,TRUE,N/A,10/1/2026,12:36:36 PM,pre_game,MLB,demon,https://static.prizepicks.com/images/players/MLB/Matthew_Olson_MLB_player_NDhzwn6hkBC70gLyFChsulYT-450.webp,15358181,,,,,,,,2026-10-02T00:11:00Z,No,1.4,7.5,Rays @ Braves,2026-09-08T23:15:00Z,Tue 07:15pm,Truist Park,outdoor,,,,,,,,,No,PHI,6.36,2.78,,,,0,19,-0.08201,under,0.7,-0.08201,0.7,0,Push
PrizePicks,MLB,127032,Trea Turner,IF,PHI,Singles,0.5,TRUE,N/A,10/1/2026,12:36:36 PM,pre_game,MLB,goblin,https://static.prizepicks.com/images/players/MLB/Trea_Turner_MLB_player_PzSAbDCREg3T5256tVuvznWK-450.webp,15358182,,,,,,,,2026-10-02T00:11:00Z,Yes,-1.4,7.5,Astros @ Phillies,2026-09-08T22:40:00Z,Tue 06:40pm,Citizens Bank Park,outdoor,NBCS-PH,,,,,,,,No,ATL,6.32,2.52,,,,0,17,-0.0509,under,0.61,-0.050904,0.61,0,Push
PrizePicks,MLB,67558,Austin Riley,IF,ATL,Singles,0.5,TRUE,N/A,10/1/2026,12:36:36 PM,pre_game,MLB,demon,https://static.prizepicks.com/images/players/MLB/Michael_Riley_MLB_player_mZ93NJZS0EsLvYCwgHVNsy32-450.webp,15358183,,,,,,,,2026-10-02T00:11:00Z,No,1.4,7.5,Rays @ Braves,2026-09-08T23:15:00Z,Tue 07:15pm,Truist Park,outdoor,,,,,,,,,No,PHI,4.17,1.9,,,,0,19,-0.05605,under,0.42,-0.05605,0.42,0,Push
PrizePicks,MLB,309068,Mauricio Dubón,OF,ATL,Singles,0.5,TRUE,N/A,10/1/2026,12:36:36 PM,pre_game,MLB,standard,https://static.prizepicks.com/images/manual/Mauricio Dubón.png,15358184,,,,,,,,2026-10-02T00:11:00Z,No,1.4,7.5,Rays @ Braves,2026-09-08T23:15:00Z,Tue 07:15pm,Truist Park,outdoor,,,,,,,,,No,PHI,4.5,2.03,,,,0,19,-0.05988,under,0.56,-0.059885,0.53,0,Push
PrizePicks,MLB,67634,J.T. Realmuto,C,PHI,Singles,0.5,TRUE,N/A,10/1/2026,12:36:36 PM,pre_game,MLB,demon,https://static.prizepicks.com/images/players/MLB/Jacob_Realmuto_MLB_player_qUdvpTDV1nY6g19qkvI7KEEH-450.webp,15358185,,,,,,,,2026-10-02T00:11:00Z,Yes,-1.4,7.5,Astros @ Phillies,2026-09-08T22:40:00Z,Tue 06:40pm,Citizens Bank Park,outdoor,NBCS-PH,,,,,,,,No,,,3.5,,,,0,,0,,0.72,,0.72,0,Push
PrizePicks,MLB,69890,Brandon Marsh,OF,PHI,Singles,0.5,TRUE,N/A,10/1/2026,12:36:36 PM,pre_game,MLB,demon,https://static.prizepicks.com/images/players/MLB/Brandon_Marsh_MLB_player_JZ5RTWUyIllOGkmAwyKUtF5H-450.webp,15358186,,,,,,,,2026-10-02T00:11:00Z,Yes,-1.4,7.5,Astros @ Phillies,2026-09-08T22:40:00Z,Tue 06:40pm,Citizens Bank Park,outdoor,NBCS-PH,,,,,,,,No,ATL,5.17,2.53,,,,0,17,-0.05111,under,0.66,-0.051106,0.66,0,Push
PrizePicks,MLB,323543,Derek Hill,OF,PHI,Singles,0.5,TRUE,N/A,10/1/2026,12:36:36 PM,pre_game,MLB,demon,https://static.prizepicks.com/images/manual/Derek Hill.WEBP,15358187,,,,,,,,2026-10-02T00:11:00Z,Yes,-1.4,7.5,Astros @ Phillies,2026-09-08T22:40:00Z,Tue 06:40pm,Citizens Bank Park,outdoor,NBCS-PH,,,,,,,,No,,,3.5,,,,0,,0,,0.91,,0.91,0,Push
PrizePicks,MLB,67532,Kyle Schwarber,DH,PHI,Doubles,0.5,TRUE,N/A,10/1/2026,12:36:36 PM,pre_game,MLB,demon,https://static.prizepicks.com/images/players/MLB/Kyle_Schwarber_MLB_player_68nHEJrjzq1CxWv0nqnyV0Tj-450.webp,15358190,0.50,17.16,82.84,-6.63,82.84,Under,https://www.freeiconspng.com/img/1934,2026-10-02T00:11:00Z,No,1.4,7.5,Astros @ Phillies,2026-09-08T22:40:00Z,Tue 06:40pm,Citizens Bank Park,outdoor,NBCS-PH,-483.000,-483.000,9/8/2026,0.172,,,,No,ATL,7.09,3.2,17.16,82.84,17.16,0.17,,0,,0.74,,0.46,0,Good Bet
PrizePicks,MLB,309860,Justin Crawford,OF,PHI,Home Runs,0.5,TRUE,N/A,10/1/2026,12:36:36 PM,pre_game,MLB,demon,https://static.prizepicks.com/images/manual/Justin Crawford.png,15358191,0.50,7.17,92.83,-5.11,92.83,Under,https://www.freeiconspng.com/img/1934,2026-10-02T00:11:00Z,No,1.4,7.5,Astros @ Phillies,2026-09-08T22:40:00Z,Tue 06:40pm,Citizens Bank Park,outdoor,NBCS-PH,-1295.000,-1295.000,9/8/2026,0.072,,,,No,ATL,4.28,2.05,7.17,92.83,7.17,0.07,8,0.00656,over,0.54,0.07826,0.37,0.5,Push
PrizePicks,MLB,323543,Derek Hill,OF,PHI,Home Runs,0.5,TRUE,N/A,10/1/2026,12:36:36 PM,pre_game,MLB,demon,https://static.prizepicks.com/images/manual/Derek Hill.WEBP,15358192,0.50,10.63,89.37,-3.13,89.37,Under,https://www.freeiconspng.com/img/1934,2026-10-02T00:11:00Z,No,1.4,7.5,Astros @ Phillies,2026-09-08T22:40:00Z,Tue 06:40pm,Citizens Bank Park,outdoor,NBCS-PH,-841.000,-841.000,,0.106,,,,No,,,3.5,10.63,89.37,10.63,0.11,,0,,0.91,,0.51,0,Good Bet
PrizePicks,MLB,310126,Mike Yastrzemski,OF,ATL,Doubles,0.5,TRUE,N/A,10/1/2026,12:36:36 PM,pre_game,MLB,demon,https://static.prizepicks.com/images/manual/Mike Yastrzemski.png,15358194,0.50,16.03,83.97,-6.73,83.97,Under,https://www.freeiconspng.com/img/1934,2026-10-02T00:11:00Z,No,1.4,7.5,Rays @ Braves,2026-09-08T23:15:00Z,Tue 07:15pm,Truist Park,outdoor,,-524.000,-524.000,9/8/2026,0.160,,,,No,PHI,3.97,2,16.03,83.97,16.03,0.16,17,-0.001,under,0.45,0.1593,0.26,0,Push
PrizePicks,MLB,309860,Justin Crawford,OF,PHI,Doubles,0.5,TRUE,N/A,10/1/2026,12:36:36 PM,pre_game,MLB,demon,https://static.prizepicks.com/images/manual/Justin Crawford.png,15358195,0.50,15.31,84.69,-7.15,84.69,Under,https://www.freeiconspng.com/img/1934,2026-10-02T00:11:00Z,No,1.4,7.5,Astros @ Phillies,2026-09-08T22:40:00Z,Tue 06:40pm,Citizens Bank Park,outdoor,NBCS-PH,-553.000,-553.000,9/8/2026,0.153,,,,No,ATL,4.28,2.05,15.31,84.69,15.31,0.15,,0,,0.54,,0.35,0,Good Bet
PrizePicks,MLB,73988,Bryce Harper,IF,PHI,Doubles,0.5,TRUE,N/A,10/1/2026,12:36:36 PM,pre_game,MLB,demon,https://static.prizepicks.com/images/players/MLB/Bryce_Harper_MLB_player_mhsTcoXtjRH4vlcux7XU1Zyy-450.webp,15358196,0.50,18.6,81.4,-7.43,81.4,Under,https://www.freeiconspng.com/img/1934,2026-10-02T00:11:00Z,No,1.4,7.5,Astros @ Phillies,2026-09-08T22:40:00Z,Tue 06:40pm,Citizens Bank Park,outdoor,NBCS-PH,-438.000,-438.000,9/8/2026,0.186,,,,No,ATL,5.8,2.28,18.6,81.4,18.6,0.19,,0,,0.61,,0.4,0,Good Bet
PrizePicks,MLB,67634,J.T. Realmuto,C,PHI,Doubles,0.5,TRUE,N/A,10/1/2026,12:36:36 PM,pre_game,MLB,demon,https://static.prizepicks.com/images/players/MLB/Jacob_Realmuto_MLB_player_qUdvpTDV1nY6g19qkvI7KEEH-450.webp,15358198,0.50,16.44,83.56,-6.96,83.56,Under,https://www.freeiconspng.com/img/1934,2026-10-02T00:11:00Z,No,1.4,7.5,Astros @ Phillies,2026-09-08T22:40:00Z,Tue 06:40pm,Citizens Bank Park,outdoor,NBCS-PH,-508.000,-508.000,9/8/2026,0.164,,,,No,,,3.5,16.44,83.56,16.44,0.16,,0,,0.72,,0.44,0,Good Bet
PrizePicks,MLB,127032,Trea Turner,IF,PHI,Doubles,0.5,TRUE,N/A,10/1/2026,12:36:36 PM,pre_game,MLB,demon,https://static.prizepicks.com/images/players/MLB/Trea_Turner_MLB_player_PzSAbDCREg3T5256tVuvznWK-450.webp,15358199,0.50,20.86,79.14,-7.35,79.14,Under,https://www.freeiconspng.com/img/1934,2026-09-30T18:00:00Z,No,1.4,7.5,Astros @ Phillies,2026-09-08T22:40:00Z,Tue 06:40pm,Citizens Bank Park,outdoor,NBCS-PH,-379.000,-379.000,9/8/2026,0.209,,,,No,ATL,6.32,2.52,20.86,79.14,20.86,0.21,,0,,0.61,,0.41,0,Good Bet
PrizePicks,MLB,67634,J.T. Realmuto,C,PHI,Stolen Bases,0.5,TRUE,N/A,10/1/2026,12:36:36 PM,pre_game,MLB,demon,https://static.prizepicks.com/images/players/MLB/Jacob_Realmuto_MLB_player_qUdvpTDV1nY6g19qkvI7KEEH-450.webp,15358201,,,,,8,Over,https://www.freeiconspng.com/img/1934,2026-10-02T00:11:00Z,No,1.4,7.5,Astros @ Phillies,2026-09-08T22:40:00Z,Tue 06:40pm,Citizens Bank Park,outdoor,NBCS-PH,1150.000,,9/8/2026,0.080,,,,No,,,3.5,32.92102416,67.07897584,32.92102416,0.08,,0,,0.72,,0.4,0,Great Bet
PrizePicks,MLB,309860,Justin Crawford,OF,PHI,Stolen Bases,0.5,TRUE,N/A,10/1/2026,12:36:36 PM,pre_game,MLB,demon,https://static.prizepicks.com/images/manual/Justin Crawford.png,15358203,0.50,11.03,88.97,-6.08,88.97,Under,https://www.freeiconspng.com/img/1934,2026-10-02T00:11:00Z,No,1.4,7.5,Astros @ Phillies,2026-09-08T22:40:00Z,Tue 06:40pm,Citizens Bank Park,outdoor,NBCS-PH,-807.000,-807.000,9/8/2026,0.110,,,,No,ATL,4.28,2.05,11.03,88.97,11.03,0.11,24,-0.01025,under,0.54,0.10005,0.38,0.5,Push
PrizePicks,MLB,67634,J.T. Realmuto,C,PHI,Runs,0.5,TRUE,N/A,10/1/2026,12:36:36 PM,pre_game,MLB,demon,https://static.prizepicks.com/images/players/MLB/Jacob_Realmuto_MLB_player_qUdvpTDV1nY6g19qkvI7KEEH-450.webp,15358204,0.50,34.41,65.59,-7.01,65.59,Under,https://www.freeiconspng.com/img/1934,2026-10-02T00:11:00Z,No,1.4,7.5,Astros @ Phillies,2026-09-08T22:40:00Z,Tue 06:40pm,Citizens Bank Park,outdoor,NBCS-PH,-191.000,-191.000,9/8/2026,0.344,,,,No,,,3.5,34.41,65.59,34.41,0.34,,0,,0.72,,0.52,0.5,Push
PrizePicks,MLB,127250,Ozzie Albies,IF,ATL,Doubles,0.5,TRUE,N/A,10/1/2026,12:36:36 PM,pre_game,MLB,demon,https://static.prizepicks.com/images/players/MLB/Ozhaino_Albies_MLB_player_G3gl7zvDUXIaQWzRdOQkGkTS-450.webp,15358205,0.50,17.86,82.14,-7.33,82.14,Under,https://www.freeiconspng.com/img/1934,2026-10-02T00:11:00Z,No,1.4,7.5,Rays @ Braves,2026-09-08T23:15:00Z,Tue 07:15pm,Truist Park,outdoor,,-460.000,-460.000,9/8/2026,0.179,,,,No,PHI,4.46,1.98,17.86,82.14,17.86,0.18,17,-0.00099,under,0.47,0.17761,0.28,0,Push
PrizePicks,MLB,67558,Austin Riley,IF,ATL,Stolen Bases,0.5,TRUE,N/A,10/1/2026,12:36:36 PM,pre_game,MLB,demon,https://static.prizepicks.com/images/players/MLB/Michael_Riley_MLB_player_mZ93NJZS0EsLvYCwgHVNsy32-450.webp,15358206,,,,,7.14,Over,https://www.freeiconspng.com/img/1934,2026-10-02T00:11:00Z,No,1.4,7.5,Rays @ Braves,2026-09-08T23:15:00Z,Tue 07:15pm,Truist Park,outdoor,,1301.000,,9/8/2026,0.071,,,,No,PHI,4.17,1.9,21.6376974,78.3623026,21.6376974,0.07,16,-0.00152,under,0.42,0.06988,0.24,0,Push
PrizePicks,MLB,67614,Matt Olson,IF,ATL,Doubles,0.5,TRUE,N/A,10/1/2026,12:36:36 PM,pre_game,MLB,demon,https://static.prizepicks.com/images/players/MLB/Matthew_Olson_MLB_player_NDhzwn6hkBC70gLyFChsulYT-450.webp,15358207,0.50,18.13,81.87,-6.96,81.87,Under,https://www.freeiconspng.com/img/1934,2026-10-02T00:11:00Z,No,1.4,7.5,Rays @ Braves,2026-09-08T23:15:00Z,Tue 07:15pm,Truist Park,outdoor,,-452.000,-452.000,9/8/2026,0.181,,,,No,PHI,6.36,2.78,18.13,81.87,18.13,0.18,17,-0.00139,under,0.7,0.17991,0.35,0,Push
PrizePicks,MLB,67940,Alec Bohm,IF,PHI,Singles,0.5,TRUE,N/A,10/1/2026,12:36:36 PM,pre_game,MLB,goblin,https://static.prizepicks.com/images/players/MLB/Alec_Bohm_MLB_player_kikYiFKsWk4374Ra6YncvWQy-450.webp,15358209,,,,,,,,2026-10-02T00:11:00Z,Yes,-1.4,7.5,Astros @ Phillies,2026-09-08T22:40:00Z,Tue 06:40pm,Citizens Bank Park,outdoor,NBCS-PH,,,,,,,,No,ATL,6.5,2.75,,,,0,17,-0.05555,under,0.68,-0.05555,0.68,0,Push
PrizePicks,MLB,309068,Mauricio Dubón,OF,ATL,Stolen Bases,0.5,TRUE,N/A,10/1/2026,12:36:36 PM,pre_game,MLB,demon,https://static.prizepicks.com/images/manual/Mauricio Dubón.png,15358210,0.50,8.37,91.63,,7.14,Over,https://www.freeiconspng.com/img/1934,2026-10-02T00:11:00Z,No,1.4,7.5,Rays @ Braves,2026-09-08T23:15:00Z,Tue 07:15pm,Truist Park,outdoor,,1301.000,1301.000,,0.084,,,,No,PHI,4.5,2.03,8.37,91.63,8.37,0.08,16,-0.00162,under,0.56,0.082076,0.32,0,Push
PrizePicks,MLB,67532,Kyle Schwarber,DH,PHI,Singles,0.5,TRUE,N/A,10/1/2026,12:36:36 PM,pre_game,MLB,demon,https://static.prizepicks.com/images/players/MLB/Kyle_Schwarber_MLB_player_68nHEJrjzq1CxWv0nqnyV0Tj-450.webp,15358211,,,,,,,,2026-10-02T00:11:00Z,Yes,-1.4,7.5,Astros @ Phillies,2026-09-08T22:40:00Z,Tue 06:40pm,Citizens Bank Park,outdoor,NBCS-PH,,,,,,,,No,ATL,7.09,3.2,,,,0,17,-0.06464,under,0.74,-0.06464,0.74,0,Push
PrizePicks,MLB,323543,Derek Hill,OF,PHI,Stolen Bases,0.5,TRUE,N/A,10/1/2026,12:36:36 PM,pre_game,MLB,demon,https://static.prizepicks.com/images/manual/Derek Hill.WEBP,15358212,,,,,12.82,Over,https://www.freeiconspng.com/img/1934,2026-10-02T00:11:00Z,No,1.4,7.5,Astros @ Phillies,2026-09-08T22:40:00Z,Tue 06:40pm,Citizens Bank Park,outdoor,NBCS-PH,680.000,,,0.128,,,,No,,,3.5,40.54689604,59.45310396,40.54689604,0.13,,0,,0.91,,0.52,0,Great Bet
PrizePicks,MLB,127250,Ozzie Albies,IF,ATL,RBIs,0.5,TRUE,N/A,10/1/2026,12:36:36 PM,pre_game,MLB,demon,https://static.prizepicks.com/images/players/MLB/Ozhaino_Albies_MLB_player_G3gl7zvDUXIaQWzRdOQkGkTS-450.webp,15358213,,,,,,,,2026-10-02T00:11:00Z,No,1.4,7.5,Rays @ Braves,2026-09-08T23:15:00Z,Tue 07:15pm,Truist Park,outdoor,,,,,,,,,No,PHI,4.46,1.98,,,,0,16,0.0004,over,0.47,0.000396,0.49,0.5,Push
PrizePicks,MLB,233219,Drake Baldwin,C,ATL,Doubles,0.5,TRUE,N/A,10/1/2026,12:36:36 PM,pre_game,MLB,demon,https://static.prizepicks.com/images/players/MLB/Drake_Baldwin_MLB_player_2bszMiBPtE84wfUl1dPBtueo-450.webp,15358216,0.50,19.73,80.27,-7.07,80.27,Under,https://www.freeiconspng.com/img/1934,2026-10-02T00:11:00Z,No,1.4,7.5,Rays @ Braves,2026-09-08T23:15:00Z,Tue 07:15pm,Truist Park,outdoor,,-407.000,-407.000,9/8/2026,0.197,,,,No,PHI,5.72,2.79,19.73,80.27,19.73,0.2,17,-0.00139,under,0.79,0.195905,0.4,0,Push
PrizePicks,MLB,69890,Brandon Marsh,OF,PHI,Doubles,0.5,TRUE,N/A,10/1/2026,12:36:36 PM,pre_game,MLB,demon,https://static.prizepicks.com/images/players/MLB/Brandon_Marsh_MLB_player_JZ5RTWUyIllOGkmAwyKUtF5H-450.webp,15358217,0.50,17.85,82.15,-7.04,82.15,Under,https://www.freeiconspng.com/img/1934,2026-10-02T00:11:00Z,No,1.4,7.5,Astros @ Phillies,2026-09-08T22:40:00Z,Tue 06:40pm,Citizens Bank Park,outdoor,NBCS-PH,-460.000,-460.000,9/8/2026,0.179,,,,No,ATL,5.17,2.53,17.85,82.15,17.85,0.18,,0,,0.66,,0.42,0,Good Bet
PrizePicks,MLB,68832,Michael Harris II,OF,ATL,Stolen Bases,0.5,TRUE,N/A,10/1/2026,12:36:36 PM,pre_game,MLB,demon,https://static.prizepicks.com/images/players/MLB/Michael_Harris_MLB_player_ZkXYVk5eP3OK6w4UecYW3tdb-450.webp,15358218,0.50,9.89,90.11,-6.94,90.11,Under,https://www.freeiconspng.com/img/1934,2026-10-02T00:11:00Z,No,1.4,7.5,Rays @ Braves,2026-09-08T23:15:00Z,Tue 07:15pm,Truist Park,outdoor,,-911.000,-911.000,9/8/2026,0.099,,,,No,PHI,5.62,2.39,9.89,90.11,9.89,0.1,16,-0.00191,under,0.7,0.096988,0.43,0.5,Push
PrizePicks,MLB,67558,Austin Riley,IF,ATL,RBIs,0.5,TRUE,N/A,10/1/2026,12:36:36 PM,pre_game,MLB,demon,https://static.prizepicks.com/images/players/MLB/Michael_Riley_MLB_player_mZ93NJZS0EsLvYCwgHVNsy32-450.webp,15358219,,,,,,,,2026-10-02T00:11:00Z,No,1.4,7.5,Rays @ Braves,2026-09-08T23:15:00Z,Tue 07:15pm,Truist Park,outdoor,,,,,,,,,No,PHI,4.17,1.9,,,,0,16,0.00038,over,0.42,0.00038,0.46,0.5,Push
PrizePicks,MLB,309068,Mauricio Dubón,OF,ATL,Doubles,0.5,TRUE,N/A,10/1/2026,12:36:36 PM,pre_game,MLB,demon,https://static.prizepicks.com/images/manual/Mauricio Dubón.png,15358221,0.50,18.73,81.27,-7.3,81.27,Under,https://www.freeiconspng.com/img/1934,2026-10-02T00:11:00Z,No,1.4,7.5,Rays @ Braves,2026-09-08T23:15:00Z,Tue 07:15pm,Truist Park,outdoor,,-434.000,-434.000,,0.187,,,,No,PHI,4.5,2.03,18.73,81.27,18.73,0.19,17,-0.00101,under,0.56,0.186285,0.31,0,Push
PrizePicks,MLB,310126,Mike Yastrzemski,OF,ATL,Runs,0.5,TRUE,N/A,10/1/2026,12:36:36 PM,pre_game,MLB,demon,https://static.prizepicks.com/images/manual/Mike Yastrzemski.png,15358222,0.50,30.16,69.84,-6.63,69.84,Under,https://www.freeiconspng.com/img/1934,2026-10-02T00:11:00Z,No,1.4,7.5,Rays @ Braves,2026-09-08T23:15:00Z,Tue 07:15pm,Truist Park,outdoor,,-232.000,-232.000,9/8/2026,0.302,,,,No,PHI,3.97,2,30.16,69.84,30.16,0.3,20,-0.0034,under,0.45,0.2982,0.39,0.5,Push
PrizePicks,MLB,323543,Derek Hill,OF,PHI,Hits,0.5,TRUE,N/A,10/1/2026,12:36:36 PM,pre_game,MLB,goblin,https://static.prizepicks.com/images/manual/Derek Hill.WEBP,15358224,,,,,60,Over,https://www.freeiconspng.com/img/1934,2026-10-02T00:11:00Z,No,1.4,7.5,Astros @ Phillies,2026-09-08T22:40:00Z,Tue 06:40pm,Citizens Bank Park,outdoor,NBCS-PH,-150.000,,,0.600,,,,No,,,3.5,53.04039176,46.95960824,53.04039176,0.6,,0,,0.91,,0.76,0,Push
PrizePicks,MLB,67940,Alec Bohm,IF,PHI,Runs,0.5,TRUE,N/A,10/1/2026,12:36:36 PM,pre_game,MLB,demon,https://static.prizepicks.com/images/players/MLB/Alec_Bohm_MLB_player_kikYiFKsWk4374Ra6YncvWQy-450.webp,15358225,0.50,37.57,62.43,-6.32,62.43,Under,https://www.freeiconspng.com/img/1934,2026-10-02T00:11:00Z,No,1.4,7.5,Astros @ Phillies,2026-09-08T22:40:00Z,Tue 06:40pm,Citizens Bank Park,outdoor,NBCS-PH,-166.000,-166.000,9/8/2026,0.376,,,,No,ATL,6.5,2.75,37.57,62.43,37.57,0.38,10,0.00632,over,0.68,0.382025,0.49,0.5,Push
PrizePicks,MLB,127250,Ozzie Albies,IF,ATL,Stolen Bases,0.5,TRUE,N/A,10/1/2026,12:36:36 PM,pre_game,MLB,demon,https://static.prizepicks.com/images/players/MLB/Ozhaino_Albies_MLB_player_G3gl7zvDUXIaQWzRdOQkGkTS-450.webp,15358227,,,,,7.14,Over,https://www.freeiconspng.com/img/1934,2026-10-02T00:11:00Z,No,1.4,7.5,Rays @ Braves,2026-09-08T23:15:00Z,Tue 07:15pm,Truist Park,outdoor,,1301.000,,9/8/2026,0.071,,,,No,PHI,4.46,1.98,23.71732901,76.28267099,23.71732901,0.07,16,-0.00158,under,0.47,0.069816,0.27,0,Push
PrizePicks,MLB,127255,Sean Murphy,C,ATL,Hits+Runs+RBIs,0.5,TRUE,N/A,10/1/2026,12:36:36 PM,pre_game,MLB,goblin,https://static.prizepicks.com/images/players/MLB/Sean_Murphy_MLB_player_GSWZPCMTBYwlQ07NFA0MEl9x-450.webp,15358228,0.50,53.54,46.46,-6.46,53.54,Over,https://www.freeiconspng.com/img/1934,2026-10-02T00:11:00Z,No,1.4,7.5,Rays @ Braves,2026-09-08T23:15:00Z,Tue 07:15pm,Truist Park,outdoor,,-115.000,-115.000,9/8/2026,0.535,,,,No,PHI,3.9,1.76,53.54,46.46,53.54,0.54,16,0.00035,over,0.32,0.535752,0.46,0,Good Bet
PrizePicks,MLB,67555,Ronald Acuña Jr.,OF,ATL,Runs,0.5,TRUE,N/A,10/1/2026,12:36:36 PM,pre_game,MLB,demon,https://static.prizepicks.com/images/players/MLB/Ronald_Acu%C3%B1a_MLB_player_tUwoDZ2wW0mEiTxchuRbbAHl-450.webp,15358229,0.50,45.24,54.76,-7.5,54.76,Under,https://www.freeiconspng.com/img/1934,2026-10-02T00:11:00Z,No,1.4,7.5,Rays @ Braves,2026-09-08T23:15:00Z,Tue 07:15pm,Truist Park,outdoor,,-121.000,-121.000,,0.452,,,,No,-,7.21,3.5,45.24,54.76,45.24,0.45,,0,,0.89,,0.61,0.5,Push
PrizePicks,MLB,69890,Brandon Marsh,OF,PHI,Hits,0.5,TRUE,N/A,10/1/2026,12:36:36 PM,pre_game,MLB,goblin,https://static.prizepicks.com/images/players/MLB/Brandon_Marsh_MLB_player_JZ5RTWUyIllOGkmAwyKUtF5H-450.webp,15358232,0.50,55.94,44.06,-7.02,55.94,Over,https://www.freeiconspng.com/img/1934,2026-10-02T00:11:00Z,No,1.4,7.5,Astros @ Phillies,2026-09-08T22:40:00Z,Tue 06:40pm,Citizens Bank Park,outdoor,NBCS-PH,-127.000,-127.000,9/8/2026,0.559,,,,No,ATL,5.17,2.53,55.94,44.06,55.94,0.56,10,0.00607,over,0.66,0.565472,0.57,0.5,Good Bet
PrizePicks,MLB,233219,Drake Baldwin,C,ATL,RBIs,0.5,TRUE,N/A,10/1/2026,12:36:36 PM,pre_game,MLB,demon,https://static.prizepicks.com/images/players/MLB/Drake_Baldwin_MLB_player_2bszMiBPtE84wfUl1dPBtueo-450.webp,15358234,,,,,,,,2026-10-02T00:11:00Z,No,1.4,7.5,Rays @ Braves,2026-09-08T23:15:00Z,Tue 07:15pm,Truist Park,outdoor,,,,,,,,,No,PHI,5.72,2.79,,,,0,16,0.00056,over,0.79,0.000558,0.65,0.5,Push
PrizePicks,MLB,69515,Bryson Stott,IF,PHI,RBIs,0.5,TRUE,N/A,10/1/2026,12:36:36 PM,pre_game,MLB,demon,https://static.prizepicks.com/images/players/MLB/Bryson_Stott_MLB_player_R761z8GtmmBHjPjfJP9iL5x6-450.webp,15358236,,,,,,,,2026-10-02T00:11:00Z,Yes,-1.4,7.5,Astros @ Phillies,2026-09-08T22:40:00Z,Tue 06:40pm,Citizens Bank Park,outdoor,NBCS-PH,,,,,,,,No,ATL,5.76,2.45,,,,0,9,0.00637,over,0.63,0.00637,0.56,0.5,Push
PrizePicks,MLB,67614,Matt Olson,IF,ATL,Runs,0.5,TRUE,N/A,10/1/2026,12:36:36 PM,pre_game,MLB,demon,https://static.prizepicks.com/images/players/MLB/Matthew_Olson_MLB_player_NDhzwn6hkBC70gLyFChsulYT-450.webp,15358237,0.50,41.61,58.39,-7.13,58.39,Under,https://www.freeiconspng.com/img/1934,2026-10-02T00:11:00Z,No,1.4,7.5,Rays @ Braves,2026-09-08T23:15:00Z,Tue 07:15pm,Truist Park,outdoor,,-140.000,-140.000,9/8/2026,0.416,,,,No,PHI,6.36,2.78,41.61,58.39,41.61,0.42,20,-0.00473,under,0.7,0.411374,0.51,0.5,Push
PrizePicks,MLB,127255,Sean Murphy,C,ATL,Doubles,0.5,TRUE,N/A,10/1/2026,12:36:36 PM,pre_game,MLB,demon,https://static.prizepicks.com/images/players/MLB/Sean_Murphy_MLB_player_GSWZPCMTBYwlQ07NFA0MEl9x-450.webp,15358240,0.50,13.46,86.54,-6.61,86.54,Under,https://www.freeiconspng.com/img/1934,2026-10-02T00:11:00Z,No,1.4,7.5,Rays @ Braves,2026-09-08T23:15:00Z,Tue 07:15pm,Truist Park,outdoor,,-643.000,-643.000,9/8/2026,0.135,,,,No,PHI,3.9,1.76,13.46,86.54,13.46,0.13,17,-0.00088,under,0.32,0.13372,0.23,0,Push
PrizePicks,MLB,233219,Drake Baldwin,C,ATL,Runs,0.5,TRUE,N/A,10/1/2026,12:36:36 PM,pre_game,MLB,demon,https://static.prizepicks.com/images/players/MLB/Drake_Baldwin_MLB_player_2bszMiBPtE84wfUl1dPBtueo-450.webp,15358244,0.50,43.28,56.72,-6.24,56.72,Under,https://www.freeiconspng.com/img/1934,2026-10-02T00:11:00Z,No,1.4,7.5,Rays @ Braves,2026-09-08T23:15:00Z,Tue 07:15pm,Truist Park,outdoor,,-131.000,-131.000,9/8/2026,0.433,,,,No,PHI,5.72,2.79,43.28,56.72,43.28,0.43,20,-0.00474,under,0.79,0.428057,0.54,0.5,Push
PrizePicks,MLB,323543,Derek Hill,OF,PHI,RBIs,0.5,TRUE,N/A,10/1/2026,12:36:36 PM,pre_game,MLB,demon,https://static.prizepicks.com/images/manual/Derek Hill.WEBP,15358245,,,,,,,,2026-10-02T00:11:00Z,Yes,-1.4,7.5,Astros @ Phillies,2026-09-08T22:40:00Z,Tue 06:40pm,Citizens Bank Park,outdoor,NBCS-PH,,,,,,,,No,,,3.5,,,,0,,0,,0.91,,0.91,0,Push
PrizePicks,MLB,67555,Ronald Acuña Jr.,OF,ATL,RBIs,0.5,TRUE,N/A,10/1/2026,12:36:36 PM,pre_game,MLB,demon,https://static.prizepicks.com/images/players/MLB/Ronald_Acu%C3%B1a_MLB_player_tUwoDZ2wW0mEiTxchuRbbAHl-450.webp,15358246,,,,,,,,2026-10-02T00:11:00Z,No,1.4,7.5,Rays @ Braves,2026-09-08T23:15:00Z,Tue 07:15pm,Truist Park,outdoor,,,,,,,,,No,-,7.21,3.5,,,,0,,0,,0.89,,0.7,0.5,Push
PrizePicks,MLB,69890,Brandon Marsh,OF,PHI,Stolen Bases,0.5,TRUE,N/A,10/1/2026,12:36:36 PM,pre_game,MLB,demon,https://static.prizepicks.com/images/players/MLB/Brandon_Marsh_MLB_player_JZ5RTWUyIllOGkmAwyKUtF5H-450.webp,15358249,0.50,11,89,-7.8,89,Under,https://www.freeiconspng.com/img/1934,2026-10-02T00:11:00Z,No,1.4,7.5,Astros @ Phillies,2026-09-08T22:40:00Z,Tue 06:40pm,Citizens Bank Park,outdoor,NBCS-PH,-809.000,-809.000,9/8/2026,0.110,,,,No,ATL,5.17,2.53,11,89,11,0.11,24,-0.01265,under,0.66,0.09735,0.42,0.5,Push
PrizePicks,MLB,309860,Justin Crawford,OF,PHI,RBIs,0.5,TRUE,N/A,10/1/2026,12:36:36 PM,pre_game,MLB,demon,https://static.prizepicks.com/images/manual/Justin Crawford.png,15358250,,,,,,,,2026-10-02T00:11:00Z,Yes,-1.4,7.5,Astros @ Phillies,2026-09-08T22:40:00Z,Tue 06:40pm,Citizens Bank Park,outdoor,NBCS-PH,,,,,,,,No,ATL,4.28,2.05,,,,0,9,0.00533,over,0.54,0.00533,0.52,0.5,Push
PrizePicks,MLB,73988,Bryce Harper,IF,PHI,Runs,0.5,TRUE,N/A,10/1/2026,12:36:36 PM,pre_game,MLB,demon,https://static.prizepicks.com/images/players/MLB/Bryce_Harper_MLB_player_mhsTcoXtjRH4vlcux7XU1Zyy-450.webp,15358252,0.50,41.57,58.43,-5.86,58.43,Under,https://www.freeiconspng.com/img/1934,2026-10-02T00:11:00Z,No,1.4,7.5,Astros @ Phillies,2026-09-08T22:40:00Z,Tue 06:40pm,Citizens Bank Park,outdoor,NBCS-PH,-141.000,-141.000,9/8/2026,0.416,,,,No,ATL,5.8,2.28,41.57,58.43,41.57,0.42,10,0.00524,over,0.61,0.420944,0.49,0.5,Push
PrizePicks,MLB,127255,Sean Murphy,C,ATL,Home Runs,0.5,TRUE,N/A,10/1/2026,12:36:36 PM,pre_game,MLB,demon,https://static.prizepicks.com/images/players/MLB/Sean_Murphy_MLB_player_GSWZPCMTBYwlQ07NFA0MEl9x-450.webp,15358253,0.50,10.44,89.56,-7.02,89.56,Under,https://www.freeiconspng.com/img/1934,2026-10-02T00:11:00Z,No,1.4,7.5,Rays @ Braves,2026-09-08T23:15:00Z,Tue 07:15pm,Truist Park,outdoor,,-858.000,-858.000,9/8/2026,0.104,,,,No,PHI,3.9,1.76,10.44,89.56,10.44,0.1,17,-0.00088,under,0.32,0.10352,0.31,0.5,Push
PrizePicks,MLB,68832,Michael Harris II,OF,ATL,Doubles,0.5,TRUE,N/A,10/1/2026,12:36:36 PM,pre_game,MLB,demon,https://static.prizepicks.com/images/players/MLB/Michael_Harris_MLB_player_ZkXYVk5eP3OK6w4UecYW3tdb-450.webp,15358257,0.50,20.25,79.75,-7.09,79.75,Under,https://www.freeiconspng.com/img/1934,2026-10-02T00:11:00Z,No,1.4,7.5,Rays @ Braves,2026-09-08T23:15:00Z,Tue 07:15pm,Truist Park,outdoor,,-394.000,-394.000,9/8/2026,0.203,,,,No,PHI,5.62,2.39,20.25,79.75,20.25,0.2,17,-0.0012,under,0.7,0.201305,0.37,0,Push
PrizePicks,MLB,67558,Austin Riley,IF,ATL,Runs,0.5,TRUE,N/A,10/1/2026,12:36:36 PM,pre_game,MLB,demon,https://static.prizepicks.com/images/players/MLB/Michael_Riley_MLB_player_mZ93NJZS0EsLvYCwgHVNsy32-450.webp,15358258,0.50,32.43,67.57,-6.46,67.57,Under,https://www.freeiconspng.com/img/1934,2026-10-02T00:11:00Z,No,1.4,7.5,Rays @ Braves,2026-09-08T23:15:00Z,Tue 07:15pm,Truist Park,outdoor,,-208.000,-208.000,9/8/2026,0.324,,,,No,PHI,4.17,1.9,32.43,67.57,32.43,0.32,20,-0.00323,under,0.42,0.32107,0.39,0.5,Push
PrizePicks,MLB,127255,Sean Murphy,C,ATL,RBIs,0.5,TRUE,N/A,10/1/2026,12:36:36 PM,pre_game,MLB,demon,https://static.prizepicks.com/images/players/MLB/Sean_Murphy_MLB_player_GSWZPCMTBYwlQ07NFA0MEl9x-450.webp,15358259,,,,,,,,2026-10-02T00:11:00Z,No,1.4,7.5,Rays @ Braves,2026-09-08T23:15:00Z,Tue 07:15pm,Truist Park,outdoor,,,,,,,,,No,PHI,3.9,1.76,,,,0,16,0.00035,over,0.32,0.000352,0.41,0.5,Push
PrizePicks,MLB,69515,Bryson Stott,IF,PHI,Doubles,0.5,TRUE,N/A,10/1/2026,12:36:36 PM,pre_game,MLB,demon,https://static.prizepicks.com/images/players/MLB/Bryson_Stott_MLB_player_R761z8GtmmBHjPjfJP9iL5x6-450.webp,15358263,0.50,17.07,82.93,-7.22,82.93,Under,https://www.freeiconspng.com/img/1934,2026-10-02T00:11:00Z,No,1.4,7.5,Astros @ Phillies,2026-09-08T22:40:00Z,Tue 06:40pm,Citizens Bank Park,outdoor,NBCS-PH,-486.000,-486.000,9/8/2026,0.171,,,,No,ATL,5.76,2.45,17.07,82.93,17.07,0.17,,0,,0.63,,0.4,0,Good Bet
PrizePicks,MLB,69515,Bryson Stott,IF,PHI,Stolen Bases,0.5,TRUE,N/A,10/1/2026,12:36:36 PM,pre_game,MLB,demon,https://static.prizepicks.com/images/players/MLB/Bryson_Stott_MLB_player_R761z8GtmmBHjPjfJP9iL5x6-450.webp,15358264,0.50,13.29,86.71,-6.58,86.71,Under,https://www.freeiconspng.com/img/1934,2026-10-02T00:11:00Z,No,1.4,7.5,Astros @ Phillies,2026-09-08T22:40:00Z,Tue 06:40pm,Citizens Bank Park,outdoor,NBCS-PH,-652.000,-652.000,9/8/2026,0.133,,,,No,ATL,5.76,2.45,13.29,86.71,13.29,0.13,24,-0.01225,under,0.63,0.12065,0.42,0.5,Push
PrizePicks,MLB,69890,Brandon Marsh,OF,PHI,RBIs,0.5,TRUE,N/A,10/1/2026,12:36:36 PM,pre_game,MLB,demon,https://static.prizepicks.com/images/players/MLB/Brandon_Marsh_MLB_player_JZ5RTWUyIllOGkmAwyKUtF5H-450.webp,15358265,,,,,,,,2026-10-02T00:11:00Z,Yes,-1.4,7.5,Astros @ Phillies,2026-09-08T22:40:00Z,Tue 06:40pm,Citizens Bank Park,outdoor,NBCS-PH,,,,,,,,No,ATL,5.17,2.53,,,,0,9,0.00658,over,0.66,0.006578,0.58,0.5,Push
PrizePicks,MLB,127032,Trea Turner,IF,PHI,RBIs,0.5,TRUE,N/A,10/1/2026,12:36:36 PM,pre_game,MLB,demon,https://static.prizepicks.com/images/players/MLB/Trea_Turner_MLB_player_PzSAbDCREg3T5256tVuvznWK-450.webp,15358269,,,,,,,,2026-10-02T00:11:00Z,Yes,-1.4,7.5,Astros @ Phillies,2026-09-08T22:40:00Z,Tue 06:40pm,Citizens Bank Park,outdoor,NBCS-PH,,,,,,,,No,ATL,6.32,2.52,,,,0,9,0.00655,over,0.61,0.006552,0.55,0.5,Push
PrizePicks,MLB,67634,J.T. Realmuto,C,PHI,RBIs,0.5,TRUE,N/A,10/1/2026,12:36:36 PM,pre_game,MLB,demon,https://static.prizepicks.com/images/players/MLB/Jacob_Realmuto_MLB_player_qUdvpTDV1nY6g19qkvI7KEEH-450.webp,15358270,,,,,,,,2026-10-02T00:11:00Z,Yes,-1.4,7.5,Astros @ Phillies,2026-09-08T22:40:00Z,Tue 06:40pm,Citizens Bank Park,outdoor,NBCS-PH,,,,,,,,No,,,3.5,,,,0,,0,,0.72,,0.61,0.5,Push
PrizePicks,MLB,67532,Kyle Schwarber,DH,PHI,RBIs,0.5,TRUE,N/A,10/1/2026,12:36:36 PM,pre_game,MLB,demon,https://static.prizepicks.com/images/players/MLB/Kyle_Schwarber_MLB_player_68nHEJrjzq1CxWv0nqnyV0Tj-450.webp,15358271,,,,,,,,2026-10-02T00:11:00Z,Yes,-1.4,7.5,Astros @ Phillies,2026-09-08T22:40:00Z,Tue 06:40pm,Citizens Bank Park,outdoor,NBCS-PH,,,,,,,,No,ATL,7.09,3.2,,,,0,9,0.00832,over,0.74,0.00832,0.62,0.5,Push
PrizePicks,MLB,310126,Mike Yastrzemski,OF,ATL,RBIs,0.5,TRUE,N/A,10/1/2026,12:36:36 PM,pre_game,MLB,demon,https://static.prizepicks.com/images/manual/Mike Yastrzemski.png,15358272,,,,,,,,2026-10-02T00:11:00Z,No,1.4,7.5,Rays @ Braves,2026-09-08T23:15:00Z,Tue 07:15pm,Truist Park,outdoor,,,,,,,,,No,PHI,3.97,2,,,,0,16,0.0004,over,0.45,0.0004,0.47,0.5,Push
PrizePicks,MLB,309860,Justin Crawford,OF,PHI,Runs,0.5,TRUE,N/A,10/1/2026,12:36:36 PM,pre_game,MLB,demon,https://static.prizepicks.com/images/manual/Justin Crawford.png,15358273,0.50,30.63,69.37,-6.53,69.37,Under,https://www.freeiconspng.com/img/1934,2026-10-02T00:11:00Z,No,1.4,7.5,Astros @ Phillies,2026-09-08T22:40:00Z,Tue 06:40pm,Citizens Bank Park,outdoor,NBCS-PH,-226.000,-226.000,9/8/2026,0.306,,,,No,ATL,4.28,2.05,30.63,69.37,30.63,0.31,10,0.00471,over,0.54,0.311015,0.41,0.5,Push
PrizePicks,MLB,69890,Brandon Marsh,OF,PHI,Runs,0.5,TRUE,N/A,10/1/2026,12:36:36 PM,pre_game,MLB,demon,https://static.prizepicks.com/images/players/MLB/Brandon_Marsh_MLB_player_JZ5RTWUyIllOGkmAwyKUtF5H-450.webp,15358277,0.50,32.65,67.35,-6.68,67.35,Under,https://www.freeiconspng.com/img/1934,2026-10-02T00:11:00Z,No,1.4,7.5,Astros @ Phillies,2026-09-08T22:40:00Z,Tue 06:40pm,Citizens Bank Park,outdoor,NBCS-PH,-206.000,-206.000,9/8/2026,0.327,,,,No,ATL,5.17,2.53,32.65,67.35,32.65,0.33,10,0.00582,over,0.66,0.332319,0.45,0.5,Push
PrizePicks,MLB,68832,Michael Harris II,OF,ATL,Runs,0.5,TRUE,N/A,10/1/2026,12:36:36 PM,pre_game,MLB,demon,https://static.prizepicks.com/images/players/MLB/Michael_Harris_MLB_player_ZkXYVk5eP3OK6w4UecYW3tdb-450.webp,15358279,0.50,38,62,-7.23,62,Under,https://www.freeiconspng.com/img/1934,2026-10-02T00:11:00Z,No,1.4,7.5,Rays @ Braves,2026-09-08T23:15:00Z,Tue 07:15pm,Truist Park,outdoor,,-163.000,-163.000,9/8/2026,0.380,,,,No,PHI,5.62,2.39,38,62,38,0.38,20,-0.00406,under,0.7,0.375937,0.49,0.5,Push
PrizePicks,MLB,67555,Ronald Acuña Jr.,OF,ATL,Doubles,0.5,TRUE,N/A,10/1/2026,12:36:36 PM,pre_game,MLB,demon,https://static.prizepicks.com/images/players/MLB/Ronald_Acu%C3%B1a_MLB_player_tUwoDZ2wW0mEiTxchuRbbAHl-450.webp,15358282,0.50,19.7,80.3,-7.2,80.3,Under,https://www.freeiconspng.com/img/1934,2026-10-02T00:11:00Z,No,1.4,7.5,Rays @ Braves,2026-09-08T23:15:00Z,Tue 07:15pm,Truist Park,outdoor,,-408.000,-408.000,,0.197,,,,No,-,7.21,3.5,19.7,80.3,19.7,0.2,,0,,0.89,,0.54,0,Good Bet
PrizePicks,MLB,73988,Bryce Harper,IF,PHI,Stolen Bases,0.5,TRUE,N/A,10/1/2026,12:36:36 PM,pre_game,MLB,demon,https://static.prizepicks.com/images/players/MLB/Bryce_Harper_MLB_player_mhsTcoXtjRH4vlcux7XU1Zyy-450.webp,15358283,0.50,8.49,91.51,-8.26,91.51,Under,https://www.freeiconspng.com/img/1934,2026-10-02T00:11:00Z,No,1.4,7.5,Astros @ Phillies,2026-09-08T22:40:00Z,Tue 06:40pm,Citizens Bank Park,outdoor,NBCS-PH,-1078.000,-1078.000,9/8/2026,0.085,,,,No,ATL,5.8,2.28,8.49,91.51,8.49,0.08,24,-0.0114,under,0.61,0.0735,0.35,0,Push
PrizePicks,MLB,73988,Bryce Harper,IF,PHI,RBIs,0.5,TRUE,N/A,10/1/2026,12:36:36 PM,pre_game,MLB,demon,https://static.prizepicks.com/images/players/MLB/Bryce_Harper_MLB_player_mhsTcoXtjRH4vlcux7XU1Zyy-450.webp,15358284,,,,,,,,2026-10-02T00:11:00Z,Yes,-1.4,7.5,Astros @ Phillies,2026-09-08T22:40:00Z,Tue 06:40pm,Citizens Bank Park,outdoor,NBCS-PH,,,,,,,,No,ATL,5.8,2.28,,,,0,9,0.00593,over,0.61,0.005928,0.56,0.5,Push
PrizePicks,MLB,323543,Derek Hill,OF,PHI,Doubles,0.5,TRUE,N/A,10/1/2026,12:36:36 PM,pre_game,MLB,demon,https://static.prizepicks.com/images/manual/Derek Hill.WEBP,15358285,,,,,,,,2026-10-02T00:11:00Z,Yes,-1.4,7.5,Astros @ Phillies,2026-09-08T22:40:00Z,Tue 06:40pm,Citizens Bank Park,outdoor,NBCS-PH,,,,,,,,No,,,3.5,,,,0,,0,,0.91,,0.91,0,Push
PrizePicks,MLB,67555,Ronald Acuña Jr.,OF,ATL,Stolen Bases,0.5,TRUE,N/A,10/1/2026,12:36:36 PM,pre_game,MLB,demon,https://static.prizepicks.com/images/players/MLB/Ronald_Acu%C3%B1a_MLB_player_tUwoDZ2wW0mEiTxchuRbbAHl-450.webp,15358288,0.50,16.6,83.4,-5.67,83.4,Under,https://www.freeiconspng.com/img/1934,2026-10-02T00:11:00Z,No,1.4,7.5,Rays @ Braves,2026-09-08T23:15:00Z,Tue 07:15pm,Truist Park,outdoor,,-502.000,-502.000,,0.166,,,,No,-,7.21,3.5,16.6,83.4,16.6,0.17,,0,,0.89,,0.52,0.5,Push
PrizePicks,MLB,323543,Derek Hill,OF,PHI,Hits+Runs+RBIs,0.5,TRUE,N/A,10/1/2026,12:36:36 PM,pre_game,MLB,goblin,https://static.prizepicks.com/images/manual/Derek Hill.WEBP,15358289,,,,,,,,2026-10-02T00:11:00Z,Yes,-1.4,7.5,Astros @ Phillies,2026-09-08T22:40:00Z,Tue 06:40pm,Citizens Bank Park,outdoor,NBCS-PH,,,,,,,,No,,,3.5,,,,0,,0,,0.91,,0.91,0,Push
PrizePicks,MLB,127032,Trea Turner,IF,PHI,Stolen Bases,0.5,TRUE,N/A,10/1/2026,12:36:36 PM,pre_game,MLB,demon,https://static.prizepicks.com/images/players/MLB/Trea_Turner_MLB_player_PzSAbDCREg3T5256tVuvznWK-450.webp,15358292,0.50,14.12,85.88,-6.6,85.88,Under,https://www.freeiconspng.com/img/1934,2026-09-30T18:00:00Z,No,1.4,7.5,Astros @ Phillies,2026-09-08T22:40:00Z,Tue 06:40pm,Citizens Bank Park,outdoor,NBCS-PH,-608.000,-608.000,9/8/2026,0.141,,,,No,ATL,6.32,2.52,14.12,85.88,14.12,0.14,24,-0.0126,under,0.61,0.1286,0.42,0.5,Push
PrizePicks,MLB,67940,Alec Bohm,IF,PHI,RBIs,0.5,TRUE,N/A,10/1/2026,12:36:36 PM,pre_game,MLB,demon,https://static.prizepicks.com/images/players/MLB/Alec_Bohm_MLB_player_kikYiFKsWk4374Ra6YncvWQy-450.webp,15358293,,,,,,,,2026-10-02T00:11:00Z,Yes,-1.4,7.5,Astros @ Phillies,2026-09-08T22:40:00Z,Tue 06:40pm,Citizens Bank Park,outdoor,NBCS-PH,,,,,,,,No,ATL,6.5,2.75,,,,0,9,0.00715,over,0.68,0.00715,0.59,0.5,Push
PrizePicks,MLB,67614,Matt Olson,IF,ATL,RBIs,0.5,TRUE,N/A,10/1/2026,12:36:36 PM,pre_game,MLB,demon,https://static.prizepicks.com/images/players/MLB/Matthew_Olson_MLB_player_NDhzwn6hkBC70gLyFChsulYT-450.webp,15358295,,,,,,,,2026-10-02T00:11:00Z,No,1.4,7.5,Rays @ Braves,2026-09-08T23:15:00Z,Tue 07:15pm,Truist Park,outdoor,,,,,,,,,No,PHI,6.36,2.78,,,,0,16,0.00056,over,0.7,0.000556,0.6,0.5,Push
PrizePicks,MLB,127250,Ozzie Albies,IF,ATL,Runs,0.5,TRUE,N/A,10/1/2026,12:36:36 PM,pre_game,MLB,demon,https://static.prizepicks.com/images/players/MLB/Ozhaino_Albies_MLB_player_G3gl7zvDUXIaQWzRdOQkGkTS-450.webp,15358298,0.50,33.01,66.99,-6.34,66.99,Under,https://www.freeiconspng.com/img/1934,2026-10-02T00:11:00Z,No,1.4,7.5,Rays @ Braves,2026-09-08T23:15:00Z,Tue 07:15pm,Truist Park,outdoor,,-203.000,-203.000,9/8/2026,0.330,,,,No,PHI,4.46,1.98,33.01,66.99,33.01,0.33,20,-0.00337,under,0.47,0.326734,0.41,0.5,Push
PrizePicks,MLB,68832,Michael Harris II,OF,ATL,RBIs,0.5,TRUE,N/A,10/1/2026,12:36:36 PM,pre_game,MLB,demon,https://static.prizepicks.com/images/players/MLB/Michael_Harris_MLB_player_ZkXYVk5eP3OK6w4UecYW3tdb-450.webp,15358299,,,,,,,,2026-10-02T00:11:00Z,No,1.4,7.5,Rays @ Braves,2026-09-08T23:15:00Z,Tue 07:15pm,Truist Park,outdoor,,,,,,,,,No,PHI,5.62,2.39,,,,0,16,0.00048,over,0.7,0.000478,0.6,0.5,Push
PrizePicks,MLB,309068,Mauricio Dubón,OF,ATL,RBIs,0.5,TRUE,N/A,10/1/2026,12:36:36 PM,pre_game,MLB,demon,https://static.prizepicks.com/images/manual/Mauricio Dubón.png,15358302,,,,,,,,2026-10-02T00:11:00Z,No,1.4,7.5,Rays @ Braves,2026-09-08T23:15:00Z,Tue 07:15pm,Truist Park,outdoor,,,,,,,,,No,PHI,4.5,2.03,,,,0,16,0.00041,over,0.56,0.000406,0.53,0.5,Push
PrizePicks,MLB,67940,Alec Bohm,IF,PHI,Doubles,0.5,TRUE,N/A,10/1/2026,12:36:36 PM,pre_game,MLB,demon,https://static.prizepicks.com/images/players/MLB/Alec_Bohm_MLB_player_kikYiFKsWk4374Ra6YncvWQy-450.webp,15358303,0.50,19.35,80.65,-7.08,80.65,Under,https://www.freeiconspng.com/img/1934,2026-10-02T00:11:00Z,No,1.4,7.5,Astros @ Phillies,2026-09-08T22:40:00Z,Tue 06:40pm,Citizens Bank Park,outdoor,NBCS-PH,-417.000,-417.000,9/8/2026,0.194,,,,No,ATL,6.5,2.75,19.35,80.65,19.35,0.19,,0,,0.68,,0.44,0,Good Bet
PrizePicks,MLB,127255,Sean Murphy,C,ATL,Runs,0.5,TRUE,N/A,10/1/2026,12:36:36 PM,pre_game,MLB,demon,https://static.prizepicks.com/images/players/MLB/Sean_Murphy_MLB_player_GSWZPCMTBYwlQ07NFA0MEl9x-450.webp,15358310,0.50,29.87,70.13,-6.88,70.13,Under,https://www.freeiconspng.com/img/1934,2026-10-02T00:11:00Z,No,1.4,7.5,Rays @ Braves,2026-09-08T23:15:00Z,Tue 07:15pm,Truist Park,outdoor,,-235.000,-235.000,9/8/2026,0.299,,,,No,PHI,3.9,1.76,29.87,70.13,29.87,0.3,20,-0.00299,under,0.32,0.295708,0.35,0.5,Push
PrizePicks,MLB,69515,Bryson Stott,IF,PHI,Runs,0.5,TRUE,N/A,10/1/2026,12:36:36 PM,pre_game,MLB,demon,https://static.prizepicks.com/images/players/MLB/Bryson_Stott_MLB_player_R761z8GtmmBHjPjfJP9iL5x6-450.webp,15358312,0.50,37.11,62.89,-6.81,62.89,Under,https://www.freeiconspng.com/img/1934,2026-10-02T00:11:00Z,No,1.4,7.5,Astros @ Phillies,2026-09-08T22:40:00Z,Tue 06:40pm,Citizens Bank Park,outdoor,NBCS-PH,-169.000,-169.000,9/8/2026,0.371,,,,No,ATL,5.76,2.45,37.11,62.89,37.11,0.37,10,0.00564,over,0.63,0.376735,0.47,0.5,Push
PrizePicks,MLB,67558,Austin Riley,IF,ATL,Doubles,0.5,TRUE,N/A,10/1/2026,12:36:36 PM,pre_game,MLB,demon,https://static.prizepicks.com/images/players/MLB/Michael_Riley_MLB_player_mZ93NJZS0EsLvYCwgHVNsy32-450.webp,15358313,0.50,16.24,83.76,-7.23,83.76,Under,https://www.freeiconspng.com/img/1934,2026-10-02T00:11:00Z,No,1.4,7.5,Rays @ Braves,2026-09-08T23:15:00Z,Tue 07:15pm,Truist Park,outdoor,,-516.000,-516.000,9/8/2026,0.162,,,,No,PHI,4.17,1.9,16.24,83.76,16.24,0.16,17,-0.00095,under,0.42,0.16145,0.25,0,Push
PrizePicks,MLB,309068,Mauricio Dubón,OF,ATL,Runs,0.5,TRUE,N/A,10/1/2026,12:36:36 PM,pre_game,MLB,demon,https://static.prizepicks.com/images/manual/Mauricio Dubón.png,15358318,0.50,31.96,68.04,-6.64,68.04,Under,https://www.freeiconspng.com/img/1934,2026-10-02T00:11:00Z,No,1.4,7.5,Rays @ Braves,2026-09-08T23:15:00Z,Tue 07:15pm,Truist Park,outdoor,,-213.000,-213.000,,0.320,,,,No,PHI,4.5,2.03,31.96,68.04,31.96,0.32,20,-0.00345,under,0.56,0.316149,0.42,0.5,Push
PrizePicks,MLB,323543,Derek Hill,OF,PHI,Runs,0.5,TRUE,N/A,10/1/2026,12:36:36 PM,pre_game,MLB,demon,https://static.prizepicks.com/images/manual/Derek Hill.WEBP,15358320,,,,,38.02,Over,https://www.freeiconspng.com/img/1934,2026-10-02T00:11:00Z,No,1.4,7.5,Astros @ Phillies,2026-09-08T22:40:00Z,Tue 06:40pm,Citizens Bank Park,outdoor,NBCS-PH,163.000,,,0.380,,,,No,,,3.5,47.58526086,52.41473914,47.58526086,0.38,,0,,0.91,,0.65,0,Great Bet
PrizePicks,MLB,329541,Bryan De La Cruz,OF,PHI,Walks,0.5,TRUE,N/A,10/1/2026,12:36:36 PM,pre_game,MLB,demon,https://static.prizepicks.com/images/players/MLB/Bryan_De_La_Cruz_MLB_player_FcR0a7NWdTVQMdvB7Oll4FDI-450.webp,15359515,0.50,22.66,77.34,-7.04,77.34,Under,https://www.freeiconspng.com/img/1934,2026-10-02T00:11:00Z,No,1.4,7.5,Astros @ Phillies,2026-09-08T22:40:00Z,Tue 06:40pm,Citizens Bank Park,outdoor,NBCS-PH,-341.000,-341.000,,0.227,,,,No,,,3.5,22.66,77.34,22.66,0.23,,0,,0.98,,0.6,0,Good Bet
PrizePicks,MLB,67558,Austin Riley,IF,ATL,Walks,0.5,TRUE,N/A,10/1/2026,12:36:36 PM,pre_game,MLB,demon,https://static.prizepicks.com/images/players/MLB/Michael_Riley_MLB_player_mZ93NJZS0EsLvYCwgHVNsy32-450.webp,15359516,0.50,25.24,74.76,-7.38,74.76,Under,https://www.freeiconspng.com/img/1934,2026-10-02T00:11:00Z,No,1.4,7.5,Rays @ Braves,2026-09-08T23:15:00Z,Tue 07:15pm,Truist Park,outdoor,,-296.000,-296.000,9/8/2026,0.252,,,,No,PHI,4.17,1.9,25.24,74.76,25.24,0.25,18,-0.00456,under,0.42,0.24784,0.35,0.5,Push
PrizePicks,MLB,73988,Bryce Harper,IF,PHI,Hitter Strikeouts,0.5,TRUE,N/A,10/1/2026,12:36:36 PM,pre_game,MLB,goblin,https://static.prizepicks.com/images/players/MLB/Bryce_Harper_MLB_player_mhsTcoXtjRH4vlcux7XU1Zyy-450.webp,15359519,,,,,,,,2026-10-02T00:11:00Z,Yes,-1.4,7.5,Astros @ Phillies,2026-09-08T22:40:00Z,Tue 06:40pm,Citizens Bank Park,outdoor,NBCS-PH,,,,,,,,No,ATL,5.8,5,,,,0,7,0.0945,over,148,0.0945,148,0,Push
PrizePicks,MLB,67532,Kyle Schwarber,DH,PHI,Total Bases,0.5,TRUE,N/A,10/1/2026,12:36:36 PM,pre_game,MLB,goblin,https://static.prizepicks.com/images/players/MLB/Kyle_Schwarber_MLB_player_68nHEJrjzq1CxWv0nqnyV0Tj-450.webp,15359520,,,,,,,,2026-10-02T00:11:00Z,Yes,-1.4,7.5,Astros @ Phillies,2026-09-08T22:40:00Z,Tue 06:40pm,Citizens Bank Park,outdoor,NBCS-PH,,,,,,,,No,ATL,7.09,3.2,,,,0,17,-0.06464,under,0.74,-0.06464,1.12,1.5,Push
PrizePicks,MLB,67940,Alec Bohm,IF,PHI,Total Bases,0.5,TRUE,N/A,10/1/2026,12:36:36 PM,pre_game,MLB,goblin,https://static.prizepicks.com/images/players/MLB/Alec_Bohm_MLB_player_kikYiFKsWk4374Ra6YncvWQy-450.webp,15359521,,,,,,,,2026-10-02T00:11:00Z,Yes,-1.4,7.5,Astros @ Phillies,2026-09-08T22:40:00Z,Tue 06:40pm,Citizens Bank Park,outdoor,NBCS-PH,,,,,,,,No,ATL,6.5,2.75,,,,0,17,-0.05555,under,0.68,-0.05555,1.09,1.5,Push
PrizePicks,MLB,127032,Trea Turner,IF,PHI,Walks,0.5,TRUE,N/A,10/1/2026,12:36:36 PM,pre_game,MLB,demon,https://static.prizepicks.com/images/players/MLB/Trea_Turner_MLB_player_PzSAbDCREg3T5256tVuvznWK-450.webp,15359522,0.50,26.52,73.48,-7.65,73.48,Under,https://www.freeiconspng.com/img/1934,2026-09-30T18:00:00Z,No,1.4,7.5,Astros @ Phillies,2026-09-08T22:40:00Z,Tue 06:40pm,Citizens Bank Park,outdoor,NBCS-PH,-277.000,-277.000,9/8/2026,0.265,,,,No,ATL,6.32,2.52,26.52,73.48,26.52,0.27,29,-0.0378,under,0.61,0.2274,0.4,0.5,Push
PrizePicks,MLB,68832,Michael Harris II,OF,ATL,Walks,0.5,TRUE,N/A,10/1/2026,12:36:36 PM,pre_game,MLB,demon,https://static.prizepicks.com/images/players/MLB/Michael_Harris_MLB_player_ZkXYVk5eP3OK6w4UecYW3tdb-450.webp,15359525,0.50,20.62,79.38,-7.11,79.38,Under,https://www.freeiconspng.com/img/1934,2026-10-02T00:11:00Z,No,1.4,7.5,Rays @ Braves,2026-09-08T23:15:00Z,Tue 07:15pm,Truist Park,outdoor,,-385.000,-385.000,9/8/2026,0.206,,,,No,PHI,5.62,2.39,20.62,79.38,20.62,0.21,18,-0.00574,under,0.7,0.200464,0.4,0.5,Push
PrizePicks,MLB,127250,Ozzie Albies,IF,ATL,Walks,0.5,TRUE,N/A,10/1/2026,12:36:36 PM,pre_game,MLB,demon,https://static.prizepicks.com/images/players/MLB/Ozhaino_Albies_MLB_player_G3gl7zvDUXIaQWzRdOQkGkTS-450.webp,15359526,0.50,28.76,71.24,-6.54,71.24,Under,https://www.freeiconspng.com/img/1934,2026-10-02T00:11:00Z,No,1.4,7.5,Rays @ Braves,2026-09-08T23:15:00Z,Tue 07:15pm,Truist Park,outdoor,,-248.000,-248.000,9/8/2026,0.288,,,,No,PHI,4.46,1.98,28.76,71.24,28.76,0.29,18,-0.00475,under,0.47,0.282848,0.39,0.5,Push
PrizePicks,MLB,69890,Brandon Marsh,OF,PHI,Walks,0.5,TRUE,N/A,10/1/2026,12:36:36 PM,pre_game,MLB,demon,https://static.prizepicks.com/images/players/MLB/Brandon_Marsh_MLB_player_JZ5RTWUyIllOGkmAwyKUtF5H-450.webp,15359527,0.50,25.67,74.33,-7.65,74.33,Under,https://www.freeiconspng.com/img/1934,2026-10-02T00:11:00Z,No,1.4,7.5,Astros @ Phillies,2026-09-08T22:40:00Z,Tue 06:40pm,Citizens Bank Park,outdoor,NBCS-PH,-290.000,-290.000,9/8/2026,0.257,,,,No,ATL,5.17,2.53,25.67,74.33,25.67,0.26,29,-0.03795,under,0.66,0.21875,0.41,0.5,Push
PrizePicks,MLB,68832,Michael Harris II,OF,ATL,Total Bases,0.5,TRUE,N/A,10/1/2026,12:36:36 PM,pre_game,MLB,goblin,https://static.prizepicks.com/images/players/MLB/Michael_Harris_MLB_player_ZkXYVk5eP3OK6w4UecYW3tdb-450.webp,15359528,,,,,,,,2026-10-02T00:11:00Z,No,1.4,7.5,Rays @ Braves,2026-09-08T23:15:00Z,Tue 07:15pm,Truist Park,outdoor,,,,,,,,,No,PHI,5.62,2.39,,,,0,19,-0.0705,under,0.7,-0.070505,1.1,1.5,Push
PrizePicks,MLB,67532,Kyle Schwarber,DH,PHI,Walks,0.5,TRUE,N/A,10/1/2026,12:36:36 PM,pre_game,MLB,demon,https://static.prizepicks.com/images/players/MLB/Kyle_Schwarber_MLB_player_68nHEJrjzq1CxWv0nqnyV0Tj-450.webp,15359531,0.50,44.78,55.22,-6.32,55.22,Under,https://www.freeiconspng.com/img/1934,2026-10-02T00:11:00Z,No,1.4,7.5,Astros @ Phillies,2026-09-08T22:40:00Z,Tue 06:40pm,Citizens Bank Park,outdoor,NBCS-PH,-123.000,-123.000,9/8/2026,0.448,,,,No,ATL,7.09,3.2,44.78,55.22,44.78,0.45,29,-0.048,under,0.74,0.3998,0.52,0.5,Push
PrizePicks,MLB,67558,Austin Riley,IF,ATL,Hitter Strikeouts,0.5,TRUE,N/A,10/1/2026,12:36:36 PM,pre_game,MLB,goblin,https://static.prizepicks.com/images/players/MLB/Michael_Riley_MLB_player_mZ93NJZS0EsLvYCwgHVNsy32-450.webp,15359532,,,,,,,,2026-10-02T00:11:00Z,No,1.4,7.5,Rays @ Braves,2026-09-08T23:15:00Z,Tue 07:15pm,Truist Park,outdoor,,,,,,,,,No,PHI,4.17,5,,,,0,9,0.091,over,201,0.091,201,0,Push
PrizePicks,MLB,67634,J.T. Realmuto,C,PHI,Total Bases,0.5,TRUE,N/A,10/1/2026,12:36:36 PM,pre_game,MLB,goblin,https://static.prizepicks.com/images/players/MLB/Jacob_Realmuto_MLB_player_qUdvpTDV1nY6g19qkvI7KEEH-450.webp,15359537,,,,,,,,2026-10-02T00:11:00Z,Yes,-1.4,7.5,Astros @ Phillies,2026-09-08T22:40:00Z,Tue 06:40pm,Citizens Bank Park,outdoor,NBCS-PH,,,,,,,,No,,,3.5,,,,0,,0,,0.72,,0.61,0.5,Push
PrizePicks,MLB,67614,Matt Olson,IF,ATL,Hitter Strikeouts,0.5,TRUE,N/A,10/1/2026,12:36:36 PM,pre_game,MLB,goblin,https://static.prizepicks.com/images/players/MLB/Matthew_Olson_MLB_player_NDhzwn6hkBC70gLyFChsulYT-450.webp,15359540,,,,,,,,2026-10-02T00:11:00Z,No,1.4,7.5,Rays @ Braves,2026-09-08T23:15:00Z,Tue 07:15pm,Truist Park,outdoor,,,,,,,,,No,PHI,6.36,5,,,,0,9,0.091,over,171,0.091,171,0,Push
PrizePicks,MLB,233219,Drake Baldwin,C,ATL,Walks,0.5,TRUE,N/A,10/1/2026,12:36:36 PM,pre_game,MLB,demon,https://static.prizepicks.com/images/players/MLB/Drake_Baldwin_MLB_player_2bszMiBPtE84wfUl1dPBtueo-450.webp,15359541,0.50,29.6,70.4,-6.87,70.4,Under,https://www.freeiconspng.com/img/1934,2026-10-02T00:11:00Z,No,1.4,7.5,Rays @ Braves,2026-09-08T23:15:00Z,Tue 07:15pm,Truist Park,outdoor,,-238.000,-238.000,9/8/2026,0.296,,,,No,PHI,5.72,2.79,29.6,70.4,29.6,0.3,18,-0.0067,under,0.79,0.289304,0.47,0.5,Push
PrizePicks,MLB,73988,Bryce Harper,IF,PHI,Walks,0.5,TRUE,N/A,10/1/2026,12:36:36 PM,pre_game,MLB,demon,https://static.prizepicks.com/images/players/MLB/Bryce_Harper_MLB_player_mhsTcoXtjRH4vlcux7XU1Zyy-450.webp,15359544,0.50,39.75,60.25,-7.49,60.25,Under,https://www.freeiconspng.com/img/1934,2026-10-02T00:11:00Z,No,1.4,7.5,Astros @ Phillies,2026-09-08T22:40:00Z,Tue 06:40pm,Citizens Bank Park,outdoor,NBCS-PH,-152.000,-152.000,9/8/2026,0.398,,,,No,ATL,5.8,2.28,39.75,60.25,39.75,0.4,29,-0.0342,under,0.61,0.3633,0.47,0.5,Push
PrizePicks,MLB,69890,Brandon Marsh,OF,PHI,Total Bases,0.5,TRUE,N/A,10/1/2026,12:36:36 PM,pre_game,MLB,goblin,https://static.prizepicks.com/images/players/MLB/Brandon_Marsh_MLB_player_JZ5RTWUyIllOGkmAwyKUtF5H-450.webp,15359547,,,,,,,,2026-10-02T00:11:00Z,Yes,-1.4,7.5,Astros @ Phillies,2026-09-08T22:40:00Z,Tue 06:40pm,Citizens Bank Park,outdoor,NBCS-PH,,,,,,,,No,ATL,5.17,2.53,,,,0,17,-0.05111,under,0.66,-0.051106,0.58,0.5,Push
PrizePicks,MLB,67555,Ronald Acuña Jr.,OF,ATL,Walks,0.5,TRUE,N/A,10/1/2026,12:36:36 PM,pre_game,MLB,demon,https://static.prizepicks.com/images/players/MLB/Ronald_Acu%C3%B1a_MLB_player_tUwoDZ2wW0mEiTxchuRbbAHl-450.webp,15359551,0.50,32.44,67.56,-7.44,67.56,Under,https://www.freeiconspng.com/img/1934,2026-10-02T00:11:00Z,No,1.4,7.5,Rays @ Braves,2026-09-08T23:15:00Z,Tue 07:15pm,Truist Park,outdoor,,-208.000,-208.000,,0.324,,,,No,-,7.21,3.5,32.44,67.56,32.44,0.32,,0,,0.89,,0.57,0.5,Push
PrizePicks,MLB,329541,Bryan De La Cruz,OF,PHI,Runs,0.5,TRUE,N/A,10/1/2026,12:36:36 PM,pre_game,MLB,demon,https://static.prizepicks.com/images/players/MLB/Bryan_De_La_Cruz_MLB_player_FcR0a7NWdTVQMdvB7Oll4FDI-450.webp,15359552,0.50,29.51,70.49,-6.78,70.49,Under,https://www.freeiconspng.com/img/1934,2026-10-02T00:11:00Z,No,1.4,7.5,Astros @ Phillies,2026-09-08T22:40:00Z,Tue 06:40pm,Citizens Bank Park,outdoor,NBCS-PH,-239.000,-239.000,,0.295,,,,No,,,3.5,29.51,70.49,29.51,0.3,,0,,0.98,,0.64,0,Good Bet
PrizePicks,MLB,67614,Matt Olson,IF,ATL,Total Bases,0.5,TRUE,N/A,10/1/2026,12:36:36 PM,pre_game,MLB,goblin,https://static.prizepicks.com/images/players/MLB/Matthew_Olson_MLB_player_NDhzwn6hkBC70gLyFChsulYT-450.webp,15359553,,,,,,,,2026-10-02T00:11:00Z,No,1.4,7.5,Rays @ Braves,2026-09-08T23:15:00Z,Tue 07:15pm,Truist Park,outdoor,,,,,,,,,No,PHI,6.36,2.78,,,,0,19,-0.08201,under,0.7,-0.08201,0.6,0.5,Push
PrizePicks,MLB,67940,Alec Bohm,IF,PHI,Walks,0.5,TRUE,N/A,10/1/2026,12:36:36 PM,pre_game,MLB,demon,https://static.prizepicks.com/images/players/MLB/Alec_Bohm_MLB_player_kikYiFKsWk4374Ra6YncvWQy-450.webp,15359554,0.50,28.72,71.28,-6.74,71.28,Under,https://www.freeiconspng.com/img/1934,2026-10-02T00:11:00Z,No,1.4,7.5,Astros @ Phillies,2026-09-08T22:40:00Z,Tue 06:40pm,Citizens Bank Park,outdoor,NBCS-PH,-248.000,-248.000,9/8/2026,0.287,,,,No,ATL,6.5,2.75,28.72,71.28,28.72,0.29,29,-0.04125,under,0.68,0.24595,0.43,0.5,Push
PrizePicks,MLB,329541,Bryan De La Cruz,OF,PHI,Doubles,0.5,TRUE,N/A,10/1/2026,12:36:36 PM,pre_game,MLB,demon,https://static.prizepicks.com/images/players/MLB/Bryan_De_La_Cruz_MLB_player_FcR0a7NWdTVQMdvB7Oll4FDI-450.webp,15359556,0.50,16.75,83.25,-4.85,83.25,Under,https://www.freeiconspng.com/img/1934,2026-10-02T00:11:00Z,No,1.4,7.5,Astros @ Phillies,2026-09-08T22:40:00Z,Tue 06:40pm,Citizens Bank Park,outdoor,NBCS-PH,-497.000,-497.000,,0.168,,,,No,,,3.5,16.75,83.25,16.75,0.17,,0,,0.98,,0.57,0,Good Bet
PrizePicks,MLB,67614,Matt Olson,IF,ATL,Walks,0.5,TRUE,N/A,10/1/2026,12:36:36 PM,pre_game,MLB,demon,https://static.prizepicks.com/images/players/MLB/Matthew_Olson_MLB_player_NDhzwn6hkBC70gLyFChsulYT-450.webp,15359557,0.50,35.1,64.9,-7.32,64.9,Under,https://www.freeiconspng.com/img/1934,2026-10-02T00:11:00Z,No,1.4,7.5,Rays @ Braves,2026-09-08T23:15:00Z,Tue 07:15pm,Truist Park,outdoor,,-185.000,-185.000,9/8/2026,0.351,,,,No,PHI,6.36,2.78,35.1,64.9,35.1,0.35,18,-0.00667,under,0.7,0.344328,0.47,0.5,Push
PrizePicks,MLB,329541,Bryan De La Cruz,OF,PHI,RBIs,0.5,TRUE,N/A,10/1/2026,12:36:36 PM,pre_game,MLB,demon,https://static.prizepicks.com/images/players/MLB/Bryan_De_La_Cruz_MLB_player_FcR0a7NWdTVQMdvB7Oll4FDI-450.webp,15359561,,,,,,,,2026-10-02T00:11:00Z,Yes,-1.4,7.5,Astros @ Phillies,2026-09-08T22:40:00Z,Tue 06:40pm,Citizens Bank Park,outdoor,NBCS-PH,,,,,,,,No,,,3.5,,,,0,,0,,0.98,,0.98,0,Push
PrizePicks,MLB,309068,Mauricio Dubón,OF,ATL,Total Bases,0.5,TRUE,N/A,10/1/2026,12:36:36 PM,pre_game,MLB,goblin,https://static.prizepicks.com/images/manual/Mauricio Dubón.png,15359562,,,,,,,,2026-10-02T00:11:00Z,No,1.4,7.5,Rays @ Braves,2026-09-08T23:15:00Z,Tue 07:15pm,Truist Park,outdoor,,,,,,,,,No,PHI,4.5,2.03,,,,0,19,-0.05988,under,0.56,-0.059885,0.53,0.5,Push
PrizePicks,MLB,127250,Ozzie Albies,IF,ATL,Total Bases,0.5,TRUE,N/A,10/1/2026,12:36:36 PM,pre_game,MLB,goblin,https://static.prizepicks.com/images/players/MLB/Ozhaino_Albies_MLB_player_G3gl7zvDUXIaQWzRdOQkGkTS-450.webp,15359563,,,,,,,,2026-10-02T00:11:00Z,No,1.4,7.5,Rays @ Braves,2026-09-08T23:15:00Z,Tue 07:15pm,Truist Park,outdoor,,,,,,,,,No,PHI,4.46,1.98,,,,0,19,-0.05841,under,0.47,-0.05841,0.49,0.5,Push
PrizePicks,MLB,67532,Kyle Schwarber,DH,PHI,Hitter Strikeouts,0.5,TRUE,N/A,10/1/2026,12:36:36 PM,pre_game,MLB,goblin,https://static.prizepicks.com/images/players/MLB/Kyle_Schwarber_MLB_player_68nHEJrjzq1CxWv0nqnyV0Tj-450.webp,15359564,,,,,,,,2026-10-02T00:11:00Z,Yes,-1.4,7.5,Astros @ Phillies,2026-09-08T22:40:00Z,Tue 06:40pm,Citizens Bank Park,outdoor,NBCS-PH,,,,,,,,No,ATL,7.09,5,,,,0,7,0.0945,over,220,0.0945,220,0,Push
PrizePicks,MLB,67558,Austin Riley,IF,ATL,Total Bases,0.5,TRUE,N/A,10/1/2026,12:36:36 PM,pre_game,MLB,goblin,https://static.prizepicks.com/images/players/MLB/Michael_Riley_MLB_player_mZ93NJZS0EsLvYCwgHVNsy32-450.webp,15359568,,,,,,,,2026-10-02T00:11:00Z,No,1.4,7.5,Rays @ Braves,2026-09-08T23:15:00Z,Tue 07:15pm,Truist Park,outdoor,,,,,,,,,No,PHI,4.17,1.9,,,,0,19,-0.05605,under,0.42,-0.05605,0.46,0.5,Push
PrizePicks,MLB,67555,Ronald Acuña Jr.,OF,ATL,Singles,0.5,TRUE,N/A,10/1/2026,12:36:36 PM,pre_game,MLB,standard,https://static.prizepicks.com/images/players/MLB/Ronald_Acu%C3%B1a_MLB_player_tUwoDZ2wW0mEiTxchuRbbAHl-450.webp,15359569,,,,,,,,2026-10-02T00:11:00Z,No,1.4,7.5,Rays @ Braves,2026-09-08T23:15:00Z,Tue 07:15pm,Truist Park,outdoor,,,,,,,,,No,-,7.21,3.5,,,,0,,0,,0.89,,0.7,0,Push
PrizePicks,MLB,69515,Bryson Stott,IF,PHI,Walks,0.5,TRUE,N/A,10/1/2026,12:36:36 PM,pre_game,MLB,demon,https://static.prizepicks.com/images/players/MLB/Bryson_Stott_MLB_player_R761z8GtmmBHjPjfJP9iL5x6-450.webp,15359571,0.50,30.54,69.46,-7.81,69.46,Under,https://www.freeiconspng.com/img/1934,2026-10-02T00:11:00Z,No,1.4,7.5,Astros @ Phillies,2026-09-08T22:40:00Z,Tue 06:40pm,Citizens Bank Park,outdoor,NBCS-PH,-227.000,-227.000,9/8/2026,0.305,,,,No,ATL,5.76,2.45,30.54,69.46,30.54,0.31,29,-0.03675,under,0.63,0.26865,0.43,0.5,Push
PrizePicks,MLB,309860,Justin Crawford,OF,PHI,Total Bases,0.5,TRUE,N/A,10/1/2026,12:36:36 PM,pre_game,MLB,goblin,https://static.prizepicks.com/images/manual/Justin Crawford.png,15359579,,,,,,,,2026-10-02T00:11:00Z,Yes,-1.4,7.5,Astros @ Phillies,2026-09-08T22:40:00Z,Tue 06:40pm,Citizens Bank Park,outdoor,NBCS-PH,,,,,,,,No,ATL,4.28,2.05,,,,0,17,-0.04141,under,0.54,-0.04141,0.52,0.5,Push
PrizePicks,MLB,127032,Trea Turner,IF,PHI,Runs,0.5,TRUE,N/A,10/1/2026,12:36:36 PM,pre_game,MLB,demon,https://static.prizepicks.com/images/players/MLB/Trea_Turner_MLB_player_PzSAbDCREg3T5256tVuvznWK-450.webp,15359583,0.50,45.06,54.94,-6.6,54.94,Under,https://www.freeiconspng.com/img/1934,2026-09-30T18:00:00Z,No,1.4,7.5,Astros @ Phillies,2026-09-08T22:40:00Z,Tue 06:40pm,Citizens Bank Park,outdoor,NBCS-PH,-122.000,-122.000,9/8/2026,0.451,,,,No,ATL,6.32,2.52,45.06,54.94,45.06,0.45,10,0.0058,over,0.61,0.456396,0.5,0.5,Push
PrizePicks,MLB,69515,Bryson Stott,IF,PHI,Singles,0.5,TRUE,N/A,10/1/2026,12:36:36 PM,pre_game,MLB,standard,https://static.prizepicks.com/images/players/MLB/Bryson_Stott_MLB_player_R761z8GtmmBHjPjfJP9iL5x6-450.webp,15359584,,,,,,,,2026-10-02T00:11:00Z,Yes,-1.4,7.5,Astros @ Phillies,2026-09-08T22:40:00Z,Tue 06:40pm,Citizens Bank Park,outdoor,NBCS-PH,,,,,,,,No,ATL,5.76,2.45,,,,0,17,-0.04949,under,0.63,-0.04949,0.56,0,Push
PrizePicks,MLB,73988,Bryce Harper,IF,PHI,Total Bases,0.5,TRUE,N/A,10/1/2026,12:36:36 PM,pre_game,MLB,goblin,https://static.prizepicks.com/images/players/MLB/Bryce_Harper_MLB_player_mhsTcoXtjRH4vlcux7XU1Zyy-450.webp,15359588,,,,,,,,2026-10-02T00:11:00Z,Yes,-1.4,7.5,Astros @ Phillies,2026-09-08T22:40:00Z,Tue 06:40pm,Citizens Bank Park,outdoor,NBCS-PH,,,,,,,,No,ATL,5.8,2.28,,,,0,17,-0.04606,under,0.61,-0.046056,1.06,1.5,Push
PrizePicks,MLB,329541,Bryan De La Cruz,OF,PHI,Total Bases,0.5,TRUE,N/A,10/1/2026,12:36:36 PM,pre_game,MLB,standard,https://static.prizepicks.com/images/players/MLB/Bryan_De_La_Cruz_MLB_player_FcR0a7NWdTVQMdvB7Oll4FDI-450.webp,15359590,,,,,,,,2026-10-02T00:11:00Z,Yes,-1.4,7.5,Astros @ Phillies,2026-09-08T22:40:00Z,Tue 06:40pm,Citizens Bank Park,outdoor,NBCS-PH,,,,,,,,No,,,3.5,,,,0,,0,,0.98,,0.74,0,Push
PrizePicks,MLB,73988,Bryce Harper,IF,PHI,Singles,0.5,TRUE,N/A,10/1/2026,12:36:36 PM,pre_game,MLB,standard,https://static.prizepicks.com/images/players/MLB/Bryce_Harper_MLB_player_mhsTcoXtjRH4vlcux7XU1Zyy-450.webp,15359591,,,,,,,,2026-10-02T00:11:00Z,Yes,-1.4,7.5,Astros @ Phillies,2026-09-08T22:40:00Z,Tue 06:40pm,Citizens Bank Park,outdoor,NBCS-PH,,,,,,,,No,ATL,5.8,2.28,,,,0,17,-0.04606,under,0.61,-0.046056,0.56,0,Push
PrizePicks,MLB,69515,Bryson Stott,IF,PHI,Total Bases,0.5,TRUE,N/A,10/1/2026,12:36:36 PM,pre_game,MLB,goblin,https://static.prizepicks.com/images/players/MLB/Bryson_Stott_MLB_player_R761z8GtmmBHjPjfJP9iL5x6-450.webp,15359596,,,,,,,,2026-10-02T00:11:00Z,Yes,-1.4,7.5,Astros @ Phillies,2026-09-08T22:40:00Z,Tue 06:40pm,Citizens Bank Park,outdoor,NBCS-PH,,,,,,,,No,ATL,5.76,2.45,,,,0,17,-0.04949,under,0.63,-0.04949,0.56,0.5,Push
PrizePicks,MLB,67555,Ronald Acuña Jr.,OF,ATL,Total Bases,0.5,TRUE,N/A,10/1/2026,12:36:36 PM,pre_game,MLB,goblin,https://static.prizepicks.com/images/players/MLB/Ronald_Acu%C3%B1a_MLB_player_tUwoDZ2wW0mEiTxchuRbbAHl-450.webp,15359597,,,,,,,,2026-10-02T00:11:00Z,No,1.4,7.5,Rays @ Braves,2026-09-08T23:15:00Z,Tue 07:15pm,Truist Park,outdoor,,,,,,,,,No,-,7.21,3.5,,,,0,,0,,0.89,,1.2,1.5,Push
PrizePicks,MLB,329541,Bryan De La Cruz,OF,PHI,Singles,0.5,TRUE,N/A,10/1/2026,12:36:36 PM,pre_game,MLB,demon,https://static.prizepicks.com/images/players/MLB/Bryan_De_La_Cruz_MLB_player_FcR0a7NWdTVQMdvB7Oll4FDI-450.webp,15359598,,,,,,,,2026-10-02T00:11:00Z,Yes,-1.4,7.5,Astros @ Phillies,2026-09-08T22:40:00Z,Tue 06:40pm,Citizens Bank Park,outdoor,NBCS-PH,,,,,,,,No,,,3.5,,,,0,,0,,0.98,,0.98,0,Push
PrizePicks,MLB,67634,J.T. Realmuto,C,PHI,Walks,0.5,TRUE,N/A,10/1/2026,12:36:36 PM,pre_game,MLB,demon,https://static.prizepicks.com/images/players/MLB/Jacob_Realmuto_MLB_player_qUdvpTDV1nY6g19qkvI7KEEH-450.webp,15359601,0.50,26.09,73.91,-7.4,73.91,Under,https://www.freeiconspng.com/img/1934,2026-10-02T00:11:00Z,No,1.4,7.5,Astros @ Phillies,2026-09-08T22:40:00Z,Tue 06:40pm,Citizens Bank Park,outdoor,NBCS-PH,-283.000,-283.000,9/8/2026,0.261,,,,No,,,3.5,26.09,73.91,26.09,0.26,,0,,0.72,,0.49,0.5,Push
PrizePicks,MLB,233219,Drake Baldwin,C,ATL,Total Bases,0.5,TRUE,N/A,10/1/2026,12:36:36 PM,pre_game,MLB,goblin,https://static.prizepicks.com/images/players/MLB/Drake_Baldwin_MLB_player_2bszMiBPtE84wfUl1dPBtueo-450.webp,15359604,,,,,,,,2026-10-02T00:11:00Z,No,1.4,7.5,Rays @ Braves,2026-09-08T23:15:00Z,Tue 07:15pm,Truist Park,outdoor,,,,,,,,,No,PHI,5.72,2.79,,,,0,19,-0.08231,under,0.79,-0.082305,1.15,1.5,Push
PrizePicks,MLB,68832,Michael Harris II,OF,ATL,Singles,0.5,TRUE,N/A,10/1/2026,12:36:36 PM,pre_game,MLB,standard,https://static.prizepicks.com/images/players/MLB/Michael_Harris_MLB_player_ZkXYVk5eP3OK6w4UecYW3tdb-450.webp,15359605,,,,,,,,2026-10-02T00:11:00Z,No,1.4,7.5,Rays @ Braves,2026-09-08T23:15:00Z,Tue 07:15pm,Truist Park,outdoor,,,,,,,,,No,PHI,5.62,2.39,,,,0,19,-0.0705,under,0.7,-0.070505,0.6,0,Push
PrizePicks,MLB,127250,Ozzie Albies,IF,ATL,Singles,0.5,TRUE,N/A,10/1/2026,12:36:36 PM,pre_game,MLB,demon,https://static.prizepicks.com/images/players/MLB/Ozhaino_Albies_MLB_player_G3gl7zvDUXIaQWzRdOQkGkTS-450.webp,15359606,,,,,,,,2026-10-02T00:11:00Z,No,1.4,7.5,Rays @ Braves,2026-09-08T23:15:00Z,Tue 07:15pm,Truist Park,outdoor,,,,,,,,,No,PHI,4.46,1.98,,,,0,19,-0.05841,under,0.47,-0.05841,0.47,0,Push
PrizePicks,MLB,127032,Trea Turner,IF,PHI,Total Bases,0.5,TRUE,N/A,10/1/2026,12:36:36 PM,pre_game,MLB,goblin,https://static.prizepicks.com/images/players/MLB/Trea_Turner_MLB_player_PzSAbDCREg3T5256tVuvznWK-450.webp,15359607,,,,,,,,2026-10-02T00:11:00Z,Yes,-1.4,7.5,Astros @ Phillies,2026-09-08T22:40:00Z,Tue 06:40pm,Citizens Bank Park,outdoor,NBCS-PH,,,,,,,,No,ATL,6.32,2.52,,,,0,17,-0.0509,under,0.61,-0.050904,1.05,1.5,Push
PrizePicks,MLB,233219,Drake Baldwin,C,ATL,Singles,0.5,TRUE,N/A,10/1/2026,12:36:36 PM,pre_game,MLB,standard,https://static.prizepicks.com/images/players/MLB/Drake_Baldwin_MLB_player_2bszMiBPtE84wfUl1dPBtueo-450.webp,15359608,,,,,,,,2026-10-02T00:11:00Z,No,1.4,7.5,Rays @ Braves,2026-09-08T23:15:00Z,Tue 07:15pm,Truist Park,outdoor,,,,,,,,,No,PHI,5.72,2.79,,,,0,19,-0.08231,under,0.79,-0.082305,0.65,0,Push
PrizePicks,MLB,310126,Mike Yastrzemski,OF,ATL,Walks,0.5,TRUE,N/A,10/1/2026,12:36:36 PM,pre_game,MLB,demon,https://static.prizepicks.com/images/manual/Mike Yastrzemski.png,15359614,0.50,27.46,72.54,-8.04,72.54,Under,https://www.freeiconspng.com/img/1934,2026-10-02T00:11:00Z,No,1.4,7.5,Rays @ Braves,2026-09-08T23:15:00Z,Tue 07:15pm,Truist Park,outdoor,,-264.000,-264.000,9/8/2026,0.275,,,,No,PHI,3.97,2,27.46,72.54,27.46,0.27,18,-0.0048,under,0.45,0.2698,0.37,0.5,Push
PrizePicks,MLB,310126,Mike Yastrzemski,OF,ATL,Hits,0.5,TRUE,N/A,10/1/2026,12:36:36 PM,pre_game,MLB,standard,https://static.prizepicks.com/images/manual/Mike Yastrzemski.png,15359616,0.50,51.17,48.83,-8.98,51.17,Over,https://www.freeiconspng.com/img/1934,2026-10-02T00:11:00Z,No,1.4,7.5,Rays @ Braves,2026-09-08T23:15:00Z,Tue 07:15pm,Truist Park,outdoor,,-105.000,-105.000,9/8/2026,0.512,,,,No,PHI,3.97,2,51.17,48.83,51.17,0.51,22,-0.0076,under,0.45,0.5041,0.49,0.5,Push
PrizePicks,MLB,310126,Mike Yastrzemski,OF,ATL,Total Bases,0.5,TRUE,N/A,10/1/2026,12:36:36 PM,pre_game,MLB,standard,https://static.prizepicks.com/images/manual/Mike Yastrzemski.png,15359617,,,,,,,,2026-10-02T00:11:00Z,No,1.4,7.5,Rays @ Braves,2026-09-08T23:15:00Z,Tue 07:15pm,Truist Park,outdoor,,,,,,,,,No,PHI,3.97,2,,,,0,19,-0.059,under,0.45,-0.059,0.48,0.5,Push
PrizePicks,MLB,127255,Sean Murphy,C,ATL,Walks,0.5,TRUE,N/A,10/1/2026,12:36:36 PM,pre_game,MLB,demon,https://static.prizepicks.com/images/players/MLB/Sean_Murphy_MLB_player_GSWZPCMTBYwlQ07NFA0MEl9x-450.webp,15359625,0.50,25.43,74.57,-7.41,74.57,Under,https://www.freeiconspng.com/img/1934,2026-10-02T00:11:00Z,No,1.4,7.5,Rays @ Braves,2026-09-08T23:15:00Z,Tue 07:15pm,Truist Park,outdoor,,-293.000,-293.000,9/8/2026,0.254,,,,No,PHI,3.9,1.76,25.43,74.57,25.43,0.25,18,-0.00422,under,0.32,0.250076,0.33,0.5,Push
PrizePicks,MLB,127255,Sean Murphy,C,ATL,Hits,0.5,TRUE,N/A,10/1/2026,12:36:36 PM,pre_game,MLB,standard,https://static.prizepicks.com/images/players/MLB/Sean_Murphy_MLB_player_GSWZPCMTBYwlQ07NFA0MEl9x-450.webp,15359627,0.50,48.97,51.03,-6.78,51.03,Under,https://www.freeiconspng.com/img/1934,2026-10-02T00:11:00Z,No,1.4,7.5,Rays @ Braves,2026-09-08T23:15:00Z,Tue 07:15pm,Truist Park,outdoor,,-104.000,-104.000,9/8/2026,0.490,,,,No,PHI,3.9,1.76,48.97,51.03,51.03,0.49,22,-0.00669,under,0.32,0.483012,0.46,0.5,Best Bet
PrizePicks,MLB,127255,Sean Murphy,C,ATL,Total Bases,0.5,TRUE,N/A,10/1/2026,12:36:36 PM,pre_game,MLB,standard,https://static.prizepicks.com/images/players/MLB/Sean_Murphy_MLB_player_GSWZPCMTBYwlQ07NFA0MEl9x-450.webp,15359629,,,,,,,,2026-10-02T00:11:00Z,No,1.4,7.5,Rays @ Braves,2026-09-08T23:15:00Z,Tue 07:15pm,Truist Park,outdoor,,,,,,,,,No,PHI,3.9,1.76,,,,0,19,-0.05192,under,0.32,-0.05192,0.44,0.5,Push
PrizePicks,MLB,67532,Kyle Schwarber,DH,PHI,Runs,0.5,TRUE,N/A,10/1/2026,12:36:36 PM,pre_game,MLB,demon,https://static.prizepicks.com/images/players/MLB/Kyle_Schwarber_MLB_player_68nHEJrjzq1CxWv0nqnyV0Tj-450.webp,15364948,0.50,47.2,52.8,-5.53,52.8,Under,https://www.freeiconspng.com/img/1934,2026-10-02T00:11:00Z,No,1.4,7.5,Astros @ Phillies,2026-09-08T22:40:00Z,Tue 06:40pm,Citizens Bank Park,outdoor,NBCS-PH,-112.000,-112.000,9/8/2026,0.472,,,,No,ATL,7.09,3.2,47.2,52.8,47.2,0.47,10,0.00736,over,0.74,0.47936,0.55,0.5,Push
PrizePicks,MLB,329541,Bryan De La Cruz,OF,PHI,Hitter Strikeouts,0.5,TRUE,N/A,10/1/2026,12:36:36 PM,pre_game,MLB,goblin,https://static.prizepicks.com/images/players/MLB/Bryan_De_La_Cruz_MLB_player_FcR0a7NWdTVQMdvB7Oll4FDI-450.webp,15365210,,,,,,,,2026-10-02T00:11:00Z,Yes,-1.4,7.5,Astros @ Phillies,2026-09-08T22:40:00Z,Tue 06:40pm,Citizens Bank Park,outdoor,NBCS-PH,,,,,,,,No,,,5,,,,0,,0,,18,,18,0,Push
PrizePicks,MLB,67555,Ronald Acuña Jr.,OF,ATL,Hitter Strikeouts,0.5,TRUE,N/A,10/1/2026,12:36:36 PM,pre_game,MLB,goblin,https://static.prizepicks.com/images/players/MLB/Ronald_Acu%C3%B1a_MLB_player_tUwoDZ2wW0mEiTxchuRbbAHl-450.webp,15365211,,,,,,,,2026-10-02T00:11:00Z,No,1.4,7.5,Rays @ Braves,2026-09-08T23:15:00Z,Tue 07:15pm,Truist Park,outdoor,,,,,,,,,No,-,7.21,5,,,,0,,0,,103,,103,0,Push
PrizePicks,MLB,69890,Brandon Marsh,OF,PHI,Hitter Strikeouts,0.5,TRUE,N/A,10/1/2026,12:36:36 PM,pre_game,MLB,goblin,https://static.prizepicks.com/images/players/MLB/Brandon_Marsh_MLB_player_JZ5RTWUyIllOGkmAwyKUtF5H-450.webp,15365212,,,,,,,,2026-10-02T00:11:00Z,Yes,-1.4,7.5,Astros @ Phillies,2026-09-08T22:40:00Z,Tue 06:40pm,Citizens Bank Park,outdoor,NBCS-PH,,,,,,,,No,ATL,5.17,5,,,,0,7,0.0945,over,142,0.0945,142,0,Push
PrizePicks,MLB,309860,Justin Crawford,OF,PHI,Hitter Strikeouts,0.5,TRUE,N/A,10/1/2026,12:36:36 PM,pre_game,MLB,goblin,https://static.prizepicks.com/images/manual/Justin Crawford.png,15365213,,,,,,,,2026-10-02T00:11:00Z,Yes,-1.4,7.5,Astros @ Phillies,2026-09-08T22:40:00Z,Tue 06:40pm,Citizens Bank Park,outdoor,NBCS-PH,,,,,,,,No,ATL,4.28,5,,,,0,7,0.0945,over,82,0.0945,82,0,Push
PrizePicks,MLB,67634,J.T. Realmuto,C,PHI,Hitter Strikeouts,0.5,TRUE,N/A,10/1/2026,12:36:36 PM,pre_game,MLB,goblin,https://static.prizepicks.com/images/players/MLB/Jacob_Realmuto_MLB_player_qUdvpTDV1nY6g19qkvI7KEEH-450.webp,15365214,,,,,,,,2026-10-02T00:11:00Z,Yes,-1.4,7.5,Astros @ Phillies,2026-09-08T22:40:00Z,Tue 06:40pm,Citizens Bank Park,outdoor,NBCS-PH,,,,,,,,No,,,5,,,,0,,0,,100,,100,0,Push
PrizePicks,MLB,69515,Bryson Stott,IF,PHI,Hitter Strikeouts,0.5,TRUE,N/A,10/1/2026,12:36:36 PM,pre_game,MLB,goblin,https://static.prizepicks.com/images/players/MLB/Bryson_Stott_MLB_player_R761z8GtmmBHjPjfJP9iL5x6-450.webp,15365216,,,,,,,,2026-10-02T00:11:00Z,Yes,-1.4,7.5,Astros @ Phillies,2026-09-08T22:40:00Z,Tue 06:40pm,Citizens Bank Park,outdoor,NBCS-PH,,,,,,,,No,ATL,5.76,5,,,,0,7,0.0945,over,100,0.0945,100,0,Push
PrizePicks,MLB,68832,Michael Harris II,OF,ATL,Hitter Strikeouts,0.5,TRUE,N/A,10/1/2026,12:36:36 PM,pre_game,MLB,goblin,https://static.prizepicks.com/images/players/MLB/Michael_Harris_MLB_player_ZkXYVk5eP3OK6w4UecYW3tdb-450.webp,15365217,,,,,,,,2026-10-02T00:11:00Z,No,1.4,7.5,Rays @ Braves,2026-09-08T23:15:00Z,Tue 07:15pm,Truist Park,outdoor,,,,,,,,,No,PHI,5.62,5,,,,0,9,0.091,over,119,0.091,119,0,Push
PrizePicks,MLB,127250,Ozzie Albies,IF,ATL,Hitter Strikeouts,0.5,TRUE,N/A,10/1/2026,12:36:36 PM,pre_game,MLB,goblin,https://static.prizepicks.com/images/players/MLB/Ozhaino_Albies_MLB_player_G3gl7zvDUXIaQWzRdOQkGkTS-450.webp,15365218,,,,,,,,2026-10-02T00:11:00Z,No,1.4,7.5,Rays @ Braves,2026-09-08T23:15:00Z,Tue 07:15pm,Truist Park,outdoor,,,,,,,,,No,PHI,4.46,5,,,,0,9,0.091,over,105,0.091,105,0,Push
PrizePicks,MLB,233219,Drake Baldwin,C,ATL,Hitter Strikeouts,0.5,TRUE,N/A,10/1/2026,12:36:36 PM,pre_game,MLB,goblin,https://static.prizepicks.com/images/players/MLB/Drake_Baldwin_MLB_player_2bszMiBPtE84wfUl1dPBtueo-450.webp,15365219,,,,,,,,2026-10-02T00:11:00Z,No,1.4,7.5,Rays @ Braves,2026-09-08T23:15:00Z,Tue 07:15pm,Truist Park,outdoor,,,,,,,,,No,PHI,5.72,5,,,,0,9,0.091,over,132,0.091,132,0,Push
PrizePicks,MLB,127032,Trea Turner,IF,PHI,Hitter Strikeouts,0.5,TRUE,N/A,10/1/2026,12:36:36 PM,pre_game,MLB,goblin,https://static.prizepicks.com/images/players/MLB/Trea_Turner_MLB_player_PzSAbDCREg3T5256tVuvznWK-450.webp,15365220,,,,,,,,2026-10-02T00:11:00Z,Yes,-1.4,7.5,Astros @ Phillies,2026-09-08T22:40:00Z,Tue 06:40pm,Citizens Bank Park,outdoor,NBCS-PH,,,,,,,,No,ATL,6.32,5,,,,0,7,0.0945,over,147,0.0945,147,0,Push
PrizePicks,MLB,310126,Mike Yastrzemski,OF,ATL,Hitter Strikeouts,0.5,TRUE,N/A,10/1/2026,12:36:36 PM,pre_game,MLB,goblin,https://static.prizepicks.com/images/manual/Mike Yastrzemski.png,15365221,,,,,,,,2026-10-02T00:11:00Z,No,1.4,7.5,Rays @ Braves,2026-09-08T23:15:00Z,Tue 07:15pm,Truist Park,outdoor,,,,,,,,,No,PHI,3.97,5,,,,0,9,0.091,over,98,0.091,98,0,Push
PrizePicks,MLB,127255,Sean Murphy,C,ATL,Hitter Strikeouts,0.5,TRUE,N/A,10/1/2026,12:36:36 PM,pre_game,MLB,goblin,https://static.prizepicks.com/images/players/MLB/Sean_Murphy_MLB_player_GSWZPCMTBYwlQ07NFA0MEl9x-450.webp,15365222,,,,,,,,2026-10-02T00:11:00Z,No,1.4,7.5,Rays @ Braves,2026-09-08T23:15:00Z,Tue 07:15pm,Truist Park,outdoor,,,,,,,,,No,PHI,3.9,5,,,,0,9,0.091,over,37,0.091,37,0,Push
PrizePicks,MLB,309860,Justin Crawford,OF,PHI,Walks,0.5,TRUE,N/A,10/1/2026,12:36:36 PM,pre_game,MLB,demon,https://static.prizepicks.com/images/manual/Justin Crawford.png,15366216,0.50,19.72,80.28,-5.43,80.28,Under,https://www.freeiconspng.com/img/1934,2026-10-02T00:11:00Z,No,1.4,7.5,Astros @ Phillies,2026-09-08T22:40:00Z,Tue 06:40pm,Citizens Bank Park,outdoor,NBCS-PH,-407.000,-407.000,9/8/2026,0.197,,,,No,ATL,4.28,2.05,19.72,80.28,19.72,0.2,29,-0.03075,under,0.54,0.16645,0.3,0,Push
PrizePicks,MLB,309068,Mauricio Dubón,OF,ATL,Walks,0.5,TRUE,N/A,10/1/2026,12:36:36 PM,pre_game,MLB,demon,https://static.prizepicks.com/images/manual/Mauricio Dubón.png,15366336,0.50,21.32,78.68,-7.03,78.68,Under,https://www.freeiconspng.com/img/1934,2026-10-02T00:11:00Z,No,1.4,7.5,Rays @ Braves,2026-09-08T23:15:00Z,Tue 07:15pm,Truist Park,outdoor,,-369.000,-369.000,,0.213,,,,No,PHI,4.5,2.03,21.32,78.68,21.32,0.21,18,-0.00487,under,0.56,0.208328,0.33,0,Push
PrizePicks,MLB,309068,Mauricio Dubón,OF,ATL,Hitter Strikeouts,0.5,TRUE,N/A,10/1/2026,12:36:36 PM,pre_game,MLB,demon,https://static.prizepicks.com/images/manual/Mauricio Dubón.png,15367333,,,,,,,,2026-10-02T00:11:00Z,No,1.4,7.5,Rays @ Braves,2026-09-08T23:15:00Z,Tue 07:15pm,Truist Park,outdoor,,,,,,,,,No,PHI,4.5,5,,,,0,9,0.091,over,73,0.091,73,0,Push
PrizePicks,MLB,309860,Justin Crawford,OF,PHI,Singles,0.5,TRUE,N/A,10/1/2026,12:36:36 PM,pre_game,MLB,demon,https://static.prizepicks.com/images/manual/Justin Crawford.png,15368622,,,,,,,,2026-10-02T00:11:00Z,Yes,-1.4,7.5,Astros @ Phillies,2026-09-08T22:40:00Z,Tue 06:40pm,Citizens Bank Park,outdoor,NBCS-PH,,,,,,,,No,ATL,4.28,2.05,,,,0,17,-0.04141,under,0.54,-0.04141,0.54,0,Push
PrizePicks,MLB,74759,Edmundo Sosa,OF,PHI,Doubles,0.5,TRUE,N/A,10/1/2026,12:36:36 PM,pre_game,MLB,demon,https://static.prizepicks.com/images/players/MLB/Edmundo_Sosa_MLB_player_JIJ7g9fQHiTmGPC8SZmBl8oP-450.webp,15368841,0.50,17.43,82.57,-7.28,82.57,Under,https://www.freeiconspng.com/img/1934,2026-10-02T00:11:00Z,No,1.4,7.5,Astros @ Phillies,2026-09-08T22:40:00Z,Tue 06:40pm,Citizens Bank Park,outdoor,NBCS-PH,-474.000,-474.000,,0.174,,,,No,ATL,4.84,2.73,17.43,82.57,17.43,0.17,,0,,0.67,,0.42,0,Good Bet
PrizePicks,MLB,74759,Edmundo Sosa,OF,PHI,Home Runs,0.5,TRUE,N/A,10/1/2026,12:36:36 PM,pre_game,MLB,demon,https://static.prizepicks.com/images/players/MLB/Edmundo_Sosa_MLB_player_JIJ7g9fQHiTmGPC8SZmBl8oP-450.webp,15368842,0.50,15.67,84.33,-8.04,84.33,Under,https://www.freeiconspng.com/img/1934,2026-10-02T00:11:00Z,No,1.4,7.5,Astros @ Phillies,2026-09-08T22:40:00Z,Tue 06:40pm,Citizens Bank Park,outdoor,NBCS-PH,-538.000,-538.000,,0.157,,,,No,ATL,4.84,2.73,15.67,84.33,15.67,0.16,8,0.00874,over,0.67,0.165436,0.33,0,Push
PrizePicks,MLB,74759,Edmundo Sosa,OF,PHI,Hitter Strikeouts,0.5,TRUE,N/A,10/1/2026,12:36:36 PM,pre_game,MLB,goblin,https://static.prizepicks.com/images/players/MLB/Edmundo_Sosa_MLB_player_JIJ7g9fQHiTmGPC8SZmBl8oP-450.webp,15368843,,,,,,,,2026-10-02T00:11:00Z,Yes,-1.4,7.5,Astros @ Phillies,2026-09-08T22:40:00Z,Tue 06:40pm,Citizens Bank Park,outdoor,NBCS-PH,,,,,,,,No,ATL,4.84,5,,,,0,7,0.0945,over,54,0.0945,54,0,Push
PrizePicks,MLB,74759,Edmundo Sosa,OF,PHI,Total Bases,0.5,TRUE,N/A,10/1/2026,12:36:36 PM,pre_game,MLB,goblin,https://static.prizepicks.com/images/players/MLB/Edmundo_Sosa_MLB_player_JIJ7g9fQHiTmGPC8SZmBl8oP-450.webp,15368844,,,,,,,,2026-10-02T00:11:00Z,Yes,-1.4,7.5,Astros @ Phillies,2026-09-08T22:40:00Z,Tue 06:40pm,Citizens Bank Park,outdoor,NBCS-PH,,,,,,,,No,ATL,4.84,2.73,,,,0,17,-0.05515,under,0.67,-0.055146,0.67,0,Push
PrizePicks,MLB,74759,Edmundo Sosa,OF,PHI,Hits,0.5,TRUE,N/A,10/1/2026,12:36:36 PM,pre_game,MLB,goblin,https://static.prizepicks.com/images/players/MLB/Edmundo_Sosa_MLB_player_JIJ7g9fQHiTmGPC8SZmBl8oP-450.webp,15368847,0.50,58.92,41.08,-6.6,58.92,Over,https://www.freeiconspng.com/img/1934,2026-10-02T00:11:00Z,No,1.4,7.5,Astros @ Phillies,2026-09-08T22:40:00Z,Tue 06:40pm,Citizens Bank Park,outdoor,NBCS-PH,-143.000,-143.000,,0.589,,,,No,ATL,4.84,2.73,58.92,41.08,58.92,0.59,10,0.00655,over,0.67,0.595752,0.62,0,Great Bet
PrizePicks,MLB,74759,Edmundo Sosa,OF,PHI,Runs,0.5,TRUE,N/A,10/1/2026,12:36:36 PM,pre_game,MLB,demon,https://static.prizepicks.com/images/players/MLB/Edmundo_Sosa_MLB_player_JIJ7g9fQHiTmGPC8SZmBl8oP-450.webp,15368851,0.50,33.05,66.95,-7.41,66.95,Under,https://www.freeiconspng.com/img/1934,2026-10-02T00:11:00Z,No,1.4,7.5,Astros @ Phillies,2026-09-08T22:40:00Z,Tue 06:40pm,Citizens Bank Park,outdoor,NBCS-PH,-203.000,-203.000,,0.331,,,,No,ATL,4.84,2.73,33.05,66.95,33.05,0.33,10,0.00628,over,0.67,0.336779,0.45,0,Push
PrizePicks,MLB,74759,Edmundo Sosa,OF,PHI,Singles,0.5,TRUE,N/A,10/1/2026,12:36:36 PM,pre_game,MLB,demon,https://static.prizepicks.com/images/players/MLB/Edmundo_Sosa_MLB_player_JIJ7g9fQHiTmGPC8SZmBl8oP-450.webp,15368855,,,,,,,,2026-10-02T00:11:00Z,Yes,-1.4,7.5,Astros @ Phillies,2026-09-08T22:40:00Z,Tue 06:40pm,Citizens Bank Park,outdoor,NBCS-PH,,,,,,,,No,ATL,4.84,2.73,,,,0,17,-0.05515,under,0.67,-0.055146,0.67,0,Push
PrizePicks,MLB,74759,Edmundo Sosa,OF,PHI,Hits+Runs+RBIs,0.5,TRUE,N/A,10/1/2026,12:36:36 PM,pre_game,MLB,goblin,https://static.prizepicks.com/images/players/MLB/Edmundo_Sosa_MLB_player_JIJ7g9fQHiTmGPC8SZmBl8oP-450.webp,15368860,1.50,43.35,56.65,-4.13,56.65,Under,https://www.freeiconspng.com/img/1934,2026-10-02T00:11:00Z,No,1.4,7.5,Astros @ Phillies,2026-09-08T22:40:00Z,Tue 06:40pm,Citizens Bank Park,outdoor,NBCS-PH,-131.000,-131.000,,1.301,,,,No,ATL,4.84,2.73,62.73323152,37.26676848,62.73323152,1.3,9,0.0071,over,0.67,1.307598,1.09,0,Push
PrizePicks,MLB,74759,Edmundo Sosa,OF,PHI,RBIs,0.5,TRUE,N/A,10/1/2026,12:36:36 PM,pre_game,MLB,demon,https://static.prizepicks.com/images/players/MLB/Edmundo_Sosa_MLB_player_JIJ7g9fQHiTmGPC8SZmBl8oP-450.webp,15368861,,,,,,,,2026-10-02T00:11:00Z,Yes,-1.4,7.5,Astros @ Phillies,2026-09-08T22:40:00Z,Tue 06:40pm,Citizens Bank Park,outdoor,NBCS-PH,,,,,,,,No,ATL,4.84,2.73,,,,0,9,0.0071,over,0.67,0.007098,0.67,0,Push
PrizePicks,MLB,68133,Aaron Nola,P,PHI,Walks Allowed,0.5,TRUE,N/A,10/1/2026,12:36:36 PM,pre_game,MLB,goblin,https://static.prizepicks.com/images/players/MLB/Aaron_Nola_MLB_player_PQQEn8FwSTYP50BL3uYRjm7W-450.webp,15372769,,,,,,,,2026-10-02T00:11:00Z,Yes,-1.4,7.5,Astros @ Phillies,2026-09-08T22:40:00Z,Tue 06:40pm,Citizens Bank Park,outdoor,NBCS-PH,,,,,,,,No,ATL,18.87,0.77,,,,0,29,-0.01155,under,177,-0.01155,177,0,Push
PrizePicks,MLB,68133,Aaron Nola,P,PHI,Earned Runs Allowed,0.5,TRUE,N/A,10/1/2026,12:36:36 PM,pre_game,MLB,goblin,https://static.prizepicks.com/images/players/MLB/Aaron_Nola_MLB_player_PQQEn8FwSTYP50BL3uYRjm7W-450.webp,15372797,,,,,,,,2026-10-02T00:11:00Z,Yes,-1.4,7.5,Astros @ Phillies,2026-09-08T22:40:00Z,Tue 06:40pm,Citizens Bank Park,outdoor,NBCS-PH,,,,,,,,No,ATL,18.87,0.77,,,,0,17,-0.01555,under,177,-0.015554,177,0,Push
PrizePicks,MLB,198398,Ray Kerr,P,ATL,Earned Runs Allowed,0.5,TRUE,N/A,10/1/2026,12:36:36 PM,pre_game,MLB,demon,https://static.prizepicks.com/images/manual/Ray Kerr.webp,15373824,,,,,,,,2026-10-02T00:11:00Z,No,1.4,7.5,Rays @ Braves,2026-09-08T23:15:00Z,Tue 07:15pm,Truist Park,outdoor,,,,,,8/4/2026,Day-To-Day,May 8: Atlanta re-signed Kerr (elbow) to a minor-league contract Tuesday.,No,,,3.5,,,,0,,0,,9,,9,0,Push
PrizePicks,MLB,198398,Ray Kerr,P,ATL,Walks Allowed,0.5,TRUE,N/A,10/1/2026,12:36:36 PM,pre_game,MLB,demon,https://static.prizepicks.com/images/manual/Ray Kerr.webp,15373832,,,,,,,,2026-10-02T00:11:00Z,No,1.4,7.5,Rays @ Braves,2026-09-08T23:15:00Z,Tue 07:15pm,Truist Park,outdoor,,,,,,8/4/2026,Day-To-Day,May 8: Atlanta re-signed Kerr (elbow) to a minor-league contract Tuesday.,No,,,3.5,,,,0,,0,,9,,9,0,Push
PrizePicks,MLB,329541,Bryan De La Cruz,OF,PHI,Hits,0.5,TRUE,N/A,10/1/2026,12:36:36 PM,pre_game,MLB,goblin,https://static.prizepicks.com/images/players/MLB/Bryan_De_La_Cruz_MLB_player_FcR0a7NWdTVQMdvB7Oll4FDI-450.webp,15373883,0.50,54.55,45.45,-5.45,54.55,Over,https://www.freeiconspng.com/img/1934,2026-10-02T00:11:00Z,No,1.4,7.5,Astros @ Phillies,2026-09-08T22:40:00Z,Tue 06:40pm,Citizens Bank Park,outdoor,NBCS-PH,-120.000,-120.000,,0.546,,,,No,,,3.5,54.55,45.45,54.55,0.55,,0,,0.98,,0.76,0,Great Bet
PrizePicks,MLB,198398,Ray Kerr,P,ATL,Hits Allowed,0.5,TRUE,N/A,10/1/2026,12:36:36 PM,pre_game,MLB,goblin,https://static.prizepicks.com/images/manual/Ray Kerr.webp,15373887,,,,,,,,2026-10-02T00:11:00Z,No,1.4,7.5,Rays @ Braves,2026-09-08T23:15:00Z,Tue 07:15pm,Truist Park,outdoor,,,,,,8/4/2026,Day-To-Day,May 8: Atlanta re-signed Kerr (elbow) to a minor-league contract Tuesday.,No,,,3.5,,,,0,,0,,9,,9,0,Push
PrizePicks,MLB,204751,Grant Holmes,P,ATL,Walks Allowed,0.5,TRUE,N/A,10/1/2026,12:36:36 PM,pre_game,MLB,goblin,https://static.prizepicks.com/images/players/MLB/Harrison_Holmes_MLB_player_DHWD1gRO6oF5JtHsHcprtl96-450.webp,15374062,,,,,,,,2026-10-02T00:11:00Z,No,1.4,7.5,Rays @ Braves,2026-09-08T23:15:00Z,Tue 07:15pm,Truist Park,outdoor,,,,,,,,,No,,,3.5,,,,0,,0,,136,,136,0,Push
PrizePicks,MLB,204751,Grant Holmes,P,ATL,Earned Runs Allowed,0.5,TRUE,N/A,10/1/2026,12:36:36 PM,pre_game,MLB,goblin,https://static.prizepicks.com/images/players/MLB/Harrison_Holmes_MLB_player_DHWD1gRO6oF5JtHsHcprtl96-450.webp,15374063,,,,,,,,2026-10-02T00:11:00Z,No,1.4,7.5,Rays @ Braves,2026-09-08T23:15:00Z,Tue 07:15pm,Truist Park,outdoor,,,,,,,,,No,,,3.5,,,,0,,0,,136,,136,0,Push
PrizePicks,MLB,198398,Ray Kerr,P,ATL,Pitcher Strikeouts,0.5,TRUE,N/A,10/1/2026,12:36:36 PM,pre_game,MLB,goblin,https://static.prizepicks.com/images/manual/Ray Kerr.webp,15374669,0.50,65.71,34.29,-3.99,65.71,Over,https://www.freeiconspng.com/img/1934,2026-10-02T00:11:00Z,No,1.4,7.5,Rays @ Braves,2026-09-08T23:15:00Z,Tue 07:15pm,Truist Park,outdoor,,-192.000,-192.000,,0.657,8/4/2026,Day-To-Day,May 8: Atlanta re-signed Kerr (elbow) to a minor-league contract Tuesday.,No,,,5,65.71,34.29,65.71,0.66,,0,,3.04,,1.85,0,Great Bet
PrizePicks,MLB,67669,José Ramírez,IF,CLE,Hitter Fantasy Score,12.5,TRUE,N/A,10/3/2026,5:36:36 AM,pre_game,MLB,demon,https://static.prizepicks.com/images/players/MLB/Jos%C3%A9_Ram%C3%ADrez_MLB_player_WzQsklw2gpPqHAZQC4Vjg4S3-450.webp,15375108,,,,,,Push,,,Yes,-1.4,6.9,Guardians @ Orioles,2026-09-08T22:35:00Z,Tue 06:35pm,Oriole Park at Camden Yards,outdoor,,,,,,,,,No,,,3.5,,,,6.5,,0,,8.47,,7.16,6.5,Push
PrizePicks,MLB,205264,Miguel Vargas,IF,CWS,Hitter Fantasy Score,10.5,TRUE,N/A,10/3/2026,5:36:36 AM,pre_game,MLB,demon,https://static.prizepicks.com/images/players/MLB/Miguel_Vargas_MLB_player_G8lSuTxbs8GHQpczU4L0qDkR-450.webp,15375093,,,,,,Push,,,Yes,-1.4,6.9,Pirates @ White Sox,2026-09-08T23:40:00Z,Tue 07:40pm,Rate Field,outdoor,,,,,,,,,No,,,3.5,,,,6.5,,0,,9.87,,7.62,6.5,Push
PrizePicks,MLB,67698,Steven Kwan,OF,CLE,Hitter Fantasy Score,10.5,TRUE,N/A,10/3/2026,5:36:36 AM,pre_game,MLB,demon,https://static.prizepicks.com/images/players/MLB/Steven_Kwan_MLB_player_ntXGz6Uewr9nyMV3MgkiDLnt-450.webp,15375102,,,,,,Push,,,Yes,-1.4,6.9,Guardians @ Orioles,2026-09-08T22:35:00Z,Tue 06:35pm,Oriole Park at Camden Yards,outdoor,,,,,,,,,No,,,3.5,,,,6.5,,0,,6.93,,6.64,6.5,Push
PrizePicks,MLB,266831,Chase DeLauter,OF,CLE,Hitter Fantasy Score,10.5,TRUE,N/A,10/3/2026,5:36:36 AM,pre_game,MLB,demon,https://static.prizepicks.com/images/manual/Chase DeLauter.png,15375123,,,,,,Push,,,Yes,-1.4,6.9,Guardians @ Orioles,2026-09-08T22:35:00Z,Tue 06:35pm,Oriole Park at Camden Yards,outdoor,,,,,,,,,No,,,3.5,,,,1.52,,0,,8.44,,4.98,0,Push
PrizePicks,MLB,328439,Travis Bazzana,IF,AL,Hitter Fantasy Score,9.5,TRUE,N/A,10/3/2026,5:36:36 AM,pre_game,MLB,demon,https://static.prizepicks.com/images/manual/Travis Bazzana.png,15375084,,,,,,Push,,,Yes,-1.4,6.9,Guardians @ Orioles,2026-09-08T22:35:00Z,Tue 06:35pm,Oriole Park at Camden Yards,outdoor,,,,,,,,,No,,,3.5,,,,5.5,,0,,8.26,,6.42,5.5,Push
PrizePicks,MLB,331054,Jo Adell,OF,CLE,Hitter Fantasy Score,9.5,TRUE,N/A,10/3/2026,5:36:36 AM,pre_game,MLB,demon,https://static.prizepicks.com/images/manual/Jo Adell CLE.png,15375099,,,,,,Push,,,Yes,-1.4,6.9,Guardians @ Orioles,2026-09-08T22:35:00Z,Tue 06:35pm,Oriole Park at Camden Yards,outdoor,,,,,,,,,No,,,3.5,,,,5.5,,0,,8.12,,6.37,5.5,Push
PrizePicks,MLB,201589,Angel Martínez,OF,CLE,Hitter Fantasy Score,9.5,TRUE,N/A,10/3/2026,5:36:36 AM,pre_game,MLB,demon,https://static.prizepicks.com/images/players/MLB/Angel_Mart%C3%ADnez_MLB_player_QojrBDK78dNI9zcgIzRMCYxd-450.webp,15375120,,,,,,Push,,,Yes,-1.4,6.9,Guardians @ Orioles,2026-09-08T22:35:00Z,Tue 06:35pm,Oriole Park at Camden Yards,outdoor,,,,,,,,,No,,,3.5,,,,5.5,,0,,8.37,,6.46,5.5,Push
PrizePicks,MLB,241087,Kyle Teel,C,CWS,Hitter Fantasy Score,9.5,TRUE,N/A,10/3/2026,5:36:36 AM,pre_game,MLB,demon,https://static.prizepicks.com/images/players/MLB/Kyle_Teel_MLB_player_Z3yrero53bwu64NFOIoizFmc-450.webp,15375126,,,,,,Push,,,Yes,-1.4,6.9,Pirates @ White Sox,2026-09-08T23:40:00Z,Tue 07:40pm,Rate Field,outdoor,,,,,,9/8/2026,10-Day-IL,"Jul 22: Teel is expected to miss 6-to-12 weeks due to left high-ankle sprain,  MLB.com reports.",No,,,3.5,,,,0.56,,0,,8.22,,4.39,0,Push
PrizePicks,MLB,193122,Brayan Rocchio,IF,CLE,Hitter Fantasy Score,8.5,TRUE,N/A,10/3/2026,5:36:36 AM,pre_game,MLB,demon,https://static.prizepicks.com/images/players/MLB/Brayan_Rocchio_MLB_player_PGq0ULkYVRkU5iXYMyn5I3Lc-450.webp,15375129,,,,,,Push,,,Yes,-1.4,6.9,Guardians @ Orioles,2026-09-08T22:35:00Z,Tue 06:35pm,Oriole Park at Camden Yards,outdoor,,,,,,,,,No,,,3.5,,,,1.22,,0,,7.67,,4.44,0,Push
PrizePicks,MLB,309111,Munetaka Murakami,IF,CWS,Hitter Fantasy Score,8.5,TRUE,N/A,10/3/2026,5:36:36 AM,pre_game,MLB,demon,https://static.prizepicks.com/images/manual/Munetaka_Murakami.png,15375132,,,,,,Push,,,Yes,-1.4,6.9,Pirates @ White Sox,2026-09-08T23:40:00Z,Tue 07:40pm,Rate Field,outdoor,,,,,,,,,No,,,3.5,,,,6.5,,0,,9.55,,7.52,6.5,Push
PrizePicks,MLB,317289,Patrick Bailey,C,CLE,Hitter Fantasy Score,7.5,TRUE,N/A,10/3/2026,5:36:36 AM,pre_game,MLB,demon,https://static.prizepicks.com/images/manual/Patrick_Bailey.png,15375087,,,,,,Push,,,Yes,-1.4,6.9,Guardians @ Orioles,2026-09-08T22:35:00Z,Tue 06:35pm,Oriole Park at Camden Yards,outdoor,,,,,,,,,No,,,3.5,,,,0.59,,0,,7.03,,3.81,0,Push
PrizePicks,MLB,310369,Tristan Peters,OF,CWS,Hitter Fantasy Score,7.5,TRUE,N/A,10/3/2026,5:36:36 AM,pre_game,MLB,demon,https://static.prizepicks.com/images/manual/Tristan_Peters.png,15375105,,,,,,Push,,,Yes,-1.4,6.9,Pirates @ White Sox,2026-09-08T23:40:00Z,Tue 07:40pm,Rate Field,outdoor,,,,,,,,,No,,,3.5,,,,5.5,,0,,8.22,,6.41,5.5,Push
PrizePicks,MLB,67669,José Ramírez,IF,CLE,Hitter Fantasy Score,7.5,N/A,N/A,10/3/2026,5:36:36 AM,pre_game,MLB,standard,https://static.prizepicks.com/images/players/MLB/Jos%C3%A9_Ram%C3%ADrez_MLB_player_WzQsklw2gpPqHAZQC4Vjg4S3-450.webp,15375107,,,,,,Push,,,Yes,-1.4,6.9,Guardians @ Orioles,2026-09-08T22:35:00Z,Tue 06:35pm,Oriole Park at Camden Yards,outdoor,,,,,,,,,No,,,3.5,,,,6.5,,0,,8.47,,7.24,6.5,Push
PrizePicks,MLB,235491,Chase Meidroth,IF,CWS,Hitter Fantasy Score,6.5,TRUE,N/A,10/3/2026,5:36:36 AM,pre_game,MLB,demon,https://static.prizepicks.com/images/players/MLB/Chase_Meidroth_MLB_player_3aJAUSt5N14MCI2tnJjUQKgl-450.webp,15375090,,,,,,Push,,,Yes,-1.4,6.9,Pirates @ White Sox,2026-09-08T23:40:00Z,Tue 07:40pm,Rate Field,outdoor,,,,,,,,,No,,,3.5,,,,1.25,,0,,7.7,,4.48,0,Push
PrizePicks,MLB,67698,Steven Kwan,OF,CLE,Hitter Fantasy Score,6.5,N/A,N/A,10/3/2026,5:36:36 AM,pre_game,MLB,standard,https://static.prizepicks.com/images/players/MLB/Steven_Kwan_MLB_player_ntXGz6Uewr9nyMV3MgkiDLnt-450.webp,15375101,,,,,,Push,,,Yes,-1.4,6.9,Guardians @ Orioles,2026-09-08T22:35:00Z,Tue 06:35pm,Oriole Park at Camden Yards,outdoor,,,,,,,,,No,,,3.5,,,,6.5,,0,,6.93,,6.61,6.5,Push
PrizePicks,MLB,244978,Colson Montgomery,IF,CWS,Hitter Fantasy Score,6.5,TRUE,N/A,10/3/2026,5:36:36 AM,pre_game,MLB,demon,https://static.prizepicks.com/images/players/MLB/Colson_Montgomery_MLB_player_j4GCQ0xCS1DuWlq2jQyc285-450.webp,15375111,,,,,,Push,,,Yes,-1.4,6.9,Pirates @ White Sox,2026-09-08T23:40:00Z,Tue 07:40pm,Rate Field,outdoor,,,,,,,,,No,,,3.5,,,,5.5,,0,,7.52,,6.17,5.5,Push
PrizePicks,MLB,266831,Chase DeLauter,OF,CLE,Hitter Fantasy Score,6.5,N/A,N/A,10/3/2026,5:36:36 AM,pre_game,MLB,standard,https://static.prizepicks.com/images/manual/Chase DeLauter.png,15375122,,,,,,Push,,,Yes,-1.4,6.9,Guardians @ Orioles,2026-09-08T22:35:00Z,Tue 06:35pm,Oriole Park at Camden Yards,outdoor,,,,,,,,,No,,,3.5,,,,1.52,,0,,8.44,,5.49,0,Push
PrizePicks,MLB,331060,Nathaniel Lowe,IF,CLE,Hitter Fantasy Score,5.5,TRUE,N/A,10/3/2026,5:36:36 AM,pre_game,MLB,demon,https://static.prizepicks.com/images/manual/Nathaniel Lowe CLE.png,15375081,,,,,,Push,,,Yes,-1.4,6.9,Guardians @ Orioles,2026-09-08T22:35:00Z,Tue 06:35pm,Oriole Park at Camden Yards,outdoor,,,,,,,,,No,,,3.5,,,,5.5,,0,,7.03,,6.01,5.5,Push
PrizePicks,MLB,328439,Travis Bazzana,IF,AL,Hitter Fantasy Score,5.5,N/A,N/A,10/3/2026,5:36:36 AM,pre_game,MLB,standard,https://static.prizepicks.com/images/manual/Travis Bazzana.png,15375083,,,,,,Push,,,Yes,-1.4,6.9,Guardians @ Orioles,2026-09-08T22:35:00Z,Tue 06:35pm,Oriole Park at Camden Yards,outdoor,,,,,,,,,No,,,3.5,,,,5.5,,0,,8.26,,6.19,5.5,Push
PrizePicks,MLB,205264,Miguel Vargas,IF,CWS,Hitter Fantasy Score,5.5,N/A,N/A,10/3/2026,5:36:36 AM,pre_game,MLB,standard,https://static.prizepicks.com/images/players/MLB/Miguel_Vargas_MLB_player_G8lSuTxbs8GHQpczU4L0qDkR-450.webp,15375092,,,,,,Push,,,Yes,-1.4,6.9,Pirates @ White Sox,2026-09-08T23:40:00Z,Tue 07:40pm,Rate Field,outdoor,,,,,,,,,No,,,3.5,,,,6.5,,0,,9.87,,7.09,6.5,Push
PrizePicks,MLB,331054,Jo Adell,OF,CLE,Hitter Fantasy Score,5.5,N/A,N/A,10/3/2026,5:36:36 AM,pre_game,MLB,standard,https://static.prizepicks.com/images/manual/Jo Adell CLE.png,15375098,,,,,,Push,,,Yes,-1.4,6.9,Guardians @ Orioles,2026-09-08T22:35:00Z,Tue 06:35pm,Oriole Park at Camden Yards,outdoor,,,,,,,,,No,,,3.5,,,,5.5,,0,,8.12,,6.15,5.5,Push
PrizePicks,MLB,201589,Angel Martínez,OF,CLE,Hitter Fantasy Score,5,N/A,N/A,10/3/2026,5:36:36 AM,pre_game,MLB,standard,https://static.prizepicks.com/images/players/MLB/Angel_Mart%C3%ADnez_MLB_player_QojrBDK78dNI9zcgIzRMCYxd-450.webp,15375119,,,,,,Push,,,Yes,-1.4,6.9,Guardians @ Orioles,2026-09-08T22:35:00Z,Tue 06:35pm,Oriole Park at Camden Yards,outdoor,,,,,,,,,No,,,3.5,,,,5.5,,0,,8.37,,6.09,5.5,Push
PrizePicks,MLB,67669,José Ramírez,IF,CLE,Hitter Fantasy Score,4.5,TRUE,N/A,10/3/2026,5:36:36 AM,pre_game,MLB,goblin,https://static.prizepicks.com/images/players/MLB/Jos%C3%A9_Ram%C3%ADrez_MLB_player_WzQsklw2gpPqHAZQC4Vjg4S3-450.webp,15375109,,,,,,Push,,,Yes,-1.4,6.9,Guardians @ Orioles,2026-09-08T22:35:00Z,Tue 06:35pm,Oriole Park at Camden Yards,outdoor,,,,,,,,,No,,,3.5,,,,6.5,,0,,8.47,,7.16,6.5,Push
PrizePicks,MLB,241087,Kyle Teel,C,CWS,Hitter Fantasy Score,4.5,N/A,N/A,10/3/2026,5:36:36 AM,pre_game,MLB,standard,https://static.prizepicks.com/images/players/MLB/Kyle_Teel_MLB_player_Z3yrero53bwu64NFOIoizFmc-450.webp,15375125,,,,,,Push,,,Yes,-1.4,6.9,Pirates @ White Sox,2026-09-08T23:40:00Z,Tue 07:40pm,Rate Field,outdoor,,,,,,9/8/2026,10-Day-IL,"Jul 22: Teel is expected to miss 6-to-12 weeks due to left high-ankle sprain,  MLB.com reports.",No,,,3.5,,,,0.56,,0,,8.22,,4.43,0,Push
PrizePicks,MLB,310369,Tristan Peters,OF,CWS,Hitter Fantasy Score,4,N/A,N/A,10/3/2026,5:36:36 AM,pre_game,MLB,standard,https://static.prizepicks.com/images/manual/Tristan_Peters.png,15375104,,,,,,Push,,,Yes,-1.4,6.9,Pirates @ White Sox,2026-09-08T23:40:00Z,Tue 07:40pm,Rate Field,outdoor,,,,,,,,,No,,,3.5,,,,5.5,,0,,8.22,,5.81,5.5,Push
PrizePicks,MLB,193122,Brayan Rocchio,IF,CLE,Hitter Fantasy Score,4,N/A,N/A,10/3/2026,5:36:36 AM,pre_game,MLB,standard,https://static.prizepicks.com/images/players/MLB/Brayan_Rocchio_MLB_player_PGq0ULkYVRkU5iXYMyn5I3Lc-450.webp,15375128,,,,,,Push,,,Yes,-1.4,6.9,Guardians @ Orioles,2026-09-08T22:35:00Z,Tue 06:35pm,Oriole Park at Camden Yards,outdoor,,,,,,,,,No,,,3.5,,,,1.22,,0,,7.67,,4.3,0,Push
PrizePicks,MLB,309111,Munetaka Murakami,IF,CWS,Hitter Fantasy Score,4,N/A,N/A,10/3/2026,5:36:36 AM,pre_game,MLB,standard,https://static.prizepicks.com/images/manual/Munetaka_Murakami.png,15375131,,,,,,Push,,,Yes,-1.4,6.9,Pirates @ White Sox,2026-09-08T23:40:00Z,Tue 07:40pm,Rate Field,outdoor,,,,,,,,,No,,,3.5,,,,6.5,,0,,9.55,,6.64,6.5,Push
PrizePicks,MLB,331060,Nathaniel Lowe,IF,CLE,Hitter Fantasy Score,3.5,N/A,N/A,10/3/2026,5:36:36 AM,pre_game,MLB,standard,https://static.prizepicks.com/images/manual/Nathaniel Lowe CLE.png,15375080,,,,,,Push,,,Yes,-1.4,6.9,Guardians @ Orioles,2026-09-08T22:35:00Z,Tue 06:35pm,Oriole Park at Camden Yards,outdoor,,,,,,,,,No,,,3.5,,,,5.5,,0,,7.03,,5.38,5.5,Push
PrizePicks,MLB,317289,Patrick Bailey,C,CLE,Hitter Fantasy Score,3.5,N/A,N/A,10/3/2026,5:36:36 AM,pre_game,MLB,standard,https://static.prizepicks.com/images/manual/Patrick_Bailey.png,15375086,,,,,,Push,,,Yes,-1.4,6.9,Guardians @ Orioles,2026-09-08T22:35:00Z,Tue 06:35pm,Oriole Park at Camden Yards,outdoor,,,,,,,,,No,,,3.5,,,,0.59,,0,,7.03,,3.71,0,Push
PrizePicks,MLB,235491,Chase Meidroth,IF,CWS,Hitter Fantasy Score,3.5,N/A,N/A,10/3/2026,5:36:36 AM,pre_game,MLB,standard,https://static.prizepicks.com/images/players/MLB/Chase_Meidroth_MLB_player_3aJAUSt5N14MCI2tnJjUQKgl-450.webp,15375089,,,,,,Push,,,Yes,-1.4,6.9,Pirates @ White Sox,2026-09-08T23:40:00Z,Tue 07:40pm,Rate Field,outdoor,,,,,,,,,No,,,3.5,,,,1.25,,0,,7.7,,4.15,0,Push
PrizePicks,MLB,67698,Steven Kwan,OF,CLE,Hitter Fantasy Score,3.5,TRUE,N/A,10/3/2026,5:36:36 AM,pre_game,MLB,goblin,https://static.prizepicks.com/images/players/MLB/Steven_Kwan_MLB_player_ntXGz6Uewr9nyMV3MgkiDLnt-450.webp,15375103,,,,,,Push,,,Yes,-1.4,6.9,Guardians @ Orioles,2026-09-08T22:35:00Z,Tue 06:35pm,Oriole Park at Camden Yards,outdoor,,,,,,,,,No,,,3.5,,,,6.5,,0,,6.93,,6.64,6.5,Push
PrizePicks,MLB,266831,Chase DeLauter,OF,CLE,Hitter Fantasy Score,3.5,TRUE,N/A,10/3/2026,5:36:36 AM,pre_game,MLB,goblin,https://static.prizepicks.com/images/manual/Chase DeLauter.png,15375124,,,,,,Push,,,Yes,-1.4,6.9,Guardians @ Orioles,2026-09-08T22:35:00Z,Tue 06:35pm,Oriole Park at Camden Yards,outdoor,,,,,,,,,No,,,3.5,,,,1.52,,0,,8.44,,4.98,0,Push
PrizePicks,MLB,328439,Travis Bazzana,IF,AL,Hitter Fantasy Score,2.5,TRUE,N/A,10/3/2026,5:36:36 AM,pre_game,MLB,goblin,https://static.prizepicks.com/images/manual/Travis Bazzana.png,15375085,,,,,,Push,,,Yes,-1.4,6.9,Guardians @ Orioles,2026-09-08T22:35:00Z,Tue 06:35pm,Oriole Park at Camden Yards,outdoor,,,,,,,,,No,,,3.5,,,,5.5,,0,,8.26,,6.42,5.5,Push
PrizePicks,MLB,205264,Miguel Vargas,IF,CWS,Hitter Fantasy Score,2.5,TRUE,N/A,10/3/2026,5:36:36 AM,pre_game,MLB,goblin,https://static.prizepicks.com/images/players/MLB/Miguel_Vargas_MLB_player_G8lSuTxbs8GHQpczU4L0qDkR-450.webp,15375094,,,,,,Push,,,Yes,-1.4,6.9,Pirates @ White Sox,2026-09-08T23:40:00Z,Tue 07:40pm,Rate Field,outdoor,,,,,,,,,No,,,3.5,,,,6.5,,0,,9.87,,7.62,6.5,Push
PrizePicks,MLB,331054,Jo Adell,OF,CLE,Hitter Fantasy Score,2.5,TRUE,N/A,10/3/2026,5:36:36 AM,pre_game,MLB,goblin,https://static.prizepicks.com/images/manual/Jo Adell CLE.png,15375100,,,,,,Push,,,Yes,-1.4,6.9,Guardians @ Orioles,2026-09-08T22:35:00Z,Tue 06:35pm,Oriole Park at Camden Yards,outdoor,,,,,,,,,No,,,3.5,,,,5.5,,0,,8.12,,6.37,5.5,Push
PrizePicks,MLB,244978,Colson Montgomery,IF,CWS,Hitter Fantasy Score,2.5,N/A,N/A,10/3/2026,5:36:36 AM,pre_game,MLB,standard,https://static.prizepicks.com/images/players/MLB/Colson_Montgomery_MLB_player_j4GCQ0xCS1DuWlq2jQyc285-450.webp,15375110,,,,,,Push,,,Yes,-1.4,6.9,Pirates @ White Sox,2026-09-08T23:40:00Z,Tue 07:40pm,Rate Field,outdoor,,,,,,,,,No,,,3.5,,,,5.5,,0,,7.52,,5.26,5.5,Push
PrizePicks,MLB,201589,Angel Martínez,OF,CLE,Hitter Fantasy Score,2.5,TRUE,N/A,10/3/2026,5:36:36 AM,pre_game,MLB,goblin,https://static.prizepicks.com/images/players/MLB/Angel_Mart%C3%ADnez_MLB_player_QojrBDK78dNI9zcgIzRMCYxd-450.webp,15375121,,,,,,Push,,,Yes,-1.4,6.9,Guardians @ Orioles,2026-09-08T22:35:00Z,Tue 06:35pm,Oriole Park at Camden Yards,outdoor,,,,,,,,,No,,,3.5,,,,5.5,,0,,8.37,,6.46,5.5,Push
PrizePicks,MLB,241087,Kyle Teel,C,CWS,Hitter Fantasy Score,2.5,TRUE,N/A,10/3/2026,5:36:36 AM,pre_game,MLB,goblin,https://static.prizepicks.com/images/players/MLB/Kyle_Teel_MLB_player_Z3yrero53bwu64NFOIoizFmc-450.webp,15375127,,,,,,Push,,,Yes,-1.4,6.9,Pirates @ White Sox,2026-09-08T23:40:00Z,Tue 07:40pm,Rate Field,outdoor,,,,,,9/8/2026,10-Day-IL,"Jul 22: Teel is expected to miss 6-to-12 weeks due to left high-ankle sprain,  MLB.com reports.",No,,,3.5,,,,0.56,,0,,8.22,,4.39,0,Push
PrizePicks,MLB,193122,Brayan Rocchio,IF,CLE,Hitter Fantasy Score,2.5,TRUE,N/A,10/3/2026,5:36:36 AM,pre_game,MLB,goblin,https://static.prizepicks.com/images/players/MLB/Brayan_Rocchio_MLB_player_PGq0ULkYVRkU5iXYMyn5I3Lc-450.webp,15375130,,,,,,Push,,,Yes,-1.4,6.9,Guardians @ Orioles,2026-09-08T22:35:00Z,Tue 06:35pm,Oriole Park at Camden Yards,outdoor,,,,,,,,,No,,,3.5,,,,1.22,,0,,7.67,,4.44,0,Push
PrizePicks,MLB,331060,Nathaniel Lowe,IF,CLE,Hitter Fantasy Score,1.5,TRUE,N/A,10/3/2026,5:36:36 AM,pre_game,MLB,goblin,https://static.prizepicks.com/images/manual/Nathaniel Lowe CLE.png,15375082,,,,,,Push,,,Yes,-1.4,6.9,Guardians @ Orioles,2026-09-08T22:35:00Z,Tue 06:35pm,Oriole Park at Camden Yards,outdoor,,,,,,,,,No,,,3.5,,,,5.5,,0,,7.03,,6.01,5.5,Push
PrizePicks,MLB,317289,Patrick Bailey,C,CLE,Hitter Fantasy Score,1.5,TRUE,N/A,10/3/2026,5:36:36 AM,pre_game,MLB,goblin,https://static.prizepicks.com/images/manual/Patrick_Bailey.png,15375088,,,,,,Push,,,Yes,-1.4,6.9,Guardians @ Orioles,2026-09-08T22:35:00Z,Tue 06:35pm,Oriole Park at Camden Yards,outdoor,,,,,,,,,No,,,3.5,,,,0.59,,0,,7.03,,3.81,0,Push
PrizePicks,MLB,235491,Chase Meidroth,IF,CWS,Hitter Fantasy Score,1.5,TRUE,N/A,10/3/2026,5:36:36 AM,pre_game,MLB,goblin,https://static.prizepicks.com/images/players/MLB/Chase_Meidroth_MLB_player_3aJAUSt5N14MCI2tnJjUQKgl-450.webp,15375091,,,,,,Push,,,Yes,-1.4,6.9,Pirates @ White Sox,2026-09-08T23:40:00Z,Tue 07:40pm,Rate Field,outdoor,,,,,,,,,No,,,3.5,,,,1.25,,0,,7.7,,4.48,0,Push
PrizePicks,MLB,310369,Tristan Peters,OF,CWS,Hitter Fantasy Score,1.5,TRUE,N/A,10/3/2026,5:36:36 AM,pre_game,MLB,goblin,https://static.prizepicks.com/images/manual/Tristan_Peters.png,15375106,,,,,,Push,,,Yes,-1.4,6.9,Pirates @ White Sox,2026-09-08T23:40:00Z,Tue 07:40pm,Rate Field,outdoor,,,,,,,,,No,,,3.5,,,,5.5,,0,,8.22,,6.41,5.5,Push
PrizePicks,MLB,244978,Colson Montgomery,IF,CWS,Hitter Fantasy Score,1.5,TRUE,N/A,10/3/2026,5:36:36 AM,pre_game,MLB,goblin,https://static.prizepicks.com/images/players/MLB/Colson_Montgomery_MLB_player_j4GCQ0xCS1DuWlq2jQyc285-450.webp,15375112,,,,,,Push,,,Yes,-1.4,6.9,Pirates @ White Sox,2026-09-08T23:40:00Z,Tue 07:40pm,Rate Field,outdoor,,,,,,,,,No,,,3.5,,,,5.5,,0,,7.52,,6.17,5.5,Push
PrizePicks,MLB,309111,Munetaka Murakami,IF,CWS,Hitter Fantasy Score,1.5,TRUE,N/A,10/3/2026,5:36:36 AM,pre_game,MLB,goblin,https://static.prizepicks.com/images/manual/Munetaka_Murakami.png,15375133,,,,,,Push,,,Yes,-1.4,6.9,Pirates @ White Sox,2026-09-08T23:40:00Z,Tue 07:40pm,Rate Field,outdoor,,,,,,,,,No,,,3.5,,,,6.5,,0,,9.55,,7.52,6.5,Push
PrizePicks,MLB,257051,Parker Messick,P,CLE,Pitching Outs,23.5,TRUE,N/A,10/3/2026,5:36:36 AM,pre_game,MLB,demon,https://static.prizepicks.com/images/manual/Parker_Messick.png,15375449,,,,,,,,,Yes,-1.4,6.9,Guardians @ Orioles,2026-09-08T22:35:00Z,Tue 06:35pm,Oriole Park at Camden Yards,outdoor,,,,,,,,,No,,,3.5,,,,0,,0,,149,,149,0,Push
PrizePicks,MLB,257051,Parker Messick,P,CLE,Pitching Outs,20.5,TRUE,N/A,10/3/2026,5:36:36 AM,pre_game,MLB,demon,https://static.prizepicks.com/images/manual/Parker_Messick.png,15375442,,,,,,,,,Yes,-1.4,6.9,Guardians @ Orioles,2026-09-08T22:35:00Z,Tue 06:35pm,Oriole Park at Camden Yards,outdoor,,,,,,,,,No,,,3.5,,,,0,,0,,149,,149,0,Push
PrizePicks,MLB,257051,Parker Messick,P,CLE,Pitching Outs,17.5,TRUE,N/A,10/3/2026,5:36:36 AM,pre_game,MLB,standard,https://static.prizepicks.com/images/manual/Parker_Messick.png,15375290,,,,,,,,,Yes,-1.4,6.9,Guardians @ Orioles,2026-09-08T22:35:00Z,Tue 06:35pm,Oriole Park at Camden Yards,outdoor,,,,,,,,,No,,,3.5,,,,0,,0,,149,,83.25,0,Push
PrizePicks,MLB,257051,Parker Messick,P,CLE,Pitching Outs,14.5,TRUE,N/A,10/3/2026,5:36:36 AM,pre_game,MLB,goblin,https://static.prizepicks.com/images/manual/Parker_Messick.png,15375447,,,,,,,,,Yes,-1.4,6.9,Guardians @ Orioles,2026-09-08T22:35:00Z,Tue 06:35pm,Oriole Park at Camden Yards,outdoor,,,,,,,,,No,,,3.5,,,,0,,0,,149,,149,0,Push
PrizePicks,MLB,257051,Parker Messick,P,CLE,Pitcher Strikeouts,11.5,TRUE,N/A,10/3/2026,5:36:36 AM,pre_game,MLB,demon,https://static.prizepicks.com/images/manual/Parker_Messick.png,15375289,6.50,49.08,50.92,-4.64,50.92,Under,https://www.freeiconspng.com/img/1934,,Yes,-1.4,6.9,Guardians @ Orioles,2026-09-08T22:35:00Z,Tue 06:35pm,Oriole Park at Camden Yards,outdoor,,-104.000,-104.000,,6.380,,,,No,,,5,3.009873789,96.99012621,3.009873789,6.38,,0,,5.19,,5.78,0,Push
PrizePicks,MLB,257051,Parker Messick,P,CLE,Pitching Outs,11.5,TRUE,N/A,10/3/2026,5:36:36 AM,pre_game,MLB,goblin,https://static.prizepicks.com/images/manual/Parker_Messick.png,15375448,,,,,,,,,Yes,-1.4,6.9,Guardians @ Orioles,2026-09-08T22:35:00Z,Tue 06:35pm,Oriole Park at Camden Yards,outdoor,,,,,,,,,No,,,3.5,,,,0,,0,,149,,149,0,Push
PrizePicks,MLB,257051,Parker Messick,P,CLE,Pitcher Strikeouts,9.5,TRUE,N/A,10/3/2026,5:36:36 AM,pre_game,MLB,demon,https://static.prizepicks.com/images/manual/Parker_Messick.png,15375292,6.50,49.08,50.92,-4.64,50.92,Under,https://www.freeiconspng.com/img/1934,,Yes,-1.4,6.9,Guardians @ Orioles,2026-09-08T22:35:00Z,Tue 06:35pm,Oriole Park at Camden Yards,outdoor,,-104.000,-104.000,,6.380,,,,No,,,5,11.25905038,88.74094962,11.25905038,6.38,,0,,5.19,,5.78,0,Push
PrizePicks,MLB,68874,Davis Martin,P,CWS,Pitcher Strikeouts,8.5,TRUE,N/A,10/3/2026,5:36:36 AM,pre_game,MLB,demon,https://static.prizepicks.com/images/players/MLB/Davis_Martin_MLB_player_MBN79DaftEqRTODS8cXM1WsA-450.webp,15371541,,,,,,,,,Yes,-1.4,6.9,Pirates @ White Sox,2026-09-08T23:40:00Z,Tue 07:40pm,Rate Field,outdoor,,,,,,,,,No,,,5,,,,0,,0,,4.18,,4.18,0,Push
PrizePicks,MLB,257051,Parker Messick,P,CLE,Pitcher Strikeouts,8.5,TRUE,N/A,10/3/2026,5:36:36 AM,pre_game,MLB,demon,https://static.prizepicks.com/images/manual/Parker_Messick.png,15375296,6.50,49.08,50.92,-4.64,50.92,Under,https://www.freeiconspng.com/img/1934,,Yes,-1.4,6.9,Guardians @ Orioles,2026-09-08T22:35:00Z,Tue 06:35pm,Oriole Park at Camden Yards,outdoor,,-104.000,-104.000,,6.380,,,,No,,,5,19.44173121,80.55826879,19.44173121,6.38,,0,,5.19,,5.78,0,Push
PrizePicks,MLB,68874,Davis Martin,P,CWS,Pitcher Strikeouts,7.5,TRUE,N/A,10/3/2026,5:36:36 AM,pre_game,MLB,demon,https://static.prizepicks.com/images/players/MLB/Davis_Martin_MLB_player_MBN79DaftEqRTODS8cXM1WsA-450.webp,15371534,,,,,,,,,Yes,-1.4,6.9,Pirates @ White Sox,2026-09-08T23:40:00Z,Tue 07:40pm,Rate Field,outdoor,,,,,,,,,No,,,5,,,,0,,0,,4.18,,4.18,0,Push
PrizePicks,MLB,257051,Parker Messick,P,CLE,Pitcher Strikeouts,7.5,TRUE,N/A,10/3/2026,5:36:36 AM,pre_game,MLB,demon,https://static.prizepicks.com/images/manual/Parker_Messick.png,15375294,6.50,49.08,50.92,-4.64,50.92,Under,https://www.freeiconspng.com/img/1934,,Yes,-1.4,6.9,Guardians @ Orioles,2026-09-08T22:35:00Z,Tue 06:35pm,Oriole Park at Camden Yards,outdoor,,-104.000,-104.000,,6.380,,,,No,,,5,30.98397426,69.01602574,30.98397426,6.38,,0,,5.19,,5.78,0,Push
PrizePicks,MLB,257051,Parker Messick,P,CLE,Hits Allowed,7.5,TRUE,N/A,10/3/2026,5:36:36 AM,pre_game,MLB,demon,https://static.prizepicks.com/images/manual/Parker_Messick.png,15375556,,,,,,,,,Yes,-1.4,6.9,Guardians @ Orioles,2026-09-08T22:35:00Z,Tue 06:35pm,Oriole Park at Camden Yards,outdoor,,,,,,,,,No,,,3.5,,,,0,,0,,149,,149,0,Push
PrizePicks,MLB,67669,José Ramírez,IF,CLE,Hits+Runs+RBIs,6.5,TRUE,N/A,10/3/2026,5:36:36 AM,pre_game,MLB,demon,https://static.prizepicks.com/images/players/MLB/Jos%C3%A9_Ram%C3%ADrez_MLB_player_WzQsklw2gpPqHAZQC4Vjg4S3-450.webp,15364279,1.50,50.46,49.54,-3.67,50.46,Over,https://www.freeiconspng.com/img/1934,,Yes,-1.4,6.9,Guardians @ Orioles,2026-09-08T22:35:00Z,Tue 06:35pm,Oriole Park at Camden Yards,outdoor,,-102.000,-102.000,,1.514,,,,No,,,3.5,0.09757239638,99.9024276,0.09757239638,1.51,,0,,0.82,,1.17,0,Push
PrizePicks,MLB,68874,Davis Martin,P,CWS,Pitcher Strikeouts,6.5,TRUE,N/A,10/3/2026,5:36:36 AM,pre_game,MLB,demon,https://static.prizepicks.com/images/players/MLB/Davis_Martin_MLB_player_MBN79DaftEqRTODS8cXM1WsA-450.webp,15371540,,,,,,,,,Yes,-1.4,6.9,Pirates @ White Sox,2026-09-08T23:40:00Z,Tue 07:40pm,Rate Field,outdoor,,,,,,,,,No,,,5,,,,0,,0,,4.18,,4.18,0,Push
PrizePicks,MLB,257051,Parker Messick,P,CLE,Pitcher Strikeouts,6.5,TRUE,N/A,10/3/2026,5:36:36 AM,pre_game,MLB,standard,https://static.prizepicks.com/images/manual/Parker_Messick.png,15375297,6.50,49.08,50.92,-4.64,50.92,Under,https://www.freeiconspng.com/img/1934,,Yes,-1.4,6.9,Guardians @ Orioles,2026-09-08T22:35:00Z,Tue 06:35pm,Oriole Park at Camden Yards,outdoor,,-104.000,-104.000,,6.380,,,,No,,,5,49.08,50.92,50.92,6.38,,0,,5.19,,6.02,0,Push
PrizePicks,MLB,257051,Parker Messick,P,CLE,Hits Allowed,6.5,TRUE,N/A,10/3/2026,5:36:36 AM,pre_game,MLB,demon,https://static.prizepicks.com/images/manual/Parker_Messick.png,15375440,,,,,,,,,Yes,-1.4,6.9,Guardians @ Orioles,2026-09-08T22:35:00Z,Tue 06:35pm,Oriole Park at Camden Yards,outdoor,,,,,,,,,No,,,3.5,,,,0,,0,,149,,149,0,Push
PrizePicks,MLB,331054,Jo Adell,OF,CLE,Hits+Runs+RBIs,5.5,TRUE,N/A,10/3/2026,5:36:36 AM,pre_game,MLB,demon,https://static.prizepicks.com/images/manual/Jo Adell CLE.png,15364220,1.50,48.8,51.2,-3.75,51.2,Under,https://www.freeiconspng.com/img/1934,,Yes,-1.4,6.9,Guardians @ Orioles,2026-09-08T22:35:00Z,Tue 06:35pm,Oriole Park at Camden Yards,outdoor,,-105.000,-105.000,9/8/2026,1.464,,,,No,,,3.5,0.3968658118,99.60313419,0.3968658118,1.46,,0,,0.86,,1.16,0,Push
PrizePicks,MLB,266831,Chase DeLauter,OF,CLE,Hits+Runs+RBIs,5.5,TRUE,N/A,10/3/2026,5:36:36 AM,pre_game,MLB,demon,https://static.prizepicks.com/images/manual/Chase DeLauter.png,15364239,1.50,50.81,49.19,-3.11,50.81,Over,https://www.freeiconspng.com/img/1934,,Yes,-1.4,6.9,Guardians @ Orioles,2026-09-08T22:35:00Z,Tue 06:35pm,Oriole Park at Camden Yards,outdoor,,-103.000,-103.000,,1.524,,,,No,,,3.5,0.4808931824,99.51910682,0.4808931824,1.52,,0,,1,,1.26,0,Push
PrizePicks,MLB,309111,Munetaka Murakami,IF,CWS,Hits+Runs+RBIs,5.5,TRUE,N/A,10/3/2026,5:36:36 AM,pre_game,MLB,demon,https://static.prizepicks.com/images/manual/Munetaka_Murakami.png,15364245,0.50,57.85,42.15,-6.44,57.85,Over,https://www.freeiconspng.com/img/1934,,Yes,-1.4,6.9,Pirates @ White Sox,2026-09-08T23:40:00Z,Tue 07:40pm,Rate Field,outdoor,,-137.000,-137.000,9/8/2026,0.579,,,,No,,,3.5,0.003178972662,99.99682103,0.003178972662,0.58,,0,,0.72,,0.65,0,Push
PrizePicks,MLB,328439,Travis Bazzana,IF,AL,Hits+Runs+RBIs,5.5,TRUE,N/A,10/3/2026,5:36:36 AM,pre_game,MLB,demon,https://static.prizepicks.com/images/manual/Travis Bazzana.png,15364246,1.50,45.64,54.36,-4.15,54.36,Under,https://www.freeiconspng.com/img/1934,,Yes,-1.4,6.9,Guardians @ Orioles,2026-09-08T22:35:00Z,Tue 06:35pm,Oriole Park at Camden Yards,outdoor,,-119.000,-119.000,9/8/2026,1.369,,,,No,,,3.5,0.2874005008,99.7125995,0.2874005008,1.37,,0,,0.86,,1.11,0,Push
PrizePicks,MLB,235491,Chase Meidroth,IF,CWS,Total Bases,5.5,TRUE,N/A,10/3/2026,5:36:36 AM,pre_game,MLB,demon,https://static.prizepicks.com/images/players/MLB/Chase_Meidroth_MLB_player_3aJAUSt5N14MCI2tnJjUQKgl-450.webp,15364258,,,,,,,,,Yes,-1.4,6.9,Pirates @ White Sox,2026-09-08T23:40:00Z,Tue 07:40pm,Rate Field,outdoor,,,,,,,,,No,,,3.5,,,,0,,0,,0.96,,0.73,0.5,Push
PrizePicks,MLB,67698,Steven Kwan,OF,CLE,Hits+Runs+RBIs,5.5,TRUE,N/A,10/3/2026,5:36:36 AM,pre_game,MLB,demon,https://static.prizepicks.com/images/players/MLB/Steven_Kwan_MLB_player_ntXGz6Uewr9nyMV3MgkiDLnt-450.webp,15364261,1.50,50.08,49.92,-4.21,50.08,Over,https://www.freeiconspng.com/img/1934,,Yes,-1.4,6.9,Guardians @ Orioles,2026-09-08T22:35:00Z,Tue 06:35pm,Oriole Park at Camden Yards,outdoor,,-100.000,-100.000,9/8/2026,1.502,,,,No,,,3.5,0.4489963659,99.55100363,0.4489963659,1.5,,0,,0.99,,1.24,0,Push
PrizePicks,MLB,67669,José Ramírez,IF,CLE,Total Bases,5.5,TRUE,N/A,10/3/2026,5:36:36 AM,pre_game,MLB,demon,https://static.prizepicks.com/images/players/MLB/Jos%C3%A9_Ram%C3%ADrez_MLB_player_WzQsklw2gpPqHAZQC4Vjg4S3-450.webp,15366434,,,,,,,,,Yes,-1.4,6.9,Guardians @ Orioles,2026-09-08T22:35:00Z,Tue 06:35pm,Oriole Park at Camden Yards,outdoor,,,,,,,,,No,,,3.5,,,,0,,0,,0.82,,1.16,1.5,Push
PrizePicks,MLB,331054,Jo Adell,OF,CLE,Total Bases,5.5,TRUE,N/A,10/3/2026,5:36:36 AM,pre_game,MLB,demon,https://static.prizepicks.com/images/manual/Jo Adell CLE.png,15366439,,,,,,,,,Yes,-1.4,6.9,Guardians @ Orioles,2026-09-08T22:35:00Z,Tue 06:35pm,Oriole Park at Camden Yards,outdoor,,,,,,,,,No,,,3.5,,,,0,,0,,0.86,,1.18,1.5,Push
PrizePicks,MLB,266831,Chase DeLauter,OF,CLE,Total Bases,5.5,TRUE,N/A,10/3/2026,5:36:36 AM,pre_game,MLB,demon,https://static.prizepicks.com/images/manual/Chase DeLauter.png,15366446,,,,,,,,,Yes,-1.4,6.9,Guardians @ Orioles,2026-09-08T22:35:00Z,Tue 06:35pm,Oriole Park at Camden Yards,outdoor,,,,,,,,,No,,,3.5,,,,0,,0,,1,,1,0,Push
PrizePicks,MLB,201589,Angel Martínez,OF,CLE,Hits+Runs+RBIs,5.5,TRUE,N/A,10/3/2026,5:36:36 AM,pre_game,MLB,demon,https://static.prizepicks.com/images/players/MLB/Angel_Mart%C3%ADnez_MLB_player_QojrBDK78dNI9zcgIzRMCYxd-450.webp,15366448,1.50,44.1,55.9,-4.73,55.9,Under,https://www.freeiconspng.com/img/1934,,Yes,-1.4,6.9,Guardians @ Orioles,2026-09-08T22:35:00Z,Tue 06:35pm,Oriole Park at Camden Yards,outdoor,,-127.000,-127.000,,1.323,,,,No,,,3.5,0.2430986867,99.75690131,0.2430986867,1.32,,0,,0.89,,1.11,0,Push
PrizePicks,MLB,205264,Miguel Vargas,IF,CWS,Total Bases,5.5,TRUE,N/A,10/3/2026,5:36:36 AM,pre_game,MLB,demon,https://static.prizepicks.com/images/players/MLB/Miguel_Vargas_MLB_player_G8lSuTxbs8GHQpczU4L0qDkR-450.webp,15366711,,,,,,,,,Yes,-1.4,6.9,Pirates @ White Sox,2026-09-08T23:40:00Z,Tue 07:40pm,Rate Field,outdoor,,,,,,,,,No,,,3.5,,,,0,,0,,0.88,,1.19,1.5,Push
PrizePicks,MLB,68874,Davis Martin,P,CWS,Pitcher Strikeouts,5.5,TRUE,N/A,10/3/2026,5:36:36 AM,pre_game,MLB,goblin,https://static.prizepicks.com/images/players/MLB/Davis_Martin_MLB_player_MBN79DaftEqRTODS8cXM1WsA-450.webp,15371539,,,,,,,,,Yes,-1.4,6.9,Pirates @ White Sox,2026-09-08T23:40:00Z,Tue 07:40pm,Rate Field,outdoor,,,,,,,,,No,,,5,,,,0,,0,,4.18,,4.18,0,Push
PrizePicks,MLB,257051,Parker Messick,P,CLE,Pitcher Strikeouts,5.5,TRUE,N/A,10/3/2026,5:36:36 AM,pre_game,MLB,goblin,https://static.prizepicks.com/images/manual/Parker_Messick.png,15375293,6.50,49.08,50.92,-4.64,50.92,Under,https://www.freeiconspng.com/img/1934,,Yes,-1.4,6.9,Guardians @ Orioles,2026-09-08T22:35:00Z,Tue 06:35pm,Oriole Park at Camden Yards,outdoor,,-104.000,-104.000,,6.380,,,,No,,,5,61.33361021,38.66638979,61.33361021,6.38,,0,,5.19,,5.78,0,Great Bet
PrizePicks,MLB,316660,Randal Grichuk,DH,CWS,Total Bases,5.5,TRUE,N/A,10/3/2026,5:36:36 AM,pre_game,MLB,demon,https://static.prizepicks.com/images/manual/Randal Grichuk CWS.png,15375543,,,,,,,,,Yes,-1.4,6.9,Pirates @ White Sox,2026-09-08T23:40:00Z,Tue 07:40pm,Rate Field,outdoor,,,,,,,,,No,,,3.5,,,,0,,0,,1.05,,1.05,0,Push
PrizePicks,MLB,257051,Parker Messick,P,CLE,Earned Runs Allowed,5.5,TRUE,N/A,10/3/2026,5:36:36 AM,pre_game,MLB,demon,https://static.prizepicks.com/images/manual/Parker_Messick.png,15375555,,,,,,,,,Yes,-1.4,6.9,Guardians @ Orioles,2026-09-08T22:35:00Z,Tue 06:35pm,Oriole Park at Camden Yards,outdoor,,,,,,,,,No,,,3.5,,,,0,,0,,149,,149,0,Push
PrizePicks,MLB,331055,Brenton Doyle,OF,CWS,Total Bases,5.5,TRUE,N/A,10/3/2026,5:36:36 AM,pre_game,MLB,demon,https://static.prizepicks.com/images/manual/Brenton Doyle.png,15375581,,,,,,,,,Yes,-1.4,6.9,Pirates @ White Sox,2026-09-08T23:40:00Z,Tue 07:40pm,Rate Field,outdoor,,,,,,,,,No,,,3.5,,,,0,,0,,0.9,,0.9,0,Push
PrizePicks,MLB,205264,Miguel Vargas,IF,CWS,Hits+Runs+RBIs,5.5,TRUE,N/A,10/3/2026,5:36:36 AM,pre_game,MLB,demon,https://static.prizepicks.com/images/players/MLB/Miguel_Vargas_MLB_player_G8lSuTxbs8GHQpczU4L0qDkR-450.webp,15377302,1.50,43.91,56.09,-3.59,56.09,Under,https://www.freeiconspng.com/img/1934,,Yes,-1.4,6.9,Pirates @ White Sox,2026-09-08T23:40:00Z,Tue 07:40pm,Rate Field,outdoor,,-128.000,-128.000,9/8/2026,1.317,,,,No,,,3.5,0.2380114841,99.76198852,0.2380114841,1.32,,0,,0.88,,1.1,0,Push
PrizePicks,MLB,266831,Chase DeLauter,OF,CLE,Hits+Runs+RBIs,4.5,TRUE,N/A,10/3/2026,5:36:36 AM,pre_game,MLB,demon,https://static.prizepicks.com/images/manual/Chase DeLauter.png,15364218,1.50,50.81,49.19,-3.11,50.81,Over,https://www.freeiconspng.com/img/1934,,Yes,-1.4,6.9,Guardians @ Orioles,2026-09-08T22:35:00Z,Tue 06:35pm,Oriole Park at Camden Yards,outdoor,,-103.000,-103.000,,1.524,,,,No,,,3.5,1.974292413,98.02570759,1.974292413,1.52,,0,,1,,1.26,0,Push
PrizePicks,MLB,309111,Munetaka Murakami,IF,CWS,Total Bases,4.5,TRUE,N/A,10/3/2026,5:36:36 AM,pre_game,MLB,demon,https://static.prizepicks.com/images/manual/Munetaka_Murakami.png,15364235,,,,,,,,,Yes,-1.4,6.9,Pirates @ White Sox,2026-09-08T23:40:00Z,Tue 07:40pm,Rate Field,outdoor,,,,,,,,,No,,,3.5,,,,0,,0,,0.72,,0.61,0.5,Push
PrizePicks,MLB,331054,Jo Adell,OF,CLE,Hits+Runs+RBIs,4.5,TRUE,N/A,10/3/2026,5:36:36 AM,pre_game,MLB,demon,https://static.prizepicks.com/images/manual/Jo Adell CLE.png,15364237,1.50,48.8,51.2,-3.75,51.2,Under,https://www.freeiconspng.com/img/1934,,Yes,-1.4,6.9,Guardians @ Orioles,2026-09-08T22:35:00Z,Tue 06:35pm,Oriole Park at Camden Yards,outdoor,,-105.000,-105.000,9/8/2026,1.464,,,,No,,,3.5,1.693200123,98.30679988,1.693200123,1.46,,0,,0.86,,1.16,0,Push
PrizePicks,MLB,241087,Kyle Teel,C,CWS,Total Bases,4.5,TRUE,N/A,10/3/2026,5:36:36 AM,pre_game,MLB,demon,https://static.prizepicks.com/images/players/MLB/Kyle_Teel_MLB_player_Z3yrero53bwu64NFOIoizFmc-450.webp,15364240,,,,,,,,,Yes,-1.4,6.9,Pirates @ White Sox,2026-09-08T23:40:00Z,Tue 07:40pm,Rate Field,outdoor,,,,,,9/8/2026,10-Day-IL,"Jul 22: Teel is expected to miss 6-to-12 weeks due to left high-ankle sprain,  MLB.com reports.",No,,,3.5,,,,0,,0,,0.74,,0.62,0.5,Push
PrizePicks,MLB,323131,Braden Montgomery,OF,CWS,Total Bases,4.5,TRUE,N/A,10/3/2026,5:36:36 AM,pre_game,MLB,demon,https://static.prizepicks.com/images/manual/Braden Montgomery.png,15364244,,,,,,,,,Yes,-1.4,6.9,Pirates @ White Sox,2026-09-08T23:40:00Z,Tue 07:40pm,Rate Field,outdoor,,,,,,8/4/2026,Day-To-Day,Aug 2: The White Sox scratched Montgomery from the lineup for Sunday's game against the Rays.,No,,,3.5,,,,0,,0,,0.79,,0.65,0.5,Push
PrizePicks,MLB,244978,Colson Montgomery,IF,CWS,Hits+Runs+RBIs,4.5,TRUE,N/A,10/3/2026,5:36:36 AM,pre_game,MLB,demon,https://static.prizepicks.com/images/players/MLB/Colson_Montgomery_MLB_player_j4GCQ0xCS1DuWlq2jQyc285-450.webp,15364266,0.50,51.34,48.66,-5.18,51.34,Over,https://www.freeiconspng.com/img/1934,,Yes,-1.4,6.9,Pirates @ White Sox,2026-09-08T23:40:00Z,Tue 07:40pm,Rate Field,outdoor,,-106.000,-106.000,9/8/2026,0.513,,,,No,,,3.5,0.01942947321,99.98057053,0.01942947321,0.51,,0,,0.69,,0.6,0,Push
PrizePicks,MLB,317289,Patrick Bailey,C,CLE,Total Bases,4.5,TRUE,N/A,10/3/2026,5:36:36 AM,pre_game,MLB,demon,https://static.prizepicks.com/images/manual/Patrick_Bailey.png,15364268,,,,,,,,,Yes,-1.4,6.9,Guardians @ Orioles,2026-09-08T22:35:00Z,Tue 06:35pm,Oriole Park at Camden Yards,outdoor,,,,,,,,,No,,,3.5,,,,0,,0,,0.8,,0.65,0.5,Push
PrizePicks,MLB,67698,Steven Kwan,OF,CLE,Hits+Runs+RBIs,4.5,TRUE,N/A,10/3/2026,5:36:36 AM,pre_game,MLB,demon,https://static.prizepicks.com/images/players/MLB/Steven_Kwan_MLB_player_ntXGz6Uewr9nyMV3MgkiDLnt-450.webp,15364272,1.50,50.08,49.92,-4.21,50.08,Over,https://www.freeiconspng.com/img/1934,,Yes,-1.4,6.9,Guardians @ Orioles,2026-09-08T22:35:00Z,Tue 06:35pm,Oriole Park at Camden Yards,outdoor,,-100.000,-100.000,9/8/2026,1.502,,,,No,,,3.5,1.868912189,98.13108781,1.868912189,1.5,,0,,0.99,,1.24,0,Push
PrizePicks,MLB,67669,José Ramírez,IF,CLE,Hits+Runs+RBIs,4.5,TRUE,N/A,10/3/2026,5:36:36 AM,pre_game,MLB,demon,https://static.prizepicks.com/images/players/MLB/Jos%C3%A9_Ram%C3%ADrez_MLB_player_WzQsklw2gpPqHAZQC4Vjg4S3-450.webp,15364278,1.50,50.46,49.54,-3.67,50.46,Over,https://www.freeiconspng.com/img/1934,,Yes,-1.4,6.9,Guardians @ Orioles,2026-09-08T22:35:00Z,Tue 06:35pm,Oriole Park at Camden Yards,outdoor,,-102.000,-102.000,,1.514,,,,No,,,3.5,1.923294411,98.07670559,1.923294411,1.51,,0,,0.82,,1.17,0,Push
PrizePicks,MLB,331060,Nathaniel Lowe,IF,CLE,Hits+Runs+RBIs,4.5,TRUE,N/A,10/3/2026,5:36:36 AM,pre_game,MLB,demon,https://static.prizepicks.com/images/manual/Nathaniel Lowe CLE.png,15366426,0.50,58.79,41.21,-6.12,58.79,Over,https://www.freeiconspng.com/img/1934,,Yes,-1.4,6.9,Guardians @ Orioles,2026-09-08T22:35:00Z,Tue 06:35pm,Oriole Park at Camden Yards,outdoor,,-143.000,-143.000,9/8/2026,0.588,,,,No,,,3.5,0.03598377488,99.96401623,0.03598377488,0.59,,0,,0.79,,0.69,0,Push
PrizePicks,MLB,331060,Nathaniel Lowe,IF,CLE,Total Bases,4.5,TRUE,N/A,10/3/2026,5:36:36 AM,pre_game,MLB,demon,https://static.prizepicks.com/images/manual/Nathaniel Lowe CLE.png,15366428,,,,,,,,,Yes,-1.4,6.9,Guardians @ Orioles,2026-09-08T22:35:00Z,Tue 06:35pm,Oriole Park at Camden Yards,outdoor,,,,,,,,,No,,,3.5,,,,0,,0,,0.79,,1.14,1.5,Push
PrizePicks,MLB,193122,Brayan Rocchio,IF,CLE,Hits+Runs+RBIs,4.5,TRUE,N/A,10/3/2026,5:36:36 AM,pre_game,MLB,demon,https://static.prizepicks.com/images/players/MLB/Brayan_Rocchio_MLB_player_PGq0ULkYVRkU5iXYMyn5I3Lc-450.webp,15366436,1.50,40.71,59.29,-6.81,59.29,Under,https://www.freeiconspng.com/img/1934,,Yes,-1.4,6.9,Guardians @ Orioles,2026-09-08T22:35:00Z,Tue 06:35pm,Oriole Park at Camden Yards,outdoor,,-146.000,-146.000,9/8/2026,1.221,,,,No,,,3.5,0.8313967498,99.16860325,0.8313967498,1.22,,0,,0.88,,1.05,0,Push
PrizePicks,MLB,201589,Angel Martínez,OF,CLE,Total Bases,4.5,TRUE,N/A,10/3/2026,5:36:36 AM,pre_game,MLB,demon,https://static.prizepicks.com/images/players/MLB/Angel_Mart%C3%ADnez_MLB_player_QojrBDK78dNI9zcgIzRMCYxd-450.webp,15366437,,,,,,,,,Yes,-1.4,6.9,Guardians @ Orioles,2026-09-08T22:35:00Z,Tue 06:35pm,Oriole Park at Camden Yards,outdoor,,,,,,,,,No,,,3.5,,,,0,,0,,0.89,,0.7,0.5,Push
PrizePicks,MLB,328439,Travis Bazzana,IF,AL,Total Bases,4.5,TRUE,N/A,10/3/2026,5:36:36 AM,pre_game,MLB,demon,https://static.prizepicks.com/images/manual/Travis Bazzana.png,15366444,,,,,,,,,Yes,-1.4,6.9,Guardians @ Orioles,2026-09-08T22:35:00Z,Tue 06:35pm,Oriole Park at Camden Yards,outdoor,,,,,,,,,No,,,3.5,,,,0,,0,,0.86,,0.68,0.5,Push
PrizePicks,MLB,317289,Patrick Bailey,C,CLE,Hits+Runs+RBIs,4.5,TRUE,N/A,10/3/2026,5:36:36 AM,pre_game,MLB,demon,https://static.prizepicks.com/images/manual/Patrick_Bailey.png,15366451,0.50,59.08,40.92,-5.83,59.08,Over,https://www.freeiconspng.com/img/1934,,Yes,-1.4,6.9,Guardians @ Orioles,2026-09-08T22:35:00Z,Tue 06:35pm,Oriole Park at Camden Yards,outdoor,,-144.000,-144.000,9/8/2026,0.591,,,,No,,,3.5,0.03679237127,99.96320763,0.03679237127,0.59,,0,,0.8,,0.69,0,Push
PrizePicks,MLB,67698,Steven Kwan,OF,CLE,Total Bases,4.5,TRUE,N/A,10/3/2026,5:36:36 AM,pre_game,MLB,demon,https://static.prizepicks.com/images/players/MLB/Steven_Kwan_MLB_player_ntXGz6Uewr9nyMV3MgkiDLnt-450.webp,15366683,,,,,,,,,Yes,-1.4,6.9,Guardians @ Orioles,2026-09-08T22:35:00Z,Tue 06:35pm,Oriole Park at Camden Yards,outdoor,,,,,,,,,No,,,3.5,,,,0,,0,,0.99,,1.24,1.5,Push
PrizePicks,MLB,310369,Tristan Peters,OF,CWS,Hits+Runs+RBIs,4.5,TRUE,N/A,10/3/2026,5:36:36 AM,pre_game,MLB,demon,https://static.prizepicks.com/images/manual/Tristan_Peters.png,15366703,,,,,,,,,Yes,-1.4,6.9,Pirates @ White Sox,2026-09-08T23:40:00Z,Tue 07:40pm,Rate Field,outdoor,,,,,,,,,No,,,3.5,,,,0,,0,,0.93,,0.93,0,Push
PrizePicks,MLB,235491,Chase Meidroth,IF,CWS,Hits+Runs+RBIs,4.5,TRUE,N/A,10/3/2026,5:36:36 AM,pre_game,MLB,demon,https://static.prizepicks.com/images/players/MLB/Chase_Meidroth_MLB_player_3aJAUSt5N14MCI2tnJjUQKgl-450.webp,15366706,1.50,41.83,58.17,-3.66,58.17,Under,https://www.freeiconspng.com/img/1934,,Yes,-1.4,6.9,Pirates @ White Sox,2026-09-08T23:40:00Z,Tue 07:40pm,Rate Field,outdoor,,-139.000,-139.000,9/8/2026,1.255,,,,No,,,3.5,0.926785966,99.07321403,0.926785966,1.25,,0,,0.96,,1.11,0,Push
PrizePicks,MLB,241087,Kyle Teel,C,CWS,Hits+Runs+RBIs,4.5,TRUE,N/A,10/3/2026,5:36:36 AM,pre_game,MLB,demon,https://static.prizepicks.com/images/players/MLB/Kyle_Teel_MLB_player_Z3yrero53bwu64NFOIoizFmc-450.webp,15366709,0.50,56.27,43.73,-3.41,56.27,Over,https://www.freeiconspng.com/img/1934,,Yes,-1.4,6.9,Pirates @ White Sox,2026-09-08T23:40:00Z,Tue 07:40pm,Rate Field,outdoor,,-129.000,-129.000,9/8/2026,0.563,9/8/2026,10-Day-IL,"Jul 22: Teel is expected to miss 6-to-12 weeks due to left high-ankle sprain,  MLB.com reports.",No,,,3.5,0.02950958507,99.97049041,0.02950958507,0.56,,0,,0.74,,0.65,0,Push
PrizePicks,MLB,314184,Sam Antonacci,OF,CWS,Hits+Runs+RBIs,4.5,TRUE,N/A,10/3/2026,5:36:36 AM,pre_game,MLB,demon,https://static.prizepicks.com/images/manual/Sam_Antonacci.png,15366720,0.50,58.77,41.23,-6.75,58.77,Over,https://www.freeiconspng.com/img/1934,,Yes,-1.4,6.9,Pirates @ White Sox,2026-09-08T23:40:00Z,Tue 07:40pm,Rate Field,outdoor,,-143.000,-143.000,9/8/2026,0.588,,,,No,,,3.5,0.03592850878,99.96407149,0.03592850878,0.59,,0,,0.97,,0.78,0,Push
PrizePicks,MLB,244978,Colson Montgomery,IF,CWS,Total Bases,4.5,TRUE,N/A,10/3/2026,5:36:36 AM,pre_game,MLB,demon,https://static.prizepicks.com/images/players/MLB/Colson_Montgomery_MLB_player_j4GCQ0xCS1DuWlq2jQyc285-450.webp,15366727,,,,,,,,,Yes,-1.4,6.9,Pirates @ White Sox,2026-09-08T23:40:00Z,Tue 07:40pm,Rate Field,outdoor,,,,,,,,,No,,,3.5,,,,0,,0,,0.69,,0.6,0.5,Push
PrizePicks,MLB,68874,Davis Martin,P,CWS,Pitcher Strikeouts,4.5,TRUE,N/A,10/3/2026,5:36:36 AM,pre_game,MLB,goblin,https://static.prizepicks.com/images/players/MLB/Davis_Martin_MLB_player_MBN79DaftEqRTODS8cXM1WsA-450.webp,15371535,,,,,,,,,Yes,-1.4,6.9,Pirates @ White Sox,2026-09-08T23:40:00Z,Tue 07:40pm,Rate Field,outdoor,,,,,,,,,No,,,5,,,,0,,0,,4.18,,4.18,0,Push
PrizePicks,MLB,127166,Andrew Benintendi,DH,CWS,Total Bases,4.5,TRUE,N/A,10/3/2026,5:36:36 AM,pre_game,MLB,demon,https://static.prizepicks.com/images/players/MLB/Andrew_Benintendi_MLB_player_gS0XOOhPqt5xrsBUNxHk03Qx-450.webp,15372365,,,,,,,,,Yes,-1.4,6.9,Pirates @ White Sox,2026-09-08T23:40:00Z,Tue 07:40pm,Rate Field,outdoor,,,,,,,,,No,,,3.5,,,,0,,0,,0.84,,0.67,0.5,Push
PrizePicks,MLB,193122,Brayan Rocchio,IF,CLE,Total Bases,4.5,TRUE,N/A,10/3/2026,5:36:36 AM,pre_game,MLB,demon,https://static.prizepicks.com/images/players/MLB/Brayan_Rocchio_MLB_player_PGq0ULkYVRkU5iXYMyn5I3Lc-450.webp,15372366,,,,,,,,,Yes,-1.4,6.9,Guardians @ Orioles,2026-09-08T22:35:00Z,Tue 06:35pm,Oriole Park at Camden Yards,outdoor,,,,,,,,,No,,,3.5,,,,0,,0,,0.88,,0.69,0.5,Push
PrizePicks,MLB,310369,Tristan Peters,OF,CWS,Total Bases,4.5,TRUE,N/A,10/3/2026,5:36:36 AM,pre_game,MLB,demon,https://static.prizepicks.com/images/manual/Tristan_Peters.png,15372369,,,,,,,,,Yes,-1.4,6.9,Pirates @ White Sox,2026-09-08T23:40:00Z,Tue 07:40pm,Rate Field,outdoor,,,,,,,,,No,,,3.5,,,,0,,0,,0.93,,1.21,1.5,Push
PrizePicks,MLB,257051,Parker Messick,P,CLE,Pitcher Strikeouts,4.5,TRUE,N/A,10/3/2026,5:36:36 AM,pre_game,MLB,goblin,https://static.prizepicks.com/images/manual/Parker_Messick.png,15375295,6.50,49.08,50.92,-4.64,50.92,Under,https://www.freeiconspng.com/img/1934,,Yes,-1.4,6.9,Guardians @ Orioles,2026-09-08T22:35:00Z,Tue 06:35pm,Oriole Park at Camden Yards,outdoor,,-104.000,-104.000,,6.380,,,,No,,,5,76.26450288,23.73549712,76.26450288,6.38,,0,,5.19,,5.78,0,Push
PrizePicks,MLB,257051,Parker Messick,P,CLE,Hits Allowed,4.5,TRUE,N/A,10/3/2026,5:36:36 AM,pre_game,MLB,demon,https://static.prizepicks.com/images/manual/Parker_Messick.png,15375318,,,,,,,,,Yes,-1.4,6.9,Guardians @ Orioles,2026-09-08T22:35:00Z,Tue 06:35pm,Oriole Park at Camden Yards,outdoor,,,,,,,,,No,,,3.5,,,,0,,0,,149,,149,0,Push
PrizePicks,MLB,316660,Randal Grichuk,DH,CWS,Hits+Runs+RBIs,4.5,TRUE,N/A,10/3/2026,5:36:36 AM,pre_game,MLB,demon,https://static.prizepicks.com/images/manual/Randal Grichuk CWS.png,15375533,1.50,44.39,55.61,-4.07,55.61,Under,https://www.freeiconspng.com/img/1934,,Yes,-1.4,6.9,Pirates @ White Sox,2026-09-08T23:40:00Z,Tue 07:40pm,Rate Field,outdoor,,-125.000,-125.000,,1.332,,,,No,,,3.5,1.172531821,98.82746818,1.172531821,1.33,,0,,1.05,,1.19,0,Push
PrizePicks,MLB,195621,Tommy Pham,DH,CWS,Total Bases,4.5,TRUE,N/A,10/3/2026,5:36:36 AM,pre_game,MLB,demon,https://static.prizepicks.com/images/manual/Tommy Pham.png,15375536,,,,,,,,,Yes,-1.4,6.9,Pirates @ White Sox,2026-09-08T23:40:00Z,Tue 07:40pm,Rate Field,outdoor,,,,,,,,,No,,,3.5,,,,0,,0,,0.62,,0.62,0,Push
PrizePicks,MLB,195621,Tommy Pham,DH,CWS,Hits+Runs+RBIs,4.5,TRUE,N/A,10/3/2026,5:36:36 AM,pre_game,MLB,demon,https://static.prizepicks.com/images/manual/Tommy Pham.png,15375546,0.50,56.29,43.71,0.15,56.29,Over,https://www.freeiconspng.com/img/1934,,Yes,-1.4,6.9,Pirates @ White Sox,2026-09-08T23:40:00Z,Tue 07:40pm,Rate Field,outdoor,,-129.000,-129.000,,0.563,,,,No,,,3.5,0.02955720779,99.97044279,0.02955720779,0.56,,0,,0.62,,0.59,0,Push
PrizePicks,MLB,328439,Travis Bazzana,IF,AL,Hits+Runs+RBIs,3.5,TRUE,N/A,10/3/2026,5:36:36 AM,pre_game,MLB,demon,https://static.prizepicks.com/images/manual/Travis Bazzana.png,15364216,1.50,45.64,54.36,-4.15,54.36,Under,https://www.freeiconspng.com/img/1934,,Yes,-1.4,6.9,Guardians @ Orioles,2026-09-08T22:35:00Z,Tue 06:35pm,Oriole Park at Camden Yards,outdoor,,-119.000,-119.000,9/8/2026,1.369,,,,No,,,3.5,5.031296918,94.96870308,5.031296918,1.37,,0,,0.86,,1.11,0,Push
PrizePicks,MLB,266831,Chase DeLauter,OF,CLE,Hits+Runs+RBIs,3.5,TRUE,N/A,10/3/2026,5:36:36 AM,pre_game,MLB,demon,https://static.prizepicks.com/images/manual/Chase DeLauter.png,15364225,1.50,50.81,49.19,-3.11,50.81,Over,https://www.freeiconspng.com/img/1934,,Yes,-1.4,6.9,Guardians @ Orioles,2026-09-08T22:35:00Z,Tue 06:35pm,Oriole Park at Camden Yards,outdoor,,-103.000,-103.000,,1.524,,,,No,,,3.5,6.87293189,93.12706811,6.87293189,1.52,,0,,1,,1.26,0,Push
PrizePicks,MLB,309111,Munetaka Murakami,IF,CWS,Hits+Runs+RBIs,3.5,TRUE,N/A,10/3/2026,5:36:36 AM,pre_game,MLB,demon,https://static.prizepicks.com/images/manual/Munetaka_Murakami.png,15364230,0.50,57.85,42.15,-6.44,57.85,Over,https://www.freeiconspng.com/img/1934,,Yes,-1.4,6.9,Pirates @ White Sox,2026-09-08T23:40:00Z,Tue 07:40pm,Rate Field,outdoor,,-137.000,-137.000,9/8/2026,0.579,,,,No,,,3.5,0.2951301875,99.70486981,0.2951301875,0.58,,0,,0.72,,0.65,0,Push
PrizePicks,MLB,309111,Munetaka Murakami,IF,CWS,Total Bases,3.5,TRUE,N/A,10/3/2026,5:36:36 AM,pre_game,MLB,demon,https://static.prizepicks.com/images/manual/Munetaka_Murakami.png,15364234,,,,,,,,,Yes,-1.4,6.9,Pirates @ White Sox,2026-09-08T23:40:00Z,Tue 07:40pm,Rate Field,outdoor,,,,,,,,,No,,,3.5,,,,0,,0,,0.72,,0.61,0.5,Push
PrizePicks,MLB,331054,Jo Adell,OF,CLE,Hits+Runs+RBIs,3.5,TRUE,N/A,10/3/2026,5:36:36 AM,pre_game,MLB,demon,https://static.prizepicks.com/images/manual/Jo Adell CLE.png,15364236,1.50,48.8,51.2,-3.75,51.2,Under,https://www.freeiconspng.com/img/1934,,Yes,-1.4,6.9,Guardians @ Orioles,2026-09-08T22:35:00Z,Tue 06:35pm,Oriole Park at Camden Yards,outdoor,,-105.000,-105.000,9/8/2026,1.464,,,,No,,,3.5,6.120571405,93.8794286,6.120571405,1.46,,0,,0.86,,1.16,0,Push
PrizePicks,MLB,241087,Kyle Teel,C,CWS,Total Bases,3.5,TRUE,N/A,10/3/2026,5:36:36 AM,pre_game,MLB,demon,https://static.prizepicks.com/images/players/MLB/Kyle_Teel_MLB_player_Z3yrero53bwu64NFOIoizFmc-450.webp,15364241,,,,,,,,,Yes,-1.4,6.9,Pirates @ White Sox,2026-09-08T23:40:00Z,Tue 07:40pm,Rate Field,outdoor,,,,,,9/8/2026,10-Day-IL,"Jul 22: Teel is expected to miss 6-to-12 weeks due to left high-ankle sprain,  MLB.com reports.",No,,,3.5,,,,0,,0,,0.74,,0.62,0.5,Push
PrizePicks,MLB,323131,Braden Montgomery,OF,CWS,Total Bases,3.5,TRUE,N/A,10/3/2026,5:36:36 AM,pre_game,MLB,demon,https://static.prizepicks.com/images/manual/Braden Montgomery.png,15364243,,,,,,,,,Yes,-1.4,6.9,Pirates @ White Sox,2026-09-08T23:40:00Z,Tue 07:40pm,Rate Field,outdoor,,,,,,8/4/2026,Day-To-Day,Aug 2: The White Sox scratched Montgomery from the lineup for Sunday's game against the Rays.,No,,,3.5,,,,0,,0,,0.79,,0.65,0.5,Push
PrizePicks,MLB,67669,José Ramírez,IF,CLE,Hits+Runs+RBIs,3.5,TRUE,N/A,10/3/2026,5:36:36 AM,pre_game,MLB,demon,https://static.prizepicks.com/images/players/MLB/Jos%C3%A9_Ram%C3%ADrez_MLB_player_WzQsklw2gpPqHAZQC4Vjg4S3-450.webp,15364254,1.50,50.46,49.54,-3.67,50.46,Over,https://www.freeiconspng.com/img/1934,,Yes,-1.4,6.9,Guardians @ Orioles,2026-09-08T22:35:00Z,Tue 06:35pm,Oriole Park at Camden Yards,outdoor,,-102.000,-102.000,,1.514,,,,No,,,3.5,6.738643482,93.26135652,6.738643482,1.51,,0,,0.82,,1.17,0,Push
PrizePicks,MLB,235491,Chase Meidroth,IF,CWS,Total Bases,3.5,TRUE,N/A,10/3/2026,5:36:36 AM,pre_game,MLB,demon,https://static.prizepicks.com/images/players/MLB/Chase_Meidroth_MLB_player_3aJAUSt5N14MCI2tnJjUQKgl-450.webp,15364257,,,,,,,,,Yes,-1.4,6.9,Pirates @ White Sox,2026-09-08T23:40:00Z,Tue 07:40pm,Rate Field,outdoor,,,,,,,,,No,,,3.5,,,,0,,0,,0.96,,0.73,0.5,Push
PrizePicks,MLB,317289,Patrick Bailey,C,CLE,Total Bases,3.5,TRUE,N/A,10/3/2026,5:36:36 AM,pre_game,MLB,demon,https://static.prizepicks.com/images/manual/Patrick_Bailey.png,15364267,,,,,,,,,Yes,-1.4,6.9,Guardians @ Orioles,2026-09-08T22:35:00Z,Tue 06:35pm,Oriole Park at Camden Yards,outdoor,,,,,,,,,No,,,3.5,,,,0,,0,,0.8,,0.65,0.5,Push
PrizePicks,MLB,67698,Steven Kwan,OF,CLE,Hits+Runs+RBIs,3.5,TRUE,N/A,10/3/2026,5:36:36 AM,pre_game,MLB,demon,https://static.prizepicks.com/images/players/MLB/Steven_Kwan_MLB_player_ntXGz6Uewr9nyMV3MgkiDLnt-450.webp,15364270,1.50,50.08,49.92,-4.21,50.08,Over,https://www.freeiconspng.com/img/1934,,Yes,-1.4,6.9,Guardians @ Orioles,2026-09-08T22:35:00Z,Tue 06:35pm,Oriole Park at Camden Yards,outdoor,,-100.000,-100.000,9/8/2026,1.502,,,,No,,,3.5,6.594404147,93.40559585,6.594404147,1.5,,0,,0.99,,1.24,0,Push
PrizePicks,MLB,127166,Andrew Benintendi,DH,CWS,Hits+Runs+RBIs,3.5,TRUE,N/A,10/3/2026,5:36:36 AM,pre_game,MLB,demon,https://static.prizepicks.com/images/players/MLB/Andrew_Benintendi_MLB_player_gS0XOOhPqt5xrsBUNxHk03Qx-450.webp,15364275,,,,,,,,,Yes,-1.4,6.9,Pirates @ White Sox,2026-09-08T23:40:00Z,Tue 07:40pm,Rate Field,outdoor,,,,,,,,,No,,,3.5,,,,0,,0,,0.84,,0.84,0,Push
PrizePicks,MLB,244978,Colson Montgomery,IF,CWS,Hits+Runs+RBIs,3.5,TRUE,N/A,10/3/2026,5:36:36 AM,pre_game,MLB,demon,https://static.prizepicks.com/images/players/MLB/Colson_Montgomery_MLB_player_j4GCQ0xCS1DuWlq2jQyc285-450.webp,15364276,0.50,51.34,48.66,-5.18,51.34,Over,https://www.freeiconspng.com/img/1934,,Yes,-1.4,6.9,Pirates @ White Sox,2026-09-08T23:40:00Z,Tue 07:40pm,Rate Field,outdoor,,-106.000,-106.000,9/8/2026,0.513,,,,No,,,3.5,0.1926683777,99.80733162,0.1926683777,0.51,,0,,0.69,,0.6,0,Push
PrizePicks,MLB,193122,Brayan Rocchio,IF,CLE,Total Bases,3.5,TRUE,N/A,10/3/2026,5:36:36 AM,pre_game,MLB,demon,https://static.prizepicks.com/images/players/MLB/Brayan_Rocchio_MLB_player_PGq0ULkYVRkU5iXYMyn5I3Lc-450.webp,15365295,,,,,,,,,Yes,-1.4,6.9,Guardians @ Orioles,2026-09-08T22:35:00Z,Tue 06:35pm,Oriole Park at Camden Yards,outdoor,,,,,,,,,No,,,3.5,,,,0,,0,,0.88,,0.69,0.5,Push
PrizePicks,MLB,331054,Jo Adell,OF,CLE,Total Bases,3.5,TRUE,N/A,10/3/2026,5:36:36 AM,pre_game,MLB,demon,https://static.prizepicks.com/images/manual/Jo Adell CLE.png,15365299,,,,,,,,,Yes,-1.4,6.9,Guardians @ Orioles,2026-09-08T22:35:00Z,Tue 06:35pm,Oriole Park at Camden Yards,outdoor,,,,,,,,,No,,,3.5,,,,0,,0,,0.86,,1.18,1.5,Push
PrizePicks,MLB,310369,Tristan Peters,OF,CWS,Total Bases,3.5,TRUE,N/A,10/3/2026,5:36:36 AM,pre_game,MLB,demon,https://static.prizepicks.com/images/manual/Tristan_Peters.png,15365303,,,,,,,,,Yes,-1.4,6.9,Pirates @ White Sox,2026-09-08T23:40:00Z,Tue 07:40pm,Rate Field,outdoor,,,,,,,,,No,,,3.5,,,,0,,0,,0.93,,1.21,1.5,Push
PrizePicks,MLB,127166,Andrew Benintendi,DH,CWS,Total Bases,3.5,TRUE,N/A,10/3/2026,5:36:36 AM,pre_game,MLB,demon,https://static.prizepicks.com/images/players/MLB/Andrew_Benintendi_MLB_player_gS0XOOhPqt5xrsBUNxHk03Qx-450.webp,15365304,,,,,,,,,Yes,-1.4,6.9,Pirates @ White Sox,2026-09-08T23:40:00Z,Tue 07:40pm,Rate Field,outdoor,,,,,,,,,No,,,3.5,,,,0,,0,,0.84,,0.67,0.5,Push
PrizePicks,MLB,309111,Munetaka Murakami,IF,CWS,Hitter Strikeouts,3.5,TRUE,N/A,10/3/2026,5:36:36 AM,pre_game,MLB,demon,https://static.prizepicks.com/images/manual/Munetaka_Murakami.png,15365309,,,,,,,,,Yes,-1.4,6.9,Pirates @ White Sox,2026-09-08T23:40:00Z,Tue 07:40pm,Rate Field,outdoor,,,,,,,,,No,,,5,,,,0,,0,,196,,196,0,Push
PrizePicks,MLB,314184,Sam Antonacci,OF,CWS,Total Bases,3.5,TRUE,N/A,10/3/2026,5:36:36 AM,pre_game,MLB,demon,https://static.prizepicks.com/images/manual/Sam_Antonacci.png,15365311,,,,,,,,,Yes,-1.4,6.9,Pirates @ White Sox,2026-09-08T23:40:00Z,Tue 07:40pm,Rate Field,outdoor,,,,,,,,,No,,,3.5,,,,0,,0,,0.97,,1.23,1.5,Push
PrizePicks,MLB,67698,Steven Kwan,OF,CLE,Total Bases,3.5,TRUE,N/A,10/3/2026,5:36:36 AM,pre_game,MLB,demon,https://static.prizepicks.com/images/players/MLB/Steven_Kwan_MLB_player_ntXGz6Uewr9nyMV3MgkiDLnt-450.webp,15365318,,,,,,,,,Yes,-1.4,6.9,Guardians @ Orioles,2026-09-08T22:35:00Z,Tue 06:35pm,Oriole Park at Camden Yards,outdoor,,,,,,,,,No,,,3.5,,,,0,,0,,0.99,,1.24,1.5,Push
PrizePicks,MLB,235491,Chase Meidroth,IF,CWS,Hits+Runs+RBIs,3.5,TRUE,N/A,10/3/2026,5:36:36 AM,pre_game,MLB,demon,https://static.prizepicks.com/images/players/MLB/Chase_Meidroth_MLB_player_3aJAUSt5N14MCI2tnJjUQKgl-450.webp,15365328,1.50,41.83,58.17,-3.66,58.17,Under,https://www.freeiconspng.com/img/1934,,Yes,-1.4,6.9,Pirates @ White Sox,2026-09-08T23:40:00Z,Tue 07:40pm,Rate Field,outdoor,,-139.000,-139.000,9/8/2026,1.255,,,,No,,,3.5,3.872761191,96.12723881,3.872761191,1.25,,0,,0.96,,1.11,0,Push
PrizePicks,MLB,331060,Nathaniel Lowe,IF,CLE,Hits+Runs+RBIs,3.5,TRUE,N/A,10/3/2026,5:36:36 AM,pre_game,MLB,demon,https://static.prizepicks.com/images/manual/Nathaniel Lowe CLE.png,15365333,0.50,58.79,41.21,-6.12,58.79,Over,https://www.freeiconspng.com/img/1934,,Yes,-1.4,6.9,Guardians @ Orioles,2026-09-08T22:35:00Z,Tue 06:35pm,Oriole Park at Camden Yards,outdoor,,-143.000,-143.000,9/8/2026,0.588,,,,No,,,3.5,0.3124746946,99.68752531,0.3124746946,0.59,,0,,0.79,,0.69,0,Push
PrizePicks,MLB,266831,Chase DeLauter,OF,CLE,Total Bases,3.5,TRUE,N/A,10/3/2026,5:36:36 AM,pre_game,MLB,demon,https://static.prizepicks.com/images/manual/Chase DeLauter.png,15365336,,,,,,,,,Yes,-1.4,6.9,Guardians @ Orioles,2026-09-08T22:35:00Z,Tue 06:35pm,Oriole Park at Camden Yards,outdoor,,,,,,,,,No,,,3.5,,,,0,,0,,1,,1,0,Push
PrizePicks,MLB,205264,Miguel Vargas,IF,CWS,Total Bases,3.5,TRUE,N/A,10/3/2026,5:36:36 AM,pre_game,MLB,demon,https://static.prizepicks.com/images/players/MLB/Miguel_Vargas_MLB_player_G8lSuTxbs8GHQpczU4L0qDkR-450.webp,15365344,,,,,,,,,Yes,-1.4,6.9,Pirates @ White Sox,2026-09-08T23:40:00Z,Tue 07:40pm,Rate Field,outdoor,,,,,,,,,No,,,3.5,,,,0,,0,,0.88,,1.19,1.5,Push
PrizePicks,MLB,241087,Kyle Teel,C,CWS,Hits+Runs+RBIs,3.5,TRUE,N/A,10/3/2026,5:36:36 AM,pre_game,MLB,demon,https://static.prizepicks.com/images/players/MLB/Kyle_Teel_MLB_player_Z3yrero53bwu64NFOIoizFmc-450.webp,15365346,0.50,56.27,43.73,-3.41,56.27,Over,https://www.freeiconspng.com/img/1934,,Yes,-1.4,6.9,Pirates @ White Sox,2026-09-08T23:40:00Z,Tue 07:40pm,Rate Field,outdoor,,-129.000,-129.000,9/8/2026,0.563,9/8/2026,10-Day-IL,"Jul 22: Teel is expected to miss 6-to-12 weeks due to left high-ankle sprain,  MLB.com reports.",No,,,3.5,0.2674777787,99.73252222,0.2674777787,0.56,,0,,0.74,,0.65,0,Push
PrizePicks,MLB,317289,Patrick Bailey,C,CLE,Hits+Runs+RBIs,3.5,TRUE,N/A,10/3/2026,5:36:36 AM,pre_game,MLB,demon,https://static.prizepicks.com/images/manual/Patrick_Bailey.png,15365350,0.50,59.08,40.92,-5.83,59.08,Over,https://www.freeiconspng.com/img/1934,,Yes,-1.4,6.9,Guardians @ Orioles,2026-09-08T22:35:00Z,Tue 06:35pm,Oriole Park at Camden Yards,outdoor,,-144.000,-144.000,9/8/2026,0.591,,,,No,,,3.5,0.3179627235,99.68203728,0.3179627235,0.59,,0,,0.8,,0.69,0,Push
PrizePicks,MLB,201589,Angel Martínez,OF,CLE,Total Bases,3.5,TRUE,N/A,10/3/2026,5:36:36 AM,pre_game,MLB,demon,https://static.prizepicks.com/images/players/MLB/Angel_Mart%C3%ADnez_MLB_player_QojrBDK78dNI9zcgIzRMCYxd-450.webp,15365354,,,,,,,,,Yes,-1.4,6.9,Guardians @ Orioles,2026-09-08T22:35:00Z,Tue 06:35pm,Oriole Park at Camden Yards,outdoor,,,,,,,,,No,,,3.5,,,,0,,0,,0.89,,0.7,0.5,Push
PrizePicks,MLB,331060,Nathaniel Lowe,IF,CLE,Total Bases,3.5,TRUE,N/A,10/3/2026,5:36:36 AM,pre_game,MLB,demon,https://static.prizepicks.com/images/manual/Nathaniel Lowe CLE.png,15365369,,,,,,,,,Yes,-1.4,6.9,Guardians @ Orioles,2026-09-08T22:35:00Z,Tue 06:35pm,Oriole Park at Camden Yards,outdoor,,,,,,,,,No,,,3.5,,,,0,,0,,0.79,,1.14,1.5,Push
PrizePicks,MLB,193122,Brayan Rocchio,IF,CLE,Hits+Runs+RBIs,3.5,TRUE,N/A,10/3/2026,5:36:36 AM,pre_game,MLB,demon,https://static.prizepicks.com/images/players/MLB/Brayan_Rocchio_MLB_player_PGq0ULkYVRkU5iXYMyn5I3Lc-450.webp,15365375,1.50,40.71,59.29,-6.81,59.29,Under,https://www.freeiconspng.com/img/1934,,Yes,-1.4,6.9,Guardians @ Orioles,2026-09-08T22:35:00Z,Tue 06:35pm,Oriole Park at Camden Yards,outdoor,,-146.000,-146.000,9/8/2026,1.221,,,,No,,,3.5,3.564615151,96.43538485,3.564615151,1.22,,0,,0.88,,1.05,0,Push
PrizePicks,MLB,310369,Tristan Peters,OF,CWS,Hits+Runs+RBIs,3.5,TRUE,N/A,10/3/2026,5:36:36 AM,pre_game,MLB,demon,https://static.prizepicks.com/images/manual/Tristan_Peters.png,15365378,,,,,,,,,Yes,-1.4,6.9,Pirates @ White Sox,2026-09-08T23:40:00Z,Tue 07:40pm,Rate Field,outdoor,,,,,,,,,No,,,3.5,,,,0,,0,,0.93,,0.93,0,Push
PrizePicks,MLB,314184,Sam Antonacci,OF,CWS,Hits+Runs+RBIs,3.5,TRUE,N/A,10/3/2026,5:36:36 AM,pre_game,MLB,demon,https://static.prizepicks.com/images/manual/Sam_Antonacci.png,15365387,0.50,58.77,41.23,-6.75,58.77,Over,https://www.freeiconspng.com/img/1934,,Yes,-1.4,6.9,Pirates @ White Sox,2026-09-08T23:40:00Z,Tue 07:40pm,Rate Field,outdoor,,-143.000,-143.000,9/8/2026,0.588,,,,No,,,3.5,0.3120986068,99.68790139,0.3120986068,0.59,,0,,0.97,,0.78,0,Push
PrizePicks,MLB,205264,Miguel Vargas,IF,CWS,Hits+Runs+RBIs,3.5,TRUE,N/A,10/3/2026,5:36:36 AM,pre_game,MLB,demon,https://static.prizepicks.com/images/players/MLB/Miguel_Vargas_MLB_player_G8lSuTxbs8GHQpczU4L0qDkR-450.webp,15365411,1.50,43.91,56.09,-3.59,56.09,Under,https://www.freeiconspng.com/img/1934,,Yes,-1.4,6.9,Pirates @ White Sox,2026-09-08T23:40:00Z,Tue 07:40pm,Rate Field,outdoor,,-128.000,-128.000,9/8/2026,1.317,,,,No,,,3.5,4.484137722,95.51586228,4.484137722,1.32,,0,,0.88,,1.1,0,Push
PrizePicks,MLB,323131,Braden Montgomery,OF,CWS,Hits+Runs+RBIs,3.5,TRUE,N/A,10/3/2026,5:36:36 AM,pre_game,MLB,demon,https://static.prizepicks.com/images/manual/Braden Montgomery.png,15365418,,,,,,,,,Yes,-1.4,6.9,Pirates @ White Sox,2026-09-08T23:40:00Z,Tue 07:40pm,Rate Field,outdoor,,,,,,8/4/2026,Day-To-Day,Aug 2: The White Sox scratched Montgomery from the lineup for Sunday's game against the Rays.,No,,,3.5,,,,0,,0,,0.79,,0.79,0,Push
PrizePicks,MLB,67669,José Ramírez,IF,CLE,Total Bases,3.5,TRUE,N/A,10/3/2026,5:36:36 AM,pre_game,MLB,demon,https://static.prizepicks.com/images/players/MLB/Jos%C3%A9_Ram%C3%ADrez_MLB_player_WzQsklw2gpPqHAZQC4Vjg4S3-450.webp,15365421,,,,,,,,,Yes,-1.4,6.9,Guardians @ Orioles,2026-09-08T22:35:00Z,Tue 06:35pm,Oriole Park at Camden Yards,outdoor,,,,,,,,,No,,,3.5,,,,0,,0,,0.82,,1.16,1.5,Push
PrizePicks,MLB,201589,Angel Martínez,OF,CLE,Hits+Runs+RBIs,3.5,TRUE,N/A,10/3/2026,5:36:36 AM,pre_game,MLB,demon,https://static.prizepicks.com/images/players/MLB/Angel_Mart%C3%ADnez_MLB_player_QojrBDK78dNI9zcgIzRMCYxd-450.webp,15365422,1.50,44.1,55.9,-4.73,55.9,Under,https://www.freeiconspng.com/img/1934,,Yes,-1.4,6.9,Guardians @ Orioles,2026-09-08T22:35:00Z,Tue 06:35pm,Oriole Park at Camden Yards,outdoor,,-127.000,-127.000,,1.323,,,,No,,,3.5,4.542517109,95.45748289,4.542517109,1.32,,0,,0.89,,1.11,0,Push
PrizePicks,MLB,328439,Travis Bazzana,IF,AL,Total Bases,3.5,TRUE,N/A,10/3/2026,5:36:36 AM,pre_game,MLB,demon,https://static.prizepicks.com/images/manual/Travis Bazzana.png,15365423,,,,,,,,,Yes,-1.4,6.9,Guardians @ Orioles,2026-09-08T22:35:00Z,Tue 06:35pm,Oriole Park at Camden Yards,outdoor,,,,,,,,,No,,,3.5,,,,0,,0,,0.86,,0.68,0.5,Push
PrizePicks,MLB,244978,Colson Montgomery,IF,CWS,Total Bases,3.5,TRUE,N/A,10/3/2026,5:36:36 AM,pre_game,MLB,demon,https://static.prizepicks.com/images/players/MLB/Colson_Montgomery_MLB_player_j4GCQ0xCS1DuWlq2jQyc285-450.webp,15374841,,,,,,,,,Yes,-1.4,6.9,Pirates @ White Sox,2026-09-08T23:40:00Z,Tue 07:40pm,Rate Field,outdoor,,,,,,,,,No,,,3.5,,,,0,,0,,0.69,,0.6,0.5,Push
PrizePicks,MLB,195621,Tommy Pham,DH,CWS,Hits+Runs+RBIs,3.5,TRUE,N/A,10/3/2026,5:36:36 AM,pre_game,MLB,demon,https://static.prizepicks.com/images/manual/Tommy Pham.png,15375212,0.50,56.29,43.71,0.15,56.29,Over,https://www.freeiconspng.com/img/1934,,Yes,-1.4,6.9,Pirates @ White Sox,2026-09-08T23:40:00Z,Tue 07:40pm,Rate Field,outdoor,,-129.000,-129.000,,0.563,,,,No,,,3.5,0.2678162486,99.73218375,0.2678162486,0.56,,0,,0.62,,0.59,0,Push
PrizePicks,MLB,331055,Brenton Doyle,OF,CWS,Hits+Runs+RBIs,3.5,TRUE,N/A,10/3/2026,5:36:36 AM,pre_game,MLB,demon,https://static.prizepicks.com/images/manual/Brenton Doyle.png,15375215,0.50,55.43,44.57,-4.25,55.43,Over,https://www.freeiconspng.com/img/1934,,Yes,-1.4,6.9,Pirates @ White Sox,2026-09-08T23:40:00Z,Tue 07:40pm,Rate Field,outdoor,,-124.000,-124.000,,0.554,,,,No,,,3.5,0.2535251441,99.74647486,0.2535251441,0.55,,0,,0.9,,0.73,0,Push
PrizePicks,MLB,331055,Brenton Doyle,OF,CWS,Total Bases,3.5,TRUE,N/A,10/3/2026,5:36:36 AM,pre_game,MLB,demon,https://static.prizepicks.com/images/manual/Brenton Doyle.png,15375216,,,,,,,,,Yes,-1.4,6.9,Pirates @ White Sox,2026-09-08T23:40:00Z,Tue 07:40pm,Rate Field,outdoor,,,,,,,,,No,,,3.5,,,,0,,0,,0.9,,0.9,0,Push
PrizePicks,MLB,316660,Randal Grichuk,DH,CWS,Hits+Runs+RBIs,3.5,TRUE,N/A,10/3/2026,5:36:36 AM,pre_game,MLB,demon,https://static.prizepicks.com/images/manual/Randal Grichuk CWS.png,15375223,1.50,44.39,55.61,-4.07,55.61,Under,https://www.freeiconspng.com/img/1934,,Yes,-1.4,6.9,Pirates @ White Sox,2026-09-08T23:40:00Z,Tue 07:40pm,Rate Field,outdoor,,-125.000,-125.000,,1.332,,,,No,,,3.5,4.632438585,95.36756142,4.632438585,1.33,,0,,1.05,,1.19,0,Push
PrizePicks,MLB,195621,Tommy Pham,DH,CWS,Total Bases,3.5,TRUE,N/A,10/3/2026,5:36:36 AM,pre_game,MLB,demon,https://static.prizepicks.com/images/manual/Tommy Pham.png,15375225,,,,,,,,,Yes,-1.4,6.9,Pirates @ White Sox,2026-09-08T23:40:00Z,Tue 07:40pm,Rate Field,outdoor,,,,,,,,,No,,,3.5,,,,0,,0,,0.62,,0.62,0,Push
PrizePicks,MLB,316660,Randal Grichuk,DH,CWS,Total Bases,3.5,TRUE,N/A,10/3/2026,5:36:36 AM,pre_game,MLB,demon,https://static.prizepicks.com/images/manual/Randal Grichuk CWS.png,15375229,,,,,,,,,Yes,-1.4,6.9,Pirates @ White Sox,2026-09-08T23:40:00Z,Tue 07:40pm,Rate Field,outdoor,,,,,,,,,No,,,3.5,,,,0,,0,,1.05,,1.05,0,Push
PrizePicks,MLB,257051,Parker Messick,P,CLE,Hits Allowed,3.5,TRUE,N/A,10/3/2026,5:36:36 AM,pre_game,MLB,goblin,https://static.prizepicks.com/images/manual/Parker_Messick.png,15375443,,,,,,,,,Yes,-1.4,6.9,Guardians @ Orioles,2026-09-08T22:35:00Z,Tue 06:35pm,Oriole Park at Camden Yards,outdoor,,,,,,,,,No,,,3.5,,,,0,,0,,149,,149,0,Push
PrizePicks,MLB,257051,Parker Messick,P,CLE,Earned Runs Allowed,3.5,TRUE,N/A,10/3/2026,5:36:36 AM,pre_game,MLB,demon,https://static.prizepicks.com/images/manual/Parker_Messick.png,15375444,,,,,,,,,Yes,-1.4,6.9,Guardians @ Orioles,2026-09-08T22:35:00Z,Tue 06:35pm,Oriole Park at Camden Yards,outdoor,,,,,,,,,No,,,3.5,,,,0,,0,,149,,149,0,Push
PrizePicks,MLB,67698,Steven Kwan,OF,CLE,Hits,2.5,TRUE,N/A,10/3/2026,5:36:36 AM,pre_game,MLB,demon,https://static.prizepicks.com/images/players/MLB/Steven_Kwan_MLB_player_ntXGz6Uewr9nyMV3MgkiDLnt-450.webp,15363520,0.50,67.09,32.91,-5.51,67.09,Over,https://www.freeiconspng.com/img/1934,,Yes,-1.4,6.9,Guardians @ Orioles,2026-09-08T22:35:00Z,Tue 06:35pm,Oriole Park at Camden Yards,outdoor,,-204.000,-204.000,9/8/2026,0.671,,,,No,,,3.5,3.069714483,96.93028552,3.069714483,0.67,,0,,0.99,,0.72,0.5,Push
PrizePicks,MLB,266831,Chase DeLauter,OF,CLE,Hits,2.5,TRUE,N/A,10/3/2026,5:36:36 AM,pre_game,MLB,demon,https://static.prizepicks.com/images/manual/Chase DeLauter.png,15363526,0.50,65.02,34.98,-5.99,65.02,Over,https://www.freeiconspng.com/img/1934,,Yes,-1.4,6.9,Guardians @ Orioles,2026-09-08T22:35:00Z,Tue 06:35pm,Oriole Park at Camden Yards,outdoor,,-186.000,-186.000,,0.650,,,,No,,,3.5,2.836435902,97.1635641,2.836435902,0.65,,0,,1,,0.83,0,Push
PrizePicks,MLB,67669,José Ramírez,IF,CLE,Hits,2.5,TRUE,N/A,10/3/2026,5:36:36 AM,pre_game,MLB,demon,https://static.prizepicks.com/images/players/MLB/Jos%C3%A9_Ram%C3%ADrez_MLB_player_WzQsklw2gpPqHAZQC4Vjg4S3-450.webp,15363529,0.50,64.98,35.02,-6.03,64.98,Over,https://www.freeiconspng.com/img/1934,,Yes,-1.4,6.9,Guardians @ Orioles,2026-09-08T22:35:00Z,Tue 06:35pm,Oriole Park at Camden Yards,outdoor,,-186.000,-186.000,,0.650,,,,No,,,3.5,2.832024615,97.16797538,2.832024615,0.65,,0,,0.82,,0.66,0.5,Push
PrizePicks,MLB,331054,Jo Adell,OF,CLE,Hits,2.5,TRUE,N/A,10/3/2026,5:36:36 AM,pre_game,MLB,demon,https://static.prizepicks.com/images/manual/Jo Adell CLE.png,15363531,0.50,60.62,39.38,-6.05,60.62,Over,https://www.freeiconspng.com/img/1934,,Yes,-1.4,6.9,Guardians @ Orioles,2026-09-08T22:35:00Z,Tue 06:35pm,Oriole Park at Camden Yards,outdoor,,-154.000,-154.000,9/8/2026,0.606,,,,No,,,3.5,2.373219128,97.62678087,2.373219128,0.61,,0,,0.86,,0.65,0.5,Push
PrizePicks,MLB,241087,Kyle Teel,C,CWS,Total Bases,2.5,TRUE,N/A,10/3/2026,5:36:36 AM,pre_game,MLB,demon,https://static.prizepicks.com/images/players/MLB/Kyle_Teel_MLB_player_Z3yrero53bwu64NFOIoizFmc-450.webp,15364217,,,,,,,,,Yes,-1.4,6.9,Pirates @ White Sox,2026-09-08T23:40:00Z,Tue 07:40pm,Rate Field,outdoor,,,,,,9/8/2026,10-Day-IL,"Jul 22: Teel is expected to miss 6-to-12 weeks due to left high-ankle sprain,  MLB.com reports.",No,,,3.5,,,,0,,0,,0.74,,0.62,0.5,Push
PrizePicks,MLB,235491,Chase Meidroth,IF,CWS,Hits,2.5,TRUE,N/A,10/3/2026,5:36:36 AM,pre_game,MLB,demon,https://static.prizepicks.com/images/players/MLB/Chase_Meidroth_MLB_player_3aJAUSt5N14MCI2tnJjUQKgl-450.webp,15364224,0.50,58.33,41.67,-7.77,58.33,Over,https://www.freeiconspng.com/img/1934,,Yes,-1.4,6.9,Pirates @ White Sox,2026-09-08T23:40:00Z,Tue 07:40pm,Rate Field,outdoor,,-140.000,-140.000,9/8/2026,0.583,,,,No,,,3.5,2.149770821,97.85022918,2.149770821,0.58,,0,,0.96,,0.68,0.5,Push
PrizePicks,MLB,328439,Travis Bazzana,IF,AL,Hits+Runs+RBIs,2.5,TRUE,N/A,10/3/2026,5:36:36 AM,pre_game,MLB,demon,https://static.prizepicks.com/images/manual/Travis Bazzana.png,15364227,1.50,45.64,54.36,-4.15,54.36,Under,https://www.freeiconspng.com/img/1934,,Yes,-1.4,6.9,Guardians @ Orioles,2026-09-08T22:35:00Z,Tue 06:35pm,Oriole Park at Camden Yards,outdoor,,-119.000,-119.000,9/8/2026,1.369,,,,No,,,3.5,15.91090914,84.08909086,15.91090914,1.37,,0,,0.86,,1.11,0,Push
PrizePicks,MLB,309111,Munetaka Murakami,IF,CWS,Hits+Runs+RBIs,2.5,TRUE,N/A,10/3/2026,5:36:36 AM,pre_game,MLB,demon,https://static.prizepicks.com/images/manual/Munetaka_Murakami.png,15364231,0.50,57.85,42.15,-6.44,57.85,Over,https://www.freeiconspng.com/img/1934,,Yes,-1.4,6.9,Pirates @ White Sox,2026-09-08T23:40:00Z,Tue 07:40pm,Rate Field,outdoor,,-137.000,-137.000,9/8/2026,0.579,,,,No,,,3.5,2.10446726,97.89553274,2.10446726,0.58,,0,,0.72,,0.65,0,Push
PrizePicks,MLB,323131,Braden Montgomery,OF,CWS,Total Bases,2.5,TRUE,N/A,10/3/2026,5:36:36 AM,pre_game,MLB,demon,https://static.prizepicks.com/images/manual/Braden Montgomery.png,15364232,,,,,,,,,Yes,-1.4,6.9,Pirates @ White Sox,2026-09-08T23:40:00Z,Tue 07:40pm,Rate Field,outdoor,,,,,,8/4/2026,Day-To-Day,Aug 2: The White Sox scratched Montgomery from the lineup for Sunday's game against the Rays.,No,,,3.5,,,,0,,0,,0.79,,0.65,0.5,Push
PrizePicks,MLB,309111,Munetaka Murakami,IF,CWS,Total Bases,2.5,TRUE,N/A,10/3/2026,5:36:36 AM,pre_game,MLB,demon,https://static.prizepicks.com/images/manual/Munetaka_Murakami.png,15364248,,,,,,,,,Yes,-1.4,6.9,Pirates @ White Sox,2026-09-08T23:40:00Z,Tue 07:40pm,Rate Field,outdoor,,,,,,,,,No,,,3.5,,,,0,,0,,0.72,,0.61,0.5,Push
PrizePicks,MLB,331054,Jo Adell,OF,CLE,Hits+Runs+RBIs,2.5,TRUE,N/A,10/3/2026,5:36:36 AM,pre_game,MLB,demon,https://static.prizepicks.com/images/manual/Jo Adell CLE.png,15364249,1.50,48.8,51.2,-3.75,51.2,Under,https://www.freeiconspng.com/img/1934,,Yes,-1.4,6.9,Guardians @ Orioles,2026-09-08T22:35:00Z,Tue 06:35pm,Oriole Park at Camden Yards,outdoor,,-105.000,-105.000,9/8/2026,1.464,,,,No,,,3.5,18.21721425,81.78278575,18.21721425,1.46,,0,,0.86,,1.16,0,Push
PrizePicks,MLB,266831,Chase DeLauter,OF,CLE,Hits+Runs+RBIs,2.5,TRUE,N/A,10/3/2026,5:36:36 AM,pre_game,MLB,demon,https://static.prizepicks.com/images/manual/Chase DeLauter.png,15364251,1.50,50.81,49.19,-3.11,50.81,Over,https://www.freeiconspng.com/img/1934,,Yes,-1.4,6.9,Guardians @ Orioles,2026-09-08T22:35:00Z,Tue 06:35pm,Oriole Park at Camden Yards,outdoor,,-103.000,-103.000,,1.524,,,,No,,,3.5,19.72772288,80.27227712,19.72772288,1.52,,0,,1,,1.26,0,Push
PrizePicks,MLB,127166,Andrew Benintendi,DH,CWS,Hits+Runs+RBIs,2.5,TRUE,N/A,10/3/2026,5:36:36 AM,pre_game,MLB,demon,https://static.prizepicks.com/images/players/MLB/Andrew_Benintendi_MLB_player_gS0XOOhPqt5xrsBUNxHk03Qx-450.webp,15364253,,,,,,,,,Yes,-1.4,6.9,Pirates @ White Sox,2026-09-08T23:40:00Z,Tue 07:40pm,Rate Field,outdoor,,,,,,,,,No,,,3.5,,,,0,,0,,0.84,,0.84,0,Push
PrizePicks,MLB,244978,Colson Montgomery,IF,CWS,Hits+Runs+RBIs,2.5,TRUE,N/A,10/3/2026,5:36:36 AM,pre_game,MLB,demon,https://static.prizepicks.com/images/players/MLB/Colson_Montgomery_MLB_player_j4GCQ0xCS1DuWlq2jQyc285-450.webp,15364255,0.50,51.34,48.66,-5.18,51.34,Over,https://www.freeiconspng.com/img/1934,,Yes,-1.4,6.9,Pirates @ White Sox,2026-09-08T23:40:00Z,Tue 07:40pm,Rate Field,outdoor,,-106.000,-106.000,9/8/2026,0.513,,,,No,,,3.5,1.542406628,98.45759337,1.542406628,0.51,,0,,0.69,,0.6,0,Push
PrizePicks,MLB,67669,José Ramírez,IF,CLE,Hits+Runs+RBIs,2.5,TRUE,N/A,10/3/2026,5:36:36 AM,pre_game,MLB,demon,https://static.prizepicks.com/images/players/MLB/Jos%C3%A9_Ram%C3%ADrez_MLB_player_WzQsklw2gpPqHAZQC4Vjg4S3-450.webp,15364269,1.50,50.46,49.54,-3.67,50.46,Over,https://www.freeiconspng.com/img/1934,,Yes,-1.4,6.9,Guardians @ Orioles,2026-09-08T22:35:00Z,Tue 06:35pm,Oriole Park at Camden Yards,outdoor,,-102.000,-102.000,,1.514,,,,No,,,3.5,19.46251472,80.53748528,19.46251472,1.51,,0,,0.82,,1.17,0,Push
PrizePicks,MLB,235491,Chase Meidroth,IF,CWS,Total Bases,2.5,TRUE,N/A,10/3/2026,5:36:36 AM,pre_game,MLB,demon,https://static.prizepicks.com/images/players/MLB/Chase_Meidroth_MLB_player_3aJAUSt5N14MCI2tnJjUQKgl-450.webp,15364273,,,,,,,,,Yes,-1.4,6.9,Pirates @ White Sox,2026-09-08T23:40:00Z,Tue 07:40pm,Rate Field,outdoor,,,,,,,,,No,,,3.5,,,,0,,0,,0.96,,0.73,0.5,Push
PrizePicks,MLB,67698,Steven Kwan,OF,CLE,Hits+Runs+RBIs,2.5,TRUE,N/A,10/3/2026,5:36:36 AM,pre_game,MLB,demon,https://static.prizepicks.com/images/players/MLB/Steven_Kwan_MLB_player_ntXGz6Uewr9nyMV3MgkiDLnt-450.webp,15364274,1.50,50.08,49.92,-4.21,50.08,Over,https://www.freeiconspng.com/img/1934,,Yes,-1.4,6.9,Guardians @ Orioles,2026-09-08T22:35:00Z,Tue 06:35pm,Oriole Park at Camden Yards,outdoor,,-100.000,-100.000,9/8/2026,1.502,,,,No,,,3.5,19.17558614,80.82441386,19.17558614,1.5,,0,,0.99,,1.24,0,Push
PrizePicks,MLB,317289,Patrick Bailey,C,CLE,Total Bases,2.5,TRUE,N/A,10/3/2026,5:36:36 AM,pre_game,MLB,demon,https://static.prizepicks.com/images/manual/Patrick_Bailey.png,15364277,,,,,,,,,Yes,-1.4,6.9,Guardians @ Orioles,2026-09-08T22:35:00Z,Tue 06:35pm,Oriole Park at Camden Yards,outdoor,,,,,,,,,No,,,3.5,,,,0,,0,,0.8,,0.65,0.5,Push
PrizePicks,MLB,244978,Colson Montgomery,IF,CWS,Hitter Strikeouts,2.5,TRUE,N/A,10/3/2026,5:36:36 AM,pre_game,MLB,demon,https://static.prizepicks.com/images/players/MLB/Colson_Montgomery_MLB_player_j4GCQ0xCS1DuWlq2jQyc285-450.webp,15365316,,,,,,,,,Yes,-1.4,6.9,Pirates @ White Sox,2026-09-08T23:40:00Z,Tue 07:40pm,Rate Field,outdoor,,,,,,,,,No,,,5,,,,0,,0,,227,,227,0,Push
PrizePicks,MLB,331054,Jo Adell,OF,CLE,Hitter Strikeouts,2.5,TRUE,N/A,10/3/2026,5:36:36 AM,pre_game,MLB,demon,https://static.prizepicks.com/images/manual/Jo Adell CLE.png,15365329,,,,,,,,,Yes,-1.4,6.9,Guardians @ Orioles,2026-09-08T22:35:00Z,Tue 06:35pm,Oriole Park at Camden Yards,outdoor,,,,,,,,,No,,,5,,,,0,,0,,49,,49,0,Push
PrizePicks,MLB,235491,Chase Meidroth,IF,CWS,Hitter Strikeouts,2.5,TRUE,N/A,10/3/2026,5:36:36 AM,pre_game,MLB,demon,https://static.prizepicks.com/images/players/MLB/Chase_Meidroth_MLB_player_3aJAUSt5N14MCI2tnJjUQKgl-450.webp,15365342,,,,,,,,,Yes,-1.4,6.9,Pirates @ White Sox,2026-09-08T23:40:00Z,Tue 07:40pm,Rate Field,outdoor,,,,,,,,,No,,,5,,,,0,,0,,141,,141,0,Push
PrizePicks,MLB,244978,Colson Montgomery,IF,CWS,Total Bases,2.5,TRUE,N/A,10/3/2026,5:36:36 AM,pre_game,MLB,demon,https://static.prizepicks.com/images/players/MLB/Colson_Montgomery_MLB_player_j4GCQ0xCS1DuWlq2jQyc285-450.webp,15365357,,,,,,,,,Yes,-1.4,6.9,Pirates @ White Sox,2026-09-08T23:40:00Z,Tue 07:40pm,Rate Field,outdoor,,,,,,,,,No,,,3.5,,,,0,,0,,0.69,,0.6,0.5,Push
PrizePicks,MLB,241087,Kyle Teel,C,CWS,Hitter Strikeouts,2.5,TRUE,N/A,10/3/2026,5:36:36 AM,pre_game,MLB,demon,https://static.prizepicks.com/images/players/MLB/Kyle_Teel_MLB_player_Z3yrero53bwu64NFOIoizFmc-450.webp,15365361,,,,,,,,,Yes,-1.4,6.9,Pirates @ White Sox,2026-09-08T23:40:00Z,Tue 07:40pm,Rate Field,outdoor,,,,,,9/8/2026,10-Day-IL,"Jul 22: Teel is expected to miss 6-to-12 weeks due to left high-ankle sprain,  MLB.com reports.",No,,,5,,,,0,,0,,51,,51,0,Push
PrizePicks,MLB,331054,Jo Adell,OF,CLE,RBIs,2.5,TRUE,N/A,10/3/2026,5:36:36 AM,pre_game,MLB,demon,https://static.prizepicks.com/images/manual/Jo Adell CLE.png,15365381,,,,,,,,,Yes,-1.4,6.9,Guardians @ Orioles,2026-09-08T22:35:00Z,Tue 06:35pm,Oriole Park at Camden Yards,outdoor,,,,,,,,,No,,,3.5,,,,0,,0,,0.86,,0.68,0.5,Push
PrizePicks,MLB,205264,Miguel Vargas,IF,CWS,Hitter Strikeouts,2.5,TRUE,N/A,10/3/2026,5:36:36 AM,pre_game,MLB,demon,https://static.prizepicks.com/images/players/MLB/Miguel_Vargas_MLB_player_G8lSuTxbs8GHQpczU4L0qDkR-450.webp,15365392,,,,,,,,,Yes,-1.4,6.9,Pirates @ White Sox,2026-09-08T23:40:00Z,Tue 07:40pm,Rate Field,outdoor,,,,,,,,,No,,,5,,,,0,,0,,126,,126,0,Push
PrizePicks,MLB,323131,Braden Montgomery,OF,CWS,Hitter Strikeouts,2.5,TRUE,N/A,10/3/2026,5:36:36 AM,pre_game,MLB,demon,https://static.prizepicks.com/images/manual/Braden Montgomery.png,15365402,,,,,,,,,Yes,-1.4,6.9,Pirates @ White Sox,2026-09-08T23:40:00Z,Tue 07:40pm,Rate Field,outdoor,,,,,,8/4/2026,Day-To-Day,Aug 2: The White Sox scratched Montgomery from the lineup for Sunday's game against the Rays.,No,,,5,,,,0,,0,,72,,72,0,Push
PrizePicks,MLB,309111,Munetaka Murakami,IF,CWS,RBIs,2.5,TRUE,N/A,10/3/2026,5:36:36 AM,pre_game,MLB,demon,https://static.prizepicks.com/images/manual/Munetaka_Murakami.png,15365413,,,,,,,,,Yes,-1.4,6.9,Pirates @ White Sox,2026-09-08T23:40:00Z,Tue 07:40pm,Rate Field,outdoor,,,,,,,,,No,,,3.5,,,,0,,0,,0.72,,0.61,0.5,Push
PrizePicks,MLB,266831,Chase DeLauter,OF,CLE,RBIs,2.5,TRUE,N/A,10/3/2026,5:36:36 AM,pre_game,MLB,demon,https://static.prizepicks.com/images/manual/Chase DeLauter.png,15365426,,,,,,,,,Yes,-1.4,6.9,Guardians @ Orioles,2026-09-08T22:35:00Z,Tue 06:35pm,Oriole Park at Camden Yards,outdoor,,,,,,,,,No,,,3.5,,,,0,,0,,1,,1,0,Push
PrizePicks,MLB,201589,Angel Martínez,OF,CLE,Hits,2.5,TRUE,N/A,10/3/2026,5:36:36 AM,pre_game,MLB,demon,https://static.prizepicks.com/images/players/MLB/Angel_Mart%C3%ADnez_MLB_player_QojrBDK78dNI9zcgIzRMCYxd-450.webp,15366421,0.50,59.59,40.41,-6.51,59.59,Over,https://www.freeiconspng.com/img/1934,,Yes,-1.4,6.9,Guardians @ Orioles,2026-09-08T22:35:00Z,Tue 06:35pm,Oriole Park at Camden Yards,outdoor,,-147.000,-147.000,,0.596,,,,No,,,3.5,2.271220224,97.72877978,2.271220224,0.6,,0,,0.89,,0.66,0.5,Push
PrizePicks,MLB,331060,Nathaniel Lowe,IF,CLE,Hits+Runs+RBIs,2.5,TRUE,N/A,10/3/2026,5:36:36 AM,pre_game,MLB,demon,https://static.prizepicks.com/images/manual/Nathaniel Lowe CLE.png,15366425,0.50,58.79,41.21,-6.12,58.79,Over,https://www.freeiconspng.com/img/1934,,Yes,-1.4,6.9,Guardians @ Orioles,2026-09-08T22:35:00Z,Tue 06:35pm,Oriole Park at Camden Yards,outdoor,,-143.000,-143.000,9/8/2026,0.588,,,,No,,,3.5,2.193685239,97.80631476,2.193685239,0.59,,0,,0.79,,0.69,0,Push
PrizePicks,MLB,201589,Angel Martínez,OF,CLE,Total Bases,2.5,TRUE,N/A,10/3/2026,5:36:36 AM,pre_game,MLB,demon,https://static.prizepicks.com/images/players/MLB/Angel_Mart%C3%ADnez_MLB_player_QojrBDK78dNI9zcgIzRMCYxd-450.webp,15366427,,,,,,,,,Yes,-1.4,6.9,Guardians @ Orioles,2026-09-08T22:35:00Z,Tue 06:35pm,Oriole Park at Camden Yards,outdoor,,,,,,,,,No,,,3.5,,,,0,,0,,0.89,,0.7,0.5,Push
PrizePicks,MLB,193122,Brayan Rocchio,IF,CLE,Total Bases,2.5,TRUE,N/A,10/3/2026,5:36:36 AM,pre_game,MLB,demon,https://static.prizepicks.com/images/players/MLB/Brayan_Rocchio_MLB_player_PGq0ULkYVRkU5iXYMyn5I3Lc-450.webp,15366430,,,,,,,,,Yes,-1.4,6.9,Guardians @ Orioles,2026-09-08T22:35:00Z,Tue 06:35pm,Oriole Park at Camden Yards,outdoor,,,,,,,,,No,,,3.5,,,,0,,0,,0.88,,0.69,0.5,Push
PrizePicks,MLB,328439,Travis Bazzana,IF,AL,Total Bases,2.5,TRUE,N/A,10/3/2026,5:36:36 AM,pre_game,MLB,demon,https://static.prizepicks.com/images/manual/Travis Bazzana.png,15366431,,,,,,,,,Yes,-1.4,6.9,Guardians @ Orioles,2026-09-08T22:35:00Z,Tue 06:35pm,Oriole Park at Camden Yards,outdoor,,,,,,,,,No,,,3.5,,,,0,,0,,0.86,,0.68,0.5,Push
PrizePicks,MLB,67698,Steven Kwan,OF,CLE,Total Bases,2.5,TRUE,N/A,10/3/2026,5:36:36 AM,pre_game,MLB,demon,https://static.prizepicks.com/images/players/MLB/Steven_Kwan_MLB_player_ntXGz6Uewr9nyMV3MgkiDLnt-450.webp,15366432,,,,,,,,,Yes,-1.4,6.9,Guardians @ Orioles,2026-09-08T22:35:00Z,Tue 06:35pm,Oriole Park at Camden Yards,outdoor,,,,,,,,,No,,,3.5,,,,0,,0,,0.99,,1.24,1.5,Push
PrizePicks,MLB,266831,Chase DeLauter,OF,CLE,Total Bases,2.5,TRUE,N/A,10/3/2026,5:36:36 AM,pre_game,MLB,demon,https://static.prizepicks.com/images/manual/Chase DeLauter.png,15366433,,,,,,,,,Yes,-1.4,6.9,Guardians @ Orioles,2026-09-08T22:35:00Z,Tue 06:35pm,Oriole Park at Camden Yards,outdoor,,,,,,,,,No,,,3.5,,,,0,,0,,1,,1,0,Push
PrizePicks,MLB,193122,Brayan Rocchio,IF,CLE,Hits+Runs+RBIs,2.5,TRUE,N/A,10/3/2026,5:36:36 AM,pre_game,MLB,demon,https://static.prizepicks.com/images/players/MLB/Brayan_Rocchio_MLB_player_PGq0ULkYVRkU5iXYMyn5I3Lc-450.webp,15366435,1.50,40.71,59.29,-6.81,59.29,Under,https://www.freeiconspng.com/img/1934,,Yes,-1.4,6.9,Guardians @ Orioles,2026-09-08T22:35:00Z,Tue 06:35pm,Oriole Park at Camden Yards,outdoor,,-146.000,-146.000,9/8/2026,1.221,,,,No,,,3.5,12.51644812,87.48355188,12.51644812,1.22,,0,,0.88,,1.05,0,Push
PrizePicks,MLB,331054,Jo Adell,OF,CLE,Total Bases,2.5,TRUE,N/A,10/3/2026,5:36:36 AM,pre_game,MLB,demon,https://static.prizepicks.com/images/manual/Jo Adell CLE.png,15366440,,,,,,,,,Yes,-1.4,6.9,Guardians @ Orioles,2026-09-08T22:35:00Z,Tue 06:35pm,Oriole Park at Camden Yards,outdoor,,,,,,,,,No,,,3.5,,,,0,,0,,0.86,,1.18,1.5,Push
PrizePicks,MLB,331060,Nathaniel Lowe,IF,CLE,Total Bases,2.5,TRUE,N/A,10/3/2026,5:36:36 AM,pre_game,MLB,demon,https://static.prizepicks.com/images/manual/Nathaniel Lowe CLE.png,15366443,,,,,,,,,Yes,-1.4,6.9,Guardians @ Orioles,2026-09-08T22:35:00Z,Tue 06:35pm,Oriole Park at Camden Yards,outdoor,,,,,,,,,No,,,3.5,,,,0,,0,,0.79,,1.14,1.5,Push
PrizePicks,MLB,67669,José Ramírez,IF,CLE,Total Bases,2.5,TRUE,N/A,10/3/2026,5:36:36 AM,pre_game,MLB,demon,https://static.prizepicks.com/images/players/MLB/Jos%C3%A9_Ram%C3%ADrez_MLB_player_WzQsklw2gpPqHAZQC4Vjg4S3-450.webp,15366447,,,,,,,,,Yes,-1.4,6.9,Guardians @ Orioles,2026-09-08T22:35:00Z,Tue 06:35pm,Oriole Park at Camden Yards,outdoor,,,,,,,,,No,,,3.5,,,,0,,0,,0.82,,1.16,1.5,Push
PrizePicks,MLB,201589,Angel Martínez,OF,CLE,Hits+Runs+RBIs,2.5,TRUE,N/A,10/3/2026,5:36:36 AM,pre_game,MLB,demon,https://static.prizepicks.com/images/players/MLB/Angel_Mart%C3%ADnez_MLB_player_QojrBDK78dNI9zcgIzRMCYxd-450.webp,15366449,1.50,44.1,55.9,-4.73,55.9,Under,https://www.freeiconspng.com/img/1934,,Yes,-1.4,6.9,Guardians @ Orioles,2026-09-08T22:35:00Z,Tue 06:35pm,Oriole Park at Camden Yards,outdoor,,-127.000,-127.000,,1.323,,,,No,,,3.5,14.82165478,85.17834522,14.82165478,1.32,,0,,0.89,,1.11,0,Push
PrizePicks,MLB,317289,Patrick Bailey,C,CLE,Hits+Runs+RBIs,2.5,TRUE,N/A,10/3/2026,5:36:36 AM,pre_game,MLB,demon,https://static.prizepicks.com/images/manual/Patrick_Bailey.png,15366450,0.50,59.08,40.92,-5.83,59.08,Over,https://www.freeiconspng.com/img/1934,,Yes,-1.4,6.9,Guardians @ Orioles,2026-09-08T22:35:00Z,Tue 06:35pm,Oriole Park at Camden Yards,outdoor,,-144.000,-144.000,9/8/2026,0.591,,,,No,,,3.5,2.221621168,97.77837883,2.221621168,0.59,,0,,0.8,,0.69,0,Push
PrizePicks,MLB,309111,Munetaka Murakami,IF,CWS,Hitter Strikeouts,2.5,TRUE,N/A,10/3/2026,5:36:36 AM,pre_game,MLB,demon,https://static.prizepicks.com/images/manual/Munetaka_Murakami.png,15366685,,,,,,,,,Yes,-1.4,6.9,Pirates @ White Sox,2026-09-08T23:40:00Z,Tue 07:40pm,Rate Field,outdoor,,,,,,,,,No,,,5,,,,0,,0,,196,,196,0,Push
PrizePicks,MLB,314184,Sam Antonacci,OF,CWS,Total Bases,2.5,TRUE,N/A,10/3/2026,5:36:36 AM,pre_game,MLB,demon,https://static.prizepicks.com/images/manual/Sam_Antonacci.png,15366702,,,,,,,,,Yes,-1.4,6.9,Pirates @ White Sox,2026-09-08T23:40:00Z,Tue 07:40pm,Rate Field,outdoor,,,,,,,,,No,,,3.5,,,,0,,0,,0.97,,1.23,1.5,Push
PrizePicks,MLB,205264,Miguel Vargas,IF,CWS,Total Bases,2.5,TRUE,N/A,10/3/2026,5:36:36 AM,pre_game,MLB,demon,https://static.prizepicks.com/images/players/MLB/Miguel_Vargas_MLB_player_G8lSuTxbs8GHQpczU4L0qDkR-450.webp,15366705,,,,,,,,,Yes,-1.4,6.9,Pirates @ White Sox,2026-09-08T23:40:00Z,Tue 07:40pm,Rate Field,outdoor,,,,,,,,,No,,,3.5,,,,0,,0,,0.88,,1.19,1.5,Push
PrizePicks,MLB,310369,Tristan Peters,OF,CWS,Hits+Runs+RBIs,2.5,TRUE,N/A,10/3/2026,5:36:36 AM,pre_game,MLB,demon,https://static.prizepicks.com/images/manual/Tristan_Peters.png,15366714,,,,,,,,,Yes,-1.4,6.9,Pirates @ White Sox,2026-09-08T23:40:00Z,Tue 07:40pm,Rate Field,outdoor,,,,,,,,,No,,,3.5,,,,0,,0,,0.93,,0.93,0,Push
PrizePicks,MLB,310369,Tristan Peters,OF,CWS,Total Bases,2.5,TRUE,N/A,10/3/2026,5:36:36 AM,pre_game,MLB,demon,https://static.prizepicks.com/images/manual/Tristan_Peters.png,15366716,,,,,,,,,Yes,-1.4,6.9,Pirates @ White Sox,2026-09-08T23:40:00Z,Tue 07:40pm,Rate Field,outdoor,,,,,,,,,No,,,3.5,,,,0,,0,,0.93,,1.21,1.5,Push
PrizePicks,MLB,205264,Miguel Vargas,IF,CWS,Hits+Runs+RBIs,2.5,TRUE,N/A,10/3/2026,5:36:36 AM,pre_game,MLB,demon,https://static.prizepicks.com/images/players/MLB/Miguel_Vargas_MLB_player_G8lSuTxbs8GHQpczU4L0qDkR-450.webp,15366717,1.50,43.91,56.09,-3.59,56.09,Under,https://www.freeiconspng.com/img/1934,,Yes,-1.4,6.9,Pirates @ White Sox,2026-09-08T23:40:00Z,Tue 07:40pm,Rate Field,outdoor,,-128.000,-128.000,9/8/2026,1.317,,,,No,,,3.5,14.68898957,85.31101043,14.68898957,1.32,,0,,0.88,,1.1,0,Push
PrizePicks,MLB,127166,Andrew Benintendi,DH,CWS,Total Bases,2.5,TRUE,N/A,10/3/2026,5:36:36 AM,pre_game,MLB,demon,https://static.prizepicks.com/images/players/MLB/Andrew_Benintendi_MLB_player_gS0XOOhPqt5xrsBUNxHk03Qx-450.webp,15366718,,,,,,,,,Yes,-1.4,6.9,Pirates @ White Sox,2026-09-08T23:40:00Z,Tue 07:40pm,Rate Field,outdoor,,,,,,,,,No,,,3.5,,,,0,,0,,0.84,,0.67,0.5,Push
PrizePicks,MLB,323131,Braden Montgomery,OF,CWS,Hits+Runs+RBIs,2.5,TRUE,N/A,10/3/2026,5:36:36 AM,pre_game,MLB,demon,https://static.prizepicks.com/images/manual/Braden Montgomery.png,15366719,,,,,,,,,Yes,-1.4,6.9,Pirates @ White Sox,2026-09-08T23:40:00Z,Tue 07:40pm,Rate Field,outdoor,,,,,,8/4/2026,Day-To-Day,Aug 2: The White Sox scratched Montgomery from the lineup for Sunday's game against the Rays.,No,,,3.5,,,,0,,0,,0.79,,0.79,0,Push
PrizePicks,MLB,235491,Chase Meidroth,IF,CWS,Hits+Runs+RBIs,2.5,TRUE,N/A,10/3/2026,5:36:36 AM,pre_game,MLB,demon,https://static.prizepicks.com/images/players/MLB/Chase_Meidroth_MLB_player_3aJAUSt5N14MCI2tnJjUQKgl-450.webp,15366723,1.50,41.83,58.17,-3.66,58.17,Under,https://www.freeiconspng.com/img/1934,,Yes,-1.4,6.9,Pirates @ White Sox,2026-09-08T23:40:00Z,Tue 07:40pm,Rate Field,outdoor,,-139.000,-139.000,9/8/2026,1.255,,,,No,,,3.5,13.26307189,86.73692811,13.26307189,1.25,,0,,0.96,,1.11,0,Push
PrizePicks,MLB,314184,Sam Antonacci,OF,CWS,Hits+Runs+RBIs,2.5,TRUE,N/A,10/3/2026,5:36:36 AM,pre_game,MLB,demon,https://static.prizepicks.com/images/manual/Sam_Antonacci.png,15366724,0.50,58.77,41.23,-6.75,58.77,Over,https://www.freeiconspng.com/img/1934,,Yes,-1.4,6.9,Pirates @ White Sox,2026-09-08T23:40:00Z,Tue 07:40pm,Rate Field,outdoor,,-143.000,-143.000,9/8/2026,0.588,,,,No,,,3.5,2.191765771,97.80823423,2.191765771,0.59,,0,,0.97,,0.78,0,Push
PrizePicks,MLB,241087,Kyle Teel,C,CWS,Hits+Runs+RBIs,2.5,TRUE,N/A,10/3/2026,5:36:36 AM,pre_game,MLB,demon,https://static.prizepicks.com/images/players/MLB/Kyle_Teel_MLB_player_Z3yrero53bwu64NFOIoizFmc-450.webp,15366725,0.50,56.27,43.73,-3.41,56.27,Over,https://www.freeiconspng.com/img/1934,,Yes,-1.4,6.9,Pirates @ White Sox,2026-09-08T23:40:00Z,Tue 07:40pm,Rate Field,outdoor,,-129.000,-129.000,9/8/2026,0.563,9/8/2026,10-Day-IL,"Jul 22: Teel is expected to miss 6-to-12 weeks due to left high-ankle sprain,  MLB.com reports.",No,,,3.5,1.959094581,98.04090542,1.959094581,0.56,,0,,0.74,,0.65,0,Push
PrizePicks,MLB,67669,José Ramírez,IF,CLE,RBIs,2.5,TRUE,N/A,10/3/2026,5:36:36 AM,pre_game,MLB,demon,https://static.prizepicks.com/images/players/MLB/Jos%C3%A9_Ram%C3%ADrez_MLB_player_WzQsklw2gpPqHAZQC4Vjg4S3-450.webp,15371537,,,,,,,,,Yes,-1.4,6.9,Guardians @ Orioles,2026-09-08T22:35:00Z,Tue 06:35pm,Oriole Park at Camden Yards,outdoor,,,,,,,,,No,,,3.5,,,,0,,0,,0.82,,0.66,0.5,Push
PrizePicks,MLB,328439,Travis Bazzana,IF,AL,Hits,2.5,TRUE,N/A,10/3/2026,5:36:36 AM,pre_game,MLB,demon,https://static.prizepicks.com/images/manual/Travis Bazzana.png,15372998,0.50,59.14,40.86,-5.77,59.14,Over,https://www.freeiconspng.com/img/1934,,Yes,-1.4,6.9,Guardians @ Orioles,2026-09-08T22:35:00Z,Tue 06:35pm,Oriole Park at Camden Yards,outdoor,,-145.000,-145.000,9/8/2026,0.591,,,,No,,,3.5,2.227425225,97.77257477,2.227425225,0.59,,0,,0.86,,0.65,0.5,Push
PrizePicks,MLB,205264,Miguel Vargas,IF,CWS,Hits,2.5,TRUE,N/A,10/3/2026,5:36:36 AM,pre_game,MLB,demon,https://static.prizepicks.com/images/players/MLB/Miguel_Vargas_MLB_player_G8lSuTxbs8GHQpczU4L0qDkR-450.webp,15373194,0.50,58.31,41.69,-6.6,58.31,Over,https://www.freeiconspng.com/img/1934,,Yes,-1.4,6.9,Pirates @ White Sox,2026-09-08T23:40:00Z,Tue 07:40pm,Rate Field,outdoor,,-140.000,-140.000,9/8/2026,0.583,,,,No,,,3.5,2.147872567,97.85212743,2.147872567,0.58,,0,,0.88,,0.65,0.5,Push
PrizePicks,MLB,310369,Tristan Peters,OF,CWS,Hits,2.5,TRUE,N/A,10/3/2026,5:36:36 AM,pre_game,MLB,demon,https://static.prizepicks.com/images/manual/Tristan_Peters.png,15373219,0.50,55.66,44.34,-6.6,55.66,Over,https://www.freeiconspng.com/img/1934,,Yes,-1.4,6.9,Pirates @ White Sox,2026-09-08T23:40:00Z,Tue 07:40pm,Rate Field,outdoor,,-126.000,-126.000,9/8/2026,0.557,,,,No,,,3.5,1.904508727,98.09549127,1.904508727,0.56,,0,,0.93,,0.66,0.5,Push
PrizePicks,MLB,205264,Miguel Vargas,IF,CWS,RBIs,2.5,TRUE,N/A,10/3/2026,5:36:36 AM,pre_game,MLB,demon,https://static.prizepicks.com/images/players/MLB/Miguel_Vargas_MLB_player_G8lSuTxbs8GHQpczU4L0qDkR-450.webp,15374857,,,,,,,,,Yes,-1.4,6.9,Pirates @ White Sox,2026-09-08T23:40:00Z,Tue 07:40pm,Rate Field,outdoor,,,,,,,,,No,,,3.5,,,,0,,0,,0.88,,0.69,0.5,Push
PrizePicks,MLB,127166,Andrew Benintendi,DH,CWS,Hits,2.5,TRUE,N/A,10/3/2026,5:36:36 AM,pre_game,MLB,demon,https://static.prizepicks.com/images/players/MLB/Andrew_Benintendi_MLB_player_gS0XOOhPqt5xrsBUNxHk03Qx-450.webp,15374859,0.50,58.88,41.12,,63.64,Over,https://www.freeiconspng.com/img/1934,,Yes,-1.4,6.9,Pirates @ White Sox,2026-09-08T23:40:00Z,Tue 07:40pm,Rate Field,outdoor,,-175.000,-175.000,9/8/2026,0.589,,,,No,,,3.5,2.202334258,97.79766574,2.202334258,0.59,,0,,0.84,,0.64,0.5,Push
PrizePicks,MLB,195621,Tommy Pham,DH,CWS,Hitter Strikeouts,2.5,TRUE,N/A,10/3/2026,5:36:36 AM,pre_game,MLB,demon,https://static.prizepicks.com/images/manual/Tommy Pham.png,15375219,,,,,,,,,Yes,-1.4,6.9,Pirates @ White Sox,2026-09-08T23:40:00Z,Tue 07:40pm,Rate Field,outdoor,,,,,,,,,No,,,5,,,,0,,0,,4,,4,0,Push
PrizePicks,MLB,331055,Brenton Doyle,OF,CWS,Hitter Strikeouts,2.5,TRUE,N/A,10/3/2026,5:36:36 AM,pre_game,MLB,demon,https://static.prizepicks.com/images/manual/Brenton Doyle.png,15375228,,,,,,,,,Yes,-1.4,6.9,Pirates @ White Sox,2026-09-08T23:40:00Z,Tue 07:40pm,Rate Field,outdoor,,,,,,,,,No,,,5,,,,0,,0,,31,,31,0,Push
PrizePicks,MLB,316660,Randal Grichuk,DH,CWS,Hits,2.5,TRUE,N/A,10/3/2026,5:36:36 AM,pre_game,MLB,demon,https://static.prizepicks.com/images/manual/Randal Grichuk CWS.png,15375233,0.50,59.89,40.11,-5.63,59.89,Over,https://www.freeiconspng.com/img/1934,,Yes,-1.4,6.9,Pirates @ White Sox,2026-09-08T23:40:00Z,Tue 07:40pm,Rate Field,outdoor,,-149.000,-149.000,,0.599,,,,No,,,3.5,2.30067625,97.69932375,2.30067625,0.6,,0,,1.05,,0.82,0,Push
PrizePicks,MLB,195621,Tommy Pham,DH,CWS,Hits,2.5,TRUE,N/A,10/3/2026,5:36:36 AM,pre_game,MLB,demon,https://static.prizepicks.com/images/manual/Tommy Pham.png,15375301,0.50,54.55,45.45,0,54.55,Over,https://www.freeiconspng.com/img/1934,,Yes,-1.4,6.9,Pirates @ White Sox,2026-09-08T23:40:00Z,Tue 07:40pm,Rate Field,outdoor,,-120.000,-120.000,,0.546,,,,No,,,3.5,1.807377751,98.19262225,1.807377751,0.55,,0,,0.62,,0.58,0,Push
PrizePicks,MLB,257051,Parker Messick,P,CLE,Walks Allowed,2.5,TRUE,N/A,10/3/2026,5:36:36 AM,pre_game,MLB,demon,https://static.prizepicks.com/images/manual/Parker_Messick.png,15375450,,,,,,,,,Yes,-1.4,6.9,Guardians @ Orioles,2026-09-08T22:35:00Z,Tue 06:35pm,Oriole Park at Camden Yards,outdoor,,,,,,,,,No,,,3.5,,,,0,,0,,149,,149,0,Push
PrizePicks,MLB,195621,Tommy Pham,DH,CWS,Total Bases,2.5,TRUE,N/A,10/3/2026,5:36:36 AM,pre_game,MLB,demon,https://static.prizepicks.com/images/manual/Tommy Pham.png,15375509,,,,,,,,,Yes,-1.4,6.9,Pirates @ White Sox,2026-09-08T23:40:00Z,Tue 07:40pm,Rate Field,outdoor,,,,,,,,,No,,,3.5,,,,0,,0,,0.62,,0.62,0,Push
PrizePicks,MLB,316660,Randal Grichuk,DH,CWS,Total Bases,2.5,TRUE,N/A,10/3/2026,5:36:36 AM,pre_game,MLB,demon,https://static.prizepicks.com/images/manual/Randal Grichuk CWS.png,15375515,,,,,,,,,Yes,-1.4,6.9,Pirates @ White Sox,2026-09-08T23:40:00Z,Tue 07:40pm,Rate Field,outdoor,,,,,,,,,No,,,3.5,,,,0,,0,,1.05,,1.05,0,Push
PrizePicks,MLB,316660,Randal Grichuk,DH,CWS,Hits+Runs+RBIs,2.5,TRUE,N/A,10/3/2026,5:36:36 AM,pre_game,MLB,demon,https://static.prizepicks.com/images/manual/Randal Grichuk CWS.png,15375532,1.50,44.39,55.61,-4.07,55.61,Under,https://www.freeiconspng.com/img/1934,,Yes,-1.4,6.9,Pirates @ White Sox,2026-09-08T23:40:00Z,Tue 07:40pm,Rate Field,outdoor,,-125.000,-125.000,,1.332,,,,No,,,3.5,15.02488963,84.97511037,15.02488963,1.33,,0,,1.05,,1.19,0,Push
PrizePicks,MLB,331055,Brenton Doyle,OF,CWS,Total Bases,2.5,TRUE,N/A,10/3/2026,5:36:36 AM,pre_game,MLB,demon,https://static.prizepicks.com/images/manual/Brenton Doyle.png,15375538,,,,,,,,,Yes,-1.4,6.9,Pirates @ White Sox,2026-09-08T23:40:00Z,Tue 07:40pm,Rate Field,outdoor,,,,,,,,,No,,,3.5,,,,0,,0,,0.9,,0.9,0,Push
PrizePicks,MLB,195621,Tommy Pham,DH,CWS,Hits+Runs+RBIs,2.5,TRUE,N/A,10/3/2026,5:36:36 AM,pre_game,MLB,demon,https://static.prizepicks.com/images/manual/Tommy Pham.png,15375545,0.50,56.29,43.71,0.15,56.29,Over,https://www.freeiconspng.com/img/1934,,Yes,-1.4,6.9,Pirates @ White Sox,2026-09-08T23:40:00Z,Tue 07:40pm,Rate Field,outdoor,,-129.000,-129.000,,0.563,,,,No,,,3.5,1.960898791,98.03910121,1.960898791,0.56,,0,,0.62,,0.59,0,Push
PrizePicks,MLB,331055,Brenton Doyle,OF,CWS,Hits+Runs+RBIs,2.5,TRUE,N/A,10/3/2026,5:36:36 AM,pre_game,MLB,demon,https://static.prizepicks.com/images/manual/Brenton Doyle.png,15375550,0.50,55.43,44.57,-4.25,55.43,Over,https://www.freeiconspng.com/img/1934,,Yes,-1.4,6.9,Pirates @ White Sox,2026-09-08T23:40:00Z,Tue 07:40pm,Rate Field,outdoor,,-124.000,-124.000,,0.554,,,,No,,,3.5,1.88414961,98.11585039,1.88414961,0.55,,0,,0.9,,0.73,0,Push
PrizePicks,MLB,257051,Parker Messick,P,CLE,Earned Runs Allowed,2.5,TRUE,N/A,10/3/2026,5:36:36 AM,pre_game,MLB,demon,https://static.prizepicks.com/images/manual/Parker_Messick.png,15375568,,,,,,,,,Yes,-1.4,6.9,Guardians @ Orioles,2026-09-08T22:35:00Z,Tue 06:35pm,Oriole Park at Camden Yards,outdoor,,,,,,,,,No,,,3.5,,,,0,,0,,149,,149,0,Push
PrizePicks,MLB,328439,Travis Bazzana,IF,AL,RBIs,2.5,TRUE,N/A,10/3/2026,5:36:36 AM,pre_game,MLB,demon,https://static.prizepicks.com/images/manual/Travis Bazzana.png,15376795,,,,,,,,,Yes,-1.4,6.9,Guardians @ Orioles,2026-09-08T22:35:00Z,Tue 06:35pm,Oriole Park at Camden Yards,outdoor,,,,,,,,,No,,,3.5,,,,0,,0,,0.86,,0.68,0.5,Push
PrizePicks,MLB,266831,Chase DeLauter,OF,CLE,Total Bases,1.5,TRUE,N/A,10/3/2026,5:36:36 AM,pre_game,MLB,demon,https://static.prizepicks.com/images/manual/Chase DeLauter.png,15363391,,,,,,,,,Yes,-1.4,6.9,Guardians @ Orioles,2026-09-08T22:35:00Z,Tue 06:35pm,Oriole Park at Camden Yards,outdoor,,,,,,,,,No,,,3.5,,,,0,,0,,1,,1,0,Push
PrizePicks,MLB,314184,Sam Antonacci,OF,CWS,Hits+Runs+RBIs,1.5,TRUE,N/A,10/3/2026,5:36:36 AM,pre_game,MLB,demon,https://static.prizepicks.com/images/manual/Sam_Antonacci.png,15363394,0.50,58.77,41.23,-6.75,58.77,Over,https://www.freeiconspng.com/img/1934,,Yes,-1.4,6.9,Pirates @ White Sox,2026-09-08T23:40:00Z,Tue 07:40pm,Rate Field,outdoor,,-143.000,-143.000,9/8/2026,0.588,,,,No,,,3.5,11.78679979,88.21320021,11.78679979,0.59,,0,,0.97,,0.78,0,Push
PrizePicks,MLB,331054,Jo Adell,OF,CLE,Hits+Runs+RBIs,1.5,TRUE,N/A,10/3/2026,5:36:36 AM,pre_game,MLB,standard,https://static.prizepicks.com/images/manual/Jo Adell CLE.png,15363396,1.50,48.8,51.2,-3.75,51.2,Under,https://www.freeiconspng.com/img/1934,,Yes,-1.4,6.9,Guardians @ Orioles,2026-09-08T22:35:00Z,Tue 06:35pm,Oriole Park at Camden Yards,outdoor,,-105.000,-105.000,9/8/2026,1.464,,,,No,,,3.5,48.8,51.2,51.2,1.46,,0,,0.86,,1.27,0,Push
PrizePicks,MLB,67669,José Ramírez,IF,CLE,Hits+Runs+RBIs,1.5,TRUE,N/A,10/3/2026,5:36:36 AM,pre_game,MLB,standard,https://static.prizepicks.com/images/players/MLB/Jos%C3%A9_Ram%C3%ADrez_MLB_player_WzQsklw2gpPqHAZQC4Vjg4S3-450.webp,15363409,1.50,50.46,49.54,-3.67,50.46,Over,https://www.freeiconspng.com/img/1934,,Yes,-1.4,6.9,Guardians @ Orioles,2026-09-08T22:35:00Z,Tue 06:35pm,Oriole Park at Camden Yards,outdoor,,-102.000,-102.000,,1.514,,,,No,,,3.5,50.46,49.54,50.46,1.51,,0,,0.82,,1.28,0,Good Bet
PrizePicks,MLB,193122,Brayan Rocchio,IF,CLE,Hits+Runs+RBIs,1.5,TRUE,N/A,10/3/2026,5:36:36 AM,pre_game,MLB,demon,https://static.prizepicks.com/images/players/MLB/Brayan_Rocchio_MLB_player_PGq0ULkYVRkU5iXYMyn5I3Lc-450.webp,15363417,1.50,40.71,59.29,-6.81,59.29,Under,https://www.freeiconspng.com/img/1934,,Yes,-1.4,6.9,Guardians @ Orioles,2026-09-08T22:35:00Z,Tue 06:35pm,Oriole Park at Camden Yards,outdoor,,-146.000,-146.000,9/8/2026,1.221,,,,No,,,3.5,40.71,59.29,40.71,1.22,,0,,0.88,,1.05,0,Push
PrizePicks,MLB,266831,Chase DeLauter,OF,CLE,Hits+Runs+RBIs,1.5,TRUE,N/A,10/3/2026,5:36:36 AM,pre_game,MLB,standard,https://static.prizepicks.com/images/manual/Chase DeLauter.png,15363429,1.50,50.81,49.19,-3.11,50.81,Over,https://www.freeiconspng.com/img/1934,,Yes,-1.4,6.9,Guardians @ Orioles,2026-09-08T22:35:00Z,Tue 06:35pm,Oriole Park at Camden Yards,outdoor,,-103.000,-103.000,,1.524,,,,No,,,3.5,50.81,49.19,50.81,1.52,,0,,1,,1.34,0,Good Bet
PrizePicks,MLB,67698,Steven Kwan,OF,CLE,Hits+Runs+RBIs,1.5,TRUE,N/A,10/3/2026,5:36:36 AM,pre_game,MLB,standard,https://static.prizepicks.com/images/players/MLB/Steven_Kwan_MLB_player_ntXGz6Uewr9nyMV3MgkiDLnt-450.webp,15363434,1.50,50.08,49.92,-4.21,50.08,Over,https://www.freeiconspng.com/img/1934,,Yes,-1.4,6.9,Guardians @ Orioles,2026-09-08T22:35:00Z,Tue 06:35pm,Oriole Park at Camden Yards,outdoor,,-100.000,-100.000,9/8/2026,1.502,,,,No,,,3.5,50.08,49.92,50.08,1.5,,0,,0.99,,1.33,0,Good Bet
PrizePicks,MLB,67698,Steven Kwan,OF,CLE,Total Bases,1.5,TRUE,N/A,10/3/2026,5:36:36 AM,pre_game,MLB,demon,https://static.prizepicks.com/images/players/MLB/Steven_Kwan_MLB_player_ntXGz6Uewr9nyMV3MgkiDLnt-450.webp,15363439,,,,,,,,,Yes,-1.4,6.9,Guardians @ Orioles,2026-09-08T22:35:00Z,Tue 06:35pm,Oriole Park at Camden Yards,outdoor,,,,,,,,,No,,,3.5,,,,0,,0,,0.99,,1.24,1.5,Push
PrizePicks,MLB,67669,José Ramírez,IF,CLE,Total Bases,1.5,TRUE,N/A,10/3/2026,5:36:36 AM,pre_game,MLB,demon,https://static.prizepicks.com/images/players/MLB/Jos%C3%A9_Ram%C3%ADrez_MLB_player_WzQsklw2gpPqHAZQC4Vjg4S3-450.webp,15363463,,,,,,,,,Yes,-1.4,6.9,Guardians @ Orioles,2026-09-08T22:35:00Z,Tue 06:35pm,Oriole Park at Camden Yards,outdoor,,,,,,,,,No,,,3.5,,,,0,,0,,0.82,,1.16,1.5,Push
PrizePicks,MLB,205264,Miguel Vargas,IF,CWS,Hits+Runs+RBIs,1.5,TRUE,N/A,10/3/2026,5:36:36 AM,pre_game,MLB,demon,https://static.prizepicks.com/images/players/MLB/Miguel_Vargas_MLB_player_G8lSuTxbs8GHQpczU4L0qDkR-450.webp,15363469,1.50,43.91,56.09,-3.59,56.09,Under,https://www.freeiconspng.com/img/1934,,Yes,-1.4,6.9,Pirates @ White Sox,2026-09-08T23:40:00Z,Tue 07:40pm,Rate Field,outdoor,,-128.000,-128.000,9/8/2026,1.317,,,,No,,,3.5,43.91,56.09,43.91,1.32,,0,,0.88,,1.1,0,Push
PrizePicks,MLB,67669,José Ramírez,IF,CLE,Hits,1.5,TRUE,N/A,10/3/2026,5:36:36 AM,pre_game,MLB,demon,https://static.prizepicks.com/images/players/MLB/Jos%C3%A9_Ram%C3%ADrez_MLB_player_WzQsklw2gpPqHAZQC4Vjg4S3-450.webp,15363518,0.50,64.98,35.02,-6.03,64.98,Over,https://www.freeiconspng.com/img/1934,,Yes,-1.4,6.9,Guardians @ Orioles,2026-09-08T22:35:00Z,Tue 06:35pm,Oriole Park at Camden Yards,outdoor,,-186.000,-186.000,,0.650,,,,No,,,3.5,13.8556606,86.1443394,13.8556606,0.65,,0,,0.82,,0.66,0.5,Push
PrizePicks,MLB,201589,Angel Martínez,OF,CLE,Hits,1.5,TRUE,N/A,10/3/2026,5:36:36 AM,pre_game,MLB,demon,https://static.prizepicks.com/images/players/MLB/Angel_Mart%C3%ADnez_MLB_player_QojrBDK78dNI9zcgIzRMCYxd-450.webp,15363521,0.50,59.59,40.41,-6.51,59.59,Over,https://www.freeiconspng.com/img/1934,,Yes,-1.4,6.9,Guardians @ Orioles,2026-09-08T22:35:00Z,Tue 06:35pm,Oriole Park at Camden Yards,outdoor,,-147.000,-147.000,,0.596,,,,No,,,3.5,12.05531596,87.94468404,12.05531596,0.6,,0,,0.89,,0.66,0.5,Push
PrizePicks,MLB,317289,Patrick Bailey,C,CLE,Hits,1.5,TRUE,N/A,10/3/2026,5:36:36 AM,pre_game,MLB,demon,https://static.prizepicks.com/images/manual/Patrick_Bailey.png,15363522,0.50,52.35,47.65,-7.65,52.35,Over,https://www.freeiconspng.com/img/1934,,Yes,-1.4,6.9,Guardians @ Orioles,2026-09-08T22:35:00Z,Tue 06:35pm,Oriole Park at Camden Yards,outdoor,,-110.000,-110.000,9/8/2026,0.524,,,,No,,,3.5,9.741253609,90.25874639,9.741253609,0.52,,0,,0.8,,0.61,0.5,Push
PrizePicks,MLB,193122,Brayan Rocchio,IF,CLE,Hits,1.5,TRUE,N/A,10/3/2026,5:36:36 AM,pre_game,MLB,demon,https://static.prizepicks.com/images/players/MLB/Brayan_Rocchio_MLB_player_PGq0ULkYVRkU5iXYMyn5I3Lc-450.webp,15363523,0.50,56.59,43.41,-5.67,56.59,Over,https://www.freeiconspng.com/img/1934,,Yes,-1.4,6.9,Guardians @ Orioles,2026-09-08T22:35:00Z,Tue 06:35pm,Oriole Park at Camden Yards,outdoor,,-130.000,-130.000,9/8/2026,0.566,,,,No,,,3.5,11.08054815,88.91945185,11.08054815,0.57,,0,,0.88,,0.65,0.5,Push
PrizePicks,MLB,328439,Travis Bazzana,IF,AL,Hits,1.5,TRUE,N/A,10/3/2026,5:36:36 AM,pre_game,MLB,demon,https://static.prizepicks.com/images/manual/Travis Bazzana.png,15363524,0.50,59.14,40.86,-5.77,59.14,Over,https://www.freeiconspng.com/img/1934,,Yes,-1.4,6.9,Guardians @ Orioles,2026-09-08T22:35:00Z,Tue 06:35pm,Oriole Park at Camden Yards,outdoor,,-145.000,-145.000,9/8/2026,0.591,,,,No,,,3.5,11.9077714,88.0922286,11.9077714,0.59,,0,,0.86,,0.65,0.5,Push
PrizePicks,MLB,331060,Nathaniel Lowe,IF,CLE,Hits,1.5,TRUE,N/A,10/3/2026,5:36:36 AM,pre_game,MLB,demon,https://static.prizepicks.com/images/manual/Nathaniel Lowe CLE.png,15363525,0.50,56.25,43.75,-6.71,56.25,Over,https://www.freeiconspng.com/img/1934,,Yes,-1.4,6.9,Guardians @ Orioles,2026-09-08T22:35:00Z,Tue 06:35pm,Oriole Park at Camden Yards,outdoor,,-129.000,-129.000,9/8/2026,0.563,,,,No,,,3.5,10.97143364,89.02856636,10.97143364,0.56,,0,,0.79,,0.62,0.5,Push
PrizePicks,MLB,331054,Jo Adell,OF,CLE,Hits,1.5,TRUE,N/A,10/3/2026,5:36:36 AM,pre_game,MLB,demon,https://static.prizepicks.com/images/manual/Jo Adell CLE.png,15363527,0.50,60.62,39.38,-6.05,60.62,Over,https://www.freeiconspng.com/img/1934,,Yes,-1.4,6.9,Guardians @ Orioles,2026-09-08T22:35:00Z,Tue 06:35pm,Oriole Park at Camden Yards,outdoor,,-154.000,-154.000,9/8/2026,0.606,,,,No,,,3.5,12.39471504,87.60528496,12.39471504,0.61,,0,,0.86,,0.65,0.5,Push
PrizePicks,MLB,266831,Chase DeLauter,OF,CLE,Hits,1.5,TRUE,N/A,10/3/2026,5:36:36 AM,pre_game,MLB,demon,https://static.prizepicks.com/images/manual/Chase DeLauter.png,15363528,0.50,65.02,34.98,-5.99,65.02,Over,https://www.freeiconspng.com/img/1934,,Yes,-1.4,6.9,Guardians @ Orioles,2026-09-08T22:35:00Z,Tue 06:35pm,Oriole Park at Camden Yards,outdoor,,-186.000,-186.000,,0.650,,,,No,,,3.5,13.86923379,86.13076621,13.86923379,0.65,,0,,1,,0.83,0,Push
PrizePicks,MLB,67698,Steven Kwan,OF,CLE,Hits,1.5,TRUE,N/A,10/3/2026,5:36:36 AM,pre_game,MLB,demon,https://static.prizepicks.com/images/players/MLB/Steven_Kwan_MLB_player_ntXGz6Uewr9nyMV3MgkiDLnt-450.webp,15363530,0.50,67.09,32.91,-5.51,67.09,Over,https://www.freeiconspng.com/img/1934,,Yes,-1.4,6.9,Guardians @ Orioles,2026-09-08T22:35:00Z,Tue 06:35pm,Oriole Park at Camden Yards,outdoor,,-204.000,-204.000,9/8/2026,0.671,,,,No,,,3.5,14.57553037,85.42446963,14.57553037,0.67,,0,,0.99,,0.72,0.5,Push
PrizePicks,MLB,235491,Chase Meidroth,IF,CWS,Hits,1.5,TRUE,N/A,10/3/2026,5:36:36 AM,pre_game,MLB,demon,https://static.prizepicks.com/images/players/MLB/Chase_Meidroth_MLB_player_3aJAUSt5N14MCI2tnJjUQKgl-450.webp,15363532,0.50,58.33,41.67,-7.77,58.33,Over,https://www.freeiconspng.com/img/1934,,Yes,-1.4,6.9,Pirates @ White Sox,2026-09-08T23:40:00Z,Tue 07:40pm,Rate Field,outdoor,,-140.000,-140.000,9/8/2026,0.583,,,,No,,,3.5,11.6433502,88.3566498,11.6433502,0.58,,0,,0.96,,0.68,0.5,Push
PrizePicks,MLB,241087,Kyle Teel,C,CWS,Hits,1.5,TRUE,N/A,10/3/2026,5:36:36 AM,pre_game,MLB,demon,https://static.prizepicks.com/images/players/MLB/Kyle_Teel_MLB_player_Z3yrero53bwu64NFOIoizFmc-450.webp,15363533,0.50,51.63,48.37,-5.82,51.63,Over,https://www.freeiconspng.com/img/1934,,Yes,-1.4,6.9,Pirates @ White Sox,2026-09-08T23:40:00Z,Tue 07:40pm,Rate Field,outdoor,,-107.000,-107.000,9/8/2026,0.516,9/8/2026,10-Day-IL,"Jul 22: Teel is expected to miss 6-to-12 weeks due to left high-ankle sprain,  MLB.com reports.",No,,,3.5,9.518687035,90.48131297,9.518687035,0.52,,0,,0.74,,0.58,0.5,Push
PrizePicks,MLB,314184,Sam Antonacci,OF,CWS,Hits,1.5,TRUE,N/A,10/3/2026,5:36:36 AM,pre_game,MLB,demon,https://static.prizepicks.com/images/manual/Sam_Antonacci.png,15363534,0.50,59.08,40.92,-4.56,59.08,Over,https://www.freeiconspng.com/img/1934,,Yes,-1.4,6.9,Pirates @ White Sox,2026-09-08T23:40:00Z,Tue 07:40pm,Rate Field,outdoor,,-144.000,-144.000,9/8/2026,0.591,,,,No,,,3.5,11.88813324,88.11186676,11.88813324,0.59,,0,,0.97,,0.69,0.5,Push
PrizePicks,MLB,244978,Colson Montgomery,IF,CWS,Hits,1.5,TRUE,N/A,10/3/2026,5:36:36 AM,pre_game,MLB,demon,https://static.prizepicks.com/images/players/MLB/Colson_Montgomery_MLB_player_j4GCQ0xCS1DuWlq2jQyc285-450.webp,15363536,0.50,48.2,51.8,-4.72,51.8,Under,https://www.freeiconspng.com/img/1934,,Yes,-1.4,6.9,Pirates @ White Sox,2026-09-08T23:40:00Z,Tue 07:40pm,Rate Field,outdoor,,-107.000,-107.000,9/8/2026,0.482,,,,No,,,3.5,8.479525446,91.52047455,8.479525446,0.48,,0,,0.69,,0.56,0.5,Push
PrizePicks,MLB,309111,Munetaka Murakami,IF,CWS,Hits,1.5,TRUE,N/A,10/3/2026,5:36:36 AM,pre_game,MLB,demon,https://static.prizepicks.com/images/manual/Munetaka_Murakami.png,15363537,0.50,51.39,48.61,-6.06,51.39,Over,https://www.freeiconspng.com/img/1934,,Yes,-1.4,6.9,Pirates @ White Sox,2026-09-08T23:40:00Z,Tue 07:40pm,Rate Field,outdoor,,-106.000,-106.000,9/8/2026,0.514,,,,No,,,3.5,9.444829059,90.55517094,9.444829059,0.51,,0,,0.72,,0.58,0.5,Push
PrizePicks,MLB,323131,Braden Montgomery,OF,CWS,Hits,1.5,TRUE,N/A,10/3/2026,5:36:36 AM,pre_game,MLB,demon,https://static.prizepicks.com/images/manual/Braden Montgomery.png,15363538,0.50,50.99,49.01,-6.46,50.99,Over,https://www.freeiconspng.com/img/1934,,Yes,-1.4,6.9,Pirates @ White Sox,2026-09-08T23:40:00Z,Tue 07:40pm,Rate Field,outdoor,,-104.000,-104.000,9/8/2026,0.510,8/4/2026,Day-To-Day,Aug 2: The White Sox scratched Montgomery from the lineup for Sunday's game against the Rays.,No,,,3.5,9.322105219,90.67789478,9.322105219,0.51,,0,,0.79,,0.6,0.5,Push
PrizePicks,MLB,205264,Miguel Vargas,IF,CWS,Hits,1.5,TRUE,N/A,10/3/2026,5:36:36 AM,pre_game,MLB,demon,https://static.prizepicks.com/images/players/MLB/Miguel_Vargas_MLB_player_G8lSuTxbs8GHQpczU4L0qDkR-450.webp,15363539,0.50,58.31,41.69,-6.6,58.31,Over,https://www.freeiconspng.com/img/1934,,Yes,-1.4,6.9,Pirates @ White Sox,2026-09-08T23:40:00Z,Tue 07:40pm,Rate Field,outdoor,,-140.000,-140.000,9/8/2026,0.583,,,,No,,,3.5,11.63684041,88.36315959,11.63684041,0.58,,0,,0.88,,0.65,0.5,Push
PrizePicks,MLB,127166,Andrew Benintendi,DH,CWS,Hits,1.5,TRUE,N/A,10/3/2026,5:36:36 AM,pre_game,MLB,demon,https://static.prizepicks.com/images/players/MLB/Andrew_Benintendi_MLB_player_gS0XOOhPqt5xrsBUNxHk03Qx-450.webp,15363540,0.50,58.88,41.12,,63.64,Over,https://www.freeiconspng.com/img/1934,,Yes,-1.4,6.9,Pirates @ White Sox,2026-09-08T23:40:00Z,Tue 07:40pm,Rate Field,outdoor,,-175.000,-175.000,9/8/2026,0.589,,,,No,,,3.5,11.82273174,88.17726826,11.82273174,0.59,,0,,0.84,,0.64,0.5,Push
PrizePicks,MLB,310369,Tristan Peters,OF,CWS,Hits,1.5,TRUE,N/A,10/3/2026,5:36:36 AM,pre_game,MLB,demon,https://static.prizepicks.com/images/manual/Tristan_Peters.png,15363541,0.50,55.66,44.34,-6.6,55.66,Over,https://www.freeiconspng.com/img/1934,,Yes,-1.4,6.9,Pirates @ White Sox,2026-09-08T23:40:00Z,Tue 07:40pm,Rate Field,outdoor,,-126.000,-126.000,9/8/2026,0.557,,,,No,,,3.5,10.78277364,89.21722636,10.78277364,0.56,,0,,0.93,,0.66,0.5,Push
PrizePicks,MLB,201589,Angel Martínez,OF,CLE,Hits+Runs+RBIs,1.5,TRUE,N/A,10/3/2026,5:36:36 AM,pre_game,MLB,demon,https://static.prizepicks.com/images/players/MLB/Angel_Mart%C3%ADnez_MLB_player_QojrBDK78dNI9zcgIzRMCYxd-450.webp,15363571,1.50,44.1,55.9,-4.73,55.9,Under,https://www.freeiconspng.com/img/1934,,Yes,-1.4,6.9,Guardians @ Orioles,2026-09-08T22:35:00Z,Tue 06:35pm,Oriole Park at Camden Yards,outdoor,,-127.000,-127.000,,1.323,,,,No,,,3.5,44.1,55.9,44.1,1.32,,0,,0.89,,1.11,0,Push
PrizePicks,MLB,309111,Munetaka Murakami,IF,CWS,Hits+Runs+RBIs,1.5,TRUE,N/A,10/3/2026,5:36:36 AM,pre_game,MLB,demon,https://static.prizepicks.com/images/manual/Munetaka_Murakami.png,15364221,0.50,57.85,42.15,-6.44,57.85,Over,https://www.freeiconspng.com/img/1934,,Yes,-1.4,6.9,Pirates @ White Sox,2026-09-08T23:40:00Z,Tue 07:40pm,Rate Field,outdoor,,-137.000,-137.000,9/8/2026,0.579,,,,No,,,3.5,11.48737342,88.51262658,11.48737342,0.58,,0,,0.72,,0.65,0,Push
PrizePicks,MLB,309111,Munetaka Murakami,IF,CWS,Total Bases,1.5,TRUE,N/A,10/3/2026,5:36:36 AM,pre_game,MLB,demon,https://static.prizepicks.com/images/manual/Munetaka_Murakami.png,15364222,,,,,,,,,Yes,-1.4,6.9,Pirates @ White Sox,2026-09-08T23:40:00Z,Tue 07:40pm,Rate Field,outdoor,,,,,,,,,No,,,3.5,,,,0,,0,,0.72,,0.61,0.5,Push
PrizePicks,MLB,241087,Kyle Teel,C,CWS,Total Bases,1.5,TRUE,N/A,10/3/2026,5:36:36 AM,pre_game,MLB,demon,https://static.prizepicks.com/images/players/MLB/Kyle_Teel_MLB_player_Z3yrero53bwu64NFOIoizFmc-450.webp,15364229,,,,,,,,,Yes,-1.4,6.9,Pirates @ White Sox,2026-09-08T23:40:00Z,Tue 07:40pm,Rate Field,outdoor,,,,,,9/8/2026,10-Day-IL,"Jul 22: Teel is expected to miss 6-to-12 weeks due to left high-ankle sprain,  MLB.com reports.",No,,,3.5,,,,0,,0,,0.74,,0.62,0.5,Push
PrizePicks,MLB,323131,Braden Montgomery,OF,CWS,Total Bases,1.5,TRUE,N/A,10/3/2026,5:36:36 AM,pre_game,MLB,demon,https://static.prizepicks.com/images/manual/Braden Montgomery.png,15364242,,,,,,,,,Yes,-1.4,6.9,Pirates @ White Sox,2026-09-08T23:40:00Z,Tue 07:40pm,Rate Field,outdoor,,,,,,8/4/2026,Day-To-Day,Aug 2: The White Sox scratched Montgomery from the lineup for Sunday's game against the Rays.,No,,,3.5,,,,0,,0,,0.79,,0.65,0.5,Push
PrizePicks,MLB,328439,Travis Bazzana,IF,AL,Hits+Runs+RBIs,1.5,TRUE,N/A,10/3/2026,5:36:36 AM,pre_game,MLB,demon,https://static.prizepicks.com/images/manual/Travis Bazzana.png,15364247,1.50,45.64,54.36,-4.15,54.36,Under,https://www.freeiconspng.com/img/1934,,Yes,-1.4,6.9,Guardians @ Orioles,2026-09-08T22:35:00Z,Tue 06:35pm,Oriole Park at Camden Yards,outdoor,,-119.000,-119.000,9/8/2026,1.369,,,,No,,,3.5,45.64,54.36,45.64,1.37,,0,,0.86,,1.11,0,Push
PrizePicks,MLB,317289,Patrick Bailey,C,CLE,Total Bases,1.5,TRUE,N/A,10/3/2026,5:36:36 AM,pre_game,MLB,demon,https://static.prizepicks.com/images/manual/Patrick_Bailey.png,15364259,,,,,,,,,Yes,-1.4,6.9,Guardians @ Orioles,2026-09-08T22:35:00Z,Tue 06:35pm,Oriole Park at Camden Yards,outdoor,,,,,,,,,No,,,3.5,,,,0,,0,,0.8,,0.65,0.5,Push
PrizePicks,MLB,127166,Andrew Benintendi,DH,CWS,Hits+Runs+RBIs,1.5,TRUE,N/A,10/3/2026,5:36:36 AM,pre_game,MLB,demon,https://static.prizepicks.com/images/players/MLB/Andrew_Benintendi_MLB_player_gS0XOOhPqt5xrsBUNxHk03Qx-450.webp,15364263,,,,,,,,,Yes,-1.4,6.9,Pirates @ White Sox,2026-09-08T23:40:00Z,Tue 07:40pm,Rate Field,outdoor,,,,,,,,,No,,,3.5,,,,0,,0,,0.84,,0.84,0,Push
PrizePicks,MLB,244978,Colson Montgomery,IF,CWS,Hits+Runs+RBIs,1.5,TRUE,N/A,10/3/2026,5:36:36 AM,pre_game,MLB,demon,https://static.prizepicks.com/images/players/MLB/Colson_Montgomery_MLB_player_j4GCQ0xCS1DuWlq2jQyc285-450.webp,15364265,0.50,51.34,48.66,-5.18,51.34,Over,https://www.freeiconspng.com/img/1934,,Yes,-1.4,6.9,Pirates @ White Sox,2026-09-08T23:40:00Z,Tue 07:40pm,Rate Field,outdoor,,-106.000,-106.000,9/8/2026,0.513,,,,No,,,3.5,9.42946302,90.57053698,9.42946302,0.51,,0,,0.69,,0.6,0,Push
PrizePicks,MLB,235491,Chase Meidroth,IF,CWS,Total Bases,1.5,TRUE,N/A,10/3/2026,5:36:36 AM,pre_game,MLB,demon,https://static.prizepicks.com/images/players/MLB/Chase_Meidroth_MLB_player_3aJAUSt5N14MCI2tnJjUQKgl-450.webp,15364271,,,,,,,,,Yes,-1.4,6.9,Pirates @ White Sox,2026-09-08T23:40:00Z,Tue 07:40pm,Rate Field,outdoor,,,,,,,,,No,,,3.5,,,,0,,0,,0.96,,0.73,0.5,Push
PrizePicks,MLB,266831,Chase DeLauter,OF,CLE,Runs,1.5,TRUE,N/A,10/3/2026,5:36:36 AM,pre_game,MLB,demon,https://static.prizepicks.com/images/manual/Chase DeLauter.png,15365293,0.50,40.06,59.94,0.1,59.94,Under,https://www.freeiconspng.com/img/1934,,Yes,-1.4,6.9,Guardians @ Orioles,2026-09-08T22:35:00Z,Tue 06:35pm,Oriole Park at Camden Yards,outdoor,,-150.000,-150.000,,0.401,,,,No,,,3.5,6.171288472,93.82871153,6.171288472,0.4,,0,,1,,0.7,0,Push
PrizePicks,MLB,193122,Brayan Rocchio,IF,CLE,Runs,1.5,TRUE,N/A,10/3/2026,5:36:36 AM,pre_game,MLB,demon,https://static.prizepicks.com/images/players/MLB/Brayan_Rocchio_MLB_player_PGq0ULkYVRkU5iXYMyn5I3Lc-450.webp,15365301,0.50,31.21,68.79,0.34,68.79,Under,https://www.freeiconspng.com/img/1934,,Yes,-1.4,6.9,Guardians @ Orioles,2026-09-08T22:35:00Z,Tue 06:35pm,Oriole Park at Camden Yards,outdoor,,-220.000,-220.000,9/8/2026,0.312,,,,No,,,3.5,3.966307531,96.03369247,3.966307531,0.31,,0,,0.88,,0.57,0.5,Push
PrizePicks,MLB,309111,Munetaka Murakami,IF,CWS,Runs,1.5,TRUE,N/A,10/3/2026,5:36:36 AM,pre_game,MLB,demon,https://static.prizepicks.com/images/manual/Munetaka_Murakami.png,15365306,0.50,33.94,66.06,0.31,66.06,Under,https://www.freeiconspng.com/img/1934,,Yes,-1.4,6.9,Pirates @ White Sox,2026-09-08T23:40:00Z,Tue 07:40pm,Rate Field,outdoor,,-195.000,-195.000,9/8/2026,0.339,,,,No,,,3.5,4.608265095,95.3917349,4.608265095,0.34,,0,,0.72,,0.52,0.5,Push
PrizePicks,MLB,314184,Sam Antonacci,OF,CWS,Hitter Strikeouts,1.5,TRUE,N/A,10/3/2026,5:36:36 AM,pre_game,MLB,demon,https://static.prizepicks.com/images/manual/Sam_Antonacci.png,15365310,,,,,,,,,Yes,-1.4,6.9,Pirates @ White Sox,2026-09-08T23:40:00Z,Tue 07:40pm,Rate Field,outdoor,,,,,,,,,No,,,5,,,,0,,0,,82,,82,0,Push
PrizePicks,MLB,201589,Angel Martínez,OF,CLE,Hitter Strikeouts,1.5,TRUE,N/A,10/3/2026,5:36:36 AM,pre_game,MLB,demon,https://static.prizepicks.com/images/players/MLB/Angel_Mart%C3%ADnez_MLB_player_QojrBDK78dNI9zcgIzRMCYxd-450.webp,15365312,,,,,,,,,Yes,-1.4,6.9,Guardians @ Orioles,2026-09-08T22:35:00Z,Tue 06:35pm,Oriole Park at Camden Yards,outdoor,,,,,,,,,No,,,5,,,,0,,0,,91,,91,0,Push
PrizePicks,MLB,193122,Brayan Rocchio,IF,CLE,Hitter Strikeouts,1.5,TRUE,N/A,10/3/2026,5:36:36 AM,pre_game,MLB,demon,https://static.prizepicks.com/images/players/MLB/Brayan_Rocchio_MLB_player_PGq0ULkYVRkU5iXYMyn5I3Lc-450.webp,15365313,,,,,,,,,Yes,-1.4,6.9,Guardians @ Orioles,2026-09-08T22:35:00Z,Tue 06:35pm,Oriole Park at Camden Yards,outdoor,,,,,,,,,No,,,5,,,,0,,0,,85,,85,0,Push
PrizePicks,MLB,331060,Nathaniel Lowe,IF,CLE,Hitter Strikeouts,1.5,TRUE,N/A,10/3/2026,5:36:36 AM,pre_game,MLB,demon,https://static.prizepicks.com/images/manual/Nathaniel Lowe CLE.png,15365320,,,,,,,,,Yes,-1.4,6.9,Guardians @ Orioles,2026-09-08T22:35:00Z,Tue 06:35pm,Oriole Park at Camden Yards,outdoor,,,,,,,,,No,,,5,,,,0,,0,,29,,29,0,Push
PrizePicks,MLB,67669,José Ramírez,IF,CLE,Runs,1.5,TRUE,N/A,10/3/2026,5:36:36 AM,pre_game,MLB,demon,https://static.prizepicks.com/images/players/MLB/Jos%C3%A9_Ram%C3%ADrez_MLB_player_WzQsklw2gpPqHAZQC4Vjg4S3-450.webp,15365322,0.50,42.09,57.91,0.1,57.91,Under,https://www.freeiconspng.com/img/1934,,Yes,-1.4,6.9,Guardians @ Orioles,2026-09-08T22:35:00Z,Tue 06:35pm,Oriole Park at Camden Yards,outdoor,,-138.000,-138.000,,0.421,,,,No,,,3.5,6.724203377,93.27579662,6.724203377,0.42,,0,,0.82,,0.58,0.5,Push
PrizePicks,MLB,331054,Jo Adell,OF,CLE,Hitter Strikeouts,1.5,TRUE,N/A,10/3/2026,5:36:36 AM,pre_game,MLB,demon,https://static.prizepicks.com/images/manual/Jo Adell CLE.png,15365326,,,,,,,,,Yes,-1.4,6.9,Guardians @ Orioles,2026-09-08T22:35:00Z,Tue 06:35pm,Oriole Park at Camden Yards,outdoor,,,,,,,,,No,,,5,,,,0,,0,,49,,49,0,Push
PrizePicks,MLB,266831,Chase DeLauter,OF,CLE,Hitter Strikeouts,1.5,TRUE,N/A,10/3/2026,5:36:36 AM,pre_game,MLB,demon,https://static.prizepicks.com/images/manual/Chase DeLauter.png,15365334,,,,,,,,,Yes,-1.4,6.9,Guardians @ Orioles,2026-09-08T22:35:00Z,Tue 06:35pm,Oriole Park at Camden Yards,outdoor,,,,,,,,,No,,,5,,,,0,,0,,82,,82,0,Push
PrizePicks,MLB,331054,Jo Adell,OF,CLE,Runs,1.5,TRUE,N/A,10/3/2026,5:36:36 AM,pre_game,MLB,demon,https://static.prizepicks.com/images/manual/Jo Adell CLE.png,15365337,0.50,37.45,62.55,0,62.55,Under,https://www.freeiconspng.com/img/1934,,Yes,-1.4,6.9,Guardians @ Orioles,2026-09-08T22:35:00Z,Tue 06:35pm,Oriole Park at Camden Yards,outdoor,,-167.000,-167.000,9/8/2026,0.375,,,,No,,,3.5,5.484842864,94.51515714,5.484842864,0.37,,0,,0.86,,0.58,0.5,Push
PrizePicks,MLB,67698,Steven Kwan,OF,CLE,Hitter Strikeouts,1.5,TRUE,N/A,10/3/2026,5:36:36 AM,pre_game,MLB,demon,https://static.prizepicks.com/images/players/MLB/Steven_Kwan_MLB_player_ntXGz6Uewr9nyMV3MgkiDLnt-450.webp,15365343,,,,,,,,,Yes,-1.4,6.9,Guardians @ Orioles,2026-09-08T22:35:00Z,Tue 06:35pm,Oriole Park at Camden Yards,outdoor,,,,,,,,,No,,,5,,,,0,,0,,62,,62,0,Push
PrizePicks,MLB,310369,Tristan Peters,OF,CWS,RBIs,1.5,TRUE,N/A,10/3/2026,5:36:36 AM,pre_game,MLB,demon,https://static.prizepicks.com/images/manual/Tristan_Peters.png,15365345,,,,,,,,,Yes,-1.4,6.9,Pirates @ White Sox,2026-09-08T23:40:00Z,Tue 07:40pm,Rate Field,outdoor,,,,,,,,,No,,,3.5,,,,0,,0,,0.93,,0.71,0.5,Push
PrizePicks,MLB,201589,Angel Martínez,OF,CLE,Runs,1.5,TRUE,N/A,10/3/2026,5:36:36 AM,pre_game,MLB,demon,https://static.prizepicks.com/images/players/MLB/Angel_Mart%C3%ADnez_MLB_player_QojrBDK78dNI9zcgIzRMCYxd-450.webp,15365347,0.50,32.4,67.6,0.07,67.6,Under,https://www.freeiconspng.com/img/1934,,Yes,-1.4,6.9,Guardians @ Orioles,2026-09-08T22:35:00Z,Tue 06:35pm,Oriole Park at Camden Yards,outdoor,,-209.000,-209.000,,0.324,,,,No,,,3.5,4.241667909,95.75833209,4.241667909,0.32,,0,,0.89,,0.57,0.5,Push
PrizePicks,MLB,67669,José Ramírez,IF,CLE,Hitter Strikeouts,1.5,TRUE,N/A,10/3/2026,5:36:36 AM,pre_game,MLB,demon,https://static.prizepicks.com/images/players/MLB/Jos%C3%A9_Ram%C3%ADrez_MLB_player_WzQsklw2gpPqHAZQC4Vjg4S3-450.webp,15365348,,,,,,,,,Yes,-1.4,6.9,Guardians @ Orioles,2026-09-08T22:35:00Z,Tue 06:35pm,Oriole Park at Camden Yards,outdoor,,,,,,,,,No,,,5,,,,0,,0,,69,,69,0,Push
PrizePicks,MLB,244978,Colson Montgomery,IF,CWS,RBIs,1.5,TRUE,N/A,10/3/2026,5:36:36 AM,pre_game,MLB,demon,https://static.prizepicks.com/images/players/MLB/Colson_Montgomery_MLB_player_j4GCQ0xCS1DuWlq2jQyc285-450.webp,15365353,,,,,,,,,Yes,-1.4,6.9,Pirates @ White Sox,2026-09-08T23:40:00Z,Tue 07:40pm,Rate Field,outdoor,,,,,,,,,No,,,3.5,,,,0,,0,,0.69,,0.6,0.5,Push
PrizePicks,MLB,328439,Travis Bazzana,IF,AL,Hitter Strikeouts,1.5,TRUE,N/A,10/3/2026,5:36:36 AM,pre_game,MLB,demon,https://static.prizepicks.com/images/manual/Travis Bazzana.png,15365355,,,,,,,,,Yes,-1.4,6.9,Guardians @ Orioles,2026-09-08T22:35:00Z,Tue 06:35pm,Oriole Park at Camden Yards,outdoor,,,,,,,,,No,,,5,,,,0,,0,,107,,107,0,Push
PrizePicks,MLB,67698,Steven Kwan,OF,CLE,Runs,1.5,TRUE,N/A,10/3/2026,5:36:36 AM,pre_game,MLB,demon,https://static.prizepicks.com/images/players/MLB/Steven_Kwan_MLB_player_ntXGz6Uewr9nyMV3MgkiDLnt-450.webp,15365358,0.50,40.39,59.61,0.1,59.61,Under,https://www.freeiconspng.com/img/1934,,Yes,-1.4,6.9,Guardians @ Orioles,2026-09-08T22:35:00Z,Tue 06:35pm,Oriole Park at Camden Yards,outdoor,,-148.000,-148.000,9/8/2026,0.404,,,,No,,,3.5,6.260068291,93.73993171,6.260068291,0.4,,0,,0.99,,0.63,0.5,Push
PrizePicks,MLB,67669,José Ramírez,IF,CLE,Singles,1.5,TRUE,N/A,10/3/2026,5:36:36 AM,pre_game,MLB,demon,https://static.prizepicks.com/images/players/MLB/Jos%C3%A9_Ram%C3%ADrez_MLB_player_WzQsklw2gpPqHAZQC4Vjg4S3-450.webp,15365359,,,,,,,,,Yes,-1.4,6.9,Guardians @ Orioles,2026-09-08T22:35:00Z,Tue 06:35pm,Oriole Park at Camden Yards,outdoor,,,,,,,,,No,,,3.5,,,,0,,0,,0.82,,0.82,0,Push
PrizePicks,MLB,328439,Travis Bazzana,IF,AL,Runs,1.5,TRUE,N/A,10/3/2026,5:36:36 AM,pre_game,MLB,demon,https://static.prizepicks.com/images/manual/Travis Bazzana.png,15365360,0.50,35.76,64.24,0.08,64.24,Under,https://www.freeiconspng.com/img/1934,,Yes,-1.4,6.9,Guardians @ Orioles,2026-09-08T22:35:00Z,Tue 06:35pm,Oriole Park at Camden Yards,outdoor,,-180.000,-180.000,9/8/2026,0.358,,,,No,,,3.5,5.055869279,94.94413072,5.055869279,0.36,,0,,0.86,,0.57,0.5,Push
PrizePicks,MLB,201589,Angel Martínez,OF,CLE,Singles,1.5,TRUE,N/A,10/3/2026,5:36:36 AM,pre_game,MLB,demon,https://static.prizepicks.com/images/players/MLB/Angel_Mart%C3%ADnez_MLB_player_QojrBDK78dNI9zcgIzRMCYxd-450.webp,15365362,,,,,,,,,Yes,-1.4,6.9,Guardians @ Orioles,2026-09-08T22:35:00Z,Tue 06:35pm,Oriole Park at Camden Yards,outdoor,,,,,,,,,No,,,3.5,,,,0,,0,,0.89,,0.89,0,Push
PrizePicks,MLB,127166,Andrew Benintendi,DH,CWS,RBIs,1.5,TRUE,N/A,10/3/2026,5:36:36 AM,pre_game,MLB,demon,https://static.prizepicks.com/images/players/MLB/Andrew_Benintendi_MLB_player_gS0XOOhPqt5xrsBUNxHk03Qx-450.webp,15365364,,,,,,,,,Yes,-1.4,6.9,Pirates @ White Sox,2026-09-08T23:40:00Z,Tue 07:40pm,Rate Field,outdoor,,,,,,,,,No,,,3.5,,,,0,,0,,0.84,,0.67,0.5,Push
PrizePicks,MLB,314184,Sam Antonacci,OF,CWS,RBIs,1.5,TRUE,N/A,10/3/2026,5:36:36 AM,pre_game,MLB,demon,https://static.prizepicks.com/images/manual/Sam_Antonacci.png,15365370,,,,,,,,,Yes,-1.4,6.9,Pirates @ White Sox,2026-09-08T23:40:00Z,Tue 07:40pm,Rate Field,outdoor,,,,,,,,,No,,,3.5,,,,0,,0,,0.97,,0.73,0.5,Push
PrizePicks,MLB,323131,Braden Montgomery,OF,CWS,RBIs,1.5,TRUE,N/A,10/3/2026,5:36:36 AM,pre_game,MLB,demon,https://static.prizepicks.com/images/manual/Braden Montgomery.png,15365372,,,,,,,,,Yes,-1.4,6.9,Pirates @ White Sox,2026-09-08T23:40:00Z,Tue 07:40pm,Rate Field,outdoor,,,,,,8/4/2026,Day-To-Day,Aug 2: The White Sox scratched Montgomery from the lineup for Sunday's game against the Rays.,No,,,3.5,,,,0,,0,,0.79,,0.65,0.5,Push
PrizePicks,MLB,331060,Nathaniel Lowe,IF,CLE,RBIs,1.5,TRUE,N/A,10/3/2026,5:36:36 AM,pre_game,MLB,demon,https://static.prizepicks.com/images/manual/Nathaniel Lowe CLE.png,15365376,,,,,,,,,Yes,-1.4,6.9,Guardians @ Orioles,2026-09-08T22:35:00Z,Tue 06:35pm,Oriole Park at Camden Yards,outdoor,,,,,,,,,No,,,3.5,,,,0,,0,,0.79,,0.64,0.5,Push
PrizePicks,MLB,67698,Steven Kwan,OF,CLE,RBIs,1.5,TRUE,N/A,10/3/2026,5:36:36 AM,pre_game,MLB,demon,https://static.prizepicks.com/images/players/MLB/Steven_Kwan_MLB_player_ntXGz6Uewr9nyMV3MgkiDLnt-450.webp,15365382,,,,,,,,,Yes,-1.4,6.9,Guardians @ Orioles,2026-09-08T22:35:00Z,Tue 06:35pm,Oriole Park at Camden Yards,outdoor,,,,,,,,,No,,,3.5,,,,0,,0,,0.99,,0.74,0.5,Push
PrizePicks,MLB,67698,Steven Kwan,OF,CLE,Singles,1.5,TRUE,N/A,10/3/2026,5:36:36 AM,pre_game,MLB,demon,https://static.prizepicks.com/images/players/MLB/Steven_Kwan_MLB_player_ntXGz6Uewr9nyMV3MgkiDLnt-450.webp,15365383,,,,,,,,,Yes,-1.4,6.9,Guardians @ Orioles,2026-09-08T22:35:00Z,Tue 06:35pm,Oriole Park at Camden Yards,outdoor,,,,,,,,,No,,,3.5,,,,0,,0,,0.99,,0.99,0,Push
PrizePicks,MLB,205264,Miguel Vargas,IF,CWS,Runs,1.5,TRUE,N/A,10/3/2026,5:36:36 AM,pre_game,MLB,demon,https://static.prizepicks.com/images/players/MLB/Miguel_Vargas_MLB_player_G8lSuTxbs8GHQpczU4L0qDkR-450.webp,15365390,0.50,39.28,60.72,0.09,60.72,Under,https://www.freeiconspng.com/img/1934,,Yes,-1.4,6.9,Pirates @ White Sox,2026-09-08T23:40:00Z,Tue 07:40pm,Rate Field,outdoor,,-155.000,-155.000,9/8/2026,0.393,,,,No,,,3.5,5.963190555,94.03680945,5.963190555,0.39,,0,,0.88,,0.59,0.5,Push
PrizePicks,MLB,314184,Sam Antonacci,OF,CWS,Runs,1.5,TRUE,N/A,10/3/2026,5:36:36 AM,pre_game,MLB,demon,https://static.prizepicks.com/images/manual/Sam_Antonacci.png,15365399,0.50,26.25,73.75,0.21,73.75,Under,https://www.freeiconspng.com/img/1934,,Yes,-1.4,6.9,Pirates @ White Sox,2026-09-08T23:40:00Z,Tue 07:40pm,Rate Field,outdoor,,-281.000,-281.000,9/8/2026,0.263,,,,No,,,3.5,2.897796498,97.1022035,2.897796498,0.26,,0,,0.97,,0.58,0.5,Push
PrizePicks,MLB,193122,Brayan Rocchio,IF,CLE,RBIs,1.5,TRUE,N/A,10/3/2026,5:36:36 AM,pre_game,MLB,demon,https://static.prizepicks.com/images/players/MLB/Brayan_Rocchio_MLB_player_PGq0ULkYVRkU5iXYMyn5I3Lc-450.webp,15365403,,,,,,,,,Yes,-1.4,6.9,Guardians @ Orioles,2026-09-08T22:35:00Z,Tue 06:35pm,Oriole Park at Camden Yards,outdoor,,,,,,,,,No,,,3.5,,,,0,,0,,0.88,,0.69,0.5,Push
PrizePicks,MLB,235491,Chase Meidroth,IF,CWS,RBIs,1.5,TRUE,N/A,10/3/2026,5:36:36 AM,pre_game,MLB,demon,https://static.prizepicks.com/images/players/MLB/Chase_Meidroth_MLB_player_3aJAUSt5N14MCI2tnJjUQKgl-450.webp,15365405,,,,,,,,,Yes,-1.4,6.9,Pirates @ White Sox,2026-09-08T23:40:00Z,Tue 07:40pm,Rate Field,outdoor,,,,,,,,,No,,,3.5,,,,0,,0,,0.96,,0.73,0.5,Push
PrizePicks,MLB,266831,Chase DeLauter,OF,CLE,Singles,1.5,TRUE,N/A,10/3/2026,5:36:36 AM,pre_game,MLB,demon,https://static.prizepicks.com/images/manual/Chase DeLauter.png,15365417,,,,,,,,,Yes,-1.4,6.9,Guardians @ Orioles,2026-09-08T22:35:00Z,Tue 06:35pm,Oriole Park at Camden Yards,outdoor,,,,,,,,,No,,,3.5,,,,0,,0,,1,,1,0,Push
PrizePicks,MLB,317289,Patrick Bailey,C,CLE,Hitter Strikeouts,1.5,TRUE,N/A,10/3/2026,5:36:36 AM,pre_game,MLB,demon,https://static.prizepicks.com/images/manual/Patrick_Bailey.png,15365425,,,,,,,,,Yes,-1.4,6.9,Guardians @ Orioles,2026-09-08T22:35:00Z,Tue 06:35pm,Oriole Park at Camden Yards,outdoor,,,,,,,,,No,,,5,,,,0,,0,,70,,70,0,Push
PrizePicks,MLB,241087,Kyle Teel,C,CWS,RBIs,1.5,TRUE,N/A,10/3/2026,5:36:36 AM,pre_game,MLB,demon,https://static.prizepicks.com/images/players/MLB/Kyle_Teel_MLB_player_Z3yrero53bwu64NFOIoizFmc-450.webp,15365430,,,,,,,,,Yes,-1.4,6.9,Pirates @ White Sox,2026-09-08T23:40:00Z,Tue 07:40pm,Rate Field,outdoor,,,,,,9/8/2026,10-Day-IL,"Jul 22: Teel is expected to miss 6-to-12 weeks due to left high-ankle sprain,  MLB.com reports.",No,,,3.5,,,,0,,0,,0.74,,0.62,0.5,Push
PrizePicks,MLB,317289,Patrick Bailey,C,CLE,RBIs,1.5,TRUE,N/A,10/3/2026,5:36:36 AM,pre_game,MLB,demon,https://static.prizepicks.com/images/manual/Patrick_Bailey.png,15365432,,,,,,,,,Yes,-1.4,6.9,Guardians @ Orioles,2026-09-08T22:35:00Z,Tue 06:35pm,Oriole Park at Camden Yards,outdoor,,,,,,,,,No,,,3.5,,,,0,,0,,0.8,,0.65,0.5,Push
PrizePicks,MLB,201589,Angel Martínez,OF,CLE,RBIs,1.5,TRUE,N/A,10/3/2026,5:36:36 AM,pre_game,MLB,demon,https://static.prizepicks.com/images/players/MLB/Angel_Mart%C3%ADnez_MLB_player_QojrBDK78dNI9zcgIzRMCYxd-450.webp,15365433,,,,,,,,,Yes,-1.4,6.9,Guardians @ Orioles,2026-09-08T22:35:00Z,Tue 06:35pm,Oriole Park at Camden Yards,outdoor,,,,,,,,,No,,,3.5,,,,0,,0,,0.89,,0.7,0.5,Push
PrizePicks,MLB,331060,Nathaniel Lowe,IF,CLE,Runs,1.5,TRUE,N/A,10/3/2026,5:36:36 AM,pre_game,MLB,demon,https://static.prizepicks.com/images/manual/Nathaniel Lowe CLE.png,15366422,0.50,27.38,72.62,0.17,72.62,Under,https://www.freeiconspng.com/img/1934,,Yes,-1.4,6.9,Guardians @ Orioles,2026-09-08T22:35:00Z,Tue 06:35pm,Oriole Park at Camden Yards,outdoor,,-265.000,-265.000,9/8/2026,0.274,,,,No,,,3.5,3.129528096,96.8704719,3.129528096,0.27,,0,,0.79,,0.52,0.5,Push
PrizePicks,MLB,331054,Jo Adell,OF,CLE,Total Bases,1.5,TRUE,N/A,10/3/2026,5:36:36 AM,pre_game,MLB,demon,https://static.prizepicks.com/images/manual/Jo Adell CLE.png,15366423,,,,,,,,,Yes,-1.4,6.9,Guardians @ Orioles,2026-09-08T22:35:00Z,Tue 06:35pm,Oriole Park at Camden Yards,outdoor,,,,,,,,,No,,,3.5,,,,0,,0,,0.86,,1.18,1.5,Push
PrizePicks,MLB,317289,Patrick Bailey,C,CLE,Hits+Runs+RBIs,1.5,TRUE,N/A,10/3/2026,5:36:36 AM,pre_game,MLB,demon,https://static.prizepicks.com/images/manual/Patrick_Bailey.png,15366424,0.50,59.08,40.92,-5.83,59.08,Over,https://www.freeiconspng.com/img/1934,,Yes,-1.4,6.9,Guardians @ Orioles,2026-09-08T22:35:00Z,Tue 06:35pm,Oriole Park at Camden Yards,outdoor,,-144.000,-144.000,9/8/2026,0.591,,,,No,,,3.5,11.88813324,88.11186676,11.88813324,0.59,,0,,0.8,,0.69,0,Push
PrizePicks,MLB,331060,Nathaniel Lowe,IF,CLE,Total Bases,1.5,TRUE,N/A,10/3/2026,5:36:36 AM,pre_game,MLB,demon,https://static.prizepicks.com/images/manual/Nathaniel Lowe CLE.png,15366429,,,,,,,,,Yes,-1.4,6.9,Guardians @ Orioles,2026-09-08T22:35:00Z,Tue 06:35pm,Oriole Park at Camden Yards,outdoor,,,,,,,,,No,,,3.5,,,,0,,0,,0.79,,1.14,1.5,Push
PrizePicks,MLB,201589,Angel Martínez,OF,CLE,Total Bases,1.5,TRUE,N/A,10/3/2026,5:36:36 AM,pre_game,MLB,demon,https://static.prizepicks.com/images/players/MLB/Angel_Mart%C3%ADnez_MLB_player_QojrBDK78dNI9zcgIzRMCYxd-450.webp,15366438,,,,,,,,,Yes,-1.4,6.9,Guardians @ Orioles,2026-09-08T22:35:00Z,Tue 06:35pm,Oriole Park at Camden Yards,outdoor,,,,,,,,,No,,,3.5,,,,0,,0,,0.89,,0.7,0.5,Push
PrizePicks,MLB,331060,Nathaniel Lowe,IF,CLE,Hits+Runs+RBIs,1.5,TRUE,N/A,10/3/2026,5:36:36 AM,pre_game,MLB,demon,https://static.prizepicks.com/images/manual/Nathaniel Lowe CLE.png,15366441,0.50,58.79,41.21,-6.12,58.79,Over,https://www.freeiconspng.com/img/1934,,Yes,-1.4,6.9,Guardians @ Orioles,2026-09-08T22:35:00Z,Tue 06:35pm,Oriole Park at Camden Yards,outdoor,,-143.000,-143.000,9/8/2026,0.588,,,,No,,,3.5,11.79333081,88.20666919,11.79333081,0.59,,0,,0.79,,0.69,0,Push
PrizePicks,MLB,193122,Brayan Rocchio,IF,CLE,Total Bases,1.5,TRUE,N/A,10/3/2026,5:36:36 AM,pre_game,MLB,demon,https://static.prizepicks.com/images/players/MLB/Brayan_Rocchio_MLB_player_PGq0ULkYVRkU5iXYMyn5I3Lc-450.webp,15366442,,,,,,,,,Yes,-1.4,6.9,Guardians @ Orioles,2026-09-08T22:35:00Z,Tue 06:35pm,Oriole Park at Camden Yards,outdoor,,,,,,,,,No,,,3.5,,,,0,,0,,0.88,,0.69,0.5,Push
PrizePicks,MLB,328439,Travis Bazzana,IF,AL,Total Bases,1.5,TRUE,N/A,10/3/2026,5:36:36 AM,pre_game,MLB,demon,https://static.prizepicks.com/images/manual/Travis Bazzana.png,15366445,,,,,,,,,Yes,-1.4,6.9,Guardians @ Orioles,2026-09-08T22:35:00Z,Tue 06:35pm,Oriole Park at Camden Yards,outdoor,,,,,,,,,No,,,3.5,,,,0,,0,,0.86,,0.68,0.5,Push
PrizePicks,MLB,235491,Chase Meidroth,IF,CWS,Hitter Strikeouts,1.5,TRUE,N/A,10/3/2026,5:36:36 AM,pre_game,MLB,demon,https://static.prizepicks.com/images/players/MLB/Chase_Meidroth_MLB_player_3aJAUSt5N14MCI2tnJjUQKgl-450.webp,15366684,,,,,,,,,Yes,-1.4,6.9,Pirates @ White Sox,2026-09-08T23:40:00Z,Tue 07:40pm,Rate Field,outdoor,,,,,,,,,No,,,5,,,,0,,0,,141,,141,0,Push
PrizePicks,MLB,205264,Miguel Vargas,IF,CWS,Hitter Strikeouts,1.5,TRUE,N/A,10/3/2026,5:36:36 AM,pre_game,MLB,demon,https://static.prizepicks.com/images/players/MLB/Miguel_Vargas_MLB_player_G8lSuTxbs8GHQpczU4L0qDkR-450.webp,15366686,,,,,,,,,Yes,-1.4,6.9,Pirates @ White Sox,2026-09-08T23:40:00Z,Tue 07:40pm,Rate Field,outdoor,,,,,,,,,No,,,5,,,,0,,0,,126,,126,0,Push
PrizePicks,MLB,323131,Braden Montgomery,OF,CWS,Hitter Strikeouts,1.5,TRUE,N/A,10/3/2026,5:36:36 AM,pre_game,MLB,demon,https://static.prizepicks.com/images/manual/Braden Montgomery.png,15366687,,,,,,,,,Yes,-1.4,6.9,Pirates @ White Sox,2026-09-08T23:40:00Z,Tue 07:40pm,Rate Field,outdoor,,,,,,8/4/2026,Day-To-Day,Aug 2: The White Sox scratched Montgomery from the lineup for Sunday's game against the Rays.,No,,,5,,,,0,,0,,72,,72,0,Push
PrizePicks,MLB,317289,Patrick Bailey,C,CLE,Runs,1.5,TRUE,N/A,10/3/2026,5:36:36 AM,pre_game,MLB,demon,https://static.prizepicks.com/images/manual/Patrick_Bailey.png,15366698,0.50,29.72,70.28,0.31,70.28,Under,https://www.freeiconspng.com/img/1934,,Yes,-1.4,6.9,Guardians @ Orioles,2026-09-08T22:35:00Z,Tue 06:35pm,Oriole Park at Camden Yards,outdoor,,-236.000,-236.000,9/8/2026,0.297,,,,No,,,3.5,3.631606323,96.36839368,3.631606323,0.3,,0,,0.8,,0.53,0.5,Push
PrizePicks,MLB,310369,Tristan Peters,OF,CWS,Total Bases,1.5,TRUE,N/A,10/3/2026,5:36:36 AM,pre_game,MLB,demon,https://static.prizepicks.com/images/manual/Tristan_Peters.png,15366704,,,,,,,,,Yes,-1.4,6.9,Pirates @ White Sox,2026-09-08T23:40:00Z,Tue 07:40pm,Rate Field,outdoor,,,,,,,,,No,,,3.5,,,,0,,0,,0.93,,1.21,1.5,Push
PrizePicks,MLB,205264,Miguel Vargas,IF,CWS,Total Bases,1.5,TRUE,N/A,10/3/2026,5:36:36 AM,pre_game,MLB,demon,https://static.prizepicks.com/images/players/MLB/Miguel_Vargas_MLB_player_G8lSuTxbs8GHQpczU4L0qDkR-450.webp,15366707,,,,,,,,,Yes,-1.4,6.9,Pirates @ White Sox,2026-09-08T23:40:00Z,Tue 07:40pm,Rate Field,outdoor,,,,,,,,,No,,,3.5,,,,0,,0,,0.88,,1.19,1.5,Push
PrizePicks,MLB,323131,Braden Montgomery,OF,CWS,Hits+Runs+RBIs,1.5,TRUE,N/A,10/3/2026,5:36:36 AM,pre_game,MLB,demon,https://static.prizepicks.com/images/manual/Braden Montgomery.png,15366710,,,,,,,,,Yes,-1.4,6.9,Pirates @ White Sox,2026-09-08T23:40:00Z,Tue 07:40pm,Rate Field,outdoor,,,,,,8/4/2026,Day-To-Day,Aug 2: The White Sox scratched Montgomery from the lineup for Sunday's game against the Rays.,No,,,3.5,,,,0,,0,,0.79,,0.79,0,Push
PrizePicks,MLB,244978,Colson Montgomery,IF,CWS,Total Bases,1.5,TRUE,N/A,10/3/2026,5:36:36 AM,pre_game,MLB,demon,https://static.prizepicks.com/images/players/MLB/Colson_Montgomery_MLB_player_j4GCQ0xCS1DuWlq2jQyc285-450.webp,15366712,,,,,,,,,Yes,-1.4,6.9,Pirates @ White Sox,2026-09-08T23:40:00Z,Tue 07:40pm,Rate Field,outdoor,,,,,,,,,No,,,3.5,,,,0,,0,,0.69,,0.6,0.5,Push
PrizePicks,MLB,314184,Sam Antonacci,OF,CWS,Total Bases,1.5,TRUE,N/A,10/3/2026,5:36:36 AM,pre_game,MLB,demon,https://static.prizepicks.com/images/manual/Sam_Antonacci.png,15366713,,,,,,,,,Yes,-1.4,6.9,Pirates @ White Sox,2026-09-08T23:40:00Z,Tue 07:40pm,Rate Field,outdoor,,,,,,,,,No,,,3.5,,,,0,,0,,0.97,,1.23,1.5,Push
PrizePicks,MLB,310369,Tristan Peters,OF,CWS,Hits+Runs+RBIs,1.5,TRUE,N/A,10/3/2026,5:36:36 AM,pre_game,MLB,demon,https://static.prizepicks.com/images/manual/Tristan_Peters.png,15366715,,,,,,,,,Yes,-1.4,6.9,Pirates @ White Sox,2026-09-08T23:40:00Z,Tue 07:40pm,Rate Field,outdoor,,,,,,,,,No,,,3.5,,,,0,,0,,0.93,,0.93,0,Push
PrizePicks,MLB,235491,Chase Meidroth,IF,CWS,Hits+Runs+RBIs,1.5,TRUE,N/A,10/3/2026,5:36:36 AM,pre_game,MLB,demon,https://static.prizepicks.com/images/players/MLB/Chase_Meidroth_MLB_player_3aJAUSt5N14MCI2tnJjUQKgl-450.webp,15366721,1.50,41.83,58.17,-3.66,58.17,Under,https://www.freeiconspng.com/img/1934,,Yes,-1.4,6.9,Pirates @ White Sox,2026-09-08T23:40:00Z,Tue 07:40pm,Rate Field,outdoor,,-139.000,-139.000,9/8/2026,1.255,,,,No,,,3.5,41.83,58.17,41.83,1.25,,0,,0.96,,1.11,0,Push
PrizePicks,MLB,127166,Andrew Benintendi,DH,CWS,Total Bases,1.5,TRUE,N/A,10/3/2026,5:36:36 AM,pre_game,MLB,demon,https://static.prizepicks.com/images/players/MLB/Andrew_Benintendi_MLB_player_gS0XOOhPqt5xrsBUNxHk03Qx-450.webp,15366722,,,,,,,,,Yes,-1.4,6.9,Pirates @ White Sox,2026-09-08T23:40:00Z,Tue 07:40pm,Rate Field,outdoor,,,,,,,,,No,,,3.5,,,,0,,0,,0.84,,0.67,0.5,Push
PrizePicks,MLB,241087,Kyle Teel,C,CWS,Hits+Runs+RBIs,1.5,TRUE,N/A,10/3/2026,5:36:36 AM,pre_game,MLB,demon,https://static.prizepicks.com/images/players/MLB/Kyle_Teel_MLB_player_Z3yrero53bwu64NFOIoizFmc-450.webp,15366726,0.50,56.27,43.73,-3.41,56.27,Over,https://www.freeiconspng.com/img/1934,,Yes,-1.4,6.9,Pirates @ White Sox,2026-09-08T23:40:00Z,Tue 07:40pm,Rate Field,outdoor,,-129.000,-129.000,9/8/2026,0.563,9/8/2026,10-Day-IL,"Jul 22: Teel is expected to miss 6-to-12 weeks due to left high-ankle sprain,  MLB.com reports.",No,,,3.5,10.97784419,89.02215581,10.97784419,0.56,,0,,0.74,,0.65,0,Push
PrizePicks,MLB,235491,Chase Meidroth,IF,CWS,Singles,1.5,TRUE,N/A,10/3/2026,5:36:36 AM,pre_game,MLB,demon,https://static.prizepicks.com/images/players/MLB/Chase_Meidroth_MLB_player_3aJAUSt5N14MCI2tnJjUQKgl-450.webp,15367147,,,,,,,,,Yes,-1.4,6.9,Pirates @ White Sox,2026-09-08T23:40:00Z,Tue 07:40pm,Rate Field,outdoor,,,,,,,,,No,,,3.5,,,,0,,0,,0.96,,0.96,0,Push
PrizePicks,MLB,127166,Andrew Benintendi,DH,CWS,Runs,1.5,TRUE,N/A,10/3/2026,5:36:36 AM,pre_game,MLB,demon,https://static.prizepicks.com/images/players/MLB/Andrew_Benintendi_MLB_player_gS0XOOhPqt5xrsBUNxHk03Qx-450.webp,15374038,,,,,,,,,Yes,-1.4,6.9,Pirates @ White Sox,2026-09-08T23:40:00Z,Tue 07:40pm,Rate Field,outdoor,,,,,,,,,No,,,3.5,,,,0,,0,,0.84,,0.67,0.5,Push
PrizePicks,MLB,244978,Colson Montgomery,IF,CWS,Hitter Strikeouts,1.5,TRUE,N/A,10/3/2026,5:36:36 AM,pre_game,MLB,demon,https://static.prizepicks.com/images/players/MLB/Colson_Montgomery_MLB_player_j4GCQ0xCS1DuWlq2jQyc285-450.webp,15374881,,,,,,,,,Yes,-1.4,6.9,Pirates @ White Sox,2026-09-08T23:40:00Z,Tue 07:40pm,Rate Field,outdoor,,,,,,,,,No,,,5,,,,0,,0,,227,,227,0,Push
PrizePicks,MLB,235491,Chase Meidroth,IF,CWS,Runs,1.5,TRUE,N/A,10/3/2026,5:36:36 AM,pre_game,MLB,demon,https://static.prizepicks.com/images/players/MLB/Chase_Meidroth_MLB_player_3aJAUSt5N14MCI2tnJjUQKgl-450.webp,15375137,0.50,29.28,70.72,0.31,70.72,Under,https://www.freeiconspng.com/img/1934,,Yes,-1.4,6.9,Pirates @ White Sox,2026-09-08T23:40:00Z,Tue 07:40pm,Rate Field,outdoor,,-242.000,-242.000,9/8/2026,0.293,,,,No,,,3.5,3.534966573,96.46503343,3.534966573,0.29,,0,,0.96,,0.59,0.5,Push
PrizePicks,MLB,316660,Randal Grichuk,DH,CWS,Total Bases,1.5,TRUE,N/A,10/3/2026,5:36:36 AM,pre_game,MLB,demon,https://static.prizepicks.com/images/manual/Randal Grichuk CWS.png,15375161,,,,,,,,,Yes,-1.4,6.9,Pirates @ White Sox,2026-09-08T23:40:00Z,Tue 07:40pm,Rate Field,outdoor,,,,,,,,,No,,,3.5,,,,0,,0,,1.05,,1.05,0,Push
PrizePicks,MLB,316660,Randal Grichuk,DH,CWS,Hits+Runs+RBIs,1.5,TRUE,N/A,10/3/2026,5:36:36 AM,pre_game,MLB,demon,https://static.prizepicks.com/images/manual/Randal Grichuk CWS.png,15375162,1.50,44.39,55.61,-4.07,55.61,Under,https://www.freeiconspng.com/img/1934,,Yes,-1.4,6.9,Pirates @ White Sox,2026-09-08T23:40:00Z,Tue 07:40pm,Rate Field,outdoor,,-125.000,-125.000,,1.332,,,,No,,,3.5,44.39,55.61,44.39,1.33,,0,,1.05,,1.19,0,Push
PrizePicks,MLB,195621,Tommy Pham,DH,CWS,Hits+Runs+RBIs,1.5,TRUE,N/A,10/3/2026,5:36:36 AM,pre_game,MLB,demon,https://static.prizepicks.com/images/manual/Tommy Pham.png,15375167,0.50,56.29,43.71,0.15,56.29,Over,https://www.freeiconspng.com/img/1934,,Yes,-1.4,6.9,Pirates @ White Sox,2026-09-08T23:40:00Z,Tue 07:40pm,Rate Field,outdoor,,-129.000,-129.000,,0.563,,,,No,,,3.5,10.98425574,89.01574426,10.98425574,0.56,,0,,0.62,,0.59,0,Push
PrizePicks,MLB,331055,Brenton Doyle,OF,CWS,Hitter Strikeouts,1.5,TRUE,N/A,10/3/2026,5:36:36 AM,pre_game,MLB,demon,https://static.prizepicks.com/images/manual/Brenton Doyle.png,15375213,,,,,,,,,Yes,-1.4,6.9,Pirates @ White Sox,2026-09-08T23:40:00Z,Tue 07:40pm,Rate Field,outdoor,,,,,,,,,No,,,5,,,,0,,0,,31,,31,0,Push
PrizePicks,MLB,195621,Tommy Pham,DH,CWS,Runs,1.5,TRUE,N/A,10/3/2026,5:36:36 AM,pre_game,MLB,demon,https://static.prizepicks.com/images/manual/Tommy Pham.png,15375214,0.50,28.89,71.11,0.18,71.11,Under,https://www.freeiconspng.com/img/1934,,Yes,-1.4,6.9,Pirates @ White Sox,2026-09-08T23:40:00Z,Tue 07:40pm,Rate Field,outdoor,,-246.000,-246.000,,0.289,,,,No,,,3.5,3.450162345,96.54983766,3.450162345,0.29,,0,,0.62,,0.45,0,Push
PrizePicks,MLB,195621,Tommy Pham,DH,CWS,Hits,1.5,TRUE,N/A,10/3/2026,5:36:36 AM,pre_game,MLB,demon,https://static.prizepicks.com/images/manual/Tommy Pham.png,15375217,0.50,54.55,45.45,0,54.55,Over,https://www.freeiconspng.com/img/1934,,Yes,-1.4,6.9,Pirates @ White Sox,2026-09-08T23:40:00Z,Tue 07:40pm,Rate Field,outdoor,,-120.000,-120.000,,0.546,,,,No,,,3.5,10.43024846,89.56975154,10.43024846,0.55,,0,,0.62,,0.58,0,Push
PrizePicks,MLB,316660,Randal Grichuk,DH,CWS,Hitter Strikeouts,1.5,TRUE,N/A,10/3/2026,5:36:36 AM,pre_game,MLB,demon,https://static.prizepicks.com/images/manual/Randal Grichuk CWS.png,15375218,,,,,,,,,Yes,-1.4,6.9,Pirates @ White Sox,2026-09-08T23:40:00Z,Tue 07:40pm,Rate Field,outdoor,,,,,,,,,No,,,5,,,,0,,0,,51,,51,0,Push
PrizePicks,MLB,195621,Tommy Pham,DH,CWS,Hitter Strikeouts,1.5,TRUE,N/A,10/3/2026,5:36:36 AM,pre_game,MLB,demon,https://static.prizepicks.com/images/manual/Tommy Pham.png,15375220,,,,,,,,,Yes,-1.4,6.9,Pirates @ White Sox,2026-09-08T23:40:00Z,Tue 07:40pm,Rate Field,outdoor,,,,,,,,,No,,,5,,,,0,,0,,4,,4,0,Push
PrizePicks,MLB,316660,Randal Grichuk,DH,CWS,Runs,1.5,TRUE,N/A,10/3/2026,5:36:36 AM,pre_game,MLB,demon,https://static.prizepicks.com/images/manual/Randal Grichuk CWS.png,15375224,0.50,32.19,67.81,0.28,67.81,Under,https://www.freeiconspng.com/img/1934,,Yes,-1.4,6.9,Pirates @ White Sox,2026-09-08T23:40:00Z,Tue 07:40pm,Rate Field,outdoor,,-211.000,-211.000,,0.322,,,,No,,,3.5,4.192565956,95.80743404,4.192565956,0.32,,0,,1.05,,0.68,0,Push
PrizePicks,MLB,316660,Randal Grichuk,DH,CWS,Hits,1.5,TRUE,N/A,10/3/2026,5:36:36 AM,pre_game,MLB,demon,https://static.prizepicks.com/images/manual/Randal Grichuk CWS.png,15375226,0.50,59.89,40.11,-5.63,59.89,Over,https://www.freeiconspng.com/img/1934,,Yes,-1.4,6.9,Pirates @ White Sox,2026-09-08T23:40:00Z,Tue 07:40pm,Rate Field,outdoor,,-149.000,-149.000,,0.599,,,,No,,,3.5,12.15392996,87.84607004,12.15392996,0.6,,0,,1.05,,0.82,0,Push
PrizePicks,MLB,331055,Brenton Doyle,OF,CWS,Hits,1.5,TRUE,N/A,10/3/2026,5:36:36 AM,pre_game,MLB,demon,https://static.prizepicks.com/images/manual/Brenton Doyle.png,15375227,0.50,51.54,48.46,-5.91,51.54,Over,https://www.freeiconspng.com/img/1934,,Yes,-1.4,6.9,Pirates @ White Sox,2026-09-08T23:40:00Z,Tue 07:40pm,Rate Field,outdoor,,-106.000,-106.000,,0.515,,,,No,,,3.5,9.490970745,90.50902926,9.490970745,0.52,,0,,0.9,,0.71,0,Push
PrizePicks,MLB,331055,Brenton Doyle,OF,CWS,RBIs,1.5,TRUE,N/A,10/3/2026,5:36:36 AM,pre_game,MLB,demon,https://static.prizepicks.com/images/manual/Brenton Doyle.png,15375230,,,,,,,,,Yes,-1.4,6.9,Pirates @ White Sox,2026-09-08T23:40:00Z,Tue 07:40pm,Rate Field,outdoor,,,,,,,,,No,,,3.5,,,,0,,0,,0.9,,0.9,0,Push
PrizePicks,MLB,316660,Randal Grichuk,DH,CWS,RBIs,1.5,TRUE,N/A,10/3/2026,5:36:36 AM,pre_game,MLB,demon,https://static.prizepicks.com/images/manual/Randal Grichuk CWS.png,15375231,,,,,,,,,Yes,-1.4,6.9,Pirates @ White Sox,2026-09-08T23:40:00Z,Tue 07:40pm,Rate Field,outdoor,,,,,,,,,No,,,3.5,,,,0,,0,,1.05,,1.05,0,Push
PrizePicks,MLB,195621,Tommy Pham,DH,CWS,RBIs,1.5,TRUE,N/A,10/3/2026,5:36:36 AM,pre_game,MLB,demon,https://static.prizepicks.com/images/manual/Tommy Pham.png,15375232,,,,,,,,,Yes,-1.4,6.9,Pirates @ White Sox,2026-09-08T23:40:00Z,Tue 07:40pm,Rate Field,outdoor,,,,,,,,,No,,,3.5,,,,0,,0,,0.62,,0.62,0,Push
PrizePicks,MLB,257051,Parker Messick,P,CLE,Earned Runs Allowed,1.5,TRUE,N/A,10/3/2026,5:36:36 AM,pre_game,MLB,standard,https://static.prizepicks.com/images/manual/Parker_Messick.png,15375321,,,,,,,,,Yes,-1.4,6.9,Guardians @ Orioles,2026-09-08T22:35:00Z,Tue 06:35pm,Oriole Park at Camden Yards,outdoor,,,,,,,,,No,,,3.5,,,,0,,0,,149,,75.25,0,Push
PrizePicks,MLB,331055,Brenton Doyle,OF,CWS,Total Bases,1.5,TRUE,N/A,10/3/2026,5:36:36 AM,pre_game,MLB,demon,https://static.prizepicks.com/images/manual/Brenton Doyle.png,15375511,,,,,,,,,Yes,-1.4,6.9,Pirates @ White Sox,2026-09-08T23:40:00Z,Tue 07:40pm,Rate Field,outdoor,,,,,,,,,No,,,3.5,,,,0,,0,,0.9,,0.9,0,Push
PrizePicks,MLB,331055,Brenton Doyle,OF,CWS,Hits+Runs+RBIs,1.5,TRUE,N/A,10/3/2026,5:36:36 AM,pre_game,MLB,demon,https://static.prizepicks.com/images/manual/Brenton Doyle.png,15375534,0.50,55.43,44.57,-4.25,55.43,Over,https://www.freeiconspng.com/img/1934,,Yes,-1.4,6.9,Pirates @ White Sox,2026-09-08T23:40:00Z,Tue 07:40pm,Rate Field,outdoor,,-124.000,-124.000,,0.554,,,,No,,,3.5,10.70946694,89.29053306,10.70946694,0.55,,0,,0.9,,0.73,0,Push
PrizePicks,MLB,195621,Tommy Pham,DH,CWS,Total Bases,1.5,TRUE,N/A,10/3/2026,5:36:36 AM,pre_game,MLB,demon,https://static.prizepicks.com/images/manual/Tommy Pham.png,15375551,,,,,,,,,Yes,-1.4,6.9,Pirates @ White Sox,2026-09-08T23:40:00Z,Tue 07:40pm,Rate Field,outdoor,,,,,,,,,No,,,3.5,,,,0,,0,,0.62,,0.62,0,Push
PrizePicks,MLB,257051,Parker Messick,P,CLE,Walks Allowed,1.5,TRUE,N/A,10/3/2026,5:36:36 AM,pre_game,MLB,goblin,https://static.prizepicks.com/images/manual/Parker_Messick.png,15375552,,,,,,,,,Yes,-1.4,6.9,Guardians @ Orioles,2026-09-08T22:35:00Z,Tue 06:35pm,Oriole Park at Camden Yards,outdoor,,,,,,,,,No,,,3.5,,,,0,,0,,149,,149,0,Push
PrizePicks,MLB,241087,Kyle Teel,C,CWS,Hitter Strikeouts,1.5,TRUE,N/A,10/3/2026,5:36:36 AM,pre_game,MLB,demon,https://static.prizepicks.com/images/players/MLB/Kyle_Teel_MLB_player_Z3yrero53bwu64NFOIoizFmc-450.webp,15375579,,,,,,,,,Yes,-1.4,6.9,Pirates @ White Sox,2026-09-08T23:40:00Z,Tue 07:40pm,Rate Field,outdoor,,,,,,9/8/2026,10-Day-IL,"Jul 22: Teel is expected to miss 6-to-12 weeks due to left high-ankle sprain,  MLB.com reports.",No,,,5,,,,0,,0,,51,,51,0,Push
PrizePicks,MLB,309111,Munetaka Murakami,IF,CWS,RBIs,0.5,TRUE,N/A,10/3/2026,5:36:36 AM,pre_game,MLB,demon,https://static.prizepicks.com/images/manual/Munetaka_Murakami.png,15363347,,,,,,,,,Yes,-1.4,6.9,Pirates @ White Sox,2026-09-08T23:40:00Z,Tue 07:40pm,Rate Field,outdoor,,,,,,,,,No,,,3.5,,,,0,,0,,0.72,,0.61,0.5,Push
PrizePicks,MLB,244978,Colson Montgomery,IF,CWS,RBIs,0.5,TRUE,N/A,10/3/2026,5:36:36 AM,pre_game,MLB,demon,https://static.prizepicks.com/images/players/MLB/Colson_Montgomery_MLB_player_j4GCQ0xCS1DuWlq2jQyc285-450.webp,15363348,,,,,,,,,Yes,-1.4,6.9,Pirates @ White Sox,2026-09-08T23:40:00Z,Tue 07:40pm,Rate Field,outdoor,,,,,,,,,No,,,3.5,,,,0,,0,,0.69,,0.6,0.5,Push
PrizePicks,MLB,67698,Steven Kwan,OF,CLE,Hits,0.5,TRUE,N/A,10/3/2026,5:36:36 AM,pre_game,MLB,goblin,https://static.prizepicks.com/images/players/MLB/Steven_Kwan_MLB_player_ntXGz6Uewr9nyMV3MgkiDLnt-450.webp,15363349,0.50,67.09,32.91,-5.51,67.09,Over,https://www.freeiconspng.com/img/1934,,Yes,-1.4,6.9,Guardians @ Orioles,2026-09-08T22:35:00Z,Tue 06:35pm,Oriole Park at Camden Yards,outdoor,,-204.000,-204.000,9/8/2026,0.671,,,,No,,,3.5,67.09,32.91,67.09,0.67,,0,,0.99,,0.72,0.5,Good Bet
PrizePicks,MLB,331054,Jo Adell,OF,CLE,RBIs,0.5,TRUE,N/A,10/3/2026,5:36:36 AM,pre_game,MLB,demon,https://static.prizepicks.com/images/manual/Jo Adell CLE.png,15363350,,,,,,,,,Yes,-1.4,6.9,Guardians @ Orioles,2026-09-08T22:35:00Z,Tue 06:35pm,Oriole Park at Camden Yards,outdoor,,,,,,,,,No,,,3.5,,,,0,,0,,0.86,,0.68,0.5,Push
PrizePicks,MLB,266831,Chase DeLauter,OF,CLE,Hits,0.5,TRUE,N/A,10/3/2026,5:36:36 AM,pre_game,MLB,goblin,https://static.prizepicks.com/images/manual/Chase DeLauter.png,15363351,0.50,65.02,34.98,-5.99,65.02,Over,https://www.freeiconspng.com/img/1934,,Yes,-1.4,6.9,Guardians @ Orioles,2026-09-08T22:35:00Z,Tue 06:35pm,Oriole Park at Camden Yards,outdoor,,-186.000,-186.000,,0.650,,,,No,,,3.5,65.02,34.98,65.02,0.65,,0,,1,,0.83,0,Great Bet
PrizePicks,MLB,266831,Chase DeLauter,OF,CLE,RBIs,0.5,TRUE,N/A,10/3/2026,5:36:36 AM,pre_game,MLB,demon,https://static.prizepicks.com/images/manual/Chase DeLauter.png,15363352,,,,,,,,,Yes,-1.4,6.9,Guardians @ Orioles,2026-09-08T22:35:00Z,Tue 06:35pm,Oriole Park at Camden Yards,outdoor,,,,,,,,,No,,,3.5,,,,0,,0,,1,,1,0,Push
PrizePicks,MLB,328439,Travis Bazzana,IF,AL,RBIs,0.5,TRUE,N/A,10/3/2026,5:36:36 AM,pre_game,MLB,demon,https://static.prizepicks.com/images/manual/Travis Bazzana.png,15363353,,,,,,,,,Yes,-1.4,6.9,Guardians @ Orioles,2026-09-08T22:35:00Z,Tue 06:35pm,Oriole Park at Camden Yards,outdoor,,,,,,,,,No,,,3.5,,,,0,,0,,0.86,,0.68,0.5,Push
PrizePicks,MLB,331060,Nathaniel Lowe,IF,CLE,RBIs,0.5,TRUE,N/A,10/3/2026,5:36:36 AM,pre_game,MLB,demon,https://static.prizepicks.com/images/manual/Nathaniel Lowe CLE.png,15363354,,,,,,,,,Yes,-1.4,6.9,Guardians @ Orioles,2026-09-08T22:35:00Z,Tue 06:35pm,Oriole Park at Camden Yards,outdoor,,,,,,,,,No,,,3.5,,,,0,,0,,0.79,,0.64,0.5,Push
PrizePicks,MLB,241087,Kyle Teel,C,CWS,RBIs,0.5,TRUE,N/A,10/3/2026,5:36:36 AM,pre_game,MLB,demon,https://static.prizepicks.com/images/players/MLB/Kyle_Teel_MLB_player_Z3yrero53bwu64NFOIoizFmc-450.webp,15363355,,,,,,,,,Yes,-1.4,6.9,Pirates @ White Sox,2026-09-08T23:40:00Z,Tue 07:40pm,Rate Field,outdoor,,,,,,9/8/2026,10-Day-IL,"Jul 22: Teel is expected to miss 6-to-12 weeks due to left high-ankle sprain,  MLB.com reports.",No,,,3.5,,,,0,,0,,0.74,,0.62,0.5,Push
PrizePicks,MLB,67698,Steven Kwan,OF,CLE,RBIs,0.5,TRUE,N/A,10/3/2026,5:36:36 AM,pre_game,MLB,demon,https://static.prizepicks.com/images/players/MLB/Steven_Kwan_MLB_player_ntXGz6Uewr9nyMV3MgkiDLnt-450.webp,15363356,,,,,,,,,Yes,-1.4,6.9,Guardians @ Orioles,2026-09-08T22:35:00Z,Tue 06:35pm,Oriole Park at Camden Yards,outdoor,,,,,,,,,No,,,3.5,,,,0,,0,,0.99,,0.74,0.5,Push
PrizePicks,MLB,310369,Tristan Peters,OF,CWS,RBIs,0.5,TRUE,N/A,10/3/2026,5:36:36 AM,pre_game,MLB,demon,https://static.prizepicks.com/images/manual/Tristan_Peters.png,15363357,,,,,,,,,Yes,-1.4,6.9,Pirates @ White Sox,2026-09-08T23:40:00Z,Tue 07:40pm,Rate Field,outdoor,,,,,,,,,No,,,3.5,,,,0,,0,,0.93,,0.71,0.5,Push
PrizePicks,MLB,201589,Angel Martínez,OF,CLE,RBIs,0.5,TRUE,N/A,10/3/2026,5:36:36 AM,pre_game,MLB,demon,https://static.prizepicks.com/images/players/MLB/Angel_Mart%C3%ADnez_MLB_player_QojrBDK78dNI9zcgIzRMCYxd-450.webp,15363358,,,,,,,,,Yes,-1.4,6.9,Guardians @ Orioles,2026-09-08T22:35:00Z,Tue 06:35pm,Oriole Park at Camden Yards,outdoor,,,,,,,,,No,,,3.5,,,,0,,0,,0.89,,0.7,0.5,Push
PrizePicks,MLB,201589,Angel Martínez,OF,CLE,Hits,0.5,TRUE,N/A,10/3/2026,5:36:36 AM,pre_game,MLB,goblin,https://static.prizepicks.com/images/players/MLB/Angel_Mart%C3%ADnez_MLB_player_QojrBDK78dNI9zcgIzRMCYxd-450.webp,15363359,0.50,59.59,40.41,-6.51,59.59,Over,https://www.freeiconspng.com/img/1934,,Yes,-1.4,6.9,Guardians @ Orioles,2026-09-08T22:35:00Z,Tue 06:35pm,Oriole Park at Camden Yards,outdoor,,-147.000,-147.000,,0.596,,,,No,,,3.5,59.59,40.41,59.59,0.6,,0,,0.89,,0.66,0.5,Good Bet
PrizePicks,MLB,67669,José Ramírez,IF,CLE,Stolen Bases,0.5,TRUE,N/A,10/3/2026,5:36:36 AM,pre_game,MLB,demon,https://static.prizepicks.com/images/players/MLB/Jos%C3%A9_Ram%C3%ADrez_MLB_player_WzQsklw2gpPqHAZQC4Vjg4S3-450.webp,15363360,0.50,23.31,76.69,-7.31,76.69,Under,https://www.freeiconspng.com/img/1934,,Yes,-1.4,6.9,Guardians @ Orioles,2026-09-08T22:35:00Z,Tue 06:35pm,Oriole Park at Camden Yards,outdoor,,-329.000,-329.000,,0.233,,,,No,,,3.5,23.31,76.69,23.31,0.23,,0,,0.82,,0.52,0.5,Push
PrizePicks,MLB,127166,Andrew Benintendi,DH,CWS,RBIs,0.5,TRUE,N/A,10/3/2026,5:36:36 AM,pre_game,MLB,demon,https://static.prizepicks.com/images/players/MLB/Andrew_Benintendi_MLB_player_gS0XOOhPqt5xrsBUNxHk03Qx-450.webp,15363361,,,,,,,,,Yes,-1.4,6.9,Pirates @ White Sox,2026-09-08T23:40:00Z,Tue 07:40pm,Rate Field,outdoor,,,,,,,,,No,,,3.5,,,,0,,0,,0.84,,0.67,0.5,Push
PrizePicks,MLB,205264,Miguel Vargas,IF,CWS,RBIs,0.5,TRUE,N/A,10/3/2026,5:36:36 AM,pre_game,MLB,demon,https://static.prizepicks.com/images/players/MLB/Miguel_Vargas_MLB_player_G8lSuTxbs8GHQpczU4L0qDkR-450.webp,15363362,,,,,,,,,Yes,-1.4,6.9,Pirates @ White Sox,2026-09-08T23:40:00Z,Tue 07:40pm,Rate Field,outdoor,,,,,,,,,No,,,3.5,,,,0,,0,,0.88,,0.69,0.5,Push
PrizePicks,MLB,241087,Kyle Teel,C,CWS,Hits,0.5,TRUE,N/A,10/3/2026,5:36:36 AM,pre_game,MLB,standard,https://static.prizepicks.com/images/players/MLB/Kyle_Teel_MLB_player_Z3yrero53bwu64NFOIoizFmc-450.webp,15363363,0.50,51.63,48.37,-5.82,51.63,Over,https://www.freeiconspng.com/img/1934,,Yes,-1.4,6.9,Pirates @ White Sox,2026-09-08T23:40:00Z,Tue 07:40pm,Rate Field,outdoor,,-107.000,-107.000,9/8/2026,0.516,9/8/2026,10-Day-IL,"Jul 22: Teel is expected to miss 6-to-12 weeks due to left high-ankle sprain,  MLB.com reports.",No,,,3.5,51.63,48.37,51.63,0.52,,0,,0.74,,0.56,0.5,Good Bet
PrizePicks,MLB,314184,Sam Antonacci,OF,CWS,RBIs,0.5,TRUE,N/A,10/3/2026,5:36:36 AM,pre_game,MLB,demon,https://static.prizepicks.com/images/manual/Sam_Antonacci.png,15363364,,,,,,,,,Yes,-1.4,6.9,Pirates @ White Sox,2026-09-08T23:40:00Z,Tue 07:40pm,Rate Field,outdoor,,,,,,,,,No,,,3.5,,,,0,,0,,0.97,,0.73,0.5,Push
PrizePicks,MLB,193122,Brayan Rocchio,IF,CLE,Hits,0.5,TRUE,N/A,10/3/2026,5:36:36 AM,pre_game,MLB,goblin,https://static.prizepicks.com/images/players/MLB/Brayan_Rocchio_MLB_player_PGq0ULkYVRkU5iXYMyn5I3Lc-450.webp,15363365,0.50,56.59,43.41,-5.67,56.59,Over,https://www.freeiconspng.com/img/1934,,Yes,-1.4,6.9,Guardians @ Orioles,2026-09-08T22:35:00Z,Tue 06:35pm,Oriole Park at Camden Yards,outdoor,,-130.000,-130.000,9/8/2026,0.566,,,,No,,,3.5,56.59,43.41,56.59,0.57,,0,,0.88,,0.65,0.5,Good Bet
PrizePicks,MLB,328439,Travis Bazzana,IF,AL,Hits,0.5,TRUE,N/A,10/3/2026,5:36:36 AM,pre_game,MLB,goblin,https://static.prizepicks.com/images/manual/Travis Bazzana.png,15363366,0.50,59.14,40.86,-5.77,59.14,Over,https://www.freeiconspng.com/img/1934,,Yes,-1.4,6.9,Guardians @ Orioles,2026-09-08T22:35:00Z,Tue 06:35pm,Oriole Park at Camden Yards,outdoor,,-145.000,-145.000,9/8/2026,0.591,,,,No,,,3.5,59.14,40.86,59.14,0.59,,0,,0.86,,0.65,0.5,Good Bet
PrizePicks,MLB,328439,Travis Bazzana,IF,AL,Stolen Bases,0.5,TRUE,N/A,10/3/2026,5:36:36 AM,pre_game,MLB,demon,https://static.prizepicks.com/images/manual/Travis Bazzana.png,15363368,0.50,10.86,89.14,-7.75,89.14,Under,https://www.freeiconspng.com/img/1934,,Yes,-1.4,6.9,Guardians @ Orioles,2026-09-08T22:35:00Z,Tue 06:35pm,Oriole Park at Camden Yards,outdoor,,-821.000,-821.000,9/8/2026,0.109,,,,No,,,3.5,10.86,89.14,10.86,0.11,,0,,0.86,,0.49,0.5,Push
PrizePicks,MLB,244978,Colson Montgomery,IF,CWS,Home Runs,0.5,TRUE,N/A,10/3/2026,5:36:36 AM,pre_game,MLB,demon,https://static.prizepicks.com/images/players/MLB/Colson_Montgomery_MLB_player_j4GCQ0xCS1DuWlq2jQyc285-450.webp,15363369,,,,,1.23,Over,https://www.freeiconspng.com/img/1934,,Yes,-1.4,6.9,Pirates @ White Sox,2026-09-08T23:40:00Z,Tue 07:40pm,Rate Field,outdoor,,8030.000,,9/8/2026,0.037,,,,No,,,3.5,35.06349316,64.93650684,35.06349316,0.04,,0,,0.69,,0.41,0.5,Good Bet
PrizePicks,MLB,323131,Braden Montgomery,OF,CWS,RBIs,0.5,TRUE,N/A,10/3/2026,5:36:36 AM,pre_game,MLB,demon,https://static.prizepicks.com/images/manual/Braden Montgomery.png,15363370,,,,,,,,,Yes,-1.4,6.9,Pirates @ White Sox,2026-09-08T23:40:00Z,Tue 07:40pm,Rate Field,outdoor,,,,,,8/4/2026,Day-To-Day,Aug 2: The White Sox scratched Montgomery from the lineup for Sunday's game against the Rays.,No,,,3.5,,,,0,,0,,0.79,,0.65,0.5,Push
PrizePicks,MLB,127166,Andrew Benintendi,DH,CWS,Home Runs,0.5,TRUE,N/A,10/3/2026,5:36:36 AM,pre_game,MLB,demon,https://static.prizepicks.com/images/players/MLB/Andrew_Benintendi_MLB_player_gS0XOOhPqt5xrsBUNxHk03Qx-450.webp,15363371,0.50,11.52,88.48,-7.09,88.48,Under,https://www.freeiconspng.com/img/1934,,Yes,-1.4,6.9,Pirates @ White Sox,2026-09-08T23:40:00Z,Tue 07:40pm,Rate Field,outdoor,,-768.000,-768.000,9/8/2026,0.115,,,,No,,,3.5,11.52,88.48,11.52,0.12,,0,,0.84,,0.48,0.5,Push
PrizePicks,MLB,67669,José Ramírez,IF,CLE,Hits,0.5,TRUE,N/A,10/3/2026,5:36:36 AM,pre_game,MLB,goblin,https://static.prizepicks.com/images/players/MLB/Jos%C3%A9_Ram%C3%ADrez_MLB_player_WzQsklw2gpPqHAZQC4Vjg4S3-450.webp,15363372,0.50,64.98,35.02,-6.03,64.98,Over,https://www.freeiconspng.com/img/1934,,Yes,-1.4,6.9,Guardians @ Orioles,2026-09-08T22:35:00Z,Tue 06:35pm,Oriole Park at Camden Yards,outdoor,,-186.000,-186.000,,0.650,,,,No,,,3.5,64.98,35.02,64.98,0.65,,0,,0.82,,0.66,0.5,Good Bet
PrizePicks,MLB,235491,Chase Meidroth,IF,CWS,Hits+Runs+RBIs,0.5,TRUE,N/A,10/3/2026,5:36:36 AM,pre_game,MLB,goblin,https://static.prizepicks.com/images/players/MLB/Chase_Meidroth_MLB_player_3aJAUSt5N14MCI2tnJjUQKgl-450.webp,15363373,1.50,41.83,58.17,-3.66,58.17,Under,https://www.freeiconspng.com/img/1934,,Yes,-1.4,6.9,Pirates @ White Sox,2026-09-08T23:40:00Z,Tue 07:40pm,Rate Field,outdoor,,-139.000,-139.000,9/8/2026,1.255,,,,No,,,3.5,67.03692385,32.96307615,67.03692385,1.25,,0,,0.96,,1.11,0,Push
PrizePicks,MLB,314184,Sam Antonacci,OF,CWS,Hits,0.5,TRUE,N/A,10/3/2026,5:36:36 AM,pre_game,MLB,goblin,https://static.prizepicks.com/images/manual/Sam_Antonacci.png,15363374,0.50,59.08,40.92,-4.56,59.08,Over,https://www.freeiconspng.com/img/1934,,Yes,-1.4,6.9,Pirates @ White Sox,2026-09-08T23:40:00Z,Tue 07:40pm,Rate Field,outdoor,,-144.000,-144.000,9/8/2026,0.591,,,,No,,,3.5,59.08,40.92,59.08,0.59,,0,,0.97,,0.69,0.5,Good Bet
PrizePicks,MLB,331054,Jo Adell,OF,CLE,Hits,0.5,TRUE,N/A,10/3/2026,5:36:36 AM,pre_game,MLB,goblin,https://static.prizepicks.com/images/manual/Jo Adell CLE.png,15363375,0.50,60.62,39.38,-6.05,60.62,Over,https://www.freeiconspng.com/img/1934,,Yes,-1.4,6.9,Guardians @ Orioles,2026-09-08T22:35:00Z,Tue 06:35pm,Oriole Park at Camden Yards,outdoor,,-154.000,-154.000,9/8/2026,0.606,,,,No,,,3.5,60.62,39.38,60.62,0.61,,0,,0.86,,0.65,0.5,Good Bet
PrizePicks,MLB,314184,Sam Antonacci,OF,CWS,Stolen Bases,0.5,TRUE,N/A,10/3/2026,5:36:36 AM,pre_game,MLB,demon,https://static.prizepicks.com/images/manual/Sam_Antonacci.png,15363376,0.50,13.86,86.14,,10,Over,https://www.freeiconspng.com/img/1934,,Yes,-1.4,6.9,Pirates @ White Sox,2026-09-08T23:40:00Z,Tue 07:40pm,Rate Field,outdoor,,900.000,900.000,9/8/2026,0.139,,,,No,,,3.5,13.86,86.14,13.86,0.14,,0,,0.97,,0.54,0.5,Push
PrizePicks,MLB,323131,Braden Montgomery,OF,CWS,Home Runs,0.5,TRUE,N/A,10/3/2026,5:36:36 AM,pre_game,MLB,demon,https://static.prizepicks.com/images/manual/Braden Montgomery.png,15363377,0.50,7.42,92.58,,7.14,Over,https://www.freeiconspng.com/img/1934,,Yes,-1.4,6.9,Pirates @ White Sox,2026-09-08T23:40:00Z,Tue 07:40pm,Rate Field,outdoor,,1301.000,1301.000,9/8/2026,0.074,8/4/2026,Day-To-Day,Aug 2: The White Sox scratched Montgomery from the lineup for Sunday's game against the Rays.,No,,,3.5,7.42,92.58,7.42,0.07,,0,,0.79,,0.46,0.5,Push
PrizePicks,MLB,201589,Angel Martínez,OF,CLE,Stolen Bases,0.5,TRUE,N/A,10/3/2026,5:36:36 AM,pre_game,MLB,demon,https://static.prizepicks.com/images/players/MLB/Angel_Mart%C3%ADnez_MLB_player_QojrBDK78dNI9zcgIzRMCYxd-450.webp,15363378,0.50,10.68,89.32,-8.99,89.32,Under,https://www.freeiconspng.com/img/1934,,Yes,-1.4,6.9,Guardians @ Orioles,2026-09-08T22:35:00Z,Tue 06:35pm,Oriole Park at Camden Yards,outdoor,,-836.000,-836.000,,0.107,,,,No,,,3.5,10.68,89.32,10.68,0.11,,0,,0.89,,0.5,0.5,Push
PrizePicks,MLB,266831,Chase DeLauter,OF,CLE,Stolen Bases,0.5,TRUE,N/A,10/3/2026,5:36:36 AM,pre_game,MLB,demon,https://static.prizepicks.com/images/manual/Chase DeLauter.png,15363381,0.50,9.68,90.32,-8.94,90.32,Under,https://www.freeiconspng.com/img/1934,,Yes,-1.4,6.9,Guardians @ Orioles,2026-09-08T22:35:00Z,Tue 06:35pm,Oriole Park at Camden Yards,outdoor,,-933.000,-933.000,,0.097,,,,No,,,3.5,9.68,90.32,9.68,0.1,,0,,1,,0.55,0,Good Bet
PrizePicks,MLB,241087,Kyle Teel,C,CWS,Home Runs,0.5,TRUE,N/A,10/3/2026,5:36:36 AM,pre_game,MLB,demon,https://static.prizepicks.com/images/players/MLB/Kyle_Teel_MLB_player_Z3yrero53bwu64NFOIoizFmc-450.webp,15363382,0.50,11.51,88.49,,10.53,Over,https://www.freeiconspng.com/img/1934,,Yes,-1.4,6.9,Pirates @ White Sox,2026-09-08T23:40:00Z,Tue 07:40pm,Rate Field,outdoor,,850.000,850.000,9/8/2026,0.115,9/8/2026,10-Day-IL,"Jul 22: Teel is expected to miss 6-to-12 weeks due to left high-ankle sprain,  MLB.com reports.",No,,,3.5,11.51,88.49,11.51,0.12,,0,,0.74,,0.45,0.5,Push
PrizePicks,MLB,310369,Tristan Peters,OF,CWS,Hits,0.5,TRUE,N/A,10/3/2026,5:36:36 AM,pre_game,MLB,goblin,https://static.prizepicks.com/images/manual/Tristan_Peters.png,15363383,0.50,55.66,44.34,-6.6,55.66,Over,https://www.freeiconspng.com/img/1934,,Yes,-1.4,6.9,Pirates @ White Sox,2026-09-08T23:40:00Z,Tue 07:40pm,Rate Field,outdoor,,-126.000,-126.000,9/8/2026,0.557,,,,No,,,3.5,55.66,44.34,55.66,0.56,,0,,0.93,,0.66,0.5,Good Bet
PrizePicks,MLB,127166,Andrew Benintendi,DH,CWS,Hits+Runs+RBIs,0.5,TRUE,N/A,10/3/2026,5:36:36 AM,pre_game,MLB,goblin,https://static.prizepicks.com/images/players/MLB/Andrew_Benintendi_MLB_player_gS0XOOhPqt5xrsBUNxHk03Qx-450.webp,15363384,,,,,,,,,Yes,-1.4,6.9,Pirates @ White Sox,2026-09-08T23:40:00Z,Tue 07:40pm,Rate Field,outdoor,,,,,,,,,No,,,3.5,,,,0,,0,,0.84,,0.84,0,Push
PrizePicks,MLB,317289,Patrick Bailey,C,CLE,Home Runs,0.5,TRUE,N/A,10/3/2026,5:36:36 AM,pre_game,MLB,demon,https://static.prizepicks.com/images/manual/Patrick_Bailey.png,15363385,0.50,10.22,89.78,,10.53,Over,https://www.freeiconspng.com/img/1934,,Yes,-1.4,6.9,Guardians @ Orioles,2026-09-08T22:35:00Z,Tue 06:35pm,Oriole Park at Camden Yards,outdoor,,850.000,850.000,9/8/2026,0.102,,,,No,,,3.5,10.22,89.78,10.22,0.1,,0,,0.8,,0.47,0.5,Push
PrizePicks,MLB,309111,Munetaka Murakami,IF,CWS,Walks,0.5,TRUE,N/A,10/3/2026,5:36:36 AM,pre_game,MLB,demon,https://static.prizepicks.com/images/manual/Munetaka_Murakami.png,15363386,0.50,41.31,58.69,-6.22,58.69,Under,https://www.freeiconspng.com/img/1934,,Yes,-1.4,6.9,Pirates @ White Sox,2026-09-08T23:40:00Z,Tue 07:40pm,Rate Field,outdoor,,-142.000,-142.000,9/8/2026,0.413,,,,No,,,3.5,41.31,58.69,41.31,0.41,,0,,0.72,,0.55,0.5,Push
PrizePicks,MLB,235491,Chase Meidroth,IF,CWS,RBIs,0.5,TRUE,N/A,10/3/2026,5:36:36 AM,pre_game,MLB,demon,https://static.prizepicks.com/images/players/MLB/Chase_Meidroth_MLB_player_3aJAUSt5N14MCI2tnJjUQKgl-450.webp,15363387,,,,,,,,,Yes,-1.4,6.9,Pirates @ White Sox,2026-09-08T23:40:00Z,Tue 07:40pm,Rate Field,outdoor,,,,,,,,,No,,,3.5,,,,0,,0,,0.96,,0.73,0.5,Push
PrizePicks,MLB,193122,Brayan Rocchio,IF,CLE,Stolen Bases,0.5,TRUE,N/A,10/3/2026,5:36:36 AM,pre_game,MLB,demon,https://static.prizepicks.com/images/players/MLB/Brayan_Rocchio_MLB_player_PGq0ULkYVRkU5iXYMyn5I3Lc-450.webp,15363388,0.50,11.24,88.76,-8.6,88.76,Under,https://www.freeiconspng.com/img/1934,,Yes,-1.4,6.9,Guardians @ Orioles,2026-09-08T22:35:00Z,Tue 06:35pm,Oriole Park at Camden Yards,outdoor,,-790.000,-790.000,9/8/2026,0.112,,,,No,,,3.5,11.24,88.76,11.24,0.11,,0,,0.88,,0.5,0.5,Push
PrizePicks,MLB,193122,Brayan Rocchio,IF,CLE,Walks,0.5,TRUE,N/A,10/3/2026,5:36:36 AM,pre_game,MLB,demon,https://static.prizepicks.com/images/players/MLB/Brayan_Rocchio_MLB_player_PGq0ULkYVRkU5iXYMyn5I3Lc-450.webp,15363389,0.50,27.57,72.43,-6.95,72.43,Under,https://www.freeiconspng.com/img/1934,,Yes,-1.4,6.9,Guardians @ Orioles,2026-09-08T22:35:00Z,Tue 06:35pm,Oriole Park at Camden Yards,outdoor,,-263.000,-263.000,9/8/2026,0.276,,,,No,,,3.5,27.57,72.43,27.57,0.28,,0,,0.88,,0.55,0.5,Push
PrizePicks,MLB,241087,Kyle Teel,C,CWS,Runs,0.5,TRUE,N/A,10/3/2026,5:36:36 AM,pre_game,MLB,demon,https://static.prizepicks.com/images/players/MLB/Kyle_Teel_MLB_player_Z3yrero53bwu64NFOIoizFmc-450.webp,15363390,0.50,26.2,73.8,0.26,73.8,Under,https://www.freeiconspng.com/img/1934,,Yes,-1.4,6.9,Pirates @ White Sox,2026-09-08T23:40:00Z,Tue 07:40pm,Rate Field,outdoor,,-282.000,-282.000,9/8/2026,0.262,9/8/2026,10-Day-IL,"Jul 22: Teel is expected to miss 6-to-12 weeks due to left high-ankle sprain,  MLB.com reports.",No,,,3.5,26.2,73.8,26.2,0.26,,0,,0.74,,0.5,0.5,Push
PrizePicks,MLB,331054,Jo Adell,OF,CLE,Walks,0.5,TRUE,N/A,10/3/2026,5:36:36 AM,pre_game,MLB,demon,https://static.prizepicks.com/images/manual/Jo Adell CLE.png,15363392,0.50,33.42,66.58,-7.1,66.58,Under,https://www.freeiconspng.com/img/1934,,Yes,-1.4,6.9,Guardians @ Orioles,2026-09-08T22:35:00Z,Tue 06:35pm,Oriole Park at Camden Yards,outdoor,,-199.000,-199.000,9/8/2026,0.334,,,,No,,,3.5,33.42,66.58,33.42,0.33,,0,,0.86,,0.56,0.5,Push
PrizePicks,MLB,317289,Patrick Bailey,C,CLE,Hits+Runs+RBIs,0.5,TRUE,N/A,10/3/2026,5:36:36 AM,pre_game,MLB,goblin,https://static.prizepicks.com/images/manual/Patrick_Bailey.png,15363393,0.50,59.08,40.92,-5.83,59.08,Over,https://www.freeiconspng.com/img/1934,,Yes,-1.4,6.9,Guardians @ Orioles,2026-09-08T22:35:00Z,Tue 06:35pm,Oriole Park at Camden Yards,outdoor,,-144.000,-144.000,9/8/2026,0.591,,,,No,,,3.5,59.08,40.92,59.08,0.59,,0,,0.8,,0.69,0,Great Bet
PrizePicks,MLB,67698,Steven Kwan,OF,CLE,Runs,0.5,TRUE,N/A,10/3/2026,5:36:36 AM,pre_game,MLB,demon,https://static.prizepicks.com/images/players/MLB/Steven_Kwan_MLB_player_ntXGz6Uewr9nyMV3MgkiDLnt-450.webp,15363395,0.50,40.39,59.61,0.1,59.61,Under,https://www.freeiconspng.com/img/1934,,Yes,-1.4,6.9,Guardians @ Orioles,2026-09-08T22:35:00Z,Tue 06:35pm,Oriole Park at Camden Yards,outdoor,,-148.000,-148.000,9/8/2026,0.404,,,,No,,,3.5,40.39,59.61,40.39,0.4,,0,,0.99,,0.63,0.5,Push
PrizePicks,MLB,241087,Kyle Teel,C,CWS,Walks,0.5,TRUE,N/A,10/3/2026,5:36:36 AM,pre_game,MLB,demon,https://static.prizepicks.com/images/players/MLB/Kyle_Teel_MLB_player_Z3yrero53bwu64NFOIoizFmc-450.webp,15363397,0.50,34.02,65.98,-6.62,65.98,Under,https://www.freeiconspng.com/img/1934,,Yes,-1.4,6.9,Pirates @ White Sox,2026-09-08T23:40:00Z,Tue 07:40pm,Rate Field,outdoor,,-194.000,-194.000,9/8/2026,0.340,9/8/2026,10-Day-IL,"Jul 22: Teel is expected to miss 6-to-12 weeks due to left high-ankle sprain,  MLB.com reports.",No,,,3.5,34.02,65.98,34.02,0.34,,0,,0.74,,0.53,0.5,Push
PrizePicks,MLB,67698,Steven Kwan,OF,CLE,Walks,0.5,TRUE,N/A,10/3/2026,5:36:36 AM,pre_game,MLB,demon,https://static.prizepicks.com/images/players/MLB/Steven_Kwan_MLB_player_ntXGz6Uewr9nyMV3MgkiDLnt-450.webp,15363398,0.50,42.24,57.76,-6.53,57.76,Under,https://www.freeiconspng.com/img/1934,,Yes,-1.4,6.9,Guardians @ Orioles,2026-09-08T22:35:00Z,Tue 06:35pm,Oriole Park at Camden Yards,outdoor,,-137.000,-137.000,9/8/2026,0.422,,,,No,,,3.5,42.24,57.76,42.24,0.42,,0,,0.99,,0.64,0.5,Push
PrizePicks,MLB,201589,Angel Martínez,OF,CLE,Walks,0.5,TRUE,N/A,10/3/2026,5:36:36 AM,pre_game,MLB,demon,https://static.prizepicks.com/images/players/MLB/Angel_Mart%C3%ADnez_MLB_player_QojrBDK78dNI9zcgIzRMCYxd-450.webp,15363399,0.50,22.01,77.99,-7.52,77.99,Under,https://www.freeiconspng.com/img/1934,,Yes,-1.4,6.9,Guardians @ Orioles,2026-09-08T22:35:00Z,Tue 06:35pm,Oriole Park at Camden Yards,outdoor,,-354.000,-354.000,,0.220,,,,No,,,3.5,22.01,77.99,22.01,0.22,,0,,0.89,,0.54,0.5,Push
PrizePicks,MLB,67669,José Ramírez,IF,CLE,Runs,0.5,TRUE,N/A,10/3/2026,5:36:36 AM,pre_game,MLB,demon,https://static.prizepicks.com/images/players/MLB/Jos%C3%A9_Ram%C3%ADrez_MLB_player_WzQsklw2gpPqHAZQC4Vjg4S3-450.webp,15363400,0.50,42.09,57.91,0.1,57.91,Under,https://www.freeiconspng.com/img/1934,,Yes,-1.4,6.9,Guardians @ Orioles,2026-09-08T22:35:00Z,Tue 06:35pm,Oriole Park at Camden Yards,outdoor,,-138.000,-138.000,,0.421,,,,No,,,3.5,42.09,57.91,42.09,0.42,,0,,0.82,,0.58,0.5,Push
PrizePicks,MLB,205264,Miguel Vargas,IF,CWS,Runs,0.5,TRUE,N/A,10/3/2026,5:36:36 AM,pre_game,MLB,demon,https://static.prizepicks.com/images/players/MLB/Miguel_Vargas_MLB_player_G8lSuTxbs8GHQpczU4L0qDkR-450.webp,15363401,0.50,39.28,60.72,0.09,60.72,Under,https://www.freeiconspng.com/img/1934,,Yes,-1.4,6.9,Pirates @ White Sox,2026-09-08T23:40:00Z,Tue 07:40pm,Rate Field,outdoor,,-155.000,-155.000,9/8/2026,0.393,,,,No,,,3.5,39.28,60.72,39.28,0.39,,0,,0.88,,0.59,0.5,Push
PrizePicks,MLB,317289,Patrick Bailey,C,CLE,Total Bases,0.5,TRUE,N/A,10/3/2026,5:36:36 AM,pre_game,MLB,standard,https://static.prizepicks.com/images/manual/Patrick_Bailey.png,15363402,,,,,,,,,Yes,-1.4,6.9,Guardians @ Orioles,2026-09-08T22:35:00Z,Tue 06:35pm,Oriole Park at Camden Yards,outdoor,,,,,,,,,No,,,3.5,,,,0,,0,,0.8,,0.6,0.5,Push
PrizePicks,MLB,331054,Jo Adell,OF,CLE,Runs,0.5,TRUE,N/A,10/3/2026,5:36:36 AM,pre_game,MLB,demon,https://static.prizepicks.com/images/manual/Jo Adell CLE.png,15363403,0.50,37.45,62.55,0,62.55,Under,https://www.freeiconspng.com/img/1934,,Yes,-1.4,6.9,Guardians @ Orioles,2026-09-08T22:35:00Z,Tue 06:35pm,Oriole Park at Camden Yards,outdoor,,-167.000,-167.000,9/8/2026,0.375,,,,No,,,3.5,37.45,62.55,37.45,0.37,,0,,0.86,,0.58,0.5,Push
PrizePicks,MLB,67669,José Ramírez,IF,CLE,Home Runs,0.5,TRUE,N/A,10/3/2026,5:36:36 AM,pre_game,MLB,demon,https://static.prizepicks.com/images/players/MLB/Jos%C3%A9_Ram%C3%ADrez_MLB_player_WzQsklw2gpPqHAZQC4Vjg4S3-450.webp,15363404,,,,,1.23,Over,https://www.freeiconspng.com/img/1934,,Yes,-1.4,6.9,Guardians @ Orioles,2026-09-08T22:35:00Z,Tue 06:35pm,Oriole Park at Camden Yards,outdoor,,8030.000,,,0.037,,,,No,,,3.5,37.15905072,62.84094928,37.15905072,0.04,,0,,0.82,,0.45,0.5,Good Bet
PrizePicks,MLB,328439,Travis Bazzana,IF,AL,Runs,0.5,TRUE,N/A,10/3/2026,5:36:36 AM,pre_game,MLB,demon,https://static.prizepicks.com/images/manual/Travis Bazzana.png,15363405,0.50,35.76,64.24,0.08,64.24,Under,https://www.freeiconspng.com/img/1934,,Yes,-1.4,6.9,Guardians @ Orioles,2026-09-08T22:35:00Z,Tue 06:35pm,Oriole Park at Camden Yards,outdoor,,-180.000,-180.000,9/8/2026,0.358,,,,No,,,3.5,35.76,64.24,35.76,0.36,,0,,0.86,,0.57,0.5,Push
PrizePicks,MLB,331060,Nathaniel Lowe,IF,CLE,Home Runs,0.5,TRUE,N/A,10/3/2026,5:36:36 AM,pre_game,MLB,demon,https://static.prizepicks.com/images/manual/Nathaniel Lowe CLE.png,15363406,0.50,10.83,89.17,,10.53,Over,https://www.freeiconspng.com/img/1934,,Yes,-1.4,6.9,Guardians @ Orioles,2026-09-08T22:35:00Z,Tue 06:35pm,Oriole Park at Camden Yards,outdoor,,850.000,850.000,9/8/2026,0.108,,,,No,,,3.5,10.83,89.17,10.83,0.11,,0,,0.79,,0.47,0.5,Push
PrizePicks,MLB,235491,Chase Meidroth,IF,CWS,Home Runs,0.5,TRUE,N/A,10/3/2026,5:36:36 AM,pre_game,MLB,demon,https://static.prizepicks.com/images/players/MLB/Chase_Meidroth_MLB_player_3aJAUSt5N14MCI2tnJjUQKgl-450.webp,15363408,0.50,8.42,91.58,,7.14,Over,https://www.freeiconspng.com/img/1934,,Yes,-1.4,6.9,Pirates @ White Sox,2026-09-08T23:40:00Z,Tue 07:40pm,Rate Field,outdoor,,1301.000,1301.000,9/8/2026,0.084,,,,No,,,3.5,8.42,91.58,8.42,0.08,,0,,0.96,,0.52,0.5,Push
PrizePicks,MLB,193122,Brayan Rocchio,IF,CLE,Runs,0.5,TRUE,N/A,10/3/2026,5:36:36 AM,pre_game,MLB,demon,https://static.prizepicks.com/images/players/MLB/Brayan_Rocchio_MLB_player_PGq0ULkYVRkU5iXYMyn5I3Lc-450.webp,15363410,0.50,31.21,68.79,0.34,68.79,Under,https://www.freeiconspng.com/img/1934,,Yes,-1.4,6.9,Guardians @ Orioles,2026-09-08T22:35:00Z,Tue 06:35pm,Oriole Park at Camden Yards,outdoor,,-220.000,-220.000,9/8/2026,0.312,,,,No,,,3.5,31.21,68.79,31.21,0.31,,0,,0.88,,0.57,0.5,Push
PrizePicks,MLB,244978,Colson Montgomery,IF,CWS,Hits+Runs+RBIs,0.5,TRUE,N/A,10/3/2026,5:36:36 AM,pre_game,MLB,standard,https://static.prizepicks.com/images/players/MLB/Colson_Montgomery_MLB_player_j4GCQ0xCS1DuWlq2jQyc285-450.webp,15363411,0.50,51.34,48.66,-5.18,51.34,Over,https://www.freeiconspng.com/img/1934,,Yes,-1.4,6.9,Pirates @ White Sox,2026-09-08T23:40:00Z,Tue 07:40pm,Rate Field,outdoor,,-106.000,-106.000,9/8/2026,0.513,,,,No,,,3.5,51.34,48.66,51.34,0.51,,0,,0.69,,0.57,0,Great Bet
PrizePicks,MLB,205264,Miguel Vargas,IF,CWS,Stolen Bases,0.5,TRUE,N/A,10/3/2026,5:36:36 AM,pre_game,MLB,demon,https://static.prizepicks.com/images/players/MLB/Miguel_Vargas_MLB_player_G8lSuTxbs8GHQpczU4L0qDkR-450.webp,15363412,0.50,12.62,87.38,-9.51,87.38,Under,https://www.freeiconspng.com/img/1934,,Yes,-1.4,6.9,Pirates @ White Sox,2026-09-08T23:40:00Z,Tue 07:40pm,Rate Field,outdoor,,-692.000,-692.000,9/8/2026,0.126,,,,No,,,3.5,12.62,87.38,12.62,0.13,,0,,0.88,,0.5,0.5,Push
PrizePicks,MLB,193122,Brayan Rocchio,IF,CLE,RBIs,0.5,TRUE,N/A,10/3/2026,5:36:36 AM,pre_game,MLB,demon,https://static.prizepicks.com/images/players/MLB/Brayan_Rocchio_MLB_player_PGq0ULkYVRkU5iXYMyn5I3Lc-450.webp,15363414,,,,,,,,,Yes,-1.4,6.9,Guardians @ Orioles,2026-09-08T22:35:00Z,Tue 06:35pm,Oriole Park at Camden Yards,outdoor,,,,,,,,,No,,,3.5,,,,0,,0,,0.88,,0.69,0.5,Push
PrizePicks,MLB,309111,Munetaka Murakami,IF,CWS,Runs,0.5,TRUE,N/A,10/3/2026,5:36:36 AM,pre_game,MLB,demon,https://static.prizepicks.com/images/manual/Munetaka_Murakami.png,15363415,0.50,33.94,66.06,0.31,66.06,Under,https://www.freeiconspng.com/img/1934,,Yes,-1.4,6.9,Pirates @ White Sox,2026-09-08T23:40:00Z,Tue 07:40pm,Rate Field,outdoor,,-195.000,-195.000,9/8/2026,0.339,,,,No,,,3.5,33.94,66.06,33.94,0.34,,0,,0.72,,0.52,0.5,Push
PrizePicks,MLB,205264,Miguel Vargas,IF,CWS,Hits,0.5,TRUE,N/A,10/3/2026,5:36:36 AM,pre_game,MLB,goblin,https://static.prizepicks.com/images/players/MLB/Miguel_Vargas_MLB_player_G8lSuTxbs8GHQpczU4L0qDkR-450.webp,15363416,0.50,58.31,41.69,-6.6,58.31,Over,https://www.freeiconspng.com/img/1934,,Yes,-1.4,6.9,Pirates @ White Sox,2026-09-08T23:40:00Z,Tue 07:40pm,Rate Field,outdoor,,-140.000,-140.000,9/8/2026,0.583,,,,No,,,3.5,58.31,41.69,58.31,0.58,,0,,0.88,,0.65,0.5,Good Bet
PrizePicks,MLB,67698,Steven Kwan,OF,CLE,Stolen Bases,0.5,TRUE,N/A,10/3/2026,5:36:36 AM,pre_game,MLB,demon,https://static.prizepicks.com/images/players/MLB/Steven_Kwan_MLB_player_ntXGz6Uewr9nyMV3MgkiDLnt-450.webp,15363419,0.50,9.17,90.83,-6.67,90.83,Under,https://www.freeiconspng.com/img/1934,,Yes,-1.4,6.9,Guardians @ Orioles,2026-09-08T22:35:00Z,Tue 06:35pm,Oriole Park at Camden Yards,outdoor,,-991.000,-991.000,9/8/2026,0.092,,,,No,,,3.5,9.17,90.83,9.17,0.09,,0,,0.99,,0.53,0.5,Push
PrizePicks,MLB,323131,Braden Montgomery,OF,CWS,Hits+Runs+RBIs,0.5,TRUE,N/A,10/3/2026,5:36:36 AM,pre_game,MLB,goblin,https://static.prizepicks.com/images/manual/Braden Montgomery.png,15363420,,,,,,,,,Yes,-1.4,6.9,Pirates @ White Sox,2026-09-08T23:40:00Z,Tue 07:40pm,Rate Field,outdoor,,,,,,8/4/2026,Day-To-Day,Aug 2: The White Sox scratched Montgomery from the lineup for Sunday's game against the Rays.,No,,,3.5,,,,0,,0,,0.79,,0.79,0,Push
PrizePicks,MLB,317289,Patrick Bailey,C,CLE,RBIs,0.5,TRUE,N/A,10/3/2026,5:36:36 AM,pre_game,MLB,demon,https://static.prizepicks.com/images/manual/Patrick_Bailey.png,15363422,,,,,,,,,Yes,-1.4,6.9,Guardians @ Orioles,2026-09-08T22:35:00Z,Tue 06:35pm,Oriole Park at Camden Yards,outdoor,,,,,,,,,No,,,3.5,,,,0,,0,,0.8,,0.65,0.5,Push
PrizePicks,MLB,205264,Miguel Vargas,IF,CWS,Total Bases,0.5,TRUE,N/A,10/3/2026,5:36:36 AM,pre_game,MLB,goblin,https://static.prizepicks.com/images/players/MLB/Miguel_Vargas_MLB_player_G8lSuTxbs8GHQpczU4L0qDkR-450.webp,15363423,,,,,,,,,Yes,-1.4,6.9,Pirates @ White Sox,2026-09-08T23:40:00Z,Tue 07:40pm,Rate Field,outdoor,,,,,,,,,No,,,3.5,,,,0,,0,,0.88,,1.19,1.5,Push
PrizePicks,MLB,331054,Jo Adell,OF,CLE,Home Runs,0.5,TRUE,N/A,10/3/2026,5:36:36 AM,pre_game,MLB,demon,https://static.prizepicks.com/images/manual/Jo Adell CLE.png,15363424,,,,,1.41,Over,https://www.freeiconspng.com/img/1934,,Yes,-1.4,6.9,Guardians @ Orioles,2026-09-08T22:35:00Z,Tue 06:35pm,Oriole Park at Camden Yards,outdoor,,6992.000,,9/8/2026,0.042,,,,No,,,3.5,37.77814547,62.22185453,37.77814547,0.04,,0,,0.86,,0.47,0.5,Good Bet
PrizePicks,MLB,241087,Kyle Teel,C,CWS,Hits+Runs+RBIs,0.5,TRUE,N/A,10/3/2026,5:36:36 AM,pre_game,MLB,goblin,https://static.prizepicks.com/images/players/MLB/Kyle_Teel_MLB_player_Z3yrero53bwu64NFOIoizFmc-450.webp,15363425,0.50,56.27,43.73,-3.41,56.27,Over,https://www.freeiconspng.com/img/1934,,Yes,-1.4,6.9,Pirates @ White Sox,2026-09-08T23:40:00Z,Tue 07:40pm,Rate Field,outdoor,,-129.000,-129.000,9/8/2026,0.563,9/8/2026,10-Day-IL,"Jul 22: Teel is expected to miss 6-to-12 weeks due to left high-ankle sprain,  MLB.com reports.",No,,,3.5,56.27,43.73,56.27,0.56,,0,,0.74,,0.65,0,Great Bet
PrizePicks,MLB,314184,Sam Antonacci,OF,CWS,Runs,0.5,TRUE,N/A,10/3/2026,5:36:36 AM,pre_game,MLB,demon,https://static.prizepicks.com/images/manual/Sam_Antonacci.png,15363427,0.50,26.25,73.75,0.21,73.75,Under,https://www.freeiconspng.com/img/1934,,Yes,-1.4,6.9,Pirates @ White Sox,2026-09-08T23:40:00Z,Tue 07:40pm,Rate Field,outdoor,,-281.000,-281.000,9/8/2026,0.263,,,,No,,,3.5,26.25,73.75,26.25,0.26,,0,,0.97,,0.58,0.5,Push
PrizePicks,MLB,67669,José Ramírez,IF,CLE,Walks,0.5,TRUE,N/A,10/3/2026,5:36:36 AM,pre_game,MLB,demon,https://static.prizepicks.com/images/players/MLB/Jos%C3%A9_Ram%C3%ADrez_MLB_player_WzQsklw2gpPqHAZQC4Vjg4S3-450.webp,15363430,0.50,36.03,63.97,-7.04,63.97,Under,https://www.freeiconspng.com/img/1934,,Yes,-1.4,6.9,Guardians @ Orioles,2026-09-08T22:35:00Z,Tue 06:35pm,Oriole Park at Camden Yards,outdoor,,-178.000,-178.000,,0.360,,,,No,,,3.5,36.03,63.97,36.03,0.36,,0,,0.82,,0.56,0.5,Push
PrizePicks,MLB,266831,Chase DeLauter,OF,CLE,Walks,0.5,TRUE,N/A,10/3/2026,5:36:36 AM,pre_game,MLB,demon,https://static.prizepicks.com/images/manual/Chase DeLauter.png,15363431,0.50,42.66,57.34,-6.3,57.34,Under,https://www.freeiconspng.com/img/1934,,Yes,-1.4,6.9,Guardians @ Orioles,2026-09-08T22:35:00Z,Tue 06:35pm,Oriole Park at Camden Yards,outdoor,,-134.000,-134.000,,0.427,,,,No,,,3.5,42.66,57.34,42.66,0.43,,0,,1,,0.72,0,Good Bet
PrizePicks,MLB,193122,Brayan Rocchio,IF,CLE,Home Runs,0.5,TRUE,N/A,10/3/2026,5:36:36 AM,pre_game,MLB,demon,https://static.prizepicks.com/images/players/MLB/Brayan_Rocchio_MLB_player_PGq0ULkYVRkU5iXYMyn5I3Lc-450.webp,15363432,0.50,9.21,90.79,,8.33,Over,https://www.freeiconspng.com/img/1934,,Yes,-1.4,6.9,Guardians @ Orioles,2026-09-08T22:35:00Z,Tue 06:35pm,Oriole Park at Camden Yards,outdoor,,1100.000,1100.000,9/8/2026,0.092,,,,No,,,3.5,9.21,90.79,9.21,0.09,,0,,0.88,,0.49,0.5,Push
PrizePicks,MLB,67669,José Ramírez,IF,CLE,RBIs,0.5,TRUE,N/A,10/3/2026,5:36:36 AM,pre_game,MLB,demon,https://static.prizepicks.com/images/players/MLB/Jos%C3%A9_Ram%C3%ADrez_MLB_player_WzQsklw2gpPqHAZQC4Vjg4S3-450.webp,15363433,,,,,,,,,Yes,-1.4,6.9,Guardians @ Orioles,2026-09-08T22:35:00Z,Tue 06:35pm,Oriole Park at Camden Yards,outdoor,,,,,,,,,No,,,3.5,,,,0,,0,,0.82,,0.66,0.5,Push
PrizePicks,MLB,244978,Colson Montgomery,IF,CWS,Walks,0.5,TRUE,N/A,10/3/2026,5:36:36 AM,pre_game,MLB,demon,https://static.prizepicks.com/images/players/MLB/Colson_Montgomery_MLB_player_j4GCQ0xCS1DuWlq2jQyc285-450.webp,15363435,0.50,24.86,75.14,-7.77,75.14,Under,https://www.freeiconspng.com/img/1934,,Yes,-1.4,6.9,Pirates @ White Sox,2026-09-08T23:40:00Z,Tue 07:40pm,Rate Field,outdoor,,-302.000,-302.000,9/8/2026,0.249,,,,No,,,3.5,24.86,75.14,24.86,0.25,,0,,0.69,,0.48,0.5,Push
PrizePicks,MLB,201589,Angel Martínez,OF,CLE,Home Runs,0.5,TRUE,N/A,10/3/2026,5:36:36 AM,pre_game,MLB,demon,https://static.prizepicks.com/images/players/MLB/Angel_Mart%C3%ADnez_MLB_player_QojrBDK78dNI9zcgIzRMCYxd-450.webp,15363436,0.50,10.59,89.41,,10.53,Over,https://www.freeiconspng.com/img/1934,,Yes,-1.4,6.9,Guardians @ Orioles,2026-09-08T22:35:00Z,Tue 06:35pm,Oriole Park at Camden Yards,outdoor,,850.000,850.000,,0.106,,,,No,,,3.5,10.59,89.41,10.59,0.11,,0,,0.89,,0.5,0.5,Push
PrizePicks,MLB,323131,Braden Montgomery,OF,CWS,Runs,0.5,TRUE,N/A,10/3/2026,5:36:36 AM,pre_game,MLB,demon,https://static.prizepicks.com/images/manual/Braden Montgomery.png,15363438,,,,,,,,,Yes,-1.4,6.9,Pirates @ White Sox,2026-09-08T23:40:00Z,Tue 07:40pm,Rate Field,outdoor,,,,,,8/4/2026,Day-To-Day,Aug 2: The White Sox scratched Montgomery from the lineup for Sunday's game against the Rays.,No,,,3.5,,,,0,,0,,0.79,,0.65,0.5,Push
PrizePicks,MLB,235491,Chase Meidroth,IF,CWS,Runs,0.5,TRUE,N/A,10/3/2026,5:36:36 AM,pre_game,MLB,demon,https://static.prizepicks.com/images/players/MLB/Chase_Meidroth_MLB_player_3aJAUSt5N14MCI2tnJjUQKgl-450.webp,15363440,0.50,29.28,70.72,0.31,70.72,Under,https://www.freeiconspng.com/img/1934,,Yes,-1.4,6.9,Pirates @ White Sox,2026-09-08T23:40:00Z,Tue 07:40pm,Rate Field,outdoor,,-242.000,-242.000,9/8/2026,0.293,,,,No,,,3.5,29.28,70.72,29.28,0.29,,0,,0.96,,0.59,0.5,Push
PrizePicks,MLB,331060,Nathaniel Lowe,IF,CLE,Hits+Runs+RBIs,0.5,TRUE,N/A,10/3/2026,5:36:36 AM,pre_game,MLB,goblin,https://static.prizepicks.com/images/manual/Nathaniel Lowe CLE.png,15363442,0.50,58.79,41.21,-6.12,58.79,Over,https://www.freeiconspng.com/img/1934,,Yes,-1.4,6.9,Guardians @ Orioles,2026-09-08T22:35:00Z,Tue 06:35pm,Oriole Park at Camden Yards,outdoor,,-143.000,-143.000,9/8/2026,0.588,,,,No,,,3.5,58.79,41.21,58.79,0.59,,0,,0.79,,0.69,0,Great Bet
PrizePicks,MLB,317289,Patrick Bailey,C,CLE,Runs,0.5,TRUE,N/A,10/3/2026,5:36:36 AM,pre_game,MLB,demon,https://static.prizepicks.com/images/manual/Patrick_Bailey.png,15363443,0.50,29.72,70.28,0.31,70.28,Under,https://www.freeiconspng.com/img/1934,,Yes,-1.4,6.9,Guardians @ Orioles,2026-09-08T22:35:00Z,Tue 06:35pm,Oriole Park at Camden Yards,outdoor,,-236.000,-236.000,9/8/2026,0.297,,,,No,,,3.5,29.72,70.28,29.72,0.3,,0,,0.8,,0.53,0.5,Push
PrizePicks,MLB,266831,Chase DeLauter,OF,CLE,Home Runs,0.5,TRUE,N/A,10/3/2026,5:36:36 AM,pre_game,MLB,demon,https://static.prizepicks.com/images/manual/Chase DeLauter.png,15363444,0.50,13.51,86.49,,13.79,Over,https://www.freeiconspng.com/img/1934,,Yes,-1.4,6.9,Guardians @ Orioles,2026-09-08T22:35:00Z,Tue 06:35pm,Oriole Park at Camden Yards,outdoor,,625.000,625.000,,0.135,,,,No,,,3.5,13.51,86.49,13.51,0.14,,0,,1,,0.57,0,Good Bet
PrizePicks,MLB,235491,Chase Meidroth,IF,CWS,Total Bases,0.5,TRUE,N/A,10/3/2026,5:36:36 AM,pre_game,MLB,goblin,https://static.prizepicks.com/images/players/MLB/Chase_Meidroth_MLB_player_3aJAUSt5N14MCI2tnJjUQKgl-450.webp,15363446,,,,,,,,,Yes,-1.4,6.9,Pirates @ White Sox,2026-09-08T23:40:00Z,Tue 07:40pm,Rate Field,outdoor,,,,,,,,,No,,,3.5,,,,0,,0,,0.96,,0.73,0.5,Push
PrizePicks,MLB,309111,Munetaka Murakami,IF,CWS,Hits,0.5,TRUE,N/A,10/3/2026,5:36:36 AM,pre_game,MLB,standard,https://static.prizepicks.com/images/manual/Munetaka_Murakami.png,15363447,0.50,51.39,48.61,-6.06,51.39,Over,https://www.freeiconspng.com/img/1934,,Yes,-1.4,6.9,Pirates @ White Sox,2026-09-08T23:40:00Z,Tue 07:40pm,Rate Field,outdoor,,-106.000,-106.000,9/8/2026,0.514,,,,No,,,3.5,51.39,48.61,51.39,0.51,,0,,0.72,,0.56,0.5,Good Bet
PrizePicks,MLB,201589,Angel Martínez,OF,CLE,Total Bases,0.5,TRUE,N/A,10/3/2026,5:36:36 AM,pre_game,MLB,goblin,https://static.prizepicks.com/images/players/MLB/Angel_Mart%C3%ADnez_MLB_player_QojrBDK78dNI9zcgIzRMCYxd-450.webp,15363448,,,,,,,,,Yes,-1.4,6.9,Guardians @ Orioles,2026-09-08T22:35:00Z,Tue 06:35pm,Oriole Park at Camden Yards,outdoor,,,,,,,,,No,,,3.5,,,,0,,0,,0.89,,0.7,0.5,Push
PrizePicks,MLB,323131,Braden Montgomery,OF,CWS,Total Bases,0.5,TRUE,N/A,10/3/2026,5:36:36 AM,pre_game,MLB,standard,https://static.prizepicks.com/images/manual/Braden Montgomery.png,15363449,,,,,,,,,Yes,-1.4,6.9,Pirates @ White Sox,2026-09-08T23:40:00Z,Tue 07:40pm,Rate Field,outdoor,,,,,,8/4/2026,Day-To-Day,Aug 2: The White Sox scratched Montgomery from the lineup for Sunday's game against the Rays.,No,,,3.5,,,,0,,0,,0.79,,0.6,0.5,Push
PrizePicks,MLB,331060,Nathaniel Lowe,IF,CLE,Walks,0.5,TRUE,N/A,10/3/2026,5:36:36 AM,pre_game,MLB,demon,https://static.prizepicks.com/images/manual/Nathaniel Lowe CLE.png,15363450,0.50,29.44,70.56,-7.46,70.56,Under,https://www.freeiconspng.com/img/1934,,Yes,-1.4,6.9,Guardians @ Orioles,2026-09-08T22:35:00Z,Tue 06:35pm,Oriole Park at Camden Yards,outdoor,,-240.000,-240.000,9/8/2026,0.294,,,,No,,,3.5,29.44,70.56,29.44,0.29,,0,,0.79,,0.53,0.5,Push
PrizePicks,MLB,328439,Travis Bazzana,IF,AL,Walks,0.5,TRUE,N/A,10/3/2026,5:36:36 AM,pre_game,MLB,demon,https://static.prizepicks.com/images/manual/Travis Bazzana.png,15363451,0.50,32.86,67.14,-7.22,67.14,Under,https://www.freeiconspng.com/img/1934,,Yes,-1.4,6.9,Guardians @ Orioles,2026-09-08T22:35:00Z,Tue 06:35pm,Oriole Park at Camden Yards,outdoor,,-204.000,-204.000,9/8/2026,0.329,,,,No,,,3.5,32.86,67.14,32.86,0.33,,0,,0.86,,0.56,0.5,Push
PrizePicks,MLB,314184,Sam Antonacci,OF,CWS,Home Runs,0.5,TRUE,N/A,10/3/2026,5:36:36 AM,pre_game,MLB,demon,https://static.prizepicks.com/images/manual/Sam_Antonacci.png,15363452,0.50,8.12,91.88,,7.14,Over,https://www.freeiconspng.com/img/1934,,Yes,-1.4,6.9,Pirates @ White Sox,2026-09-08T23:40:00Z,Tue 07:40pm,Rate Field,outdoor,,1301.000,1301.000,9/8/2026,0.081,,,,No,,,3.5,8.12,91.88,8.12,0.08,,0,,0.97,,0.52,0.5,Push
PrizePicks,MLB,266831,Chase DeLauter,OF,CLE,Runs,0.5,TRUE,N/A,10/3/2026,5:36:36 AM,pre_game,MLB,demon,https://static.prizepicks.com/images/manual/Chase DeLauter.png,15363453,0.50,40.06,59.94,0.1,59.94,Under,https://www.freeiconspng.com/img/1934,,Yes,-1.4,6.9,Guardians @ Orioles,2026-09-08T22:35:00Z,Tue 06:35pm,Oriole Park at Camden Yards,outdoor,,-150.000,-150.000,,0.401,,,,No,,,3.5,40.06,59.94,40.06,0.4,,0,,1,,0.7,0,Good Bet
PrizePicks,MLB,310369,Tristan Peters,OF,CWS,Total Bases,0.5,TRUE,N/A,10/3/2026,5:36:36 AM,pre_game,MLB,goblin,https://static.prizepicks.com/images/manual/Tristan_Peters.png,15363454,,,,,,,,,Yes,-1.4,6.9,Pirates @ White Sox,2026-09-08T23:40:00Z,Tue 07:40pm,Rate Field,outdoor,,,,,,,,,No,,,3.5,,,,0,,0,,0.93,,1.21,1.5,Push
PrizePicks,MLB,244978,Colson Montgomery,IF,CWS,Runs,0.5,TRUE,N/A,10/3/2026,5:36:36 AM,pre_game,MLB,demon,https://static.prizepicks.com/images/players/MLB/Colson_Montgomery_MLB_player_j4GCQ0xCS1DuWlq2jQyc285-450.webp,15363455,0.50,27.98,72.02,0.11,72.02,Under,https://www.freeiconspng.com/img/1934,,Yes,-1.4,6.9,Pirates @ White Sox,2026-09-08T23:40:00Z,Tue 07:40pm,Rate Field,outdoor,,-257.000,-257.000,9/8/2026,0.280,,,,No,,,3.5,27.98,72.02,27.98,0.28,,0,,0.69,,0.49,0.5,Push
PrizePicks,MLB,309111,Munetaka Murakami,IF,CWS,Total Bases,0.5,TRUE,N/A,10/3/2026,5:36:36 AM,pre_game,MLB,standard,https://static.prizepicks.com/images/manual/Munetaka_Murakami.png,15363458,,,,,,,,,Yes,-1.4,6.9,Pirates @ White Sox,2026-09-08T23:40:00Z,Tue 07:40pm,Rate Field,outdoor,,,,,,,,,No,,,3.5,,,,0,,0,,0.72,,0.57,0.5,Push
PrizePicks,MLB,201589,Angel Martínez,OF,CLE,Runs,0.5,TRUE,N/A,10/3/2026,5:36:36 AM,pre_game,MLB,demon,https://static.prizepicks.com/images/players/MLB/Angel_Mart%C3%ADnez_MLB_player_QojrBDK78dNI9zcgIzRMCYxd-450.webp,15363459,0.50,32.4,67.6,0.07,67.6,Under,https://www.freeiconspng.com/img/1934,,Yes,-1.4,6.9,Guardians @ Orioles,2026-09-08T22:35:00Z,Tue 06:35pm,Oriole Park at Camden Yards,outdoor,,-209.000,-209.000,,0.324,,,,No,,,3.5,32.4,67.6,32.4,0.32,,0,,0.89,,0.57,0.5,Push
PrizePicks,MLB,309111,Munetaka Murakami,IF,CWS,Home Runs,0.5,TRUE,N/A,10/3/2026,5:36:36 AM,pre_game,MLB,demon,https://static.prizepicks.com/images/manual/Munetaka_Murakami.png,15363460,,,,,2.44,Over,https://www.freeiconspng.com/img/1934,,Yes,-1.4,6.9,Pirates @ White Sox,2026-09-08T23:40:00Z,Tue 07:40pm,Rate Field,outdoor,,3998.000,,9/8/2026,0.073,,,,No,,,3.5,36.20321577,63.79678423,36.20321577,0.07,,0,,0.72,,0.43,0.5,Good Bet
PrizePicks,MLB,323131,Braden Montgomery,OF,CWS,Hits,0.5,TRUE,N/A,10/3/2026,5:36:36 AM,pre_game,MLB,standard,https://static.prizepicks.com/images/manual/Braden Montgomery.png,15363461,0.50,50.99,49.01,-6.46,50.99,Over,https://www.freeiconspng.com/img/1934,,Yes,-1.4,6.9,Pirates @ White Sox,2026-09-08T23:40:00Z,Tue 07:40pm,Rate Field,outdoor,,-104.000,-104.000,9/8/2026,0.510,8/4/2026,Day-To-Day,Aug 2: The White Sox scratched Montgomery from the lineup for Sunday's game against the Rays.,No,,,3.5,50.99,49.01,50.99,0.51,,0,,0.79,,0.58,0.5,Good Bet
PrizePicks,MLB,323131,Braden Montgomery,OF,CWS,Walks,0.5,TRUE,N/A,10/3/2026,5:36:36 AM,pre_game,MLB,demon,https://static.prizepicks.com/images/manual/Braden Montgomery.png,15363462,,,,,,,,,Yes,-1.4,6.9,Pirates @ White Sox,2026-09-08T23:40:00Z,Tue 07:40pm,Rate Field,outdoor,,,,,,8/4/2026,Day-To-Day,Aug 2: The White Sox scratched Montgomery from the lineup for Sunday's game against the Rays.,No,,,3.5,,,,0,,0,,0.79,,0.65,0.5,Push
PrizePicks,MLB,314184,Sam Antonacci,OF,CWS,Walks,0.5,TRUE,N/A,10/3/2026,5:36:36 AM,pre_game,MLB,demon,https://static.prizepicks.com/images/manual/Sam_Antonacci.png,15363464,0.50,27.09,72.91,-5.81,72.91,Under,https://www.freeiconspng.com/img/1934,,Yes,-1.4,6.9,Pirates @ White Sox,2026-09-08T23:40:00Z,Tue 07:40pm,Rate Field,outdoor,,-269.000,-269.000,9/8/2026,0.271,,,,No,,,3.5,27.09,72.91,27.09,0.27,,0,,0.97,,0.58,0.5,Push
PrizePicks,MLB,235491,Chase Meidroth,IF,CWS,Hits,0.5,TRUE,N/A,10/3/2026,5:36:36 AM,pre_game,MLB,goblin,https://static.prizepicks.com/images/players/MLB/Chase_Meidroth_MLB_player_3aJAUSt5N14MCI2tnJjUQKgl-450.webp,15363465,0.50,58.33,41.67,-7.77,58.33,Over,https://www.freeiconspng.com/img/1934,,Yes,-1.4,6.9,Pirates @ White Sox,2026-09-08T23:40:00Z,Tue 07:40pm,Rate Field,outdoor,,-140.000,-140.000,9/8/2026,0.583,,,,No,,,3.5,58.33,41.67,58.33,0.58,,0,,0.96,,0.68,0.5,Good Bet
PrizePicks,MLB,235491,Chase Meidroth,IF,CWS,Walks,0.5,TRUE,N/A,10/3/2026,5:36:36 AM,pre_game,MLB,demon,https://static.prizepicks.com/images/players/MLB/Chase_Meidroth_MLB_player_3aJAUSt5N14MCI2tnJjUQKgl-450.webp,15363466,0.50,35.02,64.98,-6.85,64.98,Under,https://www.freeiconspng.com/img/1934,,Yes,-1.4,6.9,Pirates @ White Sox,2026-09-08T23:40:00Z,Tue 07:40pm,Rate Field,outdoor,,-186.000,-186.000,9/8/2026,0.350,,,,No,,,3.5,35.02,64.98,35.02,0.35,,0,,0.96,,0.6,0.5,Push
PrizePicks,MLB,310369,Tristan Peters,OF,CWS,Runs,0.5,TRUE,N/A,10/3/2026,5:36:36 AM,pre_game,MLB,demon,https://static.prizepicks.com/images/manual/Tristan_Peters.png,15363468,,,,,,,,,Yes,-1.4,6.9,Pirates @ White Sox,2026-09-08T23:40:00Z,Tue 07:40pm,Rate Field,outdoor,,,,,,,,,No,,,3.5,,,,0,,0,,0.93,,0.71,0.5,Push
PrizePicks,MLB,241087,Kyle Teel,C,CWS,Total Bases,0.5,TRUE,N/A,10/3/2026,5:36:36 AM,pre_game,MLB,standard,https://static.prizepicks.com/images/players/MLB/Kyle_Teel_MLB_player_Z3yrero53bwu64NFOIoizFmc-450.webp,15363470,,,,,,,,,Yes,-1.4,6.9,Pirates @ White Sox,2026-09-08T23:40:00Z,Tue 07:40pm,Rate Field,outdoor,,,,,,9/8/2026,10-Day-IL,"Jul 22: Teel is expected to miss 6-to-12 weeks due to left high-ankle sprain,  MLB.com reports.",No,,,3.5,,,,0,,0,,0.74,,0.58,0.5,Push
PrizePicks,MLB,205264,Miguel Vargas,IF,CWS,Home Runs,0.5,TRUE,N/A,10/3/2026,5:36:36 AM,pre_game,MLB,demon,https://static.prizepicks.com/images/players/MLB/Miguel_Vargas_MLB_player_G8lSuTxbs8GHQpczU4L0qDkR-450.webp,15363471,,,,,1.64,Over,https://www.freeiconspng.com/img/1934,,Yes,-1.4,6.9,Pirates @ White Sox,2026-09-08T23:40:00Z,Tue 07:40pm,Rate Field,outdoor,,5998.000,,9/8/2026,0.049,,,,No,,,3.5,38.18659898,61.81340102,38.18659898,0.05,,0,,0.88,,0.47,0.5,Good Bet
PrizePicks,MLB,331060,Nathaniel Lowe,IF,CLE,Runs,0.5,TRUE,N/A,10/3/2026,5:36:36 AM,pre_game,MLB,demon,https://static.prizepicks.com/images/manual/Nathaniel Lowe CLE.png,15363472,0.50,27.38,72.62,0.17,72.62,Under,https://www.freeiconspng.com/img/1934,,Yes,-1.4,6.9,Guardians @ Orioles,2026-09-08T22:35:00Z,Tue 06:35pm,Oriole Park at Camden Yards,outdoor,,-265.000,-265.000,9/8/2026,0.274,,,,No,,,3.5,27.38,72.62,27.38,0.27,,0,,0.79,,0.52,0.5,Push
PrizePicks,MLB,328439,Travis Bazzana,IF,AL,Total Bases,0.5,TRUE,N/A,10/3/2026,5:36:36 AM,pre_game,MLB,goblin,https://static.prizepicks.com/images/manual/Travis Bazzana.png,15363473,,,,,,,,,Yes,-1.4,6.9,Guardians @ Orioles,2026-09-08T22:35:00Z,Tue 06:35pm,Oriole Park at Camden Yards,outdoor,,,,,,,,,No,,,3.5,,,,0,,0,,0.86,,0.68,0.5,Push
PrizePicks,MLB,331054,Jo Adell,OF,CLE,Total Bases,0.5,TRUE,N/A,10/3/2026,5:36:36 AM,pre_game,MLB,goblin,https://static.prizepicks.com/images/manual/Jo Adell CLE.png,15363475,,,,,,,,,Yes,-1.4,6.9,Guardians @ Orioles,2026-09-08T22:35:00Z,Tue 06:35pm,Oriole Park at Camden Yards,outdoor,,,,,,,,,No,,,3.5,,,,0,,0,,0.86,,1.18,1.5,Push
PrizePicks,MLB,317289,Patrick Bailey,C,CLE,Walks,0.5,TRUE,N/A,10/3/2026,5:36:36 AM,pre_game,MLB,demon,https://static.prizepicks.com/images/manual/Patrick_Bailey.png,15363476,0.50,31.07,68.93,-7.81,68.93,Under,https://www.freeiconspng.com/img/1934,,Yes,-1.4,6.9,Guardians @ Orioles,2026-09-08T22:35:00Z,Tue 06:35pm,Oriole Park at Camden Yards,outdoor,,-222.000,-222.000,9/8/2026,0.311,,,,No,,,3.5,31.07,68.93,31.07,0.31,,0,,0.8,,0.54,0.5,Push
PrizePicks,MLB,193122,Brayan Rocchio,IF,CLE,Total Bases,0.5,TRUE,N/A,10/3/2026,5:36:36 AM,pre_game,MLB,goblin,https://static.prizepicks.com/images/players/MLB/Brayan_Rocchio_MLB_player_PGq0ULkYVRkU5iXYMyn5I3Lc-450.webp,15363477,,,,,,,,,Yes,-1.4,6.9,Guardians @ Orioles,2026-09-08T22:35:00Z,Tue 06:35pm,Oriole Park at Camden Yards,outdoor,,,,,,,,,No,,,3.5,,,,0,,0,,0.88,,0.69,0.5,Push
PrizePicks,MLB,328439,Travis Bazzana,IF,AL,Home Runs,0.5,TRUE,N/A,10/3/2026,5:36:36 AM,pre_game,MLB,demon,https://static.prizepicks.com/images/manual/Travis Bazzana.png,15363478,0.50,10.42,89.58,,9.52,Over,https://www.freeiconspng.com/img/1934,,Yes,-1.4,6.9,Guardians @ Orioles,2026-09-08T22:35:00Z,Tue 06:35pm,Oriole Park at Camden Yards,outdoor,,950.000,950.000,9/8/2026,0.104,,,,No,,,3.5,10.42,89.58,10.42,0.1,,0,,0.86,,0.49,0.5,Push
PrizePicks,MLB,310369,Tristan Peters,OF,CWS,Home Runs,0.5,TRUE,N/A,10/3/2026,5:36:36 AM,pre_game,MLB,demon,https://static.prizepicks.com/images/manual/Tristan_Peters.png,15363479,0.50,9.41,90.59,-7.72,90.59,Under,https://www.freeiconspng.com/img/1934,,Yes,-1.4,6.9,Pirates @ White Sox,2026-09-08T23:40:00Z,Tue 07:40pm,Rate Field,outdoor,,-963.000,-963.000,9/8/2026,0.094,,,,No,,,3.5,9.41,90.59,9.41,0.09,,0,,0.93,,0.51,0.5,Push
PrizePicks,MLB,309111,Munetaka Murakami,IF,CWS,Hits+Runs+RBIs,0.5,TRUE,N/A,10/3/2026,5:36:36 AM,pre_game,MLB,goblin,https://static.prizepicks.com/images/manual/Munetaka_Murakami.png,15363480,0.50,57.85,42.15,-6.44,57.85,Over,https://www.freeiconspng.com/img/1934,,Yes,-1.4,6.9,Pirates @ White Sox,2026-09-08T23:40:00Z,Tue 07:40pm,Rate Field,outdoor,,-137.000,-137.000,9/8/2026,0.579,,,,No,,,3.5,57.85,42.15,57.85,0.58,,0,,0.72,,0.65,0,Great Bet
PrizePicks,MLB,127166,Andrew Benintendi,DH,CWS,Runs,0.5,TRUE,N/A,10/3/2026,5:36:36 AM,pre_game,MLB,demon,https://static.prizepicks.com/images/players/MLB/Andrew_Benintendi_MLB_player_gS0XOOhPqt5xrsBUNxHk03Qx-450.webp,15363481,,,,,,,,,Yes,-1.4,6.9,Pirates @ White Sox,2026-09-08T23:40:00Z,Tue 07:40pm,Rate Field,outdoor,,,,,,,,,No,,,3.5,,,,0,,0,,0.84,,0.67,0.5,Push
PrizePicks,MLB,67698,Steven Kwan,OF,CLE,Home Runs,0.5,TRUE,N/A,10/3/2026,5:36:36 AM,pre_game,MLB,demon,https://static.prizepicks.com/images/players/MLB/Steven_Kwan_MLB_player_ntXGz6Uewr9nyMV3MgkiDLnt-450.webp,15363519,0.50,6.33,93.67,,4.76,Over,https://www.freeiconspng.com/img/1934,,Yes,-1.4,6.9,Guardians @ Orioles,2026-09-08T22:35:00Z,Tue 06:35pm,Oriole Park at Camden Yards,outdoor,,2001.000,2001.000,9/8/2026,0.063,,,,No,,,3.5,6.33,93.67,6.33,0.06,,0,,0.99,,0.52,0.5,Push
PrizePicks,MLB,205264,Miguel Vargas,IF,CWS,Walks,0.5,TRUE,N/A,10/3/2026,5:36:36 AM,pre_game,MLB,demon,https://static.prizepicks.com/images/players/MLB/Miguel_Vargas_MLB_player_G8lSuTxbs8GHQpczU4L0qDkR-450.webp,15364223,0.50,44.23,55.77,-6.49,55.77,Under,https://www.freeiconspng.com/img/1934,,Yes,-1.4,6.9,Pirates @ White Sox,2026-09-08T23:40:00Z,Tue 07:40pm,Rate Field,outdoor,,-126.000,-126.000,9/8/2026,0.442,,,,No,,,3.5,44.23,55.77,44.23,0.44,,0,,0.88,,0.61,0.5,Push
PrizePicks,MLB,266831,Chase DeLauter,OF,CLE,Hits+Runs+RBIs,0.5,TRUE,N/A,10/3/2026,5:36:36 AM,pre_game,MLB,goblin,https://static.prizepicks.com/images/manual/Chase DeLauter.png,15364226,1.50,50.81,49.19,-3.11,50.81,Over,https://www.freeiconspng.com/img/1934,,Yes,-1.4,6.9,Guardians @ Orioles,2026-09-08T22:35:00Z,Tue 06:35pm,Oriole Park at Camden Yards,outdoor,,-103.000,-103.000,,1.524,,,,No,,,3.5,71.75264051,28.24735949,71.75264051,1.52,,0,,1,,1.26,0,Push
PrizePicks,MLB,328439,Travis Bazzana,IF,AL,Hits+Runs+RBIs,0.5,TRUE,N/A,10/3/2026,5:36:36 AM,pre_game,MLB,goblin,https://static.prizepicks.com/images/manual/Travis Bazzana.png,15364228,1.50,45.64,54.36,-4.15,54.36,Under,https://www.freeiconspng.com/img/1934,,Yes,-1.4,6.9,Guardians @ Orioles,2026-09-08T22:35:00Z,Tue 06:35pm,Oriole Park at Camden Yards,outdoor,,-119.000,-119.000,9/8/2026,1.369,,,,No,,,3.5,67.15368133,32.84631867,67.15368133,1.37,,0,,0.86,,1.11,0,Push
PrizePicks,MLB,331054,Jo Adell,OF,CLE,Hits+Runs+RBIs,0.5,TRUE,N/A,10/3/2026,5:36:36 AM,pre_game,MLB,goblin,https://static.prizepicks.com/images/manual/Jo Adell CLE.png,15364250,1.50,48.8,51.2,-3.75,51.2,Under,https://www.freeiconspng.com/img/1934,,Yes,-1.4,6.9,Guardians @ Orioles,2026-09-08T22:35:00Z,Tue 06:35pm,Oriole Park at Camden Yards,outdoor,,-105.000,-105.000,9/8/2026,1.464,,,,No,,,3.5,68.64441478,31.35558522,68.64441478,1.46,,0,,0.86,,1.16,0,Push
PrizePicks,MLB,67698,Steven Kwan,OF,CLE,Hits+Runs+RBIs,0.5,TRUE,N/A,10/3/2026,5:36:36 AM,pre_game,MLB,goblin,https://static.prizepicks.com/images/players/MLB/Steven_Kwan_MLB_player_ntXGz6Uewr9nyMV3MgkiDLnt-450.webp,15364256,1.50,50.08,49.92,-4.21,50.08,Over,https://www.freeiconspng.com/img/1934,,Yes,-1.4,6.9,Guardians @ Orioles,2026-09-08T22:35:00Z,Tue 06:35pm,Oriole Park at Camden Yards,outdoor,,-100.000,-100.000,9/8/2026,1.502,,,,No,,,3.5,71.19745669,28.80254331,71.19745669,1.5,,0,,0.99,,1.24,0,Push
PrizePicks,MLB,67669,José Ramírez,IF,CLE,Hits+Runs+RBIs,0.5,TRUE,N/A,10/3/2026,5:36:36 AM,pre_game,MLB,goblin,https://static.prizepicks.com/images/players/MLB/Jos%C3%A9_Ram%C3%ADrez_MLB_player_WzQsklw2gpPqHAZQC4Vjg4S3-450.webp,15364260,1.50,50.46,49.54,-3.67,50.46,Over,https://www.freeiconspng.com/img/1934,,Yes,-1.4,6.9,Guardians @ Orioles,2026-09-08T22:35:00Z,Tue 06:35pm,Oriole Park at Camden Yards,outdoor,,-102.000,-102.000,,1.514,,,,No,,,3.5,68.88799825,31.11200175,68.88799825,1.51,,0,,0.82,,1.17,0,Push
PrizePicks,MLB,317289,Patrick Bailey,C,CLE,Hits,0.5,TRUE,N/A,10/3/2026,5:36:36 AM,pre_game,MLB,goblin,https://static.prizepicks.com/images/manual/Patrick_Bailey.png,15364677,0.50,52.35,47.65,-7.65,52.35,Over,https://www.freeiconspng.com/img/1934,,Yes,-1.4,6.9,Guardians @ Orioles,2026-09-08T22:35:00Z,Tue 06:35pm,Oriole Park at Camden Yards,outdoor,,-110.000,-110.000,9/8/2026,0.524,,,,No,,,3.5,52.35,47.65,52.35,0.52,,0,,0.8,,0.61,0.5,Good Bet
PrizePicks,MLB,314184,Sam Antonacci,OF,CWS,Triples,0.5,TRUE,N/A,10/3/2026,5:36:36 AM,pre_game,MLB,demon,https://static.prizepicks.com/images/manual/Sam_Antonacci.png,15365297,,,,,,,,,Yes,-1.4,6.9,Pirates @ White Sox,2026-09-08T23:40:00Z,Tue 07:40pm,Rate Field,outdoor,,,,,,,,,No,,,3.5,,,,0,,0,,0.97,,0.97,0,Push
PrizePicks,MLB,205264,Miguel Vargas,IF,CWS,Hitter Strikeouts,0.5,TRUE,N/A,10/3/2026,5:36:36 AM,pre_game,MLB,goblin,https://static.prizepicks.com/images/players/MLB/Miguel_Vargas_MLB_player_G8lSuTxbs8GHQpczU4L0qDkR-450.webp,15365314,,,,,,,,,Yes,-1.4,6.9,Pirates @ White Sox,2026-09-08T23:40:00Z,Tue 07:40pm,Rate Field,outdoor,,,,,,,,,No,,,5,,,,0,,0,,126,,126,0,Push
PrizePicks,MLB,310369,Tristan Peters,OF,CWS,Doubles,0.5,TRUE,N/A,10/3/2026,5:36:36 AM,pre_game,MLB,demon,https://static.prizepicks.com/images/manual/Tristan_Peters.png,15365323,,,,,,,,,Yes,-1.4,6.9,Pirates @ White Sox,2026-09-08T23:40:00Z,Tue 07:40pm,Rate Field,outdoor,,,,,,,,,No,,,3.5,,,,0,,0,,0.93,,0.93,0,Push
PrizePicks,MLB,193122,Brayan Rocchio,IF,CLE,Doubles,0.5,TRUE,N/A,10/3/2026,5:36:36 AM,pre_game,MLB,demon,https://static.prizepicks.com/images/players/MLB/Brayan_Rocchio_MLB_player_PGq0ULkYVRkU5iXYMyn5I3Lc-450.webp,15365327,,,,,,,,,Yes,-1.4,6.9,Guardians @ Orioles,2026-09-08T22:35:00Z,Tue 06:35pm,Oriole Park at Camden Yards,outdoor,,,,,,,,,No,,,3.5,,,,0,,0,,0.88,,0.88,0,Push
PrizePicks,MLB,323131,Braden Montgomery,OF,CWS,Hitter Strikeouts,0.5,TRUE,N/A,10/3/2026,5:36:36 AM,pre_game,MLB,goblin,https://static.prizepicks.com/images/manual/Braden Montgomery.png,15365331,,,,,,,,,Yes,-1.4,6.9,Pirates @ White Sox,2026-09-08T23:40:00Z,Tue 07:40pm,Rate Field,outdoor,,,,,,8/4/2026,Day-To-Day,Aug 2: The White Sox scratched Montgomery from the lineup for Sunday's game against the Rays.,No,,,5,,,,0,,0,,72,,72,0,Push
PrizePicks,MLB,314184,Sam Antonacci,OF,CWS,Doubles,0.5,TRUE,N/A,10/3/2026,5:36:36 AM,pre_game,MLB,demon,https://static.prizepicks.com/images/manual/Sam_Antonacci.png,15365335,,,,,,,,,Yes,-1.4,6.9,Pirates @ White Sox,2026-09-08T23:40:00Z,Tue 07:40pm,Rate Field,outdoor,,,,,,,,,No,,,3.5,,,,0,,0,,0.97,,0.97,0,Push
PrizePicks,MLB,235491,Chase Meidroth,IF,CWS,Doubles,0.5,TRUE,N/A,10/3/2026,5:36:36 AM,pre_game,MLB,demon,https://static.prizepicks.com/images/players/MLB/Chase_Meidroth_MLB_player_3aJAUSt5N14MCI2tnJjUQKgl-450.webp,15365338,,,,,,,,,Yes,-1.4,6.9,Pirates @ White Sox,2026-09-08T23:40:00Z,Tue 07:40pm,Rate Field,outdoor,,,,,,,,,No,,,3.5,,,,0,,0,,0.96,,0.96,0,Push
PrizePicks,MLB,266831,Chase DeLauter,OF,CLE,Doubles,0.5,TRUE,N/A,10/3/2026,5:36:36 AM,pre_game,MLB,demon,https://static.prizepicks.com/images/manual/Chase DeLauter.png,15365339,,,,,,,,,Yes,-1.4,6.9,Guardians @ Orioles,2026-09-08T22:35:00Z,Tue 06:35pm,Oriole Park at Camden Yards,outdoor,,,,,,,,,No,,,3.5,,,,0,,0,,1,,1,0,Push
PrizePicks,MLB,67698,Steven Kwan,OF,CLE,Doubles,0.5,TRUE,N/A,10/3/2026,5:36:36 AM,pre_game,MLB,demon,https://static.prizepicks.com/images/players/MLB/Steven_Kwan_MLB_player_ntXGz6Uewr9nyMV3MgkiDLnt-450.webp,15365340,,,,,,,,,Yes,-1.4,6.9,Guardians @ Orioles,2026-09-08T22:35:00Z,Tue 06:35pm,Oriole Park at Camden Yards,outdoor,,,,,,,,,No,,,3.5,,,,0,,0,,0.99,,0.99,0,Push
PrizePicks,MLB,244978,Colson Montgomery,IF,CWS,Doubles,0.5,TRUE,N/A,10/3/2026,5:36:36 AM,pre_game,MLB,demon,https://static.prizepicks.com/images/players/MLB/Colson_Montgomery_MLB_player_j4GCQ0xCS1DuWlq2jQyc285-450.webp,15365341,,,,,,,,,Yes,-1.4,6.9,Pirates @ White Sox,2026-09-08T23:40:00Z,Tue 07:40pm,Rate Field,outdoor,,,,,,,,,No,,,3.5,,,,0,,0,,0.69,,0.69,0,Push
PrizePicks,MLB,328439,Travis Bazzana,IF,AL,Doubles,0.5,TRUE,N/A,10/3/2026,5:36:36 AM,pre_game,MLB,demon,https://static.prizepicks.com/images/manual/Travis Bazzana.png,15365349,,,,,,,,,Yes,-1.4,6.9,Guardians @ Orioles,2026-09-08T22:35:00Z,Tue 06:35pm,Oriole Park at Camden Yards,outdoor,,,,,,,,,No,,,3.5,,,,0,,0,,0.86,,0.86,0,Push
PrizePicks,MLB,201589,Angel Martínez,OF,CLE,Doubles,0.5,TRUE,N/A,10/3/2026,5:36:36 AM,pre_game,MLB,demon,https://static.prizepicks.com/images/players/MLB/Angel_Mart%C3%ADnez_MLB_player_QojrBDK78dNI9zcgIzRMCYxd-450.webp,15365351,,,,,,,,,Yes,-1.4,6.9,Guardians @ Orioles,2026-09-08T22:35:00Z,Tue 06:35pm,Oriole Park at Camden Yards,outdoor,,,,,,,,,No,,,3.5,,,,0,,0,,0.89,,0.89,0,Push
PrizePicks,MLB,323131,Braden Montgomery,OF,CWS,Doubles,0.5,TRUE,N/A,10/3/2026,5:36:36 AM,pre_game,MLB,demon,https://static.prizepicks.com/images/manual/Braden Montgomery.png,15365363,,,,,,,,,Yes,-1.4,6.9,Pirates @ White Sox,2026-09-08T23:40:00Z,Tue 07:40pm,Rate Field,outdoor,,,,,,8/4/2026,Day-To-Day,Aug 2: The White Sox scratched Montgomery from the lineup for Sunday's game against the Rays.,No,,,3.5,,,,0,,0,,0.79,,0.79,0,Push
PrizePicks,MLB,67669,José Ramírez,IF,CLE,Singles,0.5,TRUE,N/A,10/3/2026,5:36:36 AM,pre_game,MLB,standard,https://static.prizepicks.com/images/players/MLB/Jos%C3%A9_Ram%C3%ADrez_MLB_player_WzQsklw2gpPqHAZQC4Vjg4S3-450.webp,15365365,,,,,,,,,Yes,-1.4,6.9,Guardians @ Orioles,2026-09-08T22:35:00Z,Tue 06:35pm,Oriole Park at Camden Yards,outdoor,,,,,,,,,No,,,3.5,,,,0,,0,,0.82,,0.66,0,Push
PrizePicks,MLB,317289,Patrick Bailey,C,CLE,Doubles,0.5,TRUE,N/A,10/3/2026,5:36:36 AM,pre_game,MLB,demon,https://static.prizepicks.com/images/manual/Patrick_Bailey.png,15365367,,,,,,,,,Yes,-1.4,6.9,Guardians @ Orioles,2026-09-08T22:35:00Z,Tue 06:35pm,Oriole Park at Camden Yards,outdoor,,,,,,,,,No,,,3.5,,,,0,,0,,0.8,,0.8,0,Push
PrizePicks,MLB,241087,Kyle Teel,C,CWS,Singles,0.5,TRUE,N/A,10/3/2026,5:36:36 AM,pre_game,MLB,demon,https://static.prizepicks.com/images/players/MLB/Kyle_Teel_MLB_player_Z3yrero53bwu64NFOIoizFmc-450.webp,15365368,,,,,,,,,Yes,-1.4,6.9,Pirates @ White Sox,2026-09-08T23:40:00Z,Tue 07:40pm,Rate Field,outdoor,,,,,,9/8/2026,10-Day-IL,"Jul 22: Teel is expected to miss 6-to-12 weeks due to left high-ankle sprain,  MLB.com reports.",No,,,3.5,,,,0,,0,,0.74,,0.74,0,Push
PrizePicks,MLB,193122,Brayan Rocchio,IF,CLE,Singles,0.5,TRUE,N/A,10/3/2026,5:36:36 AM,pre_game,MLB,demon,https://static.prizepicks.com/images/players/MLB/Brayan_Rocchio_MLB_player_PGq0ULkYVRkU5iXYMyn5I3Lc-450.webp,15365371,,,,,,,,,Yes,-1.4,6.9,Guardians @ Orioles,2026-09-08T22:35:00Z,Tue 06:35pm,Oriole Park at Camden Yards,outdoor,,,,,,,,,No,,,3.5,,,,0,,0,,0.88,,0.88,0,Push
PrizePicks,MLB,331054,Jo Adell,OF,CLE,Singles,0.5,TRUE,N/A,10/3/2026,5:36:36 AM,pre_game,MLB,demon,https://static.prizepicks.com/images/manual/Jo Adell CLE.png,15365374,,,,,,,,,Yes,-1.4,6.9,Guardians @ Orioles,2026-09-08T22:35:00Z,Tue 06:35pm,Oriole Park at Camden Yards,outdoor,,,,,,,,,No,,,3.5,,,,0,,0,,0.86,,0.86,0,Push
PrizePicks,MLB,201589,Angel Martínez,OF,CLE,Hits+Runs+RBIs,0.5,TRUE,N/A,10/3/2026,5:36:36 AM,pre_game,MLB,goblin,https://static.prizepicks.com/images/players/MLB/Angel_Mart%C3%ADnez_MLB_player_QojrBDK78dNI9zcgIzRMCYxd-450.webp,15365377,1.50,44.1,55.9,-4.73,55.9,Under,https://www.freeiconspng.com/img/1934,,Yes,-1.4,6.9,Guardians @ Orioles,2026-09-08T22:35:00Z,Tue 06:35pm,Oriole Park at Camden Yards,outdoor,,-127.000,-127.000,,1.323,,,,No,,,3.5,66.94088127,33.05911873,66.94088127,1.32,,0,,0.89,,1.11,0,Push
PrizePicks,MLB,67669,José Ramírez,IF,CLE,Total Bases,0.5,TRUE,N/A,10/3/2026,5:36:36 AM,pre_game,MLB,goblin,https://static.prizepicks.com/images/players/MLB/Jos%C3%A9_Ram%C3%ADrez_MLB_player_WzQsklw2gpPqHAZQC4Vjg4S3-450.webp,15365379,,,,,,,,,Yes,-1.4,6.9,Guardians @ Orioles,2026-09-08T22:35:00Z,Tue 06:35pm,Oriole Park at Camden Yards,outdoor,,,,,,,,,No,,,3.5,,,,0,,0,,0.82,,1.16,1.5,Push
PrizePicks,MLB,331060,Nathaniel Lowe,IF,CLE,Singles,0.5,TRUE,N/A,10/3/2026,5:36:36 AM,pre_game,MLB,demon,https://static.prizepicks.com/images/manual/Nathaniel Lowe CLE.png,15365380,,,,,,,,,Yes,-1.4,6.9,Guardians @ Orioles,2026-09-08T22:35:00Z,Tue 06:35pm,Oriole Park at Camden Yards,outdoor,,,,,,,,,No,,,3.5,,,,0,,0,,0.79,,0.79,0,Push
PrizePicks,MLB,244978,Colson Montgomery,IF,CWS,Singles,0.5,TRUE,N/A,10/3/2026,5:36:36 AM,pre_game,MLB,demon,https://static.prizepicks.com/images/players/MLB/Colson_Montgomery_MLB_player_j4GCQ0xCS1DuWlq2jQyc285-450.webp,15365385,,,,,,,,,Yes,-1.4,6.9,Pirates @ White Sox,2026-09-08T23:40:00Z,Tue 07:40pm,Rate Field,outdoor,,,,,,,,,No,,,3.5,,,,0,,0,,0.69,,0.69,0,Push
PrizePicks,MLB,314184,Sam Antonacci,OF,CWS,Hits+Runs+RBIs,0.5,TRUE,N/A,10/3/2026,5:36:36 AM,pre_game,MLB,goblin,https://static.prizepicks.com/images/manual/Sam_Antonacci.png,15365388,0.50,58.77,41.23,-6.75,58.77,Over,https://www.freeiconspng.com/img/1934,,Yes,-1.4,6.9,Pirates @ White Sox,2026-09-08T23:40:00Z,Tue 07:40pm,Rate Field,outdoor,,-143.000,-143.000,9/8/2026,0.588,,,,No,,,3.5,58.77,41.23,58.77,0.59,,0,,0.97,,0.78,0,Great Bet
PrizePicks,MLB,127166,Andrew Benintendi,DH,CWS,Doubles,0.5,TRUE,N/A,10/3/2026,5:36:36 AM,pre_game,MLB,demon,https://static.prizepicks.com/images/players/MLB/Andrew_Benintendi_MLB_player_gS0XOOhPqt5xrsBUNxHk03Qx-450.webp,15365391,,,,,,,,,Yes,-1.4,6.9,Pirates @ White Sox,2026-09-08T23:40:00Z,Tue 07:40pm,Rate Field,outdoor,,,,,,,,,No,,,3.5,,,,0,,0,,0.84,,0.84,0,Push
PrizePicks,MLB,309111,Munetaka Murakami,IF,CWS,Doubles,0.5,TRUE,N/A,10/3/2026,5:36:36 AM,pre_game,MLB,demon,https://static.prizepicks.com/images/manual/Munetaka_Murakami.png,15365395,,,,,,,,,Yes,-1.4,6.9,Pirates @ White Sox,2026-09-08T23:40:00Z,Tue 07:40pm,Rate Field,outdoor,,,,,,,,,No,,,3.5,,,,0,,0,,0.72,,0.72,0,Push
PrizePicks,MLB,67698,Steven Kwan,OF,CLE,Total Bases,0.5,TRUE,N/A,10/3/2026,5:36:36 AM,pre_game,MLB,goblin,https://static.prizepicks.com/images/players/MLB/Steven_Kwan_MLB_player_ntXGz6Uewr9nyMV3MgkiDLnt-450.webp,15365396,,,,,,,,,Yes,-1.4,6.9,Guardians @ Orioles,2026-09-08T22:35:00Z,Tue 06:35pm,Oriole Park at Camden Yards,outdoor,,,,,,,,,No,,,3.5,,,,0,,0,,0.99,,1.24,1.5,Push
PrizePicks,MLB,317289,Patrick Bailey,C,CLE,Singles,0.5,TRUE,N/A,10/3/2026,5:36:36 AM,pre_game,MLB,demon,https://static.prizepicks.com/images/manual/Patrick_Bailey.png,15365397,,,,,,,,,Yes,-1.4,6.9,Guardians @ Orioles,2026-09-08T22:35:00Z,Tue 06:35pm,Oriole Park at Camden Yards,outdoor,,,,,,,,,No,,,3.5,,,,0,,0,,0.8,,0.8,0,Push
PrizePicks,MLB,205264,Miguel Vargas,IF,CWS,Doubles,0.5,TRUE,N/A,10/3/2026,5:36:36 AM,pre_game,MLB,demon,https://static.prizepicks.com/images/players/MLB/Miguel_Vargas_MLB_player_G8lSuTxbs8GHQpczU4L0qDkR-450.webp,15365400,,,,,,,,,Yes,-1.4,6.9,Pirates @ White Sox,2026-09-08T23:40:00Z,Tue 07:40pm,Rate Field,outdoor,,,,,,,,,No,,,3.5,,,,0,,0,,0.88,,0.88,0,Push
PrizePicks,MLB,266831,Chase DeLauter,OF,CLE,Total Bases,0.5,TRUE,N/A,10/3/2026,5:36:36 AM,pre_game,MLB,goblin,https://static.prizepicks.com/images/manual/Chase DeLauter.png,15365401,,,,,,,,,Yes,-1.4,6.9,Guardians @ Orioles,2026-09-08T22:35:00Z,Tue 06:35pm,Oriole Park at Camden Yards,outdoor,,,,,,,,,No,,,3.5,,,,0,,0,,1,,1,0,Push
PrizePicks,MLB,309111,Munetaka Murakami,IF,CWS,Singles,0.5,TRUE,N/A,10/3/2026,5:36:36 AM,pre_game,MLB,demon,https://static.prizepicks.com/images/manual/Munetaka_Murakami.png,15365404,,,,,,,,,Yes,-1.4,6.9,Pirates @ White Sox,2026-09-08T23:40:00Z,Tue 07:40pm,Rate Field,outdoor,,,,,,,,,No,,,3.5,,,,0,,0,,0.72,,0.72,0,Push
PrizePicks,MLB,323131,Braden Montgomery,OF,CWS,Singles,0.5,TRUE,N/A,10/3/2026,5:36:36 AM,pre_game,MLB,demon,https://static.prizepicks.com/images/manual/Braden Montgomery.png,15365407,,,,,,,,,Yes,-1.4,6.9,Pirates @ White Sox,2026-09-08T23:40:00Z,Tue 07:40pm,Rate Field,outdoor,,,,,,8/4/2026,Day-To-Day,Aug 2: The White Sox scratched Montgomery from the lineup for Sunday's game against the Rays.,No,,,3.5,,,,0,,0,,0.79,,0.79,0,Push
PrizePicks,MLB,201589,Angel Martínez,OF,CLE,Singles,0.5,TRUE,N/A,10/3/2026,5:36:36 AM,pre_game,MLB,standard,https://static.prizepicks.com/images/players/MLB/Angel_Mart%C3%ADnez_MLB_player_QojrBDK78dNI9zcgIzRMCYxd-450.webp,15365408,,,,,,,,,Yes,-1.4,6.9,Guardians @ Orioles,2026-09-08T22:35:00Z,Tue 06:35pm,Oriole Park at Camden Yards,outdoor,,,,,,,,,No,,,3.5,,,,0,,0,,0.89,,0.7,0,Push
PrizePicks,MLB,205264,Miguel Vargas,IF,CWS,Singles,0.5,TRUE,N/A,10/3/2026,5:36:36 AM,pre_game,MLB,demon,https://static.prizepicks.com/images/players/MLB/Miguel_Vargas_MLB_player_G8lSuTxbs8GHQpczU4L0qDkR-450.webp,15365409,,,,,,,,,Yes,-1.4,6.9,Pirates @ White Sox,2026-09-08T23:40:00Z,Tue 07:40pm,Rate Field,outdoor,,,,,,,,,No,,,3.5,,,,0,,0,,0.88,,0.88,0,Push
PrizePicks,MLB,331054,Jo Adell,OF,CLE,Doubles,0.5,TRUE,N/A,10/3/2026,5:36:36 AM,pre_game,MLB,demon,https://static.prizepicks.com/images/manual/Jo Adell CLE.png,15365410,,,,,,,,,Yes,-1.4,6.9,Guardians @ Orioles,2026-09-08T22:35:00Z,Tue 06:35pm,Oriole Park at Camden Yards,outdoor,,,,,,,,,No,,,3.5,,,,0,,0,,0.86,,0.86,0,Push
PrizePicks,MLB,193122,Brayan Rocchio,IF,CLE,Hits+Runs+RBIs,0.5,TRUE,N/A,10/3/2026,5:36:36 AM,pre_game,MLB,goblin,https://static.prizepicks.com/images/players/MLB/Brayan_Rocchio_MLB_player_PGq0ULkYVRkU5iXYMyn5I3Lc-450.webp,15365412,1.50,40.71,59.29,-6.81,59.29,Under,https://www.freeiconspng.com/img/1934,,Yes,-1.4,6.9,Guardians @ Orioles,2026-09-08T22:35:00Z,Tue 06:35pm,Oriole Park at Camden Yards,outdoor,,-146.000,-146.000,9/8/2026,1.221,,,,No,,,3.5,65.11334229,34.88665771,65.11334229,1.22,,0,,0.88,,1.05,0,Push
PrizePicks,MLB,235491,Chase Meidroth,IF,CWS,Hitter Strikeouts,0.5,TRUE,N/A,10/3/2026,5:36:36 AM,pre_game,MLB,goblin,https://static.prizepicks.com/images/players/MLB/Chase_Meidroth_MLB_player_3aJAUSt5N14MCI2tnJjUQKgl-450.webp,15365414,,,,,,,,,Yes,-1.4,6.9,Pirates @ White Sox,2026-09-08T23:40:00Z,Tue 07:40pm,Rate Field,outdoor,,,,,,,,,No,,,5,,,,0,,0,,141,,141,0,Push
PrizePicks,MLB,67698,Steven Kwan,OF,CLE,Singles,0.5,TRUE,N/A,10/3/2026,5:36:36 AM,pre_game,MLB,goblin,https://static.prizepicks.com/images/players/MLB/Steven_Kwan_MLB_player_ntXGz6Uewr9nyMV3MgkiDLnt-450.webp,15365415,,,,,,,,,Yes,-1.4,6.9,Guardians @ Orioles,2026-09-08T22:35:00Z,Tue 06:35pm,Oriole Park at Camden Yards,outdoor,,,,,,,,,No,,,3.5,,,,0,,0,,0.99,,0.99,0,Push
PrizePicks,MLB,241087,Kyle Teel,C,CWS,Doubles,0.5,TRUE,N/A,10/3/2026,5:36:36 AM,pre_game,MLB,demon,https://static.prizepicks.com/images/players/MLB/Kyle_Teel_MLB_player_Z3yrero53bwu64NFOIoizFmc-450.webp,15365424,,,,,16,Over,https://www.freeiconspng.com/img/1934,,Yes,-1.4,6.9,Pirates @ White Sox,2026-09-08T23:40:00Z,Tue 07:40pm,Rate Field,outdoor,,525.000,,9/8/2026,0.160,9/8/2026,10-Day-IL,"Jul 22: Teel is expected to miss 6-to-12 weeks due to left high-ankle sprain,  MLB.com reports.",No,,,3.5,36.08697804,63.91302196,36.08697804,0.16,,0,,0.74,,0.45,0,Great Bet
PrizePicks,MLB,328439,Travis Bazzana,IF,AL,Singles,0.5,TRUE,N/A,10/3/2026,5:36:36 AM,pre_game,MLB,demon,https://static.prizepicks.com/images/manual/Travis Bazzana.png,15365428,,,,,,,,,Yes,-1.4,6.9,Guardians @ Orioles,2026-09-08T22:35:00Z,Tue 06:35pm,Oriole Park at Camden Yards,outdoor,,,,,,,,,No,,,3.5,,,,0,,0,,0.86,,0.86,0,Push
PrizePicks,MLB,205264,Miguel Vargas,IF,CWS,Hits+Runs+RBIs,0.5,TRUE,N/A,10/3/2026,5:36:36 AM,pre_game,MLB,goblin,https://static.prizepicks.com/images/players/MLB/Miguel_Vargas_MLB_player_G8lSuTxbs8GHQpczU4L0qDkR-450.webp,15365429,1.50,43.91,56.09,-3.59,56.09,Under,https://www.freeiconspng.com/img/1934,,Yes,-1.4,6.9,Pirates @ White Sox,2026-09-08T23:40:00Z,Tue 07:40pm,Rate Field,outdoor,,-128.000,-128.000,9/8/2026,1.317,,,,No,,,3.5,66.58448925,33.41551075,66.58448925,1.32,,0,,0.88,,1.1,0,Push
PrizePicks,MLB,67669,José Ramírez,IF,CLE,Doubles,0.5,TRUE,N/A,10/3/2026,5:36:36 AM,pre_game,MLB,demon,https://static.prizepicks.com/images/players/MLB/Jos%C3%A9_Ram%C3%ADrez_MLB_player_WzQsklw2gpPqHAZQC4Vjg4S3-450.webp,15365434,,,,,,,,,Yes,-1.4,6.9,Guardians @ Orioles,2026-09-08T22:35:00Z,Tue 06:35pm,Oriole Park at Camden Yards,outdoor,,,,,,,,,No,,,3.5,,,,0,,0,,0.82,,0.82,0,Push
PrizePicks,MLB,331060,Nathaniel Lowe,IF,CLE,Doubles,0.5,TRUE,N/A,10/3/2026,5:36:36 AM,pre_game,MLB,demon,https://static.prizepicks.com/images/manual/Nathaniel Lowe CLE.png,15365435,,,,,,,,,Yes,-1.4,6.9,Guardians @ Orioles,2026-09-08T22:35:00Z,Tue 06:35pm,Oriole Park at Camden Yards,outdoor,,,,,,,,,No,,,3.5,,,,0,,0,,0.79,,0.79,0,Push
PrizePicks,MLB,328439,Travis Bazzana,IF,AL,Hitter Strikeouts,0.5,TRUE,N/A,10/3/2026,5:36:36 AM,pre_game,MLB,goblin,https://static.prizepicks.com/images/manual/Travis Bazzana.png,15366330,,,,,,,,,Yes,-1.4,6.9,Guardians @ Orioles,2026-09-08T22:35:00Z,Tue 06:35pm,Oriole Park at Camden Yards,outdoor,,,,,,,,,No,,,5,,,,0,,0,,107,,107,0,Push
PrizePicks,MLB,67698,Steven Kwan,OF,CLE,Hitter Strikeouts,0.5,TRUE,N/A,10/3/2026,5:36:36 AM,pre_game,MLB,demon,https://static.prizepicks.com/images/players/MLB/Steven_Kwan_MLB_player_ntXGz6Uewr9nyMV3MgkiDLnt-450.webp,15366331,,,,,,,,,Yes,-1.4,6.9,Guardians @ Orioles,2026-09-08T22:35:00Z,Tue 06:35pm,Oriole Park at Camden Yards,outdoor,,,,,,,,,No,,,5,,,,0,,0,,62,,62,0,Push
PrizePicks,MLB,201589,Angel Martínez,OF,CLE,Hitter Strikeouts,0.5,TRUE,N/A,10/3/2026,5:36:36 AM,pre_game,MLB,goblin,https://static.prizepicks.com/images/players/MLB/Angel_Mart%C3%ADnez_MLB_player_QojrBDK78dNI9zcgIzRMCYxd-450.webp,15366332,,,,,,,,,Yes,-1.4,6.9,Guardians @ Orioles,2026-09-08T22:35:00Z,Tue 06:35pm,Oriole Park at Camden Yards,outdoor,,,,,,,,,No,,,5,,,,0,,0,,91,,91,0,Push
PrizePicks,MLB,331054,Jo Adell,OF,CLE,Hitter Strikeouts,0.5,TRUE,N/A,10/3/2026,5:36:36 AM,pre_game,MLB,goblin,https://static.prizepicks.com/images/manual/Jo Adell CLE.png,15366333,,,,,,,,,Yes,-1.4,6.9,Guardians @ Orioles,2026-09-08T22:35:00Z,Tue 06:35pm,Oriole Park at Camden Yards,outdoor,,,,,,,,,No,,,5,,,,0,,0,,49,,49,0,Push
PrizePicks,MLB,331060,Nathaniel Lowe,IF,CLE,Hitter Strikeouts,0.5,TRUE,N/A,10/3/2026,5:36:36 AM,pre_game,MLB,goblin,https://static.prizepicks.com/images/manual/Nathaniel Lowe CLE.png,15366334,,,,,,,,,Yes,-1.4,6.9,Guardians @ Orioles,2026-09-08T22:35:00Z,Tue 06:35pm,Oriole Park at Camden Yards,outdoor,,,,,,,,,No,,,5,,,,0,,0,,29,,29,0,Push
PrizePicks,MLB,317289,Patrick Bailey,C,CLE,Hitter Strikeouts,0.5,TRUE,N/A,10/3/2026,5:36:36 AM,pre_game,MLB,goblin,https://static.prizepicks.com/images/manual/Patrick_Bailey.png,15366335,,,,,,,,,Yes,-1.4,6.9,Guardians @ Orioles,2026-09-08T22:35:00Z,Tue 06:35pm,Oriole Park at Camden Yards,outdoor,,,,,,,,,No,,,5,,,,0,,0,,70,,70,0,Push
PrizePicks,MLB,317289,Patrick Bailey,C,CLE,Stolen Bases,0.5,TRUE,N/A,10/3/2026,5:36:36 AM,pre_game,MLB,demon,https://static.prizepicks.com/images/manual/Patrick_Bailey.png,15366504,,,,,6.25,Over,https://www.freeiconspng.com/img/1934,,Yes,-1.4,6.9,Guardians @ Orioles,2026-09-08T22:35:00Z,Tue 06:35pm,Oriole Park at Camden Yards,outdoor,,1500.000,,9/8/2026,0.063,,,,No,,,3.5,34.97333744,65.02666256,34.97333744,0.06,,0,,0.8,,0.43,0,Great Bet
PrizePicks,MLB,331054,Jo Adell,OF,CLE,Stolen Bases,0.5,TRUE,N/A,10/3/2026,5:36:36 AM,pre_game,MLB,demon,https://static.prizepicks.com/images/manual/Jo Adell CLE.png,15366505,0.50,8.66,91.34,-7.96,91.34,Under,https://www.freeiconspng.com/img/1934,,Yes,-1.4,6.9,Guardians @ Orioles,2026-09-08T22:35:00Z,Tue 06:35pm,Oriole Park at Camden Yards,outdoor,,-1055.000,-1055.000,9/8/2026,0.087,,,,No,,,3.5,8.66,91.34,8.66,0.09,,0,,0.86,,0.47,0,Good Bet
PrizePicks,MLB,323131,Braden Montgomery,OF,CWS,Stolen Bases,0.5,TRUE,N/A,10/3/2026,5:36:36 AM,pre_game,MLB,demon,https://static.prizepicks.com/images/manual/Braden Montgomery.png,15366729,0.50,7.76,92.24,-6.77,92.24,Under,https://www.freeiconspng.com/img/1934,,Yes,-1.4,6.9,Pirates @ White Sox,2026-09-08T23:40:00Z,Tue 07:40pm,Rate Field,outdoor,,-1189.000,-1189.000,9/8/2026,0.078,8/4/2026,Day-To-Day,Aug 2: The White Sox scratched Montgomery from the lineup for Sunday's game against the Rays.,No,,,3.5,7.76,92.24,7.76,0.08,,0,,0.79,,0.43,0,Good Bet
PrizePicks,MLB,241087,Kyle Teel,C,CWS,Stolen Bases,0.5,TRUE,N/A,10/3/2026,5:36:36 AM,pre_game,MLB,demon,https://static.prizepicks.com/images/players/MLB/Kyle_Teel_MLB_player_Z3yrero53bwu64NFOIoizFmc-450.webp,15366730,0.50,10.36,89.64,-6.51,89.64,Under,https://www.freeiconspng.com/img/1934,,Yes,-1.4,6.9,Pirates @ White Sox,2026-09-08T23:40:00Z,Tue 07:40pm,Rate Field,outdoor,,-865.000,-865.000,9/8/2026,0.104,9/8/2026,10-Day-IL,"Jul 22: Teel is expected to miss 6-to-12 weeks due to left high-ankle sprain,  MLB.com reports.",No,,,3.5,10.36,89.64,10.36,0.1,,0,,0.74,,0.42,0,Good Bet
PrizePicks,MLB,235491,Chase Meidroth,IF,CWS,Stolen Bases,0.5,TRUE,N/A,10/3/2026,5:36:36 AM,pre_game,MLB,demon,https://static.prizepicks.com/images/players/MLB/Chase_Meidroth_MLB_player_3aJAUSt5N14MCI2tnJjUQKgl-450.webp,15366731,0.50,10.75,89.25,-9.91,89.25,Under,https://www.freeiconspng.com/img/1934,,Yes,-1.4,6.9,Pirates @ White Sox,2026-09-08T23:40:00Z,Tue 07:40pm,Rate Field,outdoor,,-830.000,-830.000,9/8/2026,0.108,,,,No,,,3.5,10.75,89.25,10.75,0.11,,0,,0.96,,0.54,0,Good Bet
PrizePicks,MLB,310369,Tristan Peters,OF,CWS,Stolen Bases,0.5,TRUE,N/A,10/3/2026,5:36:36 AM,pre_game,MLB,demon,https://static.prizepicks.com/images/manual/Tristan_Peters.png,15366732,0.50,11.6,88.4,-6.84,88.4,Under,https://www.freeiconspng.com/img/1934,,Yes,-1.4,6.9,Pirates @ White Sox,2026-09-08T23:40:00Z,Tue 07:40pm,Rate Field,outdoor,,-762.000,-762.000,9/8/2026,0.116,,,,No,,,3.5,11.6,88.4,11.6,0.12,,0,,0.93,,0.52,0,Good Bet
PrizePicks,MLB,235491,Chase Meidroth,IF,CWS,Singles,0.5,TRUE,N/A,10/3/2026,5:36:36 AM,pre_game,MLB,standard,https://static.prizepicks.com/images/players/MLB/Chase_Meidroth_MLB_player_3aJAUSt5N14MCI2tnJjUQKgl-450.webp,15367146,,,,,,,,,Yes,-1.4,6.9,Pirates @ White Sox,2026-09-08T23:40:00Z,Tue 07:40pm,Rate Field,outdoor,,,,,,,,,No,,,3.5,,,,0,,0,,0.96,,0.73,0,Push
PrizePicks,MLB,331060,Nathaniel Lowe,IF,CLE,Total Bases,0.5,TRUE,N/A,10/3/2026,5:36:36 AM,pre_game,MLB,goblin,https://static.prizepicks.com/images/manual/Nathaniel Lowe CLE.png,15368706,,,,,,,,,Yes,-1.4,6.9,Guardians @ Orioles,2026-09-08T22:35:00Z,Tue 06:35pm,Oriole Park at Camden Yards,outdoor,,,,,,,,,No,,,3.5,,,,0,,0,,0.79,,1.14,1.5,Push
PrizePicks,MLB,331060,Nathaniel Lowe,IF,CLE,Hits,0.5,TRUE,N/A,10/3/2026,5:36:36 AM,pre_game,MLB,goblin,https://static.prizepicks.com/images/manual/Nathaniel Lowe CLE.png,15368707,0.50,56.25,43.75,-6.71,56.25,Over,https://www.freeiconspng.com/img/1934,,Yes,-1.4,6.9,Guardians @ Orioles,2026-09-08T22:35:00Z,Tue 06:35pm,Oriole Park at Camden Yards,outdoor,,-129.000,-129.000,9/8/2026,0.563,,,,No,,,3.5,56.25,43.75,56.25,0.56,,0,,0.79,,0.62,0.5,Good Bet
PrizePicks,MLB,266831,Chase DeLauter,OF,CLE,Hitter Strikeouts,0.5,TRUE,N/A,10/3/2026,5:36:36 AM,pre_game,MLB,goblin,https://static.prizepicks.com/images/manual/Chase DeLauter.png,15373196,,,,,,,,,Yes,-1.4,6.9,Guardians @ Orioles,2026-09-08T22:35:00Z,Tue 06:35pm,Oriole Park at Camden Yards,outdoor,,,,,,,,,No,,,5,,,,0,,0,,82,,82,0,Push
PrizePicks,MLB,127166,Andrew Benintendi,DH,CWS,Total Bases,0.5,TRUE,N/A,10/3/2026,5:36:36 AM,pre_game,MLB,goblin,https://static.prizepicks.com/images/players/MLB/Andrew_Benintendi_MLB_player_gS0XOOhPqt5xrsBUNxHk03Qx-450.webp,15374831,,,,,,,,,Yes,-1.4,6.9,Pirates @ White Sox,2026-09-08T23:40:00Z,Tue 07:40pm,Rate Field,outdoor,,,,,,,,,No,,,3.5,,,,0,,0,,0.84,,0.67,0.5,Push
PrizePicks,MLB,244978,Colson Montgomery,IF,CWS,Total Bases,0.5,TRUE,N/A,10/3/2026,5:36:36 AM,pre_game,MLB,standard,https://static.prizepicks.com/images/players/MLB/Colson_Montgomery_MLB_player_j4GCQ0xCS1DuWlq2jQyc285-450.webp,15374842,,,,,,,,,Yes,-1.4,6.9,Pirates @ White Sox,2026-09-08T23:40:00Z,Tue 07:40pm,Rate Field,outdoor,,,,,,,,,No,,,3.5,,,,0,,0,,0.69,,0.56,0.5,Push
PrizePicks,MLB,244978,Colson Montgomery,IF,CWS,Hits,0.5,TRUE,N/A,10/3/2026,5:36:36 AM,pre_game,MLB,standard,https://static.prizepicks.com/images/players/MLB/Colson_Montgomery_MLB_player_j4GCQ0xCS1DuWlq2jQyc285-450.webp,15374843,0.50,48.2,51.8,-4.72,51.8,Under,https://www.freeiconspng.com/img/1934,,Yes,-1.4,6.9,Pirates @ White Sox,2026-09-08T23:40:00Z,Tue 07:40pm,Rate Field,outdoor,,-107.000,-107.000,9/8/2026,0.482,,,,No,,,3.5,48.2,51.8,51.8,0.48,,0,,0.69,,0.54,0.5,Great Bet
PrizePicks,MLB,127166,Andrew Benintendi,DH,CWS,Hits,0.5,TRUE,N/A,10/3/2026,5:36:36 AM,pre_game,MLB,goblin,https://static.prizepicks.com/images/players/MLB/Andrew_Benintendi_MLB_player_gS0XOOhPqt5xrsBUNxHk03Qx-450.webp,15374844,0.50,58.88,41.12,,63.64,Over,https://www.freeiconspng.com/img/1934,,Yes,-1.4,6.9,Pirates @ White Sox,2026-09-08T23:40:00Z,Tue 07:40pm,Rate Field,outdoor,,-175.000,-175.000,9/8/2026,0.589,,,,No,,,3.5,58.88,41.12,58.88,0.59,,0,,0.84,,0.64,0.5,Good Bet
PrizePicks,MLB,244978,Colson Montgomery,IF,CWS,Hitter Strikeouts,0.5,TRUE,N/A,10/3/2026,5:36:36 AM,pre_game,MLB,goblin,https://static.prizepicks.com/images/players/MLB/Colson_Montgomery_MLB_player_j4GCQ0xCS1DuWlq2jQyc285-450.webp,15374880,,,,,,,,,Yes,-1.4,6.9,Pirates @ White Sox,2026-09-08T23:40:00Z,Tue 07:40pm,Rate Field,outdoor,,,,,,,,,No,,,5,,,,0,,0,,227,,227,0,Push
PrizePicks,MLB,195621,Tommy Pham,DH,CWS,RBIs,0.5,TRUE,N/A,10/3/2026,5:36:36 AM,pre_game,MLB,demon,https://static.prizepicks.com/images/manual/Tommy Pham.png,15375145,,,,,,,,,Yes,-1.4,6.9,Pirates @ White Sox,2026-09-08T23:40:00Z,Tue 07:40pm,Rate Field,outdoor,,,,,,,,,No,,,3.5,,,,0,,0,,0.62,,0.62,0,Push
PrizePicks,MLB,316660,Randal Grichuk,DH,CWS,Walks,0.5,TRUE,N/A,10/3/2026,5:36:36 AM,pre_game,MLB,demon,https://static.prizepicks.com/images/manual/Randal Grichuk CWS.png,15375146,0.50,22.36,77.64,-7.87,77.64,Under,https://www.freeiconspng.com/img/1934,,Yes,-1.4,6.9,Pirates @ White Sox,2026-09-08T23:40:00Z,Tue 07:40pm,Rate Field,outdoor,,-347.000,-347.000,,0.224,,,,No,,,3.5,22.36,77.64,22.36,0.22,,0,,1.05,,0.64,0,Good Bet
PrizePicks,MLB,316660,Randal Grichuk,DH,CWS,Runs,0.5,TRUE,N/A,10/3/2026,5:36:36 AM,pre_game,MLB,demon,https://static.prizepicks.com/images/manual/Randal Grichuk CWS.png,15375147,0.50,32.19,67.81,0.28,67.81,Under,https://www.freeiconspng.com/img/1934,,Yes,-1.4,6.9,Pirates @ White Sox,2026-09-08T23:40:00Z,Tue 07:40pm,Rate Field,outdoor,,-211.000,-211.000,,0.322,,,,No,,,3.5,32.19,67.81,32.19,0.32,,0,,1.05,,0.68,0,Good Bet
PrizePicks,MLB,195621,Tommy Pham,DH,CWS,Runs,0.5,TRUE,N/A,10/3/2026,5:36:36 AM,pre_game,MLB,demon,https://static.prizepicks.com/images/manual/Tommy Pham.png,15375148,0.50,28.89,71.11,0.18,71.11,Under,https://www.freeiconspng.com/img/1934,,Yes,-1.4,6.9,Pirates @ White Sox,2026-09-08T23:40:00Z,Tue 07:40pm,Rate Field,outdoor,,-246.000,-246.000,,0.289,,,,No,,,3.5,28.89,71.11,28.89,0.29,,0,,0.62,,0.45,0,Good Bet
PrizePicks,MLB,195621,Tommy Pham,DH,CWS,Walks,0.5,TRUE,N/A,10/3/2026,5:36:36 AM,pre_game,MLB,demon,https://static.prizepicks.com/images/manual/Tommy Pham.png,15375149,0.50,32.22,67.78,-7.53,67.78,Under,https://www.freeiconspng.com/img/1934,,Yes,-1.4,6.9,Pirates @ White Sox,2026-09-08T23:40:00Z,Tue 07:40pm,Rate Field,outdoor,,-210.000,-210.000,,0.322,,,,No,,,3.5,32.22,67.78,32.22,0.32,,0,,0.62,,0.47,0,Good Bet
PrizePicks,MLB,195621,Tommy Pham,DH,CWS,Home Runs,0.5,TRUE,N/A,10/3/2026,5:36:36 AM,pre_game,MLB,demon,https://static.prizepicks.com/images/manual/Tommy Pham.png,15375151,0.50,9.47,90.53,,10.53,Over,https://www.freeiconspng.com/img/1934,,Yes,-1.4,6.9,Pirates @ White Sox,2026-09-08T23:40:00Z,Tue 07:40pm,Rate Field,outdoor,,850.000,850.000,,0.095,,,,No,,,3.5,9.47,90.53,9.47,0.09,,0,,0.62,,0.36,0,Good Bet
PrizePicks,MLB,331055,Brenton Doyle,OF,CWS,RBIs,0.5,TRUE,N/A,10/3/2026,5:36:36 AM,pre_game,MLB,demon,https://static.prizepicks.com/images/manual/Brenton Doyle.png,15375152,,,,,,,,,Yes,-1.4,6.9,Pirates @ White Sox,2026-09-08T23:40:00Z,Tue 07:40pm,Rate Field,outdoor,,,,,,,,,No,,,3.5,,,,0,,0,,0.9,,0.9,0,Push
PrizePicks,MLB,316660,Randal Grichuk,DH,CWS,Hits,0.5,TRUE,N/A,10/3/2026,5:36:36 AM,pre_game,MLB,goblin,https://static.prizepicks.com/images/manual/Randal Grichuk CWS.png,15375153,0.50,59.89,40.11,-5.63,59.89,Over,https://www.freeiconspng.com/img/1934,,Yes,-1.4,6.9,Pirates @ White Sox,2026-09-08T23:40:00Z,Tue 07:40pm,Rate Field,outdoor,,-149.000,-149.000,,0.599,,,,No,,,3.5,59.89,40.11,59.89,0.6,,0,,1.05,,0.82,0,Great Bet
PrizePicks,MLB,331055,Brenton Doyle,OF,CWS,Stolen Bases,0.5,TRUE,N/A,10/3/2026,5:36:36 AM,pre_game,MLB,demon,https://static.prizepicks.com/images/manual/Brenton Doyle.png,15375154,0.50,10.64,89.36,-5.63,89.36,Under,https://www.freeiconspng.com/img/1934,,Yes,-1.4,6.9,Pirates @ White Sox,2026-09-08T23:40:00Z,Tue 07:40pm,Rate Field,outdoor,,-840.000,-840.000,,0.106,,,,No,,,3.5,10.64,89.36,10.64,0.11,,0,,0.9,,0.5,0,Good Bet
PrizePicks,MLB,331055,Brenton Doyle,OF,CWS,Walks,0.5,TRUE,N/A,10/3/2026,5:36:36 AM,pre_game,MLB,demon,https://static.prizepicks.com/images/manual/Brenton Doyle.png,15375155,0.50,22.01,77.99,-7.52,77.99,Under,https://www.freeiconspng.com/img/1934,,Yes,-1.4,6.9,Pirates @ White Sox,2026-09-08T23:40:00Z,Tue 07:40pm,Rate Field,outdoor,,-354.000,-354.000,,0.220,,,,No,,,3.5,22.01,77.99,22.01,0.22,,0,,0.9,,0.56,0,Good Bet
PrizePicks,MLB,331055,Brenton Doyle,OF,CWS,Home Runs,0.5,TRUE,N/A,10/3/2026,5:36:36 AM,pre_game,MLB,demon,https://static.prizepicks.com/images/manual/Brenton Doyle.png,15375156,0.50,10.48,89.52,,9.52,Over,https://www.freeiconspng.com/img/1934,,Yes,-1.4,6.9,Pirates @ White Sox,2026-09-08T23:40:00Z,Tue 07:40pm,Rate Field,outdoor,,950.000,950.000,,0.105,,,,No,,,3.5,10.48,89.52,10.48,0.1,,0,,0.9,,0.5,0,Good Bet
PrizePicks,MLB,331055,Brenton Doyle,OF,CWS,Runs,0.5,TRUE,N/A,10/3/2026,5:36:36 AM,pre_game,MLB,demon,https://static.prizepicks.com/images/manual/Brenton Doyle.png,15375157,0.50,25.14,74.86,0.24,74.86,Under,https://www.freeiconspng.com/img/1934,,Yes,-1.4,6.9,Pirates @ White Sox,2026-09-08T23:40:00Z,Tue 07:40pm,Rate Field,outdoor,,-298.000,-298.000,,0.251,,,,No,,,3.5,25.14,74.86,25.14,0.25,,0,,0.9,,0.58,0,Good Bet
PrizePicks,MLB,316660,Randal Grichuk,DH,CWS,Home Runs,0.5,TRUE,N/A,10/3/2026,5:36:36 AM,pre_game,MLB,demon,https://static.prizepicks.com/images/manual/Randal Grichuk CWS.png,15375159,,,,,2.17,Over,https://www.freeiconspng.com/img/1934,,Yes,-1.4,6.9,Pirates @ White Sox,2026-09-08T23:40:00Z,Tue 07:40pm,Rate Field,outdoor,,4508.000,,,0.065,,,,No,,,3.5,42.65326491,57.34673509,42.65326491,0.07,,0,,1.05,,0.56,0,Great Bet
PrizePicks,MLB,331055,Brenton Doyle,OF,CWS,Total Bases,0.5,TRUE,N/A,10/3/2026,5:36:36 AM,pre_game,MLB,standard,https://static.prizepicks.com/images/manual/Brenton Doyle.png,15375160,,,,,,,,,Yes,-1.4,6.9,Pirates @ White Sox,2026-09-08T23:40:00Z,Tue 07:40pm,Rate Field,outdoor,,,,,,,,,No,,,3.5,,,,0,,0,,0.9,,0.7,0,Push
PrizePicks,MLB,316660,Randal Grichuk,DH,CWS,RBIs,0.5,TRUE,N/A,10/3/2026,5:36:36 AM,pre_game,MLB,demon,https://static.prizepicks.com/images/manual/Randal Grichuk CWS.png,15375164,,,,,,,,,Yes,-1.4,6.9,Pirates @ White Sox,2026-09-08T23:40:00Z,Tue 07:40pm,Rate Field,outdoor,,,,,,,,,No,,,3.5,,,,0,,0,,1.05,,1.05,0,Push
PrizePicks,MLB,331055,Brenton Doyle,OF,CWS,Hits+Runs+RBIs,0.5,TRUE,N/A,10/3/2026,5:36:36 AM,pre_game,MLB,goblin,https://static.prizepicks.com/images/manual/Brenton Doyle.png,15375165,0.50,55.43,44.57,-4.25,55.43,Over,https://www.freeiconspng.com/img/1934,,Yes,-1.4,6.9,Pirates @ White Sox,2026-09-08T23:40:00Z,Tue 07:40pm,Rate Field,outdoor,,-124.000,-124.000,,0.554,,,,No,,,3.5,55.43,44.57,55.43,0.55,,0,,0.9,,0.73,0,Great Bet
PrizePicks,MLB,331055,Brenton Doyle,OF,CWS,Hits,0.5,TRUE,N/A,10/3/2026,5:36:36 AM,pre_game,MLB,standard,https://static.prizepicks.com/images/manual/Brenton Doyle.png,15375166,0.50,51.54,48.46,-5.91,51.54,Over,https://www.freeiconspng.com/img/1934,,Yes,-1.4,6.9,Pirates @ White Sox,2026-09-08T23:40:00Z,Tue 07:40pm,Rate Field,outdoor,,-106.000,-106.000,,0.515,,,,No,,,3.5,51.54,48.46,51.54,0.52,,0,,0.9,,0.64,0,Great Bet
PrizePicks,MLB,331055,Brenton Doyle,OF,CWS,Doubles,0.5,TRUE,N/A,10/3/2026,5:36:36 AM,pre_game,MLB,demon,https://static.prizepicks.com/images/manual/Brenton Doyle.png,15375169,,,,,,,,,Yes,-1.4,6.9,Pirates @ White Sox,2026-09-08T23:40:00Z,Tue 07:40pm,Rate Field,outdoor,,,,,,,,,No,,,3.5,,,,0,,0,,0.9,,0.9,0,Push
PrizePicks,MLB,316660,Randal Grichuk,DH,CWS,Doubles,0.5,TRUE,N/A,10/3/2026,5:36:36 AM,pre_game,MLB,demon,https://static.prizepicks.com/images/manual/Randal Grichuk CWS.png,15375170,,,,,,,,,Yes,-1.4,6.9,Pirates @ White Sox,2026-09-08T23:40:00Z,Tue 07:40pm,Rate Field,outdoor,,,,,,,,,No,,,3.5,,,,0,,0,,1.05,,1.05,0,Push
PrizePicks,MLB,195621,Tommy Pham,DH,CWS,Doubles,0.5,TRUE,N/A,10/3/2026,5:36:36 AM,pre_game,MLB,demon,https://static.prizepicks.com/images/manual/Tommy Pham.png,15375171,,,,,,,,,Yes,-1.4,6.9,Pirates @ White Sox,2026-09-08T23:40:00Z,Tue 07:40pm,Rate Field,outdoor,,,,,,,,,No,,,3.5,,,,0,,0,,0.62,,0.62,0,Push
PrizePicks,MLB,316660,Randal Grichuk,DH,CWS,Singles,0.5,TRUE,N/A,10/3/2026,5:36:36 AM,pre_game,MLB,demon,https://static.prizepicks.com/images/manual/Randal Grichuk CWS.png,15375172,,,,,,,,,Yes,-1.4,6.9,Pirates @ White Sox,2026-09-08T23:40:00Z,Tue 07:40pm,Rate Field,outdoor,,,,,,,,,No,,,3.5,,,,0,,0,,1.05,,1.05,0,Push
PrizePicks,MLB,331055,Brenton Doyle,OF,CWS,Singles,0.5,TRUE,N/A,10/3/2026,5:36:36 AM,pre_game,MLB,demon,https://static.prizepicks.com/images/manual/Brenton Doyle.png,15375174,,,,,,,,,Yes,-1.4,6.9,Pirates @ White Sox,2026-09-08T23:40:00Z,Tue 07:40pm,Rate Field,outdoor,,,,,,,,,No,,,3.5,,,,0,,0,,0.9,,0.9,0,Push
PrizePicks,MLB,195621,Tommy Pham,DH,CWS,Singles,0.5,TRUE,N/A,10/3/2026,5:36:36 AM,pre_game,MLB,demon,https://static.prizepicks.com/images/manual/Tommy Pham.png,15375176,,,,,,,,,Yes,-1.4,6.9,Pirates @ White Sox,2026-09-08T23:40:00Z,Tue 07:40pm,Rate Field,outdoor,,,,,,,,,No,,,3.5,,,,0,,0,,0.62,,0.62,0,Push
PrizePicks,MLB,195621,Tommy Pham,DH,CWS,Total Bases,0.5,TRUE,N/A,10/3/2026,5:36:36 AM,pre_game,MLB,standard,https://static.prizepicks.com/images/manual/Tommy Pham.png,15375202,,,,,,,,,Yes,-1.4,6.9,Pirates @ White Sox,2026-09-08T23:40:00Z,Tue 07:40pm,Rate Field,outdoor,,,,,,,,,No,,,3.5,,,,0,,0,,0.62,,0.56,0,Push
PrizePicks,MLB,195621,Tommy Pham,DH,CWS,Hits+Runs+RBIs,0.5,TRUE,N/A,10/3/2026,5:36:36 AM,pre_game,MLB,goblin,https://static.prizepicks.com/images/manual/Tommy Pham.png,15375203,0.50,56.29,43.71,0.15,56.29,Over,https://www.freeiconspng.com/img/1934,,Yes,-1.4,6.9,Pirates @ White Sox,2026-09-08T23:40:00Z,Tue 07:40pm,Rate Field,outdoor,,-129.000,-129.000,,0.563,,,,No,,,3.5,56.29,43.71,56.29,0.56,,0,,0.62,,0.59,0,Great Bet
PrizePicks,MLB,195621,Tommy Pham,DH,CWS,Hits,0.5,TRUE,N/A,10/3/2026,5:36:36 AM,pre_game,MLB,goblin,https://static.prizepicks.com/images/manual/Tommy Pham.png,15375204,0.50,54.55,45.45,0,54.55,Over,https://www.freeiconspng.com/img/1934,,Yes,-1.4,6.9,Pirates @ White Sox,2026-09-08T23:40:00Z,Tue 07:40pm,Rate Field,outdoor,,-120.000,-120.000,,0.546,,,,No,,,3.5,54.55,45.45,54.55,0.55,,0,,0.62,,0.58,0,Great Bet
PrizePicks,MLB,316660,Randal Grichuk,DH,CWS,Hits+Runs+RBIs,0.5,TRUE,N/A,10/3/2026,5:36:36 AM,pre_game,MLB,goblin,https://static.prizepicks.com/images/manual/Randal Grichuk CWS.png,15375211,1.50,44.39,55.61,-4.07,55.61,Under,https://www.freeiconspng.com/img/1934,,Yes,-1.4,6.9,Pirates @ White Sox,2026-09-08T23:40:00Z,Tue 07:40pm,Rate Field,outdoor,,-125.000,-125.000,,1.332,,,,No,,,3.5,69.55822288,30.44177712,69.55822288,1.33,,0,,1.05,,1.19,0,Push
PrizePicks,MLB,241087,Kyle Teel,C,CWS,Hitter Strikeouts,0.5,TRUE,N/A,10/3/2026,5:36:36 AM,pre_game,MLB,goblin,https://static.prizepicks.com/images/players/MLB/Kyle_Teel_MLB_player_Z3yrero53bwu64NFOIoizFmc-450.webp,15375221,,,,,,,,,Yes,-1.4,6.9,Pirates @ White Sox,2026-09-08T23:40:00Z,Tue 07:40pm,Rate Field,outdoor,,,,,,9/8/2026,10-Day-IL,"Jul 22: Teel is expected to miss 6-to-12 weeks due to left high-ankle sprain,  MLB.com reports.",No,,,5,,,,0,,0,,51,,51,0,Push
PrizePicks,MLB,316660,Randal Grichuk,DH,CWS,Total Bases,0.5,TRUE,N/A,10/3/2026,5:36:36 AM,pre_game,MLB,goblin,https://static.prizepicks.com/images/manual/Randal Grichuk CWS.png,15375222,,,,,,,,,Yes,-1.4,6.9,Pirates @ White Sox,2026-09-08T23:40:00Z,Tue 07:40pm,Rate Field,outdoor,,,,,,,,,No,,,3.5,,,,0,,0,,1.05,,1.05,0,Push
PrizePicks,MLB,266831,Chase DeLauter,OF,CLE,Singles,0.5,TRUE,N/A,10/3/2026,5:36:36 AM,pre_game,MLB,goblin,https://static.prizepicks.com/images/manual/Chase DeLauter.png,15375316,,,,,,,,,Yes,-1.4,6.9,Guardians @ Orioles,2026-09-08T22:35:00Z,Tue 06:35pm,Oriole Park at Camden Yards,outdoor,,,,,,,,,No,,,3.5,,,,0,,0,,1,,1,0,Push
PrizePicks,MLB,314184,Sam Antonacci,OF,CWS,Singles,0.5,TRUE,N/A,10/3/2026,5:36:36 AM,pre_game,MLB,demon,https://static.prizepicks.com/images/manual/Sam_Antonacci.png,15375317,,,,,,,,,Yes,-1.4,6.9,Pirates @ White Sox,2026-09-08T23:40:00Z,Tue 07:40pm,Rate Field,outdoor,,,,,,,,,No,,,3.5,,,,0,,0,,0.97,,0.97,0,Push
PrizePicks,MLB,331055,Brenton Doyle,OF,CWS,Hitter Strikeouts,0.5,TRUE,N/A,10/3/2026,5:36:36 AM,pre_game,MLB,goblin,https://static.prizepicks.com/images/manual/Brenton Doyle.png,15375441,,,,,,,,,Yes,-1.4,6.9,Pirates @ White Sox,2026-09-08T23:40:00Z,Tue 07:40pm,Rate Field,outdoor,,,,,,,,,No,,,5,,,,0,,0,,31,,31,0,Push
PrizePicks,MLB,257051,Parker Messick,P,CLE,Earned Runs Allowed,0.5,TRUE,N/A,10/3/2026,5:36:36 AM,pre_game,MLB,goblin,https://static.prizepicks.com/images/manual/Parker_Messick.png,15375445,,,,,,,,,Yes,-1.4,6.9,Guardians @ Orioles,2026-09-08T22:35:00Z,Tue 06:35pm,Oriole Park at Camden Yards,outdoor,,,,,,,,,No,,,3.5,,,,0,,0,,149,,149,0,Push
PrizePicks,MLB,257051,Parker Messick,P,CLE,Walks Allowed,0.5,TRUE,N/A,10/3/2026,5:36:36 AM,pre_game,MLB,goblin,https://static.prizepicks.com/images/manual/Parker_Messick.png,15375446,,,,,,,,,Yes,-1.4,6.9,Guardians @ Orioles,2026-09-08T22:35:00Z,Tue 06:35pm,Oriole Park at Camden Yards,outdoor,,,,,,,,,No,,,3.5,,,,0,,0,,149,,149,0,Push
PrizePicks,MLB,316660,Randal Grichuk,DH,CWS,Hitter Strikeouts,0.5,TRUE,N/A,10/3/2026,5:36:36 AM,pre_game,MLB,goblin,https://static.prizepicks.com/images/manual/Randal Grichuk CWS.png,15375526,,,,,,,,,Yes,-1.4,6.9,Pirates @ White Sox,2026-09-08T23:40:00Z,Tue 07:40pm,Rate Field,outdoor,,,,,,,,,No,,,5,,,,0,,0,,51,,51,0,Push
PrizePicks,MLB,195621,Tommy Pham,DH,CWS,Hitter Strikeouts,0.5,TRUE,N/A,10/3/2026,5:36:36 AM,pre_game,MLB,goblin,https://static.prizepicks.com/images/manual/Tommy Pham.png,15375529,,,,,,,,,Yes,-1.4,6.9,Pirates @ White Sox,2026-09-08T23:40:00Z,Tue 07:40pm,Rate Field,outdoor,,,,,,,,,No,,,5,,,,0,,0,,4,,4,0,Push
PrizePicks,MLB,195621,Tommy Pham,DH,CWS,Stolen Bases,0.5,TRUE,N/A,10/3/2026,5:36:36 AM,pre_game,MLB,demon,https://static.prizepicks.com/images/manual/Tommy Pham.png,15375871,,,,,12,Over,https://www.freeiconspng.com/img/1934,,Yes,-1.4,6.9,Pirates @ White Sox,2026-09-08T23:40:00Z,Tue 07:40pm,Rate Field,outdoor,,733.000,,,0.120,,,,No,,,3.5,30.84525625,69.15474375,30.84525625,0.12,,0,,0.62,,0.37,0,Great Bet
PrizePicks,MLB,314184,Sam Antonacci,OF,CWS,Total Bases,0.5,TRUE,N/A,10/3/2026,5:36:36 AM,pre_game,MLB,goblin,https://static.prizepicks.com/images/manual/Sam_Antonacci.png,15376755,,,,,,,,,Yes,-1.4,6.9,Pirates @ White Sox,2026-09-08T23:40:00Z,Tue 07:40pm,Rate Field,outdoor,,,,,,,,,No,,,3.5,,,,0,,0,,0.97,,1.23,1.5,Push
PrizePicks,MLB,200253,Ben Rice,DH,NYY,Hitter Fantasy Score,11.5,TRUE,N/A,10/3/2026,11:06:36 AM,pre_game,MLB,demon,https://static.prizepicks.com/images/players/MLB/Benjamin_Rice_MLB_player_T0iMczf9zDNVPWPlCidafc5u-450.webp,15375250,,,,,,Push,,,,,,,,,,,,,,,,,,,No,,,3.5,,,,8.5,,0,,9.87,,8.96,8.5,Push
PrizePicks,MLB,162220,Junior Caminero,IF,TB,Hitter Fantasy Score,10.5,TRUE,N/A,10/3/2026,11:06:36 AM,pre_game,MLB,demon,https://static.prizepicks.com/images/players/MLB/Junior_Caminero_MLB_player_kMEY3512DjRv76TVQ3JAv1L5-450.webp,15375259,,,,,,Push,,,,,,,,,,,,,,,,,,,No,,,3.5,,,,6.5,,0,,9.34,,7.45,6.5,Push
PrizePicks,MLB,67620,Aaron Judge,OF,NYY,Hitter Fantasy Score,10.5,TRUE,N/A,10/3/2026,11:06:36 AM,pre_game,MLB,demon,https://static.prizepicks.com/images/players/MLB/Aaron_Judge_MLB_player_wZkyneeOyGeAcqJ1KhA1QLpH-450.webp,15375262,,,,,,Push,,,,,,,,,,,,,,,,8/18/2026,60-Day-IL,"Aug 4: Yankees general manager Brian Cashman said Monday that the team is ""still very optimistic"" that Judge (ribs) will return this season, Bryan Hoch of MLB.com reports.",No,,,3.5,,,,8.5,,0,,10.15,,9.05,8.5,Push
PrizePicks,MLB,235841,Chandler Simpson,OF,TB,Hitter Fantasy Score,10.5,TRUE,N/A,10/3/2026,11:06:36 AM,pre_game,MLB,demon,https://static.prizepicks.com/images/players/MLB/Chandler_Simpson_MLB_player_FKTub2L5snVNM4hhPUL5oBrz-450.webp,15375268,,,,,,Push,,,,,,,,,,,,,,,,,,,No,,,3.5,,,,6.5,,0,,7,,6.67,6.5,Push
PrizePicks,MLB,67504,Yandy Díaz,DH,TB,Hitter Fantasy Score,9.5,TRUE,N/A,10/3/2026,11:06:36 AM,pre_game,MLB,demon,https://static.prizepicks.com/images/players/MLB/Yandy_D%C3%ADaz_MLB_player_Cch3vlbebMU8pRXLKpyAvvED-450.webp,15375235,,,,,,Push,,,,,,,,,,,,,,,,,,,No,,,3.5,,,,6.5,,0,,7.98,,6.99,6.5,Push
PrizePicks,MLB,317050,Spencer Jones,OF,NYY,Hitter Fantasy Score,9.5,TRUE,N/A,10/3/2026,11:06:36 AM,pre_game,MLB,demon,https://static.prizepicks.com/images/players/MLB/Spencer_Jones_MLB_player_qDRCinpsizNGg1AuXAQBRvM5-450.webp,15375238,,,,,,Push,,,,,,,,,,,,,,,,,,,No,,,3.5,,,,6.5,,0,,8.44,,7.15,6.5,Push
PrizePicks,MLB,205059,Jazz Chisholm Jr.,IF,NYY,Hitter Fantasy Score,9.5,TRUE,N/A,10/3/2026,11:06:36 AM,pre_game,MLB,demon,https://static.prizepicks.com/images/players/MLB/Jasrado_Chisholm_MLB_player_CB6zlgNWqT75pwrjSNlGKWfe-450.webp,15375244,,,,,,Push,,,,,,,,,,,,,,,,,,,No,,,3.5,,,,6.5,,0,,8.82,,7.27,6.5,Push
PrizePicks,MLB,233317,Cody Bellinger,OF,NYY,Hitter Fantasy Score,9.5,TRUE,N/A,10/3/2026,11:06:36 AM,pre_game,MLB,demon,https://static.prizepicks.com/images/players/MLB/Cody_Bellinger_MLB_player_eaU43diZ4W7JRNR9Zb3u0oKK-450.webp,15375253,,,,,,Push,,,,,,,,,,,,,,,,9/1/2026,10-Day-IL,"Aug 4: Bellinger (hamstring) has been doing some outdoor running while also hitting and throwing, per MLB.com.",No,,,3.5,,,,6.5,,0,,8.33,,7.11,6.5,Push
PrizePicks,MLB,320087,Victor Mesa Jr.,OF,TB,Hitter Fantasy Score,9.5,TRUE,N/A,10/3/2026,11:06:36 AM,pre_game,MLB,demon,https://static.prizepicks.com/images/players/MLB/Victor_Mesa_MLB_player_D8UX8MYcd70lJkIVR4WBQVot-450.webp,15375274,,,,,,Push,,,,,,,,,,,,,,,,,,,No,,,3.5,,,,5.5,,0,,9.28,,6.76,5.5,Push
PrizePicks,MLB,330955,Luis García Jr.,IF,NYY,Hitter Fantasy Score,9.5,TRUE,N/A,10/3/2026,11:06:36 AM,pre_game,MLB,demon,https://static.prizepicks.com/images/manual/Luis García Jr..png,15375281,,,,,,Push,,,,,,,,,,,,,,,,,,,No,,,3.5,,,,6.5,,0,,0.25,,4.42,6.5,Push
PrizePicks,MLB,331059,Liam Hicks,C,TB,Hitter Fantasy Score,8.5,TRUE,N/A,10/3/2026,11:06:36 AM,pre_game,MLB,demon,https://static.prizepicks.com/images/manual/Liam Hicks.png,15375256,,,,,,Push,,,,,,,,,,,,,,,,,,,No,,,3.5,,,,5.5,,0,,7.98,,6.33,5.5,Push
PrizePicks,MLB,78732,Jonathan Aranda,IF,TB,Hitter Fantasy Score,8.5,TRUE,N/A,10/3/2026,11:06:36 AM,pre_game,MLB,demon,https://static.prizepicks.com/images/players/MLB/Jonathan_Aranda_MLB_player_ytvsezyYeyCRu97xWRcSbfAJ-450.webp,15375265,,,,,,Push,,,,,,,,,,,,,,,,,,,No,,,3.5,,,,6.5,,0,,7.98,,6.99,6.5,Push
PrizePicks,MLB,193265,Richie Palacios,IF,TB,Hitter Fantasy Score,7.5,TRUE,N/A,10/3/2026,11:06:36 AM,pre_game,MLB,demon,https://static.prizepicks.com/images/players/MLB/Richard_Palacios_MLB_player_r9wnGukNjranDLsVGDoWHRzC-450.webp,15375241,,,,,,Push,,,,,,,,,,,,,,,,,,,No,,,3.5,,,,0.13,,0,,8.44,,4.28,0,Push
PrizePicks,MLB,194267,Trent Grisham,OF,NYY,Hitter Fantasy Score,7.5,TRUE,N/A,10/3/2026,11:06:36 AM,pre_game,MLB,demon,https://static.prizepicks.com/images/players/MLB/Trenton_Grisham_MLB_player_rZWYnsadRNlrDZKRSxYoJZxH-450.webp,15375247,,,,,,Push,,,,,,,,,,,,,,,,,,,No,,,3.5,,,,0.09,,0,,8.16,,4.12,0,Push
PrizePicks,MLB,69680,Taylor Walls,IF,TB,Hitter Fantasy Score,7.5,TRUE,N/A,10/3/2026,11:06:36 AM,pre_game,MLB,demon,https://static.prizepicks.com/images/players/MLB/Taylor_Walls_MLB_player_p2JtgcyBh0o3IU1PVzXHqhRG-450.webp,15375278,,,,,,Push,,,,,,,,,,,,,,,,,,,No,,,3.5,,,,5.5,,0,,7.24,,6.08,5.5,Push
PrizePicks,MLB,309081,Cedric Mullins,OF,TB,Hitter Fantasy Score,7.5,TRUE,N/A,10/3/2026,11:06:36 AM,pre_game,MLB,demon,https://static.prizepicks.com/images/manual/Cedric_Mullins-.png,15375287,,,,,,Push,,,,,,,,,,,,,,,,,,,No,,,3.5,,,,0.13,,0,,7.24,,3.69,0,Push
PrizePicks,MLB,200253,Ben Rice,DH,NYY,Hitter Fantasy Score,6.5,N/A,N/A,10/3/2026,11:06:36 AM,pre_game,MLB,standard,https://static.prizepicks.com/images/players/MLB/Benjamin_Rice_MLB_player_T0iMczf9zDNVPWPlCidafc5u-450.webp,15375249,,,,,,Push,,,,,,,,,,,,,,,,,,,No,,,3.5,,,,8.5,,0,,9.87,,8.34,8.5,Push
PrizePicks,MLB,159948,Austin Wells,C,NYY,Hitter Fantasy Score,6.5,TRUE,N/A,10/3/2026,11:06:36 AM,pre_game,MLB,demon,https://static.prizepicks.com/images/players/MLB/Austin_Wells_MLB_player_ECm6yNerAc7iZWgMEtN0oDtC.webp,15375271,,,,,,Push,,,,,,,,,,,,,,,,,,,No,,,3.5,,,,0.08,,0,,6.54,,3.31,0,Push
PrizePicks,MLB,162220,Junior Caminero,IF,TB,Hitter Fantasy Score,6,N/A,N/A,10/3/2026,11:06:36 AM,pre_game,MLB,standard,https://static.prizepicks.com/images/players/MLB/Junior_Caminero_MLB_player_kMEY3512DjRv76TVQ3JAv1L5-450.webp,15375258,,,,,,Push,,,,,,,,,,,,,,,,,,,No,,,3.5,,,,6.5,,0,,9.34,,7.09,6.5,Push
PrizePicks,MLB,67504,Yandy Díaz,DH,TB,Hitter Fantasy Score,5.5,N/A,N/A,10/3/2026,11:06:36 AM,pre_game,MLB,standard,https://static.prizepicks.com/images/players/MLB/Yandy_D%C3%ADaz_MLB_player_Cch3vlbebMU8pRXLKpyAvvED-450.webp,15375234,,,,,,Push,,,,,,,,,,,,,,,,,,,No,,,3.5,,,,6.5,,0,,7.98,,6.62,6.5,Push
PrizePicks,MLB,233317,Cody Bellinger,OF,NYY,Hitter Fantasy Score,5.5,N/A,N/A,10/3/2026,11:06:36 AM,pre_game,MLB,standard,https://static.prizepicks.com/images/players/MLB/Cody_Bellinger_MLB_player_eaU43diZ4W7JRNR9Zb3u0oKK-450.webp,15375252,,,,,,Push,,,,,,,,,,,,,,,,9/1/2026,10-Day-IL,"Aug 4: Bellinger (hamstring) has been doing some outdoor running while also hitting and throwing, per MLB.com.",No,,,3.5,,,,6.5,,0,,8.33,,6.71,6.5,Push
PrizePicks,MLB,67620,Aaron Judge,OF,NYY,Hitter Fantasy Score,5.5,N/A,N/A,10/3/2026,11:06:36 AM,pre_game,MLB,standard,https://static.prizepicks.com/images/players/MLB/Aaron_Judge_MLB_player_wZkyneeOyGeAcqJ1KhA1QLpH-450.webp,15375261,,,,,,Push,,,,,,,,,,,,,,,,8/18/2026,60-Day-IL,"Aug 4: Yankees general manager Brian Cashman said Monday that the team is ""still very optimistic"" that Judge (ribs) will return this season, Bryan Hoch of MLB.com reports.",No,,,3.5,,,,8.5,,0,,10.15,,8.16,8.5,Push
PrizePicks,MLB,235841,Chandler Simpson,OF,TB,Hitter Fantasy Score,5.5,N/A,N/A,10/3/2026,11:06:36 AM,pre_game,MLB,standard,https://static.prizepicks.com/images/players/MLB/Chandler_Simpson_MLB_player_FKTub2L5snVNM4hhPUL5oBrz-450.webp,15375267,,,,,,Push,,,,,,,,,,,,,,,,,,,No,,,3.5,,,,6.5,,0,,7,,6.38,6.5,Push
PrizePicks,MLB,249101,Ryan McMahon,IF,NYY,Hitter Fantasy Score,5.5,TRUE,N/A,10/3/2026,11:06:36 AM,pre_game,MLB,demon,https://static.prizepicks.com/images/manual/Ryan McMahon.png,15375284,,,,,,Push,,,,,,,,,,,,,,,,,,,No,,,3.5,,,,0.12,,0,,6.54,,3.33,0,Push
PrizePicks,MLB,78732,Jonathan Aranda,IF,TB,Hitter Fantasy Score,5,N/A,N/A,10/3/2026,11:06:36 AM,pre_game,MLB,standard,https://static.prizepicks.com/images/players/MLB/Jonathan_Aranda_MLB_player_ytvsezyYeyCRu97xWRcSbfAJ-450.webp,15375264,,,,,,Push,,,,,,,,,,,,,,,,,,,No,,,3.5,,,,6.5,,0,,7.98,,6.5,6.5,Push
PrizePicks,MLB,330955,Luis García Jr.,IF,NYY,Hitter Fantasy Score,5,N/A,N/A,10/3/2026,11:06:36 AM,pre_game,MLB,standard,https://static.prizepicks.com/images/manual/Luis García Jr..png,15375280,,,,,,Push,,,,,,,,,,,,,,,,,,,No,,,3.5,,,,6.5,,0,,0.25,,4.56,6.5,Push
PrizePicks,MLB,317050,Spencer Jones,OF,NYY,Hitter Fantasy Score,4.5,N/A,N/A,10/3/2026,11:06:36 AM,pre_game,MLB,standard,https://static.prizepicks.com/images/players/MLB/Spencer_Jones_MLB_player_qDRCinpsizNGg1AuXAQBRvM5-450.webp,15375237,,,,,,Push,,,,,,,,,,,,,,,,,,,No,,,3.5,,,,6.5,,0,,8.44,,6.48,6.5,Push
PrizePicks,MLB,205059,Jazz Chisholm Jr.,IF,NYY,Hitter Fantasy Score,4.5,N/A,N/A,10/3/2026,11:06:36 AM,pre_game,MLB,standard,https://static.prizepicks.com/images/players/MLB/Jasrado_Chisholm_MLB_player_CB6zlgNWqT75pwrjSNlGKWfe-450.webp,15375243,,,,,,Push,,,,,,,,,,,,,,,,,,,No,,,3.5,,,,6.5,,0,,8.82,,6.58,6.5,Push
PrizePicks,MLB,331059,Liam Hicks,C,TB,Hitter Fantasy Score,4.5,N/A,N/A,10/3/2026,11:06:36 AM,pre_game,MLB,standard,https://static.prizepicks.com/images/manual/Liam Hicks.png,15375255,,,,,,Push,,,,,,,,,,,,,,,,,,,No,,,3.5,,,,5.5,,0,,7.98,,5.87,5.5,Push
PrizePicks,MLB,320087,Victor Mesa Jr.,OF,TB,Hitter Fantasy Score,4.5,N/A,N/A,10/3/2026,11:06:36 AM,pre_game,MLB,standard,https://static.prizepicks.com/images/players/MLB/Victor_Mesa_MLB_player_D8UX8MYcd70lJkIVR4WBQVot-450.webp,15375273,,,,,,Push,,,,,,,,,,,,,,,,,,,No,,,3.5,,,,5.5,,0,,9.28,,6.19,5.5,Push
PrizePicks,MLB,193265,Richie Palacios,IF,TB,Hitter Fantasy Score,4,N/A,N/A,10/3/2026,11:06:36 AM,pre_game,MLB,standard,https://static.prizepicks.com/images/players/MLB/Richard_Palacios_MLB_player_r9wnGukNjranDLsVGDoWHRzC-450.webp,15375240,,,,,,Push,,,,,,,,,,,,,,,,,,,No,,,3.5,,,,0.13,,0,,8.44,,4.19,0,Push
PrizePicks,MLB,309081,Cedric Mullins,OF,TB,Hitter Fantasy Score,4,N/A,N/A,10/3/2026,11:06:36 AM,pre_game,MLB,standard,https://static.prizepicks.com/images/manual/Cedric_Mullins-.png,15375286,,,,,,Push,,,,,,,,,,,,,,,,,,,No,,,3.5,,,,0.13,,0,,7.24,,3.79,0,Push
PrizePicks,MLB,67504,Yandy Díaz,DH,TB,Hitter Fantasy Score,3.5,TRUE,N/A,10/3/2026,11:06:36 AM,pre_game,MLB,goblin,https://static.prizepicks.com/images/players/MLB/Yandy_D%C3%ADaz_MLB_player_Cch3vlbebMU8pRXLKpyAvvED-450.webp,15375236,,,,,,Push,,,,,,,,,,,,,,,,,,,No,,,3.5,,,,6.5,,0,,7.98,,6.99,6.5,Push
PrizePicks,MLB,194267,Trent Grisham,OF,NYY,Hitter Fantasy Score,3.5,N/A,N/A,10/3/2026,11:06:36 AM,pre_game,MLB,standard,https://static.prizepicks.com/images/players/MLB/Trenton_Grisham_MLB_player_rZWYnsadRNlrDZKRSxYoJZxH-450.webp,15375246,,,,,,Push,,,,,,,,,,,,,,,,,,,No,,,3.5,,,,0.09,,0,,8.16,,3.91,0,Push
PrizePicks,MLB,200253,Ben Rice,DH,NYY,Hitter Fantasy Score,3.5,TRUE,N/A,10/3/2026,11:06:36 AM,pre_game,MLB,goblin,https://static.prizepicks.com/images/players/MLB/Benjamin_Rice_MLB_player_T0iMczf9zDNVPWPlCidafc5u-450.webp,15375251,,,,,,Push,,,,,,,,,,,,,,,,,,,No,,,3.5,,,,8.5,,0,,9.87,,8.96,8.5,Push
PrizePicks,MLB,162220,Junior Caminero,IF,TB,Hitter Fantasy Score,3.5,TRUE,N/A,10/3/2026,11:06:36 AM,pre_game,MLB,goblin,https://static.prizepicks.com/images/players/MLB/Junior_Caminero_MLB_player_kMEY3512DjRv76TVQ3JAv1L5-450.webp,15375260,,,,,,Push,,,,,,,,,,,,,,,,,,,No,,,3.5,,,,6.5,,0,,9.34,,7.45,6.5,Push
PrizePicks,MLB,235841,Chandler Simpson,OF,TB,Hitter Fantasy Score,3.5,TRUE,N/A,10/3/2026,11:06:36 AM,pre_game,MLB,goblin,https://static.prizepicks.com/images/players/MLB/Chandler_Simpson_MLB_player_FKTub2L5snVNM4hhPUL5oBrz-450.webp,15375269,,,,,,Push,,,,,,,,,,,,,,,,,,,No,,,3.5,,,,6.5,,0,,7,,6.67,6.5,Push
PrizePicks,MLB,159948,Austin Wells,C,NYY,Hitter Fantasy Score,3.5,N/A,N/A,10/3/2026,11:06:36 AM,pre_game,MLB,standard,https://static.prizepicks.com/images/players/MLB/Austin_Wells_MLB_player_ECm6yNerAc7iZWgMEtN0oDtC.webp,15375270,,,,,,Push,,,,,,,,,,,,,,,,,,,No,,,3.5,,,,0.08,,0,,6.54,,3.37,0,Push
PrizePicks,MLB,69680,Taylor Walls,IF,TB,Hitter Fantasy Score,3.5,N/A,N/A,10/3/2026,11:06:36 AM,pre_game,MLB,standard,https://static.prizepicks.com/images/players/MLB/Taylor_Walls_MLB_player_p2JtgcyBh0o3IU1PVzXHqhRG-450.webp,15375277,,,,,,Push,,,,,,,,,,,,,,,,,,,No,,,3.5,,,,5.5,,0,,7.24,,5.44,5.5,Push
PrizePicks,MLB,233317,Cody Bellinger,OF,NYY,Hitter Fantasy Score,2.5,TRUE,N/A,10/3/2026,11:06:36 AM,pre_game,MLB,goblin,https://static.prizepicks.com/images/players/MLB/Cody_Bellinger_MLB_player_eaU43diZ4W7JRNR9Zb3u0oKK-450.webp,15375254,,,,,,Push,,,,,,,,,,,,,,,,9/1/2026,10-Day-IL,"Aug 4: Bellinger (hamstring) has been doing some outdoor running while also hitting and throwing, per MLB.com.",No,,,3.5,,,,6.5,,0,,8.33,,7.11,6.5,Push
PrizePicks,MLB,331059,Liam Hicks,C,TB,Hitter Fantasy Score,2.5,TRUE,N/A,10/3/2026,11:06:36 AM,pre_game,MLB,goblin,https://static.prizepicks.com/images/manual/Liam Hicks.png,15375257,,,,,,Push,,,,,,,,,,,,,,,,,,,No,,,3.5,,,,5.5,,0,,7.98,,6.33,5.5,Push
PrizePicks,MLB,67620,Aaron Judge,OF,NYY,Hitter Fantasy Score,2.5,TRUE,N/A,10/3/2026,11:06:36 AM,pre_game,MLB,goblin,https://static.prizepicks.com/images/players/MLB/Aaron_Judge_MLB_player_wZkyneeOyGeAcqJ1KhA1QLpH-450.webp,15375263,,,,,,Push,,,,,,,,,,,,,,,,8/18/2026,60-Day-IL,"Aug 4: Yankees general manager Brian Cashman said Monday that the team is ""still very optimistic"" that Judge (ribs) will return this season, Bryan Hoch of MLB.com reports.",No,,,3.5,,,,8.5,,0,,10.15,,9.05,8.5,Push
PrizePicks,MLB,78732,Jonathan Aranda,IF,TB,Hitter Fantasy Score,2.5,TRUE,N/A,10/3/2026,11:06:36 AM,pre_game,MLB,goblin,https://static.prizepicks.com/images/players/MLB/Jonathan_Aranda_MLB_player_ytvsezyYeyCRu97xWRcSbfAJ-450.webp,15375266,,,,,,Push,,,,,,,,,,,,,,,,,,,No,,,3.5,,,,6.5,,0,,7.98,,6.99,6.5,Push
PrizePicks,MLB,320087,Victor Mesa Jr.,OF,TB,Hitter Fantasy Score,2.5,TRUE,N/A,10/3/2026,11:06:36 AM,pre_game,MLB,goblin,https://static.prizepicks.com/images/players/MLB/Victor_Mesa_MLB_player_D8UX8MYcd70lJkIVR4WBQVot-450.webp,15375276,,,,,,Push,,,,,,,,,,,,,,,,,,,No,,,3.5,,,,5.5,,0,,9.28,,6.76,5.5,Push
PrizePicks,MLB,330955,Luis García Jr.,IF,NYY,Hitter Fantasy Score,2.5,TRUE,N/A,10/3/2026,11:06:36 AM,pre_game,MLB,goblin,https://static.prizepicks.com/images/manual/Luis García Jr..png,15375282,,,,,,Push,,,,,,,,,,,,,,,,,,,No,,,3.5,,,,6.5,,0,,0.25,,4.42,6.5,Push
PrizePicks,MLB,249101,Ryan McMahon,IF,NYY,Hitter Fantasy Score,2.5,N/A,N/A,10/3/2026,11:06:36 AM,pre_game,MLB,standard,https://static.prizepicks.com/images/manual/Ryan McMahon.png,15375283,,,,,,Push,,,,,,,,,,,,,,,,,,,No,,,3.5,,,,0.12,,0,,6.54,,3.05,0,Push
PrizePicks,MLB,317050,Spencer Jones,OF,NYY,Hitter Fantasy Score,1.5,TRUE,N/A,10/3/2026,11:06:36 AM,pre_game,MLB,goblin,https://static.prizepicks.com/images/players/MLB/Spencer_Jones_MLB_player_qDRCinpsizNGg1AuXAQBRvM5-450.webp,15375239,,,,,,Push,,,,,,,,,,,,,,,,,,,No,,,3.5,,,,6.5,,0,,8.44,,7.15,6.5,Push
PrizePicks,MLB,193265,Richie Palacios,IF,TB,Hitter Fantasy Score,1.5,TRUE,N/A,10/3/2026,11:06:36 AM,pre_game,MLB,goblin,https://static.prizepicks.com/images/players/MLB/Richard_Palacios_MLB_player_r9wnGukNjranDLsVGDoWHRzC-450.webp,15375242,,,,,,Push,,,,,,,,,,,,,,,,,,,No,,,3.5,,,,0.13,,0,,8.44,,4.28,0,Push
PrizePicks,MLB,205059,Jazz Chisholm Jr.,IF,NYY,Hitter Fantasy Score,1.5,TRUE,N/A,10/3/2026,11:06:36 AM,pre_game,MLB,goblin,https://static.prizepicks.com/images/players/MLB/Jasrado_Chisholm_MLB_player_CB6zlgNWqT75pwrjSNlGKWfe-450.webp,15375245,,,,,,Push,,,,,,,,,,,,,,,,,,,No,,,3.5,,,,6.5,,0,,8.82,,7.27,6.5,Push
PrizePicks,MLB,194267,Trent Grisham,OF,NYY,Hitter Fantasy Score,1.5,TRUE,N/A,10/3/2026,11:06:36 AM,pre_game,MLB,goblin,https://static.prizepicks.com/images/players/MLB/Trenton_Grisham_MLB_player_rZWYnsadRNlrDZKRSxYoJZxH-450.webp,15375248,,,,,,Push,,,,,,,,,,,,,,,,,,,No,,,3.5,,,,0.09,,0,,8.16,,4.12,0,Push
PrizePicks,MLB,159948,Austin Wells,C,NYY,Hitter Fantasy Score,1.5,TRUE,N/A,10/3/2026,11:06:36 AM,pre_game,MLB,goblin,https://static.prizepicks.com/images/players/MLB/Austin_Wells_MLB_player_ECm6yNerAc7iZWgMEtN0oDtC.webp,15375272,,,,,,Push,,,,,,,,,,,,,,,,,,,No,,,3.5,,,,0.08,,0,,6.54,,3.31,0,Push
PrizePicks,MLB,69680,Taylor Walls,IF,TB,Hitter Fantasy Score,1.5,TRUE,N/A,10/3/2026,11:06:36 AM,pre_game,MLB,goblin,https://static.prizepicks.com/images/players/MLB/Taylor_Walls_MLB_player_p2JtgcyBh0o3IU1PVzXHqhRG-450.webp,15375279,,,,,,Push,,,,,,,,,,,,,,,,,,,No,,,3.5,,,,5.5,,0,,7.24,,6.08,5.5,Push
PrizePicks,MLB,249101,Ryan McMahon,IF,NYY,Hitter Fantasy Score,1.5,TRUE,N/A,10/3/2026,11:06:36 AM,pre_game,MLB,goblin,https://static.prizepicks.com/images/manual/Ryan McMahon.png,15375285,,,,,,Push,,,,,,,,,,,,,,,,,,,No,,,3.5,,,,0.12,,0,,6.54,,3.33,0,Push
PrizePicks,MLB,309081,Cedric Mullins,OF,TB,Hitter Fantasy Score,1.5,TRUE,N/A,10/3/2026,11:06:36 AM,pre_game,MLB,goblin,https://static.prizepicks.com/images/manual/Cedric_Mullins-.png,15375288,,,,,,Push,,,,,,,,,,,,,,,,,,,No,,,3.5,,,,0.13,,0,,7.24,,3.69,0,Push
PrizePicks,MLB,193538,Jackson Chourio,OF,MIL,Hitter Fantasy Score,11.5,TRUE,N/A,10/3/2026,1:06:36 PM,pre_game,MLB,demon,https://static.prizepicks.com/images/players/MLB/Jackson_Chourio_MLB_player_Sl90DoV6a5Gc8RtLhi2IlM0Y-450.webp,15375484,,,,,,Push,,,Yes,-1.5,6.9,Cubs @ Brewers,2026-09-08T23:40:00Z,Tue 07:40pm,American Family Field,retractable,,,,,,,,,No,,,3.5,,,,7.5,,0,,9.34,,8.12,7.5,Push
PrizePicks,MLB,192925,Jake Bauers,IF,MIL,Hitter Fantasy Score,11.5,TRUE,N/A,10/3/2026,1:06:36 PM,pre_game,MLB,demon,https://static.prizepicks.com/images/players/MLB/Jakob_Bauers_MLB_player_8W8DDUI7d70DLlu7HXuu07x1-450.webp,15375493,,,,,,Push,,,Yes,-1.5,6.9,Cubs @ Brewers,2026-09-08T23:40:00Z,Tue 07:40pm,American Family Field,retractable,,,,,,,,,No,,,3.5,,,,1.29,,0,,10.08,,5.69,0,Push
PrizePicks,MLB,127193,Brice Turang,IF,MIL,Hitter Fantasy Score,11.5,TRUE,N/A,10/3/2026,1:06:36 PM,pre_game,MLB,demon,https://static.prizepicks.com/images/players/MLB/Second_Base_MLB_player_HhIl6lscwSyYMioGrH3lmpf.webp,15375497,,,,,,Push,,,Yes,-1.5,6.9,Cubs @ Brewers,2026-09-08T23:40:00Z,Tue 07:40pm,American Family Field,retractable,,,,,,,,,No,,,3.5,,,,6.5,,0,,9.41,,7.47,6.5,Push
PrizePicks,MLB,139980,Fernando Tatis Jr.,OF,SD,Hitter Fantasy Score,10.5,TRUE,N/A,10/3/2026,1:06:36 PM,pre_game,MLB,demon,https://static.prizepicks.com/images/players/MLB/Fernando_Tatis_MLB_player_DjhTeFUqteE9JQbqLZdPe4B6-450.webp,15375457,,,,,,Push,,,Yes,-1.5,6.9,Nationals @ Padres,2026-09-09T01:40:00Z,Tue 09:40pm,Petco Park,outdoor,,,,,,,,,No,,,3.5,,,,8.5,,0,,9.31,,8.77,8.5,Push
PrizePicks,MLB,74159,Garrett Mitchell,OF,MIL,Hitter Fantasy Score,9.5,TRUE,N/A,10/3/2026,1:06:36 PM,pre_game,MLB,demon,https://static.prizepicks.com/images/players/MLB/Garrett_Mitchell_MLB_player_pKr818qZkrPVIDliSpGPdZQ4-450.webp,15375463,,,,,,Push,,,Yes,-1.5,6.9,Cubs @ Brewers,2026-09-08T23:40:00Z,Tue 07:40pm,American Family Field,retractable,,,,,,,,,No,,,3.5,,,,0.55,,0,,8.61,,4.58,0,Push
PrizePicks,MLB,127196,William Contreras,C,MIL,Hitter Fantasy Score,9.5,TRUE,N/A,10/3/2026,1:06:36 PM,pre_game,MLB,demon,https://static.prizepicks.com/images/players/MLB/William_Contreras_MLB_player_utOsP58xiT4H1eTJnXgLgfhV-450.webp,15375472,,,,,,Push,,,Yes,-1.5,6.9,Cubs @ Brewers,2026-09-08T23:40:00Z,Tue 07:40pm,American Family Field,retractable,,,,,,,,,No,,,3.5,,,,6.5,,0,,7.84,,6.95,6.5,Push
PrizePicks,MLB,245621,Andrew Vaughn,IF,MIL,Hitter Fantasy Score,9.5,TRUE,N/A,10/3/2026,1:06:36 PM,pre_game,MLB,demon,https://static.prizepicks.com/images/manual/Andrew_Vaughn.png,15375475,,,,,,Push,,,Yes,-1.5,6.9,Cubs @ Brewers,2026-09-08T23:40:00Z,Tue 07:40pm,American Family Field,retractable,,,,,,,,,No,,,3.5,,,,6.5,,0,,-21,,6.5,6.5,Push
PrizePicks,MLB,192359,Joey Ortiz,IF,MIL,Hitter Fantasy Score,9.5,TRUE,N/A,10/3/2026,1:06:36 PM,pre_game,MLB,demon,https://static.prizepicks.com/images/players/MLB/Joseph_Ortiz_MLB_player_cgr8ckrMUU3sXrWq6RPRiDI3-450.webp,15375507,,,,,,Push,,,Yes,-1.5,6.9,Cubs @ Brewers,2026-09-08T23:40:00Z,Tue 07:40pm,American Family Field,retractable,,,,,,,,,No,,,3.5,,,,5.5,,0,,7.52,,6.17,5.5,Push
PrizePicks,MLB,67592,Manny Machado,IF,SD,Hitter Fantasy Score,8.5,TRUE,N/A,10/3/2026,1:06:36 PM,pre_game,MLB,demon,https://static.prizepicks.com/images/players/MLB/Manuel_Machado_MLB_player_T2qAovSYe7b2PcWthjl1p2RY-450.webp,15375469,,,,,,Push,,,Yes,-1.5,6.9,Nationals @ Padres,2026-09-09T01:40:00Z,Tue 09:40pm,Petco Park,outdoor,,,,,,,,,No,,,3.5,,,,6.5,,0,,7.84,,6.95,6.5,Push
PrizePicks,MLB,67527,Christian Yelich,DH,MIL,Hitter Fantasy Score,8.5,TRUE,N/A,10/3/2026,1:06:36 PM,pre_game,MLB,demon,https://static.prizepicks.com/images/players/MLB/Christian_Yelich_MLB_player_IiHxuYdRvtSn416BYL5gvPt-450.webp,15375478,,,,,,Push,,,Yes,-1.5,6.9,Cubs @ Brewers,2026-09-08T23:40:00Z,Tue 07:40pm,American Family Field,retractable,,,,,,,,,No,,,3.5,,,,5.5,,0,,7.77,,6.26,5.5,Push
PrizePicks,MLB,193123,Jackson Merrill,OF,SD,Hitter Fantasy Score,7.5,TRUE,N/A,10/3/2026,1:06:36 PM,pre_game,MLB,demon,https://static.prizepicks.com/images/players/MLB/Jackson_Merrill_MLB_player_woeHd4OzZiuVcuExGBHV3nln-450.webp,15375454,,,,,,Push,,,Yes,-1.5,6.9,Nationals @ Padres,2026-09-09T01:40:00Z,Tue 09:40pm,Petco Park,outdoor,,,,,,,,,No,,,3.5,,,,6.5,,0,,8.37,,7.12,6.5,Push
PrizePicks,MLB,310333,Ty France,IF,SD,Hitter Fantasy Score,7.5,TRUE,N/A,10/3/2026,1:06:36 PM,pre_game,MLB,demon,https://static.prizepicks.com/images/manual/Ty France.png,15375460,,,,,,Push,,,Yes,-1.5,6.9,Nationals @ Padres,2026-09-09T01:40:00Z,Tue 09:40pm,Petco Park,outdoor,,,,,,,,,No,,,3.5,,,,5.5,,0,,8.79,,6.59,5.5,Push
PrizePicks,MLB,127204,Xander Bogaerts,IF,SD,Hitter Fantasy Score,7.5,TRUE,N/A,10/3/2026,1:06:36 PM,pre_game,MLB,demon,https://static.prizepicks.com/images/players/MLB/Xander_Bogaerts_MLB_player_SyYOqVCqxykf8J9hjqxLQ6Z3-450.webp,15375487,,,,,,Push,,,Yes,-1.5,6.9,Nationals @ Padres,2026-09-09T01:40:00Z,Tue 09:40pm,Petco Park,outdoor,,,,,,,,,No,,,3.5,,,,5.5,,0,,7.46,,6.15,5.5,Push
PrizePicks,MLB,327357,Luis Lara,OF,MIL,Hitter Fantasy Score,7.5,TRUE,N/A,10/3/2026,1:06:36 PM,pre_game,MLB,demon,https://static.prizepicks.com/images/manual/Luis Lara.png,15375504,,,,,,Push,,,Yes,-1.5,6.9,Cubs @ Brewers,2026-09-08T23:40:00Z,Tue 07:40pm,American Family Field,retractable,,,,,,,,,No,,,3.5,,,,5.5,,0,,6.65,,5.88,5.5,Push
PrizePicks,MLB,193538,Jackson Chourio,OF,MIL,Hitter Fantasy Score,6.5,N/A,N/A,10/3/2026,1:06:36 PM,pre_game,MLB,standard,https://static.prizepicks.com/images/players/MLB/Jackson_Chourio_MLB_player_Sl90DoV6a5Gc8RtLhi2IlM0Y-450.webp,15375483,,,,,,Push,,,Yes,-1.5,6.9,Cubs @ Brewers,2026-09-08T23:40:00Z,Tue 07:40pm,American Family Field,retractable,,,,,,,,,No,,,3.5,,,,7.5,,0,,9.34,,7.71,7.5,Push
PrizePicks,MLB,127193,Brice Turang,IF,MIL,Hitter Fantasy Score,6.5,N/A,N/A,10/3/2026,1:06:36 PM,pre_game,MLB,standard,https://static.prizepicks.com/images/players/MLB/Second_Base_MLB_player_HhIl6lscwSyYMioGrH3lmpf.webp,15375495,,,,,,Push,,,Yes,-1.5,6.9,Cubs @ Brewers,2026-09-08T23:40:00Z,Tue 07:40pm,American Family Field,retractable,,,,,,,,,No,,,3.5,,,,6.5,,0,,9.41,,7.23,6.5,Push
PrizePicks,MLB,338092,Dustin Harris,OF,SD,Hitter Fantasy Score,6.5,TRUE,N/A,10/3/2026,1:06:36 PM,pre_game,MLB,demon,https://static.prizepicks.com/images/manual/Dustin Harris.png,15375501,,,,,,Push,,,Yes,-1.5,6.9,Nationals @ Padres,2026-09-09T01:40:00Z,Tue 09:40pm,Petco Park,outdoor,,,,,,,,,No,,,3.5,,,,0.51,,0,,9.1,,4.81,0,Push
PrizePicks,MLB,139980,Fernando Tatis Jr.,OF,SD,Hitter Fantasy Score,5.5,N/A,N/A,10/3/2026,1:06:36 PM,pre_game,MLB,standard,https://static.prizepicks.com/images/players/MLB/Fernando_Tatis_MLB_player_DjhTeFUqteE9JQbqLZdPe4B6-450.webp,15375456,,,,,,Push,,,Yes,-1.5,6.9,Nationals @ Padres,2026-09-09T01:40:00Z,Tue 09:40pm,Petco Park,outdoor,,,,,,,,,No,,,3.5,,,,8.5,,0,,9.31,,7.95,8.5,Push
PrizePicks,MLB,67595,Jake Cronenworth,IF,SD,Hitter Fantasy Score,5.5,TRUE,N/A,10/3/2026,1:06:36 PM,pre_game,MLB,demon,https://static.prizepicks.com/images/players/MLB/Jacob_Cronenworth_MLB_player_lgyr5DPh74DiKkHb5Q5QTOhU-450.webp,15375466,,,,,,Push,,,Yes,-1.5,6.9,Nationals @ Padres,2026-09-09T01:40:00Z,Tue 09:40pm,Petco Park,outdoor,,,,,,,,,No,,,3.5,,,,5.5,,0,,6.58,,5.86,5.5,Push
PrizePicks,MLB,127196,William Contreras,C,MIL,Hitter Fantasy Score,5.5,N/A,N/A,10/3/2026,1:06:36 PM,pre_game,MLB,standard,https://static.prizepicks.com/images/players/MLB/William_Contreras_MLB_player_utOsP58xiT4H1eTJnXgLgfhV-450.webp,15375471,,,,,,Push,,,Yes,-1.5,6.9,Cubs @ Brewers,2026-09-08T23:40:00Z,Tue 07:40pm,American Family Field,retractable,,,,,,,,,No,,,3.5,,,,6.5,,0,,7.84,,6.58,6.5,Push
PrizePicks,MLB,332302,Austin Hays,DH,SD,Hitter Fantasy Score,5.5,TRUE,N/A,10/3/2026,1:06:36 PM,pre_game,MLB,demon,https://static.prizepicks.com/images/manual/Austin Hays.png,15375481,,,,,,Push,,,Yes,-1.5,6.9,Nationals @ Padres,2026-09-09T01:40:00Z,Tue 09:40pm,Petco Park,outdoor,,,,,,8/4/2026,60-Day-IL,"Jul 17: Hays (calf) will begin a rehab assignment with Triple-A Charlotte on Friday, LaMond Pope of the Chicago Tribune reports.",No,,,3.5,,,,0.49,,0,,8.12,,4.31,0,Push
PrizePicks,MLB,192925,Jake Bauers,IF,MIL,Hitter Fantasy Score,5.5,N/A,N/A,10/3/2026,1:06:36 PM,pre_game,MLB,standard,https://static.prizepicks.com/images/players/MLB/Jakob_Bauers_MLB_player_8W8DDUI7d70DLlu7HXuu07x1-450.webp,15375492,,,,,,Push,,,Yes,-1.5,6.9,Cubs @ Brewers,2026-09-08T23:40:00Z,Tue 07:40pm,American Family Field,retractable,,,,,,,,,No,,,3.5,,,,1.29,,0,,10.08,,5.62,0,Push
PrizePicks,MLB,74159,Garrett Mitchell,OF,MIL,Hitter Fantasy Score,5,N/A,N/A,10/3/2026,1:06:36 PM,pre_game,MLB,standard,https://static.prizepicks.com/images/players/MLB/Garrett_Mitchell_MLB_player_pKr818qZkrPVIDliSpGPdZQ4-450.webp,15375462,,,,,,Push,,,Yes,-1.5,6.9,Cubs @ Brewers,2026-09-08T23:40:00Z,Tue 07:40pm,American Family Field,retractable,,,,,,,,,No,,,3.5,,,,0.55,,0,,8.61,,4.72,0,Push
PrizePicks,MLB,245621,Andrew Vaughn,IF,MIL,Hitter Fantasy Score,5,N/A,N/A,10/3/2026,1:06:36 PM,pre_game,MLB,standard,https://static.prizepicks.com/images/manual/Andrew_Vaughn.png,15375474,,,,,,Push,,,Yes,-1.5,6.9,Cubs @ Brewers,2026-09-08T23:40:00Z,Tue 07:40pm,American Family Field,retractable,,,,,,,,,No,,,3.5,,,,6.5,,0,,-21,,6,6.5,Push
PrizePicks,MLB,310333,Ty France,IF,SD,Hitter Fantasy Score,4.5,N/A,N/A,10/3/2026,1:06:36 PM,pre_game,MLB,standard,https://static.prizepicks.com/images/manual/Ty France.png,15375459,,,,,,Push,,,Yes,-1.5,6.9,Nationals @ Padres,2026-09-09T01:40:00Z,Tue 09:40pm,Petco Park,outdoor,,,,,,,,,No,,,3.5,,,,5.5,,0,,8.79,,6.07,5.5,Push
PrizePicks,MLB,67592,Manny Machado,IF,SD,Hitter Fantasy Score,4.5,N/A,N/A,10/3/2026,1:06:36 PM,pre_game,MLB,standard,https://static.prizepicks.com/images/players/MLB/Manuel_Machado_MLB_player_T2qAovSYe7b2PcWthjl1p2RY-450.webp,15375468,,,,,,Push,,,Yes,-1.5,6.9,Nationals @ Padres,2026-09-09T01:40:00Z,Tue 09:40pm,Petco Park,outdoor,,,,,,,,,No,,,3.5,,,,6.5,,0,,7.84,,6.33,6.5,Push
PrizePicks,MLB,67527,Christian Yelich,DH,MIL,Hitter Fantasy Score,4.5,N/A,N/A,10/3/2026,1:06:36 PM,pre_game,MLB,standard,https://static.prizepicks.com/images/players/MLB/Christian_Yelich_MLB_player_IiHxuYdRvtSn416BYL5gvPt-450.webp,15375477,,,,,,Push,,,Yes,-1.5,6.9,Cubs @ Brewers,2026-09-08T23:40:00Z,Tue 07:40pm,American Family Field,retractable,,,,,,,,,No,,,3.5,,,,5.5,,0,,7.77,,5.82,5.5,Push
PrizePicks,MLB,127204,Xander Bogaerts,IF,SD,Hitter Fantasy Score,4.5,N/A,N/A,10/3/2026,1:06:36 PM,pre_game,MLB,standard,https://static.prizepicks.com/images/players/MLB/Xander_Bogaerts_MLB_player_SyYOqVCqxykf8J9hjqxLQ6Z3-450.webp,15375486,,,,,,Push,,,Yes,-1.5,6.9,Nationals @ Padres,2026-09-09T01:40:00Z,Tue 09:40pm,Petco Park,outdoor,,,,,,,,,No,,,3.5,,,,5.5,,0,,7.46,,5.74,5.5,Push
PrizePicks,MLB,233461,Gavin Sheets,IF,SD,Hitter Fantasy Score,4.5,TRUE,N/A,10/3/2026,1:06:36 PM,pre_game,MLB,demon,https://static.prizepicks.com/images/players/MLB/Gavin_Sheets_MLB_player_6VadMiDDFNg7xJ8XQYAqHvfF-450.webp,15375490,,,,,,Push,,,Yes,-1.5,6.9,Nationals @ Padres,2026-09-09T01:40:00Z,Tue 09:40pm,Petco Park,outdoor,,,,,,,,,No,,,3.5,,,,0.41,,0,,7.7,,4.05,0,Push
PrizePicks,MLB,327357,Luis Lara,OF,MIL,Hitter Fantasy Score,4.5,N/A,N/A,10/3/2026,1:06:36 PM,pre_game,MLB,standard,https://static.prizepicks.com/images/manual/Luis Lara.png,15375503,,,,,,Push,,,Yes,-1.5,6.9,Cubs @ Brewers,2026-09-08T23:40:00Z,Tue 07:40pm,American Family Field,retractable,,,,,,,,,No,,,3.5,,,,5.5,,0,,6.65,,5.54,5.5,Push
PrizePicks,MLB,192359,Joey Ortiz,IF,MIL,Hitter Fantasy Score,4.5,N/A,N/A,10/3/2026,1:06:36 PM,pre_game,MLB,standard,https://static.prizepicks.com/images/players/MLB/Joseph_Ortiz_MLB_player_cgr8ckrMUU3sXrWq6RPRiDI3-450.webp,15375506,,,,,,Push,,,Yes,-1.5,6.9,Cubs @ Brewers,2026-09-08T23:40:00Z,Tue 07:40pm,American Family Field,retractable,,,,,,,,,No,,,3.5,,,,5.5,,0,,7.52,,5.76,5.5,Push
PrizePicks,MLB,193123,Jackson Merrill,OF,SD,Hitter Fantasy Score,3.5,N/A,N/A,10/3/2026,1:06:36 PM,pre_game,MLB,standard,https://static.prizepicks.com/images/players/MLB/Jackson_Merrill_MLB_player_woeHd4OzZiuVcuExGBHV3nln-450.webp,15375453,,,,,,Push,,,Yes,-1.5,6.9,Nationals @ Padres,2026-09-09T01:40:00Z,Tue 09:40pm,Petco Park,outdoor,,,,,,,,,No,,,3.5,,,,6.5,,0,,8.37,,6.22,6.5,Push
PrizePicks,MLB,139980,Fernando Tatis Jr.,OF,SD,Hitter Fantasy Score,3.5,TRUE,N/A,10/3/2026,1:06:36 PM,pre_game,MLB,goblin,https://static.prizepicks.com/images/players/MLB/Fernando_Tatis_MLB_player_DjhTeFUqteE9JQbqLZdPe4B6-450.webp,15375458,,,,,,Push,,,Yes,-1.5,6.9,Nationals @ Padres,2026-09-09T01:40:00Z,Tue 09:40pm,Petco Park,outdoor,,,,,,,,,No,,,3.5,,,,8.5,,0,,9.31,,8.77,8.5,Push
PrizePicks,MLB,245621,Andrew Vaughn,IF,MIL,Hitter Fantasy Score,3.5,TRUE,N/A,10/3/2026,1:06:36 PM,pre_game,MLB,goblin,https://static.prizepicks.com/images/manual/Andrew_Vaughn.png,15375476,,,,,,Push,,,Yes,-1.5,6.9,Cubs @ Brewers,2026-09-08T23:40:00Z,Tue 07:40pm,American Family Field,retractable,,,,,,,,,No,,,3.5,,,,6.5,,0,,-21,,6.5,6.5,Push
PrizePicks,MLB,193538,Jackson Chourio,OF,MIL,Hitter Fantasy Score,3.5,TRUE,N/A,10/3/2026,1:06:36 PM,pre_game,MLB,goblin,https://static.prizepicks.com/images/players/MLB/Jackson_Chourio_MLB_player_Sl90DoV6a5Gc8RtLhi2IlM0Y-450.webp,15375485,,,,,,Push,,,Yes,-1.5,6.9,Cubs @ Brewers,2026-09-08T23:40:00Z,Tue 07:40pm,American Family Field,retractable,,,,,,,,,No,,,3.5,,,,7.5,,0,,9.34,,8.12,7.5,Push
PrizePicks,MLB,192925,Jake Bauers,IF,MIL,Hitter Fantasy Score,3.5,TRUE,N/A,10/3/2026,1:06:36 PM,pre_game,MLB,goblin,https://static.prizepicks.com/images/players/MLB/Jakob_Bauers_MLB_player_8W8DDUI7d70DLlu7HXuu07x1-450.webp,15375494,,,,,,Push,,,Yes,-1.5,6.9,Cubs @ Brewers,2026-09-08T23:40:00Z,Tue 07:40pm,American Family Field,retractable,,,,,,,,,No,,,3.5,,,,1.29,,0,,10.08,,5.69,0,Push
PrizePicks,MLB,127193,Brice Turang,IF,MIL,Hitter Fantasy Score,3.5,TRUE,N/A,10/3/2026,1:06:36 PM,pre_game,MLB,goblin,https://static.prizepicks.com/images/players/MLB/Second_Base_MLB_player_HhIl6lscwSyYMioGrH3lmpf.webp,15375498,,,,,,Push,,,Yes,-1.5,6.9,Cubs @ Brewers,2026-09-08T23:40:00Z,Tue 07:40pm,American Family Field,retractable,,,,,,,,,No,,,3.5,,,,6.5,,0,,9.41,,7.47,6.5,Push
PrizePicks,MLB,67595,Jake Cronenworth,IF,SD,Hitter Fantasy Score,3,N/A,N/A,10/3/2026,1:06:36 PM,pre_game,MLB,standard,https://static.prizepicks.com/images/players/MLB/Jacob_Cronenworth_MLB_player_lgyr5DPh74DiKkHb5Q5QTOhU-450.webp,15375465,,,,,,Push,,,Yes,-1.5,6.9,Nationals @ Padres,2026-09-09T01:40:00Z,Tue 09:40pm,Petco Park,outdoor,,,,,,,,,No,,,3.5,,,,5.5,,0,,6.58,,5.14,5.5,Push
PrizePicks,MLB,332302,Austin Hays,DH,SD,Hitter Fantasy Score,3,N/A,N/A,10/3/2026,1:06:36 PM,pre_game,MLB,standard,https://static.prizepicks.com/images/manual/Austin Hays.png,15375480,,,,,,Push,,,Yes,-1.5,6.9,Nationals @ Padres,2026-09-09T01:40:00Z,Tue 09:40pm,Petco Park,outdoor,,,,,,8/4/2026,60-Day-IL,"Jul 17: Hays (calf) will begin a rehab assignment with Triple-A Charlotte on Friday, LaMond Pope of the Chicago Tribune reports.",No,,,3.5,,,,0.49,,0,,8.12,,3.87,0,Push
PrizePicks,MLB,338092,Dustin Harris,OF,SD,Hitter Fantasy Score,3,N/A,N/A,10/3/2026,1:06:36 PM,pre_game,MLB,standard,https://static.prizepicks.com/images/manual/Dustin Harris.png,15375499,,,,,,Push,,,Yes,-1.5,6.9,Nationals @ Padres,2026-09-09T01:40:00Z,Tue 09:40pm,Petco Park,outdoor,,,,,,,,,No,,,3.5,,,,0.51,,0,,9.1,,4.2,0,Push
PrizePicks,MLB,74159,Garrett Mitchell,OF,MIL,Hitter Fantasy Score,2.5,TRUE,N/A,10/3/2026,1:06:36 PM,pre_game,MLB,goblin,https://static.prizepicks.com/images/players/MLB/Garrett_Mitchell_MLB_player_pKr818qZkrPVIDliSpGPdZQ4-450.webp,15375464,,,,,,Push,,,Yes,-1.5,6.9,Cubs @ Brewers,2026-09-08T23:40:00Z,Tue 07:40pm,American Family Field,retractable,,,,,,,,,No,,,3.5,,,,0.55,,0,,8.61,,4.58,0,Push
PrizePicks,MLB,67592,Manny Machado,IF,SD,Hitter Fantasy Score,2.5,TRUE,N/A,10/3/2026,1:06:36 PM,pre_game,MLB,goblin,https://static.prizepicks.com/images/players/MLB/Manuel_Machado_MLB_player_T2qAovSYe7b2PcWthjl1p2RY-450.webp,15375470,,,,,,Push,,,Yes,-1.5,6.9,Nationals @ Padres,2026-09-09T01:40:00Z,Tue 09:40pm,Petco Park,outdoor,,,,,,,,,No,,,3.5,,,,6.5,,0,,7.84,,6.95,6.5,Push
PrizePicks,MLB,127196,William Contreras,C,MIL,Hitter Fantasy Score,2.5,TRUE,N/A,10/3/2026,1:06:36 PM,pre_game,MLB,goblin,https://static.prizepicks.com/images/players/MLB/William_Contreras_MLB_player_utOsP58xiT4H1eTJnXgLgfhV-450.webp,15375473,,,,,,Push,,,Yes,-1.5,6.9,Cubs @ Brewers,2026-09-08T23:40:00Z,Tue 07:40pm,American Family Field,retractable,,,,,,,,,No,,,3.5,,,,6.5,,0,,7.84,,6.95,6.5,Push
PrizePicks,MLB,67527,Christian Yelich,DH,MIL,Hitter Fantasy Score,2.5,TRUE,N/A,10/3/2026,1:06:36 PM,pre_game,MLB,goblin,https://static.prizepicks.com/images/players/MLB/Christian_Yelich_MLB_player_IiHxuYdRvtSn416BYL5gvPt-450.webp,15375479,,,,,,Push,,,Yes,-1.5,6.9,Cubs @ Brewers,2026-09-08T23:40:00Z,Tue 07:40pm,American Family Field,retractable,,,,,,,,,No,,,3.5,,,,5.5,,0,,7.77,,6.26,5.5,Push
PrizePicks,MLB,127204,Xander Bogaerts,IF,SD,Hitter Fantasy Score,2.5,TRUE,N/A,10/3/2026,1:06:36 PM,pre_game,MLB,goblin,https://static.prizepicks.com/images/players/MLB/Xander_Bogaerts_MLB_player_SyYOqVCqxykf8J9hjqxLQ6Z3-450.webp,15375488,,,,,,Push,,,Yes,-1.5,6.9,Nationals @ Padres,2026-09-09T01:40:00Z,Tue 09:40pm,Petco Park,outdoor,,,,,,,,,No,,,3.5,,,,5.5,,0,,7.46,,6.15,5.5,Push
PrizePicks,MLB,233461,Gavin Sheets,IF,SD,Hitter Fantasy Score,2.5,N/A,N/A,10/3/2026,1:06:36 PM,pre_game,MLB,standard,https://static.prizepicks.com/images/players/MLB/Gavin_Sheets_MLB_player_6VadMiDDFNg7xJ8XQYAqHvfF-450.webp,15375489,,,,,,Push,,,Yes,-1.5,6.9,Nationals @ Padres,2026-09-09T01:40:00Z,Tue 09:40pm,Petco Park,outdoor,,,,,,,,,No,,,3.5,,,,0.41,,0,,7.7,,3.54,0,Push
PrizePicks,MLB,327357,Luis Lara,OF,MIL,Hitter Fantasy Score,2.5,TRUE,N/A,10/3/2026,1:06:36 PM,pre_game,MLB,goblin,https://static.prizepicks.com/images/manual/Luis Lara.png,15375505,,,,,,Push,,,Yes,-1.5,6.9,Cubs @ Brewers,2026-09-08T23:40:00Z,Tue 07:40pm,American Family Field,retractable,,,,,,,,,No,,,3.5,,,,5.5,,0,,6.65,,5.88,5.5,Push
PrizePicks,MLB,192359,Joey Ortiz,IF,MIL,Hitter Fantasy Score,2.5,TRUE,N/A,10/3/2026,1:06:36 PM,pre_game,MLB,goblin,https://static.prizepicks.com/images/players/MLB/Joseph_Ortiz_MLB_player_cgr8ckrMUU3sXrWq6RPRiDI3-450.webp,15375508,,,,,,Push,,,Yes,-1.5,6.9,Cubs @ Brewers,2026-09-08T23:40:00Z,Tue 07:40pm,American Family Field,retractable,,,,,,,,,No,,,3.5,,,,5.5,,0,,7.52,,6.17,5.5,Push
PrizePicks,MLB,193123,Jackson Merrill,OF,SD,Hitter Fantasy Score,1.5,TRUE,N/A,10/3/2026,1:06:36 PM,pre_game,MLB,goblin,https://static.prizepicks.com/images/players/MLB/Jackson_Merrill_MLB_player_woeHd4OzZiuVcuExGBHV3nln-450.webp,15375455,,,,,,Push,,,Yes,-1.5,6.9,Nationals @ Padres,2026-09-09T01:40:00Z,Tue 09:40pm,Petco Park,outdoor,,,,,,,,,No,,,3.5,,,,6.5,,0,,8.37,,7.12,6.5,Push
PrizePicks,MLB,310333,Ty France,IF,SD,Hitter Fantasy Score,1.5,TRUE,N/A,10/3/2026,1:06:36 PM,pre_game,MLB,goblin,https://static.prizepicks.com/images/manual/Ty France.png,15375461,,,,,,Push,,,Yes,-1.5,6.9,Nationals @ Padres,2026-09-09T01:40:00Z,Tue 09:40pm,Petco Park,outdoor,,,,,,,,,No,,,3.5,,,,5.5,,0,,8.79,,6.59,5.5,Push
PrizePicks,MLB,67595,Jake Cronenworth,IF,SD,Hitter Fantasy Score,1.5,TRUE,N/A,10/3/2026,1:06:36 PM,pre_game,MLB,goblin,https://static.prizepicks.com/images/players/MLB/Jacob_Cronenworth_MLB_player_lgyr5DPh74DiKkHb5Q5QTOhU-450.webp,15375467,,,,,,Push,,,Yes,-1.5,6.9,Nationals @ Padres,2026-09-09T01:40:00Z,Tue 09:40pm,Petco Park,outdoor,,,,,,,,,No,,,3.5,,,,5.5,,0,,6.58,,5.86,5.5,Push
PrizePicks,MLB,332302,Austin Hays,DH,SD,Hitter Fantasy Score,1.5,TRUE,N/A,10/3/2026,1:06:36 PM,pre_game,MLB,goblin,https://static.prizepicks.com/images/manual/Austin Hays.png,15375482,,,,,,Push,,,Yes,-1.5,6.9,Nationals @ Padres,2026-09-09T01:40:00Z,Tue 09:40pm,Petco Park,outdoor,,,,,,8/4/2026,60-Day-IL,"Jul 17: Hays (calf) will begin a rehab assignment with Triple-A Charlotte on Friday, LaMond Pope of the Chicago Tribune reports.",No,,,3.5,,,,0.49,,0,,8.12,,4.31,0,Push
PrizePicks,MLB,233461,Gavin Sheets,IF,SD,Hitter Fantasy Score,1.5,TRUE,N/A,10/3/2026,1:06:36 PM,pre_game,MLB,goblin,https://static.prizepicks.com/images/players/MLB/Gavin_Sheets_MLB_player_6VadMiDDFNg7xJ8XQYAqHvfF-450.webp,15375491,,,,,,Push,,,Yes,-1.5,6.9,Nationals @ Padres,2026-09-09T01:40:00Z,Tue 09:40pm,Petco Park,outdoor,,,,,,,,,No,,,3.5,,,,0.41,,0,,7.7,,4.05,0,Push
PrizePicks,MLB,338092,Dustin Harris,OF,SD,Hitter Fantasy Score,1.5,TRUE,N/A,10/3/2026,1:06:36 PM,pre_game,MLB,goblin,https://static.prizepicks.com/images/manual/Dustin Harris.png,15375502,,,,,,Push,,,Yes,-1.5,6.9,Nationals @ Padres,2026-09-09T01:40:00Z,Tue 09:40pm,Petco Park,outdoor,,,,,,,,,No,,,3.5,,,,0.51,,0,,9.1,,4.81,0,Push
PrizePicks,MLB,241215,Jacob Misiorowski,P,MIL,Pitching Outs,23.5,TRUE,N/A,10/3/2026,1:06:36 PM,pre_game,MLB,demon,https://static.prizepicks.com/images/players/MLB/Jacob_Misiorowski_MLB_player_VWjwCRlFRLldhHatPV1pS44x-450.webp,15370647,,,,,,,,,Yes,-1.5,6.9,Cubs @ Brewers,2026-09-08T23:40:00Z,Tue 07:40pm,American Family Field,retractable,,,,,,,,,No,,,3.5,,,,0,,0,,96,,56.75,17.5,Push
PrizePicks,MLB,241215,Jacob Misiorowski,P,MIL,Pitching Outs,20.5,TRUE,N/A,10/3/2026,1:06:36 PM,pre_game,MLB,demon,https://static.prizepicks.com/images/players/MLB/Jacob_Misiorowski_MLB_player_VWjwCRlFRLldhHatPV1pS44x-450.webp,15370644,,,,,,,,,Yes,-1.5,6.9,Cubs @ Brewers,2026-09-08T23:40:00Z,Tue 07:40pm,American Family Field,retractable,,,,,,,,,No,,,3.5,,,,0,,0,,96,,56.75,17.5,Push
PrizePicks,MLB,241215,Jacob Misiorowski,P,MIL,Pitching Outs,17.5,TRUE,N/A,10/3/2026,1:06:36 PM,pre_game,MLB,standard,https://static.prizepicks.com/images/players/MLB/Jacob_Misiorowski_MLB_player_VWjwCRlFRLldhHatPV1pS44x-450.webp,15365446,,,,,,,,,Yes,-1.5,6.9,Cubs @ Brewers,2026-09-08T23:40:00Z,Tue 07:40pm,American Family Field,retractable,,,,,,,,,No,,,3.5,,,,0,,0,,96,,43.67,17.5,Push
PrizePicks,MLB,241215,Jacob Misiorowski,P,MIL,Pitching Outs,14.5,TRUE,N/A,10/3/2026,1:06:36 PM,pre_game,MLB,goblin,https://static.prizepicks.com/images/players/MLB/Jacob_Misiorowski_MLB_player_VWjwCRlFRLldhHatPV1pS44x-450.webp,15370720,,,,,,,,,Yes,-1.5,6.9,Cubs @ Brewers,2026-09-08T23:40:00Z,Tue 07:40pm,American Family Field,retractable,,,,,,,,,No,,,3.5,,,,0,,0,,96,,56.75,17.5,Push
PrizePicks,MLB,241215,Jacob Misiorowski,P,MIL,Pitcher Strikeouts,13.5,TRUE,N/A,10/3/2026,1:06:36 PM,pre_game,MLB,demon,https://static.prizepicks.com/images/players/MLB/Jacob_Misiorowski_MLB_player_VWjwCRlFRLldhHatPV1pS44x-450.webp,15376334,8.50,44.73,55.27,-6.27,55.27,Under,https://www.freeiconspng.com/img/1934,,Yes,-1.5,6.9,Cubs @ Brewers,2026-09-08T23:40:00Z,Tue 07:40pm,American Family Field,retractable,,-124.000,-124.000,9/8/2026,7.604,,,,No,,,5,2.384634426,97.61536557,2.384634426,7.6,,0,,7.23,,7.78,8.5,Push
PrizePicks,MLB,241215,Jacob Misiorowski,P,MIL,Pitcher Strikeouts,10.5,TRUE,N/A,10/3/2026,1:06:36 PM,pre_game,MLB,demon,https://static.prizepicks.com/images/players/MLB/Jacob_Misiorowski_MLB_player_VWjwCRlFRLldhHatPV1pS44x-450.webp,15367529,8.50,44.73,55.27,-6.27,55.27,Under,https://www.freeiconspng.com/img/1934,,Yes,-1.5,6.9,Cubs @ Brewers,2026-09-08T23:40:00Z,Tue 07:40pm,American Family Field,retractable,,-124.000,-124.000,9/8/2026,7.604,,,,No,,,5,14.68508646,85.31491354,14.68508646,7.6,,0,,7.23,,7.78,8.5,Push
PrizePicks,MLB,241215,Jacob Misiorowski,P,MIL,Pitcher Strikeouts,9.5,TRUE,N/A,10/3/2026,1:06:36 PM,pre_game,MLB,demon,https://static.prizepicks.com/images/players/MLB/Jacob_Misiorowski_MLB_player_VWjwCRlFRLldhHatPV1pS44x-450.webp,15367575,8.50,44.73,55.27,-6.27,55.27,Under,https://www.freeiconspng.com/img/1934,,Yes,-1.5,6.9,Cubs @ Brewers,2026-09-08T23:40:00Z,Tue 07:40pm,American Family Field,retractable,,-124.000,-124.000,9/8/2026,7.604,,,,No,,,5,23.56270526,76.43729474,23.56270526,7.6,,0,,7.23,,7.78,8.5,Push
PrizePicks,MLB,241215,Jacob Misiorowski,P,MIL,Pitcher Strikeouts,8.5,TRUE,N/A,10/3/2026,1:06:36 PM,pre_game,MLB,demon,https://static.prizepicks.com/images/players/MLB/Jacob_Misiorowski_MLB_player_VWjwCRlFRLldhHatPV1pS44x-450.webp,15369297,8.50,44.73,55.27,-6.27,55.27,Under,https://www.freeiconspng.com/img/1934,,Yes,-1.5,6.9,Cubs @ Brewers,2026-09-08T23:40:00Z,Tue 07:40pm,American Family Field,retractable,,-124.000,-124.000,9/8/2026,7.604,,,,No,,,5,44.73,55.27,44.73,7.6,,0,,7.23,,7.78,8.5,Push
PrizePicks,MLB,241215,Jacob Misiorowski,P,MIL,Pitcher Strikeouts,8,N/A,N/A,10/3/2026,1:06:36 PM,pre_game,MLB,standard,https://static.prizepicks.com/images/players/MLB/Jacob_Misiorowski_MLB_player_VWjwCRlFRLldhHatPV1pS44x-450.webp,15366375,8.50,44.73,55.27,-6.27,55.27,Under,https://www.freeiconspng.com/img/1934,,Yes,-1.5,6.9,Cubs @ Brewers,2026-09-08T23:40:00Z,Tue 07:40pm,American Family Field,retractable,,-124.000,-124.000,9/8/2026,7.604,,,,No,,,5,46.25821206,53.74178794,53.74178794,7.6,,0,,7.23,,7.83,8.5,Good Bet
PrizePicks,MLB,241215,Jacob Misiorowski,P,MIL,Pitcher Strikeouts,7.5,TRUE,N/A,10/3/2026,1:06:36 PM,pre_game,MLB,goblin,https://static.prizepicks.com/images/players/MLB/Jacob_Misiorowski_MLB_player_VWjwCRlFRLldhHatPV1pS44x-450.webp,15367569,8.50,44.73,55.27,-6.27,55.27,Under,https://www.freeiconspng.com/img/1934,,Yes,-1.5,6.9,Cubs @ Brewers,2026-09-08T23:40:00Z,Tue 07:40pm,American Family Field,retractable,,-124.000,-124.000,9/8/2026,7.604,,,,No,,,5,49.05542632,50.94457368,49.05542632,7.6,,0,,7.23,,7.78,8.5,Great Bet
PrizePicks,MLB,241215,Jacob Misiorowski,P,MIL,Hits Allowed,7.5,TRUE,N/A,10/3/2026,1:06:36 PM,pre_game,MLB,demon,https://static.prizepicks.com/images/players/MLB/Jacob_Misiorowski_MLB_player_VWjwCRlFRLldhHatPV1pS44x-450.webp,15372793,,,,,,,,,Yes,-1.5,6.9,Cubs @ Brewers,2026-09-08T23:40:00Z,Tue 07:40pm,American Family Field,retractable,,,,,,,,,No,,,3.5,,,,0,,0,,96,,49.75,3.5,Push
PrizePicks,MLB,241215,Jacob Misiorowski,P,MIL,Pitcher Strikeouts,6.5,TRUE,N/A,10/3/2026,1:06:36 PM,pre_game,MLB,goblin,https://static.prizepicks.com/images/players/MLB/Jacob_Misiorowski_MLB_player_VWjwCRlFRLldhHatPV1pS44x-450.webp,15367571,8.50,44.73,55.27,-6.27,55.27,Under,https://www.freeiconspng.com/img/1934,,Yes,-1.5,6.9,Cubs @ Brewers,2026-09-08T23:40:00Z,Tue 07:40pm,American Family Field,retractable,,-124.000,-124.000,9/8/2026,7.604,,,,No,,,5,63.59278583,36.40721417,63.59278583,7.6,,0,,7.23,,7.78,8.5,Push
PrizePicks,MLB,127196,William Contreras,C,MIL,Hits+Runs+RBIs,6.5,TRUE,N/A,10/3/2026,1:06:36 PM,pre_game,MLB,demon,https://static.prizepicks.com/images/players/MLB/William_Contreras_MLB_player_utOsP58xiT4H1eTJnXgLgfhV-450.webp,15372787,1.50,50.93,49.07,-3.2,50.93,Over,https://www.freeiconspng.com/img/1934,,Yes,-1.5,6.9,Cubs @ Brewers,2026-09-08T23:40:00Z,Tue 07:40pm,American Family Field,retractable,,-104.000,-104.000,9/8/2026,1.528,,,,No,,,3.5,0.1028681774,99.89713182,0.1028681774,1.53,,0,,0.95,,1.24,0,Push
PrizePicks,MLB,193538,Jackson Chourio,OF,MIL,Hits+Runs+RBIs,6.5,TRUE,N/A,10/3/2026,1:06:36 PM,pre_game,MLB,demon,https://static.prizepicks.com/images/players/MLB/Jackson_Chourio_MLB_player_Sl90DoV6a5Gc8RtLhi2IlM0Y-450.webp,15375136,1.50,54.98,45.02,-2.83,54.98,Over,https://www.freeiconspng.com/img/1934,,Yes,-1.5,6.9,Cubs @ Brewers,2026-09-08T23:40:00Z,Tue 07:40pm,American Family Field,retractable,,-122.000,-122.000,9/8/2026,1.649,,,,No,,,3.5,0.158444942,99.84155506,0.158444942,1.65,,0,,1.02,,1.33,0,Push
PrizePicks,MLB,139980,Fernando Tatis Jr.,OF,SD,Total Bases,5.5,TRUE,N/A,10/3/2026,1:06:36 PM,pre_game,MLB,demon,https://static.prizepicks.com/images/players/MLB/Fernando_Tatis_MLB_player_DjhTeFUqteE9JQbqLZdPe4B6-450.webp,15367544,,,,,,,,,Yes,-1.5,6.9,Nationals @ Padres,2026-09-09T01:40:00Z,Tue 09:40pm,Petco Park,outdoor,,,,,,,,,No,,,3.5,,,,0,,0,,1.01,,1.26,1.5,Push
PrizePicks,MLB,67592,Manny Machado,IF,SD,Hits+Runs+RBIs,5.5,TRUE,N/A,10/3/2026,1:06:36 PM,pre_game,MLB,demon,https://static.prizepicks.com/images/players/MLB/Manuel_Machado_MLB_player_T2qAovSYe7b2PcWthjl1p2RY-450.webp,15367566,1.50,40.4,59.6,-7.07,59.6,Under,https://www.freeiconspng.com/img/1934,,Yes,-1.5,6.9,Nationals @ Padres,2026-09-09T01:40:00Z,Tue 09:40pm,Petco Park,outdoor,,-148.000,-148.000,9/8/2026,1.212,,,,No,,,3.5,0.1576607661,99.84233923,0.1576607661,1.21,,0,,0.76,,0.99,0,Push
PrizePicks,MLB,139980,Fernando Tatis Jr.,OF,SD,Hits+Runs+RBIs,5.5,TRUE,N/A,10/3/2026,1:06:36 PM,pre_game,MLB,demon,https://static.prizepicks.com/images/players/MLB/Fernando_Tatis_MLB_player_DjhTeFUqteE9JQbqLZdPe4B6-450.webp,15367568,1.50,44.32,55.68,-3.5,55.68,Under,https://www.freeiconspng.com/img/1934,,Yes,-1.5,6.9,Nationals @ Padres,2026-09-09T01:40:00Z,Tue 09:40pm,Petco Park,outdoor,,-126.000,-126.000,9/8/2026,1.330,,,,No,,,3.5,0.2490906697,99.75090933,0.2490906697,1.33,,0,,1.01,,1.17,0,Push
PrizePicks,MLB,241215,Jacob Misiorowski,P,MIL,Pitcher Strikeouts,5.5,TRUE,N/A,10/3/2026,1:06:36 PM,pre_game,MLB,goblin,https://static.prizepicks.com/images/players/MLB/Jacob_Misiorowski_MLB_player_VWjwCRlFRLldhHatPV1pS44x-450.webp,15367574,8.50,44.73,55.27,-6.27,55.27,Under,https://www.freeiconspng.com/img/1934,,Yes,-1.5,6.9,Cubs @ Brewers,2026-09-08T23:40:00Z,Tue 07:40pm,American Family Field,retractable,,-124.000,-124.000,9/8/2026,7.604,,,,No,,,5,76.97523958,23.02476042,76.97523958,7.6,,0,,7.23,,7.78,8.5,Push
PrizePicks,MLB,193538,Jackson Chourio,OF,MIL,Total Bases,5.5,TRUE,N/A,10/3/2026,1:06:36 PM,pre_game,MLB,demon,https://static.prizepicks.com/images/players/MLB/Jackson_Chourio_MLB_player_Sl90DoV6a5Gc8RtLhi2IlM0Y-450.webp,15370074,,,,,,,,,Yes,-1.5,6.9,Cubs @ Brewers,2026-09-08T23:40:00Z,Tue 07:40pm,American Family Field,retractable,,,,,,,,,No,,,3.5,,,,0,,0,,1.02,,1.26,1.5,Push
PrizePicks,MLB,192925,Jake Bauers,IF,MIL,Total Bases,5.5,TRUE,N/A,10/3/2026,1:06:36 PM,pre_game,MLB,demon,https://static.prizepicks.com/images/players/MLB/Jakob_Bauers_MLB_player_8W8DDUI7d70DLlu7HXuu07x1-450.webp,15370075,,,,,,,,,Yes,-1.5,6.9,Cubs @ Brewers,2026-09-08T23:40:00Z,Tue 07:40pm,American Family Field,retractable,,,,,,,,,No,,,3.5,,,,0,,0,,0.93,,0.93,0,Push
PrizePicks,MLB,127196,William Contreras,C,MIL,Total Bases,5.5,TRUE,N/A,10/3/2026,1:06:36 PM,pre_game,MLB,demon,https://static.prizepicks.com/images/players/MLB/William_Contreras_MLB_player_utOsP58xiT4H1eTJnXgLgfhV-450.webp,15371965,,,,,,,,,Yes,-1.5,6.9,Cubs @ Brewers,2026-09-08T23:40:00Z,Tue 07:40pm,American Family Field,retractable,,,,,,,,,No,,,3.5,,,,0,,0,,0.95,,1.22,1.5,Push
PrizePicks,MLB,127193,Brice Turang,IF,MIL,Hits+Runs+RBIs,5.5,TRUE,N/A,10/3/2026,1:06:36 PM,pre_game,MLB,demon,https://static.prizepicks.com/images/players/MLB/Second_Base_MLB_player_HhIl6lscwSyYMioGrH3lmpf.webp,15372785,1.50,49.16,50.84,-4.11,50.84,Under,https://www.freeiconspng.com/img/1934,,Yes,-1.5,6.9,Cubs @ Brewers,2026-09-08T23:40:00Z,Tue 07:40pm,American Family Field,retractable,,-103.000,-103.000,9/8/2026,1.475,,,,No,,,3.5,0.4110497775,99.58895022,0.4110497775,1.47,,0,,0.94,,1.21,0,Push
PrizePicks,MLB,241215,Jacob Misiorowski,P,MIL,Hits Allowed,5.5,TRUE,N/A,10/3/2026,1:06:36 PM,pre_game,MLB,demon,https://static.prizepicks.com/images/players/MLB/Jacob_Misiorowski_MLB_player_VWjwCRlFRLldhHatPV1pS44x-450.webp,15372789,,,,,,,,,Yes,-1.5,6.9,Cubs @ Brewers,2026-09-08T23:40:00Z,Tue 07:40pm,American Family Field,retractable,,,,,,,,,No,,,3.5,,,,0,,0,,96,,49.75,3.5,Push
PrizePicks,MLB,192359,Joey Ortiz,IF,MIL,Hits+Runs+RBIs,5.5,TRUE,N/A,10/3/2026,1:06:36 PM,pre_game,MLB,demon,https://static.prizepicks.com/images/players/MLB/Joseph_Ortiz_MLB_player_cgr8ckrMUU3sXrWq6RPRiDI3-450.webp,15374393,1.50,43.27,56.73,-3.59,56.73,Under,https://www.freeiconspng.com/img/1934,,Yes,-1.5,6.9,Cubs @ Brewers,2026-09-08T23:40:00Z,Tue 07:40pm,American Family Field,retractable,,-131.000,-131.000,9/8/2026,1.298,,,,No,,,3.5,0.2214626508,99.77853735,0.2214626508,1.3,,0,,0.94,,1.12,0,Push
PrizePicks,MLB,192925,Jake Bauers,IF,MIL,Hits+Runs+RBIs,5.5,TRUE,N/A,10/3/2026,1:06:36 PM,pre_game,MLB,demon,https://static.prizepicks.com/images/players/MLB/Jakob_Bauers_MLB_player_8W8DDUI7d70DLlu7HXuu07x1-450.webp,15377317,1.50,43.08,56.92,-3.08,56.92,Under,https://www.freeiconspng.com/img/1934,,Yes,-1.5,6.9,Cubs @ Brewers,2026-09-08T23:40:00Z,Tue 07:40pm,American Family Field,retractable,,-132.000,-132.000,,1.292,,,,No,,,3.5,0.2167208343,99.78327917,0.2167208343,1.29,,0,,0.93,,1.11,0,Push
PrizePicks,MLB,127204,Xander Bogaerts,IF,SD,Hits+Runs+RBIs,4.5,TRUE,N/A,10/3/2026,1:06:36 PM,pre_game,MLB,demon,https://static.prizepicks.com/images/players/MLB/Xander_Bogaerts_MLB_player_SyYOqVCqxykf8J9hjqxLQ6Z3-450.webp,15367522,0.50,57.97,42.03,-3.42,57.97,Over,https://www.freeiconspng.com/img/1934,,Yes,-1.5,6.9,Nationals @ Padres,2026-09-09T01:40:00Z,Tue 09:40pm,Petco Park,outdoor,,-138.000,-138.000,9/8/2026,0.580,,,,No,,,3.5,0.03376993994,99.96623006,0.03376993994,0.58,,0,,0.81,,0.69,0,Push
PrizePicks,MLB,193123,Jackson Merrill,OF,SD,Hits+Runs+RBIs,4.5,TRUE,N/A,10/3/2026,1:06:36 PM,pre_game,MLB,demon,https://static.prizepicks.com/images/players/MLB/Jackson_Merrill_MLB_player_woeHd4OzZiuVcuExGBHV3nln-450.webp,15367524,0.50,57.26,42.74,-4.13,57.26,Over,https://www.freeiconspng.com/img/1934,,Yes,-1.5,6.9,Nationals @ Padres,2026-09-09T01:40:00Z,Tue 09:40pm,Petco Park,outdoor,,-134.000,-134.000,9/8/2026,0.573,,,,No,,,3.5,0.03193766,99.96806234,0.03193766,0.57,,0,,0.89,,0.73,0,Push
PrizePicks,MLB,67595,Jake Cronenworth,IF,SD,Hits+Runs+RBIs,4.5,TRUE,N/A,10/3/2026,1:06:36 PM,pre_game,MLB,demon,https://static.prizepicks.com/images/players/MLB/Jacob_Cronenworth_MLB_player_lgyr5DPh74DiKkHb5Q5QTOhU-450.webp,15367531,0.50,49.6,50.4,-3.52,50.4,Under,https://www.freeiconspng.com/img/1934,,Yes,-1.5,6.9,Nationals @ Padres,2026-09-09T01:40:00Z,Tue 09:40pm,Petco Park,outdoor,,-102.000,-102.000,9/8/2026,0.496,,,,No,,,3.5,0.01658854998,99.98341145,0.01658854998,0.5,,0,,0.79,,0.64,0,Push
PrizePicks,MLB,310333,Ty France,IF,SD,Hits+Runs+RBIs,4.5,TRUE,N/A,10/3/2026,1:06:36 PM,pre_game,MLB,demon,https://static.prizepicks.com/images/manual/Ty France.png,15367536,1.50,39.77,60.23,-4.31,60.23,Under,https://www.freeiconspng.com/img/1934,,Yes,-1.5,6.9,Nationals @ Padres,2026-09-09T01:40:00Z,Tue 09:40pm,Petco Park,outdoor,,-151.000,-151.000,9/8/2026,1.193,,,,No,,,3.5,0.7567669988,99.243233,0.7567669988,1.19,,0,,1.03,,1.11,0,Push
PrizePicks,MLB,338092,Dustin Harris,OF,SD,Hits+Runs+RBIs,4.5,TRUE,N/A,10/3/2026,1:06:36 PM,pre_game,MLB,demon,https://static.prizepicks.com/images/manual/Dustin Harris.png,15367564,0.50,55.19,44.81,-3.99,55.19,Over,https://www.freeiconspng.com/img/1934,,Yes,-1.5,6.9,Nationals @ Padres,2026-09-09T01:40:00Z,Tue 09:40pm,Petco Park,outdoor,,-123.000,-123.000,9/8/2026,0.552,,,,No,,,3.5,0.02702307783,99.97297692,0.02702307783,0.55,,0,,1.13,,0.84,0,Push
PrizePicks,MLB,67592,Manny Machado,IF,SD,Total Bases,4.5,TRUE,N/A,10/3/2026,1:06:36 PM,pre_game,MLB,demon,https://static.prizepicks.com/images/players/MLB/Manuel_Machado_MLB_player_T2qAovSYe7b2PcWthjl1p2RY-450.webp,15369323,,,,,,,,,Yes,-1.5,6.9,Nationals @ Padres,2026-09-09T01:40:00Z,Tue 09:40pm,Petco Park,outdoor,,,,,,,,,No,,,3.5,,,,0,,0,,0.76,,1.13,1.5,Push
PrizePicks,MLB,193123,Jackson Merrill,OF,SD,Total Bases,4.5,TRUE,N/A,10/3/2026,1:06:36 PM,pre_game,MLB,demon,https://static.prizepicks.com/images/players/MLB/Jackson_Merrill_MLB_player_woeHd4OzZiuVcuExGBHV3nln-450.webp,15369325,,,,,,,,,Yes,-1.5,6.9,Nationals @ Padres,2026-09-09T01:40:00Z,Tue 09:40pm,Petco Park,outdoor,,,,,,,,,No,,,3.5,,,,0,,0,,0.89,,1.2,1.5,Push
PrizePicks,MLB,310333,Ty France,IF,SD,Total Bases,4.5,TRUE,N/A,10/3/2026,1:06:36 PM,pre_game,MLB,demon,https://static.prizepicks.com/images/manual/Ty France.png,15369335,,,,,,,,,Yes,-1.5,6.9,Nationals @ Padres,2026-09-09T01:40:00Z,Tue 09:40pm,Petco Park,outdoor,,,,,,,,,No,,,3.5,,,,0,,0,,1.03,,1.27,1.5,Push
PrizePicks,MLB,127204,Xander Bogaerts,IF,SD,Total Bases,4.5,TRUE,N/A,10/3/2026,1:06:36 PM,pre_game,MLB,demon,https://static.prizepicks.com/images/players/MLB/Xander_Bogaerts_MLB_player_SyYOqVCqxykf8J9hjqxLQ6Z3-450.webp,15369336,,,,,,,,,Yes,-1.5,6.9,Nationals @ Padres,2026-09-09T01:40:00Z,Tue 09:40pm,Petco Park,outdoor,,,,,,,,,No,,,3.5,,,,0,,0,,0.81,,0.65,0.5,Push
PrizePicks,MLB,127193,Brice Turang,IF,MIL,Total Bases,4.5,TRUE,N/A,10/3/2026,1:06:36 PM,pre_game,MLB,demon,https://static.prizepicks.com/images/players/MLB/Second_Base_MLB_player_HhIl6lscwSyYMioGrH3lmpf.webp,15370073,,,,,,,,,Yes,-1.5,6.9,Cubs @ Brewers,2026-09-08T23:40:00Z,Tue 07:40pm,American Family Field,retractable,,,,,,,,,No,,,3.5,,,,0,,0,,0.94,,0.72,0.5,Push
PrizePicks,MLB,192359,Joey Ortiz,IF,MIL,Total Bases,4.5,TRUE,N/A,10/3/2026,1:06:36 PM,pre_game,MLB,demon,https://static.prizepicks.com/images/players/MLB/Joseph_Ortiz_MLB_player_cgr8ckrMUU3sXrWq6RPRiDI3-450.webp,15371967,,,,,,,,,Yes,-1.5,6.9,Cubs @ Brewers,2026-09-08T23:40:00Z,Tue 07:40pm,American Family Field,retractable,,,,,,,,,No,,,3.5,,,,0,,0,,0.94,,0.72,0.5,Push
PrizePicks,MLB,127193,Brice Turang,IF,MIL,Hits+Runs+RBIs,4.5,TRUE,N/A,10/3/2026,1:06:36 PM,pre_game,MLB,demon,https://static.prizepicks.com/images/players/MLB/Second_Base_MLB_player_HhIl6lscwSyYMioGrH3lmpf.webp,15372788,1.50,49.16,50.84,-4.11,50.84,Under,https://www.freeiconspng.com/img/1934,,Yes,-1.5,6.9,Cubs @ Brewers,2026-09-08T23:40:00Z,Tue 07:40pm,American Family Field,retractable,,-103.000,-103.000,9/8/2026,1.475,,,,No,,,3.5,1.741464054,98.25853595,1.741464054,1.47,,0,,0.94,,1.21,0,Push
PrizePicks,MLB,241215,Jacob Misiorowski,P,MIL,Hits Allowed,4.5,TRUE,N/A,10/3/2026,1:06:36 PM,pre_game,MLB,demon,https://static.prizepicks.com/images/players/MLB/Jacob_Misiorowski_MLB_player_VWjwCRlFRLldhHatPV1pS44x-450.webp,15372790,,,,,,,,,Yes,-1.5,6.9,Cubs @ Brewers,2026-09-08T23:40:00Z,Tue 07:40pm,American Family Field,retractable,,,,,,,,,No,,,3.5,,,,0,,0,,96,,49.75,3.5,Push
PrizePicks,MLB,127196,William Contreras,C,MIL,Hits+Runs+RBIs,4.5,TRUE,N/A,10/3/2026,1:06:36 PM,pre_game,MLB,demon,https://static.prizepicks.com/images/players/MLB/William_Contreras_MLB_player_utOsP58xiT4H1eTJnXgLgfhV-450.webp,15372791,1.50,50.93,49.07,-3.2,50.93,Over,https://www.freeiconspng.com/img/1934,,Yes,-1.5,6.9,Cubs @ Brewers,2026-09-08T23:40:00Z,Tue 07:40pm,American Family Field,retractable,,-104.000,-104.000,9/8/2026,1.528,,,,No,,,3.5,1.991979106,98.00802089,1.991979106,1.53,,0,,0.95,,1.24,0,Push
PrizePicks,MLB,74159,Garrett Mitchell,OF,MIL,Total Bases,4.5,TRUE,N/A,10/3/2026,1:06:36 PM,pre_game,MLB,demon,https://static.prizepicks.com/images/players/MLB/Garrett_Mitchell_MLB_player_pKr818qZkrPVIDliSpGPdZQ4-450.webp,15374141,,,,,,,,,Yes,-1.5,6.9,Cubs @ Brewers,2026-09-08T23:40:00Z,Tue 07:40pm,American Family Field,retractable,,,,,,,,,No,,,3.5,,,,0,,0,,0.92,,0.71,0.5,Push
PrizePicks,MLB,327357,Luis Lara,OF,MIL,Total Bases,4.5,TRUE,N/A,10/3/2026,1:06:36 PM,pre_game,MLB,demon,https://static.prizepicks.com/images/manual/Luis Lara.png,15374147,,,,,,,,,Yes,-1.5,6.9,Cubs @ Brewers,2026-09-08T23:40:00Z,Tue 07:40pm,American Family Field,retractable,,,,,,,,,No,,,3.5,,,,0,,0,,0.86,,0.68,0.5,Push
PrizePicks,MLB,324013,Cooper Pratt,IF,MIL,Total Bases,4.5,TRUE,N/A,10/3/2026,1:06:36 PM,pre_game,MLB,demon,https://static.prizepicks.com/images/manual/Cooper Pratt.webp,15374158,,,,,,,,,Yes,-1.5,6.9,Cubs @ Brewers,2026-09-08T23:40:00Z,Tue 07:40pm,American Family Field,retractable,,,,,,,,,No,,,3.5,,,,0,,0,,0.98,,0.74,0.5,Push
PrizePicks,MLB,67527,Christian Yelich,DH,MIL,Total Bases,4.5,TRUE,N/A,10/3/2026,1:06:36 PM,pre_game,MLB,demon,https://static.prizepicks.com/images/players/MLB/Christian_Yelich_MLB_player_IiHxuYdRvtSn416BYL5gvPt-450.webp,15374160,,,,,,,,,Yes,-1.5,6.9,Cubs @ Brewers,2026-09-08T23:40:00Z,Tue 07:40pm,American Family Field,retractable,,,,,,,,,No,,,3.5,,,,0,,0,,0.82,,0.66,0.5,Push
PrizePicks,MLB,193538,Jackson Chourio,OF,MIL,Hits+Runs+RBIs,4.5,TRUE,N/A,10/3/2026,1:06:36 PM,pre_game,MLB,demon,https://static.prizepicks.com/images/players/MLB/Jackson_Chourio_MLB_player_Sl90DoV6a5Gc8RtLhi2IlM0Y-450.webp,15374390,1.50,54.98,45.02,-2.83,54.98,Over,https://www.freeiconspng.com/img/1934,,Yes,-1.5,6.9,Cubs @ Brewers,2026-09-08T23:40:00Z,Tue 07:40pm,American Family Field,retractable,,-122.000,-122.000,9/8/2026,1.649,,,,No,,,3.5,2.650740295,97.3492597,2.650740295,1.65,,0,,1.02,,1.33,0,Push
PrizePicks,MLB,74159,Garrett Mitchell,OF,MIL,Hits+Runs+RBIs,4.5,TRUE,N/A,10/3/2026,1:06:36 PM,pre_game,MLB,demon,https://static.prizepicks.com/images/players/MLB/Garrett_Mitchell_MLB_player_pKr818qZkrPVIDliSpGPdZQ4-450.webp,15374392,,,,,,,,,Yes,-1.5,6.9,Cubs @ Brewers,2026-09-08T23:40:00Z,Tue 07:40pm,American Family Field,retractable,,,,,,,,,No,,,3.5,,,,0,,0,,0.92,,0.92,0,Push
PrizePicks,MLB,67527,Christian Yelich,DH,MIL,Hits+Runs+RBIs,4.5,TRUE,N/A,10/3/2026,1:06:36 PM,pre_game,MLB,demon,https://static.prizepicks.com/images/players/MLB/Christian_Yelich_MLB_player_IiHxuYdRvtSn416BYL5gvPt-450.webp,15374395,1.50,43.34,56.66,-3.66,56.66,Under,https://www.freeiconspng.com/img/1934,,Yes,-1.5,6.9,Cubs @ Brewers,2026-09-08T23:40:00Z,Tue 07:40pm,American Family Field,retractable,,-131.000,-131.000,9/8/2026,1.300,,,,No,,,3.5,1.06695216,98.93304784,1.06695216,1.3,,0,,0.82,,1.06,0,Push
PrizePicks,MLB,327357,Luis Lara,OF,MIL,Hits+Runs+RBIs,4.5,TRUE,N/A,10/3/2026,1:06:36 PM,pre_game,MLB,demon,https://static.prizepicks.com/images/manual/Luis Lara.png,15374396,,,,,,,,,Yes,-1.5,6.9,Cubs @ Brewers,2026-09-08T23:40:00Z,Tue 07:40pm,American Family Field,retractable,,,,,,,,,No,,,3.5,,,,0,,0,,0.86,,0.86,0,Push
PrizePicks,MLB,324013,Cooper Pratt,IF,MIL,Hits+Runs+RBIs,4.5,TRUE,N/A,10/3/2026,1:06:36 PM,pre_game,MLB,demon,https://static.prizepicks.com/images/manual/Cooper Pratt.webp,15374398,,,,,,,,,Yes,-1.5,6.9,Cubs @ Brewers,2026-09-08T23:40:00Z,Tue 07:40pm,American Family Field,retractable,,,,,,,,,No,,,3.5,,,,0,,0,,0.98,,0.98,0,Push
PrizePicks,MLB,241215,Jacob Misiorowski,P,MIL,Earned Runs Allowed,4.5,TRUE,N/A,10/3/2026,1:06:36 PM,pre_game,MLB,demon,https://static.prizepicks.com/images/players/MLB/Jacob_Misiorowski_MLB_player_VWjwCRlFRLldhHatPV1pS44x-450.webp,15374697,,,,,,,,,Yes,-1.5,6.9,Cubs @ Brewers,2026-09-08T23:40:00Z,Tue 07:40pm,American Family Field,retractable,,,,,,,,,No,,,3.5,,,,0,,0,,96,,48.75,1.5,Push
PrizePicks,MLB,332302,Austin Hays,DH,SD,Total Bases,4.5,TRUE,N/A,10/3/2026,1:06:36 PM,pre_game,MLB,demon,https://static.prizepicks.com/images/manual/Austin Hays.png,15374698,,,,,,,,,Yes,-1.5,6.9,Nationals @ Padres,2026-09-09T01:40:00Z,Tue 09:40pm,Petco Park,outdoor,,,,,,8/4/2026,60-Day-IL,"Jul 17: Hays (calf) will begin a rehab assignment with Triple-A Charlotte on Friday, LaMond Pope of the Chicago Tribune reports.",No,,,3.5,,,,0,,0,,1.11,,1.11,0,Push
PrizePicks,MLB,338092,Dustin Harris,OF,SD,Hits+Runs+RBIs,3.5,TRUE,N/A,10/3/2026,1:06:36 PM,pre_game,MLB,demon,https://static.prizepicks.com/images/manual/Dustin Harris.png,15367521,0.50,55.19,44.81,-3.99,55.19,Over,https://www.freeiconspng.com/img/1934,,Yes,-1.5,6.9,Nationals @ Padres,2026-09-09T01:40:00Z,Tue 09:40pm,Petco Park,outdoor,,-123.000,-123.000,9/8/2026,0.552,,,,No,,,3.5,0.2496323296,99.75036767,0.2496323296,0.55,,0,,1.13,,0.84,0,Push
PrizePicks,MLB,340351,Ethan Salas,C,SD,Hits+Runs+RBIs,3.5,TRUE,N/A,10/3/2026,1:06:36 PM,pre_game,MLB,demon,https://static.prizepicks.com/images/manual/EthanSalas.webp,15367528,0.50,46.52,53.48,,50.98,Over,https://www.freeiconspng.com/img/1934,,Yes,-1.5,6.9,Nationals @ Padres,2026-09-09T01:40:00Z,Tue 09:40pm,Petco Park,outdoor,,-104.000,-104.000,9/8/2026,0.465,,,,No,,,3.5,0.1348985905,99.86510141,0.1348985905,0.47,,0,,0.9,,0.68,0,Push
PrizePicks,MLB,67595,Jake Cronenworth,IF,SD,Hits+Runs+RBIs,3.5,TRUE,N/A,10/3/2026,1:06:36 PM,pre_game,MLB,demon,https://static.prizepicks.com/images/players/MLB/Jacob_Cronenworth_MLB_player_lgyr5DPh74DiKkHb5Q5QTOhU-450.webp,15367532,0.50,49.6,50.4,-3.52,50.4,Under,https://www.freeiconspng.com/img/1934,,Yes,-1.5,6.9,Nationals @ Padres,2026-09-09T01:40:00Z,Tue 09:40pm,Petco Park,outdoor,,-102.000,-102.000,9/8/2026,0.496,,,,No,,,3.5,0.1701582024,99.8298418,0.1701582024,0.5,,0,,0.79,,0.64,0,Push
PrizePicks,MLB,310333,Ty France,IF,SD,Hits+Runs+RBIs,3.5,TRUE,N/A,10/3/2026,1:06:36 PM,pre_game,MLB,demon,https://static.prizepicks.com/images/manual/Ty France.png,15367553,1.50,39.77,60.23,-4.31,60.23,Under,https://www.freeiconspng.com/img/1934,,Yes,-1.5,6.9,Nationals @ Padres,2026-09-09T01:40:00Z,Tue 09:40pm,Petco Park,outdoor,,-151.000,-151.000,9/8/2026,1.193,,,,No,,,3.5,3.317353164,96.68264684,3.317353164,1.19,,0,,1.03,,1.11,0,Push
PrizePicks,MLB,139980,Fernando Tatis Jr.,OF,SD,Hits+Runs+RBIs,3.5,TRUE,N/A,10/3/2026,1:06:36 PM,pre_game,MLB,demon,https://static.prizepicks.com/images/players/MLB/Fernando_Tatis_MLB_player_DjhTeFUqteE9JQbqLZdPe4B6-450.webp,15367554,1.50,44.32,55.68,-3.5,55.68,Under,https://www.freeiconspng.com/img/1934,,Yes,-1.5,6.9,Nationals @ Padres,2026-09-09T01:40:00Z,Tue 09:40pm,Petco Park,outdoor,,-126.000,-126.000,9/8/2026,1.330,,,,No,,,3.5,4.610643147,95.38935685,4.610643147,1.33,,0,,1.01,,1.17,0,Push
PrizePicks,MLB,139980,Fernando Tatis Jr.,OF,SD,Total Bases,3.5,TRUE,N/A,10/3/2026,1:06:36 PM,pre_game,MLB,demon,https://static.prizepicks.com/images/players/MLB/Fernando_Tatis_MLB_player_DjhTeFUqteE9JQbqLZdPe4B6-450.webp,15367560,,,,,,,,,Yes,-1.5,6.9,Nationals @ Padres,2026-09-09T01:40:00Z,Tue 09:40pm,Petco Park,outdoor,,,,,,,,,No,,,3.5,,,,0,,0,,1.01,,1.26,1.5,Push
PrizePicks,MLB,67592,Manny Machado,IF,SD,Hits+Runs+RBIs,3.5,TRUE,N/A,10/3/2026,1:06:36 PM,pre_game,MLB,demon,https://static.prizepicks.com/images/players/MLB/Manuel_Machado_MLB_player_T2qAovSYe7b2PcWthjl1p2RY-450.webp,15367565,1.50,40.4,59.6,-7.07,59.6,Under,https://www.freeiconspng.com/img/1934,,Yes,-1.5,6.9,Nationals @ Padres,2026-09-09T01:40:00Z,Tue 09:40pm,Petco Park,outdoor,,-148.000,-148.000,9/8/2026,1.212,,,,No,,,3.5,3.48192677,96.51807323,3.48192677,1.21,,0,,0.76,,0.99,0,Push
PrizePicks,MLB,193123,Jackson Merrill,OF,SD,Hits+Runs+RBIs,3.5,TRUE,N/A,10/3/2026,1:06:36 PM,pre_game,MLB,demon,https://static.prizepicks.com/images/players/MLB/Jackson_Merrill_MLB_player_woeHd4OzZiuVcuExGBHV3nln-450.webp,15367570,0.50,57.26,42.74,-4.13,57.26,Over,https://www.freeiconspng.com/img/1934,,Yes,-1.5,6.9,Nationals @ Padres,2026-09-09T01:40:00Z,Tue 09:40pm,Petco Park,outdoor,,-134.000,-134.000,9/8/2026,0.573,,,,No,,,3.5,0.284586386,99.71541361,0.284586386,0.57,,0,,0.89,,0.73,0,Push
PrizePicks,MLB,127204,Xander Bogaerts,IF,SD,Hits+Runs+RBIs,3.5,TRUE,N/A,10/3/2026,1:06:36 PM,pre_game,MLB,demon,https://static.prizepicks.com/images/players/MLB/Xander_Bogaerts_MLB_player_SyYOqVCqxykf8J9hjqxLQ6Z3-450.webp,15367573,0.50,57.97,42.03,-3.42,57.97,Over,https://www.freeiconspng.com/img/1934,,Yes,-1.5,6.9,Nationals @ Padres,2026-09-09T01:40:00Z,Tue 09:40pm,Petco Park,outdoor,,-138.000,-138.000,9/8/2026,0.580,,,,No,,,3.5,0.2973068494,99.70269315,0.2973068494,0.58,,0,,0.81,,0.69,0,Push
PrizePicks,MLB,338092,Dustin Harris,OF,SD,Total Bases,3.5,TRUE,N/A,10/3/2026,1:06:36 PM,pre_game,MLB,demon,https://static.prizepicks.com/images/manual/Dustin Harris.png,15369324,,,,,,,,,Yes,-1.5,6.9,Nationals @ Padres,2026-09-09T01:40:00Z,Tue 09:40pm,Petco Park,outdoor,,,,,,,,,No,,,3.5,,,,0,,0,,1.13,,0.81,0.5,Push
PrizePicks,MLB,67595,Jake Cronenworth,IF,SD,Total Bases,3.5,TRUE,N/A,10/3/2026,1:06:36 PM,pre_game,MLB,demon,https://static.prizepicks.com/images/players/MLB/Jacob_Cronenworth_MLB_player_lgyr5DPh74DiKkHb5Q5QTOhU-450.webp,15369326,,,,,,,,,Yes,-1.5,6.9,Nationals @ Padres,2026-09-09T01:40:00Z,Tue 09:40pm,Petco Park,outdoor,,,,,,,,,No,,,3.5,,,,0,,0,,0.79,,0.64,0.5,Push
PrizePicks,MLB,67592,Manny Machado,IF,SD,Total Bases,3.5,TRUE,N/A,10/3/2026,1:06:36 PM,pre_game,MLB,demon,https://static.prizepicks.com/images/players/MLB/Manuel_Machado_MLB_player_T2qAovSYe7b2PcWthjl1p2RY-450.webp,15369327,,,,,,,,,Yes,-1.5,6.9,Nationals @ Padres,2026-09-09T01:40:00Z,Tue 09:40pm,Petco Park,outdoor,,,,,,,,,No,,,3.5,,,,0,,0,,0.76,,1.13,1.5,Push
PrizePicks,MLB,193123,Jackson Merrill,OF,SD,Total Bases,3.5,TRUE,N/A,10/3/2026,1:06:36 PM,pre_game,MLB,demon,https://static.prizepicks.com/images/players/MLB/Jackson_Merrill_MLB_player_woeHd4OzZiuVcuExGBHV3nln-450.webp,15369329,,,,,,,,,Yes,-1.5,6.9,Nationals @ Padres,2026-09-09T01:40:00Z,Tue 09:40pm,Petco Park,outdoor,,,,,,,,,No,,,3.5,,,,0,,0,,0.89,,1.2,1.5,Push
PrizePicks,MLB,310333,Ty France,IF,SD,Total Bases,3.5,TRUE,N/A,10/3/2026,1:06:36 PM,pre_game,MLB,demon,https://static.prizepicks.com/images/manual/Ty France.png,15369334,,,,,,,,,Yes,-1.5,6.9,Nationals @ Padres,2026-09-09T01:40:00Z,Tue 09:40pm,Petco Park,outdoor,,,,,,,,,No,,,3.5,,,,0,,0,,1.03,,1.27,1.5,Push
PrizePicks,MLB,127204,Xander Bogaerts,IF,SD,Total Bases,3.5,TRUE,N/A,10/3/2026,1:06:36 PM,pre_game,MLB,demon,https://static.prizepicks.com/images/players/MLB/Xander_Bogaerts_MLB_player_SyYOqVCqxykf8J9hjqxLQ6Z3-450.webp,15369337,,,,,,,,,Yes,-1.5,6.9,Nationals @ Padres,2026-09-09T01:40:00Z,Tue 09:40pm,Petco Park,outdoor,,,,,,,,,No,,,3.5,,,,0,,0,,0.81,,0.65,0.5,Push
PrizePicks,MLB,340351,Ethan Salas,C,SD,Total Bases,3.5,TRUE,N/A,10/3/2026,1:06:36 PM,pre_game,MLB,demon,https://static.prizepicks.com/images/manual/EthanSalas.webp,15370071,,,,,,,,,Yes,-1.5,6.9,Nationals @ Padres,2026-09-09T01:40:00Z,Tue 09:40pm,Petco Park,outdoor,,,,,,,,,No,,,3.5,,,,0,,0,,0.9,,0.7,0.5,Push
PrizePicks,MLB,127193,Brice Turang,IF,MIL,Total Bases,3.5,TRUE,N/A,10/3/2026,1:06:36 PM,pre_game,MLB,demon,https://static.prizepicks.com/images/players/MLB/Second_Base_MLB_player_HhIl6lscwSyYMioGrH3lmpf.webp,15370076,,,,,,,,,Yes,-1.5,6.9,Cubs @ Brewers,2026-09-08T23:40:00Z,Tue 07:40pm,American Family Field,retractable,,,,,,,,,No,,,3.5,,,,0,,0,,0.94,,0.72,0.5,Push
PrizePicks,MLB,193538,Jackson Chourio,OF,MIL,Total Bases,3.5,TRUE,N/A,10/3/2026,1:06:36 PM,pre_game,MLB,demon,https://static.prizepicks.com/images/players/MLB/Jackson_Chourio_MLB_player_Sl90DoV6a5Gc8RtLhi2IlM0Y-450.webp,15370077,,,,,,,,,Yes,-1.5,6.9,Cubs @ Brewers,2026-09-08T23:40:00Z,Tue 07:40pm,American Family Field,retractable,,,,,,,,,No,,,3.5,,,,0,,0,,1.02,,1.26,1.5,Push
PrizePicks,MLB,192925,Jake Bauers,IF,MIL,Total Bases,3.5,TRUE,N/A,10/3/2026,1:06:36 PM,pre_game,MLB,demon,https://static.prizepicks.com/images/players/MLB/Jakob_Bauers_MLB_player_8W8DDUI7d70DLlu7HXuu07x1-450.webp,15370078,,,,,,,,,Yes,-1.5,6.9,Cubs @ Brewers,2026-09-08T23:40:00Z,Tue 07:40pm,American Family Field,retractable,,,,,,,,,No,,,3.5,,,,0,,0,,0.93,,0.93,0,Push
PrizePicks,MLB,146602,Sal Frelick,OF,MIL,Total Bases,3.5,TRUE,N/A,10/3/2026,1:06:36 PM,pre_game,MLB,demon,https://static.prizepicks.com/images/players/MLB/Salvatore_Frelick_MLB_player_BrPHMsUL8EebaOML04XbI50b-450.webp,15370553,,,,,,,,,Yes,-1.5,6.9,Cubs @ Brewers,2026-09-08T23:40:00Z,Tue 07:40pm,American Family Field,retractable,,,,,,8/10/2026,10-Day-IL,"Aug 3: Frelick (shoulder) began a hitting progression early last week and started a throwing progression Friday, MLB.com reports.",No,,,3.5,,,,0,,0,,0.81,,0.81,0,Push
PrizePicks,MLB,67527,Christian Yelich,DH,MIL,Total Bases,3.5,TRUE,N/A,10/3/2026,1:06:36 PM,pre_game,MLB,demon,https://static.prizepicks.com/images/players/MLB/Christian_Yelich_MLB_player_IiHxuYdRvtSn416BYL5gvPt-450.webp,15370563,,,,,,,,,Yes,-1.5,6.9,Cubs @ Brewers,2026-09-08T23:40:00Z,Tue 07:40pm,American Family Field,retractable,,,,,,,,,No,,,3.5,,,,0,,0,,0.82,,0.66,0.5,Push
PrizePicks,MLB,146602,Sal Frelick,OF,MIL,Hits+Runs+RBIs,3.5,TRUE,N/A,10/3/2026,1:06:36 PM,pre_game,MLB,demon,https://static.prizepicks.com/images/players/MLB/Salvatore_Frelick_MLB_player_BrPHMsUL8EebaOML04XbI50b-450.webp,15370572,0.50,59.86,40.14,-5.05,59.86,Over,https://www.freeiconspng.com/img/1934,,Yes,-1.5,6.9,Cubs @ Brewers,2026-09-08T23:40:00Z,Tue 07:40pm,American Family Field,retractable,,-149.000,-149.000,,0.599,8/10/2026,10-Day-IL,"Aug 3: Frelick (shoulder) began a hitting progression early last week and started a throwing progression Friday, MLB.com reports.",No,,,3.5,0.3330486126,99.66695139,0.3330486126,0.6,,0,,0.81,,0.7,0,Push
PrizePicks,MLB,233461,Gavin Sheets,IF,SD,Hits+Runs+RBIs,3.5,TRUE,N/A,10/3/2026,1:06:36 PM,pre_game,MLB,demon,https://static.prizepicks.com/images/players/MLB/Gavin_Sheets_MLB_player_6VadMiDDFNg7xJ8XQYAqHvfF-450.webp,15370582,0.50,40.67,59.33,-5.58,59.33,Under,https://www.freeiconspng.com/img/1934,,Yes,-1.5,6.9,Nationals @ Padres,2026-09-09T01:40:00Z,Tue 09:40pm,Petco Park,outdoor,,-146.000,-146.000,,0.407,,,,No,,,3.5,0.08252084828,99.91747915,0.08252084828,0.41,,0,,0.74,,0.57,0,Push
PrizePicks,MLB,127193,Brice Turang,IF,MIL,Hits+Runs+RBIs,3.5,TRUE,N/A,10/3/2026,1:06:36 PM,pre_game,MLB,demon,https://static.prizepicks.com/images/players/MLB/Second_Base_MLB_player_HhIl6lscwSyYMioGrH3lmpf.webp,15370584,1.50,49.16,50.84,-4.11,50.84,Under,https://www.freeiconspng.com/img/1934,,Yes,-1.5,6.9,Cubs @ Brewers,2026-09-08T23:40:00Z,Tue 07:40pm,American Family Field,retractable,,-103.000,-103.000,9/8/2026,1.475,,,,No,,,3.5,6.251954551,93.74804545,6.251954551,1.47,,0,,0.94,,1.21,0,Push
PrizePicks,MLB,79873,Luis Campusano,C,SD,Total Bases,3.5,TRUE,N/A,10/3/2026,1:06:36 PM,pre_game,MLB,demon,https://static.prizepicks.com/images/players/MLB/Luis_Campusano_MLB_player_FBWI0Etl865lMEsAQ51K3hHs-450.webp,15370592,,,,,,,,,Yes,-1.5,6.9,Nationals @ Padres,2026-09-09T01:40:00Z,Tue 09:40pm,Petco Park,outdoor,,,,,,,,,No,,,3.5,,,,0,,0,,0.93,,0.93,0,Push
PrizePicks,MLB,127196,William Contreras,C,MIL,Hits+Runs+RBIs,3.5,TRUE,N/A,10/3/2026,1:06:36 PM,pre_game,MLB,demon,https://static.prizepicks.com/images/players/MLB/William_Contreras_MLB_player_utOsP58xiT4H1eTJnXgLgfhV-450.webp,15370600,1.50,50.93,49.07,-3.2,50.93,Over,https://www.freeiconspng.com/img/1934,,Yes,-1.5,6.9,Cubs @ Brewers,2026-09-08T23:40:00Z,Tue 07:40pm,American Family Field,retractable,,-104.000,-104.000,9/8/2026,1.528,,,,No,,,3.5,6.919289745,93.08071025,6.919289745,1.53,,0,,0.95,,1.24,0,Push
PrizePicks,MLB,192925,Jake Bauers,IF,MIL,Hits+Runs+RBIs,3.5,TRUE,N/A,10/3/2026,1:06:36 PM,pre_game,MLB,demon,https://static.prizepicks.com/images/players/MLB/Jakob_Bauers_MLB_player_8W8DDUI7d70DLlu7HXuu07x1-450.webp,15370612,1.50,43.08,56.92,-3.08,56.92,Under,https://www.freeiconspng.com/img/1934,,Yes,-1.5,6.9,Cubs @ Brewers,2026-09-08T23:40:00Z,Tue 07:40pm,American Family Field,retractable,,-132.000,-132.000,,1.292,,,,No,,,3.5,4.234080226,95.76591977,4.234080226,1.29,,0,,0.93,,1.11,0,Push
PrizePicks,MLB,233461,Gavin Sheets,IF,SD,Total Bases,3.5,TRUE,N/A,10/3/2026,1:06:36 PM,pre_game,MLB,demon,https://static.prizepicks.com/images/players/MLB/Gavin_Sheets_MLB_player_6VadMiDDFNg7xJ8XQYAqHvfF-450.webp,15370626,,,,,,,,,Yes,-1.5,6.9,Nationals @ Padres,2026-09-09T01:40:00Z,Tue 09:40pm,Petco Park,outdoor,,,,,,,,,No,,,3.5,,,,0,,0,,0.74,,0.74,0,Push
PrizePicks,MLB,192359,Joey Ortiz,IF,MIL,Total Bases,3.5,TRUE,N/A,10/3/2026,1:06:36 PM,pre_game,MLB,demon,https://static.prizepicks.com/images/players/MLB/Joseph_Ortiz_MLB_player_cgr8ckrMUU3sXrWq6RPRiDI3-450.webp,15370627,,,,,,,,,Yes,-1.5,6.9,Cubs @ Brewers,2026-09-08T23:40:00Z,Tue 07:40pm,American Family Field,retractable,,,,,,,,,No,,,3.5,,,,0,,0,,0.94,,0.72,0.5,Push
PrizePicks,MLB,79873,Luis Campusano,C,SD,Hits+Runs+RBIs,3.5,TRUE,N/A,10/3/2026,1:06:36 PM,pre_game,MLB,demon,https://static.prizepicks.com/images/players/MLB/Luis_Campusano_MLB_player_FBWI0Etl865lMEsAQ51K3hHs-450.webp,15370637,0.50,52.21,47.79,-6.97,52.21,Over,https://www.freeiconspng.com/img/1934,,Yes,-1.5,6.9,Nationals @ Padres,2026-09-09T01:40:00Z,Tue 09:40pm,Petco Park,outdoor,,-109.000,-109.000,,0.522,,,,No,,,3.5,0.2046602918,99.79533971,0.2046602918,0.52,,0,,0.93,,0.73,0,Push
PrizePicks,MLB,193538,Jackson Chourio,OF,MIL,Hits+Runs+RBIs,3.5,TRUE,N/A,10/3/2026,1:06:36 PM,pre_game,MLB,demon,https://static.prizepicks.com/images/players/MLB/Jackson_Chourio_MLB_player_Sl90DoV6a5Gc8RtLhi2IlM0Y-450.webp,15370643,1.50,54.98,45.02,-2.83,54.98,Over,https://www.freeiconspng.com/img/1934,,Yes,-1.5,6.9,Cubs @ Brewers,2026-09-08T23:40:00Z,Tue 07:40pm,American Family Field,retractable,,-122.000,-122.000,9/8/2026,1.649,,,,No,,,3.5,8.576818804,91.4231812,8.576818804,1.65,,0,,1.02,,1.33,0,Push
PrizePicks,MLB,67527,Christian Yelich,DH,MIL,Hits+Runs+RBIs,3.5,TRUE,N/A,10/3/2026,1:06:36 PM,pre_game,MLB,demon,https://static.prizepicks.com/images/players/MLB/Christian_Yelich_MLB_player_IiHxuYdRvtSn416BYL5gvPt-450.webp,15370652,1.50,43.34,56.66,-3.66,56.66,Under,https://www.freeiconspng.com/img/1934,,Yes,-1.5,6.9,Cubs @ Brewers,2026-09-08T23:40:00Z,Tue 07:40pm,American Family Field,retractable,,-131.000,-131.000,9/8/2026,1.300,,,,No,,,3.5,4.311541371,95.68845863,4.311541371,1.3,,0,,0.82,,1.06,0,Push
PrizePicks,MLB,241215,Jacob Misiorowski,P,MIL,Hits Allowed,3.5,TRUE,N/A,10/3/2026,1:06:36 PM,pre_game,MLB,standard,https://static.prizepicks.com/images/players/MLB/Jacob_Misiorowski_MLB_player_VWjwCRlFRLldhHatPV1pS44x-450.webp,15370670,,,,,,,,,Yes,-1.5,6.9,Cubs @ Brewers,2026-09-08T23:40:00Z,Tue 07:40pm,American Family Field,retractable,,,,,,,,,No,,,3.5,,,,0,,0,,96,,34.33,3.5,Push
PrizePicks,MLB,127196,William Contreras,C,MIL,Total Bases,3.5,TRUE,N/A,10/3/2026,1:06:36 PM,pre_game,MLB,demon,https://static.prizepicks.com/images/players/MLB/William_Contreras_MLB_player_utOsP58xiT4H1eTJnXgLgfhV-450.webp,15370673,,,,,,,,,Yes,-1.5,6.9,Cubs @ Brewers,2026-09-08T23:40:00Z,Tue 07:40pm,American Family Field,retractable,,,,,,,,,No,,,3.5,,,,0,,0,,0.95,,1.22,1.5,Push
PrizePicks,MLB,192359,Joey Ortiz,IF,MIL,Hits+Runs+RBIs,3.5,TRUE,N/A,10/3/2026,1:06:36 PM,pre_game,MLB,demon,https://static.prizepicks.com/images/players/MLB/Joseph_Ortiz_MLB_player_cgr8ckrMUU3sXrWq6RPRiDI3-450.webp,15370709,1.50,43.27,56.73,-3.59,56.73,Under,https://www.freeiconspng.com/img/1934,,Yes,-1.5,6.9,Cubs @ Brewers,2026-09-08T23:40:00Z,Tue 07:40pm,American Family Field,retractable,,-131.000,-131.000,9/8/2026,1.298,,,,No,,,3.5,4.290608334,95.70939167,4.290608334,1.3,,0,,0.94,,1.12,0,Push
PrizePicks,MLB,332302,Austin Hays,DH,SD,Hits+Runs+RBIs,3.5,TRUE,N/A,10/3/2026,1:06:36 PM,pre_game,MLB,demon,https://static.prizepicks.com/images/manual/Austin Hays.png,15371909,0.50,50.77,49.23,,56.52,Over,https://www.freeiconspng.com/img/1934,,Yes,-1.5,6.9,Nationals @ Padres,2026-09-09T01:40:00Z,Tue 09:40pm,Petco Park,outdoor,,-130.000,-130.000,,0.508,8/4/2026,60-Day-IL,"Jul 17: Hays (calf) will begin a rehab assignment with Triple-A Charlotte on Friday, LaMond Pope of the Chicago Tribune reports.",No,,,3.5,0.1850805648,99.81491944,0.1850805648,0.51,,0,,1.11,,0.81,0,Push
PrizePicks,MLB,332302,Austin Hays,DH,SD,Total Bases,3.5,TRUE,N/A,10/3/2026,1:06:36 PM,pre_game,MLB,demon,https://static.prizepicks.com/images/manual/Austin Hays.png,15371912,,,,,,,,,Yes,-1.5,6.9,Nationals @ Padres,2026-09-09T01:40:00Z,Tue 09:40pm,Petco Park,outdoor,,,,,,8/4/2026,60-Day-IL,"Jul 17: Hays (calf) will begin a rehab assignment with Triple-A Charlotte on Friday, LaMond Pope of the Chicago Tribune reports.",No,,,3.5,,,,0,,0,,1.11,,1.11,0,Push
PrizePicks,MLB,74159,Garrett Mitchell,OF,MIL,Total Bases,3.5,TRUE,N/A,10/3/2026,1:06:36 PM,pre_game,MLB,demon,https://static.prizepicks.com/images/players/MLB/Garrett_Mitchell_MLB_player_pKr818qZkrPVIDliSpGPdZQ4-450.webp,15372266,,,,,,,,,Yes,-1.5,6.9,Cubs @ Brewers,2026-09-08T23:40:00Z,Tue 07:40pm,American Family Field,retractable,,,,,,,,,No,,,3.5,,,,0,,0,,0.92,,0.71,0.5,Push
PrizePicks,MLB,324013,Cooper Pratt,IF,MIL,Total Bases,3.5,TRUE,N/A,10/3/2026,1:06:36 PM,pre_game,MLB,demon,https://static.prizepicks.com/images/manual/Cooper Pratt.webp,15372267,,,,,,,,,Yes,-1.5,6.9,Cubs @ Brewers,2026-09-08T23:40:00Z,Tue 07:40pm,American Family Field,retractable,,,,,,,,,No,,,3.5,,,,0,,0,,0.98,,0.74,0.5,Push
PrizePicks,MLB,74159,Garrett Mitchell,OF,MIL,Hits+Runs+RBIs,3.5,TRUE,N/A,10/3/2026,1:06:36 PM,pre_game,MLB,demon,https://static.prizepicks.com/images/players/MLB/Garrett_Mitchell_MLB_player_pKr818qZkrPVIDliSpGPdZQ4-450.webp,15374142,,,,,,,,,Yes,-1.5,6.9,Cubs @ Brewers,2026-09-08T23:40:00Z,Tue 07:40pm,American Family Field,retractable,,,,,,,,,No,,,3.5,,,,0,,0,,0.92,,0.92,0,Push
PrizePicks,MLB,327357,Luis Lara,OF,MIL,Total Bases,3.5,TRUE,N/A,10/3/2026,1:06:36 PM,pre_game,MLB,demon,https://static.prizepicks.com/images/manual/Luis Lara.png,15374148,,,,,,,,,Yes,-1.5,6.9,Cubs @ Brewers,2026-09-08T23:40:00Z,Tue 07:40pm,American Family Field,retractable,,,,,,,,,No,,,3.5,,,,0,,0,,0.86,,0.68,0.5,Push
PrizePicks,MLB,327357,Luis Lara,OF,MIL,Hits+Runs+RBIs,3.5,TRUE,N/A,10/3/2026,1:06:36 PM,pre_game,MLB,demon,https://static.prizepicks.com/images/manual/Luis Lara.png,15374150,,,,,,,,,Yes,-1.5,6.9,Cubs @ Brewers,2026-09-08T23:40:00Z,Tue 07:40pm,American Family Field,retractable,,,,,,,,,No,,,3.5,,,,0,,0,,0.86,,0.86,0,Push
PrizePicks,MLB,324013,Cooper Pratt,IF,MIL,Hits+Runs+RBIs,3.5,TRUE,N/A,10/3/2026,1:06:36 PM,pre_game,MLB,demon,https://static.prizepicks.com/images/manual/Cooper Pratt.webp,15374154,,,,,,,,,Yes,-1.5,6.9,Cubs @ Brewers,2026-09-08T23:40:00Z,Tue 07:40pm,American Family Field,retractable,,,,,,,,,No,,,3.5,,,,0,,0,,0.98,,0.98,0,Push
PrizePicks,MLB,127196,William Contreras,C,MIL,Hits,2.5,TRUE,N/A,10/3/2026,1:06:36 PM,pre_game,MLB,demon,https://static.prizepicks.com/images/players/MLB/William_Contreras_MLB_player_utOsP58xiT4H1eTJnXgLgfhV-450.webp,15365552,0.50,62.18,37.82,-6.57,62.18,Over,https://www.freeiconspng.com/img/1934,,Yes,-1.5,6.9,Cubs @ Brewers,2026-09-08T23:40:00Z,Tue 07:40pm,American Family Field,retractable,,-164.000,-164.000,9/8/2026,0.622,,,,No,,,3.5,2.532357024,97.46764298,2.532357024,0.62,,0,,0.95,,0.69,0.5,Push
PrizePicks,MLB,340351,Ethan Salas,C,SD,Hits+Runs+RBIs,2.5,TRUE,N/A,10/3/2026,1:06:36 PM,pre_game,MLB,demon,https://static.prizepicks.com/images/manual/EthanSalas.webp,15367515,0.50,46.52,53.48,,50.98,Over,https://www.freeiconspng.com/img/1934,,Yes,-1.5,6.9,Nationals @ Padres,2026-09-09T01:40:00Z,Tue 09:40pm,Petco Park,outdoor,,-104.000,-104.000,9/8/2026,0.465,,,,No,,,3.5,1.188640067,98.81135993,1.188640067,0.47,,0,,0.9,,0.68,0,Push
PrizePicks,MLB,338092,Dustin Harris,OF,SD,Hits+Runs+RBIs,2.5,TRUE,N/A,10/3/2026,1:06:36 PM,pre_game,MLB,demon,https://static.prizepicks.com/images/manual/Dustin Harris.png,15367520,0.50,55.19,44.81,-3.99,55.19,Over,https://www.freeiconspng.com/img/1934,,Yes,-1.5,6.9,Nationals @ Padres,2026-09-09T01:40:00Z,Tue 09:40pm,Petco Park,outdoor,,-123.000,-123.000,9/8/2026,0.552,,,,No,,,3.5,1.863035133,98.13696487,1.863035133,0.55,,0,,1.13,,0.84,0,Push
PrizePicks,MLB,193123,Jackson Merrill,OF,SD,Hits+Runs+RBIs,2.5,TRUE,N/A,10/3/2026,1:06:36 PM,pre_game,MLB,demon,https://static.prizepicks.com/images/players/MLB/Jackson_Merrill_MLB_player_woeHd4OzZiuVcuExGBHV3nln-450.webp,15367526,0.50,57.26,42.74,-4.13,57.26,Over,https://www.freeiconspng.com/img/1934,,Yes,-1.5,6.9,Nationals @ Padres,2026-09-09T01:40:00Z,Tue 09:40pm,Petco Park,outdoor,,-134.000,-134.000,9/8/2026,0.573,,,,No,,,3.5,2.049509376,97.95049062,2.049509376,0.57,,0,,0.89,,0.73,0,Push
PrizePicks,MLB,67592,Manny Machado,IF,SD,Hits+Runs+RBIs,2.5,TRUE,N/A,10/3/2026,1:06:36 PM,pre_game,MLB,demon,https://static.prizepicks.com/images/players/MLB/Manuel_Machado_MLB_player_T2qAovSYe7b2PcWthjl1p2RY-450.webp,15367535,1.50,40.4,59.6,-7.07,59.6,Under,https://www.freeiconspng.com/img/1934,,Yes,-1.5,6.9,Nationals @ Padres,2026-09-09T01:40:00Z,Tue 09:40pm,Petco Park,outdoor,,-148.000,-148.000,9/8/2026,1.212,,,,No,,,3.5,12.31255695,87.68744305,12.31255695,1.21,,0,,0.76,,0.99,0,Push
PrizePicks,MLB,139980,Fernando Tatis Jr.,OF,SD,Hits,2.5,TRUE,N/A,10/3/2026,1:06:36 PM,pre_game,MLB,demon,https://static.prizepicks.com/images/players/MLB/Fernando_Tatis_MLB_player_DjhTeFUqteE9JQbqLZdPe4B6-450.webp,15367539,0.50,61.86,38.14,-6.39,61.86,Over,https://www.freeiconspng.com/img/1934,,Yes,-1.5,6.9,Nationals @ Padres,2026-09-09T01:40:00Z,Tue 09:40pm,Petco Park,outdoor,,-162.000,-162.000,9/8/2026,0.619,,,,No,,,3.5,2.499256564,97.50074344,2.499256564,0.62,,0,,1.01,,1.04,1.5,Push
PrizePicks,MLB,127204,Xander Bogaerts,IF,SD,Hits+Runs+RBIs,2.5,TRUE,N/A,10/3/2026,1:06:36 PM,pre_game,MLB,demon,https://static.prizepicks.com/images/players/MLB/Xander_Bogaerts_MLB_player_SyYOqVCqxykf8J9hjqxLQ6Z3-450.webp,15367543,0.50,57.97,42.03,-3.42,57.97,Over,https://www.freeiconspng.com/img/1934,,Yes,-1.5,6.9,Nationals @ Padres,2026-09-09T01:40:00Z,Tue 09:40pm,Petco Park,outdoor,,-138.000,-138.000,9/8/2026,0.580,,,,No,,,3.5,2.115743347,97.88425665,2.115743347,0.58,,0,,0.81,,0.69,0,Push
PrizePicks,MLB,139980,Fernando Tatis Jr.,OF,SD,Hits+Runs+RBIs,2.5,TRUE,N/A,10/3/2026,1:06:36 PM,pre_game,MLB,demon,https://static.prizepicks.com/images/players/MLB/Fernando_Tatis_MLB_player_DjhTeFUqteE9JQbqLZdPe4B6-450.webp,15367550,1.50,44.32,55.68,-3.5,55.68,Under,https://www.freeiconspng.com/img/1934,,Yes,-1.5,6.9,Nationals @ Padres,2026-09-09T01:40:00Z,Tue 09:40pm,Petco Park,outdoor,,-126.000,-126.000,9/8/2026,1.330,,,,No,,,3.5,14.97575101,85.02424899,14.97575101,1.33,,0,,1.01,,1.17,0,Push
PrizePicks,MLB,67595,Jake Cronenworth,IF,SD,Hits+Runs+RBIs,2.5,TRUE,N/A,10/3/2026,1:06:36 PM,pre_game,MLB,demon,https://static.prizepicks.com/images/players/MLB/Jacob_Cronenworth_MLB_player_lgyr5DPh74DiKkHb5Q5QTOhU-450.webp,15367556,0.50,49.6,50.4,-3.52,50.4,Under,https://www.freeiconspng.com/img/1934,,Yes,-1.5,6.9,Nationals @ Padres,2026-09-09T01:40:00Z,Tue 09:40pm,Petco Park,outdoor,,-102.000,-102.000,9/8/2026,0.496,,,,No,,,3.5,1.408623141,98.59137686,1.408623141,0.5,,0,,0.79,,0.64,0,Push
PrizePicks,MLB,310333,Ty France,IF,SD,Hits+Runs+RBIs,2.5,TRUE,N/A,10/3/2026,1:06:36 PM,pre_game,MLB,demon,https://static.prizepicks.com/images/manual/Ty France.png,15367562,1.50,39.77,60.23,-4.31,60.23,Under,https://www.freeiconspng.com/img/1934,,Yes,-1.5,6.9,Nationals @ Padres,2026-09-09T01:40:00Z,Tue 09:40pm,Petco Park,outdoor,,-151.000,-151.000,9/8/2026,1.193,,,,No,,,3.5,11.90200211,88.09799789,11.90200211,1.19,,0,,1.03,,1.11,0,Push
PrizePicks,MLB,139980,Fernando Tatis Jr.,OF,SD,Total Bases,2.5,TRUE,N/A,10/3/2026,1:06:36 PM,pre_game,MLB,demon,https://static.prizepicks.com/images/players/MLB/Fernando_Tatis_MLB_player_DjhTeFUqteE9JQbqLZdPe4B6-450.webp,15367563,,,,,,,,,Yes,-1.5,6.9,Nationals @ Padres,2026-09-09T01:40:00Z,Tue 09:40pm,Petco Park,outdoor,,,,,,,,,No,,,3.5,,,,0,,0,,1.01,,1.26,1.5,Push
PrizePicks,MLB,67592,Manny Machado,IF,SD,Total Bases,2.5,TRUE,N/A,10/3/2026,1:06:36 PM,pre_game,MLB,demon,https://static.prizepicks.com/images/players/MLB/Manuel_Machado_MLB_player_T2qAovSYe7b2PcWthjl1p2RY-450.webp,15368746,,,,,,,,,Yes,-1.5,6.9,Nationals @ Padres,2026-09-09T01:40:00Z,Tue 09:40pm,Petco Park,outdoor,,,,,,,,,No,,,3.5,,,,0,,0,,0.76,,1.13,1.5,Push
PrizePicks,MLB,74159,Garrett Mitchell,OF,MIL,Total Bases,2.5,TRUE,N/A,10/3/2026,1:06:36 PM,pre_game,MLB,demon,https://static.prizepicks.com/images/players/MLB/Garrett_Mitchell_MLB_player_pKr818qZkrPVIDliSpGPdZQ4-450.webp,15368752,,,,,,,,,Yes,-1.5,6.9,Cubs @ Brewers,2026-09-08T23:40:00Z,Tue 07:40pm,American Family Field,retractable,,,,,,,,,No,,,3.5,,,,0,,0,,0.92,,0.71,0.5,Push
PrizePicks,MLB,127204,Xander Bogaerts,IF,SD,Total Bases,2.5,TRUE,N/A,10/3/2026,1:06:36 PM,pre_game,MLB,demon,https://static.prizepicks.com/images/players/MLB/Xander_Bogaerts_MLB_player_SyYOqVCqxykf8J9hjqxLQ6Z3-450.webp,15368754,,,,,,,,,Yes,-1.5,6.9,Nationals @ Padres,2026-09-09T01:40:00Z,Tue 09:40pm,Petco Park,outdoor,,,,,,,,,No,,,3.5,,,,0,,0,,0.81,,0.65,0.5,Push
PrizePicks,MLB,127196,William Contreras,C,MIL,Total Bases,2.5,TRUE,N/A,10/3/2026,1:06:36 PM,pre_game,MLB,demon,https://static.prizepicks.com/images/players/MLB/William_Contreras_MLB_player_utOsP58xiT4H1eTJnXgLgfhV-450.webp,15368763,,,,,,,,,Yes,-1.5,6.9,Cubs @ Brewers,2026-09-08T23:40:00Z,Tue 07:40pm,American Family Field,retractable,,,,,,,,,No,,,3.5,,,,0,,0,,0.95,,1.22,1.5,Push
PrizePicks,MLB,193538,Jackson Chourio,OF,MIL,Total Bases,2.5,TRUE,N/A,10/3/2026,1:06:36 PM,pre_game,MLB,demon,https://static.prizepicks.com/images/players/MLB/Jackson_Chourio_MLB_player_Sl90DoV6a5Gc8RtLhi2IlM0Y-450.webp,15368769,,,,,,,,,Yes,-1.5,6.9,Cubs @ Brewers,2026-09-08T23:40:00Z,Tue 07:40pm,American Family Field,retractable,,,,,,,,,No,,,3.5,,,,0,,0,,1.02,,1.26,1.5,Push
PrizePicks,MLB,127193,Brice Turang,IF,MIL,Hits,2.5,TRUE,N/A,10/3/2026,1:06:36 PM,pre_game,MLB,demon,https://static.prizepicks.com/images/players/MLB/Second_Base_MLB_player_HhIl6lscwSyYMioGrH3lmpf.webp,15368771,0.50,62.03,37.97,-5.71,62.03,Over,https://www.freeiconspng.com/img/1934,,Yes,-1.5,6.9,Cubs @ Brewers,2026-09-08T23:40:00Z,Tue 07:40pm,American Family Field,retractable,,-163.000,-163.000,9/8/2026,0.620,,,,No,,,3.5,2.516811842,97.48318816,2.516811842,0.62,,0,,0.94,,0.69,0.5,Push
PrizePicks,MLB,193538,Jackson Chourio,OF,MIL,Hits,2.5,TRUE,N/A,10/3/2026,1:06:36 PM,pre_game,MLB,demon,https://static.prizepicks.com/images/players/MLB/Jackson_Chourio_MLB_player_Sl90DoV6a5Gc8RtLhi2IlM0Y-450.webp,15368772,0.50,65.34,34.66,-7.63,65.34,Over,https://www.freeiconspng.com/img/1934,,Yes,-1.5,6.9,Cubs @ Brewers,2026-09-08T23:40:00Z,Tue 07:40pm,American Family Field,retractable,,-189.000,-189.000,9/8/2026,0.653,,,,No,,,3.5,2.871858097,97.1281419,2.871858097,0.65,,0,,1.02,,1.06,1.5,Push
PrizePicks,MLB,192359,Joey Ortiz,IF,MIL,Total Bases,2.5,TRUE,N/A,10/3/2026,1:06:36 PM,pre_game,MLB,demon,https://static.prizepicks.com/images/players/MLB/Joseph_Ortiz_MLB_player_cgr8ckrMUU3sXrWq6RPRiDI3-450.webp,15368775,,,,,,,,,Yes,-1.5,6.9,Cubs @ Brewers,2026-09-08T23:40:00Z,Tue 07:40pm,American Family Field,retractable,,,,,,,,,No,,,3.5,,,,0,,0,,0.94,,0.72,0.5,Push
PrizePicks,MLB,324013,Cooper Pratt,IF,MIL,Total Bases,2.5,TRUE,N/A,10/3/2026,1:06:36 PM,pre_game,MLB,demon,https://static.prizepicks.com/images/manual/Cooper Pratt.webp,15368788,,,,,,,,,Yes,-1.5,6.9,Cubs @ Brewers,2026-09-08T23:40:00Z,Tue 07:40pm,American Family Field,retractable,,,,,,,,,No,,,3.5,,,,0,,0,,0.98,,0.74,0.5,Push
PrizePicks,MLB,127193,Brice Turang,IF,MIL,Total Bases,2.5,TRUE,N/A,10/3/2026,1:06:36 PM,pre_game,MLB,demon,https://static.prizepicks.com/images/players/MLB/Second_Base_MLB_player_HhIl6lscwSyYMioGrH3lmpf.webp,15368789,,,,,,,,,Yes,-1.5,6.9,Cubs @ Brewers,2026-09-08T23:40:00Z,Tue 07:40pm,American Family Field,retractable,,,,,,,,,No,,,3.5,,,,0,,0,,0.94,,0.72,0.5,Push
PrizePicks,MLB,338092,Dustin Harris,OF,SD,Total Bases,2.5,TRUE,N/A,10/3/2026,1:06:36 PM,pre_game,MLB,demon,https://static.prizepicks.com/images/manual/Dustin Harris.png,15368792,,,,,,,,,Yes,-1.5,6.9,Nationals @ Padres,2026-09-09T01:40:00Z,Tue 09:40pm,Petco Park,outdoor,,,,,,,,,No,,,3.5,,,,0,,0,,1.13,,0.81,0.5,Push
PrizePicks,MLB,192925,Jake Bauers,IF,MIL,Total Bases,2.5,TRUE,N/A,10/3/2026,1:06:36 PM,pre_game,MLB,demon,https://static.prizepicks.com/images/players/MLB/Jakob_Bauers_MLB_player_8W8DDUI7d70DLlu7HXuu07x1-450.webp,15368793,,,,,,,,,Yes,-1.5,6.9,Cubs @ Brewers,2026-09-08T23:40:00Z,Tue 07:40pm,American Family Field,retractable,,,,,,,,,No,,,3.5,,,,0,,0,,0.93,,0.93,0,Push
PrizePicks,MLB,340351,Ethan Salas,C,SD,Total Bases,2.5,TRUE,N/A,10/3/2026,1:06:36 PM,pre_game,MLB,demon,https://static.prizepicks.com/images/manual/EthanSalas.webp,15368798,,,,,,,,,Yes,-1.5,6.9,Nationals @ Padres,2026-09-09T01:40:00Z,Tue 09:40pm,Petco Park,outdoor,,,,,,,,,No,,,3.5,,,,0,,0,,0.9,,0.7,0.5,Push
PrizePicks,MLB,193123,Jackson Merrill,OF,SD,Total Bases,2.5,TRUE,N/A,10/3/2026,1:06:36 PM,pre_game,MLB,demon,https://static.prizepicks.com/images/players/MLB/Jackson_Merrill_MLB_player_woeHd4OzZiuVcuExGBHV3nln-450.webp,15368802,,,,,,,,,Yes,-1.5,6.9,Nationals @ Padres,2026-09-09T01:40:00Z,Tue 09:40pm,Petco Park,outdoor,,,,,,,,,No,,,3.5,,,,0,,0,,0.89,,1.2,1.5,Push
PrizePicks,MLB,327357,Luis Lara,OF,MIL,Total Bases,2.5,TRUE,N/A,10/3/2026,1:06:36 PM,pre_game,MLB,demon,https://static.prizepicks.com/images/manual/Luis Lara.png,15368804,,,,,,,,,Yes,-1.5,6.9,Cubs @ Brewers,2026-09-08T23:40:00Z,Tue 07:40pm,American Family Field,retractable,,,,,,,,,No,,,3.5,,,,0,,0,,0.86,,0.68,0.5,Push
PrizePicks,MLB,310333,Ty France,IF,SD,Total Bases,2.5,TRUE,N/A,10/3/2026,1:06:36 PM,pre_game,MLB,demon,https://static.prizepicks.com/images/manual/Ty France.png,15368809,,,,,,,,,Yes,-1.5,6.9,Nationals @ Padres,2026-09-09T01:40:00Z,Tue 09:40pm,Petco Park,outdoor,,,,,,,,,No,,,3.5,,,,0,,0,,1.03,,1.27,1.5,Push
PrizePicks,MLB,67595,Jake Cronenworth,IF,SD,Total Bases,2.5,TRUE,N/A,10/3/2026,1:06:36 PM,pre_game,MLB,demon,https://static.prizepicks.com/images/players/MLB/Jacob_Cronenworth_MLB_player_lgyr5DPh74DiKkHb5Q5QTOhU-450.webp,15368812,,,,,,,,,Yes,-1.5,6.9,Nationals @ Padres,2026-09-09T01:40:00Z,Tue 09:40pm,Petco Park,outdoor,,,,,,,,,No,,,3.5,,,,0,,0,,0.79,,0.64,0.5,Push
PrizePicks,MLB,332302,Austin Hays,DH,SD,Hits+Runs+RBIs,2.5,TRUE,N/A,10/3/2026,1:06:36 PM,pre_game,MLB,demon,https://static.prizepicks.com/images/manual/Austin Hays.png,15369974,0.50,50.77,49.23,,56.52,Over,https://www.freeiconspng.com/img/1934,,Yes,-1.5,6.9,Nationals @ Padres,2026-09-09T01:40:00Z,Tue 09:40pm,Petco Park,outdoor,,-130.000,-130.000,,0.508,8/4/2026,60-Day-IL,"Jul 17: Hays (calf) will begin a rehab assignment with Triple-A Charlotte on Friday, LaMond Pope of the Chicago Tribune reports.",No,,,3.5,1.497821208,98.50217879,1.497821208,0.51,,0,,1.11,,0.81,0,Push
PrizePicks,MLB,338092,Dustin Harris,OF,SD,Hitter Strikeouts,2.5,TRUE,N/A,10/3/2026,1:06:36 PM,pre_game,MLB,demon,https://static.prizepicks.com/images/manual/Dustin Harris.png,15370575,,,,,,,,,Yes,-1.5,6.9,Nationals @ Padres,2026-09-09T01:40:00Z,Tue 09:40pm,Petco Park,outdoor,,,,,,,,,No,,,5,,,,0,,0,,13,,13,0,Push
PrizePicks,MLB,127204,Xander Bogaerts,IF,SD,Hitter Strikeouts,2.5,TRUE,N/A,10/3/2026,1:06:36 PM,pre_game,MLB,demon,https://static.prizepicks.com/images/players/MLB/Xander_Bogaerts_MLB_player_SyYOqVCqxykf8J9hjqxLQ6Z3-450.webp,15370577,,,,,,,,,Yes,-1.5,6.9,Nationals @ Padres,2026-09-09T01:40:00Z,Tue 09:40pm,Petco Park,outdoor,,,,,,,,,No,,,5,,,,0,,0,,109,,109,0,Push
PrizePicks,MLB,192925,Jake Bauers,IF,MIL,Hitter Strikeouts,2.5,TRUE,N/A,10/3/2026,1:06:36 PM,pre_game,MLB,demon,https://static.prizepicks.com/images/players/MLB/Jakob_Bauers_MLB_player_8W8DDUI7d70DLlu7HXuu07x1-450.webp,15370619,,,,,,,,,Yes,-1.5,6.9,Cubs @ Brewers,2026-09-08T23:40:00Z,Tue 07:40pm,American Family Field,retractable,,,,,,,,,No,,,5,,,,0,,0,,156,,156,0,Push
PrizePicks,MLB,310333,Ty France,IF,SD,Hitter Strikeouts,2.5,TRUE,N/A,10/3/2026,1:06:36 PM,pre_game,MLB,demon,https://static.prizepicks.com/images/manual/Ty France.png,15370638,,,,,,,,,Yes,-1.5,6.9,Nationals @ Padres,2026-09-09T01:40:00Z,Tue 09:40pm,Petco Park,outdoor,,,,,,,,,No,,,5,,,,0,,0,,108,,108,0,Push
PrizePicks,MLB,193123,Jackson Merrill,OF,SD,Hitter Strikeouts,2.5,TRUE,N/A,10/3/2026,1:06:36 PM,pre_game,MLB,demon,https://static.prizepicks.com/images/players/MLB/Jackson_Merrill_MLB_player_woeHd4OzZiuVcuExGBHV3nln-450.webp,15370651,,,,,,,,,Yes,-1.5,6.9,Nationals @ Padres,2026-09-09T01:40:00Z,Tue 09:40pm,Petco Park,outdoor,,,,,,,,,No,,,5,,,,0,,0,,160,,160,0,Push
PrizePicks,MLB,193538,Jackson Chourio,OF,MIL,RBIs,2.5,TRUE,N/A,10/3/2026,1:06:36 PM,pre_game,MLB,demon,https://static.prizepicks.com/images/players/MLB/Jackson_Chourio_MLB_player_Sl90DoV6a5Gc8RtLhi2IlM0Y-450.webp,15370659,,,,,,,,,Yes,-1.5,6.9,Cubs @ Brewers,2026-09-08T23:40:00Z,Tue 07:40pm,American Family Field,retractable,,,,,,,,,No,,,3.5,,,,0,,0,,1.02,,0.76,0.5,Push
PrizePicks,MLB,241215,Jacob Misiorowski,P,MIL,Walks Allowed,2.5,TRUE,N/A,10/3/2026,1:06:36 PM,pre_game,MLB,demon,https://static.prizepicks.com/images/players/MLB/Jacob_Misiorowski_MLB_player_VWjwCRlFRLldhHatPV1pS44x-450.webp,15370664,,,,,,,,,Yes,-1.5,6.9,Cubs @ Brewers,2026-09-08T23:40:00Z,Tue 07:40pm,American Family Field,retractable,,,,,,,,,No,,,3.5,,,,0,,0,,96,,48.75,1.5,Push
PrizePicks,MLB,127193,Brice Turang,IF,MIL,Hitter Strikeouts,2.5,TRUE,N/A,10/3/2026,1:06:36 PM,pre_game,MLB,demon,https://static.prizepicks.com/images/players/MLB/Second_Base_MLB_player_HhIl6lscwSyYMioGrH3lmpf.webp,15370667,,,,,,,,,Yes,-1.5,6.9,Cubs @ Brewers,2026-09-08T23:40:00Z,Tue 07:40pm,American Family Field,retractable,,,,,,,,,No,,,5,,,,0,,0,,171,,171,0,Push
PrizePicks,MLB,67595,Jake Cronenworth,IF,SD,Hitter Strikeouts,2.5,TRUE,N/A,10/3/2026,1:06:36 PM,pre_game,MLB,demon,https://static.prizepicks.com/images/players/MLB/Jacob_Cronenworth_MLB_player_lgyr5DPh74DiKkHb5Q5QTOhU-450.webp,15370672,,,,,,,,,Yes,-1.5,6.9,Nationals @ Padres,2026-09-09T01:40:00Z,Tue 09:40pm,Petco Park,outdoor,,,,,,,,,No,,,5,,,,0,,0,,97,,97,0,Push
PrizePicks,MLB,127196,William Contreras,C,MIL,RBIs,2.5,TRUE,N/A,10/3/2026,1:06:36 PM,pre_game,MLB,demon,https://static.prizepicks.com/images/players/MLB/William_Contreras_MLB_player_utOsP58xiT4H1eTJnXgLgfhV-450.webp,15370681,,,,,,,,,Yes,-1.5,6.9,Cubs @ Brewers,2026-09-08T23:40:00Z,Tue 07:40pm,American Family Field,retractable,,,,,,,,,No,,,3.5,,,,0,,0,,0.95,,0.72,0.5,Push
PrizePicks,MLB,233461,Gavin Sheets,IF,SD,Hitter Strikeouts,2.5,TRUE,N/A,10/3/2026,1:06:36 PM,pre_game,MLB,demon,https://static.prizepicks.com/images/players/MLB/Gavin_Sheets_MLB_player_6VadMiDDFNg7xJ8XQYAqHvfF-450.webp,15370689,,,,,,,,,Yes,-1.5,6.9,Nationals @ Padres,2026-09-09T01:40:00Z,Tue 09:40pm,Petco Park,outdoor,,,,,,,,,No,,,5,,,,0,,0,,85,,85,0,Push
PrizePicks,MLB,79873,Luis Campusano,C,SD,Hitter Strikeouts,2.5,TRUE,N/A,10/3/2026,1:06:36 PM,pre_game,MLB,demon,https://static.prizepicks.com/images/players/MLB/Luis_Campusano_MLB_player_FBWI0Etl865lMEsAQ51K3hHs-450.webp,15370695,,,,,,,,,Yes,-1.5,6.9,Nationals @ Padres,2026-09-09T01:40:00Z,Tue 09:40pm,Petco Park,outdoor,,,,,,,,,No,,,5,,,,0,,0,,53,,53,0,Push
PrizePicks,MLB,192925,Jake Bauers,IF,MIL,RBIs,2.5,TRUE,N/A,10/3/2026,1:06:36 PM,pre_game,MLB,demon,https://static.prizepicks.com/images/players/MLB/Jakob_Bauers_MLB_player_8W8DDUI7d70DLlu7HXuu07x1-450.webp,15370700,,,,,,,,,Yes,-1.5,6.9,Cubs @ Brewers,2026-09-08T23:40:00Z,Tue 07:40pm,American Family Field,retractable,,,,,,,,,No,,,3.5,,,,0,,0,,0.93,,0.93,0,Push
PrizePicks,MLB,139980,Fernando Tatis Jr.,OF,SD,Hitter Strikeouts,2.5,TRUE,N/A,10/3/2026,1:06:36 PM,pre_game,MLB,demon,https://static.prizepicks.com/images/players/MLB/Fernando_Tatis_MLB_player_DjhTeFUqteE9JQbqLZdPe4B6-450.webp,15370711,,,,,,,,,Yes,-1.5,6.9,Nationals @ Padres,2026-09-09T01:40:00Z,Tue 09:40pm,Petco Park,outdoor,,,,,,,,,No,,,5,,,,0,,0,,130,,130,0,Push
PrizePicks,MLB,193538,Jackson Chourio,OF,MIL,Hitter Strikeouts,2.5,TRUE,N/A,10/3/2026,1:06:36 PM,pre_game,MLB,demon,https://static.prizepicks.com/images/players/MLB/Jackson_Chourio_MLB_player_Sl90DoV6a5Gc8RtLhi2IlM0Y-450.webp,15370715,,,,,,,,,Yes,-1.5,6.9,Cubs @ Brewers,2026-09-08T23:40:00Z,Tue 07:40pm,American Family Field,retractable,,,,,,,,,No,,,5,,,,0,,0,,134,,134,0,Push
PrizePicks,MLB,67592,Manny Machado,IF,SD,Hitter Strikeouts,2.5,TRUE,N/A,10/3/2026,1:06:36 PM,pre_game,MLB,demon,https://static.prizepicks.com/images/players/MLB/Manuel_Machado_MLB_player_T2qAovSYe7b2PcWthjl1p2RY-450.webp,15370723,,,,,,,,,Yes,-1.5,6.9,Nationals @ Padres,2026-09-09T01:40:00Z,Tue 09:40pm,Petco Park,outdoor,,,,,,,,,No,,,5,,,,0,,0,,144,,144,0,Push
PrizePicks,MLB,67527,Christian Yelich,DH,MIL,Hitter Strikeouts,2.5,TRUE,N/A,10/3/2026,1:06:36 PM,pre_game,MLB,demon,https://static.prizepicks.com/images/players/MLB/Christian_Yelich_MLB_player_IiHxuYdRvtSn416BYL5gvPt-450.webp,15370725,,,,,,,,,Yes,-1.5,6.9,Cubs @ Brewers,2026-09-08T23:40:00Z,Tue 07:40pm,American Family Field,retractable,,,,,,,,,No,,,5,,,,0,,0,,135,,135,0,Push
PrizePicks,MLB,332302,Austin Hays,DH,SD,Total Bases,2.5,TRUE,N/A,10/3/2026,1:06:36 PM,pre_game,MLB,demon,https://static.prizepicks.com/images/manual/Austin Hays.png,15371913,,,,,,,,,Yes,-1.5,6.9,Nationals @ Padres,2026-09-09T01:40:00Z,Tue 09:40pm,Petco Park,outdoor,,,,,,8/4/2026,60-Day-IL,"Jul 17: Hays (calf) will begin a rehab assignment with Triple-A Charlotte on Friday, LaMond Pope of the Chicago Tribune reports.",No,,,3.5,,,,0,,0,,1.11,,1.11,0,Push
PrizePicks,MLB,67527,Christian Yelich,DH,MIL,Total Bases,2.5,TRUE,N/A,10/3/2026,1:06:36 PM,pre_game,MLB,demon,https://static.prizepicks.com/images/players/MLB/Christian_Yelich_MLB_player_IiHxuYdRvtSn416BYL5gvPt-450.webp,15372265,,,,,,,,,Yes,-1.5,6.9,Cubs @ Brewers,2026-09-08T23:40:00Z,Tue 07:40pm,American Family Field,retractable,,,,,,,,,No,,,3.5,,,,0,,0,,0.82,,0.66,0.5,Push
PrizePicks,MLB,127196,William Contreras,C,MIL,Hits+Runs+RBIs,2.5,TRUE,N/A,10/3/2026,1:06:36 PM,pre_game,MLB,demon,https://static.prizepicks.com/images/players/MLB/William_Contreras_MLB_player_utOsP58xiT4H1eTJnXgLgfhV-450.webp,15372784,1.50,50.93,49.07,-3.2,50.93,Over,https://www.freeiconspng.com/img/1934,,Yes,-1.5,6.9,Cubs @ Brewers,2026-09-08T23:40:00Z,Tue 07:40pm,American Family Field,retractable,,-104.000,-104.000,9/8/2026,1.528,,,,No,,,3.5,19.81885291,80.18114709,19.81885291,1.53,,0,,0.95,,1.24,0,Push
PrizePicks,MLB,241215,Jacob Misiorowski,P,MIL,Hits Allowed,2.5,TRUE,N/A,10/3/2026,1:06:36 PM,pre_game,MLB,goblin,https://static.prizepicks.com/images/players/MLB/Jacob_Misiorowski_MLB_player_VWjwCRlFRLldhHatPV1pS44x-450.webp,15372786,,,,,,,,,Yes,-1.5,6.9,Cubs @ Brewers,2026-09-08T23:40:00Z,Tue 07:40pm,American Family Field,retractable,,,,,,,,,No,,,3.5,,,,0,,0,,96,,49.75,3.5,Push
PrizePicks,MLB,127193,Brice Turang,IF,MIL,Hits+Runs+RBIs,2.5,TRUE,N/A,10/3/2026,1:06:36 PM,pre_game,MLB,demon,https://static.prizepicks.com/images/players/MLB/Second_Base_MLB_player_HhIl6lscwSyYMioGrH3lmpf.webp,15372792,1.50,49.16,50.84,-4.11,50.84,Under,https://www.freeiconspng.com/img/1934,,Yes,-1.5,6.9,Cubs @ Brewers,2026-09-08T23:40:00Z,Tue 07:40pm,American Family Field,retractable,,-103.000,-103.000,9/8/2026,1.475,,,,No,,,3.5,18.48545196,81.51454804,18.48545196,1.47,,0,,0.94,,1.21,0,Push
PrizePicks,MLB,327357,Luis Lara,OF,MIL,Hits+Runs+RBIs,2.5,TRUE,N/A,10/3/2026,1:06:36 PM,pre_game,MLB,demon,https://static.prizepicks.com/images/manual/Luis Lara.png,15374137,,,,,,,,,Yes,-1.5,6.9,Cubs @ Brewers,2026-09-08T23:40:00Z,Tue 07:40pm,American Family Field,retractable,,,,,,,,,No,,,3.5,,,,0,,0,,0.86,,0.86,0,Push
PrizePicks,MLB,74159,Garrett Mitchell,OF,MIL,Hits+Runs+RBIs,2.5,TRUE,N/A,10/3/2026,1:06:36 PM,pre_game,MLB,demon,https://static.prizepicks.com/images/players/MLB/Garrett_Mitchell_MLB_player_pKr818qZkrPVIDliSpGPdZQ4-450.webp,15374143,,,,,,,,,Yes,-1.5,6.9,Cubs @ Brewers,2026-09-08T23:40:00Z,Tue 07:40pm,American Family Field,retractable,,,,,,,,,No,,,3.5,,,,0,,0,,0.92,,0.92,0,Push
PrizePicks,MLB,67527,Christian Yelich,DH,MIL,Hits+Runs+RBIs,2.5,TRUE,N/A,10/3/2026,1:06:36 PM,pre_game,MLB,demon,https://static.prizepicks.com/images/players/MLB/Christian_Yelich_MLB_player_IiHxuYdRvtSn416BYL5gvPt-450.webp,15374145,1.50,43.34,56.66,-3.66,56.66,Under,https://www.freeiconspng.com/img/1934,,Yes,-1.5,6.9,Cubs @ Brewers,2026-09-08T23:40:00Z,Tue 07:40pm,American Family Field,retractable,,-131.000,-131.000,9/8/2026,1.300,,,,No,,,3.5,14.29335713,85.70664287,14.29335713,1.3,,0,,0.82,,1.06,0,Push
PrizePicks,MLB,193538,Jackson Chourio,OF,MIL,Hits+Runs+RBIs,2.5,TRUE,N/A,10/3/2026,1:06:36 PM,pre_game,MLB,demon,https://static.prizepicks.com/images/players/MLB/Jackson_Chourio_MLB_player_Sl90DoV6a5Gc8RtLhi2IlM0Y-450.webp,15374149,1.50,54.98,45.02,-2.83,54.98,Over,https://www.freeiconspng.com/img/1934,,Yes,-1.5,6.9,Cubs @ Brewers,2026-09-08T23:40:00Z,Tue 07:40pm,American Family Field,retractable,,-122.000,-122.000,9/8/2026,1.649,,,,No,,,3.5,22.94829573,77.05170427,22.94829573,1.65,,0,,1.02,,1.33,0,Push
PrizePicks,MLB,192925,Jake Bauers,IF,MIL,Hits+Runs+RBIs,2.5,TRUE,N/A,10/3/2026,1:06:36 PM,pre_game,MLB,demon,https://static.prizepicks.com/images/players/MLB/Jakob_Bauers_MLB_player_8W8DDUI7d70DLlu7HXuu07x1-450.webp,15374153,1.50,43.08,56.92,-3.08,56.92,Under,https://www.freeiconspng.com/img/1934,,Yes,-1.5,6.9,Cubs @ Brewers,2026-09-08T23:40:00Z,Tue 07:40pm,American Family Field,retractable,,-132.000,-132.000,,1.292,,,,No,,,3.5,14.1140908,85.8859092,14.1140908,1.29,,0,,0.93,,1.11,0,Push
PrizePicks,MLB,324013,Cooper Pratt,IF,MIL,Hits+Runs+RBIs,2.5,TRUE,N/A,10/3/2026,1:06:36 PM,pre_game,MLB,demon,https://static.prizepicks.com/images/manual/Cooper Pratt.webp,15374155,,,,,,,,,Yes,-1.5,6.9,Cubs @ Brewers,2026-09-08T23:40:00Z,Tue 07:40pm,American Family Field,retractable,,,,,,,,,No,,,3.5,,,,0,,0,,0.98,,0.98,0,Push
PrizePicks,MLB,192359,Joey Ortiz,IF,MIL,Hits+Runs+RBIs,2.5,TRUE,N/A,10/3/2026,1:06:36 PM,pre_game,MLB,demon,https://static.prizepicks.com/images/players/MLB/Joseph_Ortiz_MLB_player_cgr8ckrMUU3sXrWq6RPRiDI3-450.webp,15374157,1.50,43.27,56.73,-3.59,56.73,Under,https://www.freeiconspng.com/img/1934,,Yes,-1.5,6.9,Cubs @ Brewers,2026-09-08T23:40:00Z,Tue 07:40pm,American Family Field,retractable,,-131.000,-131.000,9/8/2026,1.298,,,,No,,,3.5,14.24501852,85.75498148,14.24501852,1.3,,0,,0.94,,1.12,0,Push
PrizePicks,MLB,241215,Jacob Misiorowski,P,MIL,Earned Runs Allowed,2.5,TRUE,N/A,10/3/2026,1:06:36 PM,pre_game,MLB,demon,https://static.prizepicks.com/images/players/MLB/Jacob_Misiorowski_MLB_player_VWjwCRlFRLldhHatPV1pS44x-450.webp,15374696,,,,,,,,,Yes,-1.5,6.9,Cubs @ Brewers,2026-09-08T23:40:00Z,Tue 07:40pm,American Family Field,retractable,,,,,,,,,No,,,3.5,,,,0,,0,,96,,48.75,1.5,Push
PrizePicks,MLB,67527,Christian Yelich,DH,MIL,Hits,2.5,TRUE,N/A,10/3/2026,1:06:36 PM,pre_game,MLB,demon,https://static.prizepicks.com/images/players/MLB/Christian_Yelich_MLB_player_IiHxuYdRvtSn416BYL5gvPt-450.webp,15374700,0.50,59.57,40.43,-5.34,59.57,Over,https://www.freeiconspng.com/img/1934,,Yes,-1.5,6.9,Cubs @ Brewers,2026-09-08T23:40:00Z,Tue 07:40pm,American Family Field,retractable,,-147.000,-147.000,9/8/2026,0.596,,,,No,,,3.5,2.269263866,97.73073613,2.269263866,0.6,,0,,0.82,,0.64,0.5,Push
PrizePicks,MLB,233461,Gavin Sheets,IF,SD,Hits+Runs+RBIs,2.5,TRUE,N/A,10/3/2026,1:06:36 PM,pre_game,MLB,demon,https://static.prizepicks.com/images/players/MLB/Gavin_Sheets_MLB_player_6VadMiDDFNg7xJ8XQYAqHvfF-450.webp,15377324,0.50,40.67,59.33,-5.58,59.33,Under,https://www.freeiconspng.com/img/1934,,Yes,-1.5,6.9,Nationals @ Padres,2026-09-09T01:40:00Z,Tue 09:40pm,Petco Park,outdoor,,-146.000,-146.000,,0.407,,,,No,,,3.5,0.8290447222,99.17095528,0.8290447222,0.41,,0,,0.74,,0.57,0,Push
PrizePicks,MLB,139980,Fernando Tatis Jr.,OF,SD,Total Bases,1.5,TRUE,N/A,10/3/2026,1:06:36 PM,pre_game,MLB,demon,https://static.prizepicks.com/images/players/MLB/Fernando_Tatis_MLB_player_DjhTeFUqteE9JQbqLZdPe4B6-450.webp,15365445,,,,,,,,,Yes,-1.5,6.9,Nationals @ Padres,2026-09-09T01:40:00Z,Tue 09:40pm,Petco Park,outdoor,,,,,,,,,No,,,3.5,,,,0,,0,,1.01,,1.26,1.5,Push
PrizePicks,MLB,127196,William Contreras,C,MIL,Hits,1.5,TRUE,N/A,10/3/2026,1:06:36 PM,pre_game,MLB,demon,https://static.prizepicks.com/images/players/MLB/William_Contreras_MLB_player_utOsP58xiT4H1eTJnXgLgfhV-450.webp,15365553,0.50,62.18,37.82,-6.57,62.18,Over,https://www.freeiconspng.com/img/1934,,Yes,-1.5,6.9,Cubs @ Brewers,2026-09-08T23:40:00Z,Tue 07:40pm,American Family Field,retractable,,-164.000,-164.000,9/8/2026,0.622,,,,No,,,3.5,12.91306875,87.08693125,12.91306875,0.62,,0,,0.95,,0.69,0.5,Push
PrizePicks,MLB,127196,William Contreras,C,MIL,Total Bases,1.5,TRUE,N/A,10/3/2026,1:06:36 PM,pre_game,MLB,demon,https://static.prizepicks.com/images/players/MLB/William_Contreras_MLB_player_utOsP58xiT4H1eTJnXgLgfhV-450.webp,15366041,,,,,,,,,Yes,-1.5,6.9,Cubs @ Brewers,2026-09-08T23:40:00Z,Tue 07:40pm,American Family Field,retractable,,,,,,,,,No,,,3.5,,,,0,,0,,0.95,,1.22,1.5,Push
PrizePicks,MLB,193538,Jackson Chourio,OF,MIL,Total Bases,1.5,TRUE,N/A,10/3/2026,1:06:36 PM,pre_game,MLB,demon,https://static.prizepicks.com/images/players/MLB/Jackson_Chourio_MLB_player_Sl90DoV6a5Gc8RtLhi2IlM0Y-450.webp,15367134,,,,,,,,,Yes,-1.5,6.9,Cubs @ Brewers,2026-09-08T23:40:00Z,Tue 07:40pm,American Family Field,retractable,,,,,,,,,No,,,3.5,,,,0,,0,,1.02,,1.26,1.5,Push
PrizePicks,MLB,338092,Dustin Harris,OF,SD,Hits+Runs+RBIs,1.5,TRUE,N/A,10/3/2026,1:06:36 PM,pre_game,MLB,demon,https://static.prizepicks.com/images/manual/Dustin Harris.png,15367511,0.50,55.19,44.81,-3.99,55.19,Over,https://www.freeiconspng.com/img/1934,,Yes,-1.5,6.9,Nationals @ Padres,2026-09-09T01:40:00Z,Tue 09:40pm,Petco Park,outdoor,,-123.000,-123.000,9/8/2026,0.552,,,,No,,,3.5,10.63311741,89.36688259,10.63311741,0.55,,0,,1.13,,0.84,0,Push
PrizePicks,MLB,67595,Jake Cronenworth,IF,SD,Hits+Runs+RBIs,1.5,TRUE,N/A,10/3/2026,1:06:36 PM,pre_game,MLB,demon,https://static.prizepicks.com/images/players/MLB/Jacob_Cronenworth_MLB_player_lgyr5DPh74DiKkHb5Q5QTOhU-450.webp,15367513,0.50,49.6,50.4,-3.52,50.4,Under,https://www.freeiconspng.com/img/1934,,Yes,-1.5,6.9,Nationals @ Padres,2026-09-09T01:40:00Z,Tue 09:40pm,Petco Park,outdoor,,-102.000,-102.000,9/8/2026,0.496,,,,No,,,3.5,8.899338495,91.1006615,8.899338495,0.5,,0,,0.79,,0.64,0,Push
PrizePicks,MLB,193123,Jackson Merrill,OF,SD,Hits+Runs+RBIs,1.5,TRUE,N/A,10/3/2026,1:06:36 PM,pre_game,MLB,demon,https://static.prizepicks.com/images/players/MLB/Jackson_Merrill_MLB_player_woeHd4OzZiuVcuExGBHV3nln-450.webp,15367514,0.50,57.26,42.74,-4.13,57.26,Over,https://www.freeiconspng.com/img/1934,,Yes,-1.5,6.9,Nationals @ Padres,2026-09-09T01:40:00Z,Tue 09:40pm,Petco Park,outdoor,,-134.000,-134.000,9/8/2026,0.573,,,,No,,,3.5,11.29639895,88.70360105,11.29639895,0.57,,0,,0.89,,0.73,0,Push
PrizePicks,MLB,67592,Manny Machado,IF,SD,Hits+Runs+RBIs,1.5,TRUE,N/A,10/3/2026,1:06:36 PM,pre_game,MLB,demon,https://static.prizepicks.com/images/players/MLB/Manuel_Machado_MLB_player_T2qAovSYe7b2PcWthjl1p2RY-450.webp,15367517,1.50,40.4,59.6,-7.07,59.6,Under,https://www.freeiconspng.com/img/1934,,Yes,-1.5,6.9,Nationals @ Padres,2026-09-09T01:40:00Z,Tue 09:40pm,Petco Park,outdoor,,-148.000,-148.000,9/8/2026,1.212,,,,No,,,3.5,40.4,59.6,40.4,1.21,,0,,0.76,,0.99,0,Push
PrizePicks,MLB,139980,Fernando Tatis Jr.,OF,SD,Hits,1.5,TRUE,N/A,10/3/2026,1:06:36 PM,pre_game,MLB,demon,https://static.prizepicks.com/images/players/MLB/Fernando_Tatis_MLB_player_DjhTeFUqteE9JQbqLZdPe4B6-450.webp,15367519,0.50,61.86,38.14,-6.39,61.86,Over,https://www.freeiconspng.com/img/1934,,Yes,-1.5,6.9,Nationals @ Padres,2026-09-09T01:40:00Z,Tue 09:40pm,Petco Park,outdoor,,-162.000,-162.000,9/8/2026,0.619,,,,No,,,3.5,12.8063276,87.1936724,12.8063276,0.62,,0,,1.01,,1.04,1.5,Push
PrizePicks,MLB,127204,Xander Bogaerts,IF,SD,Hits,1.5,TRUE,N/A,10/3/2026,1:06:36 PM,pre_game,MLB,demon,https://static.prizepicks.com/images/players/MLB/Xander_Bogaerts_MLB_player_SyYOqVCqxykf8J9hjqxLQ6Z3-450.webp,15367523,0.50,52.25,47.75,-5.2,52.25,Over,https://www.freeiconspng.com/img/1934,,Yes,-1.5,6.9,Nationals @ Padres,2026-09-09T01:40:00Z,Tue 09:40pm,Petco Park,outdoor,,-109.000,-109.000,9/8/2026,0.523,,,,No,,,3.5,9.710253329,90.28974667,9.710253329,0.52,,0,,0.81,,0.61,0.5,Push
PrizePicks,MLB,193123,Jackson Merrill,OF,SD,Hits,1.5,TRUE,N/A,10/3/2026,1:06:36 PM,pre_game,MLB,demon,https://static.prizepicks.com/images/players/MLB/Jackson_Merrill_MLB_player_woeHd4OzZiuVcuExGBHV3nln-450.webp,15367534,0.50,53.23,46.77,-6.77,53.23,Over,https://www.freeiconspng.com/img/1934,,Yes,-1.5,6.9,Nationals @ Padres,2026-09-09T01:40:00Z,Tue 09:40pm,Petco Park,outdoor,,-114.000,-114.000,9/8/2026,0.532,,,,No,,,3.5,10.01526358,89.98473642,10.01526358,0.53,,0,,0.89,,0.64,0.5,Push
PrizePicks,MLB,340351,Ethan Salas,C,SD,Hits,1.5,TRUE,N/A,10/3/2026,1:06:36 PM,pre_game,MLB,demon,https://static.prizepicks.com/images/manual/EthanSalas.webp,15367537,0.50,44.29,55.71,-6.55,55.71,Under,https://www.freeiconspng.com/img/1934,,Yes,-1.5,6.9,Nationals @ Padres,2026-09-09T01:40:00Z,Tue 09:40pm,Petco Park,outdoor,,-126.000,-126.000,9/8/2026,0.443,,,,No,,,3.5,7.341085661,92.65891434,7.341085661,0.44,,0,,0.9,,0.61,0.5,Push
PrizePicks,MLB,340351,Ethan Salas,C,SD,Hits+Runs+RBIs,1.5,TRUE,N/A,10/3/2026,1:06:36 PM,pre_game,MLB,demon,https://static.prizepicks.com/images/manual/EthanSalas.webp,15367541,0.50,46.52,53.48,,50.98,Over,https://www.freeiconspng.com/img/1934,,Yes,-1.5,6.9,Nationals @ Padres,2026-09-09T01:40:00Z,Tue 09:40pm,Petco Park,outdoor,,-104.000,-104.000,9/8/2026,0.465,,,,No,,,3.5,7.984049418,92.01595058,7.984049418,0.47,,0,,0.9,,0.68,0,Push
PrizePicks,MLB,67592,Manny Machado,IF,SD,Hits,1.5,TRUE,N/A,10/3/2026,1:06:36 PM,pre_game,MLB,demon,https://static.prizepicks.com/images/players/MLB/Manuel_Machado_MLB_player_T2qAovSYe7b2PcWthjl1p2RY-450.webp,15367546,0.50,55.68,44.32,-6.58,55.68,Over,https://www.freeiconspng.com/img/1934,,Yes,-1.5,6.9,Nationals @ Padres,2026-09-09T01:40:00Z,Tue 09:40pm,Petco Park,outdoor,,-126.000,-126.000,9/8/2026,0.557,,,,No,,,3.5,10.78915451,89.21084549,10.78915451,0.56,,0,,0.76,,0.61,0.5,Push
PrizePicks,MLB,67595,Jake Cronenworth,IF,SD,Hits,1.5,TRUE,N/A,10/3/2026,1:06:36 PM,pre_game,MLB,demon,https://static.prizepicks.com/images/players/MLB/Jacob_Cronenworth_MLB_player_lgyr5DPh74DiKkHb5Q5QTOhU-450.webp,15367549,0.50,45.02,54.98,-5.8,54.98,Under,https://www.freeiconspng.com/img/1934,,Yes,-1.5,6.9,Nationals @ Padres,2026-09-09T01:40:00Z,Tue 09:40pm,Petco Park,outdoor,,-122.000,-122.000,9/8/2026,0.450,,,,No,,,3.5,7.549657369,92.45034263,7.549657369,0.45,,0,,0.79,,0.58,0.5,Push
PrizePicks,MLB,310333,Ty France,IF,SD,Hits,1.5,TRUE,N/A,10/3/2026,1:06:36 PM,pre_game,MLB,demon,https://static.prizepicks.com/images/manual/Ty France.png,15367552,0.50,56.96,43.04,-6,56.96,Over,https://www.freeiconspng.com/img/1934,,Yes,-1.5,6.9,Nationals @ Padres,2026-09-09T01:40:00Z,Tue 09:40pm,Petco Park,outdoor,,-132.000,-132.000,9/8/2026,0.570,,,,No,,,3.5,11.19961409,88.80038591,11.19961409,0.57,,0,,1.03,,0.7,0.5,Push
PrizePicks,MLB,338092,Dustin Harris,OF,SD,Hits,1.5,TRUE,N/A,10/3/2026,1:06:36 PM,pre_game,MLB,demon,https://static.prizepicks.com/images/manual/Dustin Harris.png,15367555,0.50,51.38,48.62,-6.95,51.38,Over,https://www.freeiconspng.com/img/1934,,Yes,-1.5,6.9,Nationals @ Padres,2026-09-09T01:40:00Z,Tue 09:40pm,Petco Park,outdoor,,-106.000,-106.000,9/8/2026,0.514,,,,No,,,3.5,9.441755269,90.55824473,9.441755269,0.51,,0,,1.13,,0.71,0.5,Push
PrizePicks,MLB,127204,Xander Bogaerts,IF,SD,Hits+Runs+RBIs,1.5,TRUE,N/A,10/3/2026,1:06:36 PM,pre_game,MLB,demon,https://static.prizepicks.com/images/players/MLB/Xander_Bogaerts_MLB_player_SyYOqVCqxykf8J9hjqxLQ6Z3-450.webp,15367558,0.50,57.97,42.03,-3.42,57.97,Over,https://www.freeiconspng.com/img/1934,,Yes,-1.5,6.9,Nationals @ Padres,2026-09-09T01:40:00Z,Tue 09:40pm,Petco Park,outdoor,,-138.000,-138.000,9/8/2026,0.580,,,,No,,,3.5,11.52631691,88.47368309,11.52631691,0.58,,0,,0.81,,0.69,0,Push
PrizePicks,MLB,310333,Ty France,IF,SD,Hits+Runs+RBIs,1.5,TRUE,N/A,10/3/2026,1:06:36 PM,pre_game,MLB,demon,https://static.prizepicks.com/images/manual/Ty France.png,15367561,1.50,39.77,60.23,-4.31,60.23,Under,https://www.freeiconspng.com/img/1934,,Yes,-1.5,6.9,Nationals @ Padres,2026-09-09T01:40:00Z,Tue 09:40pm,Petco Park,outdoor,,-151.000,-151.000,9/8/2026,1.193,,,,No,,,3.5,39.77,60.23,39.77,1.19,,0,,1.03,,1.11,0,Push
PrizePicks,MLB,139980,Fernando Tatis Jr.,OF,SD,Hits+Runs+RBIs,1.5,TRUE,N/A,10/3/2026,1:06:36 PM,pre_game,MLB,demon,https://static.prizepicks.com/images/players/MLB/Fernando_Tatis_MLB_player_DjhTeFUqteE9JQbqLZdPe4B6-450.webp,15367567,1.50,44.32,55.68,-3.5,55.68,Under,https://www.freeiconspng.com/img/1934,,Yes,-1.5,6.9,Nationals @ Padres,2026-09-09T01:40:00Z,Tue 09:40pm,Petco Park,outdoor,,-126.000,-126.000,9/8/2026,1.330,,,,No,,,3.5,44.32,55.68,44.32,1.33,,0,,1.01,,1.17,0,Push
PrizePicks,MLB,127204,Xander Bogaerts,IF,SD,RBIs,1.5,TRUE,N/A,10/3/2026,1:06:36 PM,pre_game,MLB,demon,https://static.prizepicks.com/images/players/MLB/Xander_Bogaerts_MLB_player_SyYOqVCqxykf8J9hjqxLQ6Z3-450.webp,15368743,,,,,,,,,Yes,-1.5,6.9,Nationals @ Padres,2026-09-09T01:40:00Z,Tue 09:40pm,Petco Park,outdoor,,,,,,,,,No,,,3.5,,,,0,,0,,0.81,,0.65,0.5,Push
PrizePicks,MLB,192359,Joey Ortiz,IF,MIL,Hits,1.5,TRUE,N/A,10/3/2026,1:06:36 PM,pre_game,MLB,demon,https://static.prizepicks.com/images/players/MLB/Joseph_Ortiz_MLB_player_cgr8ckrMUU3sXrWq6RPRiDI3-450.webp,15368745,0.50,57.91,42.09,-6.38,57.91,Over,https://www.freeiconspng.com/img/1934,,Yes,-1.5,6.9,Cubs @ Brewers,2026-09-08T23:40:00Z,Tue 07:40pm,American Family Field,retractable,,-138.000,-138.000,9/8/2026,0.579,,,,No,,,3.5,11.50684092,88.49315908,11.50684092,0.58,,0,,0.94,,0.67,0.5,Push
PrizePicks,MLB,192359,Joey Ortiz,IF,MIL,Total Bases,1.5,TRUE,N/A,10/3/2026,1:06:36 PM,pre_game,MLB,demon,https://static.prizepicks.com/images/players/MLB/Joseph_Ortiz_MLB_player_cgr8ckrMUU3sXrWq6RPRiDI3-450.webp,15368751,,,,,,,,,Yes,-1.5,6.9,Cubs @ Brewers,2026-09-08T23:40:00Z,Tue 07:40pm,American Family Field,retractable,,,,,,,,,No,,,3.5,,,,0,,0,,0.94,,0.72,0.5,Push
PrizePicks,MLB,324013,Cooper Pratt,IF,MIL,Total Bases,1.5,TRUE,N/A,10/3/2026,1:06:36 PM,pre_game,MLB,demon,https://static.prizepicks.com/images/manual/Cooper Pratt.webp,15368758,,,,,,,,,Yes,-1.5,6.9,Cubs @ Brewers,2026-09-08T23:40:00Z,Tue 07:40pm,American Family Field,retractable,,,,,,,,,No,,,3.5,,,,0,,0,,0.98,,0.74,0.5,Push
PrizePicks,MLB,327357,Luis Lara,OF,MIL,Total Bases,1.5,TRUE,N/A,10/3/2026,1:06:36 PM,pre_game,MLB,demon,https://static.prizepicks.com/images/manual/Luis Lara.png,15368759,,,,,,,,,Yes,-1.5,6.9,Cubs @ Brewers,2026-09-08T23:40:00Z,Tue 07:40pm,American Family Field,retractable,,,,,,,,,No,,,3.5,,,,0,,0,,0.86,,0.68,0.5,Push
PrizePicks,MLB,127193,Brice Turang,IF,MIL,Total Bases,1.5,TRUE,N/A,10/3/2026,1:06:36 PM,pre_game,MLB,demon,https://static.prizepicks.com/images/players/MLB/Second_Base_MLB_player_HhIl6lscwSyYMioGrH3lmpf.webp,15368765,,,,,,,,,Yes,-1.5,6.9,Cubs @ Brewers,2026-09-08T23:40:00Z,Tue 07:40pm,American Family Field,retractable,,,,,,,,,No,,,3.5,,,,0,,0,,0.94,,0.72,0.5,Push
PrizePicks,MLB,67592,Manny Machado,IF,SD,Total Bases,1.5,TRUE,N/A,10/3/2026,1:06:36 PM,pre_game,MLB,demon,https://static.prizepicks.com/images/players/MLB/Manuel_Machado_MLB_player_T2qAovSYe7b2PcWthjl1p2RY-450.webp,15368766,,,,,,,,,Yes,-1.5,6.9,Nationals @ Padres,2026-09-09T01:40:00Z,Tue 09:40pm,Petco Park,outdoor,,,,,,,,,No,,,3.5,,,,0,,0,,0.76,,1.13,1.5,Push
PrizePicks,MLB,192925,Jake Bauers,IF,MIL,Total Bases,1.5,TRUE,N/A,10/3/2026,1:06:36 PM,pre_game,MLB,demon,https://static.prizepicks.com/images/players/MLB/Jakob_Bauers_MLB_player_8W8DDUI7d70DLlu7HXuu07x1-450.webp,15368767,,,,,,,,,Yes,-1.5,6.9,Cubs @ Brewers,2026-09-08T23:40:00Z,Tue 07:40pm,American Family Field,retractable,,,,,,,,,No,,,3.5,,,,0,,0,,0.93,,0.93,0,Push
PrizePicks,MLB,193123,Jackson Merrill,OF,SD,RBIs,1.5,TRUE,N/A,10/3/2026,1:06:36 PM,pre_game,MLB,demon,https://static.prizepicks.com/images/players/MLB/Jackson_Merrill_MLB_player_woeHd4OzZiuVcuExGBHV3nln-450.webp,15368768,,,,,,,,,Yes,-1.5,6.9,Nationals @ Padres,2026-09-09T01:40:00Z,Tue 09:40pm,Petco Park,outdoor,,,,,,,,,No,,,3.5,,,,0,,0,,0.89,,0.7,0.5,Push
PrizePicks,MLB,193538,Jackson Chourio,OF,MIL,Hits,1.5,TRUE,N/A,10/3/2026,1:06:36 PM,pre_game,MLB,demon,https://static.prizepicks.com/images/players/MLB/Jackson_Chourio_MLB_player_Sl90DoV6a5Gc8RtLhi2IlM0Y-450.webp,15368773,0.50,65.34,34.66,-7.63,65.34,Over,https://www.freeiconspng.com/img/1934,,Yes,-1.5,6.9,Cubs @ Brewers,2026-09-08T23:40:00Z,Tue 07:40pm,American Family Field,retractable,,-189.000,-189.000,9/8/2026,0.653,,,,No,,,3.5,13.9779241,86.0220759,13.9779241,0.65,,0,,1.02,,1.06,1.5,Push
PrizePicks,MLB,74159,Garrett Mitchell,OF,MIL,Total Bases,1.5,TRUE,N/A,10/3/2026,1:06:36 PM,pre_game,MLB,demon,https://static.prizepicks.com/images/players/MLB/Garrett_Mitchell_MLB_player_pKr818qZkrPVIDliSpGPdZQ4-450.webp,15368776,,,,,,,,,Yes,-1.5,6.9,Cubs @ Brewers,2026-09-08T23:40:00Z,Tue 07:40pm,American Family Field,retractable,,,,,,,,,No,,,3.5,,,,0,,0,,0.92,,0.71,0.5,Push
PrizePicks,MLB,127204,Xander Bogaerts,IF,SD,Total Bases,1.5,TRUE,N/A,10/3/2026,1:06:36 PM,pre_game,MLB,demon,https://static.prizepicks.com/images/players/MLB/Xander_Bogaerts_MLB_player_SyYOqVCqxykf8J9hjqxLQ6Z3-450.webp,15368777,,,,,,,,,Yes,-1.5,6.9,Nationals @ Padres,2026-09-09T01:40:00Z,Tue 09:40pm,Petco Park,outdoor,,,,,,,,,No,,,3.5,,,,0,,0,,0.81,,0.65,0.5,Push
PrizePicks,MLB,324013,Cooper Pratt,IF,MIL,Hits,1.5,TRUE,N/A,10/3/2026,1:06:36 PM,pre_game,MLB,demon,https://static.prizepicks.com/images/manual/Cooper Pratt.webp,15368779,0.50,58.61,41.39,-6.3,58.61,Over,https://www.freeiconspng.com/img/1934,,Yes,-1.5,6.9,Cubs @ Brewers,2026-09-08T23:40:00Z,Tue 07:40pm,American Family Field,retractable,,-142.000,-142.000,9/8/2026,0.586,,,,No,,,3.5,11.73458464,88.26541536,11.73458464,0.59,,0,,0.98,,0.69,0.5,Push
PrizePicks,MLB,338092,Dustin Harris,OF,SD,RBIs,1.5,TRUE,N/A,10/3/2026,1:06:36 PM,pre_game,MLB,demon,https://static.prizepicks.com/images/manual/Dustin Harris.png,15368784,,,,,,,,,Yes,-1.5,6.9,Nationals @ Padres,2026-09-09T01:40:00Z,Tue 09:40pm,Petco Park,outdoor,,,,,,,,,No,,,3.5,,,,0,,0,,1.13,,0.81,0.5,Push
PrizePicks,MLB,67592,Manny Machado,IF,SD,RBIs,1.5,TRUE,N/A,10/3/2026,1:06:36 PM,pre_game,MLB,demon,https://static.prizepicks.com/images/players/MLB/Manuel_Machado_MLB_player_T2qAovSYe7b2PcWthjl1p2RY-450.webp,15368785,,,,,,,,,Yes,-1.5,6.9,Nationals @ Padres,2026-09-09T01:40:00Z,Tue 09:40pm,Petco Park,outdoor,,,,,,,,,No,,,3.5,,,,0,,0,,0.76,,0.63,0.5,Push
PrizePicks,MLB,340351,Ethan Salas,C,SD,RBIs,1.5,TRUE,N/A,10/3/2026,1:06:36 PM,pre_game,MLB,demon,https://static.prizepicks.com/images/manual/EthanSalas.webp,15368791,,,,,,,,,Yes,-1.5,6.9,Nationals @ Padres,2026-09-09T01:40:00Z,Tue 09:40pm,Petco Park,outdoor,,,,,,,,,No,,,3.5,,,,0,,0,,0.9,,0.7,0.5,Push
PrizePicks,MLB,327357,Luis Lara,OF,MIL,Hits,1.5,TRUE,N/A,10/3/2026,1:06:36 PM,pre_game,MLB,demon,https://static.prizepicks.com/images/manual/Luis Lara.png,15368794,0.50,58.28,41.72,-7.24,58.28,Over,https://www.freeiconspng.com/img/1934,,Yes,-1.5,6.9,Cubs @ Brewers,2026-09-08T23:40:00Z,Tue 07:40pm,American Family Field,retractable,,-140.000,-140.000,9/8/2026,0.583,,,,No,,,3.5,11.62707747,88.37292253,11.62707747,0.58,,0,,0.86,,0.65,0.5,Push
PrizePicks,MLB,338092,Dustin Harris,OF,SD,Total Bases,1.5,TRUE,N/A,10/3/2026,1:06:36 PM,pre_game,MLB,demon,https://static.prizepicks.com/images/manual/Dustin Harris.png,15368797,,,,,,,,,Yes,-1.5,6.9,Nationals @ Padres,2026-09-09T01:40:00Z,Tue 09:40pm,Petco Park,outdoor,,,,,,,,,No,,,3.5,,,,0,,0,,1.13,,0.81,0.5,Push
PrizePicks,MLB,340351,Ethan Salas,C,SD,Total Bases,1.5,TRUE,N/A,10/3/2026,1:06:36 PM,pre_game,MLB,demon,https://static.prizepicks.com/images/manual/EthanSalas.webp,15368800,,,,,,,,,Yes,-1.5,6.9,Nationals @ Padres,2026-09-09T01:40:00Z,Tue 09:40pm,Petco Park,outdoor,,,,,,,,,No,,,3.5,,,,0,,0,,0.9,,0.7,0.5,Push
PrizePicks,MLB,193123,Jackson Merrill,OF,SD,Total Bases,1.5,TRUE,N/A,10/3/2026,1:06:36 PM,pre_game,MLB,demon,https://static.prizepicks.com/images/players/MLB/Jackson_Merrill_MLB_player_woeHd4OzZiuVcuExGBHV3nln-450.webp,15368803,,,,,,,,,Yes,-1.5,6.9,Nationals @ Padres,2026-09-09T01:40:00Z,Tue 09:40pm,Petco Park,outdoor,,,,,,,,,No,,,3.5,,,,0,,0,,0.89,,1.2,1.5,Push
PrizePicks,MLB,310333,Ty France,IF,SD,RBIs,1.5,TRUE,N/A,10/3/2026,1:06:36 PM,pre_game,MLB,demon,https://static.prizepicks.com/images/manual/Ty France.png,15368805,,,,,,,,,Yes,-1.5,6.9,Nationals @ Padres,2026-09-09T01:40:00Z,Tue 09:40pm,Petco Park,outdoor,,,,,,,,,No,,,3.5,,,,0,,0,,1.03,,0.77,0.5,Push
PrizePicks,MLB,139980,Fernando Tatis Jr.,OF,SD,RBIs,1.5,TRUE,N/A,10/3/2026,1:06:36 PM,pre_game,MLB,demon,https://static.prizepicks.com/images/players/MLB/Fernando_Tatis_MLB_player_DjhTeFUqteE9JQbqLZdPe4B6-450.webp,15368808,,,,,,,,,Yes,-1.5,6.9,Nationals @ Padres,2026-09-09T01:40:00Z,Tue 09:40pm,Petco Park,outdoor,,,,,,,,,No,,,3.5,,,,0,,0,,1.01,,0.76,0.5,Push
PrizePicks,MLB,310333,Ty France,IF,SD,Total Bases,1.5,TRUE,N/A,10/3/2026,1:06:36 PM,pre_game,MLB,demon,https://static.prizepicks.com/images/manual/Ty France.png,15368810,,,,,,,,,Yes,-1.5,6.9,Nationals @ Padres,2026-09-09T01:40:00Z,Tue 09:40pm,Petco Park,outdoor,,,,,,,,,No,,,3.5,,,,0,,0,,1.03,,1.27,1.5,Push
PrizePicks,MLB,67595,Jake Cronenworth,IF,SD,Total Bases,1.5,TRUE,N/A,10/3/2026,1:06:36 PM,pre_game,MLB,demon,https://static.prizepicks.com/images/players/MLB/Jacob_Cronenworth_MLB_player_lgyr5DPh74DiKkHb5Q5QTOhU-450.webp,15368813,,,,,,,,,Yes,-1.5,6.9,Nationals @ Padres,2026-09-09T01:40:00Z,Tue 09:40pm,Petco Park,outdoor,,,,,,,,,No,,,3.5,,,,0,,0,,0.79,,0.64,0.5,Push
PrizePicks,MLB,127193,Brice Turang,IF,MIL,Hits,1.5,TRUE,N/A,10/3/2026,1:06:36 PM,pre_game,MLB,demon,https://static.prizepicks.com/images/players/MLB/Second_Base_MLB_player_HhIl6lscwSyYMioGrH3lmpf.webp,15368814,0.50,62.03,37.97,-5.71,62.03,Over,https://www.freeiconspng.com/img/1934,,Yes,-1.5,6.9,Cubs @ Brewers,2026-09-08T23:40:00Z,Tue 07:40pm,American Family Field,retractable,,-163.000,-163.000,9/8/2026,0.620,,,,No,,,3.5,12.8630078,87.1369922,12.8630078,0.62,,0,,0.94,,0.69,0.5,Push
PrizePicks,MLB,74159,Garrett Mitchell,OF,MIL,Hits,1.5,TRUE,N/A,10/3/2026,1:06:36 PM,pre_game,MLB,demon,https://static.prizepicks.com/images/players/MLB/Garrett_Mitchell_MLB_player_pKr818qZkrPVIDliSpGPdZQ4-450.webp,15368815,0.50,56.72,43.28,-6.24,56.72,Over,https://www.freeiconspng.com/img/1934,,Yes,-1.5,6.9,Cubs @ Brewers,2026-09-08T23:40:00Z,Tue 07:40pm,American Family Field,retractable,,-131.000,-131.000,9/8/2026,0.567,,,,No,,,3.5,11.12234389,88.87765611,11.12234389,0.57,,0,,0.92,,0.66,0.5,Push
PrizePicks,MLB,192925,Jake Bauers,IF,MIL,Hits,1.5,TRUE,N/A,10/3/2026,1:06:36 PM,pre_game,MLB,demon,https://static.prizepicks.com/images/players/MLB/Jakob_Bauers_MLB_player_8W8DDUI7d70DLlu7HXuu07x1-450.webp,15368817,0.50,58.12,41.88,-4.14,58.12,Over,https://www.freeiconspng.com/img/1934,,Yes,-1.5,6.9,Cubs @ Brewers,2026-09-08T23:40:00Z,Tue 07:40pm,American Family Field,retractable,,-139.000,-139.000,,0.581,,,,No,,,3.5,11.57504392,88.42495608,11.57504392,0.58,,0,,0.93,,0.76,0,Push
PrizePicks,MLB,332302,Austin Hays,DH,SD,Hits,1.5,TRUE,N/A,10/3/2026,1:06:36 PM,pre_game,MLB,demon,https://static.prizepicks.com/images/manual/Austin Hays.png,15369221,0.50,49.12,50.88,-6.57,50.88,Under,https://www.freeiconspng.com/img/1934,,Yes,-1.5,6.9,Nationals @ Padres,2026-09-09T01:40:00Z,Tue 09:40pm,Petco Park,outdoor,,-104.000,-104.000,,0.491,8/4/2026,60-Day-IL,"Jul 17: Hays (calf) will begin a rehab assignment with Triple-A Charlotte on Friday, LaMond Pope of the Chicago Tribune reports.",No,,,3.5,8.754712168,91.24528783,8.754712168,0.49,,0,,1.11,,0.8,0,Push
PrizePicks,MLB,67527,Christian Yelich,DH,MIL,Hits,1.5,TRUE,N/A,10/3/2026,1:06:36 PM,pre_game,MLB,demon,https://static.prizepicks.com/images/players/MLB/Christian_Yelich_MLB_player_IiHxuYdRvtSn416BYL5gvPt-450.webp,15369222,0.50,59.57,40.43,-5.34,59.57,Over,https://www.freeiconspng.com/img/1934,,Yes,-1.5,6.9,Cubs @ Brewers,2026-09-08T23:40:00Z,Tue 07:40pm,American Family Field,retractable,,-147.000,-147.000,9/8/2026,0.596,,,,No,,,3.5,12.04874879,87.95125121,12.04874879,0.6,,0,,0.82,,0.64,0.5,Push
PrizePicks,MLB,332302,Austin Hays,DH,SD,Hits+Runs+RBIs,1.5,TRUE,N/A,10/3/2026,1:06:36 PM,pre_game,MLB,demon,https://static.prizepicks.com/images/manual/Austin Hays.png,15369970,0.50,50.77,49.23,,56.52,Over,https://www.freeiconspng.com/img/1934,,Yes,-1.5,6.9,Nationals @ Padres,2026-09-09T01:40:00Z,Tue 09:40pm,Petco Park,outdoor,,-130.000,-130.000,,0.508,8/4/2026,60-Day-IL,"Jul 17: Hays (calf) will begin a rehab assignment with Triple-A Charlotte on Friday, LaMond Pope of the Chicago Tribune reports.",No,,,3.5,9.254807477,90.74519252,9.254807477,0.51,,0,,1.11,,0.81,0,Push
PrizePicks,MLB,332302,Austin Hays,DH,SD,RBIs,1.5,TRUE,N/A,10/3/2026,1:06:36 PM,pre_game,MLB,demon,https://static.prizepicks.com/images/manual/Austin Hays.png,15369976,,,,,,,,,Yes,-1.5,6.9,Nationals @ Padres,2026-09-09T01:40:00Z,Tue 09:40pm,Petco Park,outdoor,,,,,,8/4/2026,60-Day-IL,"Jul 17: Hays (calf) will begin a rehab assignment with Triple-A Charlotte on Friday, LaMond Pope of the Chicago Tribune reports.",No,,,3.5,,,,0,,0,,1.11,,1.11,0,Push
PrizePicks,MLB,139980,Fernando Tatis Jr.,OF,SD,Singles,1.5,TRUE,N/A,10/3/2026,1:06:36 PM,pre_game,MLB,demon,https://static.prizepicks.com/images/players/MLB/Fernando_Tatis_MLB_player_DjhTeFUqteE9JQbqLZdPe4B6-450.webp,15370556,,,,,,,,,Yes,-1.5,6.9,Nationals @ Padres,2026-09-09T01:40:00Z,Tue 09:40pm,Petco Park,outdoor,,,,,,,,,No,,,3.5,,,,0,,0,,1.01,,1.01,0,Push
PrizePicks,MLB,192359,Joey Ortiz,IF,MIL,Singles,1.5,TRUE,N/A,10/3/2026,1:06:36 PM,pre_game,MLB,demon,https://static.prizepicks.com/images/players/MLB/Joseph_Ortiz_MLB_player_cgr8ckrMUU3sXrWq6RPRiDI3-450.webp,15370566,,,,,,,,,Yes,-1.5,6.9,Cubs @ Brewers,2026-09-08T23:40:00Z,Tue 07:40pm,American Family Field,retractable,,,,,,,,,No,,,3.5,,,,0,,0,,0.94,,0.94,0,Push
PrizePicks,MLB,67527,Christian Yelich,DH,MIL,Hits+Runs+RBIs,1.5,TRUE,N/A,10/3/2026,1:06:36 PM,pre_game,MLB,demon,https://static.prizepicks.com/images/players/MLB/Christian_Yelich_MLB_player_IiHxuYdRvtSn416BYL5gvPt-450.webp,15370569,1.50,43.34,56.66,-3.66,56.66,Under,https://www.freeiconspng.com/img/1934,,Yes,-1.5,6.9,Cubs @ Brewers,2026-09-08T23:40:00Z,Tue 07:40pm,American Family Field,retractable,,-131.000,-131.000,9/8/2026,1.300,,,,No,,,3.5,43.34,56.66,43.34,1.3,,0,,0.82,,1.06,0,Push
PrizePicks,MLB,127193,Brice Turang,IF,MIL,Runs,1.5,TRUE,N/A,10/3/2026,1:06:36 PM,pre_game,MLB,demon,https://static.prizepicks.com/images/players/MLB/Second_Base_MLB_player_HhIl6lscwSyYMioGrH3lmpf.webp,15370570,0.50,41.39,58.61,0.1,58.61,Under,https://www.freeiconspng.com/img/1934,,Yes,-1.5,6.9,Cubs @ Brewers,2026-09-08T23:40:00Z,Tue 07:40pm,American Family Field,retractable,,-142.000,-142.000,9/8/2026,0.414,,,,No,,,3.5,6.531729141,93.46827086,6.531729141,0.41,,0,,0.94,,0.62,0.5,Push
PrizePicks,MLB,146602,Sal Frelick,OF,MIL,Hitter Strikeouts,1.5,TRUE,N/A,10/3/2026,1:06:36 PM,pre_game,MLB,demon,https://static.prizepicks.com/images/players/MLB/Salvatore_Frelick_MLB_player_BrPHMsUL8EebaOML04XbI50b-450.webp,15370574,,,,,,,,,Yes,-1.5,6.9,Cubs @ Brewers,2026-09-08T23:40:00Z,Tue 07:40pm,American Family Field,retractable,,,,,,8/10/2026,10-Day-IL,"Aug 3: Frelick (shoulder) began a hitting progression early last week and started a throwing progression Friday, MLB.com reports.",No,,,5,,,,0,,0,,38,,38,0,Push
PrizePicks,MLB,193538,Jackson Chourio,OF,MIL,Singles,1.5,TRUE,N/A,10/3/2026,1:06:36 PM,pre_game,MLB,demon,https://static.prizepicks.com/images/players/MLB/Jackson_Chourio_MLB_player_Sl90DoV6a5Gc8RtLhi2IlM0Y-450.webp,15370579,,,,,,,,,Yes,-1.5,6.9,Cubs @ Brewers,2026-09-08T23:40:00Z,Tue 07:40pm,American Family Field,retractable,,,,,,,,,No,,,3.5,,,,0,,0,,1.02,,1.02,0,Push
PrizePicks,MLB,193538,Jackson Chourio,OF,MIL,Hits+Runs+RBIs,1.5,TRUE,N/A,10/3/2026,1:06:36 PM,pre_game,MLB,goblin,https://static.prizepicks.com/images/players/MLB/Jackson_Chourio_MLB_player_Sl90DoV6a5Gc8RtLhi2IlM0Y-450.webp,15370586,1.50,54.98,45.02,-2.83,54.98,Over,https://www.freeiconspng.com/img/1934,,Yes,-1.5,6.9,Cubs @ Brewers,2026-09-08T23:40:00Z,Tue 07:40pm,American Family Field,retractable,,-122.000,-122.000,9/8/2026,1.649,,,,No,,,3.5,54.98,45.02,54.98,1.65,,0,,1.02,,1.33,0,Good Bet
PrizePicks,MLB,79873,Luis Campusano,C,SD,Hits,1.5,TRUE,N/A,10/3/2026,1:06:36 PM,pre_game,MLB,demon,https://static.prizepicks.com/images/players/MLB/Luis_Campusano_MLB_player_FBWI0Etl865lMEsAQ51K3hHs-450.webp,15370593,0.50,48.86,51.14,-6.67,51.14,Under,https://www.freeiconspng.com/img/1934,,Yes,-1.5,6.9,Nationals @ Padres,2026-09-09T01:40:00Z,Tue 09:40pm,Petco Park,outdoor,,-105.000,-105.000,,0.489,,,,No,,,3.5,8.676671757,91.32332824,8.676671757,0.49,,0,,0.93,,0.71,0,Push
PrizePicks,MLB,310333,Ty France,IF,SD,Singles,1.5,TRUE,N/A,10/3/2026,1:06:36 PM,pre_game,MLB,demon,https://static.prizepicks.com/images/manual/Ty France.png,15370596,,,,,,,,,Yes,-1.5,6.9,Nationals @ Padres,2026-09-09T01:40:00Z,Tue 09:40pm,Petco Park,outdoor,,,,,,,,,No,,,3.5,,,,0,,0,,1.03,,1.03,0,Push
PrizePicks,MLB,192925,Jake Bauers,IF,MIL,Hits+Runs+RBIs,1.5,TRUE,N/A,10/3/2026,1:06:36 PM,pre_game,MLB,demon,https://static.prizepicks.com/images/players/MLB/Jakob_Bauers_MLB_player_8W8DDUI7d70DLlu7HXuu07x1-450.webp,15370597,1.50,43.08,56.92,-3.08,56.92,Under,https://www.freeiconspng.com/img/1934,,Yes,-1.5,6.9,Cubs @ Brewers,2026-09-08T23:40:00Z,Tue 07:40pm,American Family Field,retractable,,-132.000,-132.000,,1.292,,,,No,,,3.5,43.08,56.92,43.08,1.29,,0,,0.93,,1.11,0,Push
PrizePicks,MLB,193538,Jackson Chourio,OF,MIL,Runs,1.5,TRUE,N/A,10/3/2026,1:06:36 PM,pre_game,MLB,demon,https://static.prizepicks.com/images/players/MLB/Jackson_Chourio_MLB_player_Sl90DoV6a5Gc8RtLhi2IlM0Y-450.webp,15370601,0.50,48.03,51.97,-7.21,51.97,Under,https://www.freeiconspng.com/img/1934,,Yes,-1.5,6.9,Cubs @ Brewers,2026-09-08T23:40:00Z,Tue 07:40pm,American Family Field,retractable,,-108.000,-108.000,9/8/2026,0.480,,,,No,,,3.5,8.428969941,91.57103006,8.428969941,0.48,,0,,1.02,,0.67,0.5,Push
PrizePicks,MLB,192925,Jake Bauers,IF,MIL,Runs,1.5,TRUE,N/A,10/3/2026,1:06:36 PM,pre_game,MLB,demon,https://static.prizepicks.com/images/players/MLB/Jakob_Bauers_MLB_player_8W8DDUI7d70DLlu7HXuu07x1-450.webp,15370602,0.50,39.18,60.82,0.19,60.82,Under,https://www.freeiconspng.com/img/1934,,Yes,-1.5,6.9,Cubs @ Brewers,2026-09-08T23:40:00Z,Tue 07:40pm,American Family Field,retractable,,-155.000,-155.000,,0.392,,,,No,,,3.5,5.936690638,94.06330936,5.936690638,0.39,,0,,0.93,,0.66,0,Push
PrizePicks,MLB,67595,Jake Cronenworth,IF,SD,RBIs,1.5,TRUE,N/A,10/3/2026,1:06:36 PM,pre_game,MLB,demon,https://static.prizepicks.com/images/players/MLB/Jacob_Cronenworth_MLB_player_lgyr5DPh74DiKkHb5Q5QTOhU-450.webp,15370610,,,,,,,,,Yes,-1.5,6.9,Nationals @ Padres,2026-09-09T01:40:00Z,Tue 09:40pm,Petco Park,outdoor,,,,,,,,,No,,,3.5,,,,0,,0,,0.79,,0.64,0.5,Push
PrizePicks,MLB,193123,Jackson Merrill,OF,SD,Runs,1.5,TRUE,N/A,10/3/2026,1:06:36 PM,pre_game,MLB,demon,https://static.prizepicks.com/images/players/MLB/Jackson_Merrill_MLB_player_woeHd4OzZiuVcuExGBHV3nln-450.webp,15370628,0.50,28.83,71.17,0.24,71.17,Under,https://www.freeiconspng.com/img/1934,,Yes,-1.5,6.9,Nationals @ Padres,2026-09-09T01:40:00Z,Tue 09:40pm,Petco Park,outdoor,,-247.000,-247.000,9/8/2026,0.288,,,,No,,,3.5,3.437187261,96.56281274,3.437187261,0.29,,0,,0.89,,0.56,0.5,Push
PrizePicks,MLB,192359,Joey Ortiz,IF,MIL,Hitter Strikeouts,1.5,TRUE,N/A,10/3/2026,1:06:36 PM,pre_game,MLB,demon,https://static.prizepicks.com/images/players/MLB/Joseph_Ortiz_MLB_player_cgr8ckrMUU3sXrWq6RPRiDI3-450.webp,15370629,,,,,,,,,Yes,-1.5,6.9,Cubs @ Brewers,2026-09-08T23:40:00Z,Tue 07:40pm,American Family Field,retractable,,,,,,,,,No,,,5,,,,0,,0,,82,,82,0,Push
PrizePicks,MLB,67527,Christian Yelich,DH,MIL,Runs,1.5,TRUE,N/A,10/3/2026,1:06:36 PM,pre_game,MLB,demon,https://static.prizepicks.com/images/players/MLB/Christian_Yelich_MLB_player_IiHxuYdRvtSn416BYL5gvPt-450.webp,15370633,0.50,36.2,63.8,0.16,63.8,Under,https://www.freeiconspng.com/img/1934,,Yes,-1.5,6.9,Cubs @ Brewers,2026-09-08T23:40:00Z,Tue 07:40pm,American Family Field,retractable,,-176.000,-176.000,9/8/2026,0.362,,,,No,,,3.5,5.1663415,94.8336585,5.1663415,0.36,,0,,0.82,,0.56,0.5,Push
PrizePicks,MLB,146602,Sal Frelick,OF,MIL,RBIs,1.5,TRUE,N/A,10/3/2026,1:06:36 PM,pre_game,MLB,demon,https://static.prizepicks.com/images/players/MLB/Salvatore_Frelick_MLB_player_BrPHMsUL8EebaOML04XbI50b-450.webp,15370636,,,,,,,,,Yes,-1.5,6.9,Cubs @ Brewers,2026-09-08T23:40:00Z,Tue 07:40pm,American Family Field,retractable,,,,,,8/10/2026,10-Day-IL,"Aug 3: Frelick (shoulder) began a hitting progression early last week and started a throwing progression Friday, MLB.com reports.",No,,,3.5,,,,0,,0,,0.81,,0.81,0,Push
PrizePicks,MLB,139980,Fernando Tatis Jr.,OF,SD,Runs,1.5,TRUE,N/A,10/3/2026,1:06:36 PM,pre_game,MLB,demon,https://static.prizepicks.com/images/players/MLB/Fernando_Tatis_MLB_player_DjhTeFUqteE9JQbqLZdPe4B6-450.webp,15370639,0.50,38.13,61.87,0.18,61.87,Under,https://www.freeiconspng.com/img/1934,,Yes,-1.5,6.9,Nationals @ Padres,2026-09-09T01:40:00Z,Tue 09:40pm,Petco Park,outdoor,,-162.000,-162.000,9/8/2026,0.381,,,,No,,,3.5,5.660944069,94.33905593,5.660944069,0.38,,0,,1.01,,0.63,0.5,Push
PrizePicks,MLB,127193,Brice Turang,IF,MIL,RBIs,1.5,TRUE,N/A,10/3/2026,1:06:36 PM,pre_game,MLB,demon,https://static.prizepicks.com/images/players/MLB/Second_Base_MLB_player_HhIl6lscwSyYMioGrH3lmpf.webp,15370641,,,,,,,,,Yes,-1.5,6.9,Cubs @ Brewers,2026-09-08T23:40:00Z,Tue 07:40pm,American Family Field,retractable,,,,,,,,,No,,,3.5,,,,0,,0,,0.94,,0.72,0.5,Push
PrizePicks,MLB,127196,William Contreras,C,MIL,Singles,1.5,TRUE,N/A,10/3/2026,1:06:36 PM,pre_game,MLB,demon,https://static.prizepicks.com/images/players/MLB/William_Contreras_MLB_player_utOsP58xiT4H1eTJnXgLgfhV-450.webp,15370646,,,,,,,,,Yes,-1.5,6.9,Cubs @ Brewers,2026-09-08T23:40:00Z,Tue 07:40pm,American Family Field,retractable,,,,,,,,,No,,,3.5,,,,0,,0,,0.95,,0.95,0,Push
PrizePicks,MLB,127196,William Contreras,C,MIL,Hitter Strikeouts,1.5,TRUE,N/A,10/3/2026,1:06:36 PM,pre_game,MLB,demon,https://static.prizepicks.com/images/players/MLB/William_Contreras_MLB_player_utOsP58xiT4H1eTJnXgLgfhV-450.webp,15370649,,,,,,,,,Yes,-1.5,6.9,Cubs @ Brewers,2026-09-08T23:40:00Z,Tue 07:40pm,American Family Field,retractable,,,,,,,,,No,,,5,,,,0,,0,,94,,94,0,Push
PrizePicks,MLB,241215,Jacob Misiorowski,P,MIL,Walks Allowed,1.5,TRUE,N/A,10/3/2026,1:06:36 PM,pre_game,MLB,demon,https://static.prizepicks.com/images/players/MLB/Jacob_Misiorowski_MLB_player_VWjwCRlFRLldhHatPV1pS44x-450.webp,15370658,,,,,,,,,Yes,-1.5,6.9,Cubs @ Brewers,2026-09-08T23:40:00Z,Tue 07:40pm,American Family Field,retractable,,,,,,,,,No,,,3.5,,,,0,,0,,96,,48.75,1.5,Push
PrizePicks,MLB,241215,Jacob Misiorowski,P,MIL,Earned Runs Allowed,1.5,TRUE,N/A,10/3/2026,1:06:36 PM,pre_game,MLB,demon,https://static.prizepicks.com/images/players/MLB/Jacob_Misiorowski_MLB_player_VWjwCRlFRLldhHatPV1pS44x-450.webp,15370662,,,,,,,,,Yes,-1.5,6.9,Cubs @ Brewers,2026-09-08T23:40:00Z,Tue 07:40pm,American Family Field,retractable,,,,,,,,,No,,,3.5,,,,0,,0,,96,,48.75,1.5,Push
PrizePicks,MLB,79873,Luis Campusano,C,SD,RBIs,1.5,TRUE,N/A,10/3/2026,1:06:36 PM,pre_game,MLB,demon,https://static.prizepicks.com/images/players/MLB/Luis_Campusano_MLB_player_FBWI0Etl865lMEsAQ51K3hHs-450.webp,15370668,,,,,,,,,Yes,-1.5,6.9,Nationals @ Padres,2026-09-09T01:40:00Z,Tue 09:40pm,Petco Park,outdoor,,,,,,,,,No,,,3.5,,,,0,,0,,0.93,,0.93,0,Push
PrizePicks,MLB,127193,Brice Turang,IF,MIL,Hits+Runs+RBIs,1.5,TRUE,N/A,10/3/2026,1:06:36 PM,pre_game,MLB,standard,https://static.prizepicks.com/images/players/MLB/Second_Base_MLB_player_HhIl6lscwSyYMioGrH3lmpf.webp,15370683,1.50,49.16,50.84,-4.11,50.84,Under,https://www.freeiconspng.com/img/1934,,Yes,-1.5,6.9,Cubs @ Brewers,2026-09-08T23:40:00Z,Tue 07:40pm,American Family Field,retractable,,-103.000,-103.000,9/8/2026,1.475,,,,No,,,3.5,49.16,50.84,50.84,1.47,,0,,0.94,,1.3,0,Push
PrizePicks,MLB,192359,Joey Ortiz,IF,MIL,Hits+Runs+RBIs,1.5,TRUE,N/A,10/3/2026,1:06:36 PM,pre_game,MLB,demon,https://static.prizepicks.com/images/players/MLB/Joseph_Ortiz_MLB_player_cgr8ckrMUU3sXrWq6RPRiDI3-450.webp,15370685,1.50,43.27,56.73,-3.59,56.73,Under,https://www.freeiconspng.com/img/1934,,Yes,-1.5,6.9,Cubs @ Brewers,2026-09-08T23:40:00Z,Tue 07:40pm,American Family Field,retractable,,-131.000,-131.000,9/8/2026,1.298,,,,No,,,3.5,43.27,56.73,43.27,1.3,,0,,0.94,,1.12,0,Push
PrizePicks,MLB,233461,Gavin Sheets,IF,SD,Hitter Strikeouts,1.5,TRUE,N/A,10/3/2026,1:06:36 PM,pre_game,MLB,demon,https://static.prizepicks.com/images/players/MLB/Gavin_Sheets_MLB_player_6VadMiDDFNg7xJ8XQYAqHvfF-450.webp,15370690,,,,,,,,,Yes,-1.5,6.9,Nationals @ Padres,2026-09-09T01:40:00Z,Tue 09:40pm,Petco Park,outdoor,,,,,,,,,No,,,5,,,,0,,0,,85,,85,0,Push
PrizePicks,MLB,192359,Joey Ortiz,IF,MIL,Runs,1.5,TRUE,N/A,10/3/2026,1:06:36 PM,pre_game,MLB,demon,https://static.prizepicks.com/images/players/MLB/Joseph_Ortiz_MLB_player_cgr8ckrMUU3sXrWq6RPRiDI3-450.webp,15370691,0.50,32.33,67.67,0.14,67.67,Under,https://www.freeiconspng.com/img/1934,,Yes,-1.5,6.9,Cubs @ Brewers,2026-09-08T23:40:00Z,Tue 07:40pm,American Family Field,retractable,,-209.000,-209.000,9/8/2026,0.323,,,,No,,,3.5,4.225276579,95.77472342,4.225276579,0.32,,0,,0.94,,0.59,0.5,Push
PrizePicks,MLB,146602,Sal Frelick,OF,MIL,Hits,1.5,TRUE,N/A,10/3/2026,1:06:36 PM,pre_game,MLB,demon,https://static.prizepicks.com/images/players/MLB/Salvatore_Frelick_MLB_player_BrPHMsUL8EebaOML04XbI50b-450.webp,15370699,0.50,51.69,48.31,-9.5,51.69,Over,https://www.freeiconspng.com/img/1934,,Yes,-1.5,6.9,Cubs @ Brewers,2026-09-08T23:40:00Z,Tue 07:40pm,American Family Field,retractable,,-107.000,-107.000,,0.517,8/10/2026,10-Day-IL,"Aug 3: Frelick (shoulder) began a hitting progression early last week and started a throwing progression Friday, MLB.com reports.",No,,,3.5,9.537177554,90.46282245,9.537177554,0.52,,0,,0.81,,0.66,0,Push
PrizePicks,MLB,127196,William Contreras,C,MIL,Runs,1.5,TRUE,N/A,10/3/2026,1:06:36 PM,pre_game,MLB,demon,https://static.prizepicks.com/images/players/MLB/William_Contreras_MLB_player_utOsP58xiT4H1eTJnXgLgfhV-450.webp,15370701,0.50,40.52,59.48,0.3,59.48,Under,https://www.freeiconspng.com/img/1934,,Yes,-1.5,6.9,Cubs @ Brewers,2026-09-08T23:40:00Z,Tue 07:40pm,American Family Field,retractable,,-147.000,-147.000,9/8/2026,0.405,,,,No,,,3.5,6.29516138,93.70483862,6.29516138,0.41,,0,,0.95,,0.62,0.5,Push
PrizePicks,MLB,233461,Gavin Sheets,IF,SD,RBIs,1.5,TRUE,N/A,10/3/2026,1:06:36 PM,pre_game,MLB,demon,https://static.prizepicks.com/images/players/MLB/Gavin_Sheets_MLB_player_6VadMiDDFNg7xJ8XQYAqHvfF-450.webp,15370706,,,,,,,,,Yes,-1.5,6.9,Nationals @ Padres,2026-09-09T01:40:00Z,Tue 09:40pm,Petco Park,outdoor,,,,,,,,,No,,,3.5,,,,0,,0,,0.74,,0.74,0,Push
PrizePicks,MLB,67592,Manny Machado,IF,SD,Runs,1.5,TRUE,N/A,10/3/2026,1:06:36 PM,pre_game,MLB,demon,https://static.prizepicks.com/images/players/MLB/Manuel_Machado_MLB_player_T2qAovSYe7b2PcWthjl1p2RY-450.webp,15370707,0.50,30.26,69.74,,60,Over,https://www.freeiconspng.com/img/1934,,Yes,-1.5,6.9,Nationals @ Padres,2026-09-09T01:40:00Z,Tue 09:40pm,Petco Park,outdoor,,-150.000,-150.000,9/8/2026,0.303,,,,No,,,3.5,3.751590042,96.24840996,3.751590042,0.3,,0,,0.76,,0.52,0.5,Push
PrizePicks,MLB,127196,William Contreras,C,MIL,Hits+Runs+RBIs,1.5,TRUE,N/A,10/3/2026,1:06:36 PM,pre_game,MLB,standard,https://static.prizepicks.com/images/players/MLB/William_Contreras_MLB_player_utOsP58xiT4H1eTJnXgLgfhV-450.webp,15370713,1.50,50.93,49.07,-3.2,50.93,Over,https://www.freeiconspng.com/img/1934,,Yes,-1.5,6.9,Cubs @ Brewers,2026-09-08T23:40:00Z,Tue 07:40pm,American Family Field,retractable,,-104.000,-104.000,9/8/2026,1.528,,,,No,,,3.5,50.93,49.07,50.93,1.53,,0,,0.95,,1.32,0,Good Bet
PrizePicks,MLB,192359,Joey Ortiz,IF,MIL,RBIs,1.5,TRUE,N/A,10/3/2026,1:06:36 PM,pre_game,MLB,demon,https://static.prizepicks.com/images/players/MLB/Joseph_Ortiz_MLB_player_cgr8ckrMUU3sXrWq6RPRiDI3-450.webp,15370714,,,,,,,,,Yes,-1.5,6.9,Cubs @ Brewers,2026-09-08T23:40:00Z,Tue 07:40pm,American Family Field,retractable,,,,,,,,,No,,,3.5,,,,0,,0,,0.94,,0.72,0.5,Push
PrizePicks,MLB,193538,Jackson Chourio,OF,MIL,Hitter Strikeouts,1.5,TRUE,N/A,10/3/2026,1:06:36 PM,pre_game,MLB,demon,https://static.prizepicks.com/images/players/MLB/Jackson_Chourio_MLB_player_Sl90DoV6a5Gc8RtLhi2IlM0Y-450.webp,15370716,,,,,,,,,Yes,-1.5,6.9,Cubs @ Brewers,2026-09-08T23:40:00Z,Tue 07:40pm,American Family Field,retractable,,,,,,,,,No,,,5,,,,0,,0,,134,,134,0,Push
PrizePicks,MLB,233461,Gavin Sheets,IF,SD,Hits,1.5,TRUE,N/A,10/3/2026,1:06:36 PM,pre_game,MLB,demon,https://static.prizepicks.com/images/players/MLB/Gavin_Sheets_MLB_player_6VadMiDDFNg7xJ8XQYAqHvfF-450.webp,15370719,0.50,35.01,64.99,0.08,64.99,Under,https://www.freeiconspng.com/img/1934,,Yes,-1.5,6.9,Nationals @ Padres,2026-09-09T01:40:00Z,Tue 09:40pm,Petco Park,outdoor,,-186.000,-186.000,,0.350,,,,No,,,3.5,4.869574525,95.13042547,4.869574525,0.35,,0,,0.74,,0.55,0,Push
PrizePicks,MLB,67527,Christian Yelich,DH,MIL,Hitter Strikeouts,1.5,TRUE,N/A,10/3/2026,1:06:36 PM,pre_game,MLB,demon,https://static.prizepicks.com/images/players/MLB/Christian_Yelich_MLB_player_IiHxuYdRvtSn416BYL5gvPt-450.webp,15370726,,,,,,,,,Yes,-1.5,6.9,Cubs @ Brewers,2026-09-08T23:40:00Z,Tue 07:40pm,American Family Field,retractable,,,,,,,,,No,,,5,,,,0,,0,,135,,135,0,Push
PrizePicks,MLB,67527,Christian Yelich,DH,MIL,RBIs,1.5,TRUE,N/A,10/3/2026,1:06:36 PM,pre_game,MLB,demon,https://static.prizepicks.com/images/players/MLB/Christian_Yelich_MLB_player_IiHxuYdRvtSn416BYL5gvPt-450.webp,15370728,,,,,,,,,Yes,-1.5,6.9,Cubs @ Brewers,2026-09-08T23:40:00Z,Tue 07:40pm,American Family Field,retractable,,,,,,,,,No,,,3.5,,,,0,,0,,0.82,,0.66,0.5,Push
PrizePicks,MLB,332302,Austin Hays,DH,SD,Total Bases,1.5,TRUE,N/A,10/3/2026,1:06:36 PM,pre_game,MLB,demon,https://static.prizepicks.com/images/manual/Austin Hays.png,15371915,,,,,,,,,Yes,-1.5,6.9,Nationals @ Padres,2026-09-09T01:40:00Z,Tue 09:40pm,Petco Park,outdoor,,,,,,8/4/2026,60-Day-IL,"Jul 17: Hays (calf) will begin a rehab assignment with Triple-A Charlotte on Friday, LaMond Pope of the Chicago Tribune reports.",No,,,3.5,,,,0,,0,,1.11,,1.11,0,Push
PrizePicks,MLB,324013,Cooper Pratt,IF,MIL,Runs,1.5,TRUE,N/A,10/3/2026,1:06:36 PM,pre_game,MLB,demon,https://static.prizepicks.com/images/manual/Cooper Pratt.webp,15372256,,,,,,,,,Yes,-1.5,6.9,Cubs @ Brewers,2026-09-08T23:40:00Z,Tue 07:40pm,American Family Field,retractable,,,,,,,,,No,,,3.5,,,,0,,0,,0.98,,0.74,0.5,Push
PrizePicks,MLB,74159,Garrett Mitchell,OF,MIL,Runs,1.5,TRUE,N/A,10/3/2026,1:06:36 PM,pre_game,MLB,demon,https://static.prizepicks.com/images/players/MLB/Garrett_Mitchell_MLB_player_pKr818qZkrPVIDliSpGPdZQ4-450.webp,15372257,,,,,,,,,Yes,-1.5,6.9,Cubs @ Brewers,2026-09-08T23:40:00Z,Tue 07:40pm,American Family Field,retractable,,,,,,,,,No,,,3.5,,,,0,,0,,0.92,,0.71,0.5,Push
PrizePicks,MLB,324013,Cooper Pratt,IF,MIL,RBIs,1.5,TRUE,N/A,10/3/2026,1:06:36 PM,pre_game,MLB,demon,https://static.prizepicks.com/images/manual/Cooper Pratt.webp,15372260,,,,,,,,,Yes,-1.5,6.9,Cubs @ Brewers,2026-09-08T23:40:00Z,Tue 07:40pm,American Family Field,retractable,,,,,,,,,No,,,3.5,,,,0,,0,,0.98,,0.74,0.5,Push
PrizePicks,MLB,67527,Christian Yelich,DH,MIL,Total Bases,1.5,TRUE,N/A,10/3/2026,1:06:36 PM,pre_game,MLB,demon,https://static.prizepicks.com/images/players/MLB/Christian_Yelich_MLB_player_IiHxuYdRvtSn416BYL5gvPt-450.webp,15372264,,,,,,,,,Yes,-1.5,6.9,Cubs @ Brewers,2026-09-08T23:40:00Z,Tue 07:40pm,American Family Field,retractable,,,,,,,,,No,,,3.5,,,,0,,0,,0.82,,0.66,0.5,Push
PrizePicks,MLB,146602,Sal Frelick,OF,MIL,Runs,1.5,TRUE,N/A,10/3/2026,1:06:36 PM,pre_game,MLB,demon,https://static.prizepicks.com/images/players/MLB/Salvatore_Frelick_MLB_player_BrPHMsUL8EebaOML04XbI50b-450.webp,15372271,0.50,29.46,70.54,0.13,70.54,Under,https://www.freeiconspng.com/img/1934,,Yes,-1.5,6.9,Cubs @ Brewers,2026-09-08T23:40:00Z,Tue 07:40pm,American Family Field,retractable,,-239.000,-239.000,,0.295,8/10/2026,10-Day-IL,"Aug 3: Frelick (shoulder) began a hitting progression early last week and started a throwing progression Friday, MLB.com reports.",No,,,3.5,3.574378151,96.42562185,3.574378151,0.29,,0,,0.81,,0.55,0,Push
PrizePicks,MLB,192925,Jake Bauers,IF,MIL,Walks,1.5,TRUE,N/A,10/3/2026,1:06:36 PM,pre_game,MLB,demon,https://static.prizepicks.com/images/players/MLB/Jakob_Bauers_MLB_player_8W8DDUI7d70DLlu7HXuu07x1-450.webp,15372273,0.50,47.98,52.02,-6.31,52.02,Under,https://www.freeiconspng.com/img/1934,,Yes,-1.5,6.9,Cubs @ Brewers,2026-09-08T23:40:00Z,Tue 07:40pm,American Family Field,retractable,,-108.000,-108.000,,0.480,,,,No,,,3.5,8.414118336,91.58588166,8.414118336,0.48,,0,,0.93,,0.71,0,Push
PrizePicks,MLB,241215,Jacob Misiorowski,P,MIL,Hits Allowed,1.5,TRUE,N/A,10/3/2026,1:06:36 PM,pre_game,MLB,goblin,https://static.prizepicks.com/images/players/MLB/Jacob_Misiorowski_MLB_player_VWjwCRlFRLldhHatPV1pS44x-450.webp,15372794,,,,,,,,,Yes,-1.5,6.9,Cubs @ Brewers,2026-09-08T23:40:00Z,Tue 07:40pm,American Family Field,retractable,,,,,,,,,No,,,3.5,,,,0,,0,,96,,49.75,3.5,Push
PrizePicks,MLB,324013,Cooper Pratt,IF,MIL,Hits+Runs+RBIs,1.5,TRUE,N/A,10/3/2026,1:06:36 PM,pre_game,MLB,demon,https://static.prizepicks.com/images/manual/Cooper Pratt.webp,15374136,,,,,,,,,Yes,-1.5,6.9,Cubs @ Brewers,2026-09-08T23:40:00Z,Tue 07:40pm,American Family Field,retractable,,,,,,,,,No,,,3.5,,,,0,,0,,0.98,,0.98,0,Push
PrizePicks,MLB,327357,Luis Lara,OF,MIL,Runs,1.5,TRUE,N/A,10/3/2026,1:06:36 PM,pre_game,MLB,demon,https://static.prizepicks.com/images/manual/Luis Lara.png,15374139,,,,,,,,,Yes,-1.5,6.9,Cubs @ Brewers,2026-09-08T23:40:00Z,Tue 07:40pm,American Family Field,retractable,,,,,,,,,No,,,3.5,,,,0,,0,,0.86,,0.68,0.5,Push
PrizePicks,MLB,74159,Garrett Mitchell,OF,MIL,Hits+Runs+RBIs,1.5,TRUE,N/A,10/3/2026,1:06:36 PM,pre_game,MLB,demon,https://static.prizepicks.com/images/players/MLB/Garrett_Mitchell_MLB_player_pKr818qZkrPVIDliSpGPdZQ4-450.webp,15374144,,,,,,,,,Yes,-1.5,6.9,Cubs @ Brewers,2026-09-08T23:40:00Z,Tue 07:40pm,American Family Field,retractable,,,,,,,,,No,,,3.5,,,,0,,0,,0.92,,0.92,0,Push
PrizePicks,MLB,327357,Luis Lara,OF,MIL,RBIs,1.5,TRUE,N/A,10/3/2026,1:06:36 PM,pre_game,MLB,demon,https://static.prizepicks.com/images/manual/Luis Lara.png,15374146,,,,,,,,,Yes,-1.5,6.9,Cubs @ Brewers,2026-09-08T23:40:00Z,Tue 07:40pm,American Family Field,retractable,,,,,,,,,No,,,3.5,,,,0,,0,,0.86,,0.68,0.5,Push
PrizePicks,MLB,327357,Luis Lara,OF,MIL,Hits+Runs+RBIs,1.5,TRUE,N/A,10/3/2026,1:06:36 PM,pre_game,MLB,demon,https://static.prizepicks.com/images/manual/Luis Lara.png,15374151,,,,,,,,,Yes,-1.5,6.9,Cubs @ Brewers,2026-09-08T23:40:00Z,Tue 07:40pm,American Family Field,retractable,,,,,,,,,No,,,3.5,,,,0,,0,,0.86,,0.86,0,Push
PrizePicks,MLB,324013,Cooper Pratt,IF,MIL,Singles,1.5,TRUE,N/A,10/3/2026,1:06:36 PM,pre_game,MLB,demon,https://static.prizepicks.com/images/manual/Cooper Pratt.webp,15374391,,,,,,,,,Yes,-1.5,6.9,Cubs @ Brewers,2026-09-08T23:40:00Z,Tue 07:40pm,American Family Field,retractable,,,,,,,,,No,,,3.5,,,,0,,0,,0.98,,0.98,0,Push
PrizePicks,MLB,74159,Garrett Mitchell,OF,MIL,RBIs,1.5,TRUE,N/A,10/3/2026,1:06:36 PM,pre_game,MLB,demon,https://static.prizepicks.com/images/players/MLB/Garrett_Mitchell_MLB_player_pKr818qZkrPVIDliSpGPdZQ4-450.webp,15374460,,,,,,,,,Yes,-1.5,6.9,Cubs @ Brewers,2026-09-08T23:40:00Z,Tue 07:40pm,American Family Field,retractable,,,,,,,,,No,,,3.5,,,,0,,0,,0.92,,0.71,0.5,Push
PrizePicks,MLB,233461,Gavin Sheets,IF,SD,Hits+Runs+RBIs,1.5,TRUE,N/A,10/3/2026,1:06:36 PM,pre_game,MLB,demon,https://static.prizepicks.com/images/players/MLB/Gavin_Sheets_MLB_player_6VadMiDDFNg7xJ8XQYAqHvfF-450.webp,15377323,0.50,40.67,59.33,-5.58,59.33,Under,https://www.freeiconspng.com/img/1934,,Yes,-1.5,6.9,Nationals @ Padres,2026-09-09T01:40:00Z,Tue 09:40pm,Petco Park,outdoor,,-146.000,-146.000,,0.407,,,,No,,,3.5,6.335736686,93.66426331,6.335736686,0.41,,0,,0.74,,0.57,0,Push
PrizePicks,MLB,340351,Ethan Salas,C,SD,Runs,0.5,TRUE,N/A,10/3/2026,1:06:36 PM,pre_game,MLB,demon,https://static.prizepicks.com/images/manual/EthanSalas.webp,15365548,,,,,,,,,Yes,-1.5,6.9,Nationals @ Padres,2026-09-09T01:40:00Z,Tue 09:40pm,Petco Park,outdoor,,,,,,,,,No,,,3.5,,,,0,,0,,0.9,,0.7,0.5,Push
PrizePicks,MLB,67595,Jake Cronenworth,IF,SD,Runs,0.5,TRUE,N/A,10/3/2026,1:06:36 PM,pre_game,MLB,demon,https://static.prizepicks.com/images/players/MLB/Jacob_Cronenworth_MLB_player_lgyr5DPh74DiKkHb5Q5QTOhU-450.webp,15365549,0.50,22.43,77.57,0.04,77.57,Under,https://www.freeiconspng.com/img/1934,,Yes,-1.5,6.9,Nationals @ Padres,2026-09-09T01:40:00Z,Tue 09:40pm,Petco Park,outdoor,,-346.000,-346.000,9/8/2026,0.224,,,,No,,,3.5,22.43,77.57,22.43,0.22,,0,,0.79,,0.5,0.5,Push
PrizePicks,MLB,127196,William Contreras,C,MIL,Hits,0.5,TRUE,N/A,10/3/2026,1:06:36 PM,pre_game,MLB,goblin,https://static.prizepicks.com/images/players/MLB/William_Contreras_MLB_player_utOsP58xiT4H1eTJnXgLgfhV-450.webp,15365550,0.50,62.18,37.82,-6.57,62.18,Over,https://www.freeiconspng.com/img/1934,,Yes,-1.5,6.9,Cubs @ Brewers,2026-09-08T23:40:00Z,Tue 07:40pm,American Family Field,retractable,,-164.000,-164.000,9/8/2026,0.622,,,,No,,,3.5,62.18,37.82,62.18,0.62,,0,,0.95,,0.69,0.5,Good Bet
PrizePicks,MLB,127204,Xander Bogaerts,IF,SD,Runs,0.5,TRUE,N/A,10/3/2026,1:06:36 PM,pre_game,MLB,demon,https://static.prizepicks.com/images/players/MLB/Xander_Bogaerts_MLB_player_SyYOqVCqxykf8J9hjqxLQ6Z3-450.webp,15365551,0.50,26.71,73.29,0.32,73.29,Under,https://www.freeiconspng.com/img/1934,,Yes,-1.5,6.9,Nationals @ Padres,2026-09-09T01:40:00Z,Tue 09:40pm,Petco Park,outdoor,,-274.000,-274.000,9/8/2026,0.267,,,,No,,,3.5,26.71,73.29,26.71,0.27,,0,,0.81,,0.52,0.5,Push
PrizePicks,MLB,338092,Dustin Harris,OF,SD,Stolen Bases,0.5,TRUE,N/A,10/3/2026,1:06:36 PM,pre_game,MLB,demon,https://static.prizepicks.com/images/manual/Dustin Harris.png,15366029,0.50,9.32,90.68,-1.06,90.68,Under,https://www.freeiconspng.com/img/1934,,Yes,-1.5,6.9,Nationals @ Padres,2026-09-09T01:40:00Z,Tue 09:40pm,Petco Park,outdoor,,-973.000,-973.000,9/8/2026,0.093,,,,No,,,3.5,9.32,90.68,9.32,0.09,,0,,1.13,,0.57,0.5,Push
PrizePicks,MLB,193538,Jackson Chourio,OF,MIL,Walks,0.5,TRUE,N/A,10/3/2026,1:06:36 PM,pre_game,MLB,demon,https://static.prizepicks.com/images/players/MLB/Jackson_Chourio_MLB_player_Sl90DoV6a5Gc8RtLhi2IlM0Y-450.webp,15366030,0.50,36.4,63.6,-6.99,63.6,Under,https://www.freeiconspng.com/img/1934,,Yes,-1.5,6.9,Cubs @ Brewers,2026-09-08T23:40:00Z,Tue 07:40pm,American Family Field,retractable,,-175.000,-175.000,9/8/2026,0.364,,,,No,,,3.5,36.4,63.6,36.4,0.36,,0,,1.02,,0.63,0.5,Push
PrizePicks,MLB,193538,Jackson Chourio,OF,MIL,Home Runs,0.5,TRUE,N/A,10/3/2026,1:06:36 PM,pre_game,MLB,demon,https://static.prizepicks.com/images/players/MLB/Jackson_Chourio_MLB_player_Sl90DoV6a5Gc8RtLhi2IlM0Y-450.webp,15366031,,,,,1.79,Over,https://www.freeiconspng.com/img/1934,,Yes,-1.5,6.9,Cubs @ Brewers,2026-09-08T23:40:00Z,Tue 07:40pm,American Family Field,retractable,,5487.000,,9/8/2026,0.054,,,,No,,,3.5,40.44168516,59.55831484,40.44168516,0.05,,0,,1.02,,0.52,0.5,Good Bet
PrizePicks,MLB,233461,Gavin Sheets,IF,SD,Walks,0.5,TRUE,N/A,10/3/2026,1:06:36 PM,pre_game,MLB,demon,https://static.prizepicks.com/images/players/MLB/Gavin_Sheets_MLB_player_6VadMiDDFNg7xJ8XQYAqHvfF-450.webp,15366032,0.50,24.9,75.1,-7.51,75.1,Under,https://www.freeiconspng.com/img/1934,,Yes,-1.5,6.9,Nationals @ Padres,2026-09-09T01:40:00Z,Tue 09:40pm,Petco Park,outdoor,,-302.000,-302.000,,0.249,,,,No,,,3.5,24.9,75.1,24.9,0.25,,0,,0.74,,0.5,0,Good Bet
PrizePicks,MLB,127204,Xander Bogaerts,IF,SD,Walks,0.5,TRUE,N/A,10/3/2026,1:06:36 PM,pre_game,MLB,demon,https://static.prizepicks.com/images/players/MLB/Xander_Bogaerts_MLB_player_SyYOqVCqxykf8J9hjqxLQ6Z3-450.webp,15366033,0.50,33.17,66.83,-6.85,66.83,Under,https://www.freeiconspng.com/img/1934,,Yes,-1.5,6.9,Nationals @ Padres,2026-09-09T01:40:00Z,Tue 09:40pm,Petco Park,outdoor,,-201.000,-201.000,9/8/2026,0.332,,,,No,,,3.5,33.17,66.83,33.17,0.33,,0,,0.81,,0.55,0.5,Push
PrizePicks,MLB,67527,Christian Yelich,DH,MIL,Walks,0.5,TRUE,N/A,10/3/2026,1:06:36 PM,pre_game,MLB,demon,https://static.prizepicks.com/images/players/MLB/Christian_Yelich_MLB_player_IiHxuYdRvtSn416BYL5gvPt-450.webp,15366034,0.50,40.82,59.18,-6.34,59.18,Under,https://www.freeiconspng.com/img/1934,,Yes,-1.5,6.9,Cubs @ Brewers,2026-09-08T23:40:00Z,Tue 07:40pm,American Family Field,retractable,,-145.000,-145.000,9/8/2026,0.408,,,,No,,,3.5,40.82,59.18,40.82,0.41,,0,,0.82,,0.58,0.5,Push
PrizePicks,MLB,146602,Sal Frelick,OF,MIL,Hits,0.5,TRUE,N/A,10/3/2026,1:06:36 PM,pre_game,MLB,standard,https://static.prizepicks.com/images/players/MLB/Salvatore_Frelick_MLB_player_BrPHMsUL8EebaOML04XbI50b-450.webp,15366035,0.50,51.69,48.31,-9.5,51.69,Over,https://www.freeiconspng.com/img/1934,,Yes,-1.5,6.9,Cubs @ Brewers,2026-09-08T23:40:00Z,Tue 07:40pm,American Family Field,retractable,,-107.000,-107.000,,0.517,8/10/2026,10-Day-IL,"Aug 3: Frelick (shoulder) began a hitting progression early last week and started a throwing progression Friday, MLB.com reports.",No,,,3.5,51.69,48.31,51.69,0.52,,0,,0.81,,0.61,0,Great Bet
PrizePicks,MLB,192359,Joey Ortiz,IF,MIL,Home Runs,0.5,TRUE,N/A,10/3/2026,1:06:36 PM,pre_game,MLB,demon,https://static.prizepicks.com/images/players/MLB/Joseph_Ortiz_MLB_player_cgr8ckrMUU3sXrWq6RPRiDI3-450.webp,15366036,0.50,9.02,90.98,,8.33,Over,https://www.freeiconspng.com/img/1934,,Yes,-1.5,6.9,Cubs @ Brewers,2026-09-08T23:40:00Z,Tue 07:40pm,American Family Field,retractable,,1100.000,1100.000,9/8/2026,0.090,,,,No,,,3.5,9.02,90.98,9.02,0.09,,0,,0.94,,0.51,0.5,Push
PrizePicks,MLB,127193,Brice Turang,IF,MIL,Runs,0.5,TRUE,N/A,10/3/2026,1:06:36 PM,pre_game,MLB,demon,https://static.prizepicks.com/images/players/MLB/Second_Base_MLB_player_HhIl6lscwSyYMioGrH3lmpf.webp,15366037,0.50,41.39,58.61,0.1,58.61,Under,https://www.freeiconspng.com/img/1934,,Yes,-1.5,6.9,Cubs @ Brewers,2026-09-08T23:40:00Z,Tue 07:40pm,American Family Field,retractable,,-142.000,-142.000,9/8/2026,0.414,,,,No,,,3.5,41.39,58.61,41.39,0.41,,0,,0.94,,0.62,0.5,Push
PrizePicks,MLB,67595,Jake Cronenworth,IF,SD,RBIs,0.5,TRUE,N/A,10/3/2026,1:06:36 PM,pre_game,MLB,demon,https://static.prizepicks.com/images/players/MLB/Jacob_Cronenworth_MLB_player_lgyr5DPh74DiKkHb5Q5QTOhU-450.webp,15366038,,,,,,,,,Yes,-1.5,6.9,Nationals @ Padres,2026-09-09T01:40:00Z,Tue 09:40pm,Petco Park,outdoor,,,,,,,,,No,,,3.5,,,,0,,0,,0.79,,0.64,0.5,Push
PrizePicks,MLB,127196,William Contreras,C,MIL,RBIs,0.5,TRUE,N/A,10/3/2026,1:06:36 PM,pre_game,MLB,demon,https://static.prizepicks.com/images/players/MLB/William_Contreras_MLB_player_utOsP58xiT4H1eTJnXgLgfhV-450.webp,15366039,,,,,,,,,Yes,-1.5,6.9,Cubs @ Brewers,2026-09-08T23:40:00Z,Tue 07:40pm,American Family Field,retractable,,,,,,,,,No,,,3.5,,,,0,,0,,0.95,,0.72,0.5,Push
PrizePicks,MLB,127204,Xander Bogaerts,IF,SD,RBIs,0.5,TRUE,N/A,10/3/2026,1:06:36 PM,pre_game,MLB,demon,https://static.prizepicks.com/images/players/MLB/Xander_Bogaerts_MLB_player_SyYOqVCqxykf8J9hjqxLQ6Z3-450.webp,15366040,,,,,,,,,Yes,-1.5,6.9,Nationals @ Padres,2026-09-09T01:40:00Z,Tue 09:40pm,Petco Park,outdoor,,,,,,,,,No,,,3.5,,,,0,,0,,0.81,,0.65,0.5,Push
PrizePicks,MLB,146602,Sal Frelick,OF,MIL,Total Bases,0.5,TRUE,N/A,10/3/2026,1:06:36 PM,pre_game,MLB,standard,https://static.prizepicks.com/images/players/MLB/Salvatore_Frelick_MLB_player_BrPHMsUL8EebaOML04XbI50b-450.webp,15366043,,,,,,,,,Yes,-1.5,6.9,Cubs @ Brewers,2026-09-08T23:40:00Z,Tue 07:40pm,American Family Field,retractable,,,,,,8/10/2026,10-Day-IL,"Aug 3: Frelick (shoulder) began a hitting progression early last week and started a throwing progression Friday, MLB.com reports.",No,,,3.5,,,,0,,0,,0.81,,0.65,0,Push
PrizePicks,MLB,192925,Jake Bauers,IF,MIL,Stolen Bases,0.5,TRUE,N/A,10/3/2026,1:06:36 PM,pre_game,MLB,demon,https://static.prizepicks.com/images/players/MLB/Jakob_Bauers_MLB_player_8W8DDUI7d70DLlu7HXuu07x1-450.webp,15366044,0.50,7.71,92.29,-1.17,92.29,Under,https://www.freeiconspng.com/img/1934,,Yes,-1.5,6.9,Cubs @ Brewers,2026-09-08T23:40:00Z,Tue 07:40pm,American Family Field,retractable,,-1197.000,-1197.000,,0.077,,,,No,,,3.5,7.71,92.29,7.71,0.08,,0,,0.93,,0.5,0,Good Bet
PrizePicks,MLB,127204,Xander Bogaerts,IF,SD,Hits+Runs+RBIs,0.5,TRUE,N/A,10/3/2026,1:06:36 PM,pre_game,MLB,goblin,https://static.prizepicks.com/images/players/MLB/Xander_Bogaerts_MLB_player_SyYOqVCqxykf8J9hjqxLQ6Z3-450.webp,15366374,0.50,57.97,42.03,-3.42,57.97,Over,https://www.freeiconspng.com/img/1934,,Yes,-1.5,6.9,Nationals @ Padres,2026-09-09T01:40:00Z,Tue 09:40pm,Petco Park,outdoor,,-138.000,-138.000,9/8/2026,0.580,,,,No,,,3.5,57.97,42.03,57.97,0.58,,0,,0.81,,0.69,0,Great Bet
PrizePicks,MLB,338092,Dustin Harris,OF,SD,RBIs,0.5,TRUE,N/A,10/3/2026,1:06:36 PM,pre_game,MLB,demon,https://static.prizepicks.com/images/manual/Dustin Harris.png,15366377,,,,,,,,,Yes,-1.5,6.9,Nationals @ Padres,2026-09-09T01:40:00Z,Tue 09:40pm,Petco Park,outdoor,,,,,,,,,No,,,3.5,,,,0,,0,,1.13,,0.81,0.5,Push
PrizePicks,MLB,67592,Manny Machado,IF,SD,Hits,0.5,TRUE,N/A,10/3/2026,1:06:36 PM,pre_game,MLB,goblin,https://static.prizepicks.com/images/players/MLB/Manuel_Machado_MLB_player_T2qAovSYe7b2PcWthjl1p2RY-450.webp,15366379,0.50,55.68,44.32,-6.58,55.68,Over,https://www.freeiconspng.com/img/1934,,Yes,-1.5,6.9,Nationals @ Padres,2026-09-09T01:40:00Z,Tue 09:40pm,Petco Park,outdoor,,-126.000,-126.000,9/8/2026,0.557,,,,No,,,3.5,55.68,44.32,55.68,0.56,,0,,0.76,,0.61,0.5,Good Bet
PrizePicks,MLB,310333,Ty France,IF,SD,Hits,0.5,TRUE,N/A,10/3/2026,1:06:36 PM,pre_game,MLB,goblin,https://static.prizepicks.com/images/manual/Ty France.png,15366380,0.50,56.96,43.04,-6,56.96,Over,https://www.freeiconspng.com/img/1934,,Yes,-1.5,6.9,Nationals @ Padres,2026-09-09T01:40:00Z,Tue 09:40pm,Petco Park,outdoor,,-132.000,-132.000,9/8/2026,0.570,,,,No,,,3.5,56.96,43.04,56.96,0.57,,0,,1.03,,0.7,0.5,Good Bet
PrizePicks,MLB,127204,Xander Bogaerts,IF,SD,Hits,0.5,TRUE,N/A,10/3/2026,1:06:36 PM,pre_game,MLB,standard,https://static.prizepicks.com/images/players/MLB/Xander_Bogaerts_MLB_player_SyYOqVCqxykf8J9hjqxLQ6Z3-450.webp,15366381,0.50,52.25,47.75,-5.2,52.25,Over,https://www.freeiconspng.com/img/1934,,Yes,-1.5,6.9,Nationals @ Padres,2026-09-09T01:40:00Z,Tue 09:40pm,Petco Park,outdoor,,-109.000,-109.000,9/8/2026,0.523,,,,No,,,3.5,52.25,47.75,52.25,0.52,,0,,0.81,,0.58,0.5,Good Bet
PrizePicks,MLB,139980,Fernando Tatis Jr.,OF,SD,Hits,0.5,TRUE,N/A,10/3/2026,1:06:36 PM,pre_game,MLB,goblin,https://static.prizepicks.com/images/players/MLB/Fernando_Tatis_MLB_player_DjhTeFUqteE9JQbqLZdPe4B6-450.webp,15366383,0.50,61.86,38.14,-6.39,61.86,Over,https://www.freeiconspng.com/img/1934,,Yes,-1.5,6.9,Nationals @ Padres,2026-09-09T01:40:00Z,Tue 09:40pm,Petco Park,outdoor,,-162.000,-162.000,9/8/2026,0.619,,,,No,,,3.5,61.86,38.14,61.86,0.62,,0,,1.01,,1.04,1.5,Great Bet
PrizePicks,MLB,233461,Gavin Sheets,IF,SD,Home Runs,0.5,TRUE,N/A,10/3/2026,1:06:36 PM,pre_game,MLB,demon,https://static.prizepicks.com/images/players/MLB/Gavin_Sheets_MLB_player_6VadMiDDFNg7xJ8XQYAqHvfF-450.webp,15367126,0.50,6.68,93.32,0.73,93.32,Under,https://www.freeiconspng.com/img/1934,,Yes,-1.5,6.9,Nationals @ Padres,2026-09-09T01:40:00Z,Tue 09:40pm,Petco Park,outdoor,,-1397.000,-1397.000,,0.067,,,,No,,,3.5,6.68,93.32,6.68,0.07,,0,,0.74,,0.4,0,Good Bet
PrizePicks,MLB,338092,Dustin Harris,OF,SD,Home Runs,0.5,TRUE,N/A,10/3/2026,1:06:36 PM,pre_game,MLB,demon,https://static.prizepicks.com/images/manual/Dustin Harris.png,15367127,0.50,8.38,91.62,,8.33,Over,https://www.freeiconspng.com/img/1934,,Yes,-1.5,6.9,Nationals @ Padres,2026-09-09T01:40:00Z,Tue 09:40pm,Petco Park,outdoor,,1100.000,1100.000,9/8/2026,0.084,,,,No,,,3.5,8.38,91.62,8.38,0.08,,0,,1.13,,0.57,0.5,Push
PrizePicks,MLB,67592,Manny Machado,IF,SD,Runs,0.5,TRUE,N/A,10/3/2026,1:06:36 PM,pre_game,MLB,demon,https://static.prizepicks.com/images/players/MLB/Manuel_Machado_MLB_player_T2qAovSYe7b2PcWthjl1p2RY-450.webp,15367128,0.50,30.26,69.74,,60,Over,https://www.freeiconspng.com/img/1934,,Yes,-1.5,6.9,Nationals @ Padres,2026-09-09T01:40:00Z,Tue 09:40pm,Petco Park,outdoor,,-150.000,-150.000,9/8/2026,0.303,,,,No,,,3.5,30.26,69.74,30.26,0.3,,0,,0.76,,0.52,0.5,Push
PrizePicks,MLB,67592,Manny Machado,IF,SD,Home Runs,0.5,TRUE,N/A,10/3/2026,1:06:36 PM,pre_game,MLB,demon,https://static.prizepicks.com/images/players/MLB/Manuel_Machado_MLB_player_T2qAovSYe7b2PcWthjl1p2RY-450.webp,15367129,,,,,1.64,Over,https://www.freeiconspng.com/img/1934,,Yes,-1.5,6.9,Nationals @ Padres,2026-09-09T01:40:00Z,Tue 09:40pm,Petco Park,outdoor,,5998.000,,9/8/2026,0.049,,,,No,,,3.5,36.39339071,63.60660929,36.39339071,0.05,,0,,0.76,,0.44,0.5,Good Bet
PrizePicks,MLB,338092,Dustin Harris,OF,SD,Walks,0.5,TRUE,N/A,10/3/2026,1:06:36 PM,pre_game,MLB,demon,https://static.prizepicks.com/images/manual/Dustin Harris.png,15367130,0.50,21.96,78.04,-8.26,78.04,Under,https://www.freeiconspng.com/img/1934,,Yes,-1.5,6.9,Nationals @ Padres,2026-09-09T01:40:00Z,Tue 09:40pm,Petco Park,outdoor,,-355.000,-355.000,9/8/2026,0.220,,,,No,,,3.5,21.96,78.04,21.96,0.22,,0,,1.13,,0.62,0.5,Push
PrizePicks,MLB,146602,Sal Frelick,OF,MIL,Home Runs,0.5,TRUE,N/A,10/3/2026,1:06:36 PM,pre_game,MLB,demon,https://static.prizepicks.com/images/players/MLB/Salvatore_Frelick_MLB_player_BrPHMsUL8EebaOML04XbI50b-450.webp,15367131,,,,,,,,,Yes,-1.5,6.9,Cubs @ Brewers,2026-09-08T23:40:00Z,Tue 07:40pm,American Family Field,retractable,,,,,,8/10/2026,10-Day-IL,"Aug 3: Frelick (shoulder) began a hitting progression early last week and started a throwing progression Friday, MLB.com reports.",No,,,3.5,,,,0,,0,,0.81,,0.81,0,Push
PrizePicks,MLB,310333,Ty France,IF,SD,RBIs,0.5,TRUE,N/A,10/3/2026,1:06:36 PM,pre_game,MLB,demon,https://static.prizepicks.com/images/manual/Ty France.png,15367132,,,,,,,,,Yes,-1.5,6.9,Nationals @ Padres,2026-09-09T01:40:00Z,Tue 09:40pm,Petco Park,outdoor,,,,,,,,,No,,,3.5,,,,0,,0,,1.03,,0.77,0.5,Push
PrizePicks,MLB,192359,Joey Ortiz,IF,MIL,Walks,0.5,TRUE,N/A,10/3/2026,1:06:36 PM,pre_game,MLB,demon,https://static.prizepicks.com/images/players/MLB/Joseph_Ortiz_MLB_player_cgr8ckrMUU3sXrWq6RPRiDI3-450.webp,15367133,0.50,30.64,69.36,-7.38,69.36,Under,https://www.freeiconspng.com/img/1934,,Yes,-1.5,6.9,Cubs @ Brewers,2026-09-08T23:40:00Z,Tue 07:40pm,American Family Field,retractable,,-226.000,-226.000,9/8/2026,0.306,,,,No,,,3.5,30.64,69.36,30.64,0.31,,0,,0.94,,0.58,0.5,Push
PrizePicks,MLB,192359,Joey Ortiz,IF,MIL,Stolen Bases,0.5,TRUE,N/A,10/3/2026,1:06:36 PM,pre_game,MLB,demon,https://static.prizepicks.com/images/players/MLB/Joseph_Ortiz_MLB_player_cgr8ckrMUU3sXrWq6RPRiDI3-450.webp,15367135,0.50,9.17,90.83,-0.91,90.83,Under,https://www.freeiconspng.com/img/1934,,Yes,-1.5,6.9,Cubs @ Brewers,2026-09-08T23:40:00Z,Tue 07:40pm,American Family Field,retractable,,-991.000,-991.000,9/8/2026,0.092,,,,No,,,3.5,9.17,90.83,9.17,0.09,,0,,0.94,,0.51,0.5,Push
PrizePicks,MLB,340351,Ethan Salas,C,SD,Hits,0.5,TRUE,N/A,10/3/2026,1:06:36 PM,pre_game,MLB,demon,https://static.prizepicks.com/images/manual/EthanSalas.webp,15367516,0.50,44.29,55.71,-6.55,55.71,Under,https://www.freeiconspng.com/img/1934,,Yes,-1.5,6.9,Nationals @ Padres,2026-09-09T01:40:00Z,Tue 09:40pm,Petco Park,outdoor,,-126.000,-126.000,9/8/2026,0.443,,,,No,,,3.5,44.29,55.71,44.29,0.44,,0,,0.9,,0.61,0.5,Push
PrizePicks,MLB,193123,Jackson Merrill,OF,SD,Hits+Runs+RBIs,0.5,TRUE,N/A,10/3/2026,1:06:36 PM,pre_game,MLB,goblin,https://static.prizepicks.com/images/players/MLB/Jackson_Merrill_MLB_player_woeHd4OzZiuVcuExGBHV3nln-450.webp,15367527,0.50,57.26,42.74,-4.13,57.26,Over,https://www.freeiconspng.com/img/1934,,Yes,-1.5,6.9,Nationals @ Padres,2026-09-09T01:40:00Z,Tue 09:40pm,Petco Park,outdoor,,-134.000,-134.000,9/8/2026,0.573,,,,No,,,3.5,57.26,42.74,57.26,0.57,,0,,0.89,,0.73,0,Great Bet
PrizePicks,MLB,139980,Fernando Tatis Jr.,OF,SD,Hits+Runs+RBIs,0.5,TRUE,N/A,10/3/2026,1:06:36 PM,pre_game,MLB,goblin,https://static.prizepicks.com/images/players/MLB/Fernando_Tatis_MLB_player_DjhTeFUqteE9JQbqLZdPe4B6-450.webp,15367530,1.50,44.32,55.68,-3.5,55.68,Under,https://www.freeiconspng.com/img/1934,,Yes,-1.5,6.9,Nationals @ Padres,2026-09-09T01:40:00Z,Tue 09:40pm,Petco Park,outdoor,,-126.000,-126.000,9/8/2026,1.330,,,,No,,,3.5,68.98782806,31.01217194,68.98782806,1.33,,0,,1.01,,1.17,0,Push
PrizePicks,MLB,67595,Jake Cronenworth,IF,SD,Hits,0.5,TRUE,N/A,10/3/2026,1:06:36 PM,pre_game,MLB,demon,https://static.prizepicks.com/images/players/MLB/Jacob_Cronenworth_MLB_player_lgyr5DPh74DiKkHb5Q5QTOhU-450.webp,15367533,0.50,45.02,54.98,-5.8,54.98,Under,https://www.freeiconspng.com/img/1934,,Yes,-1.5,6.9,Nationals @ Padres,2026-09-09T01:40:00Z,Tue 09:40pm,Petco Park,outdoor,,-122.000,-122.000,9/8/2026,0.450,,,,No,,,3.5,45.02,54.98,45.02,0.45,,0,,0.79,,0.58,0.5,Push
PrizePicks,MLB,338092,Dustin Harris,OF,SD,Hits,0.5,TRUE,N/A,10/3/2026,1:06:36 PM,pre_game,MLB,standard,https://static.prizepicks.com/images/manual/Dustin Harris.png,15367538,0.50,51.38,48.62,-6.95,51.38,Over,https://www.freeiconspng.com/img/1934,,Yes,-1.5,6.9,Nationals @ Padres,2026-09-09T01:40:00Z,Tue 09:40pm,Petco Park,outdoor,,-106.000,-106.000,9/8/2026,0.514,,,,No,,,3.5,51.38,48.62,51.38,0.51,,0,,1.13,,0.66,0.5,Good Bet
PrizePicks,MLB,340351,Ethan Salas,C,SD,Hits+Runs+RBIs,0.5,TRUE,N/A,10/3/2026,1:06:36 PM,pre_game,MLB,demon,https://static.prizepicks.com/images/manual/EthanSalas.webp,15367540,0.50,46.52,53.48,,50.98,Over,https://www.freeiconspng.com/img/1934,,Yes,-1.5,6.9,Nationals @ Padres,2026-09-09T01:40:00Z,Tue 09:40pm,Petco Park,outdoor,,-104.000,-104.000,9/8/2026,0.465,,,,No,,,3.5,46.52,53.48,46.52,0.47,,0,,0.9,,0.68,0,Good Bet
PrizePicks,MLB,338092,Dustin Harris,OF,SD,Hits+Runs+RBIs,0.5,TRUE,N/A,10/3/2026,1:06:36 PM,pre_game,MLB,goblin,https://static.prizepicks.com/images/manual/Dustin Harris.png,15367542,0.50,55.19,44.81,-3.99,55.19,Over,https://www.freeiconspng.com/img/1934,,Yes,-1.5,6.9,Nationals @ Padres,2026-09-09T01:40:00Z,Tue 09:40pm,Petco Park,outdoor,,-123.000,-123.000,9/8/2026,0.552,,,,No,,,3.5,55.19,44.81,55.19,0.55,,0,,1.13,,0.84,0,Great Bet
PrizePicks,MLB,310333,Ty France,IF,SD,Hits+Runs+RBIs,0.5,TRUE,N/A,10/3/2026,1:06:36 PM,pre_game,MLB,goblin,https://static.prizepicks.com/images/manual/Ty France.png,15367548,1.50,39.77,60.23,-4.31,60.23,Under,https://www.freeiconspng.com/img/1934,,Yes,-1.5,6.9,Nationals @ Padres,2026-09-09T01:40:00Z,Tue 09:40pm,Petco Park,outdoor,,-151.000,-151.000,9/8/2026,1.193,,,,No,,,3.5,67.16238256,32.83761744,67.16238256,1.19,,0,,1.03,,1.11,0,Push
PrizePicks,MLB,67595,Jake Cronenworth,IF,SD,Hits+Runs+RBIs,0.5,TRUE,N/A,10/3/2026,1:06:36 PM,pre_game,MLB,standard,https://static.prizepicks.com/images/players/MLB/Jacob_Cronenworth_MLB_player_lgyr5DPh74DiKkHb5Q5QTOhU-450.webp,15367557,0.50,49.6,50.4,-3.52,50.4,Under,https://www.freeiconspng.com/img/1934,,Yes,-1.5,6.9,Nationals @ Padres,2026-09-09T01:40:00Z,Tue 09:40pm,Petco Park,outdoor,,-102.000,-102.000,9/8/2026,0.496,,,,No,,,3.5,49.6,50.4,50.4,0.5,,0,,0.79,,0.6,0,Great Bet
PrizePicks,MLB,67592,Manny Machado,IF,SD,Hits+Runs+RBIs,0.5,TRUE,N/A,10/3/2026,1:06:36 PM,pre_game,MLB,goblin,https://static.prizepicks.com/images/players/MLB/Manuel_Machado_MLB_player_T2qAovSYe7b2PcWthjl1p2RY-450.webp,15367572,1.50,40.4,59.6,-7.07,59.6,Under,https://www.freeiconspng.com/img/1934,,Yes,-1.5,6.9,Nationals @ Padres,2026-09-09T01:40:00Z,Tue 09:40pm,Petco Park,outdoor,,-148.000,-148.000,9/8/2026,1.212,,,,No,,,3.5,62.70480182,37.29519818,62.70480182,1.21,,0,,0.76,,0.99,0,Push
PrizePicks,MLB,192925,Jake Bauers,IF,MIL,Home Runs,0.5,TRUE,N/A,10/3/2026,1:06:36 PM,pre_game,MLB,demon,https://static.prizepicks.com/images/players/MLB/Jakob_Bauers_MLB_player_8W8DDUI7d70DLlu7HXuu07x1-450.webp,15368735,,,,,2.44,Over,https://www.freeiconspng.com/img/1934,,Yes,-1.5,6.9,Cubs @ Brewers,2026-09-08T23:40:00Z,Tue 07:40pm,American Family Field,retractable,,3998.000,,,0.073,,,,No,,,3.5,39.50036863,60.49963137,39.50036863,0.07,,0,,0.93,,0.5,0,Great Bet
PrizePicks,MLB,193123,Jackson Merrill,OF,SD,Home Runs,0.5,TRUE,N/A,10/3/2026,1:06:36 PM,pre_game,MLB,demon,https://static.prizepicks.com/images/players/MLB/Jackson_Merrill_MLB_player_woeHd4OzZiuVcuExGBHV3nln-450.webp,15368736,,,,,1.23,Over,https://www.freeiconspng.com/img/1934,,Yes,-1.5,6.9,Nationals @ Padres,2026-09-09T01:40:00Z,Tue 09:40pm,Petco Park,outdoor,,8030.000,,9/8/2026,0.037,,,,No,,,3.5,38.23914071,61.76085929,38.23914071,0.04,,0,,0.89,,0.48,0.5,Good Bet
PrizePicks,MLB,127193,Brice Turang,IF,MIL,Home Runs,0.5,TRUE,N/A,10/3/2026,1:06:36 PM,pre_game,MLB,demon,https://static.prizepicks.com/images/players/MLB/Second_Base_MLB_player_HhIl6lscwSyYMioGrH3lmpf.webp,15368737,0.50,13.03,86.97,,12.5,Over,https://www.freeiconspng.com/img/1934,,Yes,-1.5,6.9,Cubs @ Brewers,2026-09-08T23:40:00Z,Tue 07:40pm,American Family Field,retractable,,700.000,700.000,9/8/2026,0.130,,,,No,,,3.5,13.03,86.97,13.03,0.13,,0,,0.94,,0.52,0.5,Push
PrizePicks,MLB,127204,Xander Bogaerts,IF,SD,Home Runs,0.5,TRUE,N/A,10/3/2026,1:06:36 PM,pre_game,MLB,demon,https://static.prizepicks.com/images/players/MLB/Xander_Bogaerts_MLB_player_SyYOqVCqxykf8J9hjqxLQ6Z3-450.webp,15368738,0.50,9.97,90.03,,10.53,Over,https://www.freeiconspng.com/img/1934,,Yes,-1.5,6.9,Nationals @ Padres,2026-09-09T01:40:00Z,Tue 09:40pm,Petco Park,outdoor,,850.000,850.000,9/8/2026,0.100,,,,No,,,3.5,9.97,90.03,9.97,0.1,,0,,0.81,,0.47,0.5,Push
PrizePicks,MLB,340351,Ethan Salas,C,SD,Home Runs,0.5,TRUE,N/A,10/3/2026,1:06:36 PM,pre_game,MLB,demon,https://static.prizepicks.com/images/manual/EthanSalas.webp,15368739,0.50,9.91,90.09,,8.33,Over,https://www.freeiconspng.com/img/1934,,Yes,-1.5,6.9,Nationals @ Padres,2026-09-09T01:40:00Z,Tue 09:40pm,Petco Park,outdoor,,1100.000,1100.000,9/8/2026,0.099,,,,No,,,3.5,9.91,90.09,9.91,0.1,,0,,0.9,,0.5,0.5,Push
PrizePicks,MLB,310333,Ty France,IF,SD,Home Runs,0.5,TRUE,N/A,10/3/2026,1:06:36 PM,pre_game,MLB,demon,https://static.prizepicks.com/images/manual/Ty France.png,15368740,0.50,11.75,88.25,,12.5,Over,https://www.freeiconspng.com/img/1934,,Yes,-1.5,6.9,Nationals @ Padres,2026-09-09T01:40:00Z,Tue 09:40pm,Petco Park,outdoor,,700.000,700.000,9/8/2026,0.118,,,,No,,,3.5,11.75,88.25,11.75,0.12,,0,,1.03,,0.55,0.5,Push
PrizePicks,MLB,327357,Luis Lara,OF,MIL,Home Runs,0.5,TRUE,N/A,10/3/2026,1:06:36 PM,pre_game,MLB,demon,https://static.prizepicks.com/images/manual/Luis Lara.png,15368741,0.50,9.92,90.08,,8.33,Over,https://www.freeiconspng.com/img/1934,,Yes,-1.5,6.9,Cubs @ Brewers,2026-09-08T23:40:00Z,Tue 07:40pm,American Family Field,retractable,,1100.000,1100.000,9/8/2026,0.099,,,,No,,,3.5,9.92,90.08,9.92,0.1,,0,,0.86,,0.49,0.5,Push
PrizePicks,MLB,193123,Jackson Merrill,OF,SD,RBIs,0.5,TRUE,N/A,10/3/2026,1:06:36 PM,pre_game,MLB,demon,https://static.prizepicks.com/images/players/MLB/Jackson_Merrill_MLB_player_woeHd4OzZiuVcuExGBHV3nln-450.webp,15368742,,,,,,,,,Yes,-1.5,6.9,Nationals @ Padres,2026-09-09T01:40:00Z,Tue 09:40pm,Petco Park,outdoor,,,,,,,,,No,,,3.5,,,,0,,0,,0.89,,0.7,0.5,Push
PrizePicks,MLB,127196,William Contreras,C,MIL,Home Runs,0.5,TRUE,N/A,10/3/2026,1:06:36 PM,pre_game,MLB,demon,https://static.prizepicks.com/images/players/MLB/William_Contreras_MLB_player_utOsP58xiT4H1eTJnXgLgfhV-450.webp,15368744,,,,,1.41,Over,https://www.freeiconspng.com/img/1934,,Yes,-1.5,6.9,Cubs @ Brewers,2026-09-08T23:40:00Z,Tue 07:40pm,American Family Field,retractable,,6992.000,,9/8/2026,0.042,,,,No,,,3.5,39.17098367,60.82901633,39.17098367,0.04,,0,,0.95,,0.5,0.5,Good Bet
PrizePicks,MLB,127193,Brice Turang,IF,MIL,Hits,0.5,TRUE,N/A,10/3/2026,1:06:36 PM,pre_game,MLB,goblin,https://static.prizepicks.com/images/players/MLB/Second_Base_MLB_player_HhIl6lscwSyYMioGrH3lmpf.webp,15368747,0.50,62.03,37.97,-5.71,62.03,Over,https://www.freeiconspng.com/img/1934,,Yes,-1.5,6.9,Cubs @ Brewers,2026-09-08T23:40:00Z,Tue 07:40pm,American Family Field,retractable,,-163.000,-163.000,9/8/2026,0.620,,,,No,,,3.5,62.03,37.97,62.03,0.62,,0,,0.94,,0.69,0.5,Good Bet
PrizePicks,MLB,139980,Fernando Tatis Jr.,OF,SD,RBIs,0.5,TRUE,N/A,10/3/2026,1:06:36 PM,pre_game,MLB,demon,https://static.prizepicks.com/images/players/MLB/Fernando_Tatis_MLB_player_DjhTeFUqteE9JQbqLZdPe4B6-450.webp,15368748,,,,,,,,,Yes,-1.5,6.9,Nationals @ Padres,2026-09-09T01:40:00Z,Tue 09:40pm,Petco Park,outdoor,,,,,,,,,No,,,3.5,,,,0,,0,,1.01,,0.76,0.5,Push
PrizePicks,MLB,67595,Jake Cronenworth,IF,SD,Home Runs,0.5,TRUE,N/A,10/3/2026,1:06:36 PM,pre_game,MLB,demon,https://static.prizepicks.com/images/players/MLB/Jacob_Cronenworth_MLB_player_lgyr5DPh74DiKkHb5Q5QTOhU-450.webp,15368749,0.50,8.34,91.66,,8.33,Over,https://www.freeiconspng.com/img/1934,,Yes,-1.5,6.9,Nationals @ Padres,2026-09-09T01:40:00Z,Tue 09:40pm,Petco Park,outdoor,,1100.000,1100.000,9/8/2026,0.083,,,,No,,,3.5,8.34,91.66,8.34,0.08,,0,,0.79,,0.46,0.5,Push
PrizePicks,MLB,193538,Jackson Chourio,OF,MIL,Hits,0.5,TRUE,N/A,10/3/2026,1:06:36 PM,pre_game,MLB,goblin,https://static.prizepicks.com/images/players/MLB/Jackson_Chourio_MLB_player_Sl90DoV6a5Gc8RtLhi2IlM0Y-450.webp,15368750,0.50,65.34,34.66,-7.63,65.34,Over,https://www.freeiconspng.com/img/1934,,Yes,-1.5,6.9,Cubs @ Brewers,2026-09-08T23:40:00Z,Tue 07:40pm,American Family Field,retractable,,-189.000,-189.000,9/8/2026,0.653,,,,No,,,3.5,65.34,34.66,65.34,0.65,,0,,1.02,,1.06,1.5,Great Bet
PrizePicks,MLB,67592,Manny Machado,IF,SD,RBIs,0.5,TRUE,N/A,10/3/2026,1:06:36 PM,pre_game,MLB,demon,https://static.prizepicks.com/images/players/MLB/Manuel_Machado_MLB_player_T2qAovSYe7b2PcWthjl1p2RY-450.webp,15368753,,,,,,,,,Yes,-1.5,6.9,Nationals @ Padres,2026-09-09T01:40:00Z,Tue 09:40pm,Petco Park,outdoor,,,,,,,,,No,,,3.5,,,,0,,0,,0.76,,0.63,0.5,Push
PrizePicks,MLB,193123,Jackson Merrill,OF,SD,Total Bases,0.5,TRUE,N/A,10/3/2026,1:06:36 PM,pre_game,MLB,goblin,https://static.prizepicks.com/images/players/MLB/Jackson_Merrill_MLB_player_woeHd4OzZiuVcuExGBHV3nln-450.webp,15368755,,,,,,,,,Yes,-1.5,6.9,Nationals @ Padres,2026-09-09T01:40:00Z,Tue 09:40pm,Petco Park,outdoor,,,,,,,,,No,,,3.5,,,,0,,0,,0.89,,1.2,1.5,Push
PrizePicks,MLB,340351,Ethan Salas,C,SD,Total Bases,0.5,TRUE,N/A,10/3/2026,1:06:36 PM,pre_game,MLB,demon,https://static.prizepicks.com/images/manual/EthanSalas.webp,15368756,,,,,,,,,Yes,-1.5,6.9,Nationals @ Padres,2026-09-09T01:40:00Z,Tue 09:40pm,Petco Park,outdoor,,,,,,,,,No,,,3.5,,,,0,,0,,0.9,,0.7,0.5,Push
PrizePicks,MLB,327357,Luis Lara,OF,MIL,Hits,0.5,TRUE,N/A,10/3/2026,1:06:36 PM,pre_game,MLB,goblin,https://static.prizepicks.com/images/manual/Luis Lara.png,15368757,0.50,58.28,41.72,-7.24,58.28,Over,https://www.freeiconspng.com/img/1934,,Yes,-1.5,6.9,Cubs @ Brewers,2026-09-08T23:40:00Z,Tue 07:40pm,American Family Field,retractable,,-140.000,-140.000,9/8/2026,0.583,,,,No,,,3.5,58.28,41.72,58.28,0.58,,0,,0.86,,0.65,0.5,Good Bet
PrizePicks,MLB,327357,Luis Lara,OF,MIL,Total Bases,0.5,TRUE,N/A,10/3/2026,1:06:36 PM,pre_game,MLB,goblin,https://static.prizepicks.com/images/manual/Luis Lara.png,15368760,,,,,,,,,Yes,-1.5,6.9,Cubs @ Brewers,2026-09-08T23:40:00Z,Tue 07:40pm,American Family Field,retractable,,,,,,,,,No,,,3.5,,,,0,,0,,0.86,,0.68,0.5,Push
PrizePicks,MLB,324013,Cooper Pratt,IF,MIL,Home Runs,0.5,TRUE,N/A,10/3/2026,1:06:36 PM,pre_game,MLB,demon,https://static.prizepicks.com/images/manual/Cooper Pratt.webp,15368761,0.50,9.67,90.33,,9.52,Over,https://www.freeiconspng.com/img/1934,,Yes,-1.5,6.9,Cubs @ Brewers,2026-09-08T23:40:00Z,Tue 07:40pm,American Family Field,retractable,,950.000,950.000,9/8/2026,0.097,,,,No,,,3.5,9.67,90.33,9.67,0.1,,0,,0.98,,0.53,0.5,Push
PrizePicks,MLB,74159,Garrett Mitchell,OF,MIL,Home Runs,0.5,TRUE,N/A,10/3/2026,1:06:36 PM,pre_game,MLB,demon,https://static.prizepicks.com/images/players/MLB/Garrett_Mitchell_MLB_player_pKr818qZkrPVIDliSpGPdZQ4-450.webp,15368762,0.50,12.98,87.02,,12.5,Over,https://www.freeiconspng.com/img/1934,,Yes,-1.5,6.9,Cubs @ Brewers,2026-09-08T23:40:00Z,Tue 07:40pm,American Family Field,retractable,,700.000,700.000,9/8/2026,0.130,,,,No,,,3.5,12.98,87.02,12.98,0.13,,0,,0.92,,0.52,0.5,Push
PrizePicks,MLB,67592,Manny Machado,IF,SD,Total Bases,0.5,TRUE,N/A,10/3/2026,1:06:36 PM,pre_game,MLB,goblin,https://static.prizepicks.com/images/players/MLB/Manuel_Machado_MLB_player_T2qAovSYe7b2PcWthjl1p2RY-450.webp,15368770,,,,,,,,,Yes,-1.5,6.9,Nationals @ Padres,2026-09-09T01:40:00Z,Tue 09:40pm,Petco Park,outdoor,,,,,,,,,No,,,3.5,,,,0,,0,,0.76,,1.13,1.5,Push
PrizePicks,MLB,139980,Fernando Tatis Jr.,OF,SD,Home Runs,0.5,TRUE,N/A,10/3/2026,1:06:36 PM,pre_game,MLB,demon,https://static.prizepicks.com/images/players/MLB/Fernando_Tatis_MLB_player_DjhTeFUqteE9JQbqLZdPe4B6-450.webp,15368774,,,,,1.79,Over,https://www.freeiconspng.com/img/1934,,Yes,-1.5,6.9,Nationals @ Padres,2026-09-09T01:40:00Z,Tue 09:40pm,Petco Park,outdoor,,5487.000,,9/8/2026,0.054,,,,No,,,3.5,40.3347378,59.6652622,40.3347378,0.05,,0,,1.01,,0.52,0.5,Good Bet
PrizePicks,MLB,74159,Garrett Mitchell,OF,MIL,Total Bases,0.5,TRUE,N/A,10/3/2026,1:06:36 PM,pre_game,MLB,goblin,https://static.prizepicks.com/images/players/MLB/Garrett_Mitchell_MLB_player_pKr818qZkrPVIDliSpGPdZQ4-450.webp,15368778,,,,,,,,,Yes,-1.5,6.9,Cubs @ Brewers,2026-09-08T23:40:00Z,Tue 07:40pm,American Family Field,retractable,,,,,,,,,No,,,3.5,,,,0,,0,,0.92,,0.71,0.5,Push
PrizePicks,MLB,192359,Joey Ortiz,IF,MIL,Total Bases,0.5,TRUE,N/A,10/3/2026,1:06:36 PM,pre_game,MLB,goblin,https://static.prizepicks.com/images/players/MLB/Joseph_Ortiz_MLB_player_cgr8ckrMUU3sXrWq6RPRiDI3-450.webp,15368781,,,,,,,,,Yes,-1.5,6.9,Cubs @ Brewers,2026-09-08T23:40:00Z,Tue 07:40pm,American Family Field,retractable,,,,,,,,,No,,,3.5,,,,0,,0,,0.94,,0.72,0.5,Push
PrizePicks,MLB,192359,Joey Ortiz,IF,MIL,Hits,0.5,TRUE,N/A,10/3/2026,1:06:36 PM,pre_game,MLB,goblin,https://static.prizepicks.com/images/players/MLB/Joseph_Ortiz_MLB_player_cgr8ckrMUU3sXrWq6RPRiDI3-450.webp,15368782,0.50,57.91,42.09,-6.38,57.91,Over,https://www.freeiconspng.com/img/1934,,Yes,-1.5,6.9,Cubs @ Brewers,2026-09-08T23:40:00Z,Tue 07:40pm,American Family Field,retractable,,-138.000,-138.000,9/8/2026,0.579,,,,No,,,3.5,57.91,42.09,57.91,0.58,,0,,0.94,,0.67,0.5,Good Bet
PrizePicks,MLB,139980,Fernando Tatis Jr.,OF,SD,Total Bases,0.5,TRUE,N/A,10/3/2026,1:06:36 PM,pre_game,MLB,goblin,https://static.prizepicks.com/images/players/MLB/Fernando_Tatis_MLB_player_DjhTeFUqteE9JQbqLZdPe4B6-450.webp,15368783,,,,,,,,,Yes,-1.5,6.9,Nationals @ Padres,2026-09-09T01:40:00Z,Tue 09:40pm,Petco Park,outdoor,,,,,,,,,No,,,3.5,,,,0,,0,,1.01,,1.26,1.5,Push
PrizePicks,MLB,67595,Jake Cronenworth,IF,SD,Total Bases,0.5,TRUE,N/A,10/3/2026,1:06:36 PM,pre_game,MLB,demon,https://static.prizepicks.com/images/players/MLB/Jacob_Cronenworth_MLB_player_lgyr5DPh74DiKkHb5Q5QTOhU-450.webp,15368786,,,,,,,,,Yes,-1.5,6.9,Nationals @ Padres,2026-09-09T01:40:00Z,Tue 09:40pm,Petco Park,outdoor,,,,,,,,,No,,,3.5,,,,0,,0,,0.79,,0.64,0.5,Push
PrizePicks,MLB,324013,Cooper Pratt,IF,MIL,Total Bases,0.5,TRUE,N/A,10/3/2026,1:06:36 PM,pre_game,MLB,goblin,https://static.prizepicks.com/images/manual/Cooper Pratt.webp,15368787,,,,,,,,,Yes,-1.5,6.9,Cubs @ Brewers,2026-09-08T23:40:00Z,Tue 07:40pm,American Family Field,retractable,,,,,,,,,No,,,3.5,,,,0,,0,,0.98,,0.74,0.5,Push
PrizePicks,MLB,127193,Brice Turang,IF,MIL,Total Bases,0.5,TRUE,N/A,10/3/2026,1:06:36 PM,pre_game,MLB,goblin,https://static.prizepicks.com/images/players/MLB/Second_Base_MLB_player_HhIl6lscwSyYMioGrH3lmpf.webp,15368790,,,,,,,,,Yes,-1.5,6.9,Cubs @ Brewers,2026-09-08T23:40:00Z,Tue 07:40pm,American Family Field,retractable,,,,,,,,,No,,,3.5,,,,0,,0,,0.94,,0.72,0.5,Push
PrizePicks,MLB,192925,Jake Bauers,IF,MIL,Total Bases,0.5,TRUE,N/A,10/3/2026,1:06:36 PM,pre_game,MLB,goblin,https://static.prizepicks.com/images/players/MLB/Jakob_Bauers_MLB_player_8W8DDUI7d70DLlu7HXuu07x1-450.webp,15368795,,,,,,,,,Yes,-1.5,6.9,Cubs @ Brewers,2026-09-08T23:40:00Z,Tue 07:40pm,American Family Field,retractable,,,,,,,,,No,,,3.5,,,,0,,0,,0.93,,0.93,0,Push
PrizePicks,MLB,340351,Ethan Salas,C,SD,RBIs,0.5,TRUE,N/A,10/3/2026,1:06:36 PM,pre_game,MLB,demon,https://static.prizepicks.com/images/manual/EthanSalas.webp,15368796,,,,,,,,,Yes,-1.5,6.9,Nationals @ Padres,2026-09-09T01:40:00Z,Tue 09:40pm,Petco Park,outdoor,,,,,,,,,No,,,3.5,,,,0,,0,,0.9,,0.7,0.5,Push
PrizePicks,MLB,127196,William Contreras,C,MIL,Total Bases,0.5,TRUE,N/A,10/3/2026,1:06:36 PM,pre_game,MLB,goblin,https://static.prizepicks.com/images/players/MLB/William_Contreras_MLB_player_utOsP58xiT4H1eTJnXgLgfhV-450.webp,15368799,,,,,,,,,Yes,-1.5,6.9,Cubs @ Brewers,2026-09-08T23:40:00Z,Tue 07:40pm,American Family Field,retractable,,,,,,,,,No,,,3.5,,,,0,,0,,0.95,,1.22,1.5,Push
PrizePicks,MLB,193123,Jackson Merrill,OF,SD,Hits,0.5,TRUE,N/A,10/3/2026,1:06:36 PM,pre_game,MLB,goblin,https://static.prizepicks.com/images/players/MLB/Jackson_Merrill_MLB_player_woeHd4OzZiuVcuExGBHV3nln-450.webp,15368801,0.50,53.23,46.77,-6.77,53.23,Over,https://www.freeiconspng.com/img/1934,,Yes,-1.5,6.9,Nationals @ Padres,2026-09-09T01:40:00Z,Tue 09:40pm,Petco Park,outdoor,,-114.000,-114.000,9/8/2026,0.532,,,,No,,,3.5,53.23,46.77,53.23,0.53,,0,,0.89,,0.64,0.5,Good Bet
PrizePicks,MLB,193538,Jackson Chourio,OF,MIL,Total Bases,0.5,TRUE,N/A,10/3/2026,1:06:36 PM,pre_game,MLB,goblin,https://static.prizepicks.com/images/players/MLB/Jackson_Chourio_MLB_player_Sl90DoV6a5Gc8RtLhi2IlM0Y-450.webp,15368806,,,,,,,,,Yes,-1.5,6.9,Cubs @ Brewers,2026-09-08T23:40:00Z,Tue 07:40pm,American Family Field,retractable,,,,,,,,,No,,,3.5,,,,0,,0,,1.02,,1.26,1.5,Push
PrizePicks,MLB,324013,Cooper Pratt,IF,MIL,Hits,0.5,TRUE,N/A,10/3/2026,1:06:36 PM,pre_game,MLB,goblin,https://static.prizepicks.com/images/manual/Cooper Pratt.webp,15368807,0.50,58.61,41.39,-6.3,58.61,Over,https://www.freeiconspng.com/img/1934,,Yes,-1.5,6.9,Cubs @ Brewers,2026-09-08T23:40:00Z,Tue 07:40pm,American Family Field,retractable,,-142.000,-142.000,9/8/2026,0.586,,,,No,,,3.5,58.61,41.39,58.61,0.59,,0,,0.98,,0.69,0.5,Good Bet
PrizePicks,MLB,310333,Ty France,IF,SD,Total Bases,0.5,TRUE,N/A,10/3/2026,1:06:36 PM,pre_game,MLB,goblin,https://static.prizepicks.com/images/manual/Ty France.png,15368811,,,,,,,,,Yes,-1.5,6.9,Nationals @ Padres,2026-09-09T01:40:00Z,Tue 09:40pm,Petco Park,outdoor,,,,,,,,,No,,,3.5,,,,0,,0,,1.03,,1.27,1.5,Push
PrizePicks,MLB,74159,Garrett Mitchell,OF,MIL,Hits,0.5,TRUE,N/A,10/3/2026,1:06:36 PM,pre_game,MLB,goblin,https://static.prizepicks.com/images/players/MLB/Garrett_Mitchell_MLB_player_pKr818qZkrPVIDliSpGPdZQ4-450.webp,15368816,0.50,56.72,43.28,-6.24,56.72,Over,https://www.freeiconspng.com/img/1934,,Yes,-1.5,6.9,Cubs @ Brewers,2026-09-08T23:40:00Z,Tue 07:40pm,American Family Field,retractable,,-131.000,-131.000,9/8/2026,0.567,,,,No,,,3.5,56.72,43.28,56.72,0.57,,0,,0.92,,0.66,0.5,Good Bet
PrizePicks,MLB,192925,Jake Bauers,IF,MIL,Hits,0.5,TRUE,N/A,10/3/2026,1:06:36 PM,pre_game,MLB,goblin,https://static.prizepicks.com/images/players/MLB/Jakob_Bauers_MLB_player_8W8DDUI7d70DLlu7HXuu07x1-450.webp,15368818,0.50,58.12,41.88,-4.14,58.12,Over,https://www.freeiconspng.com/img/1934,,Yes,-1.5,6.9,Cubs @ Brewers,2026-09-08T23:40:00Z,Tue 07:40pm,American Family Field,retractable,,-139.000,-139.000,,0.581,,,,No,,,3.5,58.12,41.88,58.12,0.58,,0,,0.93,,0.76,0,Great Bet
PrizePicks,MLB,67527,Christian Yelich,DH,MIL,Home Runs,0.5,TRUE,N/A,10/3/2026,1:06:36 PM,pre_game,MLB,demon,https://static.prizepicks.com/images/players/MLB/Christian_Yelich_MLB_player_IiHxuYdRvtSn416BYL5gvPt-450.webp,15369218,0.50,10.65,89.35,,11.76,Over,https://www.freeiconspng.com/img/1934,,Yes,-1.5,6.9,Cubs @ Brewers,2026-09-08T23:40:00Z,Tue 07:40pm,American Family Field,retractable,,750.000,750.000,9/8/2026,0.107,,,,No,,,3.5,10.65,89.35,10.65,0.11,,0,,0.82,,0.48,0.5,Push
PrizePicks,MLB,332302,Austin Hays,DH,SD,Home Runs,0.5,TRUE,N/A,10/3/2026,1:06:36 PM,pre_game,MLB,demon,https://static.prizepicks.com/images/manual/Austin Hays.png,15369219,0.50,9.97,90.03,,10.53,Over,https://www.freeiconspng.com/img/1934,,Yes,-1.5,6.9,Nationals @ Padres,2026-09-09T01:40:00Z,Tue 09:40pm,Petco Park,outdoor,,850.000,850.000,,0.100,8/4/2026,60-Day-IL,"Jul 17: Hays (calf) will begin a rehab assignment with Triple-A Charlotte on Friday, LaMond Pope of the Chicago Tribune reports.",No,,,3.5,9.97,90.03,9.97,0.1,,0,,1.11,,0.6,0,Good Bet
PrizePicks,MLB,67527,Christian Yelich,DH,MIL,Hits,0.5,TRUE,N/A,10/3/2026,1:06:36 PM,pre_game,MLB,goblin,https://static.prizepicks.com/images/players/MLB/Christian_Yelich_MLB_player_IiHxuYdRvtSn416BYL5gvPt-450.webp,15369220,0.50,59.57,40.43,-5.34,59.57,Over,https://www.freeiconspng.com/img/1934,,Yes,-1.5,6.9,Cubs @ Brewers,2026-09-08T23:40:00Z,Tue 07:40pm,American Family Field,retractable,,-147.000,-147.000,9/8/2026,0.596,,,,No,,,3.5,59.57,40.43,59.57,0.6,,0,,0.82,,0.64,0.5,Good Bet
PrizePicks,MLB,332302,Austin Hays,DH,SD,RBIs,0.5,TRUE,N/A,10/3/2026,1:06:36 PM,pre_game,MLB,demon,https://static.prizepicks.com/images/manual/Austin Hays.png,15369971,,,,,,,,,Yes,-1.5,6.9,Nationals @ Padres,2026-09-09T01:40:00Z,Tue 09:40pm,Petco Park,outdoor,,,,,,8/4/2026,60-Day-IL,"Jul 17: Hays (calf) will begin a rehab assignment with Triple-A Charlotte on Friday, LaMond Pope of the Chicago Tribune reports.",No,,,3.5,,,,0,,0,,1.11,,1.11,0,Push
PrizePicks,MLB,67592,Manny Machado,IF,SD,Singles,0.5,TRUE,N/A,10/3/2026,1:06:36 PM,pre_game,MLB,demon,https://static.prizepicks.com/images/players/MLB/Manuel_Machado_MLB_player_T2qAovSYe7b2PcWthjl1p2RY-450.webp,15369972,,,,,,,,,Yes,-1.5,6.9,Nationals @ Padres,2026-09-09T01:40:00Z,Tue 09:40pm,Petco Park,outdoor,,,,,,,,,No,,,3.5,,,,0,,0,,0.76,,0.76,0,Push
PrizePicks,MLB,338092,Dustin Harris,OF,SD,Singles,0.5,TRUE,N/A,10/3/2026,1:06:36 PM,pre_game,MLB,demon,https://static.prizepicks.com/images/manual/Dustin Harris.png,15369973,,,,,,,,,Yes,-1.5,6.9,Nationals @ Padres,2026-09-09T01:40:00Z,Tue 09:40pm,Petco Park,outdoor,,,,,,,,,No,,,3.5,,,,0,,0,,1.13,,1.13,0,Push
PrizePicks,MLB,332302,Austin Hays,DH,SD,Hits+Runs+RBIs,0.5,TRUE,N/A,10/3/2026,1:06:36 PM,pre_game,MLB,standard,https://static.prizepicks.com/images/manual/Austin Hays.png,15369975,0.50,50.77,49.23,,56.52,Over,https://www.freeiconspng.com/img/1934,,Yes,-1.5,6.9,Nationals @ Padres,2026-09-09T01:40:00Z,Tue 09:40pm,Petco Park,outdoor,,-130.000,-130.000,,0.508,8/4/2026,60-Day-IL,"Jul 17: Hays (calf) will begin a rehab assignment with Triple-A Charlotte on Friday, LaMond Pope of the Chicago Tribune reports.",No,,,3.5,50.77,49.23,50.77,0.51,,0,,1.11,,0.7,0,Great Bet
PrizePicks,MLB,193123,Jackson Merrill,OF,SD,Runs,0.5,TRUE,N/A,10/3/2026,1:06:36 PM,pre_game,MLB,demon,https://static.prizepicks.com/images/players/MLB/Jackson_Merrill_MLB_player_woeHd4OzZiuVcuExGBHV3nln-450.webp,15369977,0.50,28.83,71.17,0.24,71.17,Under,https://www.freeiconspng.com/img/1934,,Yes,-1.5,6.9,Nationals @ Padres,2026-09-09T01:40:00Z,Tue 09:40pm,Petco Park,outdoor,,-247.000,-247.000,9/8/2026,0.288,,,,No,,,3.5,28.83,71.17,28.83,0.29,,0,,0.89,,0.56,0.5,Push
PrizePicks,MLB,127204,Xander Bogaerts,IF,SD,Singles,0.5,TRUE,N/A,10/3/2026,1:06:36 PM,pre_game,MLB,demon,https://static.prizepicks.com/images/players/MLB/Xander_Bogaerts_MLB_player_SyYOqVCqxykf8J9hjqxLQ6Z3-450.webp,15370550,,,,,,,,,Yes,-1.5,6.9,Nationals @ Padres,2026-09-09T01:40:00Z,Tue 09:40pm,Petco Park,outdoor,,,,,,,,,No,,,3.5,,,,0,,0,,0.81,,0.81,0,Push
PrizePicks,MLB,192925,Jake Bauers,IF,MIL,Runs,0.5,TRUE,N/A,10/3/2026,1:06:36 PM,pre_game,MLB,demon,https://static.prizepicks.com/images/players/MLB/Jakob_Bauers_MLB_player_8W8DDUI7d70DLlu7HXuu07x1-450.webp,15370552,0.50,39.18,60.82,0.19,60.82,Under,https://www.freeiconspng.com/img/1934,,Yes,-1.5,6.9,Cubs @ Brewers,2026-09-08T23:40:00Z,Tue 07:40pm,American Family Field,retractable,,-155.000,-155.000,,0.392,,,,No,,,3.5,39.18,60.82,39.18,0.39,,0,,0.93,,0.66,0,Good Bet
PrizePicks,MLB,192925,Jake Bauers,IF,MIL,Singles,0.5,TRUE,N/A,10/3/2026,1:06:36 PM,pre_game,MLB,demon,https://static.prizepicks.com/images/players/MLB/Jakob_Bauers_MLB_player_8W8DDUI7d70DLlu7HXuu07x1-450.webp,15370554,,,,,,,,,Yes,-1.5,6.9,Cubs @ Brewers,2026-09-08T23:40:00Z,Tue 07:40pm,American Family Field,retractable,,,,,,,,,No,,,3.5,,,,0,,0,,0.93,,0.93,0,Push
PrizePicks,MLB,310333,Ty France,IF,SD,Singles,0.5,TRUE,N/A,10/3/2026,1:06:36 PM,pre_game,MLB,standard,https://static.prizepicks.com/images/manual/Ty France.png,15370555,,,,,,,,,Yes,-1.5,6.9,Nationals @ Padres,2026-09-09T01:40:00Z,Tue 09:40pm,Petco Park,outdoor,,,,,,,,,No,,,3.5,,,,0,,0,,1.03,,0.77,0,Push
PrizePicks,MLB,193538,Jackson Chourio,OF,MIL,Triples,0.5,TRUE,N/A,10/3/2026,1:06:36 PM,pre_game,MLB,demon,https://static.prizepicks.com/images/players/MLB/Jackson_Chourio_MLB_player_Sl90DoV6a5Gc8RtLhi2IlM0Y-450.webp,15370557,,,,,,,,,Yes,-1.5,6.9,Cubs @ Brewers,2026-09-08T23:40:00Z,Tue 07:40pm,American Family Field,retractable,,,,,,,,,No,,,3.5,,,,0,,0,,1.02,,1.02,0,Push
PrizePicks,MLB,338092,Dustin Harris,OF,SD,Triples,0.5,TRUE,N/A,10/3/2026,1:06:36 PM,pre_game,MLB,demon,https://static.prizepicks.com/images/manual/Dustin Harris.png,15370560,,,,,5.56,Over,https://www.freeiconspng.com/img/1934,,Yes,-1.5,6.9,Nationals @ Padres,2026-09-09T01:40:00Z,Tue 09:40pm,Petco Park,outdoor,,1699.000,,9/8/2026,0.056,,,,No,,,3.5,44.66081223,55.33918777,44.66081223,0.06,,0,,1.13,,0.59,0,Great Bet
PrizePicks,MLB,233461,Gavin Sheets,IF,SD,Total Bases,0.5,TRUE,N/A,10/3/2026,1:06:36 PM,pre_game,MLB,demon,https://static.prizepicks.com/images/players/MLB/Gavin_Sheets_MLB_player_6VadMiDDFNg7xJ8XQYAqHvfF-450.webp,15370561,,,,,,,,,Yes,-1.5,6.9,Nationals @ Padres,2026-09-09T01:40:00Z,Tue 09:40pm,Petco Park,outdoor,,,,,,,,,No,,,3.5,,,,0,,0,,0.74,,0.74,0,Push
PrizePicks,MLB,192925,Jake Bauers,IF,MIL,Triples,0.5,TRUE,N/A,10/3/2026,1:06:36 PM,pre_game,MLB,demon,https://static.prizepicks.com/images/players/MLB/Jakob_Bauers_MLB_player_8W8DDUI7d70DLlu7HXuu07x1-450.webp,15370565,,,,,,,,,Yes,-1.5,6.9,Cubs @ Brewers,2026-09-08T23:40:00Z,Tue 07:40pm,American Family Field,retractable,,,,,,,,,No,,,3.5,,,,0,,0,,0.93,,0.93,0,Push
PrizePicks,MLB,127193,Brice Turang,IF,MIL,Triples,0.5,TRUE,N/A,10/3/2026,1:06:36 PM,pre_game,MLB,demon,https://static.prizepicks.com/images/players/MLB/Second_Base_MLB_player_HhIl6lscwSyYMioGrH3lmpf.webp,15370567,,,,,,,,,Yes,-1.5,6.9,Cubs @ Brewers,2026-09-08T23:40:00Z,Tue 07:40pm,American Family Field,retractable,,,,,,,,,No,,,3.5,,,,0,,0,,0.94,,0.94,0,Push
PrizePicks,MLB,192359,Joey Ortiz,IF,MIL,Triples,0.5,TRUE,N/A,10/3/2026,1:06:36 PM,pre_game,MLB,demon,https://static.prizepicks.com/images/players/MLB/Joseph_Ortiz_MLB_player_cgr8ckrMUU3sXrWq6RPRiDI3-450.webp,15370568,,,,,,,,,Yes,-1.5,6.9,Cubs @ Brewers,2026-09-08T23:40:00Z,Tue 07:40pm,American Family Field,retractable,,,,,,,,,No,,,3.5,,,,0,,0,,0.94,,0.94,0,Push
PrizePicks,MLB,67527,Christian Yelich,DH,MIL,Triples,0.5,TRUE,N/A,10/3/2026,1:06:36 PM,pre_game,MLB,demon,https://static.prizepicks.com/images/players/MLB/Christian_Yelich_MLB_player_IiHxuYdRvtSn416BYL5gvPt-450.webp,15370571,,,,,,,,,Yes,-1.5,6.9,Cubs @ Brewers,2026-09-08T23:40:00Z,Tue 07:40pm,American Family Field,retractable,,,,,,,,,No,,,3.5,,,,0,,0,,0.82,,0.82,0,Push
PrizePicks,MLB,139980,Fernando Tatis Jr.,OF,SD,Runs,0.5,TRUE,N/A,10/3/2026,1:06:36 PM,pre_game,MLB,demon,https://static.prizepicks.com/images/players/MLB/Fernando_Tatis_MLB_player_DjhTeFUqteE9JQbqLZdPe4B6-450.webp,15370576,0.50,38.13,61.87,0.18,61.87,Under,https://www.freeiconspng.com/img/1934,,Yes,-1.5,6.9,Nationals @ Padres,2026-09-09T01:40:00Z,Tue 09:40pm,Petco Park,outdoor,,-162.000,-162.000,9/8/2026,0.381,,,,No,,,3.5,38.13,61.87,38.13,0.38,,0,,1.01,,0.63,0.5,Push
PrizePicks,MLB,79873,Luis Campusano,C,SD,Singles,0.5,TRUE,N/A,10/3/2026,1:06:36 PM,pre_game,MLB,demon,https://static.prizepicks.com/images/players/MLB/Luis_Campusano_MLB_player_FBWI0Etl865lMEsAQ51K3hHs-450.webp,15370578,,,,,,,,,Yes,-1.5,6.9,Nationals @ Padres,2026-09-09T01:40:00Z,Tue 09:40pm,Petco Park,outdoor,,,,,,,,,No,,,3.5,,,,0,,0,,0.93,,0.93,0,Push
PrizePicks,MLB,127196,William Contreras,C,MIL,Triples,0.5,TRUE,N/A,10/3/2026,1:06:36 PM,pre_game,MLB,demon,https://static.prizepicks.com/images/players/MLB/William_Contreras_MLB_player_utOsP58xiT4H1eTJnXgLgfhV-450.webp,15370580,,,,,,,,,Yes,-1.5,6.9,Cubs @ Brewers,2026-09-08T23:40:00Z,Tue 07:40pm,American Family Field,retractable,,,,,,,,,No,,,3.5,,,,0,,0,,0.95,,0.95,0,Push
PrizePicks,MLB,146602,Sal Frelick,OF,MIL,Doubles,0.5,TRUE,N/A,10/3/2026,1:06:36 PM,pre_game,MLB,demon,https://static.prizepicks.com/images/players/MLB/Salvatore_Frelick_MLB_player_BrPHMsUL8EebaOML04XbI50b-450.webp,15370581,,,,,,,,,Yes,-1.5,6.9,Cubs @ Brewers,2026-09-08T23:40:00Z,Tue 07:40pm,American Family Field,retractable,,,,,,8/10/2026,10-Day-IL,"Aug 3: Frelick (shoulder) began a hitting progression early last week and started a throwing progression Friday, MLB.com reports.",No,,,3.5,,,,0,,0,,0.81,,0.81,0,Push
PrizePicks,MLB,79873,Luis Campusano,C,SD,Home Runs,0.5,TRUE,N/A,10/3/2026,1:06:36 PM,pre_game,MLB,demon,https://static.prizepicks.com/images/players/MLB/Luis_Campusano_MLB_player_FBWI0Etl865lMEsAQ51K3hHs-450.webp,15370583,0.50,6.36,93.64,0.18,93.64,Under,https://www.freeiconspng.com/img/1934,,Yes,-1.5,6.9,Nationals @ Padres,2026-09-09T01:40:00Z,Tue 09:40pm,Petco Park,outdoor,,-1472.000,-1472.000,,0.064,,,,No,,,3.5,6.36,93.64,6.36,0.06,,0,,0.93,,0.5,0,Good Bet
PrizePicks,MLB,192925,Jake Bauers,IF,MIL,Doubles,0.5,TRUE,N/A,10/3/2026,1:06:36 PM,pre_game,MLB,demon,https://static.prizepicks.com/images/players/MLB/Jakob_Bauers_MLB_player_8W8DDUI7d70DLlu7HXuu07x1-450.webp,15370585,,,,,,,,,Yes,-1.5,6.9,Cubs @ Brewers,2026-09-08T23:40:00Z,Tue 07:40pm,American Family Field,retractable,,,,,,,,,No,,,3.5,,,,0,,0,,0.93,,0.93,0,Push
PrizePicks,MLB,67527,Christian Yelich,DH,MIL,Runs,0.5,TRUE,N/A,10/3/2026,1:06:36 PM,pre_game,MLB,demon,https://static.prizepicks.com/images/players/MLB/Christian_Yelich_MLB_player_IiHxuYdRvtSn416BYL5gvPt-450.webp,15370587,0.50,36.2,63.8,0.16,63.8,Under,https://www.freeiconspng.com/img/1934,,Yes,-1.5,6.9,Cubs @ Brewers,2026-09-08T23:40:00Z,Tue 07:40pm,American Family Field,retractable,,-176.000,-176.000,9/8/2026,0.362,,,,No,,,3.5,36.2,63.8,36.2,0.36,,0,,0.82,,0.56,0.5,Push
PrizePicks,MLB,338092,Dustin Harris,OF,SD,Runs,0.5,TRUE,N/A,10/3/2026,1:06:36 PM,pre_game,MLB,demon,https://static.prizepicks.com/images/manual/Dustin Harris.png,15370588,0.50,25.86,74.14,0.05,74.14,Under,https://www.freeiconspng.com/img/1934,,Yes,-1.5,6.9,Nationals @ Padres,2026-09-09T01:40:00Z,Tue 09:40pm,Petco Park,outdoor,,-287.000,-287.000,9/8/2026,0.259,,,,No,,,3.5,25.86,74.14,25.86,0.26,,0,,1.13,,0.63,0.5,Push
PrizePicks,MLB,127193,Brice Turang,IF,MIL,Walks,0.5,TRUE,N/A,10/3/2026,1:06:36 PM,pre_game,MLB,demon,https://static.prizepicks.com/images/players/MLB/Second_Base_MLB_player_HhIl6lscwSyYMioGrH3lmpf.webp,15370589,0.50,46.23,53.77,-6.23,53.77,Under,https://www.freeiconspng.com/img/1934,,Yes,-1.5,6.9,Cubs @ Brewers,2026-09-08T23:40:00Z,Tue 07:40pm,American Family Field,retractable,,-116.000,-116.000,9/8/2026,0.462,,,,No,,,3.5,46.23,53.77,46.23,0.46,,0,,0.94,,0.63,0.5,Push
PrizePicks,MLB,192359,Joey Ortiz,IF,MIL,Doubles,0.5,TRUE,N/A,10/3/2026,1:06:36 PM,pre_game,MLB,demon,https://static.prizepicks.com/images/players/MLB/Joseph_Ortiz_MLB_player_cgr8ckrMUU3sXrWq6RPRiDI3-450.webp,15370591,,,,,,,,,Yes,-1.5,6.9,Cubs @ Brewers,2026-09-08T23:40:00Z,Tue 07:40pm,American Family Field,retractable,,,,,,,,,No,,,3.5,,,,0,,0,,0.94,,0.94,0,Push
PrizePicks,MLB,67595,Jake Cronenworth,IF,SD,Triples,0.5,TRUE,N/A,10/3/2026,1:06:36 PM,pre_game,MLB,demon,https://static.prizepicks.com/images/players/MLB/Jacob_Cronenworth_MLB_player_lgyr5DPh74DiKkHb5Q5QTOhU-450.webp,15370594,,,,,,,,,Yes,-1.5,6.9,Nationals @ Padres,2026-09-09T01:40:00Z,Tue 09:40pm,Petco Park,outdoor,,,,,,,,,No,,,3.5,,,,0,,0,,0.79,,0.79,0,Push
PrizePicks,MLB,67527,Christian Yelich,DH,MIL,Doubles,0.5,TRUE,N/A,10/3/2026,1:06:36 PM,pre_game,MLB,demon,https://static.prizepicks.com/images/players/MLB/Christian_Yelich_MLB_player_IiHxuYdRvtSn416BYL5gvPt-450.webp,15370595,,,,,,,,,Yes,-1.5,6.9,Cubs @ Brewers,2026-09-08T23:40:00Z,Tue 07:40pm,American Family Field,retractable,,,,,,,,,No,,,3.5,,,,0,,0,,0.82,,0.82,0,Push
PrizePicks,MLB,193123,Jackson Merrill,OF,SD,Doubles,0.5,TRUE,N/A,10/3/2026,1:06:36 PM,pre_game,MLB,demon,https://static.prizepicks.com/images/players/MLB/Jackson_Merrill_MLB_player_woeHd4OzZiuVcuExGBHV3nln-450.webp,15370598,,,,,,,,,Yes,-1.5,6.9,Nationals @ Padres,2026-09-09T01:40:00Z,Tue 09:40pm,Petco Park,outdoor,,,,,,,,,No,,,3.5,,,,0,,0,,0.89,,0.89,0,Push
PrizePicks,MLB,139980,Fernando Tatis Jr.,OF,SD,Singles,0.5,TRUE,N/A,10/3/2026,1:06:36 PM,pre_game,MLB,standard,https://static.prizepicks.com/images/players/MLB/Fernando_Tatis_MLB_player_DjhTeFUqteE9JQbqLZdPe4B6-450.webp,15370599,,,,,,,,,Yes,-1.5,6.9,Nationals @ Padres,2026-09-09T01:40:00Z,Tue 09:40pm,Petco Park,outdoor,,,,,,,,,No,,,3.5,,,,0,,0,,1.01,,0.76,0,Push
PrizePicks,MLB,67592,Manny Machado,IF,SD,Doubles,0.5,TRUE,N/A,10/3/2026,1:06:36 PM,pre_game,MLB,demon,https://static.prizepicks.com/images/players/MLB/Manuel_Machado_MLB_player_T2qAovSYe7b2PcWthjl1p2RY-450.webp,15370603,,,,,16.67,Over,https://www.freeiconspng.com/img/1934,,Yes,-1.5,6.9,Nationals @ Padres,2026-09-09T01:40:00Z,Tue 09:40pm,Petco Park,outdoor,,500.000,,9/8/2026,0.167,,,,No,,,3.5,37.10198638,62.89801362,37.10198638,0.17,,0,,0.76,,0.46,0,Great Bet
PrizePicks,MLB,127193,Brice Turang,IF,MIL,Hitter Strikeouts,0.5,TRUE,N/A,10/3/2026,1:06:36 PM,pre_game,MLB,goblin,https://static.prizepicks.com/images/players/MLB/Second_Base_MLB_player_HhIl6lscwSyYMioGrH3lmpf.webp,15370604,,,,,,,,,Yes,-1.5,6.9,Cubs @ Brewers,2026-09-08T23:40:00Z,Tue 07:40pm,American Family Field,retractable,,,,,,,,,No,,,5,,,,0,,0,,171,,171,0,Push
PrizePicks,MLB,193538,Jackson Chourio,OF,MIL,Doubles,0.5,TRUE,N/A,10/3/2026,1:06:36 PM,pre_game,MLB,demon,https://static.prizepicks.com/images/players/MLB/Jackson_Chourio_MLB_player_Sl90DoV6a5Gc8RtLhi2IlM0Y-450.webp,15370605,,,,,,,,,Yes,-1.5,6.9,Cubs @ Brewers,2026-09-08T23:40:00Z,Tue 07:40pm,American Family Field,retractable,,,,,,,,,No,,,3.5,,,,0,,0,,1.02,,1.02,0,Push
PrizePicks,MLB,193123,Jackson Merrill,OF,SD,Triples,0.5,TRUE,N/A,10/3/2026,1:06:36 PM,pre_game,MLB,demon,https://static.prizepicks.com/images/players/MLB/Jackson_Merrill_MLB_player_woeHd4OzZiuVcuExGBHV3nln-450.webp,15370606,,,,,,,,,Yes,-1.5,6.9,Nationals @ Padres,2026-09-09T01:40:00Z,Tue 09:40pm,Petco Park,outdoor,,,,,,,,,No,,,3.5,,,,0,,0,,0.89,,0.89,0,Push
PrizePicks,MLB,310333,Ty France,IF,SD,Runs,0.5,TRUE,N/A,10/3/2026,1:06:36 PM,pre_game,MLB,demon,https://static.prizepicks.com/images/manual/Ty France.png,15370607,0.50,28.89,71.11,0.18,71.11,Under,https://www.freeiconspng.com/img/1934,,Yes,-1.5,6.9,Nationals @ Padres,2026-09-09T01:40:00Z,Tue 09:40pm,Petco Park,outdoor,,-246.000,-246.000,9/8/2026,0.289,,,,No,,,3.5,28.89,71.11,28.89,0.29,,0,,1.03,,0.61,0.5,Push
PrizePicks,MLB,192359,Joey Ortiz,IF,MIL,Singles,0.5,TRUE,N/A,10/3/2026,1:06:36 PM,pre_game,MLB,standard,https://static.prizepicks.com/images/players/MLB/Joseph_Ortiz_MLB_player_cgr8ckrMUU3sXrWq6RPRiDI3-450.webp,15370608,,,,,,,,,Yes,-1.5,6.9,Cubs @ Brewers,2026-09-08T23:40:00Z,Tue 07:40pm,American Family Field,retractable,,,,,,,,,No,,,3.5,,,,0,,0,,0.94,,0.72,0,Push
PrizePicks,MLB,67595,Jake Cronenworth,IF,SD,Doubles,0.5,TRUE,N/A,10/3/2026,1:06:36 PM,pre_game,MLB,demon,https://static.prizepicks.com/images/players/MLB/Jacob_Cronenworth_MLB_player_lgyr5DPh74DiKkHb5Q5QTOhU-450.webp,15370609,,,,,13.33,Over,https://www.freeiconspng.com/img/1934,,Yes,-1.5,6.9,Nationals @ Padres,2026-09-09T01:40:00Z,Tue 09:40pm,Petco Park,outdoor,,650.000,,9/8/2026,0.133,,,,No,,,3.5,36.94812175,63.05187825,36.94812175,0.13,,0,,0.79,,0.46,0,Great Bet
PrizePicks,MLB,233461,Gavin Sheets,IF,SD,Singles,0.5,TRUE,N/A,10/3/2026,1:06:36 PM,pre_game,MLB,demon,https://static.prizepicks.com/images/players/MLB/Gavin_Sheets_MLB_player_6VadMiDDFNg7xJ8XQYAqHvfF-450.webp,15370611,,,,,,,,,Yes,-1.5,6.9,Nationals @ Padres,2026-09-09T01:40:00Z,Tue 09:40pm,Petco Park,outdoor,,,,,,,,,No,,,3.5,,,,0,,0,,0.74,,0.74,0,Push
PrizePicks,MLB,127204,Xander Bogaerts,IF,SD,Hitter Strikeouts,0.5,TRUE,N/A,10/3/2026,1:06:36 PM,pre_game,MLB,goblin,https://static.prizepicks.com/images/players/MLB/Xander_Bogaerts_MLB_player_SyYOqVCqxykf8J9hjqxLQ6Z3-450.webp,15370613,,,,,,,,,Yes,-1.5,6.9,Nationals @ Padres,2026-09-09T01:40:00Z,Tue 09:40pm,Petco Park,outdoor,,,,,,,,,No,,,5,,,,0,,0,,109,,109,0,Push
PrizePicks,MLB,146602,Sal Frelick,OF,MIL,Triples,0.5,TRUE,N/A,10/3/2026,1:06:36 PM,pre_game,MLB,demon,https://static.prizepicks.com/images/players/MLB/Salvatore_Frelick_MLB_player_BrPHMsUL8EebaOML04XbI50b-450.webp,15370614,,,,,,,,,Yes,-1.5,6.9,Cubs @ Brewers,2026-09-08T23:40:00Z,Tue 07:40pm,American Family Field,retractable,,,,,,8/10/2026,10-Day-IL,"Aug 3: Frelick (shoulder) began a hitting progression early last week and started a throwing progression Friday, MLB.com reports.",No,,,3.5,,,,0,,0,,0.81,,0.81,0,Push
PrizePicks,MLB,338092,Dustin Harris,OF,SD,Hitter Strikeouts,0.5,TRUE,N/A,10/3/2026,1:06:36 PM,pre_game,MLB,goblin,https://static.prizepicks.com/images/manual/Dustin Harris.png,15370615,,,,,,,,,Yes,-1.5,6.9,Nationals @ Padres,2026-09-09T01:40:00Z,Tue 09:40pm,Petco Park,outdoor,,,,,,,,,No,,,5,,,,0,,0,,13,,13,0,Push
PrizePicks,MLB,127196,William Contreras,C,MIL,Doubles,0.5,TRUE,N/A,10/3/2026,1:06:36 PM,pre_game,MLB,demon,https://static.prizepicks.com/images/players/MLB/William_Contreras_MLB_player_utOsP58xiT4H1eTJnXgLgfhV-450.webp,15370617,,,,,,,,,Yes,-1.5,6.9,Cubs @ Brewers,2026-09-08T23:40:00Z,Tue 07:40pm,American Family Field,retractable,,,,,,,,,No,,,3.5,,,,0,,0,,0.95,,0.95,0,Push
PrizePicks,MLB,127204,Xander Bogaerts,IF,SD,Doubles,0.5,TRUE,N/A,10/3/2026,1:06:36 PM,pre_game,MLB,demon,https://static.prizepicks.com/images/players/MLB/Xander_Bogaerts_MLB_player_SyYOqVCqxykf8J9hjqxLQ6Z3-450.webp,15370618,,,,,,,,,Yes,-1.5,6.9,Nationals @ Padres,2026-09-09T01:40:00Z,Tue 09:40pm,Petco Park,outdoor,,,,,,,,,No,,,3.5,,,,0,,0,,0.81,,0.81,0,Push
PrizePicks,MLB,146602,Sal Frelick,OF,MIL,Singles,0.5,TRUE,N/A,10/3/2026,1:06:36 PM,pre_game,MLB,demon,https://static.prizepicks.com/images/players/MLB/Salvatore_Frelick_MLB_player_BrPHMsUL8EebaOML04XbI50b-450.webp,15370620,,,,,,,,,Yes,-1.5,6.9,Cubs @ Brewers,2026-09-08T23:40:00Z,Tue 07:40pm,American Family Field,retractable,,,,,,8/10/2026,10-Day-IL,"Aug 3: Frelick (shoulder) began a hitting progression early last week and started a throwing progression Friday, MLB.com reports.",No,,,3.5,,,,0,,0,,0.81,,0.81,0,Push
PrizePicks,MLB,139980,Fernando Tatis Jr.,OF,SD,Doubles,0.5,TRUE,N/A,10/3/2026,1:06:36 PM,pre_game,MLB,demon,https://static.prizepicks.com/images/players/MLB/Fernando_Tatis_MLB_player_DjhTeFUqteE9JQbqLZdPe4B6-450.webp,15370621,,,,,20,Over,https://www.freeiconspng.com/img/1934,,Yes,-1.5,6.9,Nationals @ Padres,2026-09-09T01:40:00Z,Tue 09:40pm,Petco Park,outdoor,,400.000,,9/8/2026,0.200,,,,No,,,3.5,45.44661461,54.55338539,45.44661461,0.2,,0,,1.01,,0.61,0,Great Bet
PrizePicks,MLB,233461,Gavin Sheets,IF,SD,Doubles,0.5,TRUE,N/A,10/3/2026,1:06:36 PM,pre_game,MLB,demon,https://static.prizepicks.com/images/players/MLB/Gavin_Sheets_MLB_player_6VadMiDDFNg7xJ8XQYAqHvfF-450.webp,15370622,,,,,,,,,Yes,-1.5,6.9,Nationals @ Padres,2026-09-09T01:40:00Z,Tue 09:40pm,Petco Park,outdoor,,,,,,,,,No,,,3.5,,,,0,,0,,0.74,,0.74,0,Push
PrizePicks,MLB,338092,Dustin Harris,OF,SD,Doubles,0.5,TRUE,N/A,10/3/2026,1:06:36 PM,pre_game,MLB,demon,https://static.prizepicks.com/images/manual/Dustin Harris.png,15370623,,,,,14.29,Over,https://www.freeiconspng.com/img/1934,,Yes,-1.5,6.9,Nationals @ Padres,2026-09-09T01:40:00Z,Tue 09:40pm,Petco Park,outdoor,,600.000,,9/8/2026,0.143,,,,No,,,3.5,47.02440705,52.97559295,47.02440705,0.14,,0,,1.13,,0.64,0,Great Bet
PrizePicks,MLB,146602,Sal Frelick,OF,MIL,Hits+Runs+RBIs,0.5,TRUE,N/A,10/3/2026,1:06:36 PM,pre_game,MLB,goblin,https://static.prizepicks.com/images/players/MLB/Salvatore_Frelick_MLB_player_BrPHMsUL8EebaOML04XbI50b-450.webp,15370624,0.50,59.86,40.14,-5.05,59.86,Over,https://www.freeiconspng.com/img/1934,,Yes,-1.5,6.9,Cubs @ Brewers,2026-09-08T23:40:00Z,Tue 07:40pm,American Family Field,retractable,,-149.000,-149.000,,0.599,8/10/2026,10-Day-IL,"Aug 3: Frelick (shoulder) began a hitting progression early last week and started a throwing progression Friday, MLB.com reports.",No,,,3.5,59.86,40.14,59.86,0.6,,0,,0.81,,0.7,0,Great Bet
PrizePicks,MLB,146602,Sal Frelick,OF,MIL,Runs,0.5,TRUE,N/A,10/3/2026,1:06:36 PM,pre_game,MLB,demon,https://static.prizepicks.com/images/players/MLB/Salvatore_Frelick_MLB_player_BrPHMsUL8EebaOML04XbI50b-450.webp,15370625,0.50,29.46,70.54,0.13,70.54,Under,https://www.freeiconspng.com/img/1934,,Yes,-1.5,6.9,Cubs @ Brewers,2026-09-08T23:40:00Z,Tue 07:40pm,American Family Field,retractable,,-239.000,-239.000,,0.295,8/10/2026,10-Day-IL,"Aug 3: Frelick (shoulder) began a hitting progression early last week and started a throwing progression Friday, MLB.com reports.",No,,,3.5,29.46,70.54,29.46,0.29,,0,,0.81,,0.55,0,Good Bet
PrizePicks,MLB,79873,Luis Campusano,C,SD,Runs,0.5,TRUE,N/A,10/3/2026,1:06:36 PM,pre_game,MLB,demon,https://static.prizepicks.com/images/players/MLB/Luis_Campusano_MLB_player_FBWI0Etl865lMEsAQ51K3hHs-450.webp,15370630,0.50,24.05,75.95,0.22,75.95,Under,https://www.freeiconspng.com/img/1934,,Yes,-1.5,6.9,Nationals @ Padres,2026-09-09T01:40:00Z,Tue 09:40pm,Petco Park,outdoor,,-316.000,-316.000,,0.241,,,,No,,,3.5,24.05,75.95,24.05,0.24,,0,,0.93,,0.58,0,Good Bet
PrizePicks,MLB,193538,Jackson Chourio,OF,MIL,Singles,0.5,TRUE,N/A,10/3/2026,1:06:36 PM,pre_game,MLB,goblin,https://static.prizepicks.com/images/players/MLB/Jackson_Chourio_MLB_player_Sl90DoV6a5Gc8RtLhi2IlM0Y-450.webp,15370631,,,,,,,,,Yes,-1.5,6.9,Cubs @ Brewers,2026-09-08T23:40:00Z,Tue 07:40pm,American Family Field,retractable,,,,,,,,,No,,,3.5,,,,0,,0,,1.02,,1.02,0,Push
PrizePicks,MLB,67592,Manny Machado,IF,SD,Walks,0.5,TRUE,N/A,10/3/2026,1:06:36 PM,pre_game,MLB,demon,https://static.prizepicks.com/images/players/MLB/Manuel_Machado_MLB_player_T2qAovSYe7b2PcWthjl1p2RY-450.webp,15370632,0.50,30.7,69.3,-6.6,69.3,Under,https://www.freeiconspng.com/img/1934,,Yes,-1.5,6.9,Nationals @ Padres,2026-09-09T01:40:00Z,Tue 09:40pm,Petco Park,outdoor,,-226.000,-226.000,9/8/2026,0.307,,,,No,,,3.5,30.7,69.3,30.7,0.31,,0,,0.76,,0.52,0.5,Push
PrizePicks,MLB,127193,Brice Turang,IF,MIL,Doubles,0.5,TRUE,N/A,10/3/2026,1:06:36 PM,pre_game,MLB,demon,https://static.prizepicks.com/images/players/MLB/Second_Base_MLB_player_HhIl6lscwSyYMioGrH3lmpf.webp,15370634,,,,,,,,,Yes,-1.5,6.9,Cubs @ Brewers,2026-09-08T23:40:00Z,Tue 07:40pm,American Family Field,retractable,,,,,,,,,No,,,3.5,,,,0,,0,,0.94,,0.94,0,Push
PrizePicks,MLB,127196,William Contreras,C,MIL,Singles,0.5,TRUE,N/A,10/3/2026,1:06:36 PM,pre_game,MLB,standard,https://static.prizepicks.com/images/players/MLB/William_Contreras_MLB_player_utOsP58xiT4H1eTJnXgLgfhV-450.webp,15370635,,,,,,,,,Yes,-1.5,6.9,Cubs @ Brewers,2026-09-08T23:40:00Z,Tue 07:40pm,American Family Field,retractable,,,,,,,,,No,,,3.5,,,,0,,0,,0.95,,0.72,0,Push
PrizePicks,MLB,79873,Luis Campusano,C,SD,Hits+Runs+RBIs,0.5,TRUE,N/A,10/3/2026,1:06:36 PM,pre_game,MLB,standard,https://static.prizepicks.com/images/players/MLB/Luis_Campusano_MLB_player_FBWI0Etl865lMEsAQ51K3hHs-450.webp,15370640,0.50,52.21,47.79,-6.97,52.21,Over,https://www.freeiconspng.com/img/1934,,Yes,-1.5,6.9,Nationals @ Padres,2026-09-09T01:40:00Z,Tue 09:40pm,Petco Park,outdoor,,-109.000,-109.000,,0.522,,,,No,,,3.5,52.21,47.79,52.21,0.52,,0,,0.93,,0.65,0,Great Bet
PrizePicks,MLB,193538,Jackson Chourio,OF,MIL,Hits+Runs+RBIs,0.5,TRUE,N/A,10/3/2026,1:06:36 PM,pre_game,MLB,goblin,https://static.prizepicks.com/images/players/MLB/Jackson_Chourio_MLB_player_Sl90DoV6a5Gc8RtLhi2IlM0Y-450.webp,15370642,1.50,54.98,45.02,-2.83,54.98,Over,https://www.freeiconspng.com/img/1934,,Yes,-1.5,6.9,Cubs @ Brewers,2026-09-08T23:40:00Z,Tue 07:40pm,American Family Field,retractable,,-122.000,-122.000,9/8/2026,1.649,,,,No,,,3.5,73.6651899,26.3348101,73.6651899,1.65,,0,,1.02,,1.33,0,Push
PrizePicks,MLB,233461,Gavin Sheets,IF,SD,Hits+Runs+RBIs,0.5,TRUE,N/A,10/3/2026,1:06:36 PM,pre_game,MLB,demon,https://static.prizepicks.com/images/players/MLB/Gavin_Sheets_MLB_player_6VadMiDDFNg7xJ8XQYAqHvfF-450.webp,15370645,0.50,40.67,59.33,-5.58,59.33,Under,https://www.freeiconspng.com/img/1934,,Yes,-1.5,6.9,Nationals @ Padres,2026-09-09T01:40:00Z,Tue 09:40pm,Petco Park,outdoor,,-146.000,-146.000,,0.407,,,,No,,,3.5,40.67,59.33,40.67,0.41,,0,,0.74,,0.57,0,Good Bet
PrizePicks,MLB,139980,Fernando Tatis Jr.,OF,SD,Walks,0.5,TRUE,N/A,10/3/2026,1:06:36 PM,pre_game,MLB,demon,https://static.prizepicks.com/images/players/MLB/Fernando_Tatis_MLB_player_DjhTeFUqteE9JQbqLZdPe4B6-450.webp,15370650,0.50,35.02,64.98,-6.85,64.98,Under,https://www.freeiconspng.com/img/1934,,Yes,-1.5,6.9,Nationals @ Padres,2026-09-09T01:40:00Z,Tue 09:40pm,Petco Park,outdoor,,-186.000,-186.000,9/8/2026,0.350,,,,No,,,3.5,35.02,64.98,35.02,0.35,,0,,1.01,,0.62,0.5,Push
PrizePicks,MLB,127196,William Contreras,C,MIL,Walks,0.5,TRUE,N/A,10/3/2026,1:06:36 PM,pre_game,MLB,demon,https://static.prizepicks.com/images/players/MLB/William_Contreras_MLB_player_utOsP58xiT4H1eTJnXgLgfhV-450.webp,15370653,0.50,38.78,61.22,-6.52,61.22,Under,https://www.freeiconspng.com/img/1934,,Yes,-1.5,6.9,Cubs @ Brewers,2026-09-08T23:40:00Z,Tue 07:40pm,American Family Field,retractable,,-158.000,-158.000,9/8/2026,0.388,,,,No,,,3.5,38.78,61.22,38.78,0.39,,0,,0.95,,0.61,0.5,Push
PrizePicks,MLB,338092,Dustin Harris,OF,SD,Total Bases,0.5,TRUE,N/A,10/3/2026,1:06:36 PM,pre_game,MLB,standard,https://static.prizepicks.com/images/manual/Dustin Harris.png,15370655,,,,,,,,,Yes,-1.5,6.9,Nationals @ Padres,2026-09-09T01:40:00Z,Tue 09:40pm,Petco Park,outdoor,,,,,,,,,No,,,3.5,,,,0,,0,,1.13,,0.71,0.5,Push
PrizePicks,MLB,241215,Jacob Misiorowski,P,MIL,Walks Allowed,0.5,TRUE,N/A,10/3/2026,1:06:36 PM,pre_game,MLB,goblin,https://static.prizepicks.com/images/players/MLB/Jacob_Misiorowski_MLB_player_VWjwCRlFRLldhHatPV1pS44x-450.webp,15370656,,,,,,,,,Yes,-1.5,6.9,Cubs @ Brewers,2026-09-08T23:40:00Z,Tue 07:40pm,American Family Field,retractable,,,,,,,,,No,,,3.5,,,,0,,0,,96,,48.75,1.5,Push
PrizePicks,MLB,127196,William Contreras,C,MIL,Runs,0.5,TRUE,N/A,10/3/2026,1:06:36 PM,pre_game,MLB,demon,https://static.prizepicks.com/images/players/MLB/William_Contreras_MLB_player_utOsP58xiT4H1eTJnXgLgfhV-450.webp,15370657,0.50,40.52,59.48,0.3,59.48,Under,https://www.freeiconspng.com/img/1934,,Yes,-1.5,6.9,Cubs @ Brewers,2026-09-08T23:40:00Z,Tue 07:40pm,American Family Field,retractable,,-147.000,-147.000,9/8/2026,0.405,,,,No,,,3.5,40.52,59.48,40.52,0.41,,0,,0.95,,0.62,0.5,Push
PrizePicks,MLB,310333,Ty France,IF,SD,Walks,0.5,TRUE,N/A,10/3/2026,1:06:36 PM,pre_game,MLB,demon,https://static.prizepicks.com/images/manual/Ty France.png,15370660,0.50,23.48,76.52,-7.61,76.52,Under,https://www.freeiconspng.com/img/1934,,Yes,-1.5,6.9,Nationals @ Padres,2026-09-09T01:40:00Z,Tue 09:40pm,Petco Park,outdoor,,-326.000,-326.000,9/8/2026,0.235,,,,No,,,3.5,23.48,76.52,23.48,0.23,,0,,1.03,,0.59,0.5,Push
PrizePicks,MLB,310333,Ty France,IF,SD,Doubles,0.5,TRUE,N/A,10/3/2026,1:06:36 PM,pre_game,MLB,demon,https://static.prizepicks.com/images/manual/Ty France.png,15370661,,,,,19.05,Over,https://www.freeiconspng.com/img/1934,,Yes,-1.5,6.9,Nationals @ Padres,2026-09-09T01:40:00Z,Tue 09:40pm,Petco Park,outdoor,,425.000,,9/8/2026,0.191,,,,No,,,3.5,45.78949378,54.21050622,45.78949378,0.19,,0,,1.03,,0.61,0,Great Bet
PrizePicks,MLB,127196,William Contreras,C,MIL,Hits+Runs+RBIs,0.5,TRUE,N/A,10/3/2026,1:06:36 PM,pre_game,MLB,goblin,https://static.prizepicks.com/images/players/MLB/William_Contreras_MLB_player_utOsP58xiT4H1eTJnXgLgfhV-450.webp,15370663,1.50,50.93,49.07,-3.2,50.93,Over,https://www.freeiconspng.com/img/1934,,Yes,-1.5,6.9,Cubs @ Brewers,2026-09-08T23:40:00Z,Tue 07:40pm,American Family Field,retractable,,-104.000,-104.000,9/8/2026,1.528,,,,No,,,3.5,70.97482233,29.02517767,70.97482233,1.53,,0,,0.95,,1.24,0,Push
PrizePicks,MLB,79873,Luis Campusano,C,SD,Total Bases,0.5,TRUE,N/A,10/3/2026,1:06:36 PM,pre_game,MLB,standard,https://static.prizepicks.com/images/players/MLB/Luis_Campusano_MLB_player_FBWI0Etl865lMEsAQ51K3hHs-450.webp,15370665,,,,,,,,,Yes,-1.5,6.9,Nationals @ Padres,2026-09-09T01:40:00Z,Tue 09:40pm,Petco Park,outdoor,,,,,,,,,No,,,3.5,,,,0,,0,,0.93,,0.71,0,Push
PrizePicks,MLB,193538,Jackson Chourio,OF,MIL,RBIs,0.5,TRUE,N/A,10/3/2026,1:06:36 PM,pre_game,MLB,demon,https://static.prizepicks.com/images/players/MLB/Jackson_Chourio_MLB_player_Sl90DoV6a5Gc8RtLhi2IlM0Y-450.webp,15370666,,,,,,,,,Yes,-1.5,6.9,Cubs @ Brewers,2026-09-08T23:40:00Z,Tue 07:40pm,American Family Field,retractable,,,,,,,,,No,,,3.5,,,,0,,0,,1.02,,0.76,0.5,Push
PrizePicks,MLB,79873,Luis Campusano,C,SD,RBIs,0.5,TRUE,N/A,10/3/2026,1:06:36 PM,pre_game,MLB,demon,https://static.prizepicks.com/images/players/MLB/Luis_Campusano_MLB_player_FBWI0Etl865lMEsAQ51K3hHs-450.webp,15370669,,,,,,,,,Yes,-1.5,6.9,Nationals @ Padres,2026-09-09T01:40:00Z,Tue 09:40pm,Petco Park,outdoor,,,,,,,,,No,,,3.5,,,,0,,0,,0.93,,0.93,0,Push
PrizePicks,MLB,79873,Luis Campusano,C,SD,Doubles,0.5,TRUE,N/A,10/3/2026,1:06:36 PM,pre_game,MLB,demon,https://static.prizepicks.com/images/players/MLB/Luis_Campusano_MLB_player_FBWI0Etl865lMEsAQ51K3hHs-450.webp,15370671,,,,,,,,,Yes,-1.5,6.9,Nationals @ Padres,2026-09-09T01:40:00Z,Tue 09:40pm,Petco Park,outdoor,,,,,,,,,No,,,3.5,,,,0,,0,,0.93,,0.93,0,Push
PrizePicks,MLB,79873,Luis Campusano,C,SD,Walks,0.5,TRUE,N/A,10/3/2026,1:06:36 PM,pre_game,MLB,demon,https://static.prizepicks.com/images/players/MLB/Luis_Campusano_MLB_player_FBWI0Etl865lMEsAQ51K3hHs-450.webp,15370674,0.50,26.48,73.52,-7.61,73.52,Under,https://www.freeiconspng.com/img/1934,,Yes,-1.5,6.9,Nationals @ Padres,2026-09-09T01:40:00Z,Tue 09:40pm,Petco Park,outdoor,,-278.000,-278.000,,0.265,,,,No,,,3.5,26.48,73.52,26.48,0.26,,0,,0.93,,0.6,0,Good Bet
PrizePicks,MLB,79873,Luis Campusano,C,SD,Hits,0.5,TRUE,N/A,10/3/2026,1:06:36 PM,pre_game,MLB,standard,https://static.prizepicks.com/images/players/MLB/Luis_Campusano_MLB_player_FBWI0Etl865lMEsAQ51K3hHs-450.webp,15370675,0.50,48.86,51.14,-6.67,51.14,Under,https://www.freeiconspng.com/img/1934,,Yes,-1.5,6.9,Nationals @ Padres,2026-09-09T01:40:00Z,Tue 09:40pm,Petco Park,outdoor,,-105.000,-105.000,,0.489,,,,No,,,3.5,48.86,51.14,51.14,0.49,,0,,0.93,,0.64,0,Great Bet
PrizePicks,MLB,67595,Jake Cronenworth,IF,SD,Singles,0.5,TRUE,N/A,10/3/2026,1:06:36 PM,pre_game,MLB,demon,https://static.prizepicks.com/images/players/MLB/Jacob_Cronenworth_MLB_player_lgyr5DPh74DiKkHb5Q5QTOhU-450.webp,15370676,,,,,,,,,Yes,-1.5,6.9,Nationals @ Padres,2026-09-09T01:40:00Z,Tue 09:40pm,Petco Park,outdoor,,,,,,,,,No,,,3.5,,,,0,,0,,0.79,,0.79,0,Push
PrizePicks,MLB,146602,Sal Frelick,OF,MIL,RBIs,0.5,TRUE,N/A,10/3/2026,1:06:36 PM,pre_game,MLB,demon,https://static.prizepicks.com/images/players/MLB/Salvatore_Frelick_MLB_player_BrPHMsUL8EebaOML04XbI50b-450.webp,15370677,,,,,,,,,Yes,-1.5,6.9,Cubs @ Brewers,2026-09-08T23:40:00Z,Tue 07:40pm,American Family Field,retractable,,,,,,8/10/2026,10-Day-IL,"Aug 3: Frelick (shoulder) began a hitting progression early last week and started a throwing progression Friday, MLB.com reports.",No,,,3.5,,,,0,,0,,0.81,,0.81,0,Push
PrizePicks,MLB,127193,Brice Turang,IF,MIL,Hits+Runs+RBIs,0.5,TRUE,N/A,10/3/2026,1:06:36 PM,pre_game,MLB,goblin,https://static.prizepicks.com/images/players/MLB/Second_Base_MLB_player_HhIl6lscwSyYMioGrH3lmpf.webp,15370678,1.50,49.16,50.84,-4.11,50.84,Under,https://www.freeiconspng.com/img/1934,,Yes,-1.5,6.9,Cubs @ Brewers,2026-09-08T23:40:00Z,Tue 07:40pm,American Family Field,retractable,,-103.000,-103.000,9/8/2026,1.475,,,,No,,,3.5,70.07488719,29.92511281,70.07488719,1.47,,0,,0.94,,1.21,0,Push
PrizePicks,MLB,193123,Jackson Merrill,OF,SD,Singles,0.5,TRUE,N/A,10/3/2026,1:06:36 PM,pre_game,MLB,demon,https://static.prizepicks.com/images/players/MLB/Jackson_Merrill_MLB_player_woeHd4OzZiuVcuExGBHV3nln-450.webp,15370679,,,,,,,,,Yes,-1.5,6.9,Nationals @ Padres,2026-09-09T01:40:00Z,Tue 09:40pm,Petco Park,outdoor,,,,,,,,,No,,,3.5,,,,0,,0,,0.89,,0.89,0,Push
PrizePicks,MLB,310333,Ty France,IF,SD,Hitter Strikeouts,0.5,TRUE,N/A,10/3/2026,1:06:36 PM,pre_game,MLB,goblin,https://static.prizepicks.com/images/manual/Ty France.png,15370680,,,,,,,,,Yes,-1.5,6.9,Nationals @ Padres,2026-09-09T01:40:00Z,Tue 09:40pm,Petco Park,outdoor,,,,,,,,,No,,,5,,,,0,,0,,108,,108,0,Push
PrizePicks,MLB,67527,Christian Yelich,DH,MIL,Total Bases,0.5,TRUE,N/A,10/3/2026,1:06:36 PM,pre_game,MLB,goblin,https://static.prizepicks.com/images/players/MLB/Christian_Yelich_MLB_player_IiHxuYdRvtSn416BYL5gvPt-450.webp,15370682,,,,,,,,,Yes,-1.5,6.9,Cubs @ Brewers,2026-09-08T23:40:00Z,Tue 07:40pm,American Family Field,retractable,,,,,,,,,No,,,3.5,,,,0,,0,,0.82,,0.66,0.5,Push
PrizePicks,MLB,193123,Jackson Merrill,OF,SD,Hitter Strikeouts,0.5,TRUE,N/A,10/3/2026,1:06:36 PM,pre_game,MLB,goblin,https://static.prizepicks.com/images/players/MLB/Jackson_Merrill_MLB_player_woeHd4OzZiuVcuExGBHV3nln-450.webp,15370686,,,,,,,,,Yes,-1.5,6.9,Nationals @ Padres,2026-09-09T01:40:00Z,Tue 09:40pm,Petco Park,outdoor,,,,,,,,,No,,,5,,,,0,,0,,160,,160,0,Push
PrizePicks,MLB,192359,Joey Ortiz,IF,MIL,Hits+Runs+RBIs,0.5,TRUE,N/A,10/3/2026,1:06:36 PM,pre_game,MLB,goblin,https://static.prizepicks.com/images/players/MLB/Joseph_Ortiz_MLB_player_cgr8ckrMUU3sXrWq6RPRiDI3-450.webp,15370687,1.50,43.27,56.73,-3.59,56.73,Under,https://www.freeiconspng.com/img/1934,,Yes,-1.5,6.9,Cubs @ Brewers,2026-09-08T23:40:00Z,Tue 07:40pm,American Family Field,retractable,,-131.000,-131.000,9/8/2026,1.298,,,,No,,,3.5,67.39642083,32.60357917,67.39642083,1.3,,0,,0.94,,1.12,0,Push
PrizePicks,MLB,192359,Joey Ortiz,IF,MIL,RBIs,0.5,TRUE,N/A,10/3/2026,1:06:36 PM,pre_game,MLB,demon,https://static.prizepicks.com/images/players/MLB/Joseph_Ortiz_MLB_player_cgr8ckrMUU3sXrWq6RPRiDI3-450.webp,15370688,,,,,,,,,Yes,-1.5,6.9,Cubs @ Brewers,2026-09-08T23:40:00Z,Tue 07:40pm,American Family Field,retractable,,,,,,,,,No,,,3.5,,,,0,,0,,0.94,,0.72,0.5,Push
PrizePicks,MLB,67527,Christian Yelich,DH,MIL,Singles,0.5,TRUE,N/A,10/3/2026,1:06:36 PM,pre_game,MLB,demon,https://static.prizepicks.com/images/players/MLB/Christian_Yelich_MLB_player_IiHxuYdRvtSn416BYL5gvPt-450.webp,15370692,,,,,,,,,Yes,-1.5,6.9,Cubs @ Brewers,2026-09-08T23:40:00Z,Tue 07:40pm,American Family Field,retractable,,,,,,,,,No,,,3.5,,,,0,,0,,0.82,,0.82,0,Push
PrizePicks,MLB,67527,Christian Yelich,DH,MIL,Hits+Runs+RBIs,0.5,TRUE,N/A,10/3/2026,1:06:36 PM,pre_game,MLB,goblin,https://static.prizepicks.com/images/players/MLB/Christian_Yelich_MLB_player_IiHxuYdRvtSn416BYL5gvPt-450.webp,15370693,1.50,43.34,56.66,-3.66,56.66,Under,https://www.freeiconspng.com/img/1934,,Yes,-1.5,6.9,Cubs @ Brewers,2026-09-08T23:40:00Z,Tue 07:40pm,American Family Field,retractable,,-131.000,-131.000,9/8/2026,1.300,,,,No,,,3.5,65.41896259,34.58103741,65.41896259,1.3,,0,,0.82,,1.06,0,Push
PrizePicks,MLB,192359,Joey Ortiz,IF,MIL,Runs,0.5,TRUE,N/A,10/3/2026,1:06:36 PM,pre_game,MLB,demon,https://static.prizepicks.com/images/players/MLB/Joseph_Ortiz_MLB_player_cgr8ckrMUU3sXrWq6RPRiDI3-450.webp,15370694,0.50,32.33,67.67,0.14,67.67,Under,https://www.freeiconspng.com/img/1934,,Yes,-1.5,6.9,Cubs @ Brewers,2026-09-08T23:40:00Z,Tue 07:40pm,American Family Field,retractable,,-209.000,-209.000,9/8/2026,0.323,,,,No,,,3.5,32.33,67.67,32.33,0.32,,0,,0.94,,0.59,0.5,Push
PrizePicks,MLB,79873,Luis Campusano,C,SD,Hitter Strikeouts,0.5,TRUE,N/A,10/3/2026,1:06:36 PM,pre_game,MLB,goblin,https://static.prizepicks.com/images/players/MLB/Luis_Campusano_MLB_player_FBWI0Etl865lMEsAQ51K3hHs-450.webp,15370696,,,,,,,,,Yes,-1.5,6.9,Nationals @ Padres,2026-09-09T01:40:00Z,Tue 09:40pm,Petco Park,outdoor,,,,,,,,,No,,,5,,,,0,,0,,53,,53,0,Push
PrizePicks,MLB,241215,Jacob Misiorowski,P,MIL,Earned Runs Allowed,0.5,TRUE,N/A,10/3/2026,1:06:36 PM,pre_game,MLB,goblin,https://static.prizepicks.com/images/players/MLB/Jacob_Misiorowski_MLB_player_VWjwCRlFRLldhHatPV1pS44x-450.webp,15370698,,,,,,,,,Yes,-1.5,6.9,Cubs @ Brewers,2026-09-08T23:40:00Z,Tue 07:40pm,American Family Field,retractable,,,,,,,,,No,,,3.5,,,,0,,0,,96,,48.75,1.5,Push
PrizePicks,MLB,192925,Jake Bauers,IF,MIL,RBIs,0.5,TRUE,N/A,10/3/2026,1:06:36 PM,pre_game,MLB,demon,https://static.prizepicks.com/images/players/MLB/Jakob_Bauers_MLB_player_8W8DDUI7d70DLlu7HXuu07x1-450.webp,15370702,,,,,,,,,Yes,-1.5,6.9,Cubs @ Brewers,2026-09-08T23:40:00Z,Tue 07:40pm,American Family Field,retractable,,,,,,,,,No,,,3.5,,,,0,,0,,0.93,,0.93,0,Push
PrizePicks,MLB,127204,Xander Bogaerts,IF,SD,Triples,0.5,TRUE,N/A,10/3/2026,1:06:36 PM,pre_game,MLB,demon,https://static.prizepicks.com/images/players/MLB/Xander_Bogaerts_MLB_player_SyYOqVCqxykf8J9hjqxLQ6Z3-450.webp,15370703,,,,,,,,,Yes,-1.5,6.9,Nationals @ Padres,2026-09-09T01:40:00Z,Tue 09:40pm,Petco Park,outdoor,,,,,,,,,No,,,3.5,,,,0,,0,,0.81,,0.81,0,Push
PrizePicks,MLB,139980,Fernando Tatis Jr.,OF,SD,Triples,0.5,TRUE,N/A,10/3/2026,1:06:36 PM,pre_game,MLB,demon,https://static.prizepicks.com/images/players/MLB/Fernando_Tatis_MLB_player_DjhTeFUqteE9JQbqLZdPe4B6-450.webp,15370704,,,,,,,,,Yes,-1.5,6.9,Nationals @ Padres,2026-09-09T01:40:00Z,Tue 09:40pm,Petco Park,outdoor,,,,,,,,,No,,,3.5,,,,0,,0,,1.01,,1.01,0,Push
PrizePicks,MLB,67595,Jake Cronenworth,IF,SD,Hitter Strikeouts,0.5,TRUE,N/A,10/3/2026,1:06:36 PM,pre_game,MLB,goblin,https://static.prizepicks.com/images/players/MLB/Jacob_Cronenworth_MLB_player_lgyr5DPh74DiKkHb5Q5QTOhU-450.webp,15370705,,,,,,,,,Yes,-1.5,6.9,Nationals @ Padres,2026-09-09T01:40:00Z,Tue 09:40pm,Petco Park,outdoor,,,,,,,,,No,,,5,,,,0,,0,,97,,97,0,Push
PrizePicks,MLB,127193,Brice Turang,IF,MIL,RBIs,0.5,TRUE,N/A,10/3/2026,1:06:36 PM,pre_game,MLB,demon,https://static.prizepicks.com/images/players/MLB/Second_Base_MLB_player_HhIl6lscwSyYMioGrH3lmpf.webp,15370708,,,,,,,,,Yes,-1.5,6.9,Cubs @ Brewers,2026-09-08T23:40:00Z,Tue 07:40pm,American Family Field,retractable,,,,,,,,,No,,,3.5,,,,0,,0,,0.94,,0.72,0.5,Push
PrizePicks,MLB,139980,Fernando Tatis Jr.,OF,SD,Hitter Strikeouts,0.5,TRUE,N/A,10/3/2026,1:06:36 PM,pre_game,MLB,goblin,https://static.prizepicks.com/images/players/MLB/Fernando_Tatis_MLB_player_DjhTeFUqteE9JQbqLZdPe4B6-450.webp,15370712,,,,,,,,,Yes,-1.5,6.9,Nationals @ Padres,2026-09-09T01:40:00Z,Tue 09:40pm,Petco Park,outdoor,,,,,,,,,No,,,5,,,,0,,0,,130,,130,0,Push
PrizePicks,MLB,192925,Jake Bauers,IF,MIL,Hits+Runs+RBIs,0.5,TRUE,N/A,10/3/2026,1:06:36 PM,pre_game,MLB,goblin,https://static.prizepicks.com/images/players/MLB/Jakob_Bauers_MLB_player_8W8DDUI7d70DLlu7HXuu07x1-450.webp,15370717,1.50,43.08,56.92,-3.08,56.92,Under,https://www.freeiconspng.com/img/1934,,Yes,-1.5,6.9,Cubs @ Brewers,2026-09-08T23:40:00Z,Tue 07:40pm,American Family Field,retractable,,-132.000,-132.000,,1.292,,,,No,,,3.5,67.11432108,32.88567892,67.11432108,1.29,,0,,0.93,,1.11,0,Push
PrizePicks,MLB,233461,Gavin Sheets,IF,SD,Hits,0.5,TRUE,N/A,10/3/2026,1:06:36 PM,pre_game,MLB,demon,https://static.prizepicks.com/images/players/MLB/Gavin_Sheets_MLB_player_6VadMiDDFNg7xJ8XQYAqHvfF-450.webp,15370718,0.50,35.01,64.99,0.08,64.99,Under,https://www.freeiconspng.com/img/1934,,Yes,-1.5,6.9,Nationals @ Padres,2026-09-09T01:40:00Z,Tue 09:40pm,Petco Park,outdoor,,-186.000,-186.000,,0.350,,,,No,,,3.5,35.01,64.99,35.01,0.35,,0,,0.74,,0.55,0,Good Bet
PrizePicks,MLB,192925,Jake Bauers,IF,MIL,Hitter Strikeouts,0.5,TRUE,N/A,10/3/2026,1:06:36 PM,pre_game,MLB,goblin,https://static.prizepicks.com/images/players/MLB/Jakob_Bauers_MLB_player_8W8DDUI7d70DLlu7HXuu07x1-450.webp,15370721,,,,,,,,,Yes,-1.5,6.9,Cubs @ Brewers,2026-09-08T23:40:00Z,Tue 07:40pm,American Family Field,retractable,,,,,,,,,No,,,5,,,,0,,0,,156,,156,0,Push
PrizePicks,MLB,233461,Gavin Sheets,IF,SD,RBIs,0.5,TRUE,N/A,10/3/2026,1:06:36 PM,pre_game,MLB,demon,https://static.prizepicks.com/images/players/MLB/Gavin_Sheets_MLB_player_6VadMiDDFNg7xJ8XQYAqHvfF-450.webp,15370722,,,,,,,,,Yes,-1.5,6.9,Nationals @ Padres,2026-09-09T01:40:00Z,Tue 09:40pm,Petco Park,outdoor,,,,,,,,,No,,,3.5,,,,0,,0,,0.74,,0.74,0,Push
PrizePicks,MLB,67592,Manny Machado,IF,SD,Hitter Strikeouts,0.5,TRUE,N/A,10/3/2026,1:06:36 PM,pre_game,MLB,goblin,https://static.prizepicks.com/images/players/MLB/Manuel_Machado_MLB_player_T2qAovSYe7b2PcWthjl1p2RY-450.webp,15370724,,,,,,,,,Yes,-1.5,6.9,Nationals @ Padres,2026-09-09T01:40:00Z,Tue 09:40pm,Petco Park,outdoor,,,,,,,,,No,,,5,,,,0,,0,,144,,144,0,Push
PrizePicks,MLB,146602,Sal Frelick,OF,MIL,Walks,0.5,TRUE,N/A,10/3/2026,1:06:36 PM,pre_game,MLB,demon,https://static.prizepicks.com/images/players/MLB/Salvatore_Frelick_MLB_player_BrPHMsUL8EebaOML04XbI50b-450.webp,15370727,0.50,28.94,71.06,-7.66,71.06,Under,https://www.freeiconspng.com/img/1934,,Yes,-1.5,6.9,Cubs @ Brewers,2026-09-08T23:40:00Z,Tue 07:40pm,American Family Field,retractable,,-246.000,-246.000,,0.289,8/10/2026,10-Day-IL,"Aug 3: Frelick (shoulder) began a hitting progression early last week and started a throwing progression Friday, MLB.com reports.",No,,,3.5,28.94,71.06,28.94,0.29,,0,,0.81,,0.55,0,Good Bet
PrizePicks,MLB,67527,Christian Yelich,DH,MIL,RBIs,0.5,TRUE,N/A,10/3/2026,1:06:36 PM,pre_game,MLB,demon,https://static.prizepicks.com/images/players/MLB/Christian_Yelich_MLB_player_IiHxuYdRvtSn416BYL5gvPt-450.webp,15370729,,,,,,,,,Yes,-1.5,6.9,Cubs @ Brewers,2026-09-08T23:40:00Z,Tue 07:40pm,American Family Field,retractable,,,,,,,,,No,,,3.5,,,,0,,0,,0.82,,0.66,0.5,Push
PrizePicks,MLB,67595,Jake Cronenworth,IF,SD,Walks,0.5,TRUE,N/A,10/3/2026,1:06:36 PM,pre_game,MLB,demon,https://static.prizepicks.com/images/players/MLB/Jacob_Cronenworth_MLB_player_lgyr5DPh74DiKkHb5Q5QTOhU-450.webp,15370730,0.50,27.31,72.69,-7.51,72.69,Under,https://www.freeiconspng.com/img/1934,,Yes,-1.5,6.9,Nationals @ Padres,2026-09-09T01:40:00Z,Tue 09:40pm,Petco Park,outdoor,,-266.000,-266.000,9/8/2026,0.273,,,,No,,,3.5,27.31,72.69,27.31,0.27,,0,,0.79,,0.52,0.5,Push
PrizePicks,MLB,332302,Austin Hays,DH,SD,Singles,0.5,TRUE,N/A,10/3/2026,1:06:36 PM,pre_game,MLB,demon,https://static.prizepicks.com/images/manual/Austin Hays.png,15371900,,,,,,,,,Yes,-1.5,6.9,Nationals @ Padres,2026-09-09T01:40:00Z,Tue 09:40pm,Petco Park,outdoor,,,,,,8/4/2026,60-Day-IL,"Jul 17: Hays (calf) will begin a rehab assignment with Triple-A Charlotte on Friday, LaMond Pope of the Chicago Tribune reports.",No,,,3.5,,,,0,,0,,1.11,,1.11,0,Push
PrizePicks,MLB,332302,Austin Hays,DH,SD,Hits,0.5,TRUE,N/A,10/3/2026,1:06:36 PM,pre_game,MLB,standard,https://static.prizepicks.com/images/manual/Austin Hays.png,15371908,0.50,49.12,50.88,-6.57,50.88,Under,https://www.freeiconspng.com/img/1934,,Yes,-1.5,6.9,Nationals @ Padres,2026-09-09T01:40:00Z,Tue 09:40pm,Petco Park,outdoor,,-104.000,-104.000,,0.491,8/4/2026,60-Day-IL,"Jul 17: Hays (calf) will begin a rehab assignment with Triple-A Charlotte on Friday, LaMond Pope of the Chicago Tribune reports.",No,,,3.5,49.12,50.88,50.88,0.49,,0,,1.11,,0.7,0,Great Bet
PrizePicks,MLB,340351,Ethan Salas,C,SD,Singles,0.5,TRUE,N/A,10/3/2026,1:06:36 PM,pre_game,MLB,demon,https://static.prizepicks.com/images/manual/EthanSalas.webp,15371910,,,,,,,,,Yes,-1.5,6.9,Nationals @ Padres,2026-09-09T01:40:00Z,Tue 09:40pm,Petco Park,outdoor,,,,,,,,,No,,,3.5,,,,0,,0,,0.9,,0.9,0,Push
PrizePicks,MLB,332302,Austin Hays,DH,SD,Doubles,0.5,TRUE,N/A,10/3/2026,1:06:36 PM,pre_game,MLB,demon,https://static.prizepicks.com/images/manual/Austin Hays.png,15371911,,,,,,,,,Yes,-1.5,6.9,Nationals @ Padres,2026-09-09T01:40:00Z,Tue 09:40pm,Petco Park,outdoor,,,,,,8/4/2026,60-Day-IL,"Jul 17: Hays (calf) will begin a rehab assignment with Triple-A Charlotte on Friday, LaMond Pope of the Chicago Tribune reports.",No,,,3.5,,,,0,,0,,1.11,,1.11,0,Push
PrizePicks,MLB,340351,Ethan Salas,C,SD,Doubles,0.5,TRUE,N/A,10/3/2026,1:06:36 PM,pre_game,MLB,demon,https://static.prizepicks.com/images/manual/EthanSalas.webp,15371914,,,,,,,,,Yes,-1.5,6.9,Nationals @ Padres,2026-09-09T01:40:00Z,Tue 09:40pm,Petco Park,outdoor,,,,,,,,,No,,,3.5,,,,0,,0,,0.9,,0.9,0,Push
PrizePicks,MLB,332302,Austin Hays,DH,SD,Runs,0.5,TRUE,N/A,10/3/2026,1:06:36 PM,pre_game,MLB,demon,https://static.prizepicks.com/images/manual/Austin Hays.png,15371929,,,,,,,,,Yes,-1.5,6.9,Nationals @ Padres,2026-09-09T01:40:00Z,Tue 09:40pm,Petco Park,outdoor,,,,,,8/4/2026,60-Day-IL,"Jul 17: Hays (calf) will begin a rehab assignment with Triple-A Charlotte on Friday, LaMond Pope of the Chicago Tribune reports.",No,,,3.5,,,,0,,0,,1.11,,1.11,0,Push
PrizePicks,MLB,324013,Cooper Pratt,IF,MIL,RBIs,0.5,TRUE,N/A,10/3/2026,1:06:36 PM,pre_game,MLB,demon,https://static.prizepicks.com/images/manual/Cooper Pratt.webp,15372252,,,,,,,,,Yes,-1.5,6.9,Cubs @ Brewers,2026-09-08T23:40:00Z,Tue 07:40pm,American Family Field,retractable,,,,,,,,,No,,,3.5,,,,0,,0,,0.98,,0.74,0.5,Push
PrizePicks,MLB,74159,Garrett Mitchell,OF,MIL,Doubles,0.5,TRUE,N/A,10/3/2026,1:06:36 PM,pre_game,MLB,demon,https://static.prizepicks.com/images/players/MLB/Garrett_Mitchell_MLB_player_pKr818qZkrPVIDliSpGPdZQ4-450.webp,15372253,,,,,,,,,Yes,-1.5,6.9,Cubs @ Brewers,2026-09-08T23:40:00Z,Tue 07:40pm,American Family Field,retractable,,,,,,,,,No,,,3.5,,,,0,,0,,0.92,,0.92,0,Push
PrizePicks,MLB,324013,Cooper Pratt,IF,MIL,Doubles,0.5,TRUE,N/A,10/3/2026,1:06:36 PM,pre_game,MLB,demon,https://static.prizepicks.com/images/manual/Cooper Pratt.webp,15372254,,,,,,,,,Yes,-1.5,6.9,Cubs @ Brewers,2026-09-08T23:40:00Z,Tue 07:40pm,American Family Field,retractable,,,,,,,,,No,,,3.5,,,,0,,0,,0.98,,0.98,0,Push
PrizePicks,MLB,74159,Garrett Mitchell,OF,MIL,RBIs,0.5,TRUE,N/A,10/3/2026,1:06:36 PM,pre_game,MLB,demon,https://static.prizepicks.com/images/players/MLB/Garrett_Mitchell_MLB_player_pKr818qZkrPVIDliSpGPdZQ4-450.webp,15372255,,,,,,,,,Yes,-1.5,6.9,Cubs @ Brewers,2026-09-08T23:40:00Z,Tue 07:40pm,American Family Field,retractable,,,,,,,,,No,,,3.5,,,,0,,0,,0.92,,0.71,0.5,Push
PrizePicks,MLB,74159,Garrett Mitchell,OF,MIL,Runs,0.5,TRUE,N/A,10/3/2026,1:06:36 PM,pre_game,MLB,demon,https://static.prizepicks.com/images/players/MLB/Garrett_Mitchell_MLB_player_pKr818qZkrPVIDliSpGPdZQ4-450.webp,15372258,,,,,,,,,Yes,-1.5,6.9,Cubs @ Brewers,2026-09-08T23:40:00Z,Tue 07:40pm,American Family Field,retractable,,,,,,,,,No,,,3.5,,,,0,,0,,0.92,,0.71,0.5,Push
PrizePicks,MLB,324013,Cooper Pratt,IF,MIL,Runs,0.5,TRUE,N/A,10/3/2026,1:06:36 PM,pre_game,MLB,demon,https://static.prizepicks.com/images/manual/Cooper Pratt.webp,15372259,,,,,,,,,Yes,-1.5,6.9,Cubs @ Brewers,2026-09-08T23:40:00Z,Tue 07:40pm,American Family Field,retractable,,,,,,,,,No,,,3.5,,,,0,,0,,0.98,,0.74,0.5,Push
PrizePicks,MLB,127204,Xander Bogaerts,IF,SD,Stolen Bases,0.5,TRUE,N/A,10/3/2026,1:06:36 PM,pre_game,MLB,demon,https://static.prizepicks.com/images/players/MLB/Xander_Bogaerts_MLB_player_SyYOqVCqxykf8J9hjqxLQ6Z3-450.webp,15372268,0.50,8.88,91.12,,50,Over,https://www.freeiconspng.com/img/1934,,Yes,-1.5,6.9,Nationals @ Padres,2026-09-09T01:40:00Z,Tue 09:40pm,Petco Park,outdoor,,100.000,100.000,9/8/2026,0.089,,,,No,,,3.5,8.88,91.12,8.88,0.09,,0,,0.81,,0.47,0.5,Push
PrizePicks,MLB,193538,Jackson Chourio,OF,MIL,Runs,0.5,TRUE,N/A,10/3/2026,1:06:36 PM,pre_game,MLB,standard,https://static.prizepicks.com/images/players/MLB/Jackson_Chourio_MLB_player_Sl90DoV6a5Gc8RtLhi2IlM0Y-450.webp,15372269,0.50,48.03,51.97,-7.21,51.97,Under,https://www.freeiconspng.com/img/1934,,Yes,-1.5,6.9,Cubs @ Brewers,2026-09-08T23:40:00Z,Tue 07:40pm,American Family Field,retractable,,-108.000,-108.000,9/8/2026,0.480,,,,No,,,3.5,48.03,51.97,51.97,0.48,,0,,1.02,,0.62,0.5,Great Bet
PrizePicks,MLB,192925,Jake Bauers,IF,MIL,Walks,0.5,TRUE,N/A,10/3/2026,1:06:36 PM,pre_game,MLB,standard,https://static.prizepicks.com/images/players/MLB/Jakob_Bauers_MLB_player_8W8DDUI7d70DLlu7HXuu07x1-450.webp,15372272,0.50,47.98,52.02,-6.31,52.02,Under,https://www.freeiconspng.com/img/1934,,Yes,-1.5,6.9,Cubs @ Brewers,2026-09-08T23:40:00Z,Tue 07:40pm,American Family Field,retractable,,-108.000,-108.000,,0.480,,,,No,,,3.5,47.98,52.02,52.02,0.48,,0,,0.93,,0.64,0,Great Bet
PrizePicks,MLB,127193,Brice Turang,IF,MIL,Singles,0.5,TRUE,N/A,10/3/2026,1:06:36 PM,pre_game,MLB,demon,https://static.prizepicks.com/images/players/MLB/Second_Base_MLB_player_HhIl6lscwSyYMioGrH3lmpf.webp,15372315,,,,,,,,,Yes,-1.5,6.9,Cubs @ Brewers,2026-09-08T23:40:00Z,Tue 07:40pm,American Family Field,retractable,,,,,,,,,No,,,3.5,,,,0,,0,,0.94,,0.94,0,Push
PrizePicks,MLB,193123,Jackson Merrill,OF,SD,Stolen Bases,0.5,TRUE,N/A,10/3/2026,1:06:36 PM,pre_game,MLB,demon,https://static.prizepicks.com/images/players/MLB/Jackson_Merrill_MLB_player_woeHd4OzZiuVcuExGBHV3nln-450.webp,15372972,0.50,7.55,92.45,-1.01,92.45,Under,https://www.freeiconspng.com/img/1934,,Yes,-1.5,6.9,Nationals @ Padres,2026-09-09T01:40:00Z,Tue 09:40pm,Petco Park,outdoor,,-1225.000,-1225.000,9/8/2026,0.076,,,,No,,,3.5,7.55,92.45,7.55,0.08,,0,,0.89,,0.49,0.5,Push
PrizePicks,MLB,193538,Jackson Chourio,OF,MIL,Stolen Bases,0.5,TRUE,N/A,10/3/2026,1:06:36 PM,pre_game,MLB,demon,https://static.prizepicks.com/images/players/MLB/Jackson_Chourio_MLB_player_Sl90DoV6a5Gc8RtLhi2IlM0Y-450.webp,15372973,0.50,20.12,79.88,-0.78,79.88,Under,https://www.freeiconspng.com/img/1934,,Yes,-1.5,6.9,Cubs @ Brewers,2026-09-08T23:40:00Z,Tue 07:40pm,American Family Field,retractable,,-397.000,-397.000,9/8/2026,0.201,,,,No,,,3.5,20.12,79.88,20.12,0.2,,0,,1.02,,0.57,0.5,Push
PrizePicks,MLB,127193,Brice Turang,IF,MIL,Stolen Bases,0.5,TRUE,N/A,10/3/2026,1:06:36 PM,pre_game,MLB,demon,https://static.prizepicks.com/images/players/MLB/Second_Base_MLB_player_HhIl6lscwSyYMioGrH3lmpf.webp,15372974,0.50,19.6,80.4,-0.91,80.4,Under,https://www.freeiconspng.com/img/1934,,Yes,-1.5,6.9,Cubs @ Brewers,2026-09-08T23:40:00Z,Tue 07:40pm,American Family Field,retractable,,-410.000,-410.000,9/8/2026,0.196,,,,No,,,3.5,19.6,80.4,19.6,0.2,,0,,0.94,,0.54,0.5,Push
PrizePicks,MLB,146602,Sal Frelick,OF,MIL,Stolen Bases,0.5,TRUE,N/A,10/3/2026,1:06:36 PM,pre_game,MLB,demon,https://static.prizepicks.com/images/players/MLB/Salvatore_Frelick_MLB_player_BrPHMsUL8EebaOML04XbI50b-450.webp,15372975,0.50,8.64,91.36,-1.23,91.36,Under,https://www.freeiconspng.com/img/1934,,Yes,-1.5,6.9,Cubs @ Brewers,2026-09-08T23:40:00Z,Tue 07:40pm,American Family Field,retractable,,-1057.000,-1057.000,,0.086,8/10/2026,10-Day-IL,"Aug 3: Frelick (shoulder) began a hitting progression early last week and started a throwing progression Friday, MLB.com reports.",No,,,3.5,8.64,91.36,8.64,0.09,,0,,0.81,,0.45,0,Good Bet
PrizePicks,MLB,67527,Christian Yelich,DH,MIL,Stolen Bases,0.5,TRUE,N/A,10/3/2026,1:06:36 PM,pre_game,MLB,demon,https://static.prizepicks.com/images/players/MLB/Christian_Yelich_MLB_player_IiHxuYdRvtSn416BYL5gvPt-450.webp,15372976,0.50,10.62,89.38,-1.53,89.38,Under,https://www.freeiconspng.com/img/1934,,Yes,-1.5,6.9,Cubs @ Brewers,2026-09-08T23:40:00Z,Tue 07:40pm,American Family Field,retractable,,-842.000,-842.000,9/8/2026,0.106,,,,No,,,3.5,10.62,89.38,10.62,0.11,,0,,0.82,,0.48,0.5,Push
PrizePicks,MLB,139980,Fernando Tatis Jr.,OF,SD,Stolen Bases,0.5,TRUE,N/A,10/3/2026,1:06:36 PM,pre_game,MLB,demon,https://static.prizepicks.com/images/players/MLB/Fernando_Tatis_MLB_player_DjhTeFUqteE9JQbqLZdPe4B6-450.webp,15372977,0.50,15.18,84.82,-1.39,84.82,Under,https://www.freeiconspng.com/img/1934,,Yes,-1.5,6.9,Nationals @ Padres,2026-09-09T01:40:00Z,Tue 09:40pm,Petco Park,outdoor,,-559.000,-559.000,9/8/2026,0.152,,,,No,,,3.5,15.18,84.82,15.18,0.15,,0,,1.01,,0.55,0.5,Push
PrizePicks,MLB,327357,Luis Lara,OF,MIL,Doubles,0.5,TRUE,N/A,10/3/2026,1:06:36 PM,pre_game,MLB,demon,https://static.prizepicks.com/images/manual/Luis Lara.png,15374134,,,,,,,,,Yes,-1.5,6.9,Cubs @ Brewers,2026-09-08T23:40:00Z,Tue 07:40pm,American Family Field,retractable,,,,,,,,,No,,,3.5,,,,0,,0,,0.86,,0.86,0,Push
PrizePicks,MLB,74159,Garrett Mitchell,OF,MIL,Singles,0.5,TRUE,N/A,10/3/2026,1:06:36 PM,pre_game,MLB,demon,https://static.prizepicks.com/images/players/MLB/Garrett_Mitchell_MLB_player_pKr818qZkrPVIDliSpGPdZQ4-450.webp,15374135,,,,,,,,,Yes,-1.5,6.9,Cubs @ Brewers,2026-09-08T23:40:00Z,Tue 07:40pm,American Family Field,retractable,,,,,,,,,No,,,3.5,,,,0,,0,,0.92,,0.92,0,Push
PrizePicks,MLB,74159,Garrett Mitchell,OF,MIL,Hits+Runs+RBIs,0.5,TRUE,N/A,10/3/2026,1:06:36 PM,pre_game,MLB,goblin,https://static.prizepicks.com/images/players/MLB/Garrett_Mitchell_MLB_player_pKr818qZkrPVIDliSpGPdZQ4-450.webp,15374138,,,,,,,,,Yes,-1.5,6.9,Cubs @ Brewers,2026-09-08T23:40:00Z,Tue 07:40pm,American Family Field,retractable,,,,,,,,,No,,,3.5,,,,0,,0,,0.92,,0.92,0,Push
PrizePicks,MLB,327357,Luis Lara,OF,MIL,Runs,0.5,TRUE,N/A,10/3/2026,1:06:36 PM,pre_game,MLB,demon,https://static.prizepicks.com/images/manual/Luis Lara.png,15374140,,,,,,,,,Yes,-1.5,6.9,Cubs @ Brewers,2026-09-08T23:40:00Z,Tue 07:40pm,American Family Field,retractable,,,,,,,,,No,,,3.5,,,,0,,0,,0.86,,0.68,0.5,Push
PrizePicks,MLB,327357,Luis Lara,OF,MIL,Hits+Runs+RBIs,0.5,TRUE,N/A,10/3/2026,1:06:36 PM,pre_game,MLB,goblin,https://static.prizepicks.com/images/manual/Luis Lara.png,15374152,,,,,,,,,Yes,-1.5,6.9,Cubs @ Brewers,2026-09-08T23:40:00Z,Tue 07:40pm,American Family Field,retractable,,,,,,,,,No,,,3.5,,,,0,,0,,0.86,,0.86,0,Push
PrizePicks,MLB,324013,Cooper Pratt,IF,MIL,Hits+Runs+RBIs,0.5,TRUE,N/A,10/3/2026,1:06:36 PM,pre_game,MLB,goblin,https://static.prizepicks.com/images/manual/Cooper Pratt.webp,15374156,,,,,,,,,Yes,-1.5,6.9,Cubs @ Brewers,2026-09-08T23:40:00Z,Tue 07:40pm,American Family Field,retractable,,,,,,,,,No,,,3.5,,,,0,,0,,0.98,,0.98,0,Push
PrizePicks,MLB,327357,Luis Lara,OF,MIL,RBIs,0.5,TRUE,N/A,10/3/2026,1:06:36 PM,pre_game,MLB,demon,https://static.prizepicks.com/images/manual/Luis Lara.png,15374159,,,,,,,,,Yes,-1.5,6.9,Cubs @ Brewers,2026-09-08T23:40:00Z,Tue 07:40pm,American Family Field,retractable,,,,,,,,,No,,,3.5,,,,0,,0,,0.86,,0.68,0.5,Push
PrizePicks,MLB,127204,Xander Bogaerts,IF,SD,Total Bases,0.5,TRUE,N/A,10/3/2026,1:06:36 PM,pre_game,MLB,standard,https://static.prizepicks.com/images/players/MLB/Xander_Bogaerts_MLB_player_SyYOqVCqxykf8J9hjqxLQ6Z3-450.webp,15374693,,,,,,,,,Yes,-1.5,6.9,Nationals @ Padres,2026-09-09T01:40:00Z,Tue 09:40pm,Petco Park,outdoor,,,,,,,,,No,,,3.5,,,,0,,0,,0.81,,0.6,0.5,Push
PrizePicks,MLB,332302,Austin Hays,DH,SD,Total Bases,0.5,TRUE,N/A,10/3/2026,1:06:36 PM,pre_game,MLB,standard,https://static.prizepicks.com/images/manual/Austin Hays.png,15374694,,,,,,,,,Yes,-1.5,6.9,Nationals @ Padres,2026-09-09T01:40:00Z,Tue 09:40pm,Petco Park,outdoor,,,,,,8/4/2026,60-Day-IL,"Jul 17: Hays (calf) will begin a rehab assignment with Triple-A Charlotte on Friday, LaMond Pope of the Chicago Tribune reports.",No,,,3.5,,,,0,,0,,1.11,,0.8,0,Push
PrizePicks,MLB,127196,William Contreras,C,MIL,Stolen Bases,0.5,TRUE,N/A,10/3/2026,1:06:36 PM,pre_game,MLB,demon,https://static.prizepicks.com/images/players/MLB/William_Contreras_MLB_player_utOsP58xiT4H1eTJnXgLgfhV-450.webp,15376877,,,,,7.14,Over,https://www.freeiconspng.com/img/1934,,Yes,-1.5,6.9,Cubs @ Brewers,2026-09-08T23:40:00Z,Tue 07:40pm,American Family Field,retractable,,1301.000,,9/8/2026,0.071,,,,No,,,3.5,39.87572628,60.12427372,39.87572628,0.07,,0,,0.95,,0.51,0,Great Bet
PrizePicks,MLB,67592,Manny Machado,IF,SD,Stolen Bases,0.5,TRUE,N/A,10/3/2026,1:06:36 PM,pre_game,MLB,demon,https://static.prizepicks.com/images/players/MLB/Manuel_Machado_MLB_player_T2qAovSYe7b2PcWthjl1p2RY-450.webp,15376880,,,,,6.45,Over,https://www.freeiconspng.com/img/1934,,Yes,-1.5,6.9,Nationals @ Padres,2026-09-09T01:40:00Z,Tue 09:40pm,Petco Park,outdoor,,1450.000,,9/8/2026,0.065,,,,No,,,3.5,33.80436109,66.19563891,33.80436109,0.06,,0,,0.76,,0.41,0,Great Bet
PrizePicks,MLB,67595,Jake Cronenworth,IF,SD,Stolen Bases,0.5,TRUE,N/A,10/3/2026,1:06:36 PM,pre_game,MLB,demon,https://static.prizepicks.com/images/players/MLB/Jacob_Cronenworth_MLB_player_lgyr5DPh74DiKkHb5Q5QTOhU-450.webp,15376881,,,,,7.41,Over,https://www.freeiconspng.com/img/1934,,Yes,-1.5,6.9,Nationals @ Padres,2026-09-09T01:40:00Z,Tue 09:40pm,Petco Park,outdoor,,1250.000,,9/8/2026,0.074,,,,No,,,3.5,35.05388983,64.94611017,35.05388983,0.07,,0,,0.79,,0.43,0,Great Bet
PrizePicks,MLB,327357,Luis Lara,OF,MIL,Singles,0.5,TRUE,N/A,10/3/2026,1:06:36 PM,pre_game,MLB,demon,https://static.prizepicks.com/images/manual/Luis Lara.png,15377395,,,,,,,,,Yes,-1.5,6.9,Cubs @ Brewers,2026-09-08T23:40:00Z,Tue 07:40pm,American Family Field,retractable,,,,,,,,,No,,,3.5,,,,0,,0,,0.86,,0.86,0,Push
PrizePicks,MLB,327357,Luis Lara,OF,MIL,Stolen Bases,0.5,TRUE,N/A,10/3/2026,1:06:36 PM,pre_game,MLB,demon,https://static.prizepicks.com/images/manual/Luis Lara.png,15377912,,,,,,,,,Yes,-1.5,6.9,Cubs @ Brewers,2026-09-08T23:40:00Z,Tue 07:40pm,American Family Field,retractable,,,,,,,,,No,,,3.5,,,,0,,0,,0.86,,0.68,0.5,Push
PrizePicks,MLB,324013,Cooper Pratt,IF,MIL,Stolen Bases,0.5,TRUE,N/A,10/3/2026,1:06:36 PM,pre_game,MLB,demon,https://static.prizepicks.com/images/manual/Cooper Pratt.webp,15377913,,,,,,,,,Yes,-1.5,6.9,Cubs @ Brewers,2026-09-08T23:40:00Z,Tue 07:40pm,American Family Field,retractable,,,,,,,,,No,,,3.5,,,,0,,0,,0.98,,0.74,0.5,Push
PrizePicks,MLB,340351,Ethan Salas,C,SD,Stolen Bases,0.5,TRUE,N/A,10/3/2026,1:06:36 PM,pre_game,MLB,demon,https://static.prizepicks.com/images/manual/EthanSalas.webp,15377914,,,,,,,,,Yes,-1.5,6.9,Nationals @ Padres,2026-09-09T01:40:00Z,Tue 09:40pm,Petco Park,outdoor,,,,,,,,,No,,,3.5,,,,0,,0,,0.9,,0.9,0,Push
PrizePicks,MLB,74159,Garrett Mitchell,OF,MIL,Stolen Bases,0.5,TRUE,N/A,10/3/2026,1:06:36 PM,pre_game,MLB,demon,https://static.prizepicks.com/images/players/MLB/Garrett_Mitchell_MLB_player_pKr818qZkrPVIDliSpGPdZQ4-450.webp,15377915,,,,,,,,,Yes,-1.5,6.9,Cubs @ Brewers,2026-09-08T23:40:00Z,Tue 07:40pm,American Family Field,retractable,,,,,,,,,No,,,3.5,,,,0,,0,,0.92,,0.71,0.5,Push
PrizePicks,MLB,332302,Austin Hays,DH,SD,Stolen Bases,0.5,TRUE,N/A,10/3/2026,1:06:36 PM,pre_game,MLB,demon,https://static.prizepicks.com/images/manual/Austin Hays.png,15377916,,,,,,,,,Yes,-1.5,6.9,Nationals @ Padres,2026-09-09T01:40:00Z,Tue 09:40pm,Petco Park,outdoor,,,,,,8/4/2026,60-Day-IL,"Jul 17: Hays (calf) will begin a rehab assignment with Triple-A Charlotte on Friday, LaMond Pope of the Chicago Tribune reports.",No,,,3.5,,,,0,,0,,1.11,,1.11,0,Push