Player + Prop,Player + Prop + Line,Sport,Player ID,Player Name,Position,Team,Stat Type,Line Score,Adjusted Odds,Date,Start Time (CST),Status,League,Odds Type,Headshot URL,Data ID,Average Line,Average No-Vig Over %,Average No-Vig Under %,Percent Difference,Max No-Vig %,Bet Tag,Player Image,Game Start Time,Fav,Spread,O/U,Game Short Title,Scheduled At,Match Progress,Venue Name,Venue Type,Broadcasts,Max No-Vig % Price,True Price,Date,True Point Average Line,EST. Return Date,Injury Status,Comment,Starter,Opp,PrizePicks,Opportunities,Edge % Over,Edge % Under,Edge %,DvP Projection,DVP Rank,Opp +/-,DVP Bet,Average Projected,DVP Adjusted,Total Projection,Underdog Line,Callout Bet Tag
Breanna StewartFantasyScore,Breanna StewartFantasyScore46.5,WNBA,237847,Breanna Stewart,F,NYL,Fantasy Score,46.5,N/A,10/9/2026,12/30/1899,pre_game,WNBA,standard,https://static.prizepicks.com/images/players/WNBA/Breanna_Stewart_WNBA_player_0QbcmrMWR4KgqkSDi1fYPEeZ.webp,15563728,,,,,,Push,,,,,,Dream @ Liberty,2026-10-09T23:30:00Z,Fri 07:30pm,N/A,N/A,ESPN2,,,10/9/2026,46.32,,,,No,,46.32,33,50,50,50,46.32,,0,,46.32,46.32,46.6,47.55,Push
Breanna Stewart + Rhyne HowardPoints(Combo),Breanna Stewart + Rhyne HowardPoints(Combo)42.5,WNBA,346440,Breanna Stewart + Rhyne Howard,F,NYL/ATL,Points (Combo),42.5,N/A,10/9/2026,12/30/1899,pre_game,WNBA,standard,https://static.prizepicks.com/images/players/CMBO_group_ymBAUZkDXVGVuHw3uRy9SY8.webp,15548405,,,,,,,,,,,,Dream @ Liberty,2026-10-09T23:30:00Z,Fri 07:30pm,N/A,N/A,ESPN2,,,10/9/2026,,,,,No,,,0,,,,0,,0,,0,0,42.5,0,Push
Breanna StewartMinutesPlayed,Breanna StewartMinutesPlayed39,WNBA,237847,Breanna Stewart,F,NYL,Minutes Played,39,N/A,10/9/2026,12/30/1899,pre_game,WNBA,standard,https://static.prizepicks.com/images/players/WNBA/Breanna_Stewart_WNBA_player_0QbcmrMWR4KgqkSDi1fYPEeZ.webp,15599046,,,,,,,,,,,,Dream @ Liberty,2026-10-09T23:30:00Z,Fri 07:30pm,N/A,N/A,ESPN2,,,10/9/2026,,,,,No,,46.32,33,,,,0,,0,,0,0,39,0,Push
Angel ReeseFantasyScore,Angel ReeseFantasyScore38.5,WNBA,315793,Angel Reese,F,ATL,Fantasy Score,38.5,N/A,10/9/2026,12/30/1899,pre_game,WNBA,standard,https://static.prizepicks.com/images/manual/AngeelesReese.png,15563723,,,,,,Under,,,No,3.2,170.5,Dream @ Liberty,2026-10-09T23:30:00Z,Fri 07:30pm,N/A,N/A,ESPN2,,,10/9/2026,35.06,,,,No,LVA,35.06,32,48.28,51.72,51.72,35.06,11,-0.9556,under,35.06,34.1,36.45,39.55,Great Bet
Rhyne HowardMinutesPlayed,Rhyne HowardMinutesPlayed38.5,WNBA,237831,Rhyne Howard,G,ATL,Minutes Played,38.5,N/A,10/9/2026,12/30/1899,pre_game,WNBA,standard,https://static.prizepicks.com/images/players/WNBA/Rhyne_Howard_WNBA_player_EHb8PvO3NcqnZYZhVJsHND96.webp,15599048,,,,,,,,,No,3.2,170.5,Dream @ Liberty,2026-10-09T23:30:00Z,Fri 07:30pm,N/A,N/A,ESPN2,,,10/9/2026,,,,,No,LVA,37.23,35,,,,0,11,-0.9556,under,0,-0.96,38.5,0,Push
Rhyne HowardFantasyScore,Rhyne HowardFantasyScore37,WNBA,237831,Rhyne Howard,G,ATL,Fantasy Score,37,N/A,10/9/2026,12/30/1899,pre_game,WNBA,standard,https://static.prizepicks.com/images/players/WNBA/Rhyne_Howard_WNBA_player_EHb8PvO3NcqnZYZhVJsHND96.webp,15563727,,,,,,Push,,,No,3.2,170.5,Dream @ Liberty,2026-10-09T23:30:00Z,Fri 07:30pm,N/A,N/A,ESPN2,,,10/9/2026,37.23,,,,No,LVA,37.23,35,50,50,50,37.23,11,-0.9556,under,37.23,36.27,36.96,37.05,Push
Breanna StewartPts+Rebs+Asts,Breanna StewartPts+Rebs+Asts36.5,WNBA,237847,Breanna Stewart,F,NYL,Pts+Rebs+Asts,36.5,TRUE,10/9/2026,12/30/1899,pre_game,WNBA,standard,https://static.prizepicks.com/images/players/WNBA/Breanna_Stewart_WNBA_player_0QbcmrMWR4KgqkSDi1fYPEeZ.webp,15544490,36.5,50.3,49.7,-8.11,50.3,Over,https://www.freeiconspng.com/img/1934,,,,,Dream @ Liberty,2026-10-09T23:30:00Z,Fri 07:30pm,N/A,N/A,ESPN2,,,10/9/2026,36.5,,,,No,,46.32,33,50.3,49.7,50.3,36.5,,0,,36.5,36.5,36.5,0,Push
Jonquel Jones + Rhyne HowardPoints(Combo),Jonquel Jones + Rhyne HowardPoints(Combo)34.5,WNBA,346442,Jonquel Jones + Rhyne Howard,C,NYL/ATL,Points (Combo),34.5,N/A,10/9/2026,12/30/1899,pre_game,WNBA,standard,https://static.prizepicks.com/images/players/CMBO_group_9o91YmgN9EiIUzRjPKjemnkR.webp,15548408,,,,,,,,,,,,Dream @ Liberty,2026-10-09T23:30:00Z,Fri 07:30pm,N/A,N/A,ESPN2,,,10/9/2026,,,,,No,,,0,,,,0,,0,,0,0,34.5,0,Push
Sabrina Ionescu + Rhyne HowardPoints(Combo),Sabrina Ionescu + Rhyne HowardPoints(Combo)34.5,WNBA,346445,Sabrina Ionescu + Rhyne Howard,G,NYL/ATL,Points (Combo),34.5,N/A,10/9/2026,12/30/1899,pre_game,WNBA,standard,https://static.prizepicks.com/images/players/CMBO_group_eft2FNt0c6bRfe5dJ0ccV5t.webp,15548410,,,,,,,,,,,,Dream @ Liberty,2026-10-09T23:30:00Z,Fri 07:30pm,N/A,N/A,ESPN2,,,10/9/2026,,,,,No,,,0,,,,0,,0,,0,0,34.5,0,Push
Jonquel JonesFantasyScore,Jonquel JonesFantasyScore34.5,WNBA,237849,Jonquel Jones,C,NYL,Fantasy Score,34.5,N/A,10/9/2026,12/30/1899,pre_game,WNBA,standard,https://static.prizepicks.com/images/players/WNBA/Jonquel_Jones_WNBA_player_TqkCFBXssXmlPoyGSqO8lyJI.webp,15563729,,,,,,Push,,,,,,Dream @ Liberty,2026-10-09T23:30:00Z,Fri 07:30pm,N/A,N/A,ESPN2,,,10/9/2026,34.15,,,,No,,34.15,29,50,50,50,34.15,,0,,34.15,34.15,34.9,37.55,Push
Breanna StewartPts+Rebs,Breanna StewartPts+Rebs32.5,WNBA,237847,Breanna Stewart,F,NYL,Pts+Rebs,32.5,TRUE,10/9/2026,12/30/1899,pre_game,WNBA,standard,https://static.prizepicks.com/images/players/WNBA/Breanna_Stewart_WNBA_player_0QbcmrMWR4KgqkSDi1fYPEeZ.webp,15544349,32.5,49.82,50.18,-7.63,50.18,Under,https://www.freeiconspng.com/img/1934,,,,,Dream @ Liberty,2026-10-09T23:30:00Z,Fri 07:30pm,N/A,N/A,ESPN2,,,10/9/2026,32.5,,,,No,,46.32,33,49.82,50.18,50.18,32.5,,0,,32.5,32.5,32.5,0,Push
Jordin CanadaFantasyScore,Jordin CanadaFantasyScore32.5,WNBA,197522,Jordin Canada,G,ATL,Fantasy Score,32.5,N/A,10/9/2026,12/30/1899,pre_game,WNBA,standard,https://static.prizepicks.com/images/players/WNBA/Jordin_Canada_WNBA_player_nideRIEvnxcNybRbajfbVawY.webp,15563725,,,,,,Push,,,No,3.2,170.5,Dream @ Liberty,2026-10-09T23:30:00Z,Fri 07:30pm,N/A,N/A,ESPN2,,,10/9/2026,32.25,,,,No,LVA,32.25,31,50,50,50,32.25,11,-0.9556,under,32.25,31.29,32.37,33.55,Push
Sabrina Ionescu + Angel ReesePoints(Combo),Sabrina Ionescu + Angel ReesePoints(Combo)32,WNBA,346447,Sabrina Ionescu + Angel Reese,G,NYL/ATL,Points (Combo),32,N/A,10/9/2026,12/30/1899,pre_game,WNBA,standard,https://static.prizepicks.com/images/players/CMBO_group_zJvCh6klBg2cAOIQ7XjjAwE4.webp,15548403,,,,,,,,,,,,Dream @ Liberty,2026-10-09T23:30:00Z,Fri 07:30pm,N/A,N/A,ESPN2,,,10/9/2026,,,,,No,,,0,,,,0,,0,,0,0,32,0,Push
Jonquel Jones + Angel ReesePoints(Combo),Jonquel Jones + Angel ReesePoints(Combo)31.5,WNBA,346772,Jonquel Jones + Angel Reese,C,NYL/ATL,Points (Combo),31.5,N/A,10/9/2026,12/30/1899,pre_game,WNBA,standard,https://static.prizepicks.com/images/players/CMBO_group_i8gJAsCwXrkld475AnHgb915.webp,15548407,,,,,,,,,,,,Dream @ Liberty,2026-10-09T23:30:00Z,Fri 07:30pm,N/A,N/A,ESPN2,,,10/9/2026,,,,,No,,,0,,,,0,,0,,0,0,31.5,0,Push
Angel ReesePts+Rebs+Asts,Angel ReesePts+Rebs+Asts29.5,WNBA,315793,Angel Reese,F,ATL,Pts+Rebs+Asts,29.5,TRUE,10/9/2026,12/30/1899,pre_game,WNBA,standard,https://static.prizepicks.com/images/manual/AngeelesReese.png,15544578,29.5,48.57,51.43,,51.43,Under,https://www.freeiconspng.com/img/1934,,No,3.2,170.5,Dream @ Liberty,2026-10-09T23:30:00Z,Fri 07:30pm,N/A,N/A,ESPN2,,,10/9/2026,29.5,,,,No,LVA,35.06,32,48.57,51.43,51.43,29.5,15,-0.12,under,29.5,29.38,29.47,0,Push
Sabrina Ionescu + Jordin CanadaPoints(Combo),Sabrina Ionescu + Jordin CanadaPoints(Combo)29.5,WNBA,349906,Sabrina Ionescu + Jordin Canada,G,NYL/ATL,Points (Combo),29.5,N/A,10/9/2026,12/30/1899,pre_game,WNBA,standard,https://static.prizepicks.com/images/players/CMBO_group_efHPysE3L7vrR38oUNRM8fQa.webp,15548424,,,,,,,,,,,,Dream @ Liberty,2026-10-09T23:30:00Z,Fri 07:30pm,N/A,N/A,ESPN2,,,10/9/2026,,,,,No,,,0,,,,0,,0,,0,0,29.5,0,Push
Jonquel Jones + Jordin CanadaPoints(Combo),Jonquel Jones + Jordin CanadaPoints(Combo)29.5,WNBA,349907,Jonquel Jones + Jordin Canada,C,NYL/ATL,Points (Combo),29.5,N/A,10/9/2026,12/30/1899,pre_game,WNBA,standard,https://static.prizepicks.com/images/players/CMBO_group_ld1mFeSa0qIFKDR4eLHlp34l.webp,15548425,,,,,,,,,,,,Dream @ Liberty,2026-10-09T23:30:00Z,Fri 07:30pm,N/A,N/A,ESPN2,,,10/9/2026,,,,,No,,,0,,,,0,,0,,0,0,29.5,0,Push
Breanna StewartPts+Asts,Breanna StewartPts+Asts27.5,WNBA,237847,Breanna Stewart,F,NYL,Pts+Asts,27.5,TRUE,10/9/2026,12/30/1899,pre_game,WNBA,standard,https://static.prizepicks.com/images/players/WNBA/Breanna_Stewart_WNBA_player_0QbcmrMWR4KgqkSDi1fYPEeZ.webp,15544338,27.5,50.02,49.98,-7.83,50.02,Over,https://www.freeiconspng.com/img/1934,,,,,Dream @ Liberty,2026-10-09T23:30:00Z,Fri 07:30pm,N/A,N/A,ESPN2,,,10/9/2026,27.5,,,,No,,46.32,33,50.02,49.98,50.02,27.5,,0,,27.5,27.5,27.5,0,Push
Jonquel JonesPts+Rebs+Asts,Jonquel JonesPts+Rebs+Asts27.5,WNBA,237849,Jonquel Jones,C,NYL,Pts+Rebs+Asts,27.5,TRUE,10/9/2026,12/30/1899,pre_game,WNBA,standard,https://static.prizepicks.com/images/players/WNBA/Jonquel_Jones_WNBA_player_TqkCFBXssXmlPoyGSqO8lyJI.webp,15544456,27.5,49.45,50.55,-7.26,50.55,Under,https://www.freeiconspng.com/img/1934,,,,,Dream @ Liberty,2026-10-09T23:30:00Z,Fri 07:30pm,N/A,N/A,ESPN2,,,10/9/2026,27.5,,,,No,,34.15,29,49.45,50.55,50.55,27.5,,0,,27.5,27.5,27.5,0,Push
Sabrina Ionescu + DeWanna BonnerPoints(Combo),Sabrina Ionescu + DeWanna BonnerPoints(Combo)27.5,WNBA,349905,Sabrina Ionescu + DeWanna Bonner,G,NYL/ATL,Points (Combo),27.5,N/A,10/9/2026,12/30/1899,pre_game,WNBA,standard,https://static.prizepicks.com/images/manual/Sabrina Ionescu + DeWanna Bonner.png,15548415,,,,,,,,,,,,Dream @ Liberty,2026-10-09T23:30:00Z,Fri 07:30pm,N/A,N/A,ESPN2,,,10/9/2026,,,,,No,,,0,,,,0,,0,,0,0,27.5,0,Push
Sabrina IonescuFantasyScore,Sabrina IonescuFantasyScore27.5,WNBA,237848,Sabrina Ionescu,G,NYL,Fantasy Score,27.5,N/A,10/9/2026,12/30/1899,pre_game,WNBA,standard,https://static.prizepicks.com/images/players/WNBA/Sabrina_Ionescu_WNBA_player_P26gx0GUbxv35lMVCUU4z5Q5.webp,15563734,,,,,,Push,,,,,,Dream @ Liberty,2026-10-09T23:30:00Z,Fri 07:30pm,N/A,N/A,ESPN2,,,10/9/2026,28.5,,,,No,,28.5,20,50,50,50,28.5,,0,,28.5,28.5,28.31,28.55,Push
Rhyne HowardPts+Rebs+Asts,Rhyne HowardPts+Rebs+Asts27,WNBA,237831,Rhyne Howard,G,ATL,Pts+Rebs+Asts,27,TRUE,10/9/2026,12/30/1899,pre_game,WNBA,standard,https://static.prizepicks.com/images/players/WNBA/Rhyne_Howard_WNBA_player_EHb8PvO3NcqnZYZhVJsHND96.webp,15544501,27.11,50.19,49.81,-8,50.19,Under,https://www.freeiconspng.com/img/1934,,No,3.2,170.5,Dream @ Liberty,2026-10-09T23:30:00Z,Fri 07:30pm,N/A,N/A,ESPN2,,,10/9/2026,27.11,,,,No,LVA,37.23,35,48.47631435,51.52368565,50,27.11,15,-0.12,under,27.11,26.99,27.05,0,Push
Angel ReesePts+Rebs,Angel ReesePts+Rebs26.5,WNBA,315793,Angel Reese,F,ATL,Pts+Rebs,26.5,TRUE,10/9/2026,12/30/1899,pre_game,WNBA,standard,https://static.prizepicks.com/images/manual/AngeelesReese.png,15544467,26.5,50.33,49.67,-8.14,50.33,Over,https://www.freeiconspng.com/img/1934,,No,3.2,170.5,Dream @ Liberty,2026-10-09T23:30:00Z,Fri 07:30pm,N/A,N/A,ESPN2,,,10/9/2026,26.5,,,,No,LVA,35.06,32,50.33,49.67,50.33,26.5,15,-0.12,under,26.5,26.38,26.47,0,Push
Jonquel JonesPts+Rebs,Jonquel JonesPts+Rebs25.5,WNBA,237849,Jonquel Jones,C,NYL,Pts+Rebs,25.5,TRUE,10/9/2026,12/30/1899,pre_game,WNBA,standard,https://static.prizepicks.com/images/players/WNBA/Jonquel_Jones_WNBA_player_TqkCFBXssXmlPoyGSqO8lyJI.webp,15544389,25,51.53,48.47,,51.53,Under,https://www.freeiconspng.com/img/1934,,,,,Dream @ Liberty,2026-10-09T23:30:00Z,Fri 07:30pm,N/A,N/A,ESPN2,,,10/9/2026,25,,,,No,,34.15,29,48.98591977,51.01408023,50,25,,0,,25,25,25.13,0,Push
DeWanna BonnerFantasyScore,DeWanna BonnerFantasyScore25.5,WNBA,338881,DeWanna Bonner,GF,ATL,Fantasy Score,25.5,N/A,10/9/2026,12/30/1899,pre_game,WNBA,standard,https://static.prizepicks.com/images/manual/DeWanna Bonner.png,15563724,,,,,,Push,,,No,3.2,170.5,Dream @ Liberty,2026-10-09T23:30:00Z,Fri 07:30pm,N/A,N/A,ESPN2,,,10/9/2026,24.92,,,,No,,24.92,25,50,50,50,24.92,,0,,24.92,24.92,25.16,25.55,Push
Jordin CanadaPts+Rebs+Asts,Jordin CanadaPts+Rebs+Asts24.5,WNBA,197522,Jordin Canada,G,ATL,Pts+Rebs+Asts,24.5,TRUE,10/9/2026,12/30/1899,pre_game,WNBA,standard,https://static.prizepicks.com/images/players/WNBA/Jordin_Canada_WNBA_player_nideRIEvnxcNybRbajfbVawY.webp,15544554,24.5,49.56,50.44,-7.37,50.44,Under,https://www.freeiconspng.com/img/1934,,No,3.2,170.5,Dream @ Liberty,2026-10-09T23:30:00Z,Fri 07:30pm,N/A,N/A,ESPN2,,,10/9/2026,24.5,,,,No,LVA,32.25,31,49.56,50.44,50.44,24.5,15,-0.12,under,24.5,24.38,24.47,0,Push
Sabrina IonescuPts+Rebs+Asts,Sabrina IonescuPts+Rebs+Asts24.5,WNBA,237848,Sabrina Ionescu,G,NYL,Pts+Rebs+Asts,24.5,TRUE,10/9/2026,12/30/1899,pre_game,WNBA,standard,https://static.prizepicks.com/images/players/WNBA/Sabrina_Ionescu_WNBA_player_P26gx0GUbxv35lMVCUU4z5Q5.webp,15544590,24.5,49.89,50.11,-7.7,50.11,Under,https://www.freeiconspng.com/img/1934,,,,,Dream @ Liberty,2026-10-09T23:30:00Z,Fri 07:30pm,N/A,N/A,ESPN2,,,10/9/2026,24.5,,,,No,,28.5,20,49.89,50.11,50.11,24.5,,0,,24.5,24.5,24.5,0,Push
Breanna StewartPoints,Breanna StewartPoints23.5,WNBA,237847,Breanna Stewart,F,NYL,Points,23.5,TRUE,10/9/2026,12/30/1899,pre_game,WNBA,standard,https://static.prizepicks.com/images/players/WNBA/Breanna_Stewart_WNBA_player_0QbcmrMWR4KgqkSDi1fYPEeZ.webp,15544283,23.5,49.86,50.14,-3.56,50.14,Under,https://www.freeiconspng.com/img/1934,,,,,Dream @ Liberty,2026-10-09T23:30:00Z,Fri 07:30pm,N/A,N/A,ESPN2,,,10/9/2026,23.5,,,,No,,46.32,33,49.86,50.14,50.14,23.5,,0,,23.5,23.5,23.5,23.5,Best Bet
Rhyne HowardPts+Rebs,Rhyne HowardPts+Rebs22.5,WNBA,237831,Rhyne Howard,G,ATL,Pts+Rebs,22.5,TRUE,10/9/2026,12/30/1899,pre_game,WNBA,standard,https://static.prizepicks.com/images/players/WNBA/Rhyne_Howard_WNBA_player_EHb8PvO3NcqnZYZhVJsHND96.webp,15544237,22.5,50.78,49.22,-8.59,50.78,Over,https://www.freeiconspng.com/img/1934,,No,3.2,170.5,Dream @ Liberty,2026-10-09T23:30:00Z,Fri 07:30pm,N/A,N/A,ESPN2,,,10/9/2026,22.5,,,,No,LVA,37.23,35,50.78,49.22,50.78,22.5,15,-0.12,under,22.5,22.38,22.47,0,Push
Rhyne HowardPts+Asts,Rhyne HowardPts+Asts22.5,WNBA,237831,Rhyne Howard,G,ATL,Pts+Asts,22.5,TRUE,10/9/2026,12/30/1899,pre_game,WNBA,standard,https://static.prizepicks.com/images/players/WNBA/Rhyne_Howard_WNBA_player_EHb8PvO3NcqnZYZhVJsHND96.webp,15544238,22.5,50.51,49.49,-8.32,50.51,Over,https://www.freeiconspng.com/img/1934,,No,3.2,170.5,Dream @ Liberty,2026-10-09T23:30:00Z,Fri 07:30pm,N/A,N/A,ESPN2,,,10/9/2026,22.5,,,,No,LVA,37.23,35,50.51,49.49,50.51,22.5,11,-0.9556,under,22.5,21.54,22.26,0,Push
Jordin CanadaPts+Asts,Jordin CanadaPts+Asts21.5,WNBA,197522,Jordin Canada,G,ATL,Pts+Asts,21.5,TRUE,10/9/2026,12/30/1899,pre_game,WNBA,standard,https://static.prizepicks.com/images/players/WNBA/Jordin_Canada_WNBA_player_nideRIEvnxcNybRbajfbVawY.webp,15544214,21.5,48.66,51.34,-6.47,51.34,Under,https://www.freeiconspng.com/img/1934,,No,3.2,170.5,Dream @ Liberty,2026-10-09T23:30:00Z,Fri 07:30pm,N/A,N/A,ESPN2,,,10/9/2026,21.5,,,,No,LVA,32.25,31,48.66,51.34,51.34,21.5,11,-0.9556,under,21.5,20.54,21.26,0,Push
Sabrina IonescuPts+Asts,Sabrina IonescuPts+Asts20.5,WNBA,237848,Sabrina Ionescu,G,NYL,Pts+Asts,20.5,TRUE,10/9/2026,12/30/1899,pre_game,WNBA,standard,https://static.prizepicks.com/images/players/WNBA/Sabrina_Ionescu_WNBA_player_P26gx0GUbxv35lMVCUU4z5Q5.webp,15544179,20.5,50.14,49.86,-7.95,50.14,Over,https://www.freeiconspng.com/img/1934,,,,,Dream @ Liberty,2026-10-09T23:30:00Z,Fri 07:30pm,N/A,N/A,ESPN2,,,10/9/2026,20.5,,,,No,,28.5,20,50.14,49.86,50.14,20.5,,0,,20.5,20.5,20.5,0,Push
Jonquel Jones + Angel ReeseRebounds(Combo),Jonquel Jones + Angel ReeseRebounds(Combo)20.5,WNBA,346772,Jonquel Jones + Angel Reese,C,NYL/ATL,Rebounds (Combo),20.5,N/A,10/9/2026,12/30/1899,pre_game,WNBA,standard,https://static.prizepicks.com/images/players/CMBO_group_i8gJAsCwXrkld475AnHgb915.webp,15548501,,,,,,,,,,,,Dream @ Liberty,2026-10-09T23:30:00Z,Fri 07:30pm,N/A,N/A,ESPN2,,,10/9/2026,,,,,No,,,0,,,,0,,0,,0,0,20.5,0,Push
Sabrina IonescuPts+Rebs,Sabrina IonescuPts+Rebs19.5,WNBA,237848,Sabrina Ionescu,G,NYL,Pts+Rebs,19.5,TRUE,10/9/2026,12/30/1899,pre_game,WNBA,standard,https://static.prizepicks.com/images/players/WNBA/Sabrina_Ionescu_WNBA_player_P26gx0GUbxv35lMVCUU4z5Q5.webp,15544256,19.5,50.45,49.55,-8.26,50.45,Over,https://www.freeiconspng.com/img/1934,,,,,Dream @ Liberty,2026-10-09T23:30:00Z,Fri 07:30pm,N/A,N/A,ESPN2,,,10/9/2026,19.5,,,,No,,28.5,20,50.45,49.55,50.45,19.5,,0,,19.5,19.5,19.5,0,Push
Breanna Stewart + Angel ReeseRebounds(Combo),Breanna Stewart + Angel ReeseRebounds(Combo)19.5,WNBA,346441,Breanna Stewart + Angel Reese,F,NYL/ATL,Rebounds (Combo),19.5,N/A,10/9/2026,12/30/1899,pre_game,WNBA,standard,https://static.prizepicks.com/images/players/CMBO_group_mR8zk1TADSx7vCIA2ZjkHGIo.webp,15548502,,,,,,,,,,,,Dream @ Liberty,2026-10-09T23:30:00Z,Fri 07:30pm,N/A,N/A,ESPN2,,,10/9/2026,,,,,No,,,0,,,,0,,0,,0,0,19.5,0,Push
DeWanna BonnerPts+Rebs+Asts,DeWanna BonnerPts+Rebs+Asts19.5,WNBA,338881,DeWanna Bonner,GF,ATL,Pts+Rebs+Asts,19.5,TRUE,10/9/2026,12/30/1899,pre_game,WNBA,standard,https://static.prizepicks.com/images/manual/DeWanna Bonner.png,15560612,19.5,49.82,50.18,,50.18,Under,https://www.freeiconspng.com/img/1934,,No,3.2,170.5,Dream @ Liberty,2026-10-09T23:30:00Z,Fri 07:30pm,N/A,N/A,ESPN2,,,10/9/2026,19.5,,,,No,,24.92,25,49.82,50.18,50.18,19.5,,0,,19.5,19.5,19.5,0,Push
Rhyne HowardPoints,Rhyne HowardPoints19,WNBA,237831,Rhyne Howard,G,ATL,Points,19,N/A,10/9/2026,12/30/1899,pre_game,WNBA,standard,https://static.prizepicks.com/images/players/WNBA/Rhyne_Howard_WNBA_player_EHb8PvO3NcqnZYZhVJsHND96.webp,15544438,18.82,48.44,51.56,-8.91,51.56,Under,https://www.freeiconspng.com/img/1934,,No,3.2,170.5,Dream @ Liberty,2026-10-09T23:30:00Z,Fri 07:30pm,N/A,N/A,ESPN2,,,10/9/2026,18.82,,,,No,LVA,37.23,35,47.29914236,52.70085764,52.7,18.82,12,-0.2047,under,18.82,18.62,18.75,18.5,Best Bet
Angel ReesePts+Asts,Angel ReesePts+Asts18.5,WNBA,315793,Angel Reese,F,ATL,Pts+Asts,18.5,TRUE,10/9/2026,12/30/1899,pre_game,WNBA,standard,https://static.prizepicks.com/images/manual/AngeelesReese.png,15544197,18.5,48.97,51.03,-6.78,51.03,Under,https://www.freeiconspng.com/img/1934,,No,3.2,170.5,Dream @ Liberty,2026-10-09T23:30:00Z,Fri 07:30pm,N/A,N/A,ESPN2,,,10/9/2026,18.5,,,,No,LVA,35.06,32,48.97,51.03,51.03,18.5,11,-0.9556,under,18.5,17.54,18.26,0,Push
Jonquel JonesPts+Asts,Jonquel JonesPts+Asts17.5,WNBA,237849,Jonquel Jones,C,NYL,Pts+Asts,17.5,TRUE,10/9/2026,12/30/1899,pre_game,WNBA,standard,https://static.prizepicks.com/images/players/WNBA/Jonquel_Jones_WNBA_player_TqkCFBXssXmlPoyGSqO8lyJI.webp,15544267,17.5,51.29,48.71,-3.66,51.29,Over,https://www.freeiconspng.com/img/1934,,,,,Dream @ Liberty,2026-10-09T23:30:00Z,Fri 07:30pm,N/A,N/A,ESPN2,,,10/9/2026,17.5,,,,No,,34.15,29,51.29,48.71,51.29,17.5,,0,,17.5,17.5,17.5,0,Push
DeWanna BonnerPts+Rebs,DeWanna BonnerPts+Rebs17.5,WNBA,338881,DeWanna Bonner,GF,ATL,Pts+Rebs,17.5,TRUE,10/9/2026,12/30/1899,pre_game,WNBA,standard,https://static.prizepicks.com/images/manual/DeWanna Bonner.png,15545495,17.5,49.82,50.18,-7.63,50.18,Under,https://www.freeiconspng.com/img/1934,,No,3.2,170.5,Dream @ Liberty,2026-10-09T23:30:00Z,Fri 07:30pm,N/A,N/A,ESPN2,,,10/9/2026,17.5,,,,No,,24.92,25,49.82,50.18,50.18,17.5,,0,,17.5,17.5,17.5,0,Push
Naz HillmonFantasyScore,Naz HillmonFantasyScore17.5,WNBA,65842,Naz Hillmon,F,ATL,Fantasy Score,17.5,N/A,10/9/2026,12/30/1899,pre_game,WNBA,standard,https://static.prizepicks.com/images/players/WNBA/Naz_Hillmon_WNBA_player_34IbaiI4YP0vCC24bAHE2a3n.webp,15563726,,,,,,Push,,,No,3.2,170.5,Dream @ Liberty,2026-10-09T23:30:00Z,Fri 07:30pm,N/A,N/A,ESPN2,,,10/9/2026,17.18,,,,No,LVA,17.18,30,50,50,50,17.18,11,-0.9556,under,17.18,16.22,17.13,17.55,Push
Breanna StewartFGAttempted,Breanna StewartFGAttempted17.5,WNBA,237847,Breanna Stewart,F,NYL,FG Attempted,17.5,N/A,10/9/2026,12/30/1899,pre_game,WNBA,standard,https://static.prizepicks.com/images/players/WNBA/Breanna_Stewart_WNBA_player_0QbcmrMWR4KgqkSDi1fYPEeZ.webp,15598591,,,,,,,,,,,,Dream @ Liberty,2026-10-09T23:30:00Z,Fri 07:30pm,N/A,N/A,ESPN2,,,10/9/2026,,,,,No,,46.32,33,,,,0,,0,,0,0,17.5,0,Push
Jordin CanadaPts+Rebs,Jordin CanadaPts+Rebs16.5,WNBA,197522,Jordin Canada,G,ATL,Pts+Rebs,16.5,TRUE,10/9/2026,12/30/1899,pre_game,WNBA,standard,https://static.prizepicks.com/images/players/WNBA/Jordin_Canada_WNBA_player_nideRIEvnxcNybRbajfbVawY.webp,15544428,16.5,50.73,49.27,-8.54,50.73,Over,https://www.freeiconspng.com/img/1934,,No,3.2,170.5,Dream @ Liberty,2026-10-09T23:30:00Z,Fri 07:30pm,N/A,N/A,ESPN2,,,10/9/2026,16.5,,,,No,LVA,32.25,31,50.73,49.27,50.73,16.5,15,-0.12,under,16.5,16.38,16.47,0,Push
Rhyne HowardFGAttempted,Rhyne HowardFGAttempted16.5,WNBA,237831,Rhyne Howard,G,ATL,FG Attempted,16.5,N/A,10/9/2026,12/30/1899,pre_game,WNBA,standard,https://static.prizepicks.com/images/players/WNBA/Rhyne_Howard_WNBA_player_EHb8PvO3NcqnZYZhVJsHND96.webp,15598595,,,,,,,,,No,3.2,170.5,Dream @ Liberty,2026-10-09T23:30:00Z,Fri 07:30pm,N/A,N/A,ESPN2,,,10/9/2026,,,,,No,LVA,37.23,35,,,,0,11,-0.9556,under,0,-0.96,16.5,0,Push
Sabrina IonescuPoints,Sabrina IonescuPoints16,WNBA,237848,Sabrina Ionescu,G,NYL,Points,16,TRUE,10/9/2026,12/30/1899,pre_game,WNBA,standard,https://static.prizepicks.com/images/players/WNBA/Sabrina_Ionescu_WNBA_player_P26gx0GUbxv35lMVCUU4z5Q5.webp,15544291,15.9,50.41,49.59,-6.55,50.41,Over,https://www.freeiconspng.com/img/1934,,,,,Dream @ Liberty,2026-10-09T23:30:00Z,Fri 07:30pm,N/A,N/A,ESPN2,,,10/9/2026,15.9,,,,No,,28.5,20,50.41,49.59,50.41,15.9,,0,,15.9,15.9,15.84,15.5,Push
Angel ReesePoints,Angel ReesePoints16,WNBA,315793,Angel Reese,F,ATL,Points,16,N/A,10/9/2026,12/30/1899,pre_game,WNBA,standard,https://static.prizepicks.com/images/manual/AngeelesReese.png,15544573,16.08,49.02,50.98,-7.7,50.98,Under,https://www.freeiconspng.com/img/1934,,No,3.2,170.5,Dream @ Liberty,2026-10-09T23:30:00Z,Fri 07:30pm,N/A,N/A,ESPN2,,,10/9/2026,16.08,,,,No,LVA,35.06,32,49.02,50.98,50.98,16.08,12,-0.2047,under,16.08,15.88,16.11,16.5,Push
Jonquel Jones + DeWanna BonnerRebounds(Combo),Jonquel Jones + DeWanna BonnerRebounds(Combo)16,WNBA,350153,Jonquel Jones + DeWanna Bonner,FC,NYL/ATL,Rebounds (Combo),16,N/A,10/9/2026,12/30/1899,pre_game,WNBA,standard,https://static.prizepicks.com/images/manual/Jonquel Jones + DeWanna Bonner.png,15591371,,,,,,,,,,,,Dream @ Liberty,2026-10-09T23:30:00Z,Fri 07:30pm,N/A,N/A,ESPN2,,,10/9/2026,,,,,No,,,0,,,,0,,0,,0,0,16,0,Push
Jonquel JonesPoints,Jonquel JonesPoints15.5,WNBA,237849,Jonquel Jones,C,NYL,Points,15.5,TRUE,10/9/2026,12/30/1899,pre_game,WNBA,standard,https://static.prizepicks.com/images/players/WNBA/Jonquel_Jones_WNBA_player_TqkCFBXssXmlPoyGSqO8lyJI.webp,15544319,15.5,49.36,50.64,-4.31,50.64,Under,https://www.freeiconspng.com/img/1934,,,,,Dream @ Liberty,2026-10-09T23:30:00Z,Fri 07:30pm,N/A,N/A,ESPN2,,,10/9/2026,15.5,,,,No,,34.15,29,49.36,50.64,50.64,15.5,,0,,15.5,15.5,15.5,15.5,Best Bet
Leonie FiebichFantasyScore,Leonie FiebichFantasyScore15.5,WNBA,214769,Leonie Fiebich,F,NYL,Fantasy Score,15.5,N/A,10/9/2026,12/30/1899,pre_game,WNBA,standard,https://static.prizepicks.com/images/manual/Leonie Fiebich.png,15563730,,,,,,Push,,,,,,Dream @ Liberty,2026-10-09T23:30:00Z,Fri 07:30pm,N/A,N/A,ESPN2,,,10/9/2026,15.83,,,,No,,15.83,26,50,50,50,15.83,,0,,15.83,15.83,15.71,15.55,Push
Breanna Stewart + DeWanna BonnerRebounds(Combo),Breanna Stewart + DeWanna BonnerRebounds(Combo)14.5,WNBA,350152,Breanna Stewart + DeWanna Bonner,F,NYL/ATL,Rebounds (Combo),14.5,N/A,10/9/2026,12/30/1899,pre_game,WNBA,standard,https://static.prizepicks.com/images/manual/Breanna Stewart + DeWanna Bonner .png,15591370,,,,,,,,,,,,Dream @ Liberty,2026-10-09T23:30:00Z,Fri 07:30pm,N/A,N/A,ESPN2,,,10/9/2026,,,,,No,,,0,,,,0,,0,,0,0,14.5,0,Push
Sabrina IonescuFGAttempted,Sabrina IonescuFGAttempted14.5,WNBA,237848,Sabrina Ionescu,G,NYL,FG Attempted,14.5,N/A,10/9/2026,12/30/1899,pre_game,WNBA,standard,https://static.prizepicks.com/images/players/WNBA/Sabrina_Ionescu_WNBA_player_P26gx0GUbxv35lMVCUU4z5Q5.webp,15598596,,,,,,,,,,,,Dream @ Liberty,2026-10-09T23:30:00Z,Fri 07:30pm,N/A,N/A,ESPN2,,,10/9/2026,,,,,No,,28.5,20,,,,0,,0,,0,0,14.5,0,Push
Jordin CanadaPoints,Jordin CanadaPoints14,WNBA,197522,Jordin Canada,G,ATL,Points,14,N/A,10/9/2026,12/30/1899,pre_game,WNBA,standard,https://static.prizepicks.com/images/players/WNBA/Jordin_Canada_WNBA_player_nideRIEvnxcNybRbajfbVawY.webp,15544373,13.5,50.23,49.77,-4.11,50.23,Under,https://www.freeiconspng.com/img/1934,,No,3.2,170.5,Dream @ Liberty,2026-10-09T23:30:00Z,Fri 07:30pm,N/A,N/A,ESPN2,,,10/9/2026,13.5,,,,No,LVA,32.25,31,47.98863664,52.01136336,52.01,13.5,12,-0.2047,under,13.5,13.3,13.56,13.5,Best Bet
Naz HillmonPts+Rebs+Asts,Naz HillmonPts+Rebs+Asts14,WNBA,65842,Naz Hillmon,F,ATL,Pts+Rebs+Asts,14,TRUE,10/9/2026,12/30/1899,pre_game,WNBA,standard,https://static.prizepicks.com/images/players/WNBA/Naz_Hillmon_WNBA_player_34IbaiI4YP0vCC24bAHE2a3n.webp,15544429,13.92,51.74,48.26,,51.74,Over,https://www.freeiconspng.com/img/1934,,No,3.2,170.5,Dream @ Liberty,2026-10-09T23:30:00Z,Fri 07:30pm,N/A,N/A,ESPN2,,,10/9/2026,13.92,,,,No,LVA,17.18,30,51.74,48.26,51.74,13.92,15,-0.12,under,13.92,13.8,13.91,0,Push
Leonie FiebichPts+Rebs+Asts,Leonie FiebichPts+Rebs+Asts13.5,WNBA,214769,Leonie Fiebich,F,NYL,Pts+Rebs+Asts,13.5,TRUE,10/9/2026,12/30/1899,pre_game,WNBA,standard,https://static.prizepicks.com/images/manual/Leonie Fiebich.png,15544644,13.5,49.08,50.92,,50.92,Under,https://www.freeiconspng.com/img/1934,,,,,Dream @ Liberty,2026-10-09T23:30:00Z,Fri 07:30pm,N/A,N/A,ESPN2,,,10/9/2026,13.5,,,,No,,15.83,26,49.08,50.92,50.92,13.5,,0,,13.5,13.5,13.5,0,Push
DeWanna BonnerPts+Asts,DeWanna BonnerPts+Asts13.5,WNBA,338881,DeWanna Bonner,GF,ATL,Pts+Asts,13.5,TRUE,10/9/2026,12/30/1899,pre_game,WNBA,standard,https://static.prizepicks.com/images/manual/DeWanna Bonner.png,15591097,13.5,48.9,51.1,-6.71,51.1,Under,https://www.freeiconspng.com/img/1934,,No,3.2,170.5,Dream @ Liberty,2026-10-09T23:30:00Z,Fri 07:30pm,N/A,N/A,ESPN2,,,10/9/2026,13.5,,,,No,,24.92,25,48.9,51.1,51.1,13.5,,0,,13.5,13.5,13.5,0,Push
Angel ReeseFGAttempted,Angel ReeseFGAttempted13.5,WNBA,315793,Angel Reese,F,ATL,FG Attempted,13.5,N/A,10/9/2026,12/30/1899,pre_game,WNBA,standard,https://static.prizepicks.com/images/manual/AngeelesReese.png,15598590,,,,,,,,,No,3.2,170.5,Dream @ Liberty,2026-10-09T23:30:00Z,Fri 07:30pm,N/A,N/A,ESPN2,,,10/9/2026,,,,,No,LVA,35.06,32,,,,0,11,-0.9556,under,0,-0.96,13.5,0,Push
Jordin CanadaFGAttempted,Jordin CanadaFGAttempted13.5,WNBA,197522,Jordin Canada,G,ATL,FG Attempted,13.5,N/A,10/9/2026,12/30/1899,pre_game,WNBA,standard,https://static.prizepicks.com/images/players/WNBA/Jordin_Canada_WNBA_player_nideRIEvnxcNybRbajfbVawY.webp,15598594,,,,,,,,,No,3.2,170.5,Dream @ Liberty,2026-10-09T23:30:00Z,Fri 07:30pm,N/A,N/A,ESPN2,,,10/9/2026,,,,,No,LVA,32.25,31,,,,0,11,-0.9556,under,0,-0.96,13.5,0,Push
Angel ReeseRebs+Asts,Angel ReeseRebs+Asts13,WNBA,315793,Angel Reese,F,ATL,Rebs+Asts,13,N/A,10/9/2026,12/30/1899,pre_game,WNBA,standard,https://static.prizepicks.com/images/manual/AngeelesReese.png,15544344,13,50.51,49.49,-28.77,50.51,Over,https://www.freeiconspng.com/img/1934,,No,3.2,170.5,Dream @ Liberty,2026-10-09T23:30:00Z,Fri 07:30pm,N/A,N/A,ESPN2,,,10/9/2026,13,,,,No,LVA,35.06,32,50.51,49.49,50.51,13,15,-0.12,under,13,12.88,12.97,0,Push
Breanna StewartRebs+Asts,Breanna StewartRebs+Asts12.5,WNBA,237847,Breanna Stewart,F,NYL,Rebs+Asts,12.5,TRUE,10/9/2026,12/30/1899,pre_game,WNBA,standard,https://static.prizepicks.com/images/players/WNBA/Breanna_Stewart_WNBA_player_0QbcmrMWR4KgqkSDi1fYPEeZ.webp,15572890,12.5,50.79,49.21,-8.6,50.79,Over,https://www.freeiconspng.com/img/1934,,,,,Dream @ Liberty,2026-10-09T23:30:00Z,Fri 07:30pm,N/A,N/A,ESPN2,,,10/9/2026,12.5,,,,No,,46.32,33,50.79,49.21,50.79,12.5,,0,,12.5,12.5,12.5,0,Push
Pauline AstierFantasyScore,Pauline AstierFantasyScore12,WNBA,317381,Pauline Astier,G,NYL,Fantasy Score,12,N/A,10/9/2026,12/30/1899,pre_game,WNBA,standard,https://static.prizepicks.com/images/manual/Pauline Astier.png,15563732,,,,,,Under,,,,,,Dream @ Liberty,2026-10-09T23:30:00Z,Fri 07:30pm,N/A,N/A,ESPN2,,,10/9/2026,11.56,,,,No,,11.56,27,48.91,51.09,51.09,11.56,,0,,11.56,11.56,11.75,12.05,Great Bet
Naz HillmonPts+Rebs,Naz HillmonPts+Rebs11.5,WNBA,65842,Naz Hillmon,F,ATL,Pts+Rebs,11.5,TRUE,10/9/2026,12/30/1899,pre_game,WNBA,standard,https://static.prizepicks.com/images/players/WNBA/Naz_Hillmon_WNBA_player_34IbaiI4YP0vCC24bAHE2a3n.webp,15544290,11.5,52.81,47.19,-5.52,52.81,Over,https://www.freeiconspng.com/img/1934,,No,3.2,170.5,Dream @ Liberty,2026-10-09T23:30:00Z,Fri 07:30pm,N/A,N/A,ESPN2,,,10/9/2026,11.5,,,,No,LVA,17.18,30,52.81,47.19,52.81,11.5,15,-0.12,under,11.5,11.38,11.47,0,Push
Leonie FiebichPts+Rebs,Leonie FiebichPts+Rebs11,WNBA,214769,Leonie Fiebich,F,NYL,Pts+Rebs,11,N/A,10/9/2026,12/30/1899,pre_game,WNBA,standard,https://static.prizepicks.com/images/manual/Leonie Fiebich.png,15544426,11.5,48.3,51.7,-6.11,51.7,Under,https://www.freeiconspng.com/img/1934,,,,,Dream @ Liberty,2026-10-09T23:30:00Z,Fri 07:30pm,N/A,N/A,ESPN2,,,10/9/2026,11.5,,,,No,,15.83,26,48.00831723,51.99168277,50,11.5,,0,,11.5,11.5,11.38,0,Push
Jordin CanadaRebs+Asts,Jordin CanadaRebs+Asts10.5,WNBA,197522,Jordin Canada,G,ATL,Rebs+Asts,10.5,TRUE,10/9/2026,12/30/1899,pre_game,WNBA,standard,https://static.prizepicks.com/images/players/WNBA/Jordin_Canada_WNBA_player_nideRIEvnxcNybRbajfbVawY.webp,15544411,10.5,49.53,50.47,-7.34,50.47,Under,https://www.freeiconspng.com/img/1934,,No,3.2,170.5,Dream @ Liberty,2026-10-09T23:30:00Z,Fri 07:30pm,N/A,N/A,ESPN2,,,10/9/2026,10.5,,,,No,LVA,32.25,31,49.53,50.47,50.47,10.5,15,-0.12,under,10.5,10.38,10.47,0,Push
Angel ReeseRebounds,Angel ReeseRebounds10.5,WNBA,315793,Angel Reese,F,ATL,Rebounds,10.5,TRUE,10/9/2026,12/30/1899,pre_game,WNBA,standard,https://static.prizepicks.com/images/manual/AngeelesReese.png,15544542,10.5,51.57,48.43,-4.38,51.57,Over,https://www.freeiconspng.com/img/1934,,No,3.2,170.5,Dream @ Liberty,2026-10-09T23:30:00Z,Fri 07:30pm,N/A,N/A,ESPN2,,,10/9/2026,10.5,,,,No,LVA,35.06,32,51.57,48.43,51.57,10.5,15,-0.12,under,10.5,10.38,10.48,10.5,Push
DeWanna BonnerFGAttempted,DeWanna BonnerFGAttempted10.5,WNBA,338881,DeWanna Bonner,GF,ATL,FG Attempted,10.5,N/A,10/9/2026,12/30/1899,pre_game,WNBA,standard,https://static.prizepicks.com/images/manual/DeWanna Bonner.png,15598592,,,,,,,,,No,3.2,170.5,Dream @ Liberty,2026-10-09T23:30:00Z,Fri 07:30pm,N/A,N/A,ESPN2,,,10/9/2026,,,,,No,,24.92,25,,,,0,,0,,0,0,10.5,0,Push
Jonquel JonesFGAttempted,Jonquel JonesFGAttempted10.5,WNBA,237849,Jonquel Jones,C,NYL,FG Attempted,10.5,N/A,10/9/2026,12/30/1899,pre_game,WNBA,standard,https://static.prizepicks.com/images/players/WNBA/Jonquel_Jones_WNBA_player_TqkCFBXssXmlPoyGSqO8lyJI.webp,15598593,,,,,,,,,,,,Dream @ Liberty,2026-10-09T23:30:00Z,Fri 07:30pm,N/A,N/A,ESPN2,,,10/9/2026,,,,,No,,34.15,29,,,,0,,0,,0,0,10.5,0,Push
Leonie FiebichPts+Asts,Leonie FiebichPts+Asts9.5,WNBA,214769,Leonie Fiebich,F,NYL,Pts+Asts,9.5,TRUE,10/9/2026,12/30/1899,pre_game,WNBA,standard,https://static.prizepicks.com/images/manual/Leonie Fiebich.png,15544312,9.5,50.99,49.01,-2.06,50.99,Over,https://www.freeiconspng.com/img/1934,,,,,Dream @ Liberty,2026-10-09T23:30:00Z,Fri 07:30pm,N/A,N/A,ESPN2,,,10/9/2026,9.5,,,,No,,15.83,26,50.99,49.01,50.99,9.5,,0,,9.5,9.5,9.5,0,Push
Naz HillmonPts+Asts,Naz HillmonPts+Asts9.5,WNBA,65842,Naz Hillmon,F,ATL,Pts+Asts,9.5,TRUE,10/9/2026,12/30/1899,pre_game,WNBA,standard,https://static.prizepicks.com/images/players/WNBA/Naz_Hillmon_WNBA_player_34IbaiI4YP0vCC24bAHE2a3n.webp,15544315,9.5,50.34,49.66,-8.15,50.34,Over,https://www.freeiconspng.com/img/1934,,No,3.2,170.5,Dream @ Liberty,2026-10-09T23:30:00Z,Fri 07:30pm,N/A,N/A,ESPN2,,,10/9/2026,9.5,,,,No,LVA,17.18,30,50.34,49.66,50.34,9.5,11,-0.9556,under,9.5,8.54,9.26,0,Push
Jonquel JonesRebounds,Jonquel JonesRebounds9.5,WNBA,237849,Jonquel Jones,C,NYL,Rebounds,9.5,TRUE,10/9/2026,12/30/1899,pre_game,WNBA,standard,https://static.prizepicks.com/images/players/WNBA/Jonquel_Jones_WNBA_player_TqkCFBXssXmlPoyGSqO8lyJI.webp,15544595,9.5,50.47,49.53,-3.74,50.47,Over,https://www.freeiconspng.com/img/1934,,,,,Dream @ Liberty,2026-10-09T23:30:00Z,Fri 07:30pm,N/A,N/A,ESPN2,,,10/9/2026,9.5,,,,No,,34.15,29,50.47,49.53,50.47,9.5,,0,,9.5,9.5,9.5,9.5,Push
Pauline AstierPts+Rebs+Asts,Pauline AstierPts+Rebs+Asts9,WNBA,317381,Pauline Astier,G,NYL,Pts+Rebs+Asts,9,TRUE,10/9/2026,12/30/1899,pre_game,WNBA,standard,https://static.prizepicks.com/images/manual/Pauline Astier.png,15544713,9.5,47.73,52.27,,52.27,Under,https://www.freeiconspng.com/img/1934,,,,,Dream @ Liberty,2026-10-09T23:30:00Z,Fri 07:30pm,N/A,N/A,ESPN2,,,10/9/2026,9.5,,,,No,,11.56,27,47.67009241,52.32990759,52.33,9.5,,0,,9.5,9.5,9.38,0,Push
Breanna StewartRebounds,Breanna StewartRebounds8.5,WNBA,237847,Breanna Stewart,F,NYL,Rebounds,8.5,N/A,10/9/2026,12/30/1899,pre_game,WNBA,standard,https://static.prizepicks.com/images/players/WNBA/Breanna_Stewart_WNBA_player_0QbcmrMWR4KgqkSDi1fYPEeZ.webp,15544474,8.5,49.44,50.56,-4.39,50.56,Under,https://www.freeiconspng.com/img/1934,,,,,Dream @ Liberty,2026-10-09T23:30:00Z,Fri 07:30pm,N/A,N/A,ESPN2,,,10/9/2026,8.5,,,,No,,46.32,33,49.44,50.56,50.56,8.5,,0,,8.5,8.5,8.5,8.5,Best Bet
Sabrina Ionescu + Rhyne HowardAssists(Combo),Sabrina Ionescu + Rhyne HowardAssists(Combo)8.5,WNBA,346445,Sabrina Ionescu + Rhyne Howard,G,NYL/ATL,Assists (Combo),8.5,N/A,10/9/2026,12/30/1899,pre_game,WNBA,standard,https://static.prizepicks.com/images/players/CMBO_group_eft2FNt0c6bRfe5dJ0ccV5t.webp,15548505,,,,,,,,,,,,Dream @ Liberty,2026-10-09T23:30:00Z,Fri 07:30pm,N/A,N/A,ESPN2,,,10/9/2026,,,,,No,,,0,,,,0,,0,,0,0,8.5,0,Push
Rhyne HowardTwoPointersAttempted,Rhyne HowardTwoPointersAttempted8.5,WNBA,237831,Rhyne Howard,G,ATL,Two Pointers Attempted,8.5,N/A,10/9/2026,12/30/1899,pre_game,WNBA,standard,https://static.prizepicks.com/images/players/WNBA/Rhyne_Howard_WNBA_player_EHb8PvO3NcqnZYZhVJsHND96.webp,15598636,,,,,,,,,No,3.2,170.5,Dream @ Liberty,2026-10-09T23:30:00Z,Fri 07:30pm,N/A,N/A,ESPN2,,,10/9/2026,,,,,No,LVA,37.23,35,,,,0,11,-0.9556,under,0,-0.96,8.5,0,Push
Sabrina IonescuRebs+Asts,Sabrina IonescuRebs+Asts8,WNBA,237848,Sabrina Ionescu,G,NYL,Rebs+Asts,8,N/A,10/9/2026,12/30/1899,pre_game,WNBA,standard,https://static.prizepicks.com/images/players/WNBA/Sabrina_Ionescu_WNBA_player_P26gx0GUbxv35lMVCUU4z5Q5.webp,15544388,8.5,48.22,51.78,-6.03,51.78,Under,https://www.freeiconspng.com/img/1934,,,,,Dream @ Liberty,2026-10-09T23:30:00Z,Fri 07:30pm,N/A,N/A,ESPN2,,,10/9/2026,8.5,,,,No,,28.5,20,47.84165583,52.15834417,52.16,8.5,,0,,8.5,8.5,8.38,0,Push
Rhyne HowardRebs+Asts,Rhyne HowardRebs+Asts8,WNBA,237831,Rhyne Howard,G,ATL,Rebs+Asts,8,TRUE,10/9/2026,12/30/1899,pre_game,WNBA,standard,https://static.prizepicks.com/images/players/WNBA/Rhyne_Howard_WNBA_player_EHb8PvO3NcqnZYZhVJsHND96.webp,15544663,7.75,53.42,46.58,-7.21,53.42,Under,https://www.freeiconspng.com/img/1934,,No,3.2,170.5,Dream @ Liberty,2026-10-09T23:30:00Z,Fri 07:30pm,N/A,N/A,ESPN2,,,10/9/2026,7.75,,,,No,LVA,37.23,35,47.58692928,52.41307072,52.41,7.75,15,-0.12,under,7.75,7.63,7.78,0,Push
Breanna Stewart + Rhyne HowardAssists(Combo),Breanna Stewart + Rhyne HowardAssists(Combo)8,WNBA,346440,Breanna Stewart + Rhyne Howard,F,NYL/ATL,Assists (Combo),8,N/A,10/9/2026,12/30/1899,pre_game,WNBA,standard,https://static.prizepicks.com/images/players/CMBO_group_ymBAUZkDXVGVuHw3uRy9SY8.webp,15548503,,,,,,,,,,,,Dream @ Liberty,2026-10-09T23:30:00Z,Fri 07:30pm,N/A,N/A,ESPN2,,,10/9/2026,,,,,No,,,0,,,,0,,0,,0,0,8,0,Push
Breanna StewartFGMade,Breanna StewartFGMade8,WNBA,237847,Breanna Stewart,F,NYL,FG Made,8,N/A,10/9/2026,12/30/1899,pre_game,WNBA,standard,https://static.prizepicks.com/images/players/WNBA/Breanna_Stewart_WNBA_player_0QbcmrMWR4KgqkSDi1fYPEeZ.webp,15598584,,,,,,,,,,,,Dream @ Liberty,2026-10-09T23:30:00Z,Fri 07:30pm,N/A,N/A,ESPN2,,,10/9/2026,,,,,No,,46.32,33,,,,0,,0,,0,0,8,0,Push
Rhyne Howard3-PTAttempted,Rhyne Howard3-PTAttempted8,WNBA,237831,Rhyne Howard,G,ATL,3-PT Attempted,8,N/A,10/9/2026,12/30/1899,pre_game,WNBA,standard,https://static.prizepicks.com/images/players/WNBA/Rhyne_Howard_WNBA_player_EHb8PvO3NcqnZYZhVJsHND96.webp,15598608,,,,,,,,,No,3.2,170.5,Dream @ Liberty,2026-10-09T23:30:00Z,Fri 07:30pm,N/A,N/A,ESPN2,,,10/9/2026,,,,,No,LVA,37.23,35,,,,0,11,-0.9556,under,0,-0.96,8,0,Push
Leonie FiebichPoints,Leonie FiebichPoints7.5,WNBA,214769,Leonie Fiebich,F,NYL,Points,7.5,TRUE,10/9/2026,12/30/1899,pre_game,WNBA,standard,https://static.prizepicks.com/images/manual/Leonie Fiebich.png,15544638,7.5,50.7,49.3,-4.62,50.7,Over,https://www.freeiconspng.com/img/1934,,,,,Dream @ Liberty,2026-10-09T23:30:00Z,Fri 07:30pm,N/A,N/A,ESPN2,,,10/9/2026,7.5,,,,No,,15.83,26,50.7,49.3,50.7,7.5,,0,,7.5,7.5,7.1,5.5,Push
Breanna StewartDefensiveRebounds,Breanna StewartDefensiveRebounds7.5,WNBA,237847,Breanna Stewart,F,NYL,Defensive Rebounds,7.5,N/A,10/9/2026,12/30/1899,pre_game,WNBA,standard,https://static.prizepicks.com/images/players/WNBA/Breanna_Stewart_WNBA_player_0QbcmrMWR4KgqkSDi1fYPEeZ.webp,15597472,,,,,,,,,,,,Dream @ Liberty,2026-10-09T23:30:00Z,Fri 07:30pm,N/A,N/A,ESPN2,,,10/9/2026,,,,,No,,46.32,33,,,,0,,0,,0,0,7.5,0,Push
Jonquel JonesDefensiveRebounds,Jonquel JonesDefensiveRebounds7.5,WNBA,237849,Jonquel Jones,C,NYL,Defensive Rebounds,7.5,N/A,10/9/2026,12/30/1899,pre_game,WNBA,standard,https://static.prizepicks.com/images/players/WNBA/Jonquel_Jones_WNBA_player_TqkCFBXssXmlPoyGSqO8lyJI.webp,15597473,,,,,,,,,,,,Dream @ Liberty,2026-10-09T23:30:00Z,Fri 07:30pm,N/A,N/A,ESPN2,,,10/9/2026,,,,,No,,34.15,29,,,,0,,0,,0,0,7.5,0,Push
Sabrina Ionescu3-PTAttempted,Sabrina Ionescu3-PTAttempted7.5,WNBA,237848,Sabrina Ionescu,G,NYL,3-PT Attempted,7.5,N/A,10/9/2026,12/30/1899,pre_game,WNBA,standard,https://static.prizepicks.com/images/players/WNBA/Sabrina_Ionescu_WNBA_player_P26gx0GUbxv35lMVCUU4z5Q5.webp,15598611,,,,,,,,,,,,Dream @ Liberty,2026-10-09T23:30:00Z,Fri 07:30pm,N/A,N/A,ESPN2,,,10/9/2026,,,,,No,,28.5,20,,,,0,,0,,0,0,7.5,0,Push
Breanna StewartFreeThrowsAttempted,Breanna StewartFreeThrowsAttempted7.5,WNBA,237847,Breanna Stewart,F,NYL,Free Throws Attempted,7.5,N/A,10/9/2026,12/30/1899,pre_game,WNBA,standard,https://static.prizepicks.com/images/players/WNBA/Breanna_Stewart_WNBA_player_0QbcmrMWR4KgqkSDi1fYPEeZ.webp,15598615,,,,,,,,,,,,Dream @ Liberty,2026-10-09T23:30:00Z,Fri 07:30pm,N/A,N/A,ESPN2,,,10/9/2026,,,,,No,,46.32,33,,,,0,,0,,0,0,7.5,0,Push
Jordin CanadaTwoPointersAttempted,Jordin CanadaTwoPointersAttempted7.5,WNBA,197522,Jordin Canada,G,ATL,Two Pointers Attempted,7.5,N/A,10/9/2026,12/30/1899,pre_game,WNBA,standard,https://static.prizepicks.com/images/players/WNBA/Jordin_Canada_WNBA_player_nideRIEvnxcNybRbajfbVawY.webp,15598635,,,,,,,,,No,3.2,170.5,Dream @ Liberty,2026-10-09T23:30:00Z,Fri 07:30pm,N/A,N/A,ESPN2,,,10/9/2026,,,,,No,LVA,32.25,31,,,,0,11,-0.9556,under,0,-0.96,7.5,0,Push
Naz HillmonPoints,Naz HillmonPoints7,WNBA,65842,Naz Hillmon,F,ATL,Points,7,N/A,10/9/2026,12/30/1899,pre_game,WNBA,standard,https://static.prizepicks.com/images/players/WNBA/Naz_Hillmon_WNBA_player_34IbaiI4YP0vCC24bAHE2a3n.webp,15544529,7.5,49.28,50.72,-4.64,50.72,Under,https://www.freeiconspng.com/img/1934,,No,3.2,170.5,Dream @ Liberty,2026-10-09T23:30:00Z,Fri 07:30pm,N/A,N/A,ESPN2,,,10/9/2026,7.5,,,,No,LVA,17.18,30,48.26243291,51.73756709,50,7.5,12,-0.2047,under,7.5,7.3,7.36,7.5,Push
Jordin CanadaAssists,Jordin CanadaAssists7,WNBA,197522,Jordin Canada,G,ATL,Assists,7,TRUE,10/9/2026,12/30/1899,pre_game,WNBA,standard,https://static.prizepicks.com/images/players/WNBA/Jordin_Canada_WNBA_player_nideRIEvnxcNybRbajfbVawY.webp,15544618,7.5,46.52,53.48,-5.87,53.48,Under,https://www.freeiconspng.com/img/1934,,No,3.2,170.5,Dream @ Liberty,2026-10-09T23:30:00Z,Fri 07:30pm,N/A,N/A,ESPN2,,,10/9/2026,7.5,,,,No,LVA,32.25,31,47.02043291,52.97956709,52.98,7.5,14,-0.0722,under,7.5,7.43,7.39,7.5,Push
Pauline AstierPts+Rebs,Pauline AstierPts+Rebs7,WNBA,317381,Pauline Astier,G,NYL,Pts+Rebs,7,TRUE,10/9/2026,12/30/1899,pre_game,WNBA,standard,https://static.prizepicks.com/images/manual/Pauline Astier.png,15544710,7.13,49.91,50.09,-7.72,50.09,Under,https://www.freeiconspng.com/img/1934,,,,,Dream @ Liberty,2026-10-09T23:30:00Z,Fri 07:30pm,N/A,N/A,ESPN2,,,10/9/2026,7.13,,,,No,,11.56,27,47.53739459,52.46260541,52.46,7.13,,0,,7.13,7.13,7.1,0,Push
Pauline AstierPts+Asts,Pauline AstierPts+Asts7,WNBA,317381,Pauline Astier,G,NYL,Pts+Asts,7,TRUE,10/9/2026,12/30/1899,pre_game,WNBA,standard,https://static.prizepicks.com/images/manual/Pauline Astier.png,15545562,7.25,48.47,51.53,,51.53,Under,https://www.freeiconspng.com/img/1934,,,,,Dream @ Liberty,2026-10-09T23:30:00Z,Fri 07:30pm,N/A,N/A,ESPN2,,,10/9/2026,7.25,,,,No,,11.56,27,47.48027977,52.51972023,52.52,7.25,,0,,7.25,7.25,7.19,0,Push
Naz HillmonRebs+Asts,Naz HillmonRebs+Asts6.5,WNBA,65842,Naz Hillmon,F,ATL,Rebs+Asts,6.5,TRUE,10/9/2026,12/30/1899,pre_game,WNBA,standard,https://static.prizepicks.com/images/players/WNBA/Naz_Hillmon_WNBA_player_34IbaiI4YP0vCC24bAHE2a3n.webp,15577988,6.5,48.08,51.92,-5.89,51.92,Under,https://www.freeiconspng.com/img/1934,,No,3.2,170.5,Dream @ Liberty,2026-10-09T23:30:00Z,Fri 07:30pm,N/A,N/A,ESPN2,,,10/9/2026,6.5,,,,No,LVA,17.18,30,48.08,51.92,51.92,6.5,15,-0.12,under,6.5,6.38,6.47,0,Push
Angel ReeseDefensiveRebounds,Angel ReeseDefensiveRebounds6.5,WNBA,315793,Angel Reese,F,ATL,Defensive Rebounds,6.5,N/A,10/9/2026,12/30/1899,pre_game,WNBA,standard,https://static.prizepicks.com/images/manual/AngeelesReese.png,15597471,,,,,,,,,No,3.2,170.5,Dream @ Liberty,2026-10-09T23:30:00Z,Fri 07:30pm,N/A,N/A,ESPN2,,,10/9/2026,,,,,No,LVA,35.06,32,,,,0,15,-0.12,under,0,-0.12,6.5,0,Push
Breanna StewartFreeThrowsMade,Breanna StewartFreeThrowsMade6.5,WNBA,237847,Breanna Stewart,F,NYL,Free Throws Made,6.5,N/A,10/9/2026,12/30/1899,pre_game,WNBA,standard,https://static.prizepicks.com/images/players/WNBA/Breanna_Stewart_WNBA_player_0QbcmrMWR4KgqkSDi1fYPEeZ.webp,15598578,,,,,,,,,,,,Dream @ Liberty,2026-10-09T23:30:00Z,Fri 07:30pm,N/A,N/A,ESPN2,,,10/9/2026,,,,,No,,46.32,33,,,,0,,0,,0,0,6.5,0,Push
Sabrina IonescuTwoPointersAttempted,Sabrina IonescuTwoPointersAttempted6.5,WNBA,237848,Sabrina Ionescu,G,NYL,Two Pointers Attempted,6.5,N/A,10/9/2026,12/30/1899,pre_game,WNBA,standard,https://static.prizepicks.com/images/players/WNBA/Sabrina_Ionescu_WNBA_player_P26gx0GUbxv35lMVCUU4z5Q5.webp,15598637,,,,,,,,,,,,Dream @ Liberty,2026-10-09T23:30:00Z,Fri 07:30pm,N/A,N/A,ESPN2,,,10/9/2026,,,,,No,,28.5,20,,,,0,,0,,0,0,6.5,0,Push
DeWanna BonnerRebounds,DeWanna BonnerRebounds6,WNBA,338881,DeWanna Bonner,GF,ATL,Rebounds,6,N/A,10/9/2026,12/30/1899,pre_game,WNBA,standard,https://static.prizepicks.com/images/manual/DeWanna Bonner.png,15563168,6.5,43.15,56.85,-4.84,56.85,Under,https://www.freeiconspng.com/img/1934,,No,3.2,170.5,Dream @ Liberty,2026-10-09T23:30:00Z,Fri 07:30pm,N/A,N/A,ESPN2,,,10/9/2026,6.5,,,,No,,24.92,25,45.43820541,54.56179459,54.56,6.5,,0,,6.5,6.5,6.4,6.5,Push
Angel ReeseFGMade,Angel ReeseFGMade6,WNBA,315793,Angel Reese,F,ATL,FG Made,6,N/A,10/9/2026,12/30/1899,pre_game,WNBA,standard,https://static.prizepicks.com/images/manual/AngeelesReese.png,15598583,,,,,,,,,No,3.2,170.5,Dream @ Liberty,2026-10-09T23:30:00Z,Fri 07:30pm,N/A,N/A,ESPN2,,,10/9/2026,,,,,No,LVA,35.06,32,,,,0,11,-0.9556,under,0,-0.96,6,0,Push
Rhyne HowardFGMade,Rhyne HowardFGMade6,WNBA,237831,Rhyne Howard,G,ATL,FG Made,6,N/A,10/9/2026,12/30/1899,pre_game,WNBA,standard,https://static.prizepicks.com/images/players/WNBA/Rhyne_Howard_WNBA_player_EHb8PvO3NcqnZYZhVJsHND96.webp,15598588,,,,,,,,,No,3.2,170.5,Dream @ Liberty,2026-10-09T23:30:00Z,Fri 07:30pm,N/A,N/A,ESPN2,,,10/9/2026,,,,,No,LVA,37.23,35,,,,0,11,-0.9556,under,0,-0.96,6,0,Push
Jonquel JonesTwoPointersAttempted,Jonquel JonesTwoPointersAttempted6,WNBA,237849,Jonquel Jones,C,NYL,Two Pointers Attempted,6,N/A,10/9/2026,12/30/1899,pre_game,WNBA,standard,https://static.prizepicks.com/images/players/WNBA/Jonquel_Jones_WNBA_player_TqkCFBXssXmlPoyGSqO8lyJI.webp,15598633,,,,,,,,,,,,Dream @ Liberty,2026-10-09T23:30:00Z,Fri 07:30pm,N/A,N/A,ESPN2,,,10/9/2026,,,,,No,,34.15,29,,,,0,,0,,0,0,6,0,Push
Leonie FiebichRebs+Asts,Leonie FiebichRebs+Asts5.5,WNBA,214769,Leonie Fiebich,F,NYL,Rebs+Asts,5.5,N/A,10/9/2026,12/30/1899,pre_game,WNBA,standard,https://static.prizepicks.com/images/manual/Leonie Fiebich.png,15544260,5.5,50.08,49.92,-7.89,50.08,Over,https://www.freeiconspng.com/img/1934,,,,,Dream @ Liberty,2026-10-09T23:30:00Z,Fri 07:30pm,N/A,N/A,ESPN2,,,10/9/2026,5.5,,,,No,,15.83,26,50.08,49.92,50.08,5.5,,0,,5.5,5.5,5.5,0,Push
Jonquel JonesFGMade,Jonquel JonesFGMade5.5,WNBA,237849,Jonquel Jones,C,NYL,FG Made,5.5,N/A,10/9/2026,12/30/1899,pre_game,WNBA,standard,https://static.prizepicks.com/images/players/WNBA/Jonquel_Jones_WNBA_player_TqkCFBXssXmlPoyGSqO8lyJI.webp,15598586,,,,,,,,,,,,Dream @ Liberty,2026-10-09T23:30:00Z,Fri 07:30pm,N/A,N/A,ESPN2,,,10/9/2026,,,,,No,,34.15,29,,,,0,,0,,0,0,5.5,0,Push
Jordin Canada3-PTAttempted,Jordin Canada3-PTAttempted5.5,WNBA,197522,Jordin Canada,G,ATL,3-PT Attempted,5.5,N/A,10/9/2026,12/30/1899,pre_game,WNBA,standard,https://static.prizepicks.com/images/players/WNBA/Jordin_Canada_WNBA_player_nideRIEvnxcNybRbajfbVawY.webp,15598605,,,,,,,,,No,3.2,170.5,Dream @ Liberty,2026-10-09T23:30:00Z,Fri 07:30pm,N/A,N/A,ESPN2,,,10/9/2026,,,,,No,LVA,32.25,31,,,,0,11,-0.9556,under,0,-0.96,5.5,0,Push
Angel ReeseFreeThrowsAttempted,Angel ReeseFreeThrowsAttempted5.5,WNBA,315793,Angel Reese,F,ATL,Free Throws Attempted,5.5,N/A,10/9/2026,12/30/1899,pre_game,WNBA,standard,https://static.prizepicks.com/images/manual/AngeelesReese.png,15598613,,,,,,,,,No,3.2,170.5,Dream @ Liberty,2026-10-09T23:30:00Z,Fri 07:30pm,N/A,N/A,ESPN2,,,10/9/2026,,,,,No,LVA,35.06,32,,,,0,11,-0.9556,under,0,-0.96,5.5,0,Push
Sabrina Ionescu + Rhyne Howard3-PTMade(Combo),Sabrina Ionescu + Rhyne Howard3-PTMade(Combo)5,WNBA,346445,Sabrina Ionescu + Rhyne Howard,G,NYL/ATL,3-PT Made (Combo),5,N/A,10/9/2026,12/30/1899,pre_game,WNBA,standard,https://static.prizepicks.com/images/players/CMBO_group_eft2FNt0c6bRfe5dJ0ccV5t.webp,15548506,,,,,,,,,,,,Dream @ Liberty,2026-10-09T23:30:00Z,Fri 07:30pm,N/A,N/A,ESPN2,,,10/9/2026,,,,,No,,,0,,,,0,,0,,0,0,5,0,Push
Jonquel Jones + Rhyne Howard3-PTMade(Combo),Jonquel Jones + Rhyne Howard3-PTMade(Combo)5,WNBA,346442,Jonquel Jones + Rhyne Howard,C,NYL/ATL,3-PT Made (Combo),5,N/A,10/9/2026,12/30/1899,pre_game,WNBA,standard,https://static.prizepicks.com/images/players/CMBO_group_9o91YmgN9EiIUzRjPKjemnkR.webp,15548507,,,,,,,,,,,,Dream @ Liberty,2026-10-09T23:30:00Z,Fri 07:30pm,N/A,N/A,ESPN2,,,10/9/2026,,,,,No,,,0,,,,0,,0,,0,0,5,0,Push
Jordin CanadaFGMade,Jordin CanadaFGMade5,WNBA,197522,Jordin Canada,G,ATL,FG Made,5,N/A,10/9/2026,12/30/1899,pre_game,WNBA,standard,https://static.prizepicks.com/images/players/WNBA/Jordin_Canada_WNBA_player_nideRIEvnxcNybRbajfbVawY.webp,15598587,,,,,,,,,No,3.2,170.5,Dream @ Liberty,2026-10-09T23:30:00Z,Fri 07:30pm,N/A,N/A,ESPN2,,,10/9/2026,,,,,No,LVA,32.25,31,,,,0,11,-0.9556,under,0,-0.96,5,0,Push
Sabrina IonescuFGMade,Sabrina IonescuFGMade5,WNBA,237848,Sabrina Ionescu,G,NYL,FG Made,5,N/A,10/9/2026,12/30/1899,pre_game,WNBA,standard,https://static.prizepicks.com/images/players/WNBA/Sabrina_Ionescu_WNBA_player_P26gx0GUbxv35lMVCUU4z5Q5.webp,15598589,,,,,,,,,,,,Dream @ Liberty,2026-10-09T23:30:00Z,Fri 07:30pm,N/A,N/A,ESPN2,,,10/9/2026,,,,,No,,28.5,20,,,,0,,0,,0,0,5,0,Push
Sabrina IonescuAssists,Sabrina IonescuAssists4.5,WNBA,237848,Sabrina Ionescu,G,NYL,Assists,4.5,TRUE,10/9/2026,12/30/1899,pre_game,WNBA,standard,https://static.prizepicks.com/images/players/WNBA/Sabrina_Ionescu_WNBA_player_P26gx0GUbxv35lMVCUU4z5Q5.webp,15544409,4.5,50.41,49.59,-3.68,50.41,Over,https://www.freeiconspng.com/img/1934,,,,,Dream @ Liberty,2026-10-09T23:30:00Z,Fri 07:30pm,N/A,N/A,ESPN2,,,10/9/2026,4.5,,,,No,,28.5,20,50.41,49.59,50.41,4.5,,0,,4.5,4.5,4.5,4.5,Push
Pauline AstierPoints,Pauline AstierPoints4.5,WNBA,317381,Pauline Astier,G,NYL,Points,4.5,TRUE,10/9/2026,12/30/1899,pre_game,WNBA,standard,https://static.prizepicks.com/images/manual/Pauline Astier.png,15544697,5.19,48.22,51.78,-6.73,51.78,Under,https://www.freeiconspng.com/img/1934,,,,,Dream @ Liberty,2026-10-09T23:30:00Z,Fri 07:30pm,N/A,N/A,ESPN2,,,10/9/2026,5.19,,,,No,,11.56,27,47.86076916,52.13923084,52.14,5.19,,0,,5.19,5.19,5.11,5.5,Push
DeWanna Bonner3-PTAttempted,DeWanna Bonner3-PTAttempted4.5,WNBA,338881,DeWanna Bonner,GF,ATL,3-PT Attempted,4.5,N/A,10/9/2026,12/30/1899,pre_game,WNBA,standard,https://static.prizepicks.com/images/manual/DeWanna Bonner.png,15598601,,,,,,,,,No,3.2,170.5,Dream @ Liberty,2026-10-09T23:30:00Z,Fri 07:30pm,N/A,N/A,ESPN2,,,10/9/2026,,,,,No,,24.92,25,,,,0,,0,,0,0,4.5,0,Push
Jonquel Jones3-PTAttempted,Jonquel Jones3-PTAttempted4.5,WNBA,237849,Jonquel Jones,C,NYL,3-PT Attempted,4.5,N/A,10/9/2026,12/30/1899,pre_game,WNBA,standard,https://static.prizepicks.com/images/players/WNBA/Jonquel_Jones_WNBA_player_TqkCFBXssXmlPoyGSqO8lyJI.webp,15598604,,,,,,,,,,,,Dream @ Liberty,2026-10-09T23:30:00Z,Fri 07:30pm,N/A,N/A,ESPN2,,,10/9/2026,,,,,No,,34.15,29,,,,0,,0,,0,0,4.5,0,Push
Naz HillmonRebounds,Naz HillmonRebounds4,WNBA,65842,Naz Hillmon,F,ATL,Rebounds,4,N/A,10/9/2026,12/30/1899,pre_game,WNBA,standard,https://static.prizepicks.com/images/players/WNBA/Naz_Hillmon_WNBA_player_34IbaiI4YP0vCC24bAHE2a3n.webp,15544599,4.5,45.64,54.36,-3.8,54.36,Under,https://www.freeiconspng.com/img/1934,,No,3.2,170.5,Dream @ Liberty,2026-10-09T23:30:00Z,Fri 07:30pm,N/A,N/A,ESPN2,,,10/9/2026,4.5,,,,No,LVA,17.18,30,46.38313772,53.61686228,53.62,4.5,15,-0.12,under,4.5,4.38,4.38,4.5,Push
Rhyne HowardAssists,Rhyne HowardAssists4,WNBA,237831,Rhyne Howard,G,ATL,Assists,4,TRUE,10/9/2026,12/30/1899,pre_game,WNBA,standard,https://static.prizepicks.com/images/players/WNBA/Rhyne_Howard_WNBA_player_EHb8PvO3NcqnZYZhVJsHND96.webp,15544694,3.5,55.83,44.17,-1.07,55.83,Under,https://www.freeiconspng.com/img/1934,,No,3.2,170.5,Dream @ Liberty,2026-10-09T23:30:00Z,Fri 07:30pm,N/A,N/A,ESPN2,,,10/9/2026,3.5,,,,No,LVA,37.23,35,49.49472066,50.50527934,50,3.5,14,-0.0722,under,3.5,3.43,3.59,3.5,Best Bet
Rhyne HowardRebounds,Rhyne HowardRebounds4,WNBA,237831,Rhyne Howard,G,ATL,Rebounds,4,N/A,10/9/2026,12/30/1899,pre_game,WNBA,standard,https://static.prizepicks.com/images/players/WNBA/Rhyne_Howard_WNBA_player_EHb8PvO3NcqnZYZhVJsHND96.webp,15563169,3.5,56.7,43.3,-4.39,56.7,Under,https://www.freeiconspng.com/img/1934,,No,3.2,170.5,Dream @ Liberty,2026-10-09T23:30:00Z,Fri 07:30pm,N/A,N/A,ESPN2,,,10/9/2026,3.5,,,,No,LVA,37.23,35,49.88622066,50.11377934,50,3.5,15,-0.12,under,3.5,3.38,3.58,3.5,Best Bet
Angel ReeseOffensiveRebounds,Angel ReeseOffensiveRebounds4,WNBA,315793,Angel Reese,F,ATL,Offensive Rebounds,4,N/A,10/9/2026,12/30/1899,pre_game,WNBA,standard,https://static.prizepicks.com/images/manual/AngeelesReese.png,15597466,,,,,,,,,No,3.2,170.5,Dream @ Liberty,2026-10-09T23:30:00Z,Fri 07:30pm,N/A,N/A,ESPN2,,,10/9/2026,,,,,No,LVA,35.06,32,,,,0,15,-0.12,under,0,-0.12,4.25,4.5,Push
Angel ReeseFreeThrowsMade,Angel ReeseFreeThrowsMade4,WNBA,315793,Angel Reese,F,ATL,Free Throws Made,4,N/A,10/9/2026,12/30/1899,pre_game,WNBA,standard,https://static.prizepicks.com/images/manual/AngeelesReese.png,15598577,,,,,,,,,No,3.2,170.5,Dream @ Liberty,2026-10-09T23:30:00Z,Fri 07:30pm,N/A,N/A,ESPN2,,,10/9/2026,,,,,No,LVA,35.06,32,,,,0,11,-0.9556,under,0,-0.96,4,0,Push
DeWanna BonnerFGMade,DeWanna BonnerFGMade4,WNBA,338881,DeWanna Bonner,GF,ATL,FG Made,4,N/A,10/9/2026,12/30/1899,pre_game,WNBA,standard,https://static.prizepicks.com/images/manual/DeWanna Bonner.png,15598585,,,,,,,,,No,3.2,170.5,Dream @ Liberty,2026-10-09T23:30:00Z,Fri 07:30pm,N/A,N/A,ESPN2,,,10/9/2026,,,,,No,,24.92,25,,,,0,,0,,0,0,4,0,Push
Rhyne HowardFreeThrowsAttempted,Rhyne HowardFreeThrowsAttempted4,WNBA,237831,Rhyne Howard,G,ATL,Free Throws Attempted,4,N/A,10/9/2026,12/30/1899,pre_game,WNBA,standard,https://static.prizepicks.com/images/players/WNBA/Rhyne_Howard_WNBA_player_EHb8PvO3NcqnZYZhVJsHND96.webp,15598622,,,,,,,,,No,3.2,170.5,Dream @ Liberty,2026-10-09T23:30:00Z,Fri 07:30pm,N/A,N/A,ESPN2,,,10/9/2026,,,,,No,LVA,37.23,35,,,,0,11,-0.9556,under,0,-0.96,4,0,Push
Sabrina IonescuFreeThrowsAttempted,Sabrina IonescuFreeThrowsAttempted4,WNBA,237848,Sabrina Ionescu,G,NYL,Free Throws Attempted,4,N/A,10/9/2026,12/30/1899,pre_game,WNBA,standard,https://static.prizepicks.com/images/players/WNBA/Sabrina_Ionescu_WNBA_player_P26gx0GUbxv35lMVCUU4z5Q5.webp,15598625,,,,,,,,,,,,Dream @ Liberty,2026-10-09T23:30:00Z,Fri 07:30pm,N/A,N/A,ESPN2,,,10/9/2026,,,,,No,,28.5,20,,,,0,,0,,0,0,4,0,Push
Jordin CanadaTwoPointersMade,Jordin CanadaTwoPointersMade4,WNBA,197522,Jordin Canada,G,ATL,Two Pointers Made,4,N/A,10/9/2026,12/30/1899,pre_game,WNBA,standard,https://static.prizepicks.com/images/players/WNBA/Jordin_Canada_WNBA_player_nideRIEvnxcNybRbajfbVawY.webp,15598629,,,,,,,,,No,3.2,170.5,Dream @ Liberty,2026-10-09T23:30:00Z,Fri 07:30pm,N/A,N/A,ESPN2,,,10/9/2026,,,,,No,LVA,32.25,31,,,,0,11,-0.9556,under,0,-0.96,4,0,Push
Leonie FiebichRebounds,Leonie FiebichRebounds3.5,WNBA,214769,Leonie Fiebich,F,NYL,Rebounds,3.5,TRUE,10/9/2026,12/30/1899,pre_game,WNBA,standard,https://static.prizepicks.com/images/manual/Leonie Fiebich.png,15544522,3.5,49.28,50.72,-4.23,50.72,Under,https://www.freeiconspng.com/img/1934,,,,,Dream @ Liberty,2026-10-09T23:30:00Z,Fri 07:30pm,N/A,N/A,ESPN2,,,10/9/2026,3.5,,,,No,,15.83,26,49.28,50.72,50.72,3.5,,0,,3.5,3.5,3.5,3.5,Best Bet
Sabrina IonescuRebounds,Sabrina IonescuRebounds3.5,WNBA,237848,Sabrina Ionescu,G,NYL,Rebounds,3.5,TRUE,10/9/2026,12/30/1899,pre_game,WNBA,standard,https://static.prizepicks.com/images/players/WNBA/Sabrina_Ionescu_WNBA_player_P26gx0GUbxv35lMVCUU4z5Q5.webp,15544681,3.5,51.17,48.83,-4.39,51.17,Over,https://www.freeiconspng.com/img/1934,,,,,Dream @ Liberty,2026-10-09T23:30:00Z,Fri 07:30pm,N/A,N/A,ESPN2,,,10/9/2026,3.5,,,,No,,28.5,20,51.17,48.83,51.17,3.5,,0,,3.5,3.5,3.5,3.5,Push
Rhyne HowardFreeThrowsMade,Rhyne HowardFreeThrowsMade3.5,WNBA,237831,Rhyne Howard,G,ATL,Free Throws Made,3.5,N/A,10/9/2026,12/30/1899,pre_game,WNBA,standard,https://static.prizepicks.com/images/players/WNBA/Rhyne_Howard_WNBA_player_EHb8PvO3NcqnZYZhVJsHND96.webp,15598581,,,,,,,,,No,3.2,170.5,Dream @ Liberty,2026-10-09T23:30:00Z,Fri 07:30pm,N/A,N/A,ESPN2,,,10/9/2026,,,,,No,LVA,37.23,35,,,,0,11,-0.9556,under,0,-0.96,3.5,0,Push
Sabrina IonescuFreeThrowsMade,Sabrina IonescuFreeThrowsMade3.5,WNBA,237848,Sabrina Ionescu,G,NYL,Free Throws Made,3.5,N/A,10/9/2026,12/30/1899,pre_game,WNBA,standard,https://static.prizepicks.com/images/players/WNBA/Sabrina_Ionescu_WNBA_player_P26gx0GUbxv35lMVCUU4z5Q5.webp,15598582,,,,,,,,,,,,Dream @ Liberty,2026-10-09T23:30:00Z,Fri 07:30pm,N/A,N/A,ESPN2,,,10/9/2026,,,,,No,,28.5,20,,,,0,,0,,0,0,3.5,0,Push
Breanna Stewart3-PTAttempted,Breanna Stewart3-PTAttempted3.5,WNBA,237847,Breanna Stewart,F,NYL,3-PT Attempted,3.5,N/A,10/9/2026,12/30/1899,pre_game,WNBA,standard,https://static.prizepicks.com/images/players/WNBA/Breanna_Stewart_WNBA_player_0QbcmrMWR4KgqkSDi1fYPEeZ.webp,15598599,,,,,,,,,,,,Dream @ Liberty,2026-10-09T23:30:00Z,Fri 07:30pm,N/A,N/A,ESPN2,,,10/9/2026,,,,,No,,46.32,33,,,,0,,0,,0,0,3.5,0,Push
Jordin CanadaFreeThrowsAttempted,Jordin CanadaFreeThrowsAttempted3.5,WNBA,197522,Jordin Canada,G,ATL,Free Throws Attempted,3.5,N/A,10/9/2026,12/30/1899,pre_game,WNBA,standard,https://static.prizepicks.com/images/players/WNBA/Jordin_Canada_WNBA_player_nideRIEvnxcNybRbajfbVawY.webp,15598620,,,,,,,,,No,3.2,170.5,Dream @ Liberty,2026-10-09T23:30:00Z,Fri 07:30pm,N/A,N/A,ESPN2,,,10/9/2026,,,,,No,LVA,32.25,31,,,,0,11,-0.9556,under,0,-0.96,3.5,0,Push
Jonquel JonesTwoPointersMade,Jonquel JonesTwoPointersMade3.5,WNBA,237849,Jonquel Jones,C,NYL,Two Pointers Made,3.5,N/A,10/9/2026,12/30/1899,pre_game,WNBA,standard,https://static.prizepicks.com/images/players/WNBA/Jonquel_Jones_WNBA_player_TqkCFBXssXmlPoyGSqO8lyJI.webp,15598626,,,,,,,,,,,,Dream @ Liberty,2026-10-09T23:30:00Z,Fri 07:30pm,N/A,N/A,ESPN2,,,10/9/2026,,,,,No,,34.15,29,,,,0,,0,,0,0,3.5,0,Push
Jordin CanadaFreeThrowsMade,Jordin CanadaFreeThrowsMade3,WNBA,197522,Jordin Canada,G,ATL,Free Throws Made,3,N/A,10/9/2026,12/30/1899,pre_game,WNBA,standard,https://static.prizepicks.com/images/players/WNBA/Jordin_Canada_WNBA_player_nideRIEvnxcNybRbajfbVawY.webp,15598580,,,,,,,,,No,3.2,170.5,Dream @ Liberty,2026-10-09T23:30:00Z,Fri 07:30pm,N/A,N/A,ESPN2,,,10/9/2026,,,,,No,LVA,32.25,31,,,,0,11,-0.9556,under,0,-0.96,3,0,Push
Jonquel JonesFreeThrowsAttempted,Jonquel JonesFreeThrowsAttempted3,WNBA,237849,Jonquel Jones,C,NYL,Free Throws Attempted,3,N/A,10/9/2026,12/30/1899,pre_game,WNBA,standard,https://static.prizepicks.com/images/players/WNBA/Jonquel_Jones_WNBA_player_TqkCFBXssXmlPoyGSqO8lyJI.webp,15598617,,,,,,,,,,,,Dream @ Liberty,2026-10-09T23:30:00Z,Fri 07:30pm,N/A,N/A,ESPN2,,,10/9/2026,,,,,No,,34.15,29,,,,0,,0,,0,0,3,0,Push
Jonquel JonesFreeThrowsMade,Jonquel JonesFreeThrowsMade2.5,WNBA,237849,Jonquel Jones,C,NYL,Free Throws Made,2.5,N/A,10/9/2026,12/30/1899,pre_game,WNBA,standard,https://static.prizepicks.com/images/players/WNBA/Jonquel_Jones_WNBA_player_TqkCFBXssXmlPoyGSqO8lyJI.webp,15598579,,,,,,,,,,,,Dream @ Liberty,2026-10-09T23:30:00Z,Fri 07:30pm,N/A,N/A,ESPN2,,,10/9/2026,,,,,No,,34.15,29,,,,0,,0,,0,0,2.5,0,Push
Leonie Fiebich3-PTMade,Leonie Fiebich3-PTMade1.5,WNBA,214769,Leonie Fiebich,F,NYL,3-PT Made,1.5,TRUE,10/9/2026,12/30/1899,pre_game,WNBA,standard,https://static.prizepicks.com/images/manual/Leonie Fiebich.png,15544680,,,,,,,,,,,,Dream @ Liberty,2026-10-09T23:30:00Z,Fri 07:30pm,N/A,N/A,ESPN2,,,10/9/2026,,,,,No,,15.83,26,,,,0,,0,,0,0,1.5,0,Push
DeWanna Bonner3-PTMade,DeWanna Bonner3-PTMade1.5,WNBA,338881,DeWanna Bonner,GF,ATL,3-PT Made,1.5,TRUE,10/9/2026,12/30/1899,pre_game,WNBA,standard,https://static.prizepicks.com/images/manual/DeWanna Bonner.png,15560603,,,,,,,,,No,3.2,170.5,Dream @ Liberty,2026-10-09T23:30:00Z,Fri 07:30pm,N/A,N/A,ESPN2,,,10/9/2026,,,,,No,,24.92,25,,,,0,,0,,0,0,1.5,0,Push
Naz HillmonOffensiveRebounds,Naz HillmonOffensiveRebounds1.5,WNBA,65842,Naz Hillmon,F,ATL,Offensive Rebounds,1.5,N/A,10/9/2026,12/30/1899,pre_game,WNBA,standard,https://static.prizepicks.com/images/players/WNBA/Naz_Hillmon_WNBA_player_34IbaiI4YP0vCC24bAHE2a3n.webp,15597595,,,,,,,,,No,3.2,170.5,Dream @ Liberty,2026-10-09T23:30:00Z,Fri 07:30pm,N/A,N/A,ESPN2,,,10/9/2026,,,,,No,LVA,17.18,30,,,,0,15,-0.12,under,0,-0.12,1.5,1.5,Push
Breanna StewartTurnovers,Breanna StewartTurnovers1.5,WNBA,237847,Breanna Stewart,F,NYL,Turnovers,1.5,N/A,10/9/2026,12/30/1899,pre_game,WNBA,standard,https://static.prizepicks.com/images/players/WNBA/Breanna_Stewart_WNBA_player_0QbcmrMWR4KgqkSDi1fYPEeZ.webp,15598440,,,,,,,,,,,,Dream @ Liberty,2026-10-09T23:30:00Z,Fri 07:30pm,N/A,N/A,ESPN2,,,10/9/2026,,,,,No,,46.32,33,,,,0,,0,,0,0,1.5,0,Push
Breanna StewartSteals,Breanna StewartSteals1.5,WNBA,237847,Breanna Stewart,F,NYL,Steals,1.5,N/A,10/9/2026,12/30/1899,pre_game,WNBA,standard,https://static.prizepicks.com/images/players/WNBA/Breanna_Stewart_WNBA_player_0QbcmrMWR4KgqkSDi1fYPEeZ.webp,15598471,1.5,50,50,,50,Push,https://www.freeiconspng.com/img/1934,,,,,Dream @ Liberty,2026-10-09T23:30:00Z,Fri 07:30pm,N/A,N/A,ESPN2,,,10/9/2026,1.5,,,,No,,46.32,33,50,50,50,1.5,,0,,1.5,1.5,1.5,1.5,Push
A'ja WilsonFantasyScore,A'ja WilsonFantasyScore49.5,WNBA,237843,A'ja Wilson,C,LVA,Fantasy Score,49.5,N/A,10/9/2026,12/30/1899,pre_game,WNBA,standard,https://static.prizepicks.com/images/players/WNBA/A'ja_Wilson_WNBA_player_e1fzWnin9JBoRKYaugxyyP08.webp,15563820,,,,,,Push,,,Yes,-4.5,156.6,Valkyries @ Aces,2026-10-10T01:30:00Z,Fri 09:30pm,N/A,N/A,Peacock/NBCSN,,,10/9/2026,48.39,,,,No,ATL,48.39,32,50,50,50,48.39,2,1.9156,over,48.39,50.31,49.23,49.55,Push
A'ja WilsonPts+Rebs+Asts,A'ja WilsonPts+Rebs+Asts39.5,WNBA,237843,A'ja Wilson,C,LVA,Pts+Rebs+Asts,39.5,TRUE,10/9/2026,12/30/1899,pre_game,WNBA,standard,https://static.prizepicks.com/images/players/WNBA/A'ja_Wilson_WNBA_player_e1fzWnin9JBoRKYaugxyyP08.webp,15547838,39.5,50.47,49.53,-8.28,50.47,Over,https://www.freeiconspng.com/img/1934,,Yes,-4.5,156.6,Valkyries @ Aces,2026-10-10T01:30:00Z,Fri 09:30pm,N/A,N/A,Peacock/NBCSN,,,10/9/2026,39.5,,,,No,ATL,48.39,32,50.47,49.53,50.47,39.5,12,-0.0325,under,39.5,39.47,39.49,0,Push
Jackie Young + Gabby WilliamsPoints(Combo),Jackie Young + Gabby WilliamsPoints(Combo)38.5,WNBA,324865,Jackie Young + Gabby Williams,G,LVA/GSV,Points (Combo),38.5,N/A,10/9/2026,12/30/1899,pre_game,WNBA,standard,https://static.prizepicks.com/images/manual/Jackie Young + Gabby Williams2.png,15548806,,,,,,,,,Yes,-4.5,156.6,Valkyries @ Aces,2026-10-10T01:30:00Z,Fri 09:30pm,N/A,N/A,Peacock/NBCSN,,,10/9/2026,,,,,No,,,0,,,,0,,0,,0,0,38.5,0,Push
A'ja WilsonPts+Rebs,A'ja WilsonPts+Rebs37.5,WNBA,237843,A'ja Wilson,C,LVA,Pts+Rebs,37.5,TRUE,10/9/2026,12/30/1899,pre_game,WNBA,standard,https://static.prizepicks.com/images/players/WNBA/A'ja_Wilson_WNBA_player_e1fzWnin9JBoRKYaugxyyP08.webp,15547845,37.5,49.73,50.27,-4.68,50.27,Under,https://www.freeiconspng.com/img/1934,,Yes,-4.5,156.6,Valkyries @ Aces,2026-10-10T01:30:00Z,Fri 09:30pm,N/A,N/A,Peacock/NBCSN,,,10/9/2026,37.5,,,,No,ATL,48.39,32,49.73,50.27,50.27,37.5,12,-0.0325,under,37.5,37.47,37.49,0,Push
A'ja WilsonMinutesPlayed,A'ja WilsonMinutesPlayed37,WNBA,237843,A'ja Wilson,C,LVA,Minutes Played,37,N/A,10/9/2026,12/30/1899,pre_game,WNBA,standard,https://static.prizepicks.com/images/players/WNBA/A'ja_Wilson_WNBA_player_e1fzWnin9JBoRKYaugxyyP08.webp,15599047,,,,,,,,,Yes,-4.5,156.6,Valkyries @ Aces,2026-10-10T01:30:00Z,Fri 09:30pm,N/A,N/A,Peacock/NBCSN,,,10/9/2026,,,,,No,ATL,48.39,32,,,,0,2,1.9156,over,0,1.92,19.46,0,Push
Gabby WilliamsFantasyScore,Gabby WilliamsFantasyScore34.5,WNBA,316568,Gabby Williams,F,GSV,Fantasy Score,34.5,N/A,10/9/2026,12/30/1899,pre_game,WNBA,standard,https://static.prizepicks.com/images/manual/Gabby Williams .png,15563815,,,,,,Under,,,,,,Valkyries @ Aces,2026-10-10T01:30:00Z,Fri 09:30pm,N/A,N/A,Peacock/NBCSN,,,10/9/2026,31.53,,,,No,,31.53,30,48.37,51.63,51.63,31.53,,0,,31.53,31.53,32.73,34.55,Great Bet
Jackie YoungFantasyScore,Jackie YoungFantasyScore34,WNBA,237846,Jackie Young,G,LVA,Fantasy Score,34,N/A,10/9/2026,12/30/1899,pre_game,WNBA,standard,https://static.prizepicks.com/images/players/WNBA/Jackie_Young_WNBA_player_xMYZ7NbkZrdioerQcMdWBKG9.webp,15563822,,,,,,Push,,,Yes,-4.5,156.6,Valkyries @ Aces,2026-10-10T01:30:00Z,Fri 09:30pm,N/A,N/A,Peacock/NBCSN,,,10/9/2026,33.24,,,,No,ATL,33.24,31,50,50,50,33.24,2,1.9156,over,33.24,35.16,34.44,36.55,Push
Gabby WilliamsMinutesPlayed,Gabby WilliamsMinutesPlayed33.5,WNBA,316568,Gabby Williams,F,GSV,Minutes Played,33.5,N/A,10/9/2026,12/30/1899,pre_game,WNBA,standard,https://static.prizepicks.com/images/manual/Gabby Williams .png,15599049,,,,,,,,,,,,Valkyries @ Aces,2026-10-10T01:30:00Z,Fri 09:30pm,N/A,N/A,Peacock/NBCSN,,,10/9/2026,,,,,No,,31.53,30,,,,0,,0,,0,0,33.5,0,Push
Chelsea Gray + Gabby WilliamsPoints(Combo),Chelsea Gray + Gabby WilliamsPoints(Combo)30.5,WNBA,324866,Chelsea Gray + Gabby Williams,G,LVA/GSV,Points (Combo),30.5,N/A,10/9/2026,12/30/1899,pre_game,WNBA,standard,https://static.prizepicks.com/images/manual/Chelsea Gray + Gabby Williams2.png,15548807,,,,,,,,,Yes,-4.5,156.6,Valkyries @ Aces,2026-10-10T01:30:00Z,Fri 09:30pm,N/A,N/A,Peacock/NBCSN,,,10/9/2026,,,,,No,,,0,,,,0,,0,,0,0,30.5,0,Push
Jackie YoungPts+Rebs+Asts,Jackie YoungPts+Rebs+Asts30,WNBA,237846,Jackie Young,G,LVA,Pts+Rebs+Asts,30,TRUE,10/9/2026,12/30/1899,pre_game,WNBA,standard,https://static.prizepicks.com/images/players/WNBA/Jackie_Young_WNBA_player_xMYZ7NbkZrdioerQcMdWBKG9.webp,15547836,29.5,51.09,48.91,,51.09,Under,https://www.freeiconspng.com/img/1934,,Yes,-4.5,156.6,Valkyries @ Aces,2026-10-10T01:30:00Z,Fri 09:30pm,N/A,N/A,Peacock/NBCSN,,,10/9/2026,29.5,,,,No,ATL,33.24,31,48.88979675,51.11020325,50,29.5,12,-0.0325,under,29.5,29.47,29.62,0,Push
A'ja WilsonPts+Asts,A'ja WilsonPts+Asts29.5,WNBA,237843,A'ja Wilson,C,LVA,Pts+Asts,29.5,TRUE,10/9/2026,12/30/1899,pre_game,WNBA,standard,https://static.prizepicks.com/images/players/WNBA/A'ja_Wilson_WNBA_player_e1fzWnin9JBoRKYaugxyyP08.webp,15547946,29.5,51.17,48.83,-5.73,51.17,Over,https://www.freeiconspng.com/img/1934,,Yes,-4.5,156.6,Valkyries @ Aces,2026-10-10T01:30:00Z,Fri 09:30pm,N/A,N/A,Peacock/NBCSN,,,10/9/2026,29.5,,,,No,ATL,48.39,32,51.17,48.83,51.17,29.5,2,1.9156,over,29.5,31.42,29.98,0,Push
Chelsea GrayFantasyScore,Chelsea GrayFantasyScore28.5,WNBA,237845,Chelsea Gray,G,LVA,Fantasy Score,28.5,N/A,10/9/2026,12/30/1899,pre_game,WNBA,standard,https://static.prizepicks.com/images/players/WNBA/Chelsea_Gray_WNBA_player_GHqO0xzbwyTjQ6fOf5m0CHE4.webp,15563821,,,,,,Under,,,Yes,-4.5,156.6,Valkyries @ Aces,2026-10-10T01:30:00Z,Fri 09:30pm,N/A,N/A,Peacock/NBCSN,,,10/9/2026,26.17,,,,No,ATL,26.17,32,48.48,51.52,51.52,26.17,2,1.9156,over,26.17,28.09,27.5,28.55,Great Bet
A'ja WilsonPoints,A'ja WilsonPoints27.5,WNBA,237843,A'ja Wilson,C,LVA,Points,27.5,TRUE,10/9/2026,12/30/1899,pre_game,WNBA,standard,https://static.prizepicks.com/images/players/WNBA/A'ja_Wilson_WNBA_player_e1fzWnin9JBoRKYaugxyyP08.webp,15548006,27.5,48.08,51.92,-5.89,51.92,Under,https://www.freeiconspng.com/img/1934,,Yes,-4.5,156.6,Valkyries @ Aces,2026-10-10T01:30:00Z,Fri 09:30pm,N/A,N/A,Peacock/NBCSN,,,10/9/2026,27.5,,,,No,ATL,48.39,32,48.08,51.92,51.92,27.5,4,0.2078,over,27.5,27.71,27.54,27.5,Great Bet
Gabby WilliamsPts+Rebs+Asts,Gabby WilliamsPts+Rebs+Asts27,WNBA,316568,Gabby Williams,F,GSV,Pts+Rebs+Asts,27,TRUE,10/9/2026,12/30/1899,pre_game,WNBA,standard,https://static.prizepicks.com/images/manual/Gabby Williams .png,15547867,27.5,48.59,51.41,-6.4,51.41,Under,https://www.freeiconspng.com/img/1934,,,,,Valkyries @ Aces,2026-10-10T01:30:00Z,Fri 09:30pm,N/A,N/A,Peacock/NBCSN,,,10/9/2026,27.5,,,,No,,31.53,30,48.47142563,51.52857437,50,27.5,,0,,27.5,27.5,27.38,0,Push
Jackie YoungPts+Asts,Jackie YoungPts+Asts25.5,WNBA,237846,Jackie Young,G,LVA,Pts+Asts,25.5,TRUE,10/9/2026,12/30/1899,pre_game,WNBA,standard,https://static.prizepicks.com/images/players/WNBA/Jackie_Young_WNBA_player_xMYZ7NbkZrdioerQcMdWBKG9.webp,15547864,25.5,49.93,50.07,-4.88,50.07,Under,https://www.freeiconspng.com/img/1934,,Yes,-4.5,156.6,Valkyries @ Aces,2026-10-10T01:30:00Z,Fri 09:30pm,N/A,N/A,Peacock/NBCSN,,,10/9/2026,25.5,,,,No,ATL,33.24,31,49.93,50.07,50.07,25.5,2,1.9156,over,25.5,27.42,25.98,0,Great Bet
Veronica BurtonFantasyScore,Veronica BurtonFantasyScore25.5,WNBA,238261,Veronica Burton,G,GSV,Fantasy Score,25.5,N/A,10/9/2026,12/30/1899,pre_game,WNBA,standard,https://static.prizepicks.com/images/players/WNBA/Veronica_Burton_WNBA_player_PgQhWXIUPjwd5ndjpucEaD8E.webp,15563819,,,,,,Under,,,,,,Valkyries @ Aces,2026-10-10T01:30:00Z,Fri 09:30pm,N/A,N/A,Peacock/NBCSN,,,10/9/2026,24.61,,,,No,,24.61,31,49,51,51,24.61,,0,,24.61,24.61,24.78,24.55,Push
Gabby WilliamsPts+Rebs,Gabby WilliamsPts+Rebs23.5,WNBA,316568,Gabby Williams,F,GSV,Pts+Rebs,23.5,TRUE,10/9/2026,12/30/1899,pre_game,WNBA,standard,https://static.prizepicks.com/images/manual/Gabby Williams .png,15547829,23.5,49.74,50.26,-4.49,50.26,Under,https://www.freeiconspng.com/img/1934,,,,,Valkyries @ Aces,2026-10-10T01:30:00Z,Fri 09:30pm,N/A,N/A,Peacock/NBCSN,,,10/9/2026,23.5,,,,No,,31.53,30,49.74,50.26,50.26,23.5,,0,,23.5,23.5,23.5,0,Push
Jackie YoungPts+Rebs,Jackie YoungPts+Rebs23.5,WNBA,237846,Jackie Young,G,LVA,Pts+Rebs,23.5,TRUE,10/9/2026,12/30/1899,pre_game,WNBA,standard,https://static.prizepicks.com/images/players/WNBA/Jackie_Young_WNBA_player_xMYZ7NbkZrdioerQcMdWBKG9.webp,15547840,23.5,49.6,50.4,-5.16,50.4,Under,https://www.freeiconspng.com/img/1934,,Yes,-4.5,156.6,Valkyries @ Aces,2026-10-10T01:30:00Z,Fri 09:30pm,N/A,N/A,Peacock/NBCSN,,,10/9/2026,23.5,,,,No,ATL,33.24,31,49.6,50.4,50.4,23.5,12,-0.0325,under,23.5,23.47,23.49,0,Push
Gabby WilliamsPts+Asts,Gabby WilliamsPts+Asts22.5,WNBA,316568,Gabby Williams,F,GSV,Pts+Asts,22.5,TRUE,10/9/2026,12/30/1899,pre_game,WNBA,standard,https://static.prizepicks.com/images/manual/Gabby Williams .png,15547976,22.5,49.74,50.26,-4.9,50.26,Under,https://www.freeiconspng.com/img/1934,,,,,Valkyries @ Aces,2026-10-10T01:30:00Z,Fri 09:30pm,N/A,N/A,Peacock/NBCSN,,,10/9/2026,22.5,,,,No,,31.53,30,49.74,50.26,50.26,22.5,,0,,22.5,22.5,22.5,0,Push
Chelsea Gray + Veronica BurtonPoints(Combo),Chelsea Gray + Veronica BurtonPoints(Combo)22,WNBA,320798,Chelsea Gray + Veronica Burton,G,LVA/GSV,Points (Combo),22,N/A,10/9/2026,12/30/1899,pre_game,WNBA,standard,https://static.prizepicks.com/images/players/CMBO_group_zqM8VVlPfmuQA4qGHj5IxuQI.webp,15591509,,,,,,,,,Yes,-4.5,156.6,Valkyries @ Aces,2026-10-10T01:30:00Z,Fri 09:30pm,N/A,N/A,Peacock/NBCSN,,,10/9/2026,,,,,No,,,0,,,,0,,0,,0,0,22,0,Push
Chelsea GrayPts+Rebs+Asts,Chelsea GrayPts+Rebs+Asts21.5,WNBA,237845,Chelsea Gray,G,LVA,Pts+Rebs+Asts,21.5,TRUE,10/9/2026,12/30/1899,pre_game,WNBA,standard,https://static.prizepicks.com/images/players/WNBA/Chelsea_Gray_WNBA_player_GHqO0xzbwyTjQ6fOf5m0CHE4.webp,15548511,21.5,50.08,49.92,-7.89,50.08,Over,https://www.freeiconspng.com/img/1934,,Yes,-4.5,156.6,Valkyries @ Aces,2026-10-10T01:30:00Z,Fri 09:30pm,N/A,N/A,Peacock/NBCSN,,,10/9/2026,21.5,,,,No,ATL,26.17,32,50.08,49.92,50.08,21.5,12,-0.0325,under,21.5,21.47,21.49,0,Push
Kiah StokesFantasyScore,Kiah StokesFantasyScore20,WNBA,317423,Kiah Stokes,C,GSV,Fantasy Score,20,N/A,10/9/2026,12/30/1899,pre_game,WNBA,standard,https://static.prizepicks.com/images/players/WNBA/Kiah_Stokes_WNBA_player_ndf93Nxv7e15yD38rl5xBPni.webp,15563817,,,,,,Push,,,,,,Valkyries @ Aces,2026-10-10T01:30:00Z,Fri 09:30pm,N/A,N/A,Peacock/NBCSN,,,10/9/2026,20.32,,,,No,,20.32,21,50,50,50,20.32,,0,,20.32,20.32,20.2,20.05,Push
A'ja WilsonFGAttempted,A'ja WilsonFGAttempted19.5,WNBA,237843,A'ja Wilson,C,LVA,FG Attempted,19.5,N/A,10/9/2026,12/30/1899,pre_game,WNBA,standard,https://static.prizepicks.com/images/players/WNBA/A'ja_Wilson_WNBA_player_e1fzWnin9JBoRKYaugxyyP08.webp,15598506,,,,,,,,,Yes,-4.5,156.6,Valkyries @ Aces,2026-10-10T01:30:00Z,Fri 09:30pm,N/A,N/A,Peacock/NBCSN,,,10/9/2026,,,,,No,ATL,48.39,32,,,,0,2,1.9156,over,0,1.92,10.71,0,Push
Jackie YoungPoints,Jackie YoungPoints19.5,WNBA,237846,Jackie Young,G,LVA,Points,19.5,TRUE,10/9/2026,12/30/1899,pre_game,WNBA,standard,https://static.prizepicks.com/images/players/WNBA/Jackie_Young_WNBA_player_xMYZ7NbkZrdioerQcMdWBKG9.webp,15604812,19.5,47.11,52.89,-4.92,52.89,Under,https://www.freeiconspng.com/img/1934,,Yes,-4.5,156.6,Valkyries @ Aces,2026-10-10T01:30:00Z,Fri 09:30pm,N/A,N/A,Peacock/NBCSN,,,10/9/2026,19.5,,,,No,ATL,33.24,31,47.11,52.89,52.89,19.5,4,0.2078,over,19.5,19.71,19.54,19.5,Great Bet
Gabby WilliamsPoints,Gabby WilliamsPoints19,WNBA,316568,Gabby Williams,F,GSV,Points,19,N/A,10/9/2026,12/30/1899,pre_game,WNBA,standard,https://static.prizepicks.com/images/manual/Gabby Williams .png,15548061,19.25,46.73,53.27,,53.27,Under,https://www.freeiconspng.com/img/1934,,,,,Valkyries @ Aces,2026-10-10T01:30:00Z,Fri 09:30pm,N/A,N/A,Peacock/NBCSN,,,10/9/2026,19.25,,,,No,,31.53,30,47.64605361,52.35394639,52.35,19.25,,0,,19.25,19.25,19.25,19.5,Push
Veronica BurtonPts+Rebs+Asts,Veronica BurtonPts+Rebs+Asts18.5,WNBA,238261,Veronica Burton,G,GSV,Pts+Rebs+Asts,18.5,TRUE,10/9/2026,12/30/1899,pre_game,WNBA,standard,https://static.prizepicks.com/images/players/WNBA/Veronica_Burton_WNBA_player_PgQhWXIUPjwd5ndjpucEaD8E.webp,15547852,18.5,50.5,49.5,,50.5,Over,https://www.freeiconspng.com/img/1934,,,,,Valkyries @ Aces,2026-10-10T01:30:00Z,Fri 09:30pm,N/A,N/A,Peacock/NBCSN,,,10/9/2026,18.5,,,,No,,24.61,31,50.5,49.5,50.5,18.5,,0,,18.5,18.5,18.5,0,Push
Chelsea GrayPts+Asts,Chelsea GrayPts+Asts18.5,WNBA,237845,Chelsea Gray,G,LVA,Pts+Asts,18.5,TRUE,10/9/2026,12/30/1899,pre_game,WNBA,standard,https://static.prizepicks.com/images/players/WNBA/Chelsea_Gray_WNBA_player_GHqO0xzbwyTjQ6fOf5m0CHE4.webp,15602260,18.5,47.55,52.45,-5.88,52.45,Under,https://www.freeiconspng.com/img/1934,,Yes,-4.5,156.6,Valkyries @ Aces,2026-10-10T01:30:00Z,Fri 09:30pm,N/A,N/A,Peacock/NBCSN,,,10/9/2026,18.5,,,,No,ATL,26.17,32,47.55,52.45,52.45,18.5,2,1.9156,over,18.5,20.42,18.98,0,Great Bet
A'ja Wilson + Kiah StokesRebounds(Combo),A'ja Wilson + Kiah StokesRebounds(Combo)17.5,WNBA,349909,A'ja Wilson + Kiah Stokes,C,LVA/GSV,Rebounds (Combo),17.5,N/A,10/9/2026,12/30/1899,pre_game,WNBA,standard,https://static.prizepicks.com/images/players/CMBO_group_oWAVfSP2yCgxsOgs8dxfDsK.webp,15548810,,,,,,,,,Yes,-4.5,156.6,Valkyries @ Aces,2026-10-10T01:30:00Z,Fri 09:30pm,N/A,N/A,Peacock/NBCSN,,,10/9/2026,,,,,No,,,0,,,,0,,0,,0,0,17.5,0,Push
Tiffany HayesFantasyScore,Tiffany HayesFantasyScore16.5,WNBA,238101,Tiffany Hayes,G,GSV,Fantasy Score,16.5,N/A,10/9/2026,12/30/1899,pre_game,WNBA,standard,https://static.prizepicks.com/images/players/WNBA/Tiffany_Hayes_WNBA_player_JZ73QF6RKriqG7DeqAWWKcDH.webp,15563818,,,,,,Under,,,,,,Valkyries @ Aces,2026-10-10T01:30:00Z,Fri 09:30pm,N/A,N/A,Peacock/NBCSN,,,10/9/2026,14.27,,,,No,,14.27,20,48.19,51.81,51.81,14.27,,0,,14.27,14.27,15.17,16.55,Great Bet
Gabby WilliamsFGAttempted,Gabby WilliamsFGAttempted16.5,WNBA,316568,Gabby Williams,F,GSV,FG Attempted,16.5,N/A,10/9/2026,12/30/1899,pre_game,WNBA,standard,https://static.prizepicks.com/images/manual/Gabby Williams .png,15598508,,,,,,,,,,,,Valkyries @ Aces,2026-10-10T01:30:00Z,Fri 09:30pm,N/A,N/A,Peacock/NBCSN,,,10/9/2026,,,,,No,,31.53,30,,,,0,,0,,0,0,16.5,0,Push
Veronica BurtonPts+Asts,Veronica BurtonPts+Asts15.5,WNBA,238261,Veronica Burton,G,GSV,Pts+Asts,15.5,TRUE,10/9/2026,12/30/1899,pre_game,WNBA,standard,https://static.prizepicks.com/images/players/WNBA/Veronica_Burton_WNBA_player_PgQhWXIUPjwd5ndjpucEaD8E.webp,15548402,15.5,48.5,51.5,-5.76,51.5,Under,https://www.freeiconspng.com/img/1934,,,,,Valkyries @ Aces,2026-10-10T01:30:00Z,Fri 09:30pm,N/A,N/A,Peacock/NBCSN,,,10/9/2026,15.5,,,,No,,24.61,31,48.5,51.5,51.5,15.5,,0,,15.5,15.5,15.5,0,Push
Kayla ThorntonFantasyScore,Kayla ThorntonFantasyScore15.5,WNBA,238102,Kayla Thornton,F,GSV,Fantasy Score,15.5,N/A,10/9/2026,12/30/1899,pre_game,WNBA,standard,https://static.prizepicks.com/images/players/WNBA/Kayla_Thornton_WNBA_player_LW0QKyGiDE0bVq5F3TkgEtm8.webp,15563816,,,,,,Push,,,,,,Valkyries @ Aces,2026-10-10T01:30:00Z,Fri 09:30pm,N/A,N/A,Peacock/NBCSN,,,10/9/2026,18,,,,No,,18,28,50,50,50,18,,0,,18,18,17.01,15.55,Push
Chelsea GrayPts+Rebs,Chelsea GrayPts+Rebs15,WNBA,237845,Chelsea Gray,G,LVA,Pts+Rebs,15,TRUE,10/9/2026,12/30/1899,pre_game,WNBA,standard,https://static.prizepicks.com/images/players/WNBA/Chelsea_Gray_WNBA_player_GHqO0xzbwyTjQ6fOf5m0CHE4.webp,15547846,15.25,48.88,51.12,-5.4,51.12,Under,https://www.freeiconspng.com/img/1934,,Yes,-4.5,156.6,Valkyries @ Aces,2026-10-10T01:30:00Z,Fri 09:30pm,N/A,N/A,Peacock/NBCSN,,,10/9/2026,15.25,,,,No,ATL,26.17,32,48.05019654,51.94980346,50,15.25,12,-0.0325,under,15.25,15.22,15.18,0,Push
Stephanie TalbotFantasyScore,Stephanie TalbotFantasyScore14.5,WNBA,317883,Stephanie Talbot,F,LVA,Fantasy Score,14.5,N/A,10/9/2026,12/30/1899,pre_game,WNBA,standard,https://static.prizepicks.com/images/players/WNBA/Stephanie_Talbot_WNBA_player_v6hnGHVjDs3ZNq5tDauoy5Dk.webp,15563826,,,,,,Under,,,Yes,-4.5,156.6,Valkyries @ Aces,2026-10-10T01:30:00Z,Fri 09:30pm,N/A,N/A,Peacock/NBCSN,,,10/9/2026,13.5,,,,No,ATL,13.5,20,48.71,51.29,51.29,13.5,2,1.9156,over,13.5,15.42,14.29,14.55,Good Bet
Jackie YoungFGAttempted,Jackie YoungFGAttempted14,WNBA,237846,Jackie Young,G,LVA,FG Attempted,14,N/A,10/9/2026,12/30/1899,pre_game,WNBA,standard,https://static.prizepicks.com/images/players/WNBA/Jackie_Young_WNBA_player_xMYZ7NbkZrdioerQcMdWBKG9.webp,15598509,,,,,,,,,Yes,-4.5,156.6,Valkyries @ Aces,2026-10-10T01:30:00Z,Fri 09:30pm,N/A,N/A,Peacock/NBCSN,,,10/9/2026,,,,,No,ATL,33.24,31,,,,0,2,1.9156,over,0,1.92,7.96,0,Push
Veronica BurtonPts+Rebs,Veronica BurtonPts+Rebs13.5,WNBA,238261,Veronica Burton,G,GSV,Pts+Rebs,13.5,TRUE,10/9/2026,12/30/1899,pre_game,WNBA,standard,https://static.prizepicks.com/images/players/WNBA/Veronica_Burton_WNBA_player_PgQhWXIUPjwd5ndjpucEaD8E.webp,15547839,13.5,50.4,49.6,-3.73,50.4,Over,https://www.freeiconspng.com/img/1934,,,,,Valkyries @ Aces,2026-10-10T01:30:00Z,Fri 09:30pm,N/A,N/A,Peacock/NBCSN,,,10/9/2026,13.5,,,,No,,24.61,31,50.4,49.6,50.4,13.5,,0,,13.5,13.5,13.5,0,Push
Jewell LoydFantasyScore,Jewell LoydFantasyScore13.5,WNBA,237844,Jewell Loyd,G,LVA,Fantasy Score,13.5,N/A,10/9/2026,12/30/1899,pre_game,WNBA,standard,https://static.prizepicks.com/images/players/WNBA/Jewell_Loyd_WNBA_player_kl6eTaXsduFI7E6eDj4QuueY.webp,15563824,,,,,,Push,,,Yes,-4.5,156.6,Valkyries @ Aces,2026-10-10T01:30:00Z,Fri 09:30pm,N/A,N/A,Peacock/NBCSN,,,10/9/2026,16.73,,,,No,ATL,16.73,28,50,50,50,16.73,2,1.9156,over,16.73,18.65,15.83,13.55,Push
Tiffany HayesPts+Rebs+Asts,Tiffany HayesPts+Rebs+Asts12.5,WNBA,238101,Tiffany Hayes,G,GSV,Pts+Rebs+Asts,12.5,TRUE,10/9/2026,12/30/1899,pre_game,WNBA,standard,https://static.prizepicks.com/images/players/WNBA/Tiffany_Hayes_WNBA_player_JZ73QF6RKriqG7DeqAWWKcDH.webp,15547856,12.94,48.55,51.45,-6.36,51.45,Under,https://www.freeiconspng.com/img/1934,,,,,Valkyries @ Aces,2026-10-10T01:30:00Z,Fri 09:30pm,N/A,N/A,Peacock/NBCSN,,,10/9/2026,12.94,,,,No,,14.27,20,48.11064993,51.88935007,50,12.94,,0,,12.94,12.94,12.83,0,Push
A'ja WilsonRebs+Asts,A'ja WilsonRebs+Asts12.5,WNBA,237843,A'ja Wilson,C,LVA,Rebs+Asts,12.5,TRUE,10/9/2026,12/30/1899,pre_game,WNBA,standard,https://static.prizepicks.com/images/players/WNBA/A'ja_Wilson_WNBA_player_e1fzWnin9JBoRKYaugxyyP08.webp,15547878,12.5,50.88,49.12,-5.64,50.88,Over,https://www.freeiconspng.com/img/1934,,Yes,-4.5,156.6,Valkyries @ Aces,2026-10-10T01:30:00Z,Fri 09:30pm,N/A,N/A,Peacock/NBCSN,,,10/9/2026,12.5,,,,No,ATL,48.39,32,50.88,49.12,50.88,12.5,12,-0.0325,under,12.5,12.47,12.49,0,Push
Kayla ThorntonPts+Rebs,Kayla ThorntonPts+Rebs12,WNBA,238102,Kayla Thornton,F,GSV,Pts+Rebs,12,TRUE,10/9/2026,12/30/1899,pre_game,WNBA,standard,https://static.prizepicks.com/images/players/WNBA/Kayla_Thornton_WNBA_player_LW0QKyGiDE0bVq5F3TkgEtm8.webp,15547889,12.5,48.24,51.76,-5.5,51.76,Under,https://www.freeiconspng.com/img/1934,,,,,Valkyries @ Aces,2026-10-10T01:30:00Z,Fri 09:30pm,N/A,N/A,Peacock/NBCSN,,,10/9/2026,12.5,,,,No,,18,28,48.01603154,51.98396846,50,12.5,,0,,12.5,12.5,12.38,0,Push
Chelsea GrayPoints,Chelsea GrayPoints12,WNBA,237845,Chelsea Gray,G,LVA,Points,12,TRUE,10/9/2026,12/30/1899,pre_game,WNBA,standard,https://static.prizepicks.com/images/players/WNBA/Chelsea_Gray_WNBA_player_GHqO0xzbwyTjQ6fOf5m0CHE4.webp,15547951,11.5,51.41,48.59,-9.22,51.41,Under,https://www.freeiconspng.com/img/1934,,Yes,-4.5,156.6,Valkyries @ Aces,2026-10-10T01:30:00Z,Fri 09:30pm,N/A,N/A,Peacock/NBCSN,,,10/9/2026,11.5,,,,No,ATL,26.17,32,48.40491363,51.59508637,50,11.5,4,0.2078,over,11.5,11.71,11.64,11.5,Best Bet
Jackie Young + Kiah StokesRebounds(Combo),Jackie Young + Kiah StokesRebounds(Combo)12,WNBA,349908,Jackie Young + Kiah Stokes,G,LVA/GSV,Rebounds (Combo),12,N/A,10/9/2026,12/30/1899,pre_game,WNBA,standard,https://static.prizepicks.com/images/players/CMBO_group_9Ly8CAvvBTISUzgMidcz6La.webp,15548809,,,,,,,,,Yes,-4.5,156.6,Valkyries @ Aces,2026-10-10T01:30:00Z,Fri 09:30pm,N/A,N/A,Peacock/NBCSN,,,10/9/2026,,,,,No,,,0,,,,0,,0,,0,0,12,0,Push
Kiah StokesPts+Rebs+Asts,Kiah StokesPts+Rebs+Asts12,WNBA,317423,Kiah Stokes,C,GSV,Pts+Rebs+Asts,12,TRUE,10/9/2026,12/30/1899,pre_game,WNBA,standard,https://static.prizepicks.com/images/players/WNBA/Kiah_Stokes_WNBA_player_ndf93Nxv7e15yD38rl5xBPni.webp,15561031,11.88,50.89,49.11,,50.89,Under,https://www.freeiconspng.com/img/1934,,,,,Valkyries @ Aces,2026-10-10T01:30:00Z,Fri 09:30pm,N/A,N/A,Peacock/NBCSN,,,10/9/2026,11.88,,,,No,,20.32,21,47.63696195,52.36303805,52.36,11.88,,0,,11.88,11.88,11.91,0,Push
Cecilia ZandalasiniFantasyScore,Cecilia ZandalasiniFantasyScore12,WNBA,249153,Cecilia Zandalasini,F,GSV,Fantasy Score,12,N/A,10/9/2026,12/30/1899,pre_game,WNBA,standard,https://static.prizepicks.com/images/players/WNBA/Cecilia_Zandalasini_WNBA_player_J9EZms55fyBgGOFTRR36l10v.webp,15563814,,,,,,Push,,,,,,Valkyries @ Aces,2026-10-10T01:30:00Z,Fri 09:30pm,N/A,N/A,Peacock/NBCSN,,,10/9/2026,11.81,,,,No,,11.81,17,50,50,50,11.81,,0,,11.81,11.81,11.9,12.05,Push
Chelsea GrayFGAttempted,Chelsea GrayFGAttempted11.5,WNBA,237845,Chelsea Gray,G,LVA,FG Attempted,11.5,N/A,10/9/2026,12/30/1899,pre_game,WNBA,standard,https://static.prizepicks.com/images/players/WNBA/Chelsea_Gray_WNBA_player_GHqO0xzbwyTjQ6fOf5m0CHE4.webp,15598507,,,,,,,,,Yes,-4.5,156.6,Valkyries @ Aces,2026-10-10T01:30:00Z,Fri 09:30pm,N/A,N/A,Peacock/NBCSN,,,10/9/2026,,,,,No,ATL,26.17,32,,,,0,2,1.9156,over,0,1.92,6.71,0,Push
Chelsea Gray + Veronica BurtonAssists(Combo),Chelsea Gray + Veronica BurtonAssists(Combo)11,WNBA,320798,Chelsea Gray + Veronica Burton,G,LVA/GSV,Assists (Combo),11,N/A,10/9/2026,12/30/1899,pre_game,WNBA,standard,https://static.prizepicks.com/images/players/CMBO_group_zqM8VVlPfmuQA4qGHj5IxuQI.webp,15548817,,,,,,,,,Yes,-4.5,156.6,Valkyries @ Aces,2026-10-10T01:30:00Z,Fri 09:30pm,N/A,N/A,Peacock/NBCSN,,,10/9/2026,,,,,No,,,0,,,,0,,0,,0,0,11,0,Push
Jackie Young + Veronica BurtonAssists(Combo),Jackie Young + Veronica BurtonAssists(Combo)11,WNBA,320792,Jackie Young + Veronica Burton,G,LVA/GSV,Assists (Combo),11,N/A,10/9/2026,12/30/1899,pre_game,WNBA,standard,https://static.prizepicks.com/images/players/CMBO_group_PGwCQdpd7mDM52CcpTXMPC7T.webp,15548819,,,,,,,,,Yes,-4.5,156.6,Valkyries @ Aces,2026-10-10T01:30:00Z,Fri 09:30pm,N/A,N/A,Peacock/NBCSN,,,10/9/2026,,,,,No,,,0,,,,0,,0,,0,0,11,0,Push
Jackie YoungRebs+Asts,Jackie YoungRebs+Asts10.5,WNBA,237846,Jackie Young,G,LVA,Rebs+Asts,10.5,TRUE,10/9/2026,12/30/1899,pre_game,WNBA,standard,https://static.prizepicks.com/images/players/WNBA/Jackie_Young_WNBA_player_xMYZ7NbkZrdioerQcMdWBKG9.webp,15547886,10.5,50.07,49.93,-4.68,50.07,Over,https://www.freeiconspng.com/img/1934,,Yes,-4.5,156.6,Valkyries @ Aces,2026-10-10T01:30:00Z,Fri 09:30pm,N/A,N/A,Peacock/NBCSN,,,10/9/2026,10.5,,,,No,ATL,33.24,31,50.07,49.93,50.07,10.5,12,-0.0325,under,10.5,10.47,10.49,0,Push
Kiah StokesPts+Rebs,Kiah StokesPts+Rebs10.5,WNBA,317423,Kiah Stokes,C,GSV,Pts+Rebs,10.5,TRUE,10/9/2026,12/30/1899,pre_game,WNBA,standard,https://static.prizepicks.com/images/players/WNBA/Kiah_Stokes_WNBA_player_ndf93Nxv7e15yD38rl5xBPni.webp,15547902,10.5,49.41,50.59,-35.9,50.59,Under,https://www.freeiconspng.com/img/1934,,,,,Valkyries @ Aces,2026-10-10T01:30:00Z,Fri 09:30pm,N/A,N/A,Peacock/NBCSN,,,10/9/2026,10.5,,,,No,,20.32,21,49.41,50.59,50.59,10.5,,0,,10.5,10.5,10.5,0,Push
Stephanie TalbotPts+Rebs+Asts,Stephanie TalbotPts+Rebs+Asts10.5,WNBA,317883,Stephanie Talbot,F,LVA,Pts+Rebs+Asts,10.5,TRUE,10/9/2026,12/30/1899,pre_game,WNBA,standard,https://static.prizepicks.com/images/players/WNBA/Stephanie_Talbot_WNBA_player_v6hnGHVjDs3ZNq5tDauoy5Dk.webp,15548368,10.5,51.28,48.72,,51.28,Over,https://www.freeiconspng.com/img/1934,,Yes,-4.5,156.6,Valkyries @ Aces,2026-10-10T01:30:00Z,Fri 09:30pm,N/A,N/A,Peacock/NBCSN,,,10/9/2026,10.5,,,,No,ATL,13.5,20,51.28,48.72,51.28,10.5,12,-0.0325,under,10.5,10.47,10.49,0,Push
Jewell LoydPts+Rebs+Asts,Jewell LoydPts+Rebs+Asts10.5,WNBA,237844,Jewell Loyd,G,LVA,Pts+Rebs+Asts,10.5,N/A,10/9/2026,12/30/1899,pre_game,WNBA,standard,https://static.prizepicks.com/images/players/WNBA/Jewell_Loyd_WNBA_player_kl6eTaXsduFI7E6eDj4QuueY.webp,15563796,10.5,50,50,-7.81,50,Push,https://www.freeiconspng.com/img/1934,,Yes,-4.5,156.6,Valkyries @ Aces,2026-10-10T01:30:00Z,Fri 09:30pm,N/A,N/A,Peacock/NBCSN,,,10/9/2026,10.5,,,,No,ATL,16.73,28,50,50,50,10.5,12,-0.0325,under,10.5,10.47,10.49,0,Push
Tiffany HayesPts+Rebs,Tiffany HayesPts+Rebs10.5,WNBA,238101,Tiffany Hayes,G,GSV,Pts+Rebs,10.5,TRUE,10/9/2026,12/30/1899,pre_game,WNBA,standard,https://static.prizepicks.com/images/players/WNBA/Tiffany_Hayes_WNBA_player_JZ73QF6RKriqG7DeqAWWKcDH.webp,15585522,10.5,50.1,49.9,-7.91,50.1,Over,https://www.freeiconspng.com/img/1934,,,,,Valkyries @ Aces,2026-10-10T01:30:00Z,Fri 09:30pm,N/A,N/A,Peacock/NBCSN,,,10/9/2026,10.5,,,,No,,14.27,20,50.1,49.9,50.1,10.5,,0,,10.5,10.5,10.5,0,Push
Tiffany HayesPts+Asts,Tiffany HayesPts+Asts10.5,WNBA,238101,Tiffany Hayes,G,GSV,Pts+Asts,10.5,TRUE,10/9/2026,12/30/1899,pre_game,WNBA,standard,https://static.prizepicks.com/images/players/WNBA/Tiffany_Hayes_WNBA_player_JZ73QF6RKriqG7DeqAWWKcDH.webp,15585702,10.5,50.1,49.9,-7.91,50.1,Over,https://www.freeiconspng.com/img/1934,,,,,Valkyries @ Aces,2026-10-10T01:30:00Z,Fri 09:30pm,N/A,N/A,Peacock/NBCSN,,,10/9/2026,10.5,,,,No,,14.27,20,50.1,49.9,50.1,10.5,,0,,10.5,10.5,10.5,0,Push
Cecilia ZandalasiniPts+Rebs+Asts,Cecilia ZandalasiniPts+Rebs+Asts10,WNBA,249153,Cecilia Zandalasini,F,GSV,Pts+Rebs+Asts,10,TRUE,10/9/2026,12/30/1899,pre_game,WNBA,standard,https://static.prizepicks.com/images/players/WNBA/Cecilia_Zandalasini_WNBA_player_J9EZms55fyBgGOFTRR36l10v.webp,15548010,9.69,51.94,48.06,,51.94,Under,https://www.freeiconspng.com/img/1934,,,,,Valkyries @ Aces,2026-10-10T01:30:00Z,Fri 09:30pm,N/A,N/A,Peacock/NBCSN,,,10/9/2026,9.69,,,,No,,11.81,17,48.71463796,51.28536204,50,9.69,,0,,9.69,9.69,9.77,0,Push
Veronica BurtonPoints,Veronica BurtonPoints10,WNBA,238261,Veronica Burton,G,GSV,Points,10,TRUE,10/9/2026,12/30/1899,pre_game,WNBA,standard,https://static.prizepicks.com/images/players/WNBA/Veronica_Burton_WNBA_player_PgQhWXIUPjwd5ndjpucEaD8E.webp,15548175,10.5,47.02,52.98,,52.98,Under,https://www.freeiconspng.com/img/1934,,,,,Valkyries @ Aces,2026-10-10T01:30:00Z,Fri 09:30pm,N/A,N/A,Peacock/NBCSN,,,10/9/2026,10.5,,,,No,,24.61,31,47.39377784,52.60622216,52.61,10.5,,0,,10.5,10.5,10.38,0,Push
A'ja WilsonRebounds,A'ja WilsonRebounds10,WNBA,237843,A'ja Wilson,C,LVA,Rebounds,10,N/A,10/9/2026,12/30/1899,pre_game,WNBA,standard,https://static.prizepicks.com/images/players/WNBA/A'ja_Wilson_WNBA_player_e1fzWnin9JBoRKYaugxyyP08.webp,15563181,10.29,45.91,54.09,,54.09,Under,https://www.freeiconspng.com/img/1934,,Yes,-4.5,156.6,Valkyries @ Aces,2026-10-10T01:30:00Z,Fri 09:30pm,N/A,N/A,Peacock/NBCSN,,,10/9/2026,10.29,,,,No,ATL,48.39,32,47.15504522,52.84495478,52.84,10.29,12,-0.0325,under,10.29,10.26,10.27,10.5,Push
Gabby WilliamsTwoPointersAttempted,Gabby WilliamsTwoPointersAttempted10,WNBA,316568,Gabby Williams,F,GSV,Two Pointers Attempted,10,N/A,10/9/2026,12/30/1899,pre_game,WNBA,standard,https://static.prizepicks.com/images/manual/Gabby Williams .png,15598542,,,,,,,,,,,,Valkyries @ Aces,2026-10-10T01:30:00Z,Fri 09:30pm,N/A,N/A,Peacock/NBCSN,,,10/9/2026,,,,,No,,31.53,30,,,,0,,0,,0,0,10,0,Push
Stephanie TalbotPts+Rebs,Stephanie TalbotPts+Rebs9.5,WNBA,317883,Stephanie Talbot,F,LVA,Pts+Rebs,9.5,TRUE,10/9/2026,12/30/1899,pre_game,WNBA,standard,https://static.prizepicks.com/images/players/WNBA/Stephanie_Talbot_WNBA_player_v6hnGHVjDs3ZNq5tDauoy5Dk.webp,15547931,9.5,49.04,50.96,-2.09,50.96,Under,https://www.freeiconspng.com/img/1934,,Yes,-4.5,156.6,Valkyries @ Aces,2026-10-10T01:30:00Z,Fri 09:30pm,N/A,N/A,Peacock/NBCSN,,,10/9/2026,9.5,,,,No,ATL,13.5,20,49.04,50.96,50.96,9.5,12,-0.0325,under,9.5,9.47,9.49,0,Push
Chelsea Gray + Gabby WilliamsAssists(Combo),Chelsea Gray + Gabby WilliamsAssists(Combo)9.5,WNBA,324866,Chelsea Gray + Gabby Williams,G,LVA/GSV,Assists (Combo),9.5,N/A,10/9/2026,12/30/1899,pre_game,WNBA,standard,https://static.prizepicks.com/images/manual/Chelsea Gray + Gabby Williams2.png,15548822,,,,,,,,,Yes,-4.5,156.6,Valkyries @ Aces,2026-10-10T01:30:00Z,Fri 09:30pm,N/A,N/A,Peacock/NBCSN,,,10/9/2026,,,,,No,,,0,,,,0,,0,,0,0,9.5,0,Push
Jackie Young + Gabby WilliamsAssists(Combo),Jackie Young + Gabby WilliamsAssists(Combo)9.5,WNBA,324865,Jackie Young + Gabby Williams,G,LVA/GSV,Assists (Combo),9.5,N/A,10/9/2026,12/30/1899,pre_game,WNBA,standard,https://static.prizepicks.com/images/manual/Jackie Young + Gabby Williams2.png,15548823,,,,,,,,,Yes,-4.5,156.6,Valkyries @ Aces,2026-10-10T01:30:00Z,Fri 09:30pm,N/A,N/A,Peacock/NBCSN,,,10/9/2026,,,,,No,,,0,,,,0,,0,,0,0,9.5,0,Push
Chelsea GrayRebs+Asts,Chelsea GrayRebs+Asts9.5,WNBA,237845,Chelsea Gray,G,LVA,Rebs+Asts,9.5,N/A,10/9/2026,12/30/1899,pre_game,WNBA,standard,https://static.prizepicks.com/images/players/WNBA/Chelsea_Gray_WNBA_player_GHqO0xzbwyTjQ6fOf5m0CHE4.webp,15562651,9.5,48.91,51.09,-5.81,51.09,Under,https://www.freeiconspng.com/img/1934,,Yes,-4.5,156.6,Valkyries @ Aces,2026-10-10T01:30:00Z,Fri 09:30pm,N/A,N/A,Peacock/NBCSN,,,10/9/2026,9.5,,,,No,ATL,26.17,32,48.91,51.09,51.09,9.5,12,-0.0325,under,9.5,9.47,9.49,0,Push
A'ja WilsonFGMade,A'ja WilsonFGMade9.5,WNBA,237843,A'ja Wilson,C,LVA,FG Made,9.5,N/A,10/9/2026,12/30/1899,pre_game,WNBA,standard,https://static.prizepicks.com/images/players/WNBA/A'ja_Wilson_WNBA_player_e1fzWnin9JBoRKYaugxyyP08.webp,15598501,,,,,,,,,Yes,-4.5,156.6,Valkyries @ Aces,2026-10-10T01:30:00Z,Fri 09:30pm,N/A,N/A,Peacock/NBCSN,,,10/9/2026,,,,,No,ATL,48.39,32,,,,0,2,1.9156,over,0,1.92,5.71,0,Push
Veronica BurtonRebs+Asts,Veronica BurtonRebs+Asts8.5,WNBA,238261,Veronica Burton,G,GSV,Rebs+Asts,8.5,TRUE,10/9/2026,12/30/1899,pre_game,WNBA,standard,https://static.prizepicks.com/images/players/WNBA/Veronica_Burton_WNBA_player_PgQhWXIUPjwd5ndjpucEaD8E.webp,15547881,8.5,49.17,50.83,-5.69,50.83,Under,https://www.freeiconspng.com/img/1934,,,,,Valkyries @ Aces,2026-10-10T01:30:00Z,Fri 09:30pm,N/A,N/A,Peacock/NBCSN,,,10/9/2026,8.5,,,,No,,24.61,31,49.17,50.83,50.83,8.5,,0,,8.5,8.5,8.5,0,Push
Tiffany HayesPoints,Tiffany HayesPoints8.5,WNBA,238101,Tiffany Hayes,G,GSV,Points,8.5,TRUE,10/9/2026,12/30/1899,pre_game,WNBA,standard,https://static.prizepicks.com/images/players/WNBA/Tiffany_Hayes_WNBA_player_JZ73QF6RKriqG7DeqAWWKcDH.webp,15547972,8.5,50.22,49.78,-8.03,50.22,Over,https://www.freeiconspng.com/img/1934,,,,,Valkyries @ Aces,2026-10-10T01:30:00Z,Fri 09:30pm,N/A,N/A,Peacock/NBCSN,,,10/9/2026,8.5,,,,No,,14.27,20,50.22,49.78,50.22,8.5,,0,,8.5,8.5,8.5,8.5,Push
Cecilia ZandalasiniPts+Rebs,Cecilia ZandalasiniPts+Rebs8.5,WNBA,249153,Cecilia Zandalasini,F,GSV,Pts+Rebs,8.5,TRUE,10/9/2026,12/30/1899,pre_game,WNBA,standard,https://static.prizepicks.com/images/players/WNBA/Cecilia_Zandalasini_WNBA_player_J9EZms55fyBgGOFTRR36l10v.webp,15548131,8.5,50.03,49.97,-7.84,50.03,Over,https://www.freeiconspng.com/img/1934,,,,,Valkyries @ Aces,2026-10-10T01:30:00Z,Fri 09:30pm,N/A,N/A,Peacock/NBCSN,,,10/9/2026,8.5,,,,No,,11.81,17,50.03,49.97,50.03,8.5,,0,,8.5,8.5,8.5,0,Push
Kayla ThorntonPts+Asts,Kayla ThorntonPts+Asts8.5,WNBA,238102,Kayla Thornton,F,GSV,Pts+Asts,8.5,TRUE,10/9/2026,12/30/1899,pre_game,WNBA,standard,https://static.prizepicks.com/images/players/WNBA/Kayla_Thornton_WNBA_player_LW0QKyGiDE0bVq5F3TkgEtm8.webp,15548165,8.5,49.7,50.3,-7.51,50.3,Under,https://www.freeiconspng.com/img/1934,,,,,Valkyries @ Aces,2026-10-10T01:30:00Z,Fri 09:30pm,N/A,N/A,Peacock/NBCSN,,,10/9/2026,8.5,,,,No,,18,28,49.7,50.3,50.3,8.5,,0,,8.5,8.5,8.5,0,Push
Jackie Young + Gabby WilliamsRebounds(Combo),Jackie Young + Gabby WilliamsRebounds(Combo)8.5,WNBA,324865,Jackie Young + Gabby Williams,G,LVA/GSV,Rebounds (Combo),8.5,N/A,10/9/2026,12/30/1899,pre_game,WNBA,standard,https://static.prizepicks.com/images/manual/Jackie Young + Gabby Williams2.png,15548811,,,,,,,,,Yes,-4.5,156.6,Valkyries @ Aces,2026-10-10T01:30:00Z,Fri 09:30pm,N/A,N/A,Peacock/NBCSN,,,10/9/2026,,,,,No,,,0,,,,0,,0,,0,0,8.5,0,Push
Jackie Young + Kayla ThorntonRebounds(Combo),Jackie Young + Kayla ThorntonRebounds(Combo)8.5,WNBA,349910,Jackie Young + Kayla Thornton,G,LVA/GSV,Rebounds (Combo),8.5,N/A,10/9/2026,12/30/1899,pre_game,WNBA,standard,https://static.prizepicks.com/images/players/CMBO_group_tNDCQYrByqMAihofclMfVALx.webp,15548812,,,,,,,,,Yes,-4.5,156.6,Valkyries @ Aces,2026-10-10T01:30:00Z,Fri 09:30pm,N/A,N/A,Peacock/NBCSN,,,10/9/2026,,,,,No,,,0,,,,0,,0,,0,0,8.5,0,Push
A'ja WilsonDefensiveRebounds,A'ja WilsonDefensiveRebounds8.5,WNBA,237843,A'ja Wilson,C,LVA,Defensive Rebounds,8.5,N/A,10/9/2026,12/30/1899,pre_game,WNBA,standard,https://static.prizepicks.com/images/players/WNBA/A'ja_Wilson_WNBA_player_e1fzWnin9JBoRKYaugxyyP08.webp,15597475,,,,,,,,,Yes,-4.5,156.6,Valkyries @ Aces,2026-10-10T01:30:00Z,Fri 09:30pm,N/A,N/A,Peacock/NBCSN,,,10/9/2026,,,,,No,ATL,48.39,32,,,,0,12,-0.0325,under,0,-0.03,8.5,0,Push
Veronica BurtonFGAttempted,Veronica BurtonFGAttempted8.5,WNBA,238261,Veronica Burton,G,GSV,FG Attempted,8.5,N/A,10/9/2026,12/30/1899,pre_game,WNBA,standard,https://static.prizepicks.com/images/players/WNBA/Veronica_Burton_WNBA_player_PgQhWXIUPjwd5ndjpucEaD8E.webp,15598510,,,,,,,,,,,,Valkyries @ Aces,2026-10-10T01:30:00Z,Fri 09:30pm,N/A,N/A,Peacock/NBCSN,,,10/9/2026,,,,,No,,24.61,31,,,,0,,0,,0,0,8.5,0,Push
Gabby WilliamsRebs+Asts,Gabby WilliamsRebs+Asts8,WNBA,316568,Gabby Williams,F,GSV,Rebs+Asts,8,TRUE,10/9/2026,12/30/1899,pre_game,WNBA,standard,https://static.prizepicks.com/images/manual/Gabby Williams .png,15548285,7.5,54.07,45.93,-5.61,54.07,Under,https://www.freeiconspng.com/img/1934,,,,,Valkyries @ Aces,2026-10-10T01:30:00Z,Fri 09:30pm,N/A,N/A,Peacock/NBCSN,,,10/9/2026,7.5,,,,No,,31.53,30,49.28505668,50.71494332,50,7.5,,0,,7.5,7.5,7.63,0,Push
A'ja WilsonFreeThrowsAttempted,A'ja WilsonFreeThrowsAttempted8,WNBA,237843,A'ja Wilson,C,LVA,Free Throws Attempted,8,N/A,10/9/2026,12/30/1899,pre_game,WNBA,standard,https://static.prizepicks.com/images/players/WNBA/A'ja_Wilson_WNBA_player_e1fzWnin9JBoRKYaugxyyP08.webp,15598524,,,,,,,,,Yes,-4.5,156.6,Valkyries @ Aces,2026-10-10T01:30:00Z,Fri 09:30pm,N/A,N/A,Peacock/NBCSN,,,10/9/2026,,,,,No,ATL,48.39,32,,,,0,2,1.9156,over,0,1.92,4.96,0,Push
Jackie YoungTwoPointersAttempted,Jackie YoungTwoPointersAttempted8,WNBA,237846,Jackie Young,G,LVA,Two Pointers Attempted,8,N/A,10/9/2026,12/30/1899,pre_game,WNBA,standard,https://static.prizepicks.com/images/players/WNBA/Jackie_Young_WNBA_player_xMYZ7NbkZrdioerQcMdWBKG9.webp,15598543,,,,,,,,,Yes,-4.5,156.6,Valkyries @ Aces,2026-10-10T01:30:00Z,Fri 09:30pm,N/A,N/A,Peacock/NBCSN,,,10/9/2026,,,,,No,ATL,33.24,31,,,,0,2,1.9156,over,0,1.92,4.96,0,Push
Kiah StokesRebounds,Kiah StokesRebounds7.5,WNBA,317423,Kiah Stokes,C,GSV,Rebounds,7.5,TRUE,10/9/2026,12/30/1899,pre_game,WNBA,standard,https://static.prizepicks.com/images/players/WNBA/Kiah_Stokes_WNBA_player_ndf93Nxv7e15yD38rl5xBPni.webp,15547906,7.5,51.78,48.22,-9.59,51.78,Over,https://www.freeiconspng.com/img/1934,,,,,Valkyries @ Aces,2026-10-10T01:30:00Z,Fri 09:30pm,N/A,N/A,Peacock/NBCSN,,,10/9/2026,7.5,,,,No,,20.32,21,51.78,48.22,51.78,7.5,,0,,7.5,7.5,7.5,7.5,Push
Jewell LoydPoints,Jewell LoydPoints7.5,WNBA,237844,Jewell Loyd,G,LVA,Points,7.5,TRUE,10/9/2026,12/30/1899,pre_game,WNBA,standard,https://static.prizepicks.com/images/players/WNBA/Jewell_Loyd_WNBA_player_kl6eTaXsduFI7E6eDj4QuueY.webp,15547988,7.5,48.01,51.99,-5.82,51.99,Under,https://www.freeiconspng.com/img/1934,,Yes,-4.5,156.6,Valkyries @ Aces,2026-10-10T01:30:00Z,Fri 09:30pm,N/A,N/A,Peacock/NBCSN,,,10/9/2026,7.5,,,,No,ATL,16.73,28,48.01,51.99,51.99,7.5,4,0.2078,over,7.5,7.71,7.54,7.5,Great Bet
Cecilia ZandalasiniPts+Asts,Cecilia ZandalasiniPts+Asts7.5,WNBA,249153,Cecilia Zandalasini,F,GSV,Pts+Asts,7.5,TRUE,10/9/2026,12/30/1899,pre_game,WNBA,standard,https://static.prizepicks.com/images/players/WNBA/Cecilia_Zandalasini_WNBA_player_J9EZms55fyBgGOFTRR36l10v.webp,15547989,7.5,50.5,49.5,,50.5,Over,https://www.freeiconspng.com/img/1934,,,,,Valkyries @ Aces,2026-10-10T01:30:00Z,Fri 09:30pm,N/A,N/A,Peacock/NBCSN,,,10/9/2026,7.5,,,,No,,11.81,17,50.5,49.5,50.5,7.5,,0,,7.5,7.5,7.5,0,Push
Kayla ThorntonPoints,Kayla ThorntonPoints7.5,WNBA,238102,Kayla Thornton,F,GSV,Points,7.5,TRUE,10/9/2026,12/30/1899,pre_game,WNBA,standard,https://static.prizepicks.com/images/players/WNBA/Kayla_Thornton_WNBA_player_LW0QKyGiDE0bVq5F3TkgEtm8.webp,15548015,7.5,50.22,49.78,-3.71,50.22,Over,https://www.freeiconspng.com/img/1934,,,,,Valkyries @ Aces,2026-10-10T01:30:00Z,Fri 09:30pm,N/A,N/A,Peacock/NBCSN,,,10/9/2026,7.5,,,,No,,18,28,50.22,49.78,50.22,7.5,,0,,7.5,7.5,7.5,7.5,Push
A'ja WilsonFreeThrowsMade,A'ja WilsonFreeThrowsMade7,WNBA,237843,A'ja Wilson,C,LVA,Free Throws Made,7,N/A,10/9/2026,12/30/1899,pre_game,WNBA,standard,https://static.prizepicks.com/images/players/WNBA/A'ja_Wilson_WNBA_player_e1fzWnin9JBoRKYaugxyyP08.webp,15598496,,,,,,,,,Yes,-4.5,156.6,Valkyries @ Aces,2026-10-10T01:30:00Z,Fri 09:30pm,N/A,N/A,Peacock/NBCSN,,,10/9/2026,,,,,No,ATL,48.39,32,,,,0,2,1.9156,over,0,1.92,4.46,0,Push
Cecilia ZandalasiniPoints,Cecilia ZandalasiniPoints6.5,WNBA,249153,Cecilia Zandalasini,F,GSV,Points,6.5,TRUE,10/9/2026,12/30/1899,pre_game,WNBA,standard,https://static.prizepicks.com/images/players/WNBA/Cecilia_Zandalasini_WNBA_player_J9EZms55fyBgGOFTRR36l10v.webp,15547955,6.5,49.65,50.35,-7.46,50.35,Under,https://www.freeiconspng.com/img/1934,,,,,Valkyries @ Aces,2026-10-10T01:30:00Z,Fri 09:30pm,N/A,N/A,Peacock/NBCSN,,,10/9/2026,6.5,,,,No,,11.81,17,49.65,50.35,50.35,6.5,,0,,6.5,6.5,6.5,6.5,Best Bet
Gabby WilliamsFGMade,Gabby WilliamsFGMade6.5,WNBA,316568,Gabby Williams,F,GSV,FG Made,6.5,N/A,10/9/2026,12/30/1899,pre_game,WNBA,standard,https://static.prizepicks.com/images/manual/Gabby Williams .png,15598503,,,,,,,,,,,,Valkyries @ Aces,2026-10-10T01:30:00Z,Fri 09:30pm,N/A,N/A,Peacock/NBCSN,,,10/9/2026,,,,,No,,31.53,30,,,,0,,0,,0,0,6.5,0,Push
Jackie YoungFGMade,Jackie YoungFGMade6.5,WNBA,237846,Jackie Young,G,LVA,FG Made,6.5,N/A,10/9/2026,12/30/1899,pre_game,WNBA,standard,https://static.prizepicks.com/images/players/WNBA/Jackie_Young_WNBA_player_xMYZ7NbkZrdioerQcMdWBKG9.webp,15598504,,,,,,,,,Yes,-4.5,156.6,Valkyries @ Aces,2026-10-10T01:30:00Z,Fri 09:30pm,N/A,N/A,Peacock/NBCSN,,,10/9/2026,,,,,No,ATL,33.24,31,,,,0,2,1.9156,over,0,1.92,4.21,0,Push
Gabby Williams3-PTAttempted,Gabby Williams3-PTAttempted6.5,WNBA,316568,Gabby Williams,F,GSV,3-PT Attempted,6.5,N/A,10/9/2026,12/30/1899,pre_game,WNBA,standard,https://static.prizepicks.com/images/manual/Gabby Williams .png,15598517,,,,,,,,,,,,Valkyries @ Aces,2026-10-10T01:30:00Z,Fri 09:30pm,N/A,N/A,Peacock/NBCSN,,,10/9/2026,,,,,No,,31.53,30,,,,0,,0,,0,0,6.5,0,Push
Jackie YoungAssists,Jackie YoungAssists6,WNBA,237846,Jackie Young,G,LVA,Assists,6,TRUE,10/9/2026,12/30/1899,pre_game,WNBA,standard,https://static.prizepicks.com/images/players/WNBA/Jackie_Young_WNBA_player_xMYZ7NbkZrdioerQcMdWBKG9.webp,15548238,6.5,45.34,54.66,,54.66,Under,https://www.freeiconspng.com/img/1934,,Yes,-4.5,156.6,Valkyries @ Aces,2026-10-10T01:30:00Z,Fri 09:30pm,N/A,N/A,Peacock/NBCSN,,,10/9/2026,6.5,,,,No,ATL,33.24,31,46.42370541,53.57629459,53.58,6.5,8,-0.0047,under,6.5,6.5,6.4,6.5,Push
Chelsea GrayAssists,Chelsea GrayAssists6,WNBA,237845,Chelsea Gray,G,LVA,Assists,6,TRUE,10/9/2026,12/30/1899,pre_game,WNBA,standard,https://static.prizepicks.com/images/players/WNBA/Chelsea_Gray_WNBA_player_GHqO0xzbwyTjQ6fOf5m0CHE4.webp,15548270,5.5,54.94,45.06,-6.6,54.94,Under,https://www.freeiconspng.com/img/1934,,Yes,-4.5,156.6,Valkyries @ Aces,2026-10-10T01:30:00Z,Fri 09:30pm,N/A,N/A,Peacock/NBCSN,,,10/9/2026,5.5,,,,No,ATL,26.17,32,49.44015613,50.55984387,50,5.5,8,-0.0047,under,5.5,5.5,5.6,5.5,Best Bet
Kiah StokesDefensiveRebounds,Kiah StokesDefensiveRebounds6,WNBA,317423,Kiah Stokes,C,GSV,Defensive Rebounds,6,N/A,10/9/2026,12/30/1899,pre_game,WNBA,standard,https://static.prizepicks.com/images/players/WNBA/Kiah_Stokes_WNBA_player_ndf93Nxv7e15yD38rl5xBPni.webp,15597474,,,,,,,,,,,,Valkyries @ Aces,2026-10-10T01:30:00Z,Fri 09:30pm,N/A,N/A,Peacock/NBCSN,,,10/9/2026,,,,,No,,20.32,21,,,,0,,0,,0,0,6,0,Push
Jackie Young3-PTAttempted,Jackie Young3-PTAttempted6,WNBA,237846,Jackie Young,G,LVA,3-PT Attempted,6,N/A,10/9/2026,12/30/1899,pre_game,WNBA,standard,https://static.prizepicks.com/images/players/WNBA/Jackie_Young_WNBA_player_xMYZ7NbkZrdioerQcMdWBKG9.webp,15598519,,,,,,,,,Yes,-4.5,156.6,Valkyries @ Aces,2026-10-10T01:30:00Z,Fri 09:30pm,N/A,N/A,Peacock/NBCSN,,,10/9/2026,,,,,No,ATL,33.24,31,,,,0,2,1.9156,over,0,1.92,3.96,0,Push
Chelsea GrayTwoPointersAttempted,Chelsea GrayTwoPointersAttempted6,WNBA,237845,Chelsea Gray,G,LVA,Two Pointers Attempted,6,N/A,10/9/2026,12/30/1899,pre_game,WNBA,standard,https://static.prizepicks.com/images/players/WNBA/Chelsea_Gray_WNBA_player_GHqO0xzbwyTjQ6fOf5m0CHE4.webp,15598541,,,,,,,,,Yes,-4.5,156.6,Valkyries @ Aces,2026-10-10T01:30:00Z,Fri 09:30pm,N/A,N/A,Peacock/NBCSN,,,10/9/2026,,,,,No,ATL,26.17,32,,,,0,2,1.9156,over,0,1.92,3.96,0,Push
Stephanie TalbotPoints,Stephanie TalbotPoints5.5,WNBA,317883,Stephanie Talbot,F,LVA,Points,5.5,TRUE,10/9/2026,12/30/1899,pre_game,WNBA,standard,https://static.prizepicks.com/images/players/WNBA/Stephanie_Talbot_WNBA_player_v6hnGHVjDs3ZNq5tDauoy5Dk.webp,15547928,5.5,48.85,51.15,-6.66,51.15,Under,https://www.freeiconspng.com/img/1934,,Yes,-4.5,156.6,Valkyries @ Aces,2026-10-10T01:30:00Z,Fri 09:30pm,N/A,N/A,Peacock/NBCSN,,,10/9/2026,5.5,,,,No,ATL,13.5,20,48.85,51.15,51.15,5.5,4,0.2078,over,5.5,5.71,5.54,5.5,Great Bet
Chelsea Gray3-PTAttempted,Chelsea Gray3-PTAttempted5.5,WNBA,237845,Chelsea Gray,G,LVA,3-PT Attempted,5.5,N/A,10/9/2026,12/30/1899,pre_game,WNBA,standard,https://static.prizepicks.com/images/players/WNBA/Chelsea_Gray_WNBA_player_GHqO0xzbwyTjQ6fOf5m0CHE4.webp,15598513,,,,,,,,,Yes,-4.5,156.6,Valkyries @ Aces,2026-10-10T01:30:00Z,Fri 09:30pm,N/A,N/A,Peacock/NBCSN,,,10/9/2026,,,,,No,ATL,26.17,32,,,,0,2,1.9156,over,0,1.92,3.71,0,Push
Stephanie TalbotRebs+Asts,Stephanie TalbotRebs+Asts5,WNBA,317883,Stephanie Talbot,F,LVA,Rebs+Asts,5,TRUE,10/9/2026,12/30/1899,pre_game,WNBA,standard,https://static.prizepicks.com/images/players/WNBA/Stephanie_Talbot_WNBA_player_v6hnGHVjDs3ZNq5tDauoy5Dk.webp,15548198,4.75,53.27,46.73,,53.27,Under,https://www.freeiconspng.com/img/1934,,Yes,-4.5,156.6,Valkyries @ Aces,2026-10-10T01:30:00Z,Fri 09:30pm,N/A,N/A,Peacock/NBCSN,,,10/9/2026,4.75,,,,No,ATL,13.5,20,47.05074363,52.94925637,52.95,4.75,12,-0.0325,under,4.75,4.72,4.8,0,Push
Veronica BurtonAssists,Veronica BurtonAssists5,WNBA,238261,Veronica Burton,G,GSV,Assists,5,N/A,10/9/2026,12/30/1899,pre_game,WNBA,standard,https://static.prizepicks.com/images/players/WNBA/Veronica_Burton_WNBA_player_PgQhWXIUPjwd5ndjpucEaD8E.webp,15563187,4.5,53.95,46.05,-6.05,53.95,Under,https://www.freeiconspng.com/img/1934,,,,,Valkyries @ Aces,2026-10-10T01:30:00Z,Fri 09:30pm,N/A,N/A,Peacock/NBCSN,,,10/9/2026,4.5,,,,No,,24.61,31,48.84070988,51.15929012,50,4.5,,0,,4.5,4.5,4.63,0,Push
Veronica BurtonTwoPointersAttempted,Veronica BurtonTwoPointersAttempted5,WNBA,238261,Veronica Burton,G,GSV,Two Pointers Attempted,5,N/A,10/9/2026,12/30/1899,pre_game,WNBA,standard,https://static.prizepicks.com/images/players/WNBA/Veronica_Burton_WNBA_player_PgQhWXIUPjwd5ndjpucEaD8E.webp,15598544,,,,,,,,,,,,Valkyries @ Aces,2026-10-10T01:30:00Z,Fri 09:30pm,N/A,N/A,Peacock/NBCSN,,,10/9/2026,,,,,No,,24.61,31,,,,0,,0,,0,0,5,0,Push
Jackie Young + Gabby Williams3-PTMade(Combo),Jackie Young + Gabby Williams3-PTMade(Combo)4.5,WNBA,324865,Jackie Young + Gabby Williams,G,LVA/GSV,3-PT Made (Combo),4.5,N/A,10/9/2026,12/30/1899,pre_game,WNBA,standard,https://static.prizepicks.com/images/manual/Jackie Young + Gabby Williams2.png,15548824,,,,,,,,,Yes,-4.5,156.6,Valkyries @ Aces,2026-10-10T01:30:00Z,Fri 09:30pm,N/A,N/A,Peacock/NBCSN,,,10/9/2026,,,,,No,,,0,,,,0,,0,,0,0,4.5,0,Push
Chelsea GrayFGMade,Chelsea GrayFGMade4.5,WNBA,237845,Chelsea Gray,G,LVA,FG Made,4.5,N/A,10/9/2026,12/30/1899,pre_game,WNBA,standard,https://static.prizepicks.com/images/players/WNBA/Chelsea_Gray_WNBA_player_GHqO0xzbwyTjQ6fOf5m0CHE4.webp,15598502,,,,,,,,,Yes,-4.5,156.6,Valkyries @ Aces,2026-10-10T01:30:00Z,Fri 09:30pm,N/A,N/A,Peacock/NBCSN,,,10/9/2026,,,,,No,ATL,26.17,32,,,,0,2,1.9156,over,0,1.92,3.21,0,Push
Gabby WilliamsTwoPointersMade,Gabby WilliamsTwoPointersMade4.5,WNBA,316568,Gabby Williams,F,GSV,Two Pointers Made,4.5,N/A,10/9/2026,12/30/1899,pre_game,WNBA,standard,https://static.prizepicks.com/images/manual/Gabby Williams .png,15598538,,,,,,,,,,,,Valkyries @ Aces,2026-10-10T01:30:00Z,Fri 09:30pm,N/A,N/A,Peacock/NBCSN,,,10/9/2026,,,,,No,,31.53,30,,,,0,,0,,0,0,4.5,0,Push
Kayla ThorntonRebounds,Kayla ThorntonRebounds4.5,WNBA,238102,Kayla Thornton,F,GSV,Rebounds,4.5,TRUE,10/9/2026,12/30/1899,pre_game,WNBA,standard,https://static.prizepicks.com/images/players/WNBA/Kayla_Thornton_WNBA_player_LW0QKyGiDE0bVq5F3TkgEtm8.webp,15601838,4.5,48.08,51.92,,51.92,Under,https://www.freeiconspng.com/img/1934,,,,,Valkyries @ Aces,2026-10-10T01:30:00Z,Fri 09:30pm,N/A,N/A,Peacock/NBCSN,,,10/9/2026,4.5,,,,No,,18,28,48.08,51.92,51.92,4.5,,0,,4.5,4.5,4.5,4.5,Best Bet
Jackie YoungRebounds,Jackie YoungRebounds4,WNBA,237846,Jackie Young,G,LVA,Rebounds,4,N/A,10/9/2026,12/30/1899,pre_game,WNBA,standard,https://static.prizepicks.com/images/players/WNBA/Jackie_Young_WNBA_player_xMYZ7NbkZrdioerQcMdWBKG9.webp,15548250,4.5,42.94,57.06,-5.9,57.06,Under,https://www.freeiconspng.com/img/1934,,Yes,-4.5,156.6,Valkyries @ Aces,2026-10-10T01:30:00Z,Fri 09:30pm,N/A,N/A,Peacock/NBCSN,,,10/9/2026,4.5,,,,No,ATL,33.24,31,45.16813772,54.83186228,54.83,4.5,12,-0.0325,under,4.5,4.47,4.39,4.5,Push
Jackie YoungTwoPointersMade,Jackie YoungTwoPointersMade4,WNBA,237846,Jackie Young,G,LVA,Two Pointers Made,4,N/A,10/9/2026,12/30/1899,pre_game,WNBA,standard,https://static.prizepicks.com/images/players/WNBA/Jackie_Young_WNBA_player_xMYZ7NbkZrdioerQcMdWBKG9.webp,15598539,,,,,,,,,Yes,-4.5,156.6,Valkyries @ Aces,2026-10-10T01:30:00Z,Fri 09:30pm,N/A,N/A,Peacock/NBCSN,,,10/9/2026,,,,,No,ATL,33.24,31,,,,0,2,1.9156,over,0,1.92,2.96,0,Push
Veronica BurtonFGMade,Veronica BurtonFGMade3.5,WNBA,238261,Veronica Burton,G,GSV,FG Made,3.5,N/A,10/9/2026,12/30/1899,pre_game,WNBA,standard,https://static.prizepicks.com/images/players/WNBA/Veronica_Burton_WNBA_player_PgQhWXIUPjwd5ndjpucEaD8E.webp,15598505,,,,,,,,,,,,Valkyries @ Aces,2026-10-10T01:30:00Z,Fri 09:30pm,N/A,N/A,Peacock/NBCSN,,,10/9/2026,,,,,No,,24.61,31,,,,0,,0,,0,0,3.5,0,Push
Veronica Burton3-PTAttempted,Veronica Burton3-PTAttempted3.5,WNBA,238261,Veronica Burton,G,GSV,3-PT Attempted,3.5,N/A,10/9/2026,12/30/1899,pre_game,WNBA,standard,https://static.prizepicks.com/images/players/WNBA/Veronica_Burton_WNBA_player_PgQhWXIUPjwd5ndjpucEaD8E.webp,15598521,,,,,,,,,,,,Valkyries @ Aces,2026-10-10T01:30:00Z,Fri 09:30pm,N/A,N/A,Peacock/NBCSN,,,10/9/2026,,,,,No,,24.61,31,,,,0,,0,,0,0,3.5,0,Push
Gabby WilliamsFreeThrowsAttempted,Gabby WilliamsFreeThrowsAttempted3.5,WNBA,316568,Gabby Williams,F,GSV,Free Throws Attempted,3.5,N/A,10/9/2026,12/30/1899,pre_game,WNBA,standard,https://static.prizepicks.com/images/manual/Gabby Williams .png,15598529,,,,,,,,,,,,Valkyries @ Aces,2026-10-10T01:30:00Z,Fri 09:30pm,N/A,N/A,Peacock/NBCSN,,,10/9/2026,,,,,No,,31.53,30,,,,0,,0,,0,0,3.5,0,Push
Jackie YoungFreeThrowsAttempted,Jackie YoungFreeThrowsAttempted3.5,WNBA,237846,Jackie Young,G,LVA,Free Throws Attempted,3.5,N/A,10/9/2026,12/30/1899,pre_game,WNBA,standard,https://static.prizepicks.com/images/players/WNBA/Jackie_Young_WNBA_player_xMYZ7NbkZrdioerQcMdWBKG9.webp,15598534,,,,,,,,,Yes,-4.5,156.6,Valkyries @ Aces,2026-10-10T01:30:00Z,Fri 09:30pm,N/A,N/A,Peacock/NBCSN,,,10/9/2026,,,,,No,ATL,33.24,31,,,,0,2,1.9156,over,0,1.92,2.71,0,Push
Gabby WilliamsFreeThrowsMade,Gabby WilliamsFreeThrowsMade3,WNBA,316568,Gabby Williams,F,GSV,Free Throws Made,3,N/A,10/9/2026,12/30/1899,pre_game,WNBA,standard,https://static.prizepicks.com/images/manual/Gabby Williams .png,15598498,,,,,,,,,,,,Valkyries @ Aces,2026-10-10T01:30:00Z,Fri 09:30pm,N/A,N/A,Peacock/NBCSN,,,10/9/2026,,,,,No,,31.53,30,,,,0,,0,,0,0,3,0,Push
Jackie YoungFreeThrowsMade,Jackie YoungFreeThrowsMade3,WNBA,237846,Jackie Young,G,LVA,Free Throws Made,3,N/A,10/9/2026,12/30/1899,pre_game,WNBA,standard,https://static.prizepicks.com/images/players/WNBA/Jackie_Young_WNBA_player_xMYZ7NbkZrdioerQcMdWBKG9.webp,15598499,,,,,,,,,Yes,-4.5,156.6,Valkyries @ Aces,2026-10-10T01:30:00Z,Fri 09:30pm,N/A,N/A,Peacock/NBCSN,,,10/9/2026,,,,,No,ATL,33.24,31,,,,0,2,1.9156,over,0,1.92,2.46,0,Push
A'ja WilsonAssists,A'ja WilsonAssists2.5,WNBA,237843,A'ja Wilson,C,LVA,Assists,2.5,TRUE,10/9/2026,12/30/1899,pre_game,WNBA,standard,https://static.prizepicks.com/images/players/WNBA/A'ja_Wilson_WNBA_player_e1fzWnin9JBoRKYaugxyyP08.webp,15548253,2.5,46.49,53.51,-4.3,53.51,Under,https://www.freeiconspng.com/img/1934,,Yes,-4.5,156.6,Valkyries @ Aces,2026-10-10T01:30:00Z,Fri 09:30pm,N/A,N/A,Peacock/NBCSN,,,10/9/2026,2.5,,,,No,ATL,48.39,32,46.49,53.51,53.51,2.5,8,-0.0047,under,2.5,2.5,2.5,2.5,Best Bet
Chelsea GrayTurnovers,Chelsea GrayTurnovers2.5,WNBA,237845,Chelsea Gray,G,LVA,Turnovers,2.5,N/A,10/9/2026,12/30/1899,pre_game,WNBA,standard,https://static.prizepicks.com/images/players/WNBA/Chelsea_Gray_WNBA_player_GHqO0xzbwyTjQ6fOf5m0CHE4.webp,15598013,,,,,,,,,Yes,-4.5,156.6,Valkyries @ Aces,2026-10-10T01:30:00Z,Fri 09:30pm,N/A,N/A,Peacock/NBCSN,,,10/9/2026,,,,,No,ATL,26.17,32,,,,0,2,1.9156,over,0,1.92,2.21,0,Push
Jackie YoungTurnovers,Jackie YoungTurnovers2.5,WNBA,237846,Jackie Young,G,LVA,Turnovers,2.5,N/A,10/9/2026,12/30/1899,pre_game,WNBA,standard,https://static.prizepicks.com/images/players/WNBA/Jackie_Young_WNBA_player_xMYZ7NbkZrdioerQcMdWBKG9.webp,15598015,,,,,,,,,Yes,-4.5,156.6,Valkyries @ Aces,2026-10-10T01:30:00Z,Fri 09:30pm,N/A,N/A,Peacock/NBCSN,,,10/9/2026,,,,,No,ATL,33.24,31,,,,0,2,1.9156,over,0,1.92,2.21,0,Push
Veronica BurtonTwoPointersMade,Veronica BurtonTwoPointersMade2.5,WNBA,238261,Veronica Burton,G,GSV,Two Pointers Made,2.5,N/A,10/9/2026,12/30/1899,pre_game,WNBA,standard,https://static.prizepicks.com/images/players/WNBA/Veronica_Burton_WNBA_player_PgQhWXIUPjwd5ndjpucEaD8E.webp,15598540,,,,,,,,,,,,Valkyries @ Aces,2026-10-10T01:30:00Z,Fri 09:30pm,N/A,N/A,Peacock/NBCSN,,,10/9/2026,,,,,No,,24.61,31,,,,0,,0,,0,0,2.5,0,Push
Chelsea Gray3-PTMade,Chelsea Gray3-PTMade1.5,WNBA,237845,Chelsea Gray,G,LVA,3-PT Made,1.5,TRUE,10/9/2026,12/30/1899,pre_game,WNBA,standard,https://static.prizepicks.com/images/players/WNBA/Chelsea_Gray_WNBA_player_GHqO0xzbwyTjQ6fOf5m0CHE4.webp,15547981,,,,,,,,,Yes,-4.5,156.6,Valkyries @ Aces,2026-10-10T01:30:00Z,Fri 09:30pm,N/A,N/A,Peacock/NBCSN,,,10/9/2026,,,,,No,ATL,26.17,32,,,,0,2,1.9156,over,0,1.92,1.71,0,Push
Jewell Loyd3-PTMade,Jewell Loyd3-PTMade1.5,WNBA,237844,Jewell Loyd,G,LVA,3-PT Made,1.5,TRUE,10/9/2026,12/30/1899,pre_game,WNBA,standard,https://static.prizepicks.com/images/players/WNBA/Jewell_Loyd_WNBA_player_kl6eTaXsduFI7E6eDj4QuueY.webp,15548022,,,,,,,,,Yes,-4.5,156.6,Valkyries @ Aces,2026-10-10T01:30:00Z,Fri 09:30pm,N/A,N/A,Peacock/NBCSN,,,10/9/2026,,,,,No,ATL,16.73,28,,,,0,2,1.9156,over,0,1.92,1.71,0,Push
Kiah StokesAssists,Kiah StokesAssists1.5,WNBA,317423,Kiah Stokes,C,GSV,Assists,1.5,TRUE,10/9/2026,12/30/1899,pre_game,WNBA,standard,https://static.prizepicks.com/images/players/WNBA/Kiah_Stokes_WNBA_player_ndf93Nxv7e15yD38rl5xBPni.webp,15591272,1.5,48.86,51.14,,51.14,Under,https://www.freeiconspng.com/img/1934,,,,,Valkyries @ Aces,2026-10-10T01:30:00Z,Fri 09:30pm,N/A,N/A,Peacock/NBCSN,,,10/9/2026,1.5,,,,No,,20.32,21,48.86,51.14,51.14,1.5,,0,,1.5,1.5,1.5,1.5,Best Bet
A'ja WilsonOffensiveRebounds,A'ja WilsonOffensiveRebounds1.5,WNBA,237843,A'ja Wilson,C,LVA,Offensive Rebounds,1.5,N/A,10/9/2026,12/30/1899,pre_game,WNBA,standard,https://static.prizepicks.com/images/players/WNBA/A'ja_Wilson_WNBA_player_e1fzWnin9JBoRKYaugxyyP08.webp,15597470,,,,,,,,,Yes,-4.5,156.6,Valkyries @ Aces,2026-10-10T01:30:00Z,Fri 09:30pm,N/A,N/A,Peacock/NBCSN,,,10/9/2026,,,,,No,ATL,48.39,32,,,,0,12,-0.0325,under,0,-0.03,1.5,1.5,Push
Chelsea GrayBlks+Stls,Chelsea GrayBlks+Stls1.5,WNBA,237845,Chelsea Gray,G,LVA,Blks+Stls,1.5,N/A,10/9/2026,12/30/1899,pre_game,WNBA,standard,https://static.prizepicks.com/images/players/WNBA/Chelsea_Gray_WNBA_player_GHqO0xzbwyTjQ6fOf5m0CHE4.webp,15598018,,,,,,,,,Yes,-4.5,156.6,Valkyries @ Aces,2026-10-10T01:30:00Z,Fri 09:30pm,N/A,N/A,Peacock/NBCSN,,,10/9/2026,,,,,No,ATL,26.17,32,,,,0,2,1.9156,over,0,1.92,1.71,0,Push
Gabby WilliamsBlks+Stls,Gabby WilliamsBlks+Stls1.5,WNBA,316568,Gabby Williams,F,GSV,Blks+Stls,1.5,N/A,10/9/2026,12/30/1899,pre_game,WNBA,standard,https://static.prizepicks.com/images/manual/Gabby Williams .png,15598019,,,,,,,,,,,,Valkyries @ Aces,2026-10-10T01:30:00Z,Fri 09:30pm,N/A,N/A,Peacock/NBCSN,,,10/9/2026,,,,,No,,31.53,30,,,,0,,0,,0,0,1.5,0,Push
Gabby WilliamsOffensiveRebounds,Gabby WilliamsOffensiveRebounds0.5,WNBA,316568,Gabby Williams,F,GSV,Offensive Rebounds,0.5,N/A,10/9/2026,12/30/1899,pre_game,WNBA,standard,https://static.prizepicks.com/images/manual/Gabby Williams .png,15597890,,,,,,,,,,,,Valkyries @ Aces,2026-10-10T01:30:00Z,Fri 09:30pm,N/A,N/A,Peacock/NBCSN,,,10/9/2026,,,,,No,,31.53,30,,,,0,,0,,0,0,0.5,0,Push
Breanna StewartPts+Rebs+Asts,Breanna StewartPts+Rebs+Asts56.5,WNBA,237847,Breanna Stewart,F,NYL,Pts+Rebs+Asts,56.5,TRUE,10/9/2026,12/30/1899,pre_game,WNBA,demon,https://static.prizepicks.com/images/players/WNBA/Breanna_Stewart_WNBA_player_0QbcmrMWR4KgqkSDi1fYPEeZ.webp,15544678,36.5,50.3,49.7,-8.11,50.3,Over,https://www.freeiconspng.com/img/1934,,,,,Dream @ Liberty,2026-10-09T23:30:00Z,Fri 07:30pm,N/A,N/A,ESPN2,,,10/9/2026,36.5,,,,No,,46.32,33,,100,,36.5,,0,,36.5,36.5,41.5,0,Push
Breanna StewartFantasyScore,Breanna StewartFantasyScore52.5,WNBA,237847,Breanna Stewart,F,NYL,Fantasy Score,52.5,TRUE,10/9/2026,12/30/1899,pre_game,WNBA,demon,https://static.prizepicks.com/images/players/WNBA/Breanna_Stewart_WNBA_player_0QbcmrMWR4KgqkSDi1fYPEeZ.webp,15563745,,,,,,Push,,,,,,Dream @ Liberty,2026-10-09T23:30:00Z,Fri 07:30pm,N/A,N/A,ESPN2,,,10/9/2026,46.32,,,,No,,46.32,33,50,50,50,46.32,,0,,46.32,46.32,47.8,47.55,Push
Breanna StewartPts+Rebs,Breanna StewartPts+Rebs49.5,WNBA,237847,Breanna Stewart,F,NYL,Pts+Rebs,49.5,TRUE,10/9/2026,12/30/1899,pre_game,WNBA,demon,https://static.prizepicks.com/images/players/WNBA/Breanna_Stewart_WNBA_player_0QbcmrMWR4KgqkSDi1fYPEeZ.webp,15544351,32.5,49.82,50.18,-7.63,50.18,Under,https://www.freeiconspng.com/img/1934,,,,,Dream @ Liberty,2026-10-09T23:30:00Z,Fri 07:30pm,N/A,N/A,ESPN2,,,10/9/2026,32.5,,,,No,,46.32,33,,100,,32.5,,0,,32.5,32.5,36.75,0,Push
Angel ReesePts+Rebs+Asts,Angel ReesePts+Rebs+Asts45.5,WNBA,315793,Angel Reese,F,ATL,Pts+Rebs+Asts,45.5,TRUE,10/9/2026,12/30/1899,pre_game,WNBA,demon,https://static.prizepicks.com/images/manual/AngeelesReese.png,15544550,29.5,48.57,51.43,,51.43,Under,https://www.freeiconspng.com/img/1934,,No,3.2,170.5,Dream @ Liberty,2026-10-09T23:30:00Z,Fri 07:30pm,N/A,N/A,ESPN2,,,10/9/2026,29.5,,,,No,LVA,35.06,32,,100,,29.5,15,-0.12,under,29.5,29.38,33.47,0,Push
Sabrina IonescuPts+Rebs+Asts,Sabrina IonescuPts+Rebs+Asts44.5,WNBA,237848,Sabrina Ionescu,G,NYL,Pts+Rebs+Asts,44.5,TRUE,10/9/2026,12/30/1899,pre_game,WNBA,demon,https://static.prizepicks.com/images/players/WNBA/Sabrina_Ionescu_WNBA_player_P26gx0GUbxv35lMVCUU4z5Q5.webp,15544486,24.5,49.89,50.11,-7.7,50.11,Under,https://www.freeiconspng.com/img/1934,,,,,Dream @ Liberty,2026-10-09T23:30:00Z,Fri 07:30pm,N/A,N/A,ESPN2,,,10/9/2026,24.5,,,,No,,28.5,20,,100,,24.5,,0,,24.5,24.5,29.5,0,Push
Breanna StewartPts+Rebs+Asts,Breanna StewartPts+Rebs+Asts44.5,WNBA,237847,Breanna Stewart,F,NYL,Pts+Rebs+Asts,44.5,TRUE,10/9/2026,12/30/1899,pre_game,WNBA,demon,https://static.prizepicks.com/images/players/WNBA/Breanna_Stewart_WNBA_player_0QbcmrMWR4KgqkSDi1fYPEeZ.webp,15544489,36.5,50.3,49.7,-8.11,50.3,Over,https://www.freeiconspng.com/img/1934,,,,,Dream @ Liberty,2026-10-09T23:30:00Z,Fri 07:30pm,N/A,N/A,ESPN2,,,10/9/2026,36.5,,,,No,,46.32,33,,100,,36.5,,0,,36.5,36.5,38.5,0,Push
Angel ReeseFantasyScore,Angel ReeseFantasyScore44.5,WNBA,315793,Angel Reese,F,ATL,Fantasy Score,44.5,TRUE,10/9/2026,12/30/1899,pre_game,WNBA,demon,https://static.prizepicks.com/images/manual/AngeelesReese.png,15563731,,,,,,Push,,,No,3.2,170.5,Dream @ Liberty,2026-10-09T23:30:00Z,Fri 07:30pm,N/A,N/A,ESPN2,,,10/9/2026,35.06,,,,No,LVA,35.06,32,50,50,50,35.06,11,-0.9556,under,35.06,34.1,37.65,39.55,Push
Rhyne HowardFantasyScore,Rhyne HowardFantasyScore43,WNBA,237831,Rhyne Howard,G,ATL,Fantasy Score,43,TRUE,10/9/2026,12/30/1899,pre_game,WNBA,demon,https://static.prizepicks.com/images/players/WNBA/Rhyne_Howard_WNBA_player_EHb8PvO3NcqnZYZhVJsHND96.webp,15563739,,,,,,Push,,,No,3.2,170.5,Dream @ Liberty,2026-10-09T23:30:00Z,Fri 07:30pm,N/A,N/A,ESPN2,,,10/9/2026,37.23,,,,No,LVA,37.23,35,50,50,50,37.23,11,-0.9556,under,37.23,36.27,38.16,37.05,Push
Jonquel JonesPts+Rebs+Asts,Jonquel JonesPts+Rebs+Asts41.5,WNBA,237849,Jonquel Jones,C,NYL,Pts+Rebs+Asts,41.5,TRUE,10/9/2026,12/30/1899,pre_game,WNBA,demon,https://static.prizepicks.com/images/players/WNBA/Jonquel_Jones_WNBA_player_TqkCFBXssXmlPoyGSqO8lyJI.webp,15544318,27.5,49.45,50.55,-7.26,50.55,Under,https://www.freeiconspng.com/img/1934,,,,,Dream @ Liberty,2026-10-09T23:30:00Z,Fri 07:30pm,N/A,N/A,ESPN2,,,10/9/2026,27.5,,,,No,,34.15,29,,100,,27.5,,0,,27.5,27.5,31,0,Push
Jonquel JonesFantasyScore,Jonquel JonesFantasyScore40,WNBA,237849,Jonquel Jones,C,NYL,Fantasy Score,40,TRUE,10/9/2026,12/30/1899,pre_game,WNBA,demon,https://static.prizepicks.com/images/players/WNBA/Jonquel_Jones_WNBA_player_TqkCFBXssXmlPoyGSqO8lyJI.webp,15563744,,,,,,Push,,,,,,Dream @ Liberty,2026-10-09T23:30:00Z,Fri 07:30pm,N/A,N/A,ESPN2,,,10/9/2026,34.15,,,,No,,34.15,29,50,50,50,34.15,,0,,34.15,34.15,36,37.55,Push
Breanna StewartPts+Asts,Breanna StewartPts+Asts39.5,WNBA,237847,Breanna Stewart,F,NYL,Pts+Asts,39.5,TRUE,10/9/2026,12/30/1899,pre_game,WNBA,demon,https://static.prizepicks.com/images/players/WNBA/Breanna_Stewart_WNBA_player_0QbcmrMWR4KgqkSDi1fYPEeZ.webp,15544251,27.5,50.02,49.98,-7.83,50.02,Over,https://www.freeiconspng.com/img/1934,,,,,Dream @ Liberty,2026-10-09T23:30:00Z,Fri 07:30pm,N/A,N/A,ESPN2,,,10/9/2026,27.5,,,,No,,46.32,33,,100,,27.5,,0,,27.5,27.5,30.5,0,Push
Breanna StewartPts+Rebs,Breanna StewartPts+Rebs39.5,WNBA,237847,Breanna Stewart,F,NYL,Pts+Rebs,39.5,TRUE,10/9/2026,12/30/1899,pre_game,WNBA,demon,https://static.prizepicks.com/images/players/WNBA/Breanna_Stewart_WNBA_player_0QbcmrMWR4KgqkSDi1fYPEeZ.webp,15544357,32.5,49.82,50.18,-7.63,50.18,Under,https://www.freeiconspng.com/img/1934,,,,,Dream @ Liberty,2026-10-09T23:30:00Z,Fri 07:30pm,N/A,N/A,ESPN2,,,10/9/2026,32.5,,,,No,,46.32,33,,100,,32.5,,0,,32.5,32.5,34.25,0,Push
Jonquel JonesPts+Rebs,Jonquel JonesPts+Rebs39.5,WNBA,237849,Jonquel Jones,C,NYL,Pts+Rebs,39.5,TRUE,10/9/2026,12/30/1899,pre_game,WNBA,demon,https://static.prizepicks.com/images/players/WNBA/Jonquel_Jones_WNBA_player_TqkCFBXssXmlPoyGSqO8lyJI.webp,15544386,25,51.53,48.47,,51.53,Over,https://www.freeiconspng.com/img/1934,,,,,Dream @ Liberty,2026-10-09T23:30:00Z,Fri 07:30pm,N/A,N/A,ESPN2,,,10/9/2026,25,,,,No,,34.15,29,,100,,25,,0,,25,25,28.63,0,Push
Angel ReesePts+Rebs,Angel ReesePts+Rebs39.5,WNBA,315793,Angel Reese,F,ATL,Pts+Rebs,39.5,TRUE,10/9/2026,12/30/1899,pre_game,WNBA,demon,https://static.prizepicks.com/images/manual/AngeelesReese.png,15544465,26.5,50.33,49.67,-8.14,50.33,Over,https://www.freeiconspng.com/img/1934,,No,3.2,170.5,Dream @ Liberty,2026-10-09T23:30:00Z,Fri 07:30pm,N/A,N/A,ESPN2,,,10/9/2026,26.5,,,,No,LVA,35.06,32,,100,,26.5,15,-0.12,under,26.5,26.38,29.72,0,Push
Rhyne HowardPts+Rebs+Asts,Rhyne HowardPts+Rebs+Asts39.5,WNBA,237831,Rhyne Howard,G,ATL,Pts+Rebs+Asts,39.5,TRUE,10/9/2026,12/30/1899,pre_game,WNBA,demon,https://static.prizepicks.com/images/players/WNBA/Rhyne_Howard_WNBA_player_EHb8PvO3NcqnZYZhVJsHND96.webp,15544502,27.11,50.19,49.81,-8,50.19,Over,https://www.freeiconspng.com/img/1934,,No,3.2,170.5,Dream @ Liberty,2026-10-09T23:30:00Z,Fri 07:30pm,N/A,N/A,ESPN2,,,10/9/2026,27.11,,,,No,LVA,37.23,35,,100,,27.11,15,-0.12,under,27.11,26.99,30.18,0,Push
Jonquel JonesPts+Rebs+Asts,Jonquel JonesPts+Rebs+Asts39.5,WNBA,237849,Jonquel Jones,C,NYL,Pts+Rebs+Asts,39.5,TRUE,10/9/2026,12/30/1899,pre_game,WNBA,demon,https://static.prizepicks.com/images/players/WNBA/Jonquel_Jones_WNBA_player_TqkCFBXssXmlPoyGSqO8lyJI.webp,15571798,27.5,49.45,50.55,-7.26,50.55,Under,https://www.freeiconspng.com/img/1934,,,,,Dream @ Liberty,2026-10-09T23:30:00Z,Fri 07:30pm,N/A,N/A,ESPN2,,,10/9/2026,27.5,,,,No,,34.15,29,,100,,27.5,,0,,27.5,27.5,30.5,0,Push
Jordin CanadaPts+Rebs+Asts,Jordin CanadaPts+Rebs+Asts38.5,WNBA,197522,Jordin Canada,G,ATL,Pts+Rebs+Asts,38.5,TRUE,10/9/2026,12/30/1899,pre_game,WNBA,demon,https://static.prizepicks.com/images/players/WNBA/Jordin_Canada_WNBA_player_nideRIEvnxcNybRbajfbVawY.webp,15544606,24.5,49.56,50.44,-7.37,50.44,Under,https://www.freeiconspng.com/img/1934,,No,3.2,170.5,Dream @ Liberty,2026-10-09T23:30:00Z,Fri 07:30pm,N/A,N/A,ESPN2,,,10/9/2026,24.5,,,,No,LVA,32.25,31,,100,,24.5,15,-0.12,under,24.5,24.38,27.97,0,Push
Breanna StewartPts+Rebs+Asts,Breanna StewartPts+Rebs+Asts38.5,WNBA,237847,Breanna Stewart,F,NYL,Pts+Rebs+Asts,38.5,TRUE,10/9/2026,12/30/1899,pre_game,WNBA,demon,https://static.prizepicks.com/images/players/WNBA/Breanna_Stewart_WNBA_player_0QbcmrMWR4KgqkSDi1fYPEeZ.webp,15548955,36.5,50.3,49.7,-8.11,50.3,Over,https://www.freeiconspng.com/img/1934,,,,,Dream @ Liberty,2026-10-09T23:30:00Z,Fri 07:30pm,N/A,N/A,ESPN2,,,10/9/2026,36.5,,,,No,,46.32,33,,100,,36.5,,0,,36.5,36.5,37,0,Push
Jordin CanadaFantasyScore,Jordin CanadaFantasyScore38,WNBA,197522,Jordin Canada,G,ATL,Fantasy Score,38,TRUE,10/9/2026,12/30/1899,pre_game,WNBA,demon,https://static.prizepicks.com/images/players/WNBA/Jordin_Canada_WNBA_player_nideRIEvnxcNybRbajfbVawY.webp,15563733,,,,,,Push,,,No,3.2,170.5,Dream @ Liberty,2026-10-09T23:30:00Z,Fri 07:30pm,N/A,N/A,ESPN2,,,10/9/2026,32.25,,,,No,LVA,32.25,31,50,50,50,32.25,11,-0.9556,under,32.25,31.29,33.47,33.55,Push
Breanna StewartPoints,Breanna StewartPoints37.5,WNBA,237847,Breanna Stewart,F,NYL,Points,37.5,TRUE,10/9/2026,12/30/1899,pre_game,WNBA,demon,https://static.prizepicks.com/images/players/WNBA/Breanna_Stewart_WNBA_player_0QbcmrMWR4KgqkSDi1fYPEeZ.webp,15544417,23.5,49.86,50.14,-3.56,50.14,Under,https://www.freeiconspng.com/img/1934,,,,,Dream @ Liberty,2026-10-09T23:30:00Z,Fri 07:30pm,N/A,N/A,ESPN2,,,10/9/2026,23.5,,,,No,,46.32,33,,100,,23.5,,0,,23.5,23.5,26.3,23.5,Best Bet
DeWanna BonnerPts+Rebs+Asts,DeWanna BonnerPts+Rebs+Asts37.5,WNBA,338881,DeWanna Bonner,GF,ATL,Pts+Rebs+Asts,37.5,TRUE,10/9/2026,12/30/1899,pre_game,WNBA,demon,https://static.prizepicks.com/images/manual/DeWanna Bonner.png,15544527,19.5,49.82,50.18,,50.18,Under,https://www.freeiconspng.com/img/1934,,No,3.2,170.5,Dream @ Liberty,2026-10-09T23:30:00Z,Fri 07:30pm,N/A,N/A,ESPN2,,,10/9/2026,19.5,,,,No,,24.92,25,,100,,19.5,,0,,19.5,19.5,24,0,Push
Breanna StewartPts+Rebs,Breanna StewartPts+Rebs34.5,WNBA,237847,Breanna Stewart,F,NYL,Pts+Rebs,34.5,TRUE,10/9/2026,12/30/1899,pre_game,WNBA,demon,https://static.prizepicks.com/images/players/WNBA/Breanna_Stewart_WNBA_player_0QbcmrMWR4KgqkSDi1fYPEeZ.webp,15544192,32.5,49.82,50.18,-7.63,50.18,Under,https://www.freeiconspng.com/img/1934,,,,,Dream @ Liberty,2026-10-09T23:30:00Z,Fri 07:30pm,N/A,N/A,ESPN2,,,10/9/2026,32.5,,,,No,,46.32,33,,100,,32.5,,0,,32.5,32.5,33,0,Push
Jordin CanadaPts+Asts,Jordin CanadaPts+Asts34.5,WNBA,197522,Jordin Canada,G,ATL,Pts+Asts,34.5,TRUE,10/9/2026,12/30/1899,pre_game,WNBA,demon,https://static.prizepicks.com/images/players/WNBA/Jordin_Canada_WNBA_player_nideRIEvnxcNybRbajfbVawY.webp,15544211,21.5,48.66,51.34,-6.47,51.34,Under,https://www.freeiconspng.com/img/1934,,No,3.2,170.5,Dream @ Liberty,2026-10-09T23:30:00Z,Fri 07:30pm,N/A,N/A,ESPN2,,,10/9/2026,21.5,,,,No,LVA,32.25,31,,100,,21.5,11,-0.9556,under,21.5,20.54,24.51,0,Push
Sabrina IonescuPts+Asts,Sabrina IonescuPts+Asts34.5,WNBA,237848,Sabrina Ionescu,G,NYL,Pts+Asts,34.5,TRUE,10/9/2026,12/30/1899,pre_game,WNBA,demon,https://static.prizepicks.com/images/players/WNBA/Sabrina_Ionescu_WNBA_player_P26gx0GUbxv35lMVCUU4z5Q5.webp,15544227,20.5,50.14,49.86,-7.95,50.14,Over,https://www.freeiconspng.com/img/1934,,,,,Dream @ Liberty,2026-10-09T23:30:00Z,Fri 07:30pm,N/A,N/A,ESPN2,,,10/9/2026,20.5,,,,No,,28.5,20,,100,,20.5,,0,,20.5,20.5,24,0,Push
Rhyne HowardPts+Rebs,Rhyne HowardPts+Rebs34.5,WNBA,237831,Rhyne Howard,G,ATL,Pts+Rebs,34.5,TRUE,10/9/2026,12/30/1899,pre_game,WNBA,demon,https://static.prizepicks.com/images/players/WNBA/Rhyne_Howard_WNBA_player_EHb8PvO3NcqnZYZhVJsHND96.webp,15544232,22.5,50.78,49.22,-8.59,50.78,Over,https://www.freeiconspng.com/img/1934,,No,3.2,170.5,Dream @ Liberty,2026-10-09T23:30:00Z,Fri 07:30pm,N/A,N/A,ESPN2,,,10/9/2026,22.5,,,,No,LVA,37.23,35,,100,,22.5,15,-0.12,under,22.5,22.38,25.47,0,Push
Breanna StewartPoints,Breanna StewartPoints34.5,WNBA,237847,Breanna Stewart,F,NYL,Points,34.5,TRUE,10/9/2026,12/30/1899,pre_game,WNBA,demon,https://static.prizepicks.com/images/players/WNBA/Breanna_Stewart_WNBA_player_0QbcmrMWR4KgqkSDi1fYPEeZ.webp,15544301,23.5,49.86,50.14,-3.56,50.14,Under,https://www.freeiconspng.com/img/1934,,,,,Dream @ Liberty,2026-10-09T23:30:00Z,Fri 07:30pm,N/A,N/A,ESPN2,,,10/9/2026,23.5,,,,No,,46.32,33,,100,,23.5,,0,,23.5,23.5,25.7,23.5,Best Bet
Jonquel JonesPts+Rebs,Jonquel JonesPts+Rebs34.5,WNBA,237849,Jonquel Jones,C,NYL,Pts+Rebs,34.5,TRUE,10/9/2026,12/30/1899,pre_game,WNBA,demon,https://static.prizepicks.com/images/players/WNBA/Jonquel_Jones_WNBA_player_TqkCFBXssXmlPoyGSqO8lyJI.webp,15544385,25,51.53,48.47,,51.53,Over,https://www.freeiconspng.com/img/1934,,,,,Dream @ Liberty,2026-10-09T23:30:00Z,Fri 07:30pm,N/A,N/A,ESPN2,,,10/9/2026,25,,,,No,,34.15,29,,100,,25,,0,,25,25,27.38,0,Push
Breanna StewartPts+Asts,Breanna StewartPts+Asts34.5,WNBA,237847,Breanna Stewart,F,NYL,Pts+Asts,34.5,TRUE,10/9/2026,12/30/1899,pre_game,WNBA,demon,https://static.prizepicks.com/images/players/WNBA/Breanna_Stewart_WNBA_player_0QbcmrMWR4KgqkSDi1fYPEeZ.webp,15544452,27.5,50.02,49.98,-7.83,50.02,Over,https://www.freeiconspng.com/img/1934,,,,,Dream @ Liberty,2026-10-09T23:30:00Z,Fri 07:30pm,N/A,N/A,ESPN2,,,10/9/2026,27.5,,,,No,,46.32,33,,100,,27.5,,0,,27.5,27.5,29.25,0,Push
Rhyne HowardPts+Asts,Rhyne HowardPts+Asts34.5,WNBA,237831,Rhyne Howard,G,ATL,Pts+Asts,34.5,TRUE,10/9/2026,12/30/1899,pre_game,WNBA,demon,https://static.prizepicks.com/images/players/WNBA/Rhyne_Howard_WNBA_player_EHb8PvO3NcqnZYZhVJsHND96.webp,15544453,22.5,50.51,49.49,-8.32,50.51,Over,https://www.freeiconspng.com/img/1934,,No,3.2,170.5,Dream @ Liberty,2026-10-09T23:30:00Z,Fri 07:30pm,N/A,N/A,ESPN2,,,10/9/2026,22.5,,,,No,LVA,37.23,35,,100,,22.5,11,-0.9556,under,22.5,21.54,25.26,0,Push
Angel ReesePts+Rebs+Asts,Angel ReesePts+Rebs+Asts34.5,WNBA,315793,Angel Reese,F,ATL,Pts+Rebs+Asts,34.5,TRUE,10/9/2026,12/30/1899,pre_game,WNBA,demon,https://static.prizepicks.com/images/manual/AngeelesReese.png,15544579,29.5,48.57,51.43,,51.43,Under,https://www.freeiconspng.com/img/1934,,No,3.2,170.5,Dream @ Liberty,2026-10-09T23:30:00Z,Fri 07:30pm,N/A,N/A,ESPN2,,,10/9/2026,29.5,,,,No,LVA,35.06,32,,100,,29.5,15,-0.12,under,29.5,29.38,30.72,0,Push
Sabrina IonescuPts+Rebs,Sabrina IonescuPts+Rebs34.5,WNBA,237848,Sabrina Ionescu,G,NYL,Pts+Rebs,34.5,TRUE,10/9/2026,12/30/1899,pre_game,WNBA,demon,https://static.prizepicks.com/images/players/WNBA/Sabrina_Ionescu_WNBA_player_P26gx0GUbxv35lMVCUU4z5Q5.webp,15601487,19.5,50.45,49.55,-8.26,50.45,Over,https://www.freeiconspng.com/img/1934,,,,,Dream @ Liberty,2026-10-09T23:30:00Z,Fri 07:30pm,N/A,N/A,ESPN2,,,10/9/2026,19.5,,,,No,,28.5,20,,100,,19.5,,0,,19.5,19.5,23.25,0,Push
Sabrina IonescuFantasyScore,Sabrina IonescuFantasyScore32.5,WNBA,237848,Sabrina Ionescu,G,NYL,Fantasy Score,32.5,TRUE,10/9/2026,12/30/1899,pre_game,WNBA,demon,https://static.prizepicks.com/images/players/WNBA/Sabrina_Ionescu_WNBA_player_P26gx0GUbxv35lMVCUU4z5Q5.webp,15563750,,,,,,Push,,,,,,Dream @ Liberty,2026-10-09T23:30:00Z,Fri 07:30pm,N/A,N/A,ESPN2,,,10/9/2026,28.5,,,,No,,28.5,20,50,50,50,28.5,,0,,28.5,28.5,29.31,28.55,Push
Angel ReesePts+Rebs+Asts,Angel ReesePts+Rebs+Asts31.5,WNBA,315793,Angel Reese,F,ATL,Pts+Rebs+Asts,31.5,TRUE,10/9/2026,12/30/1899,pre_game,WNBA,demon,https://static.prizepicks.com/images/manual/AngeelesReese.png,15548864,29.5,48.57,51.43,,51.43,Under,https://www.freeiconspng.com/img/1934,,No,3.2,170.5,Dream @ Liberty,2026-10-09T23:30:00Z,Fri 07:30pm,N/A,N/A,ESPN2,,,10/9/2026,29.5,,,,No,LVA,35.06,32,,100,,29.5,15,-0.12,under,29.5,29.38,29.97,0,Push
Rhyne HowardPts+Rebs+Asts,Rhyne HowardPts+Rebs+Asts31.5,WNBA,237831,Rhyne Howard,G,ATL,Pts+Rebs+Asts,31.5,TRUE,10/9/2026,12/30/1899,pre_game,WNBA,demon,https://static.prizepicks.com/images/players/WNBA/Rhyne_Howard_WNBA_player_EHb8PvO3NcqnZYZhVJsHND96.webp,15550758,27.11,50.19,49.81,-8,50.19,Over,https://www.freeiconspng.com/img/1934,,No,3.2,170.5,Dream @ Liberty,2026-10-09T23:30:00Z,Fri 07:30pm,N/A,N/A,ESPN2,,,10/9/2026,27.11,,,,No,LVA,37.23,35,,100,,27.11,15,-0.12,under,27.11,26.99,28.18,0,Push
Rhyne HowardPoints,Rhyne HowardPoints30.5,WNBA,237831,Rhyne Howard,G,ATL,Points,30.5,TRUE,10/9/2026,12/30/1899,pre_game,WNBA,demon,https://static.prizepicks.com/images/players/WNBA/Rhyne_Howard_WNBA_player_EHb8PvO3NcqnZYZhVJsHND96.webp,15544447,18.82,48.44,51.56,-8.91,51.56,Under,https://www.freeiconspng.com/img/1934,,No,3.2,170.5,Dream @ Liberty,2026-10-09T23:30:00Z,Fri 07:30pm,N/A,N/A,ESPN2,,,10/9/2026,18.82,,,,No,LVA,37.23,35,,100,,18.82,12,-0.2047,under,18.82,18.62,21.05,18.5,Best Bet
DeWanna BonnerFantasyScore,DeWanna BonnerFantasyScore30.5,WNBA,338881,DeWanna Bonner,GF,ATL,Fantasy Score,30.5,TRUE,10/9/2026,12/30/1899,pre_game,WNBA,demon,https://static.prizepicks.com/images/manual/DeWanna Bonner.png,15563756,,,,,,Push,,,No,3.2,170.5,Dream @ Liberty,2026-10-09T23:30:00Z,Fri 07:30pm,N/A,N/A,ESPN2,,,10/9/2026,24.92,,,,No,,24.92,25,50,50,50,24.92,,0,,24.92,24.92,26.16,25.55,Push
Jordin CanadaPts+Rebs,Jordin CanadaPts+Rebs29.5,WNBA,197522,Jordin Canada,G,ATL,Pts+Rebs,29.5,TRUE,10/9/2026,12/30/1899,pre_game,WNBA,demon,https://static.prizepicks.com/images/players/WNBA/Jordin_Canada_WNBA_player_nideRIEvnxcNybRbajfbVawY.webp,15544184,16.5,50.73,49.27,-8.54,50.73,Over,https://www.freeiconspng.com/img/1934,,No,3.2,170.5,Dream @ Liberty,2026-10-09T23:30:00Z,Fri 07:30pm,N/A,N/A,ESPN2,,,10/9/2026,16.5,,,,No,LVA,32.25,31,,100,,16.5,15,-0.12,under,16.5,16.38,19.72,0,Push
Rhyne HowardPoints,Rhyne HowardPoints29.5,WNBA,237831,Rhyne Howard,G,ATL,Points,29.5,TRUE,10/9/2026,12/30/1899,pre_game,WNBA,demon,https://static.prizepicks.com/images/players/WNBA/Rhyne_Howard_WNBA_player_EHb8PvO3NcqnZYZhVJsHND96.webp,15544185,18.82,48.44,51.56,-8.91,51.56,Under,https://www.freeiconspng.com/img/1934,,No,3.2,170.5,Dream @ Liberty,2026-10-09T23:30:00Z,Fri 07:30pm,N/A,N/A,ESPN2,,,10/9/2026,18.82,,,,No,LVA,37.23,35,,100,,18.82,12,-0.2047,under,18.82,18.62,20.85,18.5,Best Bet
DeWanna BonnerPts+Rebs,DeWanna BonnerPts+Rebs29.5,WNBA,338881,DeWanna Bonner,GF,ATL,Pts+Rebs,29.5,TRUE,10/9/2026,12/30/1899,pre_game,WNBA,demon,https://static.prizepicks.com/images/manual/DeWanna Bonner.png,15544190,17.5,49.82,50.18,-7.63,50.18,Under,https://www.freeiconspng.com/img/1934,,No,3.2,170.5,Dream @ Liberty,2026-10-09T23:30:00Z,Fri 07:30pm,N/A,N/A,ESPN2,,,10/9/2026,17.5,,,,No,,24.92,25,,100,,17.5,,0,,17.5,17.5,20.5,0,Push
Sabrina IonescuPoints,Sabrina IonescuPoints29.5,WNBA,237848,Sabrina Ionescu,G,NYL,Points,29.5,TRUE,10/9/2026,12/30/1899,pre_game,WNBA,demon,https://static.prizepicks.com/images/players/WNBA/Sabrina_Ionescu_WNBA_player_P26gx0GUbxv35lMVCUU4z5Q5.webp,15544198,15.9,50.41,49.59,-6.55,50.41,Over,https://www.freeiconspng.com/img/1934,,,,,Dream @ Liberty,2026-10-09T23:30:00Z,Fri 07:30pm,N/A,N/A,ESPN2,,,10/9/2026,15.9,,,,No,,28.5,20,,100,,15.9,,0,,15.9,15.9,18.54,15.5,Push
Jonquel JonesPts+Rebs,Jonquel JonesPts+Rebs29.5,WNBA,237849,Jonquel Jones,C,NYL,Pts+Rebs,29.5,TRUE,10/9/2026,12/30/1899,pre_game,WNBA,demon,https://static.prizepicks.com/images/players/WNBA/Jonquel_Jones_WNBA_player_TqkCFBXssXmlPoyGSqO8lyJI.webp,15544212,25,51.53,48.47,,51.53,Over,https://www.freeiconspng.com/img/1934,,,,,Dream @ Liberty,2026-10-09T23:30:00Z,Fri 07:30pm,N/A,N/A,ESPN2,,,10/9/2026,25,,,,No,,34.15,29,,100,,25,,0,,25,25,26.13,0,Push
Rhyne HowardPts+Rebs,Rhyne HowardPts+Rebs29.5,WNBA,237831,Rhyne Howard,G,ATL,Pts+Rebs,29.5,TRUE,10/9/2026,12/30/1899,pre_game,WNBA,demon,https://static.prizepicks.com/images/players/WNBA/Rhyne_Howard_WNBA_player_EHb8PvO3NcqnZYZhVJsHND96.webp,15544248,22.5,50.78,49.22,-8.59,50.78,Over,https://www.freeiconspng.com/img/1934,,No,3.2,170.5,Dream @ Liberty,2026-10-09T23:30:00Z,Fri 07:30pm,N/A,N/A,ESPN2,,,10/9/2026,22.5,,,,No,LVA,37.23,35,,100,,22.5,15,-0.12,under,22.5,22.38,24.22,0,Push
Sabrina IonescuPts+Rebs,Sabrina IonescuPts+Rebs29.5,WNBA,237848,Sabrina Ionescu,G,NYL,Pts+Rebs,29.5,TRUE,10/9/2026,12/30/1899,pre_game,WNBA,demon,https://static.prizepicks.com/images/players/WNBA/Sabrina_Ionescu_WNBA_player_P26gx0GUbxv35lMVCUU4z5Q5.webp,15544250,19.5,50.45,49.55,-8.26,50.45,Over,https://www.freeiconspng.com/img/1934,,,,,Dream @ Liberty,2026-10-09T23:30:00Z,Fri 07:30pm,N/A,N/A,ESPN2,,,10/9/2026,19.5,,,,No,,28.5,20,,100,,19.5,,0,,19.5,19.5,22,0,Push
Jonquel JonesPts+Asts,Jonquel JonesPts+Asts29.5,WNBA,237849,Jonquel Jones,C,NYL,Pts+Asts,29.5,TRUE,10/9/2026,12/30/1899,pre_game,WNBA,demon,https://static.prizepicks.com/images/players/WNBA/Jonquel_Jones_WNBA_player_TqkCFBXssXmlPoyGSqO8lyJI.webp,15544264,17.5,51.29,48.71,-3.66,51.29,Over,https://www.freeiconspng.com/img/1934,,,,,Dream @ Liberty,2026-10-09T23:30:00Z,Fri 07:30pm,N/A,N/A,ESPN2,,,10/9/2026,17.5,,,,No,,34.15,29,,100,,17.5,,0,,17.5,17.5,20.5,0,Push
Sabrina IonescuPts+Asts,Sabrina IonescuPts+Asts29.5,WNBA,237848,Sabrina Ionescu,G,NYL,Pts+Asts,29.5,TRUE,10/9/2026,12/30/1899,pre_game,WNBA,demon,https://static.prizepicks.com/images/players/WNBA/Sabrina_Ionescu_WNBA_player_P26gx0GUbxv35lMVCUU4z5Q5.webp,15544325,20.5,50.14,49.86,-7.95,50.14,Over,https://www.freeiconspng.com/img/1934,,,,,Dream @ Liberty,2026-10-09T23:30:00Z,Fri 07:30pm,N/A,N/A,ESPN2,,,10/9/2026,20.5,,,,No,,28.5,20,,100,,20.5,,0,,20.5,20.5,22.75,0,Push
Jordin CanadaPts+Asts,Jordin CanadaPts+Asts29.5,WNBA,197522,Jordin Canada,G,ATL,Pts+Asts,29.5,TRUE,10/9/2026,12/30/1899,pre_game,WNBA,demon,https://static.prizepicks.com/images/players/WNBA/Jordin_Canada_WNBA_player_nideRIEvnxcNybRbajfbVawY.webp,15544332,21.5,48.66,51.34,-6.47,51.34,Under,https://www.freeiconspng.com/img/1934,,No,3.2,170.5,Dream @ Liberty,2026-10-09T23:30:00Z,Fri 07:30pm,N/A,N/A,ESPN2,,,10/9/2026,21.5,,,,No,LVA,32.25,31,,100,,21.5,11,-0.9556,under,21.5,20.54,23.26,0,Push
Sabrina IonescuPts+Rebs+Asts,Sabrina IonescuPts+Rebs+Asts29.5,WNBA,237848,Sabrina Ionescu,G,NYL,Pts+Rebs+Asts,29.5,TRUE,10/9/2026,12/30/1899,pre_game,WNBA,demon,https://static.prizepicks.com/images/players/WNBA/Sabrina_Ionescu_WNBA_player_P26gx0GUbxv35lMVCUU4z5Q5.webp,15544384,24.5,49.89,50.11,-7.7,50.11,Under,https://www.freeiconspng.com/img/1934,,,,,Dream @ Liberty,2026-10-09T23:30:00Z,Fri 07:30pm,N/A,N/A,ESPN2,,,10/9/2026,24.5,,,,No,,28.5,20,,100,,24.5,,0,,24.5,24.5,25.75,0,Push
Angel ReesePts+Asts,Angel ReesePts+Asts29.5,WNBA,315793,Angel Reese,F,ATL,Pts+Asts,29.5,TRUE,10/9/2026,12/30/1899,pre_game,WNBA,demon,https://static.prizepicks.com/images/manual/AngeelesReese.png,15544400,18.5,48.97,51.03,-6.78,51.03,Under,https://www.freeiconspng.com/img/1934,,No,3.2,170.5,Dream @ Liberty,2026-10-09T23:30:00Z,Fri 07:30pm,N/A,N/A,ESPN2,,,10/9/2026,18.5,,,,No,LVA,35.06,32,,100,,18.5,11,-0.9556,under,18.5,17.54,21.01,0,Push
Breanna StewartPoints,Breanna StewartPoints29.5,WNBA,237847,Breanna Stewart,F,NYL,Points,29.5,TRUE,10/9/2026,12/30/1899,pre_game,WNBA,demon,https://static.prizepicks.com/images/players/WNBA/Breanna_Stewart_WNBA_player_0QbcmrMWR4KgqkSDi1fYPEeZ.webp,15544402,23.5,49.86,50.14,-3.56,50.14,Under,https://www.freeiconspng.com/img/1934,,,,,Dream @ Liberty,2026-10-09T23:30:00Z,Fri 07:30pm,N/A,N/A,ESPN2,,,10/9/2026,23.5,,,,No,,46.32,33,,100,,23.5,,0,,23.5,23.5,24.7,23.5,Best Bet
Breanna StewartPts+Asts,Breanna StewartPts+Asts29.5,WNBA,237847,Breanna Stewart,F,NYL,Pts+Asts,29.5,TRUE,10/9/2026,12/30/1899,pre_game,WNBA,demon,https://static.prizepicks.com/images/players/WNBA/Breanna_Stewart_WNBA_player_0QbcmrMWR4KgqkSDi1fYPEeZ.webp,15544449,27.5,50.02,49.98,-7.83,50.02,Over,https://www.freeiconspng.com/img/1934,,,,,Dream @ Liberty,2026-10-09T23:30:00Z,Fri 07:30pm,N/A,N/A,ESPN2,,,10/9/2026,27.5,,,,No,,46.32,33,,100,,27.5,,0,,27.5,27.5,28,0,Push
Rhyne HowardPts+Asts,Rhyne HowardPts+Asts29.5,WNBA,237831,Rhyne Howard,G,ATL,Pts+Asts,29.5,TRUE,10/9/2026,12/30/1899,pre_game,WNBA,demon,https://static.prizepicks.com/images/players/WNBA/Rhyne_Howard_WNBA_player_EHb8PvO3NcqnZYZhVJsHND96.webp,15544462,22.5,50.51,49.49,-8.32,50.51,Over,https://www.freeiconspng.com/img/1934,,No,3.2,170.5,Dream @ Liberty,2026-10-09T23:30:00Z,Fri 07:30pm,N/A,N/A,ESPN2,,,10/9/2026,22.5,,,,No,LVA,37.23,35,,100,,22.5,11,-0.9556,under,22.5,21.54,24.01,0,Push
Jonquel JonesPts+Rebs+Asts,Jonquel JonesPts+Rebs+Asts29.5,WNBA,237849,Jonquel Jones,C,NYL,Pts+Rebs+Asts,29.5,TRUE,10/9/2026,12/30/1899,pre_game,WNBA,demon,https://static.prizepicks.com/images/players/WNBA/Jonquel_Jones_WNBA_player_TqkCFBXssXmlPoyGSqO8lyJI.webp,15544463,27.5,49.45,50.55,-7.26,50.55,Under,https://www.freeiconspng.com/img/1934,,,,,Dream @ Liberty,2026-10-09T23:30:00Z,Fri 07:30pm,N/A,N/A,ESPN2,,,10/9/2026,27.5,,,,No,,34.15,29,,100,,27.5,,0,,27.5,27.5,28,0,Push
Jordin CanadaPts+Rebs+Asts,Jordin CanadaPts+Rebs+Asts29.5,WNBA,197522,Jordin Canada,G,ATL,Pts+Rebs+Asts,29.5,TRUE,10/9/2026,12/30/1899,pre_game,WNBA,demon,https://static.prizepicks.com/images/players/WNBA/Jordin_Canada_WNBA_player_nideRIEvnxcNybRbajfbVawY.webp,15544607,24.5,49.56,50.44,-7.37,50.44,Under,https://www.freeiconspng.com/img/1934,,No,3.2,170.5,Dream @ Liberty,2026-10-09T23:30:00Z,Fri 07:30pm,N/A,N/A,ESPN2,,,10/9/2026,24.5,,,,No,LVA,32.25,31,,100,,24.5,15,-0.12,under,24.5,24.38,25.72,0,Push
Rhyne HowardPts+Rebs+Asts,Rhyne HowardPts+Rebs+Asts29.5,WNBA,237831,Rhyne Howard,G,ATL,Pts+Rebs+Asts,29.5,TRUE,10/9/2026,12/30/1899,pre_game,WNBA,demon,https://static.prizepicks.com/images/players/WNBA/Rhyne_Howard_WNBA_player_EHb8PvO3NcqnZYZhVJsHND96.webp,15544738,27.11,50.19,49.81,-8,50.19,Over,https://www.freeiconspng.com/img/1934,,No,3.2,170.5,Dream @ Liberty,2026-10-09T23:30:00Z,Fri 07:30pm,N/A,N/A,ESPN2,,,10/9/2026,27.11,,,,No,LVA,37.23,35,,100,,27.11,15,-0.12,under,27.11,26.99,27.68,0,Push
Angel ReesePts+Rebs,Angel ReesePts+Rebs29.5,WNBA,315793,Angel Reese,F,ATL,Pts+Rebs,29.5,TRUE,10/9/2026,12/30/1899,pre_game,WNBA,demon,https://static.prizepicks.com/images/manual/AngeelesReese.png,15544745,26.5,50.33,49.67,-8.14,50.33,Over,https://www.freeiconspng.com/img/1934,,No,3.2,170.5,Dream @ Liberty,2026-10-09T23:30:00Z,Fri 07:30pm,N/A,N/A,ESPN2,,,10/9/2026,26.5,,,,No,LVA,35.06,32,,100,,26.5,15,-0.12,under,26.5,26.38,27.22,0,Push
Naz HillmonPts+Rebs+Asts,Naz HillmonPts+Rebs+Asts27.5,WNBA,65842,Naz Hillmon,F,ATL,Pts+Rebs+Asts,27.5,TRUE,10/9/2026,12/30/1899,pre_game,WNBA,demon,https://static.prizepicks.com/images/players/WNBA/Naz_Hillmon_WNBA_player_34IbaiI4YP0vCC24bAHE2a3n.webp,15544342,13.92,51.74,48.26,,51.74,Over,https://www.freeiconspng.com/img/1934,,No,3.2,170.5,Dream @ Liberty,2026-10-09T23:30:00Z,Fri 07:30pm,N/A,N/A,ESPN2,,,10/9/2026,13.92,,,,No,LVA,17.18,30,,100,,13.92,15,-0.12,under,13.92,13.8,17.29,0,Push
Angel ReesePoints,Angel ReesePoints27.5,WNBA,315793,Angel Reese,F,ATL,Points,27.5,TRUE,10/9/2026,12/30/1899,pre_game,WNBA,demon,https://static.prizepicks.com/images/manual/AngeelesReese.png,15544353,16.08,49.02,50.98,-7.7,50.98,Under,https://www.freeiconspng.com/img/1934,,No,3.2,170.5,Dream @ Liberty,2026-10-09T23:30:00Z,Fri 07:30pm,N/A,N/A,ESPN2,,,10/9/2026,16.08,,,,No,LVA,35.06,32,,100,,16.08,12,-0.2047,under,16.08,15.88,18.41,16.5,Best Bet
Leonie FiebichPts+Rebs+Asts,Leonie FiebichPts+Rebs+Asts27.5,WNBA,214769,Leonie Fiebich,F,NYL,Pts+Rebs+Asts,27.5,TRUE,10/9/2026,12/30/1899,pre_game,WNBA,demon,https://static.prizepicks.com/images/manual/Leonie Fiebich.png,15544448,13.5,49.08,50.92,,50.92,Under,https://www.freeiconspng.com/img/1934,,,,,Dream @ Liberty,2026-10-09T23:30:00Z,Fri 07:30pm,N/A,N/A,ESPN2,,,10/9/2026,13.5,,,,No,,15.83,26,,100,,13.5,,0,,13.5,13.5,17,0,Push
Jonquel JonesPoints,Jonquel JonesPoints27.5,WNBA,237849,Jonquel Jones,C,NYL,Points,27.5,TRUE,10/9/2026,12/30/1899,pre_game,WNBA,demon,https://static.prizepicks.com/images/players/WNBA/Jonquel_Jones_WNBA_player_TqkCFBXssXmlPoyGSqO8lyJI.webp,15548379,15.5,49.36,50.64,-4.31,50.64,Under,https://www.freeiconspng.com/img/1934,,,,,Dream @ Liberty,2026-10-09T23:30:00Z,Fri 07:30pm,N/A,N/A,ESPN2,,,10/9/2026,15.5,,,,No,,34.15,29,,100,,15.5,,0,,15.5,15.5,17.9,15.5,Best Bet
Angel ReesePts+Rebs,Angel ReesePts+Rebs27.5,WNBA,315793,Angel Reese,F,ATL,Pts+Rebs,27.5,TRUE,10/9/2026,12/30/1899,pre_game,WNBA,demon,https://static.prizepicks.com/images/manual/AngeelesReese.png,15586827,26.5,50.33,49.67,-8.14,50.33,Over,https://www.freeiconspng.com/img/1934,,No,3.2,170.5,Dream @ Liberty,2026-10-09T23:30:00Z,Fri 07:30pm,N/A,N/A,ESPN2,,,10/9/2026,26.5,,,,No,LVA,35.06,32,,100,,26.5,15,-0.12,under,26.5,26.38,26.72,0,Push
Sabrina IonescuPts+Rebs+Asts,Sabrina IonescuPts+Rebs+Asts26.5,WNBA,237848,Sabrina Ionescu,G,NYL,Pts+Rebs+Asts,26.5,TRUE,10/9/2026,12/30/1899,pre_game,WNBA,demon,https://static.prizepicks.com/images/players/WNBA/Sabrina_Ionescu_WNBA_player_P26gx0GUbxv35lMVCUU4z5Q5.webp,15545843,24.5,49.89,50.11,-7.7,50.11,Under,https://www.freeiconspng.com/img/1934,,,,,Dream @ Liberty,2026-10-09T23:30:00Z,Fri 07:30pm,N/A,N/A,ESPN2,,,10/9/2026,24.5,,,,No,,28.5,20,,100,,24.5,,0,,24.5,24.5,25,0,Push
Jordin CanadaPts+Rebs+Asts,Jordin CanadaPts+Rebs+Asts26.5,WNBA,197522,Jordin Canada,G,ATL,Pts+Rebs+Asts,26.5,TRUE,10/9/2026,12/30/1899,pre_game,WNBA,demon,https://static.prizepicks.com/images/players/WNBA/Jordin_Canada_WNBA_player_nideRIEvnxcNybRbajfbVawY.webp,15548879,24.5,49.56,50.44,-7.37,50.44,Under,https://www.freeiconspng.com/img/1934,,No,3.2,170.5,Dream @ Liberty,2026-10-09T23:30:00Z,Fri 07:30pm,N/A,N/A,ESPN2,,,10/9/2026,24.5,,,,No,LVA,32.25,31,,100,,24.5,15,-0.12,under,24.5,24.38,24.97,0,Push
Jordin CanadaPoints,Jordin CanadaPoints25.5,WNBA,197522,Jordin Canada,G,ATL,Points,25.5,TRUE,10/9/2026,12/30/1899,pre_game,WNBA,demon,https://static.prizepicks.com/images/players/WNBA/Jordin_Canada_WNBA_player_nideRIEvnxcNybRbajfbVawY.webp,15544370,13.5,50.23,49.77,-4.11,50.23,Over,https://www.freeiconspng.com/img/1934,,No,3.2,170.5,Dream @ Liberty,2026-10-09T23:30:00Z,Fri 07:30pm,N/A,N/A,ESPN2,,,10/9/2026,13.5,,,,No,LVA,32.25,31,,100,,13.5,12,-0.2047,under,13.5,13.3,15.86,13.5,Push
Breanna StewartPoints,Breanna StewartPoints25.5,WNBA,237847,Breanna Stewart,F,NYL,Points,25.5,TRUE,10/9/2026,12/30/1899,pre_game,WNBA,demon,https://static.prizepicks.com/images/players/WNBA/Breanna_Stewart_WNBA_player_0QbcmrMWR4KgqkSDi1fYPEeZ.webp,15548857,23.5,49.86,50.14,-3.56,50.14,Under,https://www.freeiconspng.com/img/1934,,,,,Dream @ Liberty,2026-10-09T23:30:00Z,Fri 07:30pm,N/A,N/A,ESPN2,,,10/9/2026,23.5,,,,No,,46.32,33,,100,,23.5,,0,,23.5,23.5,23.9,23.5,Best Bet
Jordin CanadaPts+Asts,Jordin CanadaPts+Asts24.5,WNBA,197522,Jordin Canada,G,ATL,Pts+Asts,24.5,TRUE,10/9/2026,12/30/1899,pre_game,WNBA,demon,https://static.prizepicks.com/images/players/WNBA/Jordin_Canada_WNBA_player_nideRIEvnxcNybRbajfbVawY.webp,15544177,21.5,48.66,51.34,-6.47,51.34,Under,https://www.freeiconspng.com/img/1934,,No,3.2,170.5,Dream @ Liberty,2026-10-09T23:30:00Z,Fri 07:30pm,N/A,N/A,ESPN2,,,10/9/2026,21.5,,,,No,LVA,32.25,31,,100,,21.5,11,-0.9556,under,21.5,20.54,22.01,0,Push
Angel ReesePoints,Angel ReesePoints24.5,WNBA,315793,Angel Reese,F,ATL,Points,24.5,TRUE,10/9/2026,12/30/1899,pre_game,WNBA,demon,https://static.prizepicks.com/images/manual/AngeelesReese.png,15544189,16.08,49.02,50.98,-7.7,50.98,Under,https://www.freeiconspng.com/img/1934,,No,3.2,170.5,Dream @ Liberty,2026-10-09T23:30:00Z,Fri 07:30pm,N/A,N/A,ESPN2,,,10/9/2026,16.08,,,,No,LVA,35.06,32,,100,,16.08,12,-0.2047,under,16.08,15.88,17.81,16.5,Best Bet
Jonquel JonesPoints,Jonquel JonesPoints24.5,WNBA,237849,Jonquel Jones,C,NYL,Points,24.5,TRUE,10/9/2026,12/30/1899,pre_game,WNBA,demon,https://static.prizepicks.com/images/players/WNBA/Jonquel_Jones_WNBA_player_TqkCFBXssXmlPoyGSqO8lyJI.webp,15544206,15.5,49.36,50.64,-4.31,50.64,Under,https://www.freeiconspng.com/img/1934,,,,,Dream @ Liberty,2026-10-09T23:30:00Z,Fri 07:30pm,N/A,N/A,ESPN2,,,10/9/2026,15.5,,,,No,,34.15,29,,100,,15.5,,0,,15.5,15.5,17.3,15.5,Best Bet
Sabrina IonescuPts+Asts,Sabrina IonescuPts+Asts24.5,WNBA,237848,Sabrina Ionescu,G,NYL,Pts+Asts,24.5,TRUE,10/9/2026,12/30/1899,pre_game,WNBA,demon,https://static.prizepicks.com/images/players/WNBA/Sabrina_Ionescu_WNBA_player_P26gx0GUbxv35lMVCUU4z5Q5.webp,15544219,20.5,50.14,49.86,-7.95,50.14,Over,https://www.freeiconspng.com/img/1934,,,,,Dream @ Liberty,2026-10-09T23:30:00Z,Fri 07:30pm,N/A,N/A,ESPN2,,,10/9/2026,20.5,,,,No,,28.5,20,,100,,20.5,,0,,20.5,20.5,21.5,0,Push
Sabrina IonescuPts+Rebs,Sabrina IonescuPts+Rebs24.5,WNBA,237848,Sabrina Ionescu,G,NYL,Pts+Rebs,24.5,TRUE,10/9/2026,12/30/1899,pre_game,WNBA,demon,https://static.prizepicks.com/images/players/WNBA/Sabrina_Ionescu_WNBA_player_P26gx0GUbxv35lMVCUU4z5Q5.webp,15544252,19.5,50.45,49.55,-8.26,50.45,Over,https://www.freeiconspng.com/img/1934,,,,,Dream @ Liberty,2026-10-09T23:30:00Z,Fri 07:30pm,N/A,N/A,ESPN2,,,10/9/2026,19.5,,,,No,,28.5,20,,100,,19.5,,0,,19.5,19.5,20.75,0,Push
Rhyne HowardPoints,Rhyne HowardPoints24.5,WNBA,237831,Rhyne Howard,G,ATL,Points,24.5,TRUE,10/9/2026,12/30/1899,pre_game,WNBA,demon,https://static.prizepicks.com/images/players/WNBA/Rhyne_Howard_WNBA_player_EHb8PvO3NcqnZYZhVJsHND96.webp,15544259,18.82,48.44,51.56,-8.91,51.56,Under,https://www.freeiconspng.com/img/1934,,No,3.2,170.5,Dream @ Liberty,2026-10-09T23:30:00Z,Fri 07:30pm,N/A,N/A,ESPN2,,,10/9/2026,18.82,,,,No,LVA,37.23,35,,100,,18.82,12,-0.2047,under,18.82,18.62,19.85,18.5,Best Bet
Jonquel JonesPts+Asts,Jonquel JonesPts+Asts24.5,WNBA,237849,Jonquel Jones,C,NYL,Pts+Asts,24.5,TRUE,10/9/2026,12/30/1899,pre_game,WNBA,demon,https://static.prizepicks.com/images/players/WNBA/Jonquel_Jones_WNBA_player_TqkCFBXssXmlPoyGSqO8lyJI.webp,15544266,17.5,51.29,48.71,-3.66,51.29,Over,https://www.freeiconspng.com/img/1934,,,,,Dream @ Liberty,2026-10-09T23:30:00Z,Fri 07:30pm,N/A,N/A,ESPN2,,,10/9/2026,17.5,,,,No,,34.15,29,,100,,17.5,,0,,17.5,17.5,19.25,0,Push
DeWanna BonnerPts+Asts,DeWanna BonnerPts+Asts24.5,WNBA,338881,DeWanna Bonner,GF,ATL,Pts+Asts,24.5,TRUE,10/9/2026,12/30/1899,pre_game,WNBA,demon,https://static.prizepicks.com/images/manual/DeWanna Bonner.png,15544277,13.5,48.9,51.1,-6.71,51.1,Under,https://www.freeiconspng.com/img/1934,,No,3.2,170.5,Dream @ Liberty,2026-10-09T23:30:00Z,Fri 07:30pm,N/A,N/A,ESPN2,,,10/9/2026,13.5,,,,No,,24.92,25,,100,,13.5,,0,,13.5,13.5,16.25,0,Push
DeWanna BonnerPts+Rebs,DeWanna BonnerPts+Rebs24.5,WNBA,338881,DeWanna Bonner,GF,ATL,Pts+Rebs,24.5,TRUE,10/9/2026,12/30/1899,pre_game,WNBA,demon,https://static.prizepicks.com/images/manual/DeWanna Bonner.png,15544320,17.5,49.82,50.18,-7.63,50.18,Under,https://www.freeiconspng.com/img/1934,,No,3.2,170.5,Dream @ Liberty,2026-10-09T23:30:00Z,Fri 07:30pm,N/A,N/A,ESPN2,,,10/9/2026,17.5,,,,No,,24.92,25,,100,,17.5,,0,,17.5,17.5,19.25,0,Push
Jordin CanadaPts+Rebs,Jordin CanadaPts+Rebs24.5,WNBA,197522,Jordin Canada,G,ATL,Pts+Rebs,24.5,TRUE,10/9/2026,12/30/1899,pre_game,WNBA,demon,https://static.prizepicks.com/images/players/WNBA/Jordin_Canada_WNBA_player_nideRIEvnxcNybRbajfbVawY.webp,15544323,16.5,50.73,49.27,-8.54,50.73,Over,https://www.freeiconspng.com/img/1934,,No,3.2,170.5,Dream @ Liberty,2026-10-09T23:30:00Z,Fri 07:30pm,N/A,N/A,ESPN2,,,10/9/2026,16.5,,,,No,LVA,32.25,31,,100,,16.5,15,-0.12,under,16.5,16.38,18.47,0,Push
DeWanna BonnerPoints,DeWanna BonnerPoints24.5,WNBA,338881,DeWanna Bonner,GF,ATL,Points,24.5,TRUE,10/9/2026,12/30/1899,pre_game,WNBA,demon,https://static.prizepicks.com/images/manual/DeWanna Bonner.png,15544371,11.5,47.58,52.42,-4.84,52.42,Under,https://www.freeiconspng.com/img/1934,,No,3.2,170.5,Dream @ Liberty,2026-10-09T23:30:00Z,Fri 07:30pm,N/A,N/A,ESPN2,,,10/9/2026,11.5,,,,No,,24.92,25,,100,,11.5,,0,,11.5,11.5,14.1,11.5,Best Bet
Sabrina IonescuPoints,Sabrina IonescuPoints24.5,WNBA,237848,Sabrina Ionescu,G,NYL,Points,24.5,TRUE,10/9/2026,12/30/1899,pre_game,WNBA,demon,https://static.prizepicks.com/images/players/WNBA/Sabrina_Ionescu_WNBA_player_P26gx0GUbxv35lMVCUU4z5Q5.webp,15544406,15.9,50.41,49.59,-6.55,50.41,Over,https://www.freeiconspng.com/img/1934,,,,,Dream @ Liberty,2026-10-09T23:30:00Z,Fri 07:30pm,N/A,N/A,ESPN2,,,10/9/2026,15.9,,,,No,,28.5,20,,100,,15.9,,0,,15.9,15.9,17.54,15.5,Push
Angel ReesePts+Asts,Angel ReesePts+Asts24.5,WNBA,315793,Angel Reese,F,ATL,Pts+Asts,24.5,TRUE,10/9/2026,12/30/1899,pre_game,WNBA,demon,https://static.prizepicks.com/images/manual/AngeelesReese.png,15544410,18.5,48.97,51.03,-6.78,51.03,Under,https://www.freeiconspng.com/img/1934,,No,3.2,170.5,Dream @ Liberty,2026-10-09T23:30:00Z,Fri 07:30pm,N/A,N/A,ESPN2,,,10/9/2026,18.5,,,,No,LVA,35.06,32,,100,,18.5,11,-0.9556,under,18.5,17.54,19.76,0,Push
Pauline AstierPts+Rebs+Asts,Pauline AstierPts+Rebs+Asts24.5,WNBA,317381,Pauline Astier,G,NYL,Pts+Rebs+Asts,24.5,TRUE,10/9/2026,12/30/1899,pre_game,WNBA,demon,https://static.prizepicks.com/images/manual/Pauline Astier.png,15544439,9.5,47.73,52.27,,52.27,Under,https://www.freeiconspng.com/img/1934,,,,,Dream @ Liberty,2026-10-09T23:30:00Z,Fri 07:30pm,N/A,N/A,ESPN2,,,10/9/2026,9.5,,,,No,,11.56,27,,100,,9.5,,0,,9.5,9.5,13.25,0,Push
DeWanna BonnerPts+Rebs+Asts,DeWanna BonnerPts+Rebs+Asts24.5,WNBA,338881,DeWanna Bonner,GF,ATL,Pts+Rebs+Asts,24.5,TRUE,10/9/2026,12/30/1899,pre_game,WNBA,demon,https://static.prizepicks.com/images/manual/DeWanna Bonner.png,15544534,19.5,49.82,50.18,,50.18,Under,https://www.freeiconspng.com/img/1934,,No,3.2,170.5,Dream @ Liberty,2026-10-09T23:30:00Z,Fri 07:30pm,N/A,N/A,ESPN2,,,10/9/2026,19.5,,,,No,,24.92,25,,100,,19.5,,0,,19.5,19.5,20.75,0,Push
Rhyne HowardPts+Rebs,Rhyne HowardPts+Rebs24.5,WNBA,237831,Rhyne Howard,G,ATL,Pts+Rebs,24.5,TRUE,10/9/2026,12/30/1899,pre_game,WNBA,demon,https://static.prizepicks.com/images/players/WNBA/Rhyne_Howard_WNBA_player_EHb8PvO3NcqnZYZhVJsHND96.webp,15544735,22.5,50.78,49.22,-8.59,50.78,Over,https://www.freeiconspng.com/img/1934,,No,3.2,170.5,Dream @ Liberty,2026-10-09T23:30:00Z,Fri 07:30pm,N/A,N/A,ESPN2,,,10/9/2026,22.5,,,,No,LVA,37.23,35,,100,,22.5,15,-0.12,under,22.5,22.38,22.97,0,Push
Rhyne HowardPts+Asts,Rhyne HowardPts+Asts24.5,WNBA,237831,Rhyne Howard,G,ATL,Pts+Asts,24.5,TRUE,10/9/2026,12/30/1899,pre_game,WNBA,demon,https://static.prizepicks.com/images/players/WNBA/Rhyne_Howard_WNBA_player_EHb8PvO3NcqnZYZhVJsHND96.webp,15544737,22.5,50.51,49.49,-8.32,50.51,Over,https://www.freeiconspng.com/img/1934,,No,3.2,170.5,Dream @ Liberty,2026-10-09T23:30:00Z,Fri 07:30pm,N/A,N/A,ESPN2,,,10/9/2026,22.5,,,,No,LVA,37.23,35,,100,,22.5,11,-0.9556,under,22.5,21.54,22.76,0,Push
Naz HillmonFantasyScore,Naz HillmonFantasyScore22,WNBA,65842,Naz Hillmon,F,ATL,Fantasy Score,22,TRUE,10/9/2026,12/30/1899,pre_game,WNBA,demon,https://static.prizepicks.com/images/players/WNBA/Naz_Hillmon_WNBA_player_34IbaiI4YP0vCC24bAHE2a3n.webp,15563735,,,,,,Push,,,No,3.2,170.5,Dream @ Liberty,2026-10-09T23:30:00Z,Fri 07:30pm,N/A,N/A,ESPN2,,,10/9/2026,17.18,,,,No,LVA,17.18,30,50,50,50,17.18,11,-0.9556,under,17.18,16.22,18.03,17.55,Push
Angel ReeseRebs+Asts,Angel ReeseRebs+Asts21.5,WNBA,315793,Angel Reese,F,ATL,Rebs+Asts,21.5,TRUE,10/9/2026,12/30/1899,pre_game,WNBA,demon,https://static.prizepicks.com/images/manual/AngeelesReese.png,15544354,13,50.51,49.49,-28.77,50.51,Over,https://www.freeiconspng.com/img/1934,,No,3.2,170.5,Dream @ Liberty,2026-10-09T23:30:00Z,Fri 07:30pm,N/A,N/A,ESPN2,,,10/9/2026,13,,,,No,LVA,35.06,32,,100,,13,15,-0.12,under,13,12.88,15.1,0,Push
DeWanna BonnerPts+Rebs+Asts,DeWanna BonnerPts+Rebs+Asts21.5,WNBA,338881,DeWanna Bonner,GF,ATL,Pts+Rebs+Asts,21.5,TRUE,10/9/2026,12/30/1899,pre_game,WNBA,demon,https://static.prizepicks.com/images/manual/DeWanna Bonner.png,15560618,19.5,49.82,50.18,,50.18,Under,https://www.freeiconspng.com/img/1934,,No,3.2,170.5,Dream @ Liberty,2026-10-09T23:30:00Z,Fri 07:30pm,N/A,N/A,ESPN2,,,10/9/2026,19.5,,,,No,,24.92,25,,100,,19.5,,0,,19.5,19.5,20,0,Push
Leonie FiebichFantasyScore,Leonie FiebichFantasyScore20,WNBA,214769,Leonie Fiebich,F,NYL,Fantasy Score,20,TRUE,10/9/2026,12/30/1899,pre_game,WNBA,demon,https://static.prizepicks.com/images/manual/Leonie Fiebich.png,15563748,,,,,,Push,,,,,,Dream @ Liberty,2026-10-09T23:30:00Z,Fri 07:30pm,N/A,N/A,ESPN2,,,10/9/2026,15.83,,,,No,,15.83,26,50,50,50,15.83,,0,,15.83,15.83,16.61,15.55,Push
Naz HillmonPts+Asts,Naz HillmonPts+Asts19.5,WNBA,65842,Naz Hillmon,F,ATL,Pts+Asts,19.5,TRUE,10/9/2026,12/30/1899,pre_game,WNBA,demon,https://static.prizepicks.com/images/players/WNBA/Naz_Hillmon_WNBA_player_34IbaiI4YP0vCC24bAHE2a3n.webp,15544176,9.5,50.34,49.66,-8.15,50.34,Over,https://www.freeiconspng.com/img/1934,,No,3.2,170.5,Dream @ Liberty,2026-10-09T23:30:00Z,Fri 07:30pm,N/A,N/A,ESPN2,,,10/9/2026,9.5,,,,No,LVA,17.18,30,,100,,9.5,11,-0.9556,under,9.5,8.54,11.76,0,Push
Angel ReesePoints,Angel ReesePoints19.5,WNBA,315793,Angel Reese,F,ATL,Points,19.5,TRUE,10/9/2026,12/30/1899,pre_game,WNBA,demon,https://static.prizepicks.com/images/manual/AngeelesReese.png,15544191,16.08,49.02,50.98,-7.7,50.98,Under,https://www.freeiconspng.com/img/1934,,No,3.2,170.5,Dream @ Liberty,2026-10-09T23:30:00Z,Fri 07:30pm,N/A,N/A,ESPN2,,,10/9/2026,16.08,,,,No,LVA,35.06,32,,100,,16.08,12,-0.2047,under,16.08,15.88,16.81,16.5,Best Bet
DeWanna BonnerPoints,DeWanna BonnerPoints19.5,WNBA,338881,DeWanna Bonner,GF,ATL,Points,19.5,TRUE,10/9/2026,12/30/1899,pre_game,WNBA,demon,https://static.prizepicks.com/images/manual/DeWanna Bonner.png,15544193,11.5,47.58,52.42,-4.84,52.42,Under,https://www.freeiconspng.com/img/1934,,No,3.2,170.5,Dream @ Liberty,2026-10-09T23:30:00Z,Fri 07:30pm,N/A,N/A,ESPN2,,,10/9/2026,11.5,,,,No,,24.92,25,,100,,11.5,,0,,11.5,11.5,13.1,11.5,Best Bet
Naz HillmonPts+Rebs,Naz HillmonPts+Rebs19.5,WNBA,65842,Naz Hillmon,F,ATL,Pts+Rebs,19.5,TRUE,10/9/2026,12/30/1899,pre_game,WNBA,demon,https://static.prizepicks.com/images/players/WNBA/Naz_Hillmon_WNBA_player_34IbaiI4YP0vCC24bAHE2a3n.webp,15544199,11.5,52.81,47.19,-5.52,52.81,Over,https://www.freeiconspng.com/img/1934,,No,3.2,170.5,Dream @ Liberty,2026-10-09T23:30:00Z,Fri 07:30pm,N/A,N/A,ESPN2,,,10/9/2026,11.5,,,,No,LVA,17.18,30,,100,,11.5,15,-0.12,under,11.5,11.38,13.47,0,Push
Jonquel JonesPts+Asts,Jonquel JonesPts+Asts19.5,WNBA,237849,Jonquel Jones,C,NYL,Pts+Asts,19.5,TRUE,10/9/2026,12/30/1899,pre_game,WNBA,demon,https://static.prizepicks.com/images/players/WNBA/Jonquel_Jones_WNBA_player_TqkCFBXssXmlPoyGSqO8lyJI.webp,15544201,17.5,51.29,48.71,-3.66,51.29,Over,https://www.freeiconspng.com/img/1934,,,,,Dream @ Liberty,2026-10-09T23:30:00Z,Fri 07:30pm,N/A,N/A,ESPN2,,,10/9/2026,17.5,,,,No,,34.15,29,,100,,17.5,,0,,17.5,17.5,18,0,Push
Naz HillmonPoints,Naz HillmonPoints19.5,WNBA,65842,Naz Hillmon,F,ATL,Points,19.5,TRUE,10/9/2026,12/30/1899,pre_game,WNBA,demon,https://static.prizepicks.com/images/players/WNBA/Naz_Hillmon_WNBA_player_34IbaiI4YP0vCC24bAHE2a3n.webp,15544216,7.5,49.28,50.72,-4.64,50.72,Under,https://www.freeiconspng.com/img/1934,,No,3.2,170.5,Dream @ Liberty,2026-10-09T23:30:00Z,Fri 07:30pm,N/A,N/A,ESPN2,,,10/9/2026,7.5,,,,No,LVA,17.18,30,,100,,7.5,12,-0.2047,under,7.5,7.3,9.86,7.5,Best Bet
Jordin CanadaPts+Rebs,Jordin CanadaPts+Rebs19.5,WNBA,197522,Jordin Canada,G,ATL,Pts+Rebs,19.5,TRUE,10/9/2026,12/30/1899,pre_game,WNBA,demon,https://static.prizepicks.com/images/players/WNBA/Jordin_Canada_WNBA_player_nideRIEvnxcNybRbajfbVawY.webp,15544233,16.5,50.73,49.27,-8.54,50.73,Over,https://www.freeiconspng.com/img/1934,,No,3.2,170.5,Dream @ Liberty,2026-10-09T23:30:00Z,Fri 07:30pm,N/A,N/A,ESPN2,,,10/9/2026,16.5,,,,No,LVA,32.25,31,,100,,16.5,15,-0.12,under,16.5,16.38,17.22,0,Push
Jordin CanadaPoints,Jordin CanadaPoints19.5,WNBA,197522,Jordin Canada,G,ATL,Points,19.5,TRUE,10/9/2026,12/30/1899,pre_game,WNBA,demon,https://static.prizepicks.com/images/players/WNBA/Jordin_Canada_WNBA_player_nideRIEvnxcNybRbajfbVawY.webp,15544234,13.5,50.23,49.77,-4.11,50.23,Over,https://www.freeiconspng.com/img/1934,,No,3.2,170.5,Dream @ Liberty,2026-10-09T23:30:00Z,Fri 07:30pm,N/A,N/A,ESPN2,,,10/9/2026,13.5,,,,No,LVA,32.25,31,,100,,13.5,12,-0.2047,under,13.5,13.3,14.66,13.5,Push
DeWanna BonnerPts+Asts,DeWanna BonnerPts+Asts19.5,WNBA,338881,DeWanna Bonner,GF,ATL,Pts+Asts,19.5,TRUE,10/9/2026,12/30/1899,pre_game,WNBA,demon,https://static.prizepicks.com/images/manual/DeWanna Bonner.png,15544289,13.5,48.9,51.1,-6.71,51.1,Under,https://www.freeiconspng.com/img/1934,,No,3.2,170.5,Dream @ Liberty,2026-10-09T23:30:00Z,Fri 07:30pm,N/A,N/A,ESPN2,,,10/9/2026,13.5,,,,No,,24.92,25,,100,,13.5,,0,,13.5,13.5,15,0,Push
Leonie FiebichPts+Asts,Leonie FiebichPts+Asts19.5,WNBA,214769,Leonie Fiebich,F,NYL,Pts+Asts,19.5,TRUE,10/9/2026,12/30/1899,pre_game,WNBA,demon,https://static.prizepicks.com/images/manual/Leonie Fiebich.png,15544311,9.5,50.99,49.01,-2.06,50.99,Over,https://www.freeiconspng.com/img/1934,,,,,Dream @ Liberty,2026-10-09T23:30:00Z,Fri 07:30pm,N/A,N/A,ESPN2,,,10/9/2026,9.5,,,,No,,15.83,26,,100,,9.5,,0,,9.5,9.5,12,0,Push
Jonquel JonesPoints,Jonquel JonesPoints19.5,WNBA,237849,Jonquel Jones,C,NYL,Points,19.5,TRUE,10/9/2026,12/30/1899,pre_game,WNBA,demon,https://static.prizepicks.com/images/players/WNBA/Jonquel_Jones_WNBA_player_TqkCFBXssXmlPoyGSqO8lyJI.webp,15544329,15.5,49.36,50.64,-4.31,50.64,Under,https://www.freeiconspng.com/img/1934,,,,,Dream @ Liberty,2026-10-09T23:30:00Z,Fri 07:30pm,N/A,N/A,ESPN2,,,10/9/2026,15.5,,,,No,,34.15,29,,100,,15.5,,0,,15.5,15.5,16.3,15.5,Best Bet
Sabrina IonescuPoints,Sabrina IonescuPoints19.5,WNBA,237848,Sabrina Ionescu,G,NYL,Points,19.5,TRUE,10/9/2026,12/30/1899,pre_game,WNBA,demon,https://static.prizepicks.com/images/players/WNBA/Sabrina_Ionescu_WNBA_player_P26gx0GUbxv35lMVCUU4z5Q5.webp,15544404,15.9,50.41,49.59,-6.55,50.41,Over,https://www.freeiconspng.com/img/1934,,,,,Dream @ Liberty,2026-10-09T23:30:00Z,Fri 07:30pm,N/A,N/A,ESPN2,,,10/9/2026,15.9,,,,No,,28.5,20,,100,,15.9,,0,,15.9,15.9,16.54,15.5,Push
Leonie FiebichPts+Rebs,Leonie FiebichPts+Rebs19.5,WNBA,214769,Leonie Fiebich,F,NYL,Pts+Rebs,19.5,TRUE,10/9/2026,12/30/1899,pre_game,WNBA,demon,https://static.prizepicks.com/images/manual/Leonie Fiebich.png,15544423,11.5,48.3,51.7,-6.11,51.7,Under,https://www.freeiconspng.com/img/1934,,,,,Dream @ Liberty,2026-10-09T23:30:00Z,Fri 07:30pm,N/A,N/A,ESPN2,,,10/9/2026,11.5,,,,No,,15.83,26,,100,,11.5,,0,,11.5,11.5,13.5,0,Push
Naz HillmonPts+Rebs+Asts,Naz HillmonPts+Rebs+Asts19.5,WNBA,65842,Naz Hillmon,F,ATL,Pts+Rebs+Asts,19.5,TRUE,10/9/2026,12/30/1899,pre_game,WNBA,demon,https://static.prizepicks.com/images/players/WNBA/Naz_Hillmon_WNBA_player_34IbaiI4YP0vCC24bAHE2a3n.webp,15544517,13.92,51.74,48.26,,51.74,Over,https://www.freeiconspng.com/img/1934,,No,3.2,170.5,Dream @ Liberty,2026-10-09T23:30:00Z,Fri 07:30pm,N/A,N/A,ESPN2,,,10/9/2026,13.92,,,,No,LVA,17.18,30,,100,,13.92,15,-0.12,under,13.92,13.8,15.29,0,Push
Leonie FiebichPts+Rebs+Asts,Leonie FiebichPts+Rebs+Asts19.5,WNBA,214769,Leonie Fiebich,F,NYL,Pts+Rebs+Asts,19.5,TRUE,10/9/2026,12/30/1899,pre_game,WNBA,demon,https://static.prizepicks.com/images/manual/Leonie Fiebich.png,15544560,13.5,49.08,50.92,,50.92,Under,https://www.freeiconspng.com/img/1934,,,,,Dream @ Liberty,2026-10-09T23:30:00Z,Fri 07:30pm,N/A,N/A,ESPN2,,,10/9/2026,13.5,,,,No,,15.83,26,,100,,13.5,,0,,13.5,13.5,15,0,Push
Jonquel JonesRebs+Asts,Jonquel JonesRebs+Asts19.5,WNBA,237849,Jonquel Jones,C,NYL,Rebs+Asts,19.5,TRUE,10/9/2026,12/30/1899,pre_game,WNBA,demon,https://static.prizepicks.com/images/players/WNBA/Jonquel_Jones_WNBA_player_TqkCFBXssXmlPoyGSqO8lyJI.webp,15544585,11.5,52.35,47.65,-5.63,52.35,Over,https://www.freeiconspng.com/img/1934,,,,,Dream @ Liberty,2026-10-09T23:30:00Z,Fri 07:30pm,N/A,N/A,ESPN2,,,10/9/2026,11.5,,,,No,,34.15,29,,100,,11.5,,0,,11.5,11.5,13.5,0,Push
Rhyne HowardPoints,Rhyne HowardPoints19.5,WNBA,237831,Rhyne Howard,G,ATL,Points,19.5,TRUE,10/9/2026,12/30/1899,pre_game,WNBA,demon,https://static.prizepicks.com/images/players/WNBA/Rhyne_Howard_WNBA_player_EHb8PvO3NcqnZYZhVJsHND96.webp,15544704,18.82,48.44,51.56,-8.91,51.56,Under,https://www.freeiconspng.com/img/1934,,No,3.2,170.5,Dream @ Liberty,2026-10-09T23:30:00Z,Fri 07:30pm,N/A,N/A,ESPN2,,,10/9/2026,18.82,,,,No,LVA,37.23,35,,100,,18.82,12,-0.2047,under,18.82,18.62,18.85,18.5,Best Bet
DeWanna BonnerPts+Rebs,DeWanna BonnerPts+Rebs19.5,WNBA,338881,DeWanna Bonner,GF,ATL,Pts+Rebs,19.5,TRUE,10/9/2026,12/30/1899,pre_game,WNBA,demon,https://static.prizepicks.com/images/manual/DeWanna Bonner.png,15544743,17.5,49.82,50.18,-7.63,50.18,Under,https://www.freeiconspng.com/img/1934,,No,3.2,170.5,Dream @ Liberty,2026-10-09T23:30:00Z,Fri 07:30pm,N/A,N/A,ESPN2,,,10/9/2026,17.5,,,,No,,24.92,25,,100,,17.5,,0,,17.5,17.5,18,0,Push
Angel ReesePts+Asts,Angel ReesePts+Asts19.5,WNBA,315793,Angel Reese,F,ATL,Pts+Asts,19.5,TRUE,10/9/2026,12/30/1899,pre_game,WNBA,demon,https://static.prizepicks.com/images/manual/AngeelesReese.png,15544749,18.5,48.97,51.03,-6.78,51.03,Under,https://www.freeiconspng.com/img/1934,,No,3.2,170.5,Dream @ Liberty,2026-10-09T23:30:00Z,Fri 07:30pm,N/A,N/A,ESPN2,,,10/9/2026,18.5,,,,No,LVA,35.06,32,,100,,18.5,11,-0.9556,under,18.5,17.54,18.51,0,Push
Leonie FiebichPoints,Leonie FiebichPoints19.5,WNBA,214769,Leonie Fiebich,F,NYL,Points,19.5,TRUE,10/9/2026,12/30/1899,pre_game,WNBA,demon,https://static.prizepicks.com/images/manual/Leonie Fiebich.png,15551910,7.5,50.7,49.3,-4.62,50.7,Over,https://www.freeiconspng.com/img/1934,,,,,Dream @ Liberty,2026-10-09T23:30:00Z,Fri 07:30pm,N/A,N/A,ESPN2,,,10/9/2026,7.5,,,,No,,15.83,26,,100,,7.5,,0,,7.5,7.5,9.5,5.5,Push
Breanna StewartRebs+Asts,Breanna StewartRebs+Asts19.5,WNBA,237847,Breanna Stewart,F,NYL,Rebs+Asts,19.5,TRUE,10/9/2026,12/30/1899,pre_game,WNBA,demon,https://static.prizepicks.com/images/players/WNBA/Breanna_Stewart_WNBA_player_0QbcmrMWR4KgqkSDi1fYPEeZ.webp,15560605,12.5,50.79,49.21,-8.6,50.79,Over,https://www.freeiconspng.com/img/1934,,,,,Dream @ Liberty,2026-10-09T23:30:00Z,Fri 07:30pm,N/A,N/A,ESPN2,,,10/9/2026,12.5,,,,No,,46.32,33,,100,,12.5,,0,,12.5,12.5,14.25,0,Push
Breanna StewartFGAttempted,Breanna StewartFGAttempted19.5,WNBA,237847,Breanna Stewart,F,NYL,FG Attempted,19.5,TRUE,10/9/2026,12/30/1899,pre_game,WNBA,demon,https://static.prizepicks.com/images/players/WNBA/Breanna_Stewart_WNBA_player_0QbcmrMWR4KgqkSDi1fYPEeZ.webp,15598600,,,,,,,,,,,,Dream @ Liberty,2026-10-09T23:30:00Z,Fri 07:30pm,N/A,N/A,ESPN2,,,10/9/2026,,,,,No,,46.32,33,,,,0,,0,,0,0,19.5,0,Push
Angel ReeseRebounds,Angel ReeseRebounds18.5,WNBA,315793,Angel Reese,F,ATL,Rebounds,18.5,TRUE,10/9/2026,12/30/1899,pre_game,WNBA,demon,https://static.prizepicks.com/images/manual/AngeelesReese.png,15544544,10.5,51.57,48.43,-4.38,51.57,Over,https://www.freeiconspng.com/img/1934,,No,3.2,170.5,Dream @ Liberty,2026-10-09T23:30:00Z,Fri 07:30pm,N/A,N/A,ESPN2,,,10/9/2026,10.5,,,,No,LVA,35.06,32,,100,,10.5,15,-0.12,under,10.5,10.38,12.08,10.5,Push
Jordin CanadaRebs+Asts,Jordin CanadaRebs+Asts18.5,WNBA,197522,Jordin Canada,G,ATL,Rebs+Asts,18.5,TRUE,10/9/2026,12/30/1899,pre_game,WNBA,demon,https://static.prizepicks.com/images/players/WNBA/Jordin_Canada_WNBA_player_nideRIEvnxcNybRbajfbVawY.webp,15560602,10.5,49.53,50.47,-7.34,50.47,Under,https://www.freeiconspng.com/img/1934,,No,3.2,170.5,Dream @ Liberty,2026-10-09T23:30:00Z,Fri 07:30pm,N/A,N/A,ESPN2,,,10/9/2026,10.5,,,,No,LVA,32.25,31,,100,,10.5,15,-0.12,under,10.5,10.38,12.47,0,Push
Rhyne HowardFGAttempted,Rhyne HowardFGAttempted18.5,WNBA,237831,Rhyne Howard,G,ATL,FG Attempted,18.5,TRUE,10/9/2026,12/30/1899,pre_game,WNBA,demon,https://static.prizepicks.com/images/players/WNBA/Rhyne_Howard_WNBA_player_EHb8PvO3NcqnZYZhVJsHND96.webp,15598609,,,,,,,,,No,3.2,170.5,Dream @ Liberty,2026-10-09T23:30:00Z,Fri 07:30pm,N/A,N/A,ESPN2,,,10/9/2026,,,,,No,LVA,37.23,35,,,,0,11,-0.9556,under,0,-0.96,18.5,0,Push
Sabrina IonescuPoints,Sabrina IonescuPoints17.5,WNBA,237848,Sabrina Ionescu,G,NYL,Points,17.5,TRUE,10/9/2026,12/30/1899,pre_game,WNBA,demon,https://static.prizepicks.com/images/players/WNBA/Sabrina_Ionescu_WNBA_player_P26gx0GUbxv35lMVCUU4z5Q5.webp,15544287,15.9,50.41,49.59,-6.55,50.41,Over,https://www.freeiconspng.com/img/1934,,,,,Dream @ Liberty,2026-10-09T23:30:00Z,Fri 07:30pm,N/A,N/A,ESPN2,,,10/9/2026,15.9,,,,No,,28.5,20,,100,,15.9,,0,,15.9,15.9,16.14,15.5,Push
Marine FauthouxPoints,Marine FauthouxPoints17.5,WNBA,332243,Marine Fauthoux,G,NYL,Points,17.5,TRUE,10/9/2026,12/30/1899,pre_game,WNBA,demon,https://static.prizepicks.com/images/manual/MarineFauthoux.webp,15601463,,,,,,,https://www.freeiconspng.com/img/1934,,,,,Dream @ Liberty,2026-10-09T23:30:00Z,Fri 07:30pm,N/A,N/A,ESPN2,,,10/9/2026,,,,,No,,,0,,,,0,,0,,0,0,12.5,7.5,Push
Jonquel JonesRebounds,Jonquel JonesRebounds16.5,WNBA,237849,Jonquel Jones,C,NYL,Rebounds,16.5,TRUE,10/9/2026,12/30/1899,pre_game,WNBA,demon,https://static.prizepicks.com/images/players/WNBA/Jonquel_Jones_WNBA_player_TqkCFBXssXmlPoyGSqO8lyJI.webp,15544209,9.5,50.47,49.53,-3.74,50.47,Over,https://www.freeiconspng.com/img/1934,,,,,Dream @ Liberty,2026-10-09T23:30:00Z,Fri 07:30pm,N/A,N/A,ESPN2,,,10/9/2026,9.5,,,,No,,34.15,29,,100,,9.5,,0,,9.5,9.5,10.9,9.5,Push
Angel ReesePoints,Angel ReesePoints16.5,WNBA,315793,Angel Reese,F,ATL,Points,16.5,TRUE,10/9/2026,12/30/1899,pre_game,WNBA,demon,https://static.prizepicks.com/images/manual/AngeelesReese.png,15544364,16.08,49.02,50.98,-7.7,50.98,Under,https://www.freeiconspng.com/img/1934,,No,3.2,170.5,Dream @ Liberty,2026-10-09T23:30:00Z,Fri 07:30pm,N/A,N/A,ESPN2,,,10/9/2026,16.08,,,,No,LVA,35.06,32,,100,,16.08,12,-0.2047,under,16.08,15.88,16.21,16.5,Best Bet
Jonquel JonesPoints,Jonquel JonesPoints16.5,WNBA,237849,Jonquel Jones,C,NYL,Points,16.5,TRUE,10/9/2026,12/30/1899,pre_game,WNBA,demon,https://static.prizepicks.com/images/players/WNBA/Jonquel_Jones_WNBA_player_TqkCFBXssXmlPoyGSqO8lyJI.webp,15559541,15.5,49.36,50.64,-4.31,50.64,Under,https://www.freeiconspng.com/img/1934,,,,,Dream @ Liberty,2026-10-09T23:30:00Z,Fri 07:30pm,N/A,N/A,ESPN2,,,10/9/2026,15.5,,,,No,,34.15,29,,100,,15.5,,0,,15.5,15.5,15.7,15.5,Best Bet
DeWanna BonnerRebs+Asts,DeWanna BonnerRebs+Asts16.5,WNBA,338881,DeWanna Bonner,GF,ATL,Rebs+Asts,16.5,TRUE,10/9/2026,12/30/1899,pre_game,WNBA,demon,https://static.prizepicks.com/images/manual/DeWanna Bonner.png,15560601,8,49.91,50.09,-8.6,50.09,Under,https://www.freeiconspng.com/img/1934,,No,3.2,170.5,Dream @ Liberty,2026-10-09T23:30:00Z,Fri 07:30pm,N/A,N/A,ESPN2,,,10/9/2026,8,,,,No,,24.92,25,,100,,8,,0,,8,8,10.13,0,Push
Sabrina IonescuRebs+Asts,Sabrina IonescuRebs+Asts16.5,WNBA,237848,Sabrina Ionescu,G,NYL,Rebs+Asts,16.5,TRUE,10/9/2026,12/30/1899,pre_game,WNBA,demon,https://static.prizepicks.com/images/players/WNBA/Sabrina_Ionescu_WNBA_player_P26gx0GUbxv35lMVCUU4z5Q5.webp,15560608,8.5,48.22,51.78,-6.03,51.78,Under,https://www.freeiconspng.com/img/1934,,,,,Dream @ Liberty,2026-10-09T23:30:00Z,Fri 07:30pm,N/A,N/A,ESPN2,,,10/9/2026,8.5,,,,No,,28.5,20,,100,,8.5,,0,,8.5,8.5,10.5,0,Push
Sabrina IonescuFGAttempted,Sabrina IonescuFGAttempted16.5,WNBA,237848,Sabrina Ionescu,G,NYL,FG Attempted,16.5,TRUE,10/9/2026,12/30/1899,pre_game,WNBA,demon,https://static.prizepicks.com/images/players/WNBA/Sabrina_Ionescu_WNBA_player_P26gx0GUbxv35lMVCUU4z5Q5.webp,15598614,,,,,,,,,,,,Dream @ Liberty,2026-10-09T23:30:00Z,Fri 07:30pm,N/A,N/A,ESPN2,,,10/9/2026,,,,,No,,28.5,20,,,,0,,0,,0,0,16.5,0,Push
Pauline AstierPoints,Pauline AstierPoints15.5,WNBA,317381,Pauline Astier,G,NYL,Points,15.5,TRUE,10/9/2026,12/30/1899,pre_game,WNBA,demon,https://static.prizepicks.com/images/manual/Pauline Astier.png,15544242,5.19,48.22,51.78,-6.73,51.78,Under,https://www.freeiconspng.com/img/1934,,,,,Dream @ Liberty,2026-10-09T23:30:00Z,Fri 07:30pm,N/A,N/A,ESPN2,,,10/9/2026,5.19,,,,No,,11.56,27,,100,,5.19,,0,,5.19,5.19,7.31,5.5,Best Bet
Angel ReeseRebounds,Angel ReeseRebounds15.5,WNBA,315793,Angel Reese,F,ATL,Rebounds,15.5,TRUE,10/9/2026,12/30/1899,pre_game,WNBA,demon,https://static.prizepicks.com/images/manual/AngeelesReese.png,15544546,10.5,51.57,48.43,-4.38,51.57,Over,https://www.freeiconspng.com/img/1934,,No,3.2,170.5,Dream @ Liberty,2026-10-09T23:30:00Z,Fri 07:30pm,N/A,N/A,ESPN2,,,10/9/2026,10.5,,,,No,LVA,35.06,32,,100,,10.5,15,-0.12,under,10.5,10.38,11.48,10.5,Push
Jordin CanadaPoints,Jordin CanadaPoints15.5,WNBA,197522,Jordin Canada,G,ATL,Points,15.5,TRUE,10/9/2026,12/30/1899,pre_game,WNBA,demon,https://static.prizepicks.com/images/players/WNBA/Jordin_Canada_WNBA_player_nideRIEvnxcNybRbajfbVawY.webp,15544752,13.5,50.23,49.77,-4.11,50.23,Over,https://www.freeiconspng.com/img/1934,,No,3.2,170.5,Dream @ Liberty,2026-10-09T23:30:00Z,Fri 07:30pm,N/A,N/A,ESPN2,,,10/9/2026,13.5,,,,No,LVA,32.25,31,,100,,13.5,12,-0.2047,under,13.5,13.3,13.86,13.5,Push
Angel ReeseFGAttempted,Angel ReeseFGAttempted15.5,WNBA,315793,Angel Reese,F,ATL,FG Attempted,15.5,TRUE,10/9/2026,12/30/1899,pre_game,WNBA,demon,https://static.prizepicks.com/images/manual/AngeelesReese.png,15598597,,,,,,,,,No,3.2,170.5,Dream @ Liberty,2026-10-09T23:30:00Z,Fri 07:30pm,N/A,N/A,ESPN2,,,10/9/2026,,,,,No,LVA,35.06,32,,,,0,11,-0.9556,under,0,-0.96,15.5,0,Push
Jordin CanadaFGAttempted,Jordin CanadaFGAttempted15.5,WNBA,197522,Jordin Canada,G,ATL,FG Attempted,15.5,TRUE,10/9/2026,12/30/1899,pre_game,WNBA,demon,https://static.prizepicks.com/images/players/WNBA/Jordin_Canada_WNBA_player_nideRIEvnxcNybRbajfbVawY.webp,15598606,,,,,,,,,No,3.2,170.5,Dream @ Liberty,2026-10-09T23:30:00Z,Fri 07:30pm,N/A,N/A,ESPN2,,,10/9/2026,,,,,No,LVA,32.25,31,,,,0,11,-0.9556,under,0,-0.96,15.5,0,Push
Leonie FiebichPoints,Leonie FiebichPoints14.5,WNBA,214769,Leonie Fiebich,F,NYL,Points,14.5,TRUE,10/9/2026,12/30/1899,pre_game,WNBA,demon,https://static.prizepicks.com/images/manual/Leonie Fiebich.png,15544183,7.5,50.7,49.3,-4.62,50.7,Over,https://www.freeiconspng.com/img/1934,,,,,Dream @ Liberty,2026-10-09T23:30:00Z,Fri 07:30pm,N/A,N/A,ESPN2,,,10/9/2026,7.5,,,,No,,15.83,26,,100,,7.5,,0,,7.5,7.5,8.5,5.5,Push
Leonie FiebichPts+Asts,Leonie FiebichPts+Asts14.5,WNBA,214769,Leonie Fiebich,F,NYL,Pts+Asts,14.5,TRUE,10/9/2026,12/30/1899,pre_game,WNBA,demon,https://static.prizepicks.com/images/manual/Leonie Fiebich.png,15544187,9.5,50.99,49.01,-2.06,50.99,Over,https://www.freeiconspng.com/img/1934,,,,,Dream @ Liberty,2026-10-09T23:30:00Z,Fri 07:30pm,N/A,N/A,ESPN2,,,10/9/2026,9.5,,,,No,,15.83,26,,100,,9.5,,0,,9.5,9.5,10.75,0,Push
Leonie FiebichPts+Rebs,Leonie FiebichPts+Rebs14.5,WNBA,214769,Leonie Fiebich,F,NYL,Pts+Rebs,14.5,TRUE,10/9/2026,12/30/1899,pre_game,WNBA,demon,https://static.prizepicks.com/images/manual/Leonie Fiebich.png,15544196,11.5,48.3,51.7,-6.11,51.7,Under,https://www.freeiconspng.com/img/1934,,,,,Dream @ Liberty,2026-10-09T23:30:00Z,Fri 07:30pm,N/A,N/A,ESPN2,,,10/9/2026,11.5,,,,No,,15.83,26,,100,,11.5,,0,,11.5,11.5,12.25,0,Push
Naz HillmonPts+Rebs,Naz HillmonPts+Rebs14.5,WNBA,65842,Naz Hillmon,F,ATL,Pts+Rebs,14.5,TRUE,10/9/2026,12/30/1899,pre_game,WNBA,demon,https://static.prizepicks.com/images/players/WNBA/Naz_Hillmon_WNBA_player_34IbaiI4YP0vCC24bAHE2a3n.webp,15544200,11.5,52.81,47.19,-5.52,52.81,Over,https://www.freeiconspng.com/img/1934,,No,3.2,170.5,Dream @ Liberty,2026-10-09T23:30:00Z,Fri 07:30pm,N/A,N/A,ESPN2,,,10/9/2026,11.5,,,,No,LVA,17.18,30,,100,,11.5,15,-0.12,under,11.5,11.38,12.22,0,Push
Naz HillmonPts+Asts,Naz HillmonPts+Asts14.5,WNBA,65842,Naz Hillmon,F,ATL,Pts+Asts,14.5,TRUE,10/9/2026,12/30/1899,pre_game,WNBA,demon,https://static.prizepicks.com/images/players/WNBA/Naz_Hillmon_WNBA_player_34IbaiI4YP0vCC24bAHE2a3n.webp,15544210,9.5,50.34,49.66,-8.15,50.34,Over,https://www.freeiconspng.com/img/1934,,No,3.2,170.5,Dream @ Liberty,2026-10-09T23:30:00Z,Fri 07:30pm,N/A,N/A,ESPN2,,,10/9/2026,9.5,,,,No,LVA,17.18,30,,100,,9.5,11,-0.9556,under,9.5,8.54,10.51,0,Push
Naz HillmonPoints,Naz HillmonPoints14.5,WNBA,65842,Naz Hillmon,F,ATL,Points,14.5,TRUE,10/9/2026,12/30/1899,pre_game,WNBA,demon,https://static.prizepicks.com/images/players/WNBA/Naz_Hillmon_WNBA_player_34IbaiI4YP0vCC24bAHE2a3n.webp,15544215,7.5,49.28,50.72,-4.64,50.72,Under,https://www.freeiconspng.com/img/1934,,No,3.2,170.5,Dream @ Liberty,2026-10-09T23:30:00Z,Fri 07:30pm,N/A,N/A,ESPN2,,,10/9/2026,7.5,,,,No,LVA,17.18,30,,100,,7.5,12,-0.2047,under,7.5,7.3,8.86,7.5,Best Bet
Breanna StewartRebs+Asts,Breanna StewartRebs+Asts14.5,WNBA,237847,Breanna Stewart,F,NYL,Rebs+Asts,14.5,TRUE,10/9/2026,12/30/1899,pre_game,WNBA,demon,https://static.prizepicks.com/images/players/WNBA/Breanna_Stewart_WNBA_player_0QbcmrMWR4KgqkSDi1fYPEeZ.webp,15544225,12.5,50.79,49.21,-8.6,50.79,Over,https://www.freeiconspng.com/img/1934,,,,,Dream @ Liberty,2026-10-09T23:30:00Z,Fri 07:30pm,N/A,N/A,ESPN2,,,10/9/2026,12.5,,,,No,,46.32,33,,100,,12.5,,0,,12.5,12.5,13,0,Push
Pauline AstierPts+Rebs,Pauline AstierPts+Rebs14.5,WNBA,317381,Pauline Astier,G,NYL,Pts+Rebs,14.5,TRUE,10/9/2026,12/30/1899,pre_game,WNBA,demon,https://static.prizepicks.com/images/manual/Pauline Astier.png,15544231,7.13,49.91,50.09,-7.72,50.09,Under,https://www.freeiconspng.com/img/1934,,,,,Dream @ Liberty,2026-10-09T23:30:00Z,Fri 07:30pm,N/A,N/A,ESPN2,,,10/9/2026,7.13,,,,No,,11.56,27,,100,,7.13,,0,,7.13,7.13,8.97,0,Push
DeWanna BonnerPoints,DeWanna BonnerPoints14.5,WNBA,338881,DeWanna Bonner,GF,ATL,Points,14.5,TRUE,10/9/2026,12/30/1899,pre_game,WNBA,demon,https://static.prizepicks.com/images/manual/DeWanna Bonner.png,15544253,11.5,47.58,52.42,-4.84,52.42,Under,https://www.freeiconspng.com/img/1934,,No,3.2,170.5,Dream @ Liberty,2026-10-09T23:30:00Z,Fri 07:30pm,N/A,N/A,ESPN2,,,10/9/2026,11.5,,,,No,,24.92,25,,100,,11.5,,0,,11.5,11.5,12.1,11.5,Best Bet
Pauline AstierPts+Asts,Pauline AstierPts+Asts14.5,WNBA,317381,Pauline Astier,G,NYL,Pts+Asts,14.5,TRUE,10/9/2026,12/30/1899,pre_game,WNBA,demon,https://static.prizepicks.com/images/manual/Pauline Astier.png,15544365,7.25,48.47,51.53,,51.53,Under,https://www.freeiconspng.com/img/1934,,,,,Dream @ Liberty,2026-10-09T23:30:00Z,Fri 07:30pm,N/A,N/A,ESPN2,,,10/9/2026,7.25,,,,No,,11.56,27,,100,,7.25,,0,,7.25,7.25,9.06,0,Push
Jordin CanadaRebs+Asts,Jordin CanadaRebs+Asts14.5,WNBA,197522,Jordin Canada,G,ATL,Rebs+Asts,14.5,TRUE,10/9/2026,12/30/1899,pre_game,WNBA,demon,https://static.prizepicks.com/images/players/WNBA/Jordin_Canada_WNBA_player_nideRIEvnxcNybRbajfbVawY.webp,15544415,10.5,49.53,50.47,-7.34,50.47,Under,https://www.freeiconspng.com/img/1934,,No,3.2,170.5,Dream @ Liberty,2026-10-09T23:30:00Z,Fri 07:30pm,N/A,N/A,ESPN2,,,10/9/2026,10.5,,,,No,LVA,32.25,31,,100,,10.5,15,-0.12,under,10.5,10.38,11.47,0,Push
Breanna StewartRebounds,Breanna StewartRebounds14.5,WNBA,237847,Breanna Stewart,F,NYL,Rebounds,14.5,TRUE,10/9/2026,12/30/1899,pre_game,WNBA,demon,https://static.prizepicks.com/images/players/WNBA/Breanna_Stewart_WNBA_player_0QbcmrMWR4KgqkSDi1fYPEeZ.webp,15544470,8.5,49.44,50.56,-4.39,50.56,Under,https://www.freeiconspng.com/img/1934,,,,,Dream @ Liberty,2026-10-09T23:30:00Z,Fri 07:30pm,N/A,N/A,ESPN2,,,10/9/2026,8.5,,,,No,,46.32,33,,100,,8.5,,0,,8.5,8.5,9.7,8.5,Best Bet
Jonquel JonesRebs+Asts,Jonquel JonesRebs+Asts14.5,WNBA,237849,Jonquel Jones,C,NYL,Rebs+Asts,14.5,TRUE,10/9/2026,12/30/1899,pre_game,WNBA,demon,https://static.prizepicks.com/images/players/WNBA/Jonquel_Jones_WNBA_player_TqkCFBXssXmlPoyGSqO8lyJI.webp,15544582,11.5,52.35,47.65,-5.63,52.35,Over,https://www.freeiconspng.com/img/1934,,,,,Dream @ Liberty,2026-10-09T23:30:00Z,Fri 07:30pm,N/A,N/A,ESPN2,,,10/9/2026,11.5,,,,No,,34.15,29,,100,,11.5,,0,,11.5,11.5,12.25,0,Push
Leonie FiebichPts+Rebs+Asts,Leonie FiebichPts+Rebs+Asts14.5,WNBA,214769,Leonie Fiebich,F,NYL,Pts+Rebs+Asts,14.5,TRUE,10/9/2026,12/30/1899,pre_game,WNBA,demon,https://static.prizepicks.com/images/manual/Leonie Fiebich.png,15544617,13.5,49.08,50.92,,50.92,Under,https://www.freeiconspng.com/img/1934,,,,,Dream @ Liberty,2026-10-09T23:30:00Z,Fri 07:30pm,N/A,N/A,ESPN2,,,10/9/2026,13.5,,,,No,,15.83,26,,100,,13.5,,0,,13.5,13.5,13.75,0,Push
Pauline AstierPts+Rebs+Asts,Pauline AstierPts+Rebs+Asts14.5,WNBA,317381,Pauline Astier,G,NYL,Pts+Rebs+Asts,14.5,TRUE,10/9/2026,12/30/1899,pre_game,WNBA,demon,https://static.prizepicks.com/images/manual/Pauline Astier.png,15544689,9.5,47.73,52.27,,52.27,Under,https://www.freeiconspng.com/img/1934,,,,,Dream @ Liberty,2026-10-09T23:30:00Z,Fri 07:30pm,N/A,N/A,ESPN2,,,10/9/2026,9.5,,,,No,,11.56,27,,100,,9.5,,0,,9.5,9.5,10.75,0,Push
Angel ReeseRebs+Asts,Angel ReeseRebs+Asts14.5,WNBA,315793,Angel Reese,F,ATL,Rebs+Asts,14.5,TRUE,10/9/2026,12/30/1899,pre_game,WNBA,demon,https://static.prizepicks.com/images/manual/AngeelesReese.png,15544721,13,50.51,49.49,-28.77,50.51,Over,https://www.freeiconspng.com/img/1934,,No,3.2,170.5,Dream @ Liberty,2026-10-09T23:30:00Z,Fri 07:30pm,N/A,N/A,ESPN2,,,10/9/2026,13,,,,No,LVA,35.06,32,,100,,13,15,-0.12,under,13,12.88,13.35,0,Push
DeWanna BonnerPts+Asts,DeWanna BonnerPts+Asts14.5,WNBA,338881,DeWanna Bonner,GF,ATL,Pts+Asts,14.5,TRUE,10/9/2026,12/30/1899,pre_game,WNBA,demon,https://static.prizepicks.com/images/manual/DeWanna Bonner.png,15544741,13.5,48.9,51.1,-6.71,51.1,Under,https://www.freeiconspng.com/img/1934,,No,3.2,170.5,Dream @ Liberty,2026-10-09T23:30:00Z,Fri 07:30pm,N/A,N/A,ESPN2,,,10/9/2026,13.5,,,,No,,24.92,25,,100,,13.5,,0,,13.5,13.5,13.75,0,Push
Naz HillmonPts+Rebs+Asts,Naz HillmonPts+Rebs+Asts14.5,WNBA,65842,Naz Hillmon,F,ATL,Pts+Rebs+Asts,14.5,TRUE,10/9/2026,12/30/1899,pre_game,WNBA,demon,https://static.prizepicks.com/images/players/WNBA/Naz_Hillmon_WNBA_player_34IbaiI4YP0vCC24bAHE2a3n.webp,15548885,13.92,51.74,48.26,,51.74,Over,https://www.freeiconspng.com/img/1934,,No,3.2,170.5,Dream @ Liberty,2026-10-09T23:30:00Z,Fri 07:30pm,N/A,N/A,ESPN2,,,10/9/2026,13.92,,,,No,LVA,17.18,30,,100,,13.92,15,-0.12,under,13.92,13.8,14.04,0,Push
Marine FauthouxPoints,Marine FauthouxPoints14.5,WNBA,332243,Marine Fauthoux,G,NYL,Points,14.5,TRUE,10/9/2026,12/30/1899,pre_game,WNBA,demon,https://static.prizepicks.com/images/manual/MarineFauthoux.webp,15601198,,,,,,,https://www.freeiconspng.com/img/1934,,,,,Dream @ Liberty,2026-10-09T23:30:00Z,Fri 07:30pm,N/A,N/A,ESPN2,,,10/9/2026,,,,,No,,,0,,,,0,,0,,0,0,11,7.5,Push
Jordin CanadaAssists,Jordin CanadaAssists13.5,WNBA,197522,Jordin Canada,G,ATL,Assists,13.5,TRUE,10/9/2026,12/30/1899,pre_game,WNBA,demon,https://static.prizepicks.com/images/players/WNBA/Jordin_Canada_WNBA_player_nideRIEvnxcNybRbajfbVawY.webp,15544205,7.5,46.52,53.48,-5.87,53.48,Under,https://www.freeiconspng.com/img/1934,,No,3.2,170.5,Dream @ Liberty,2026-10-09T23:30:00Z,Fri 07:30pm,N/A,N/A,ESPN2,,,10/9/2026,7.5,,,,No,LVA,32.25,31,,100,,7.5,14,-0.0722,under,7.5,7.43,8.69,7.5,Best Bet
Angel ReeseRebounds,Angel ReeseRebounds13.5,WNBA,315793,Angel Reese,F,ATL,Rebounds,13.5,TRUE,10/9/2026,12/30/1899,pre_game,WNBA,demon,https://static.prizepicks.com/images/manual/AngeelesReese.png,15544540,10.5,51.57,48.43,-4.38,51.57,Over,https://www.freeiconspng.com/img/1934,,No,3.2,170.5,Dream @ Liberty,2026-10-09T23:30:00Z,Fri 07:30pm,N/A,N/A,ESPN2,,,10/9/2026,10.5,,,,No,LVA,35.06,32,,100,,10.5,15,-0.12,under,10.5,10.38,11.08,10.5,Push
Jonquel JonesRebounds,Jonquel JonesRebounds13.5,WNBA,237849,Jonquel Jones,C,NYL,Rebounds,13.5,TRUE,10/9/2026,12/30/1899,pre_game,WNBA,demon,https://static.prizepicks.com/images/players/WNBA/Jonquel_Jones_WNBA_player_TqkCFBXssXmlPoyGSqO8lyJI.webp,15544650,9.5,50.47,49.53,-3.74,50.47,Over,https://www.freeiconspng.com/img/1934,,,,,Dream @ Liberty,2026-10-09T23:30:00Z,Fri 07:30pm,N/A,N/A,ESPN2,,,10/9/2026,9.5,,,,No,,34.15,29,,100,,9.5,,0,,9.5,9.5,10.3,9.5,Push
Breanna StewartRebounds,Breanna StewartRebounds13.5,WNBA,237847,Breanna Stewart,F,NYL,Rebounds,13.5,TRUE,10/9/2026,12/30/1899,pre_game,WNBA,demon,https://static.prizepicks.com/images/players/WNBA/Breanna_Stewart_WNBA_player_0QbcmrMWR4KgqkSDi1fYPEeZ.webp,15544685,8.5,49.44,50.56,-4.39,50.56,Under,https://www.freeiconspng.com/img/1934,,,,,Dream @ Liberty,2026-10-09T23:30:00Z,Fri 07:30pm,N/A,N/A,ESPN2,,,10/9/2026,8.5,,,,No,,46.32,33,,100,,8.5,,0,,8.5,8.5,9.5,8.5,Best Bet
Rhyne HowardRebs+Asts,Rhyne HowardRebs+Asts13.5,WNBA,237831,Rhyne Howard,G,ATL,Rebs+Asts,13.5,TRUE,10/9/2026,12/30/1899,pre_game,WNBA,demon,https://static.prizepicks.com/images/players/WNBA/Rhyne_Howard_WNBA_player_EHb8PvO3NcqnZYZhVJsHND96.webp,15550757,7.75,53.42,46.58,-7.21,53.42,Over,https://www.freeiconspng.com/img/1934,,No,3.2,170.5,Dream @ Liberty,2026-10-09T23:30:00Z,Fri 07:30pm,N/A,N/A,ESPN2,,,10/9/2026,7.75,,,,No,LVA,37.23,35,,100,,7.75,15,-0.12,under,7.75,7.63,9.16,0,Push
Breanna StewartRebs+Asts,Breanna StewartRebs+Asts13.5,WNBA,237847,Breanna Stewart,F,NYL,Rebs+Asts,13.5,TRUE,10/9/2026,12/30/1899,pre_game,WNBA,demon,https://static.prizepicks.com/images/players/WNBA/Breanna_Stewart_WNBA_player_0QbcmrMWR4KgqkSDi1fYPEeZ.webp,15560613,12.5,50.79,49.21,-8.6,50.79,Over,https://www.freeiconspng.com/img/1934,,,,,Dream @ Liberty,2026-10-09T23:30:00Z,Fri 07:30pm,N/A,N/A,ESPN2,,,10/9/2026,12.5,,,,No,,46.32,33,,100,,12.5,,0,,12.5,12.5,12.75,0,Push
Angel ReeseRebs+Asts,Angel ReeseRebs+Asts13.5,WNBA,315793,Angel Reese,F,ATL,Rebs+Asts,13.5,TRUE,10/9/2026,12/30/1899,pre_game,WNBA,demon,https://static.prizepicks.com/images/manual/AngeelesReese.png,15569536,13,50.51,49.49,-28.77,50.51,Over,https://www.freeiconspng.com/img/1934,,No,3.2,170.5,Dream @ Liberty,2026-10-09T23:30:00Z,Fri 07:30pm,N/A,N/A,ESPN2,,,10/9/2026,13,,,,No,LVA,35.06,32,,100,,13,15,-0.12,under,13,12.88,13.1,0,Push
DeWanna BonnerRebounds,DeWanna BonnerRebounds12.5,WNBA,338881,DeWanna Bonner,GF,ATL,Rebounds,12.5,TRUE,10/9/2026,12/30/1899,pre_game,WNBA,demon,https://static.prizepicks.com/images/manual/DeWanna Bonner.png,15544487,6.5,43.15,56.85,-4.84,56.85,Under,https://www.freeiconspng.com/img/1934,,No,3.2,170.5,Dream @ Liberty,2026-10-09T23:30:00Z,Fri 07:30pm,N/A,N/A,ESPN2,,,10/9/2026,6.5,,,,No,,24.92,25,,100,,6.5,,0,,6.5,6.5,7.7,6.5,Best Bet
Jonquel JonesRebs+Asts,Jonquel JonesRebs+Asts12.5,WNBA,237849,Jonquel Jones,C,NYL,Rebs+Asts,12.5,TRUE,10/9/2026,12/30/1899,pre_game,WNBA,demon,https://static.prizepicks.com/images/players/WNBA/Jonquel_Jones_WNBA_player_TqkCFBXssXmlPoyGSqO8lyJI.webp,15544612,11.5,52.35,47.65,-5.63,52.35,Over,https://www.freeiconspng.com/img/1934,,,,,Dream @ Liberty,2026-10-09T23:30:00Z,Fri 07:30pm,N/A,N/A,ESPN2,,,10/9/2026,11.5,,,,No,,34.15,29,,100,,11.5,,0,,11.5,11.5,11.75,0,Push
Naz HillmonPts+Rebs,Naz HillmonPts+Rebs12.5,WNBA,65842,Naz Hillmon,F,ATL,Pts+Rebs,12.5,TRUE,10/9/2026,12/30/1899,pre_game,WNBA,demon,https://static.prizepicks.com/images/players/WNBA/Naz_Hillmon_WNBA_player_34IbaiI4YP0vCC24bAHE2a3n.webp,15545568,11.5,52.81,47.19,-5.52,52.81,Over,https://www.freeiconspng.com/img/1934,,No,3.2,170.5,Dream @ Liberty,2026-10-09T23:30:00Z,Fri 07:30pm,N/A,N/A,ESPN2,,,10/9/2026,11.5,,,,No,LVA,17.18,30,,100,,11.5,15,-0.12,under,11.5,11.38,11.72,0,Push
Pauline AstierPts+Rebs+Asts,Pauline AstierPts+Rebs+Asts12.5,WNBA,317381,Pauline Astier,G,NYL,Pts+Rebs+Asts,12.5,TRUE,10/9/2026,12/30/1899,pre_game,WNBA,demon,https://static.prizepicks.com/images/manual/Pauline Astier.png,15560604,9.5,47.73,52.27,,52.27,Under,https://www.freeiconspng.com/img/1934,,,,,Dream @ Liberty,2026-10-09T23:30:00Z,Fri 07:30pm,N/A,N/A,ESPN2,,,10/9/2026,9.5,,,,No,,11.56,27,,100,,9.5,,0,,9.5,9.5,10.25,0,Push
DeWanna BonnerFGAttempted,DeWanna BonnerFGAttempted12.5,WNBA,338881,DeWanna Bonner,GF,ATL,FG Attempted,12.5,TRUE,10/9/2026,12/30/1899,pre_game,WNBA,demon,https://static.prizepicks.com/images/manual/DeWanna Bonner.png,15598602,,,,,,,,,No,3.2,170.5,Dream @ Liberty,2026-10-09T23:30:00Z,Fri 07:30pm,N/A,N/A,ESPN2,,,10/9/2026,,,,,No,,24.92,25,,,,0,,0,,0,0,12.5,0,Push
Jonquel JonesFGAttempted,Jonquel JonesFGAttempted12.5,WNBA,237849,Jonquel Jones,C,NYL,FG Attempted,12.5,TRUE,10/9/2026,12/30/1899,pre_game,WNBA,demon,https://static.prizepicks.com/images/players/WNBA/Jonquel_Jones_WNBA_player_TqkCFBXssXmlPoyGSqO8lyJI.webp,15598607,,,,,,,,,,,,Dream @ Liberty,2026-10-09T23:30:00Z,Fri 07:30pm,N/A,N/A,ESPN2,,,10/9/2026,,,,,No,,34.15,29,,,,0,,0,,0,0,12.5,0,Push
DeWanna BonnerRebs+Asts,DeWanna BonnerRebs+Asts11.5,WNBA,338881,DeWanna Bonner,GF,ATL,Rebs+Asts,11.5,TRUE,10/9/2026,12/30/1899,pre_game,WNBA,demon,https://static.prizepicks.com/images/manual/DeWanna Bonner.png,15544352,8,49.91,50.09,-8.6,50.09,Under,https://www.freeiconspng.com/img/1934,,No,3.2,170.5,Dream @ Liberty,2026-10-09T23:30:00Z,Fri 07:30pm,N/A,N/A,ESPN2,,,10/9/2026,8,,,,No,,24.92,25,,100,,8,,0,,8,8,8.88,0,Push
Jonquel JonesRebounds,Jonquel JonesRebounds11.5,WNBA,237849,Jonquel Jones,C,NYL,Rebounds,11.5,TRUE,10/9/2026,12/30/1899,pre_game,WNBA,demon,https://static.prizepicks.com/images/players/WNBA/Jonquel_Jones_WNBA_player_TqkCFBXssXmlPoyGSqO8lyJI.webp,15544361,9.5,50.47,49.53,-3.74,50.47,Over,https://www.freeiconspng.com/img/1934,,,,,Dream @ Liberty,2026-10-09T23:30:00Z,Fri 07:30pm,N/A,N/A,ESPN2,,,10/9/2026,9.5,,,,No,,34.15,29,,100,,9.5,,0,,9.5,9.5,9.9,9.5,Push
Jordin CanadaRebs+Asts,Jordin CanadaRebs+Asts11.5,WNBA,197522,Jordin Canada,G,ATL,Rebs+Asts,11.5,TRUE,10/9/2026,12/30/1899,pre_game,WNBA,demon,https://static.prizepicks.com/images/players/WNBA/Jordin_Canada_WNBA_player_nideRIEvnxcNybRbajfbVawY.webp,15544416,10.5,49.53,50.47,-7.34,50.47,Under,https://www.freeiconspng.com/img/1934,,No,3.2,170.5,Dream @ Liberty,2026-10-09T23:30:00Z,Fri 07:30pm,N/A,N/A,ESPN2,,,10/9/2026,10.5,,,,No,LVA,32.25,31,,100,,10.5,15,-0.12,under,10.5,10.38,10.72,0,Push
Breanna StewartRebounds,Breanna StewartRebounds11.5,WNBA,237847,Breanna Stewart,F,NYL,Rebounds,11.5,TRUE,10/9/2026,12/30/1899,pre_game,WNBA,demon,https://static.prizepicks.com/images/players/WNBA/Breanna_Stewart_WNBA_player_0QbcmrMWR4KgqkSDi1fYPEeZ.webp,15544468,8.5,49.44,50.56,-4.39,50.56,Under,https://www.freeiconspng.com/img/1934,,,,,Dream @ Liberty,2026-10-09T23:30:00Z,Fri 07:30pm,N/A,N/A,ESPN2,,,10/9/2026,8.5,,,,No,,46.32,33,,100,,8.5,,0,,8.5,8.5,9.1,8.5,Best Bet
Jordin CanadaAssists,Jordin CanadaAssists11.5,WNBA,197522,Jordin Canada,G,ATL,Assists,11.5,TRUE,10/9/2026,12/30/1899,pre_game,WNBA,demon,https://static.prizepicks.com/images/players/WNBA/Jordin_Canada_WNBA_player_nideRIEvnxcNybRbajfbVawY.webp,15544673,7.5,46.52,53.48,-5.87,53.48,Under,https://www.freeiconspng.com/img/1934,,No,3.2,170.5,Dream @ Liberty,2026-10-09T23:30:00Z,Fri 07:30pm,N/A,N/A,ESPN2,,,10/9/2026,7.5,,,,No,LVA,32.25,31,,100,,7.5,14,-0.0722,under,7.5,7.43,8.29,7.5,Best Bet
Angel ReeseRebounds,Angel ReeseRebounds11.5,WNBA,315793,Angel Reese,F,ATL,Rebounds,11.5,TRUE,10/9/2026,12/30/1899,pre_game,WNBA,demon,https://static.prizepicks.com/images/manual/AngeelesReese.png,15544724,10.5,51.57,48.43,-4.38,51.57,Over,https://www.freeiconspng.com/img/1934,,No,3.2,170.5,Dream @ Liberty,2026-10-09T23:30:00Z,Fri 07:30pm,N/A,N/A,ESPN2,,,10/9/2026,10.5,,,,No,LVA,35.06,32,,100,,10.5,15,-0.12,under,10.5,10.38,10.68,10.5,Push
DeWanna BonnerPoints,DeWanna BonnerPoints11.5,WNBA,338881,DeWanna Bonner,GF,ATL,Points,11.5,TRUE,10/9/2026,12/30/1899,pre_game,WNBA,demon,https://static.prizepicks.com/images/manual/DeWanna Bonner.png,15554276,11.5,47.58,52.42,-4.84,52.42,Under,https://www.freeiconspng.com/img/1934,,No,3.2,170.5,Dream @ Liberty,2026-10-09T23:30:00Z,Fri 07:30pm,N/A,N/A,ESPN2,,,10/9/2026,11.5,,,,No,,24.92,25,47.58,52.42,47.58,11.5,,0,,11.5,11.5,11.5,11.5,Best Bet
Pauline AstierRebs+Asts,Pauline AstierRebs+Asts11.5,WNBA,317381,Pauline Astier,G,NYL,Rebs+Asts,11.5,TRUE,10/9/2026,12/30/1899,pre_game,WNBA,demon,https://static.prizepicks.com/images/manual/Pauline Astier.png,15560609,,,,,,,https://www.freeiconspng.com/img/1934,,,,,Dream @ Liberty,2026-10-09T23:30:00Z,Fri 07:30pm,N/A,N/A,ESPN2,,,10/9/2026,,,,,No,,11.56,27,,,,0,,0,,0,0,11.5,0,Push
Sabrina IonescuRebs+Asts,Sabrina IonescuRebs+Asts11.5,WNBA,237848,Sabrina Ionescu,G,NYL,Rebs+Asts,11.5,TRUE,10/9/2026,12/30/1899,pre_game,WNBA,demon,https://static.prizepicks.com/images/players/WNBA/Sabrina_Ionescu_WNBA_player_P26gx0GUbxv35lMVCUU4z5Q5.webp,15573174,8.5,48.22,51.78,-6.03,51.78,Under,https://www.freeiconspng.com/img/1934,,,,,Dream @ Liberty,2026-10-09T23:30:00Z,Fri 07:30pm,N/A,N/A,ESPN2,,,10/9/2026,8.5,,,,No,,28.5,20,,100,,8.5,,0,,8.5,8.5,9.25,0,Push
Marine FauthouxPoints,Marine FauthouxPoints11.5,WNBA,332243,Marine Fauthoux,G,NYL,Points,11.5,TRUE,10/9/2026,12/30/1899,pre_game,WNBA,demon,https://static.prizepicks.com/images/manual/MarineFauthoux.webp,15601469,,,,,,,https://www.freeiconspng.com/img/1934,,,,,Dream @ Liberty,2026-10-09T23:30:00Z,Fri 07:30pm,N/A,N/A,ESPN2,,,10/9/2026,,,,,No,,,0,,,,0,,0,,0,0,9.5,7.5,Push
Jonquel JonesRebounds,Jonquel JonesRebounds10.5,WNBA,237849,Jonquel Jones,C,NYL,Rebounds,10.5,TRUE,10/9/2026,12/30/1899,pre_game,WNBA,demon,https://static.prizepicks.com/images/players/WNBA/Jonquel_Jones_WNBA_player_TqkCFBXssXmlPoyGSqO8lyJI.webp,15544367,9.5,50.47,49.53,-3.74,50.47,Over,https://www.freeiconspng.com/img/1934,,,,,Dream @ Liberty,2026-10-09T23:30:00Z,Fri 07:30pm,N/A,N/A,ESPN2,,,10/9/2026,9.5,,,,No,,34.15,29,,100,,9.5,,0,,9.5,9.5,9.7,9.5,Push
Rhyne Howard3-PTAttempted,Rhyne Howard3-PTAttempted10.5,WNBA,237831,Rhyne Howard,G,ATL,3-PT Attempted,10.5,TRUE,10/9/2026,12/30/1899,pre_game,WNBA,demon,https://static.prizepicks.com/images/players/WNBA/Rhyne_Howard_WNBA_player_EHb8PvO3NcqnZYZhVJsHND96.webp,15598623,,,,,,,,,No,3.2,170.5,Dream @ Liberty,2026-10-09T23:30:00Z,Fri 07:30pm,N/A,N/A,ESPN2,,,10/9/2026,,,,,No,LVA,37.23,35,,,,0,11,-0.9556,under,0,-0.96,10.5,0,Push
Pauline AstierPoints,Pauline AstierPoints9.5,WNBA,317381,Pauline Astier,G,NYL,Points,9.5,TRUE,10/9/2026,12/30/1899,pre_game,WNBA,demon,https://static.prizepicks.com/images/manual/Pauline Astier.png,15544180,5.19,48.22,51.78,-6.73,51.78,Under,https://www.freeiconspng.com/img/1934,,,,,Dream @ Liberty,2026-10-09T23:30:00Z,Fri 07:30pm,N/A,N/A,ESPN2,,,10/9/2026,5.19,,,,No,,11.56,27,,100,,5.19,,0,,5.19,5.19,6.11,5.5,Best Bet
DeWanna BonnerRebs+Asts,DeWanna BonnerRebs+Asts9.5,WNBA,338881,DeWanna Bonner,GF,ATL,Rebs+Asts,9.5,TRUE,10/9/2026,12/30/1899,pre_game,WNBA,demon,https://static.prizepicks.com/images/manual/DeWanna Bonner.png,15544271,8,49.91,50.09,-8.6,50.09,Under,https://www.freeiconspng.com/img/1934,,No,3.2,170.5,Dream @ Liberty,2026-10-09T23:30:00Z,Fri 07:30pm,N/A,N/A,ESPN2,,,10/9/2026,8,,,,No,,24.92,25,,100,,8,,0,,8,8,8.38,0,Push
Naz HillmonPoints,Naz HillmonPoints9.5,WNBA,65842,Naz Hillmon,F,ATL,Points,9.5,TRUE,10/9/2026,12/30/1899,pre_game,WNBA,demon,https://static.prizepicks.com/images/players/WNBA/Naz_Hillmon_WNBA_player_34IbaiI4YP0vCC24bAHE2a3n.webp,15544341,7.5,49.28,50.72,-4.64,50.72,Under,https://www.freeiconspng.com/img/1934,,No,3.2,170.5,Dream @ Liberty,2026-10-09T23:30:00Z,Fri 07:30pm,N/A,N/A,ESPN2,,,10/9/2026,7.5,,,,No,LVA,17.18,30,,100,,7.5,12,-0.2047,under,7.5,7.3,7.86,7.5,Best Bet
Sabrina IonescuRebs+Asts,Sabrina IonescuRebs+Asts9.5,WNBA,237848,Sabrina Ionescu,G,NYL,Rebs+Asts,9.5,TRUE,10/9/2026,12/30/1899,pre_game,WNBA,demon,https://static.prizepicks.com/images/players/WNBA/Sabrina_Ionescu_WNBA_player_P26gx0GUbxv35lMVCUU4z5Q5.webp,15544381,8.5,48.22,51.78,-6.03,51.78,Under,https://www.freeiconspng.com/img/1934,,,,,Dream @ Liberty,2026-10-09T23:30:00Z,Fri 07:30pm,N/A,N/A,ESPN2,,,10/9/2026,8.5,,,,No,,28.5,20,,100,,8.5,,0,,8.5,8.5,8.75,0,Push
Leonie FiebichPoints,Leonie FiebichPoints9.5,WNBA,214769,Leonie Fiebich,F,NYL,Points,9.5,TRUE,10/9/2026,12/30/1899,pre_game,WNBA,demon,https://static.prizepicks.com/images/manual/Leonie Fiebich.png,15544427,7.5,50.7,49.3,-4.62,50.7,Over,https://www.freeiconspng.com/img/1934,,,,,Dream @ Liberty,2026-10-09T23:30:00Z,Fri 07:30pm,N/A,N/A,ESPN2,,,10/9/2026,7.5,,,,No,,15.83,26,,100,,7.5,,0,,7.5,7.5,7.5,5.5,Push
Breanna StewartRebounds,Breanna StewartRebounds9.5,WNBA,237847,Breanna Stewart,F,NYL,Rebounds,9.5,TRUE,10/9/2026,12/30/1899,pre_game,WNBA,demon,https://static.prizepicks.com/images/players/WNBA/Breanna_Stewart_WNBA_player_0QbcmrMWR4KgqkSDi1fYPEeZ.webp,15544476,8.5,49.44,50.56,-4.39,50.56,Under,https://www.freeiconspng.com/img/1934,,,,,Dream @ Liberty,2026-10-09T23:30:00Z,Fri 07:30pm,N/A,N/A,ESPN2,,,10/9/2026,8.5,,,,No,,46.32,33,,100,,8.5,,0,,8.5,8.5,8.7,8.5,Best Bet
DeWanna BonnerRebounds,DeWanna BonnerRebounds9.5,WNBA,338881,DeWanna Bonner,GF,ATL,Rebounds,9.5,TRUE,10/9/2026,12/30/1899,pre_game,WNBA,demon,https://static.prizepicks.com/images/manual/DeWanna Bonner.png,15544485,6.5,43.15,56.85,-4.84,56.85,Under,https://www.freeiconspng.com/img/1934,,No,3.2,170.5,Dream @ Liberty,2026-10-09T23:30:00Z,Fri 07:30pm,N/A,N/A,ESPN2,,,10/9/2026,6.5,,,,No,,24.92,25,,100,,6.5,,0,,6.5,6.5,7.1,6.5,Best Bet
Sabrina IonescuAssists,Sabrina IonescuAssists9.5,WNBA,237848,Sabrina Ionescu,G,NYL,Assists,9.5,TRUE,10/9/2026,12/30/1899,pre_game,WNBA,demon,https://static.prizepicks.com/images/players/WNBA/Sabrina_Ionescu_WNBA_player_P26gx0GUbxv35lMVCUU4z5Q5.webp,15544515,4.5,50.41,49.59,-3.68,50.41,Over,https://www.freeiconspng.com/img/1934,,,,,Dream @ Liberty,2026-10-09T23:30:00Z,Fri 07:30pm,N/A,N/A,ESPN2,,,10/9/2026,4.5,,,,No,,28.5,20,,100,,4.5,,0,,4.5,4.5,5.5,4.5,Push
Rhyne HowardRebs+Asts,Rhyne HowardRebs+Asts9.5,WNBA,237831,Rhyne Howard,G,ATL,Rebs+Asts,9.5,TRUE,10/9/2026,12/30/1899,pre_game,WNBA,demon,https://static.prizepicks.com/images/players/WNBA/Rhyne_Howard_WNBA_player_EHb8PvO3NcqnZYZhVJsHND96.webp,15544548,7.75,53.42,46.58,-7.21,53.42,Over,https://www.freeiconspng.com/img/1934,,No,3.2,170.5,Dream @ Liberty,2026-10-09T23:30:00Z,Fri 07:30pm,N/A,N/A,ESPN2,,,10/9/2026,7.75,,,,No,LVA,37.23,35,,100,,7.75,15,-0.12,under,7.75,7.63,8.16,0,Push
Jordin CanadaAssists,Jordin CanadaAssists9.5,WNBA,197522,Jordin Canada,G,ATL,Assists,9.5,TRUE,10/9/2026,12/30/1899,pre_game,WNBA,demon,https://static.prizepicks.com/images/players/WNBA/Jordin_Canada_WNBA_player_nideRIEvnxcNybRbajfbVawY.webp,15544549,7.5,46.52,53.48,-5.87,53.48,Under,https://www.freeiconspng.com/img/1934,,No,3.2,170.5,Dream @ Liberty,2026-10-09T23:30:00Z,Fri 07:30pm,N/A,N/A,ESPN2,,,10/9/2026,7.5,,,,No,LVA,32.25,31,,100,,7.5,14,-0.0722,under,7.5,7.43,7.89,7.5,Best Bet
Naz HillmonRebs+Asts,Naz HillmonRebs+Asts9.5,WNBA,65842,Naz Hillmon,F,ATL,Rebs+Asts,9.5,TRUE,10/9/2026,12/30/1899,pre_game,WNBA,demon,https://static.prizepicks.com/images/players/WNBA/Naz_Hillmon_WNBA_player_34IbaiI4YP0vCC24bAHE2a3n.webp,15544731,6.5,48.08,51.92,-5.89,51.92,Under,https://www.freeiconspng.com/img/1934,,No,3.2,170.5,Dream @ Liberty,2026-10-09T23:30:00Z,Fri 07:30pm,N/A,N/A,ESPN2,,,10/9/2026,6.5,,,,No,LVA,17.18,30,,100,,6.5,15,-0.12,under,6.5,6.38,7.22,0,Push
Pauline AstierPts+Rebs,Pauline AstierPts+Rebs9.5,WNBA,317381,Pauline Astier,G,NYL,Pts+Rebs,9.5,TRUE,10/9/2026,12/30/1899,pre_game,WNBA,demon,https://static.prizepicks.com/images/manual/Pauline Astier.png,15544906,7.13,49.91,50.09,-7.72,50.09,Under,https://www.freeiconspng.com/img/1934,,,,,Dream @ Liberty,2026-10-09T23:30:00Z,Fri 07:30pm,N/A,N/A,ESPN2,,,10/9/2026,7.13,,,,No,,11.56,27,,100,,7.13,,0,,7.13,7.13,7.72,0,Push
Pauline AstierPts+Asts,Pauline AstierPts+Asts9.5,WNBA,317381,Pauline Astier,G,NYL,Pts+Asts,9.5,TRUE,10/9/2026,12/30/1899,pre_game,WNBA,demon,https://static.prizepicks.com/images/manual/Pauline Astier.png,15545561,7.25,48.47,51.53,,51.53,Under,https://www.freeiconspng.com/img/1934,,,,,Dream @ Liberty,2026-10-09T23:30:00Z,Fri 07:30pm,N/A,N/A,ESPN2,,,10/9/2026,7.25,,,,No,,11.56,27,,100,,7.25,,0,,7.25,7.25,7.81,0,Push
Sabrina Ionescu3-PTAttempted,Sabrina Ionescu3-PTAttempted9.5,WNBA,237848,Sabrina Ionescu,G,NYL,3-PT Attempted,9.5,TRUE,10/9/2026,12/30/1899,pre_game,WNBA,demon,https://static.prizepicks.com/images/players/WNBA/Sabrina_Ionescu_WNBA_player_P26gx0GUbxv35lMVCUU4z5Q5.webp,15598708,,,,,,,,,,,,Dream @ Liberty,2026-10-09T23:30:00Z,Fri 07:30pm,N/A,N/A,ESPN2,,,10/9/2026,,,,,No,,28.5,20,,,,0,,0,,0,0,9.5,0,Push
Marine FauthouxPoints,Marine FauthouxPoints9.5,WNBA,332243,Marine Fauthoux,G,NYL,Points,9.5,TRUE,10/9/2026,12/30/1899,pre_game,WNBA,demon,https://static.prizepicks.com/images/manual/MarineFauthoux.webp,15601199,,,,,,,https://www.freeiconspng.com/img/1934,,,,,Dream @ Liberty,2026-10-09T23:30:00Z,Fri 07:30pm,N/A,N/A,ESPN2,,,10/9/2026,,,,,No,,,0,,,,0,,0,,0,0,8.5,7.5,Push
Rhyne HowardAssists,Rhyne HowardAssists8.5,WNBA,237831,Rhyne Howard,G,ATL,Assists,8.5,TRUE,10/9/2026,12/30/1899,pre_game,WNBA,demon,https://static.prizepicks.com/images/players/WNBA/Rhyne_Howard_WNBA_player_EHb8PvO3NcqnZYZhVJsHND96.webp,15544208,3.5,55.83,44.17,-1.07,55.83,Over,https://www.freeiconspng.com/img/1934,,No,3.2,170.5,Dream @ Liberty,2026-10-09T23:30:00Z,Fri 07:30pm,N/A,N/A,ESPN2,,,10/9/2026,3.5,,,,No,LVA,37.23,35,,100,,3.5,14,-0.0722,under,3.5,3.43,4.49,3.5,Push
Naz HillmonRebounds,Naz HillmonRebounds8.5,WNBA,65842,Naz Hillmon,F,ATL,Rebounds,8.5,TRUE,10/9/2026,12/30/1899,pre_game,WNBA,demon,https://static.prizepicks.com/images/players/WNBA/Naz_Hillmon_WNBA_player_34IbaiI4YP0vCC24bAHE2a3n.webp,15544598,4.5,45.64,54.36,-3.8,54.36,Under,https://www.freeiconspng.com/img/1934,,No,3.2,170.5,Dream @ Liberty,2026-10-09T23:30:00Z,Fri 07:30pm,N/A,N/A,ESPN2,,,10/9/2026,4.5,,,,No,LVA,17.18,30,,100,,4.5,15,-0.12,under,4.5,4.38,5.28,4.5,Best Bet
Leonie FiebichPoints,Leonie FiebichPoints8.5,WNBA,214769,Leonie Fiebich,F,NYL,Points,8.5,TRUE,10/9/2026,12/30/1899,pre_game,WNBA,demon,https://static.prizepicks.com/images/manual/Leonie Fiebich.png,15544683,7.5,50.7,49.3,-4.62,50.7,Over,https://www.freeiconspng.com/img/1934,,,,,Dream @ Liberty,2026-10-09T23:30:00Z,Fri 07:30pm,N/A,N/A,ESPN2,,,10/9/2026,7.5,,,,No,,15.83,26,,100,,7.5,,0,,7.5,7.5,7.3,5.5,Push
Breanna StewartAssists,Breanna StewartAssists8.5,WNBA,237847,Breanna Stewart,F,NYL,Assists,8.5,TRUE,10/9/2026,12/30/1899,pre_game,WNBA,demon,https://static.prizepicks.com/images/players/WNBA/Breanna_Stewart_WNBA_player_0QbcmrMWR4KgqkSDi1fYPEeZ.webp,15544686,3.5,56.65,43.35,,56.65,Over,https://www.freeiconspng.com/img/1934,,,,,Dream @ Liberty,2026-10-09T23:30:00Z,Fri 07:30pm,N/A,N/A,ESPN2,,,10/9/2026,3.5,,,,No,,46.32,33,,100,,3.5,,0,,3.5,3.5,4.5,3.5,Push
Rhyne HowardRebounds,Rhyne HowardRebounds8.5,WNBA,237831,Rhyne Howard,G,ATL,Rebounds,8.5,TRUE,10/9/2026,12/30/1899,pre_game,WNBA,demon,https://static.prizepicks.com/images/players/WNBA/Rhyne_Howard_WNBA_player_EHb8PvO3NcqnZYZhVJsHND96.webp,15545950,3.5,56.7,43.3,-4.39,56.7,Over,https://www.freeiconspng.com/img/1934,,No,3.2,170.5,Dream @ Liberty,2026-10-09T23:30:00Z,Fri 07:30pm,N/A,N/A,ESPN2,,,10/9/2026,3.5,,,,No,LVA,37.23,35,,100,,3.5,15,-0.12,under,3.5,3.38,4.48,3.5,Push
Rhyne HowardRebs+Asts,Rhyne HowardRebs+Asts8.5,WNBA,237831,Rhyne Howard,G,ATL,Rebs+Asts,8.5,TRUE,10/9/2026,12/30/1899,pre_game,WNBA,demon,https://static.prizepicks.com/images/players/WNBA/Rhyne_Howard_WNBA_player_EHb8PvO3NcqnZYZhVJsHND96.webp,15550763,7.75,53.42,46.58,-7.21,53.42,Over,https://www.freeiconspng.com/img/1934,,No,3.2,170.5,Dream @ Liberty,2026-10-09T23:30:00Z,Fri 07:30pm,N/A,N/A,ESPN2,,,10/9/2026,7.75,,,,No,LVA,37.23,35,,100,,7.75,15,-0.12,under,7.75,7.63,7.91,0,Push
Naz HillmonPoints,Naz HillmonPoints8.5,WNBA,65842,Naz Hillmon,F,ATL,Points,8.5,TRUE,10/9/2026,12/30/1899,pre_game,WNBA,demon,https://static.prizepicks.com/images/players/WNBA/Naz_Hillmon_WNBA_player_34IbaiI4YP0vCC24bAHE2a3n.webp,15554275,7.5,49.28,50.72,-4.64,50.72,Under,https://www.freeiconspng.com/img/1934,,No,3.2,170.5,Dream @ Liberty,2026-10-09T23:30:00Z,Fri 07:30pm,N/A,N/A,ESPN2,,,10/9/2026,7.5,,,,No,LVA,17.18,30,,100,,7.5,12,-0.2047,under,7.5,7.3,7.66,7.5,Best Bet
Rhyne HowardRebounds,Rhyne HowardRebounds7.5,WNBA,237831,Rhyne Howard,G,ATL,Rebounds,7.5,TRUE,10/9/2026,12/30/1899,pre_game,WNBA,demon,https://static.prizepicks.com/images/players/WNBA/Rhyne_Howard_WNBA_player_EHb8PvO3NcqnZYZhVJsHND96.webp,15544305,3.5,56.7,43.3,-4.39,56.7,Over,https://www.freeiconspng.com/img/1934,,No,3.2,170.5,Dream @ Liberty,2026-10-09T23:30:00Z,Fri 07:30pm,N/A,N/A,ESPN2,,,10/9/2026,3.5,,,,No,LVA,37.23,35,,100,,3.5,15,-0.12,under,3.5,3.38,4.28,3.5,Push
Sabrina IonescuAssists,Sabrina IonescuAssists7.5,WNBA,237848,Sabrina Ionescu,G,NYL,Assists,7.5,TRUE,10/9/2026,12/30/1899,pre_game,WNBA,demon,https://static.prizepicks.com/images/players/WNBA/Sabrina_Ionescu_WNBA_player_P26gx0GUbxv35lMVCUU4z5Q5.webp,15544330,4.5,50.41,49.59,-3.68,50.41,Over,https://www.freeiconspng.com/img/1934,,,,,Dream @ Liberty,2026-10-09T23:30:00Z,Fri 07:30pm,N/A,N/A,ESPN2,,,10/9/2026,4.5,,,,No,,28.5,20,,100,,4.5,,0,,4.5,4.5,5.1,4.5,Push
Jordin CanadaAssists,Jordin CanadaAssists7.5,WNBA,197522,Jordin Canada,G,ATL,Assists,7.5,TRUE,10/9/2026,12/30/1899,pre_game,WNBA,demon,https://static.prizepicks.com/images/players/WNBA/Jordin_Canada_WNBA_player_nideRIEvnxcNybRbajfbVawY.webp,15544379,7.5,46.52,53.48,-5.87,53.48,Under,https://www.freeiconspng.com/img/1934,,No,3.2,170.5,Dream @ Liberty,2026-10-09T23:30:00Z,Fri 07:30pm,N/A,N/A,ESPN2,,,10/9/2026,7.5,,,,No,LVA,32.25,31,46.52,53.48,46.52,7.5,14,-0.0722,under,7.5,7.43,7.49,7.5,Best Bet
Leonie FiebichRebounds,Leonie FiebichRebounds7.5,WNBA,214769,Leonie Fiebich,F,NYL,Rebounds,7.5,TRUE,10/9/2026,12/30/1899,pre_game,WNBA,demon,https://static.prizepicks.com/images/manual/Leonie Fiebich.png,15544424,3.5,49.28,50.72,-4.23,50.72,Under,https://www.freeiconspng.com/img/1934,,,,,Dream @ Liberty,2026-10-09T23:30:00Z,Fri 07:30pm,N/A,N/A,ESPN2,,,10/9/2026,3.5,,,,No,,15.83,26,,100,,3.5,,0,,3.5,3.5,4.3,3.5,Best Bet
Sabrina IonescuRebounds,Sabrina IonescuRebounds7.5,WNBA,237848,Sabrina Ionescu,G,NYL,Rebounds,7.5,TRUE,10/9/2026,12/30/1899,pre_game,WNBA,demon,https://static.prizepicks.com/images/players/WNBA/Sabrina_Ionescu_WNBA_player_P26gx0GUbxv35lMVCUU4z5Q5.webp,15544496,3.5,51.17,48.83,-4.39,51.17,Over,https://www.freeiconspng.com/img/1934,,,,,Dream @ Liberty,2026-10-09T23:30:00Z,Fri 07:30pm,N/A,N/A,ESPN2,,,10/9/2026,3.5,,,,No,,28.5,20,,100,,3.5,,0,,3.5,3.5,4.3,3.5,Push
DeWanna BonnerRebounds,DeWanna BonnerRebounds7.5,WNBA,338881,DeWanna Bonner,GF,ATL,Rebounds,7.5,TRUE,10/9/2026,12/30/1899,pre_game,WNBA,demon,https://static.prizepicks.com/images/manual/DeWanna Bonner.png,15544581,6.5,43.15,56.85,-4.84,56.85,Under,https://www.freeiconspng.com/img/1934,,No,3.2,170.5,Dream @ Liberty,2026-10-09T23:30:00Z,Fri 07:30pm,N/A,N/A,ESPN2,,,10/9/2026,6.5,,,,No,,24.92,25,,100,,6.5,,0,,6.5,6.5,6.7,6.5,Best Bet
Naz HillmonRebounds,Naz HillmonRebounds7.5,WNBA,65842,Naz Hillmon,F,ATL,Rebounds,7.5,TRUE,10/9/2026,12/30/1899,pre_game,WNBA,demon,https://static.prizepicks.com/images/players/WNBA/Naz_Hillmon_WNBA_player_34IbaiI4YP0vCC24bAHE2a3n.webp,15544603,4.5,45.64,54.36,-3.8,54.36,Under,https://www.freeiconspng.com/img/1934,,No,3.2,170.5,Dream @ Liberty,2026-10-09T23:30:00Z,Fri 07:30pm,N/A,N/A,ESPN2,,,10/9/2026,4.5,,,,No,LVA,17.18,30,,100,,4.5,15,-0.12,under,4.5,4.38,5.08,4.5,Best Bet
Pauline AstierPoints,Pauline AstierPoints7.5,WNBA,317381,Pauline Astier,G,NYL,Points,7.5,TRUE,10/9/2026,12/30/1899,pre_game,WNBA,demon,https://static.prizepicks.com/images/manual/Pauline Astier.png,15544676,5.19,48.22,51.78,-6.73,51.78,Under,https://www.freeiconspng.com/img/1934,,,,,Dream @ Liberty,2026-10-09T23:30:00Z,Fri 07:30pm,N/A,N/A,ESPN2,,,10/9/2026,5.19,,,,No,,11.56,27,,100,,5.19,,0,,5.19,5.19,5.71,5.5,Best Bet
Naz HillmonRebs+Asts,Naz HillmonRebs+Asts7.5,WNBA,65842,Naz Hillmon,F,ATL,Rebs+Asts,7.5,TRUE,10/9/2026,12/30/1899,pre_game,WNBA,demon,https://static.prizepicks.com/images/players/WNBA/Naz_Hillmon_WNBA_player_34IbaiI4YP0vCC24bAHE2a3n.webp,15544733,6.5,48.08,51.92,-5.89,51.92,Under,https://www.freeiconspng.com/img/1934,,No,3.2,170.5,Dream @ Liberty,2026-10-09T23:30:00Z,Fri 07:30pm,N/A,N/A,ESPN2,,,10/9/2026,6.5,,,,No,LVA,17.18,30,,100,,6.5,15,-0.12,under,6.5,6.38,6.72,0,Push
Pauline AstierPts+Asts,Pauline AstierPts+Asts7.5,WNBA,317381,Pauline Astier,G,NYL,Pts+Asts,7.5,TRUE,10/9/2026,12/30/1899,pre_game,WNBA,demon,https://static.prizepicks.com/images/manual/Pauline Astier.png,15545571,7.25,48.47,51.53,,51.53,Under,https://www.freeiconspng.com/img/1934,,,,,Dream @ Liberty,2026-10-09T23:30:00Z,Fri 07:30pm,N/A,N/A,ESPN2,,,10/9/2026,7.25,,,,No,,11.56,27,,100,,7.25,,0,,7.25,7.25,7.31,0,Push
Breanna StewartAssists,Breanna StewartAssists7.5,WNBA,237847,Breanna Stewart,F,NYL,Assists,7.5,TRUE,10/9/2026,12/30/1899,pre_game,WNBA,demon,https://static.prizepicks.com/images/players/WNBA/Breanna_Stewart_WNBA_player_0QbcmrMWR4KgqkSDi1fYPEeZ.webp,15601931,3.5,56.65,43.35,,56.65,Over,https://www.freeiconspng.com/img/1934,,,,,Dream @ Liberty,2026-10-09T23:30:00Z,Fri 07:30pm,N/A,N/A,ESPN2,,,10/9/2026,3.5,,,,No,,46.32,33,,100,,3.5,,0,,3.5,3.5,4.3,3.5,Push
Sabrina IonescuRebounds,Sabrina IonescuRebounds6.5,WNBA,237848,Sabrina Ionescu,G,NYL,Rebounds,6.5,TRUE,10/9/2026,12/30/1899,pre_game,WNBA,demon,https://static.prizepicks.com/images/players/WNBA/Sabrina_Ionescu_WNBA_player_P26gx0GUbxv35lMVCUU4z5Q5.webp,15544285,3.5,51.17,48.83,-4.39,51.17,Over,https://www.freeiconspng.com/img/1934,,,,,Dream @ Liberty,2026-10-09T23:30:00Z,Fri 07:30pm,N/A,N/A,ESPN2,,,10/9/2026,3.5,,,,No,,28.5,20,,100,,3.5,,0,,3.5,3.5,4.1,3.5,Push
Jordin CanadaRebounds,Jordin CanadaRebounds6.5,WNBA,197522,Jordin Canada,G,ATL,Rebounds,6.5,TRUE,10/9/2026,12/30/1899,pre_game,WNBA,demon,https://static.prizepicks.com/images/players/WNBA/Jordin_Canada_WNBA_player_nideRIEvnxcNybRbajfbVawY.webp,15544298,2.83,52.47,47.53,-11.56,52.47,Over,https://www.freeiconspng.com/img/1934,,No,3.2,170.5,Dream @ Liberty,2026-10-09T23:30:00Z,Fri 07:30pm,N/A,N/A,ESPN2,,,10/9/2026,2.83,,,,No,LVA,32.25,31,,100,,2.83,15,-0.12,under,2.83,2.71,3.67,3.5,Push
Rhyne HowardAssists,Rhyne HowardAssists6.5,WNBA,237831,Rhyne Howard,G,ATL,Assists,6.5,TRUE,10/9/2026,12/30/1899,pre_game,WNBA,demon,https://static.prizepicks.com/images/players/WNBA/Rhyne_Howard_WNBA_player_EHb8PvO3NcqnZYZhVJsHND96.webp,15544397,3.5,55.83,44.17,-1.07,55.83,Over,https://www.freeiconspng.com/img/1934,,No,3.2,170.5,Dream @ Liberty,2026-10-09T23:30:00Z,Fri 07:30pm,N/A,N/A,ESPN2,,,10/9/2026,3.5,,,,No,LVA,37.23,35,,100,,3.5,14,-0.0722,under,3.5,3.43,4.09,3.5,Push
Pauline AstierRebounds,Pauline AstierRebounds6.5,WNBA,317381,Pauline Astier,G,NYL,Rebounds,6.5,TRUE,10/9/2026,12/30/1899,pre_game,WNBA,demon,https://static.prizepicks.com/images/manual/Pauline Astier.png,15544431,1.86,51.34,48.66,-13.2,51.34,Over,https://www.freeiconspng.com/img/1934,,,,,Dream @ Liberty,2026-10-09T23:30:00Z,Fri 07:30pm,N/A,N/A,ESPN2,,,10/9/2026,1.86,,,,No,,11.56,27,,100,,1.86,,0,,1.86,1.86,2.72,1.5,Push
Sabrina IonescuAssists,Sabrina IonescuAssists6.5,WNBA,237848,Sabrina Ionescu,G,NYL,Assists,6.5,TRUE,10/9/2026,12/30/1899,pre_game,WNBA,demon,https://static.prizepicks.com/images/players/WNBA/Sabrina_Ionescu_WNBA_player_P26gx0GUbxv35lMVCUU4z5Q5.webp,15544516,4.5,50.41,49.59,-3.68,50.41,Over,https://www.freeiconspng.com/img/1934,,,,,Dream @ Liberty,2026-10-09T23:30:00Z,Fri 07:30pm,N/A,N/A,ESPN2,,,10/9/2026,4.5,,,,No,,28.5,20,,100,,4.5,,0,,4.5,4.5,4.9,4.5,Push
Rhyne Howard3-PTMade,Rhyne Howard3-PTMade6.5,WNBA,237831,Rhyne Howard,G,ATL,3-PT Made,6.5,TRUE,10/9/2026,12/30/1899,pre_game,WNBA,demon,https://static.prizepicks.com/images/players/WNBA/Rhyne_Howard_WNBA_player_EHb8PvO3NcqnZYZhVJsHND96.webp,15544518,,,,,,,,,No,3.2,170.5,Dream @ Liberty,2026-10-09T23:30:00Z,Fri 07:30pm,N/A,N/A,ESPN2,,,10/9/2026,,,,,No,LVA,37.23,35,,,,0,11,-0.9556,under,0,-0.96,6.5,0,Push
Leonie FiebichRebounds,Leonie FiebichRebounds6.5,WNBA,214769,Leonie Fiebich,F,NYL,Rebounds,6.5,TRUE,10/9/2026,12/30/1899,pre_game,WNBA,demon,https://static.prizepicks.com/images/manual/Leonie Fiebich.png,15544520,3.5,49.28,50.72,-4.23,50.72,Under,https://www.freeiconspng.com/img/1934,,,,,Dream @ Liberty,2026-10-09T23:30:00Z,Fri 07:30pm,N/A,N/A,ESPN2,,,10/9/2026,3.5,,,,No,,15.83,26,,100,,3.5,,0,,3.5,3.5,4.1,3.5,Best Bet
DeWanna BonnerRebounds,DeWanna BonnerRebounds6.5,WNBA,338881,DeWanna Bonner,GF,ATL,Rebounds,6.5,TRUE,10/9/2026,12/30/1899,pre_game,WNBA,demon,https://static.prizepicks.com/images/manual/DeWanna Bonner.png,15545500,6.5,43.15,56.85,-4.84,56.85,Under,https://www.freeiconspng.com/img/1934,,No,3.2,170.5,Dream @ Liberty,2026-10-09T23:30:00Z,Fri 07:30pm,N/A,N/A,ESPN2,,,10/9/2026,6.5,,,,No,,24.92,25,43.15,56.85,43.15,6.5,,0,,6.5,6.5,6.5,6.5,Best Bet
Pauline AstierRebs+Asts,Pauline AstierRebs+Asts6.5,WNBA,317381,Pauline Astier,G,NYL,Rebs+Asts,6.5,TRUE,10/9/2026,12/30/1899,pre_game,WNBA,demon,https://static.prizepicks.com/images/manual/Pauline Astier.png,15560610,,,,,,,https://www.freeiconspng.com/img/1934,,,,,Dream @ Liberty,2026-10-09T23:30:00Z,Fri 07:30pm,N/A,N/A,ESPN2,,,10/9/2026,,,,,No,,11.56,27,,,,0,,0,,0,0,6.5,0,Push
Jordin Canada3-PTAttempted,Jordin Canada3-PTAttempted6.5,WNBA,197522,Jordin Canada,G,ATL,3-PT Attempted,6.5,TRUE,10/9/2026,12/30/1899,pre_game,WNBA,demon,https://static.prizepicks.com/images/players/WNBA/Jordin_Canada_WNBA_player_nideRIEvnxcNybRbajfbVawY.webp,15598627,,,,,,,,,No,3.2,170.5,Dream @ Liberty,2026-10-09T23:30:00Z,Fri 07:30pm,N/A,N/A,ESPN2,,,10/9/2026,,,,,No,LVA,32.25,31,,,,0,11,-0.9556,under,0,-0.96,6.5,0,Push
Sabrina IonescuAssists,Sabrina IonescuAssists5.5,WNBA,237848,Sabrina Ionescu,G,NYL,Assists,5.5,TRUE,10/9/2026,12/30/1899,pre_game,WNBA,demon,https://static.prizepicks.com/images/players/WNBA/Sabrina_Ionescu_WNBA_player_P26gx0GUbxv35lMVCUU4z5Q5.webp,15544263,4.5,50.41,49.59,-3.68,50.41,Over,https://www.freeiconspng.com/img/1934,,,,,Dream @ Liberty,2026-10-09T23:30:00Z,Fri 07:30pm,N/A,N/A,ESPN2,,,10/9/2026,4.5,,,,No,,28.5,20,,100,,4.5,,0,,4.5,4.5,4.7,4.5,Push
Angel ReeseAssists,Angel ReeseAssists5.5,WNBA,315793,Angel Reese,F,ATL,Assists,5.5,TRUE,10/9/2026,12/30/1899,pre_game,WNBA,demon,https://static.prizepicks.com/images/manual/AngeelesReese.png,15544270,2.5,41.59,58.41,-5.75,58.41,Under,https://www.freeiconspng.com/img/1934,,No,3.2,170.5,Dream @ Liberty,2026-10-09T23:30:00Z,Fri 07:30pm,N/A,N/A,ESPN2,,,10/9/2026,2.5,,,,No,LVA,35.06,32,,100,,2.5,14,-0.0722,under,2.5,2.43,3.09,2.5,Best Bet
Rhyne HowardAssists,Rhyne HowardAssists5.5,WNBA,237831,Rhyne Howard,G,ATL,Assists,5.5,TRUE,10/9/2026,12/30/1899,pre_game,WNBA,demon,https://static.prizepicks.com/images/players/WNBA/Rhyne_Howard_WNBA_player_EHb8PvO3NcqnZYZhVJsHND96.webp,15544295,3.5,55.83,44.17,-1.07,55.83,Over,https://www.freeiconspng.com/img/1934,,No,3.2,170.5,Dream @ Liberty,2026-10-09T23:30:00Z,Fri 07:30pm,N/A,N/A,ESPN2,,,10/9/2026,3.5,,,,No,LVA,37.23,35,,100,,3.5,14,-0.0722,under,3.5,3.43,3.89,3.5,Push
Jonquel JonesAssists,Jonquel JonesAssists5.5,WNBA,237849,Jonquel Jones,C,NYL,Assists,5.5,TRUE,10/9/2026,12/30/1899,pre_game,WNBA,demon,https://static.prizepicks.com/images/players/WNBA/Jonquel_Jones_WNBA_player_TqkCFBXssXmlPoyGSqO8lyJI.webp,15544296,2.5,39.91,60.09,-4.2,60.09,Under,https://www.freeiconspng.com/img/1934,,,,,Dream @ Liberty,2026-10-09T23:30:00Z,Fri 07:30pm,N/A,N/A,ESPN2,,,10/9/2026,2.5,,,,No,,34.15,29,,100,,2.5,,0,,2.5,2.5,3.1,2.5,Best Bet
Rhyne HowardRebounds,Rhyne HowardRebounds5.5,WNBA,237831,Rhyne Howard,G,ATL,Rebounds,5.5,TRUE,10/9/2026,12/30/1899,pre_game,WNBA,demon,https://static.prizepicks.com/images/players/WNBA/Rhyne_Howard_WNBA_player_EHb8PvO3NcqnZYZhVJsHND96.webp,15544309,3.5,56.7,43.3,-4.39,56.7,Over,https://www.freeiconspng.com/img/1934,,No,3.2,170.5,Dream @ Liberty,2026-10-09T23:30:00Z,Fri 07:30pm,N/A,N/A,ESPN2,,,10/9/2026,3.5,,,,No,LVA,37.23,35,,100,,3.5,15,-0.12,under,3.5,3.38,3.88,3.5,Push
Leonie FiebichRebounds,Leonie FiebichRebounds5.5,WNBA,214769,Leonie Fiebich,F,NYL,Rebounds,5.5,TRUE,10/9/2026,12/30/1899,pre_game,WNBA,demon,https://static.prizepicks.com/images/manual/Leonie Fiebich.png,15544331,3.5,49.28,50.72,-4.23,50.72,Under,https://www.freeiconspng.com/img/1934,,,,,Dream @ Liberty,2026-10-09T23:30:00Z,Fri 07:30pm,N/A,N/A,ESPN2,,,10/9/2026,3.5,,,,No,,15.83,26,,100,,3.5,,0,,3.5,3.5,3.9,3.5,Best Bet
Jordin CanadaRebounds,Jordin CanadaRebounds5.5,WNBA,197522,Jordin Canada,G,ATL,Rebounds,5.5,TRUE,10/9/2026,12/30/1899,pre_game,WNBA,demon,https://static.prizepicks.com/images/players/WNBA/Jordin_Canada_WNBA_player_nideRIEvnxcNybRbajfbVawY.webp,15544398,2.83,52.47,47.53,-11.56,52.47,Over,https://www.freeiconspng.com/img/1934,,No,3.2,170.5,Dream @ Liberty,2026-10-09T23:30:00Z,Fri 07:30pm,N/A,N/A,ESPN2,,,10/9/2026,2.83,,,,No,LVA,32.25,31,,100,,2.83,15,-0.12,under,2.83,2.71,3.47,3.5,Push
Pauline AstierAssists,Pauline AstierAssists5.5,WNBA,317381,Pauline Astier,G,NYL,Assists,5.5,TRUE,10/9/2026,12/30/1899,pre_game,WNBA,demon,https://static.prizepicks.com/images/manual/Pauline Astier.png,15544471,1.8,51.8,48.2,-7.88,51.8,Over,https://www.freeiconspng.com/img/1934,,,,,Dream @ Liberty,2026-10-09T23:30:00Z,Fri 07:30pm,N/A,N/A,ESPN2,,,10/9/2026,1.8,,,,No,,11.56,27,,100,,1.8,,0,,1.8,1.8,2.68,2.5,Push
Breanna StewartAssists,Breanna StewartAssists5.5,WNBA,237847,Breanna Stewart,F,NYL,Assists,5.5,TRUE,10/9/2026,12/30/1899,pre_game,WNBA,demon,https://static.prizepicks.com/images/players/WNBA/Breanna_Stewart_WNBA_player_0QbcmrMWR4KgqkSDi1fYPEeZ.webp,15544493,3.5,56.65,43.35,,56.65,Over,https://www.freeiconspng.com/img/1934,,,,,Dream @ Liberty,2026-10-09T23:30:00Z,Fri 07:30pm,N/A,N/A,ESPN2,,,10/9/2026,3.5,,,,No,,46.32,33,,100,,3.5,,0,,3.5,3.5,3.9,3.5,Push
Sabrina IonescuRebounds,Sabrina IonescuRebounds5.5,WNBA,237848,Sabrina Ionescu,G,NYL,Rebounds,5.5,TRUE,10/9/2026,12/30/1899,pre_game,WNBA,demon,https://static.prizepicks.com/images/players/WNBA/Sabrina_Ionescu_WNBA_player_P26gx0GUbxv35lMVCUU4z5Q5.webp,15544514,3.5,51.17,48.83,-4.39,51.17,Over,https://www.freeiconspng.com/img/1934,,,,,Dream @ Liberty,2026-10-09T23:30:00Z,Fri 07:30pm,N/A,N/A,ESPN2,,,10/9/2026,3.5,,,,No,,28.5,20,,100,,3.5,,0,,3.5,3.5,3.9,3.5,Push
Sabrina Ionescu3-PTMade,Sabrina Ionescu3-PTMade5.5,WNBA,237848,Sabrina Ionescu,G,NYL,3-PT Made,5.5,TRUE,10/9/2026,12/30/1899,pre_game,WNBA,demon,https://static.prizepicks.com/images/players/WNBA/Sabrina_Ionescu_WNBA_player_P26gx0GUbxv35lMVCUU4z5Q5.webp,15544552,,,,,,,,,,,,Dream @ Liberty,2026-10-09T23:30:00Z,Fri 07:30pm,N/A,N/A,ESPN2,,,10/9/2026,,,,,No,,28.5,20,,,,0,,0,,0,0,5.5,0,Push
Naz HillmonRebounds,Naz HillmonRebounds5.5,WNBA,65842,Naz Hillmon,F,ATL,Rebounds,5.5,TRUE,10/9/2026,12/30/1899,pre_game,WNBA,demon,https://static.prizepicks.com/images/players/WNBA/Naz_Hillmon_WNBA_player_34IbaiI4YP0vCC24bAHE2a3n.webp,15544602,4.5,45.64,54.36,-3.8,54.36,Under,https://www.freeiconspng.com/img/1934,,No,3.2,170.5,Dream @ Liberty,2026-10-09T23:30:00Z,Fri 07:30pm,N/A,N/A,ESPN2,,,10/9/2026,4.5,,,,No,LVA,17.18,30,,100,,4.5,15,-0.12,under,4.5,4.38,4.68,4.5,Best Bet
Pauline AstierPoints,Pauline AstierPoints5.5,WNBA,317381,Pauline Astier,G,NYL,Points,5.5,TRUE,10/9/2026,12/30/1899,pre_game,WNBA,demon,https://static.prizepicks.com/images/manual/Pauline Astier.png,15545569,5.19,48.22,51.78,-6.73,51.78,Under,https://www.freeiconspng.com/img/1934,,,,,Dream @ Liberty,2026-10-09T23:30:00Z,Fri 07:30pm,N/A,N/A,ESPN2,,,10/9/2026,5.19,,,,No,,11.56,27,,100,,5.19,,0,,5.19,5.19,5.31,5.5,Best Bet
Naz HillmonAssists,Naz HillmonAssists5.5,WNBA,65842,Naz Hillmon,F,ATL,Assists,5.5,TRUE,10/9/2026,12/30/1899,pre_game,WNBA,demon,https://static.prizepicks.com/images/players/WNBA/Naz_Hillmon_WNBA_player_34IbaiI4YP0vCC24bAHE2a3n.webp,15577992,1.94,49.62,50.38,-13.88,50.38,Under,https://www.freeiconspng.com/img/1934,,No,3.2,170.5,Dream @ Liberty,2026-10-09T23:30:00Z,Fri 07:30pm,N/A,N/A,ESPN2,,,10/9/2026,1.94,,,,No,LVA,17.18,30,,100,,1.94,14,-0.0722,under,1.94,1.87,2.55,1.5,Best Bet
DeWanna Bonner3-PTAttempted,DeWanna Bonner3-PTAttempted5.5,WNBA,338881,DeWanna Bonner,GF,ATL,3-PT Attempted,5.5,TRUE,10/9/2026,12/30/1899,pre_game,WNBA,demon,https://static.prizepicks.com/images/manual/DeWanna Bonner.png,15598618,,,,,,,,,No,3.2,170.5,Dream @ Liberty,2026-10-09T23:30:00Z,Fri 07:30pm,N/A,N/A,ESPN2,,,10/9/2026,,,,,No,,24.92,25,,,,0,,0,,0,0,5.5,0,Push
Jonquel Jones3-PTAttempted,Jonquel Jones3-PTAttempted5.5,WNBA,237849,Jonquel Jones,C,NYL,3-PT Attempted,5.5,TRUE,10/9/2026,12/30/1899,pre_game,WNBA,demon,https://static.prizepicks.com/images/players/WNBA/Jonquel_Jones_WNBA_player_TqkCFBXssXmlPoyGSqO8lyJI.webp,15598667,,,,,,,,,,,,Dream @ Liberty,2026-10-09T23:30:00Z,Fri 07:30pm,N/A,N/A,ESPN2,,,10/9/2026,,,,,No,,34.15,29,,,,0,,0,,0,0,5.5,0,Push
Jonquel JonesAssists,Jonquel JonesAssists4.5,WNBA,237849,Jonquel Jones,C,NYL,Assists,4.5,TRUE,10/9/2026,12/30/1899,pre_game,WNBA,demon,https://static.prizepicks.com/images/players/WNBA/Jonquel_Jones_WNBA_player_TqkCFBXssXmlPoyGSqO8lyJI.webp,15544204,2.5,39.91,60.09,-4.2,60.09,Under,https://www.freeiconspng.com/img/1934,,,,,Dream @ Liberty,2026-10-09T23:30:00Z,Fri 07:30pm,N/A,N/A,ESPN2,,,10/9/2026,2.5,,,,No,,34.15,29,,100,,2.5,,0,,2.5,2.5,2.9,2.5,Best Bet
Jordin CanadaRebounds,Jordin CanadaRebounds4.5,WNBA,197522,Jordin Canada,G,ATL,Rebounds,4.5,TRUE,10/9/2026,12/30/1899,pre_game,WNBA,demon,https://static.prizepicks.com/images/players/WNBA/Jordin_Canada_WNBA_player_nideRIEvnxcNybRbajfbVawY.webp,15544223,2.83,52.47,47.53,-11.56,52.47,Over,https://www.freeiconspng.com/img/1934,,No,3.2,170.5,Dream @ Liberty,2026-10-09T23:30:00Z,Fri 07:30pm,N/A,N/A,ESPN2,,,10/9/2026,2.83,,,,No,LVA,32.25,31,,100,,2.83,15,-0.12,under,2.83,2.71,3.27,3.5,Push
Angel ReeseAssists,Angel ReeseAssists4.5,WNBA,315793,Angel Reese,F,ATL,Assists,4.5,TRUE,10/9/2026,12/30/1899,pre_game,WNBA,demon,https://static.prizepicks.com/images/manual/AngeelesReese.png,15544268,2.5,41.59,58.41,-5.75,58.41,Under,https://www.freeiconspng.com/img/1934,,No,3.2,170.5,Dream @ Liberty,2026-10-09T23:30:00Z,Fri 07:30pm,N/A,N/A,ESPN2,,,10/9/2026,2.5,,,,No,LVA,35.06,32,,100,,2.5,14,-0.0722,under,2.5,2.43,2.89,2.5,Best Bet
Sabrina IonescuRebounds,Sabrina IonescuRebounds4.5,WNBA,237848,Sabrina Ionescu,G,NYL,Rebounds,4.5,TRUE,10/9/2026,12/30/1899,pre_game,WNBA,demon,https://static.prizepicks.com/images/players/WNBA/Sabrina_Ionescu_WNBA_player_P26gx0GUbxv35lMVCUU4z5Q5.webp,15544284,3.5,51.17,48.83,-4.39,51.17,Over,https://www.freeiconspng.com/img/1934,,,,,Dream @ Liberty,2026-10-09T23:30:00Z,Fri 07:30pm,N/A,N/A,ESPN2,,,10/9/2026,3.5,,,,No,,28.5,20,,100,,3.5,,0,,3.5,3.5,3.7,3.5,Push
Leonie FiebichRebounds,Leonie FiebichRebounds4.5,WNBA,214769,Leonie Fiebich,F,NYL,Rebounds,4.5,TRUE,10/9/2026,12/30/1899,pre_game,WNBA,demon,https://static.prizepicks.com/images/manual/Leonie Fiebich.png,15544337,3.5,49.28,50.72,-4.23,50.72,Under,https://www.freeiconspng.com/img/1934,,,,,Dream @ Liberty,2026-10-09T23:30:00Z,Fri 07:30pm,N/A,N/A,ESPN2,,,10/9/2026,3.5,,,,No,,15.83,26,,100,,3.5,,0,,3.5,3.5,3.7,3.5,Best Bet
Rhyne HowardRebounds,Rhyne HowardRebounds4.5,WNBA,237831,Rhyne Howard,G,ATL,Rebounds,4.5,TRUE,10/9/2026,12/30/1899,pre_game,WNBA,demon,https://static.prizepicks.com/images/players/WNBA/Rhyne_Howard_WNBA_player_EHb8PvO3NcqnZYZhVJsHND96.webp,15544392,3.5,56.7,43.3,-4.39,56.7,Over,https://www.freeiconspng.com/img/1934,,No,3.2,170.5,Dream @ Liberty,2026-10-09T23:30:00Z,Fri 07:30pm,N/A,N/A,ESPN2,,,10/9/2026,3.5,,,,No,LVA,37.23,35,,100,,3.5,15,-0.12,under,3.5,3.38,3.68,3.5,Push
Rhyne HowardAssists,Rhyne HowardAssists4.5,WNBA,237831,Rhyne Howard,G,ATL,Assists,4.5,TRUE,10/9/2026,12/30/1899,pre_game,WNBA,demon,https://static.prizepicks.com/images/players/WNBA/Rhyne_Howard_WNBA_player_EHb8PvO3NcqnZYZhVJsHND96.webp,15544403,3.5,55.83,44.17,-1.07,55.83,Over,https://www.freeiconspng.com/img/1934,,No,3.2,170.5,Dream @ Liberty,2026-10-09T23:30:00Z,Fri 07:30pm,N/A,N/A,ESPN2,,,10/9/2026,3.5,,,,No,LVA,37.23,35,,100,,3.5,14,-0.0722,under,3.5,3.43,3.69,3.5,Push
DeWanna Bonner3-PTMade,DeWanna Bonner3-PTMade4.5,WNBA,338881,DeWanna Bonner,GF,ATL,3-PT Made,4.5,TRUE,10/9/2026,12/30/1899,pre_game,WNBA,demon,https://static.prizepicks.com/images/manual/DeWanna Bonner.png,15544414,,,,,,,,,No,3.2,170.5,Dream @ Liberty,2026-10-09T23:30:00Z,Fri 07:30pm,N/A,N/A,ESPN2,,,10/9/2026,,,,,No,,24.92,25,,,,0,,0,,0,0,4.5,0,Push
Rhyne Howard3-PTMade,Rhyne Howard3-PTMade4.5,WNBA,237831,Rhyne Howard,G,ATL,3-PT Made,4.5,TRUE,10/9/2026,12/30/1899,pre_game,WNBA,demon,https://static.prizepicks.com/images/players/WNBA/Rhyne_Howard_WNBA_player_EHb8PvO3NcqnZYZhVJsHND96.webp,15544420,,,,,,,,,No,3.2,170.5,Dream @ Liberty,2026-10-09T23:30:00Z,Fri 07:30pm,N/A,N/A,ESPN2,,,10/9/2026,,,,,No,LVA,37.23,35,,,,0,11,-0.9556,under,0,-0.96,4.5,0,Push
Jonquel Jones3-PTMade,Jonquel Jones3-PTMade4.5,WNBA,237849,Jonquel Jones,C,NYL,3-PT Made,4.5,TRUE,10/9/2026,12/30/1899,pre_game,WNBA,demon,https://static.prizepicks.com/images/players/WNBA/Jonquel_Jones_WNBA_player_TqkCFBXssXmlPoyGSqO8lyJI.webp,15544432,,,,,,,,,,,,Dream @ Liberty,2026-10-09T23:30:00Z,Fri 07:30pm,N/A,N/A,ESPN2,,,10/9/2026,,,,,No,,34.15,29,,,,0,,0,,0,0,4.5,0,Push
Pauline AstierRebounds,Pauline AstierRebounds4.5,WNBA,317381,Pauline Astier,G,NYL,Rebounds,4.5,TRUE,10/9/2026,12/30/1899,pre_game,WNBA,demon,https://static.prizepicks.com/images/manual/Pauline Astier.png,15544440,1.86,51.34,48.66,-13.2,51.34,Over,https://www.freeiconspng.com/img/1934,,,,,Dream @ Liberty,2026-10-09T23:30:00Z,Fri 07:30pm,N/A,N/A,ESPN2,,,10/9/2026,1.86,,,,No,,11.56,27,,100,,1.86,,0,,1.86,1.86,2.32,1.5,Push
Pauline AstierAssists,Pauline AstierAssists4.5,WNBA,317381,Pauline Astier,G,NYL,Assists,4.5,TRUE,10/9/2026,12/30/1899,pre_game,WNBA,demon,https://static.prizepicks.com/images/manual/Pauline Astier.png,15544473,1.8,51.8,48.2,-7.88,51.8,Over,https://www.freeiconspng.com/img/1934,,,,,Dream @ Liberty,2026-10-09T23:30:00Z,Fri 07:30pm,N/A,N/A,ESPN2,,,10/9/2026,1.8,,,,No,,11.56,27,,100,,1.8,,0,,1.8,1.8,2.48,2.5,Push
Leonie Fiebich3-PTMade,Leonie Fiebich3-PTMade4.5,WNBA,214769,Leonie Fiebich,F,NYL,3-PT Made,4.5,TRUE,10/9/2026,12/30/1899,pre_game,WNBA,demon,https://static.prizepicks.com/images/manual/Leonie Fiebich.png,15544481,,,,,,,,,,,,Dream @ Liberty,2026-10-09T23:30:00Z,Fri 07:30pm,N/A,N/A,ESPN2,,,10/9/2026,,,,,No,,15.83,26,,,,0,,0,,0,0,4.5,0,Push
Breanna StewartAssists,Breanna StewartAssists4.5,WNBA,237847,Breanna Stewart,F,NYL,Assists,4.5,TRUE,10/9/2026,12/30/1899,pre_game,WNBA,demon,https://static.prizepicks.com/images/players/WNBA/Breanna_Stewart_WNBA_player_0QbcmrMWR4KgqkSDi1fYPEeZ.webp,15544491,3.5,56.65,43.35,,56.65,Over,https://www.freeiconspng.com/img/1934,,,,,Dream @ Liberty,2026-10-09T23:30:00Z,Fri 07:30pm,N/A,N/A,ESPN2,,,10/9/2026,3.5,,,,No,,46.32,33,,100,,3.5,,0,,3.5,3.5,3.7,3.5,Push
DeWanna BonnerAssists,DeWanna BonnerAssists4.5,WNBA,338881,DeWanna Bonner,GF,ATL,Assists,4.5,TRUE,10/9/2026,12/30/1899,pre_game,WNBA,demon,https://static.prizepicks.com/images/manual/DeWanna Bonner.png,15544494,1.75,53.14,46.86,-12.14,53.14,Over,https://www.freeiconspng.com/img/1934,,No,3.2,170.5,Dream @ Liberty,2026-10-09T23:30:00Z,Fri 07:30pm,N/A,N/A,ESPN2,,,10/9/2026,1.75,,,,No,,24.92,25,,100,,1.75,,0,,1.75,1.75,2.65,3.5,Push
Pauline AstierRebs+Asts,Pauline AstierRebs+Asts4.5,WNBA,317381,Pauline Astier,G,NYL,Rebs+Asts,4.5,TRUE,10/9/2026,12/30/1899,pre_game,WNBA,demon,https://static.prizepicks.com/images/manual/Pauline Astier.png,15544513,,,,,,,https://www.freeiconspng.com/img/1934,,,,,Dream @ Liberty,2026-10-09T23:30:00Z,Fri 07:30pm,N/A,N/A,ESPN2,,,10/9/2026,,,,,No,,11.56,27,,,,0,,0,,0,0,4.5,0,Push
Leonie FiebichAssists,Leonie FiebichAssists4.5,WNBA,214769,Leonie Fiebich,F,NYL,Assists,4.5,TRUE,10/9/2026,12/30/1899,pre_game,WNBA,demon,https://static.prizepicks.com/images/manual/Leonie Fiebich.png,15544528,1.5,59.3,40.7,-4.2,59.3,Over,https://www.freeiconspng.com/img/1934,,,,,Dream @ Liberty,2026-10-09T23:30:00Z,Fri 07:30pm,N/A,N/A,ESPN2,,,10/9/2026,1.5,,,,No,,15.83,26,,100,,1.5,,0,,1.5,1.5,2.3,2.5,Push
Naz HillmonRebounds,Naz HillmonRebounds4.5,WNBA,65842,Naz Hillmon,F,ATL,Rebounds,4.5,TRUE,10/9/2026,12/30/1899,pre_game,WNBA,demon,https://static.prizepicks.com/images/players/WNBA/Naz_Hillmon_WNBA_player_34IbaiI4YP0vCC24bAHE2a3n.webp,15544621,4.5,45.64,54.36,-3.8,54.36,Under,https://www.freeiconspng.com/img/1934,,No,3.2,170.5,Dream @ Liberty,2026-10-09T23:30:00Z,Fri 07:30pm,N/A,N/A,ESPN2,,,10/9/2026,4.5,,,,No,LVA,17.18,30,45.64,54.36,45.64,4.5,15,-0.12,under,4.5,4.38,4.48,4.5,Best Bet
Naz HillmonAssists,Naz HillmonAssists4.5,WNBA,65842,Naz Hillmon,F,ATL,Assists,4.5,TRUE,10/9/2026,12/30/1899,pre_game,WNBA,demon,https://static.prizepicks.com/images/players/WNBA/Naz_Hillmon_WNBA_player_34IbaiI4YP0vCC24bAHE2a3n.webp,15544730,1.94,49.62,50.38,-13.88,50.38,Under,https://www.freeiconspng.com/img/1934,,No,3.2,170.5,Dream @ Liberty,2026-10-09T23:30:00Z,Fri 07:30pm,N/A,N/A,ESPN2,,,10/9/2026,1.94,,,,No,LVA,17.18,30,,100,,1.94,14,-0.0722,under,1.94,1.87,2.35,1.5,Best Bet
Breanna Stewart3-PTAttempted,Breanna Stewart3-PTAttempted4.5,WNBA,237847,Breanna Stewart,F,NYL,3-PT Attempted,4.5,TRUE,10/9/2026,12/30/1899,pre_game,WNBA,demon,https://static.prizepicks.com/images/players/WNBA/Breanna_Stewart_WNBA_player_0QbcmrMWR4KgqkSDi1fYPEeZ.webp,15598658,,,,,,,,,,,,Dream @ Liberty,2026-10-09T23:30:00Z,Fri 07:30pm,N/A,N/A,ESPN2,,,10/9/2026,,,,,No,,46.32,33,,,,0,,0,,0,0,4.5,0,Push
Naz HillmonAssists,Naz HillmonAssists3.5,WNBA,65842,Naz Hillmon,F,ATL,Assists,3.5,TRUE,10/9/2026,12/30/1899,pre_game,WNBA,demon,https://static.prizepicks.com/images/players/WNBA/Naz_Hillmon_WNBA_player_34IbaiI4YP0vCC24bAHE2a3n.webp,15544213,1.94,49.62,50.38,-13.88,50.38,Under,https://www.freeiconspng.com/img/1934,,No,3.2,170.5,Dream @ Liberty,2026-10-09T23:30:00Z,Fri 07:30pm,N/A,N/A,ESPN2,,,10/9/2026,1.94,,,,No,LVA,17.18,30,,100,,1.94,14,-0.0722,under,1.94,1.87,2.15,1.5,Best Bet
Naz Hillmon3-PTMade,Naz Hillmon3-PTMade3.5,WNBA,65842,Naz Hillmon,F,ATL,3-PT Made,3.5,TRUE,10/9/2026,12/30/1899,pre_game,WNBA,demon,https://static.prizepicks.com/images/players/WNBA/Naz_Hillmon_WNBA_player_34IbaiI4YP0vCC24bAHE2a3n.webp,15544292,,,,,,,,,No,3.2,170.5,Dream @ Liberty,2026-10-09T23:30:00Z,Fri 07:30pm,N/A,N/A,ESPN2,,,10/9/2026,,,,,No,LVA,17.18,30,,,,0,11,-0.9556,under,0,-0.96,3.5,0,Push
Jonquel JonesAssists,Jonquel JonesAssists3.5,WNBA,237849,Jonquel Jones,C,NYL,Assists,3.5,TRUE,10/9/2026,12/30/1899,pre_game,WNBA,demon,https://static.prizepicks.com/images/players/WNBA/Jonquel_Jones_WNBA_player_TqkCFBXssXmlPoyGSqO8lyJI.webp,15544308,2.5,39.91,60.09,-4.2,60.09,Under,https://www.freeiconspng.com/img/1934,,,,,Dream @ Liberty,2026-10-09T23:30:00Z,Fri 07:30pm,N/A,N/A,ESPN2,,,10/9/2026,2.5,,,,No,,34.15,29,,100,,2.5,,0,,2.5,2.5,2.7,2.5,Best Bet
Angel ReeseAssists,Angel ReeseAssists3.5,WNBA,315793,Angel Reese,F,ATL,Assists,3.5,TRUE,10/9/2026,12/30/1899,pre_game,WNBA,demon,https://static.prizepicks.com/images/manual/AngeelesReese.png,15544358,2.5,41.59,58.41,-5.75,58.41,Under,https://www.freeiconspng.com/img/1934,,No,3.2,170.5,Dream @ Liberty,2026-10-09T23:30:00Z,Fri 07:30pm,N/A,N/A,ESPN2,,,10/9/2026,2.5,,,,No,LVA,35.06,32,,100,,2.5,14,-0.0722,under,2.5,2.43,2.69,2.5,Best Bet
DeWanna Bonner3-PTMade,DeWanna Bonner3-PTMade3.5,WNBA,338881,DeWanna Bonner,GF,ATL,3-PT Made,3.5,TRUE,10/9/2026,12/30/1899,pre_game,WNBA,demon,https://static.prizepicks.com/images/manual/DeWanna Bonner.png,15544418,,,,,,,,,No,3.2,170.5,Dream @ Liberty,2026-10-09T23:30:00Z,Fri 07:30pm,N/A,N/A,ESPN2,,,10/9/2026,,,,,No,,24.92,25,,,,0,,0,,0,0,3.5,0,Push
Pauline AstierRebounds,Pauline AstierRebounds3.5,WNBA,317381,Pauline Astier,G,NYL,Rebounds,3.5,TRUE,10/9/2026,12/30/1899,pre_game,WNBA,demon,https://static.prizepicks.com/images/manual/Pauline Astier.png,15544436,1.86,51.34,48.66,-13.2,51.34,Over,https://www.freeiconspng.com/img/1934,,,,,Dream @ Liberty,2026-10-09T23:30:00Z,Fri 07:30pm,N/A,N/A,ESPN2,,,10/9/2026,1.86,,,,No,,11.56,27,,100,,1.86,,0,,1.86,1.86,2.12,1.5,Push
Leonie Fiebich3-PTMade,Leonie Fiebich3-PTMade3.5,WNBA,214769,Leonie Fiebich,F,NYL,3-PT Made,3.5,TRUE,10/9/2026,12/30/1899,pre_game,WNBA,demon,https://static.prizepicks.com/images/manual/Leonie Fiebich.png,15544478,,,,,,,,,,,,Dream @ Liberty,2026-10-09T23:30:00Z,Fri 07:30pm,N/A,N/A,ESPN2,,,10/9/2026,,,,,No,,15.83,26,,,,0,,0,,0,0,3.5,0,Push
Pauline AstierAssists,Pauline AstierAssists3.5,WNBA,317381,Pauline Astier,G,NYL,Assists,3.5,TRUE,10/9/2026,12/30/1899,pre_game,WNBA,demon,https://static.prizepicks.com/images/manual/Pauline Astier.png,15544480,1.8,51.8,48.2,-7.88,51.8,Over,https://www.freeiconspng.com/img/1934,,,,,Dream @ Liberty,2026-10-09T23:30:00Z,Fri 07:30pm,N/A,N/A,ESPN2,,,10/9/2026,1.8,,,,No,,11.56,27,,100,,1.8,,0,,1.8,1.8,2.28,2.5,Push
DeWanna BonnerAssists,DeWanna BonnerAssists3.5,WNBA,338881,DeWanna Bonner,GF,ATL,Assists,3.5,TRUE,10/9/2026,12/30/1899,pre_game,WNBA,demon,https://static.prizepicks.com/images/manual/DeWanna Bonner.png,15544492,1.75,53.14,46.86,-12.14,53.14,Over,https://www.freeiconspng.com/img/1934,,No,3.2,170.5,Dream @ Liberty,2026-10-09T23:30:00Z,Fri 07:30pm,N/A,N/A,ESPN2,,,10/9/2026,1.75,,,,No,,24.92,25,,100,,1.75,,0,,1.75,1.75,2.45,3.5,Push
Jordin CanadaRebounds,Jordin CanadaRebounds3.5,WNBA,197522,Jordin Canada,G,ATL,Rebounds,3.5,TRUE,10/9/2026,12/30/1899,pre_game,WNBA,demon,https://static.prizepicks.com/images/players/WNBA/Jordin_Canada_WNBA_player_nideRIEvnxcNybRbajfbVawY.webp,15544503,2.83,52.47,47.53,-11.56,52.47,Over,https://www.freeiconspng.com/img/1934,,No,3.2,170.5,Dream @ Liberty,2026-10-09T23:30:00Z,Fri 07:30pm,N/A,N/A,ESPN2,,,10/9/2026,2.83,,,,No,LVA,32.25,31,,100,,2.83,15,-0.12,under,2.83,2.71,3.07,3.5,Push
Jonquel Jones3-PTMade,Jonquel Jones3-PTMade3.5,WNBA,237849,Jonquel Jones,C,NYL,3-PT Made,3.5,TRUE,10/9/2026,12/30/1899,pre_game,WNBA,demon,https://static.prizepicks.com/images/players/WNBA/Jonquel_Jones_WNBA_player_TqkCFBXssXmlPoyGSqO8lyJI.webp,15544506,,,,,,,,,,,,Dream @ Liberty,2026-10-09T23:30:00Z,Fri 07:30pm,N/A,N/A,ESPN2,,,10/9/2026,,,,,No,,34.15,29,,,,0,,0,,0,0,3.5,0,Push
Leonie FiebichAssists,Leonie FiebichAssists3.5,WNBA,214769,Leonie Fiebich,F,NYL,Assists,3.5,TRUE,10/9/2026,12/30/1899,pre_game,WNBA,demon,https://static.prizepicks.com/images/manual/Leonie Fiebich.png,15544526,1.5,59.3,40.7,-4.2,59.3,Over,https://www.freeiconspng.com/img/1934,,,,,Dream @ Liberty,2026-10-09T23:30:00Z,Fri 07:30pm,N/A,N/A,ESPN2,,,10/9/2026,1.5,,,,No,,15.83,26,,100,,1.5,,0,,1.5,1.5,2.1,2.5,Push
Rhyne Howard3-PTMade,Rhyne Howard3-PTMade3.5,WNBA,237831,Rhyne Howard,G,ATL,3-PT Made,3.5,TRUE,10/9/2026,12/30/1899,pre_game,WNBA,demon,https://static.prizepicks.com/images/players/WNBA/Rhyne_Howard_WNBA_player_EHb8PvO3NcqnZYZhVJsHND96.webp,15544561,,,,,,,,,No,3.2,170.5,Dream @ Liberty,2026-10-09T23:30:00Z,Fri 07:30pm,N/A,N/A,ESPN2,,,10/9/2026,,,,,No,LVA,37.23,35,,,,0,11,-0.9556,under,0,-0.96,3.5,0,Push
Jordin Canada3-PTMade,Jordin Canada3-PTMade3.5,WNBA,197522,Jordin Canada,G,ATL,3-PT Made,3.5,TRUE,10/9/2026,12/30/1899,pre_game,WNBA,demon,https://static.prizepicks.com/images/players/WNBA/Jordin_Canada_WNBA_player_nideRIEvnxcNybRbajfbVawY.webp,15544568,,,,,,,,,No,3.2,170.5,Dream @ Liberty,2026-10-09T23:30:00Z,Fri 07:30pm,N/A,N/A,ESPN2,,,10/9/2026,,,,,No,LVA,32.25,31,,,,0,11,-0.9556,under,0,-0.96,3.5,0,Push
Sabrina Ionescu3-PTMade,Sabrina Ionescu3-PTMade3.5,WNBA,237848,Sabrina Ionescu,G,NYL,3-PT Made,3.5,TRUE,10/9/2026,12/30/1899,pre_game,WNBA,demon,https://static.prizepicks.com/images/players/WNBA/Sabrina_Ionescu_WNBA_player_P26gx0GUbxv35lMVCUU4z5Q5.webp,15544596,,,,,,,,,,,,Dream @ Liberty,2026-10-09T23:30:00Z,Fri 07:30pm,N/A,N/A,ESPN2,,,10/9/2026,,,,,No,,28.5,20,,,,0,,0,,0,0,3.5,0,Push
Rhyne HowardTwoPointersMade,Rhyne HowardTwoPointersMade3.5,WNBA,237831,Rhyne Howard,G,ATL,Two Pointers Made,3.5,TRUE,10/9/2026,12/30/1899,pre_game,WNBA,demon,https://static.prizepicks.com/images/players/WNBA/Rhyne_Howard_WNBA_player_EHb8PvO3NcqnZYZhVJsHND96.webp,15598630,,,,,,,,,No,3.2,170.5,Dream @ Liberty,2026-10-09T23:30:00Z,Fri 07:30pm,N/A,N/A,ESPN2,,,10/9/2026,,,,,No,LVA,37.23,35,,,,0,11,-0.9556,under,0,-0.96,3.5,0,Push
Sabrina IonescuTwoPointersMade,Sabrina IonescuTwoPointersMade3.5,WNBA,237848,Sabrina Ionescu,G,NYL,Two Pointers Made,3.5,TRUE,10/9/2026,12/30/1899,pre_game,WNBA,demon,https://static.prizepicks.com/images/players/WNBA/Sabrina_Ionescu_WNBA_player_P26gx0GUbxv35lMVCUU4z5Q5.webp,15598631,,,,,,,,,,,,Dream @ Liberty,2026-10-09T23:30:00Z,Fri 07:30pm,N/A,N/A,ESPN2,,,10/9/2026,,,,,No,,28.5,20,,,,0,,0,,0,0,3.5,0,Push
Leonie Fiebich3-PTMade,Leonie Fiebich3-PTMade2.5,WNBA,214769,Leonie Fiebich,F,NYL,3-PT Made,2.5,TRUE,10/9/2026,12/30/1899,pre_game,WNBA,demon,https://static.prizepicks.com/images/manual/Leonie Fiebich.png,15544255,,,,,,,,,,,,Dream @ Liberty,2026-10-09T23:30:00Z,Fri 07:30pm,N/A,N/A,ESPN2,,,10/9/2026,,,,,No,,15.83,26,,,,0,,0,,0,0,2.5,0,Push
Jonquel Jones3-PTMade,Jonquel Jones3-PTMade2.5,WNBA,237849,Jonquel Jones,C,NYL,3-PT Made,2.5,TRUE,10/9/2026,12/30/1899,pre_game,WNBA,demon,https://static.prizepicks.com/images/players/WNBA/Jonquel_Jones_WNBA_player_TqkCFBXssXmlPoyGSqO8lyJI.webp,15544262,,,,,,,,,,,,Dream @ Liberty,2026-10-09T23:30:00Z,Fri 07:30pm,N/A,N/A,ESPN2,,,10/9/2026,,,,,No,,34.15,29,,,,0,,0,,0,0,2.5,0,Push
Naz HillmonAssists,Naz HillmonAssists2.5,WNBA,65842,Naz Hillmon,F,ATL,Assists,2.5,TRUE,10/9/2026,12/30/1899,pre_game,WNBA,demon,https://static.prizepicks.com/images/players/WNBA/Naz_Hillmon_WNBA_player_34IbaiI4YP0vCC24bAHE2a3n.webp,15544300,1.94,49.62,50.38,-13.88,50.38,Under,https://www.freeiconspng.com/img/1934,,No,3.2,170.5,Dream @ Liberty,2026-10-09T23:30:00Z,Fri 07:30pm,N/A,N/A,ESPN2,,,10/9/2026,1.94,,,,No,LVA,17.18,30,,100,,1.94,14,-0.0722,under,1.94,1.87,1.95,1.5,Best Bet
Naz Hillmon3-PTMade,Naz Hillmon3-PTMade2.5,WNBA,65842,Naz Hillmon,F,ATL,3-PT Made,2.5,TRUE,10/9/2026,12/30/1899,pre_game,WNBA,demon,https://static.prizepicks.com/images/players/WNBA/Naz_Hillmon_WNBA_player_34IbaiI4YP0vCC24bAHE2a3n.webp,15544382,,,,,,,,,No,3.2,170.5,Dream @ Liberty,2026-10-09T23:30:00Z,Fri 07:30pm,N/A,N/A,ESPN2,,,10/9/2026,,,,,No,LVA,17.18,30,,,,0,11,-0.9556,under,0,-0.96,2.5,0,Push
Jonquel JonesAssists,Jonquel JonesAssists2.5,WNBA,237849,Jonquel Jones,C,NYL,Assists,2.5,TRUE,10/9/2026,12/30/1899,pre_game,WNBA,demon,https://static.prizepicks.com/images/players/WNBA/Jonquel_Jones_WNBA_player_TqkCFBXssXmlPoyGSqO8lyJI.webp,15544407,2.5,39.91,60.09,-4.2,60.09,Under,https://www.freeiconspng.com/img/1934,,,,,Dream @ Liberty,2026-10-09T23:30:00Z,Fri 07:30pm,N/A,N/A,ESPN2,,,10/9/2026,2.5,,,,No,,34.15,29,39.91,60.09,39.91,2.5,,0,,2.5,2.5,2.5,2.5,Best Bet
DeWanna BonnerAssists,DeWanna BonnerAssists2.5,WNBA,338881,DeWanna Bonner,GF,ATL,Assists,2.5,TRUE,10/9/2026,12/30/1899,pre_game,WNBA,demon,https://static.prizepicks.com/images/manual/DeWanna Bonner.png,15544484,1.75,53.14,46.86,-12.14,53.14,Over,https://www.freeiconspng.com/img/1934,,No,3.2,170.5,Dream @ Liberty,2026-10-09T23:30:00Z,Fri 07:30pm,N/A,N/A,ESPN2,,,10/9/2026,1.75,,,,No,,24.92,25,,100,,1.75,,0,,1.75,1.75,2.25,3.5,Push
Leonie FiebichAssists,Leonie FiebichAssists2.5,WNBA,214769,Leonie Fiebich,F,NYL,Assists,2.5,TRUE,10/9/2026,12/30/1899,pre_game,WNBA,demon,https://static.prizepicks.com/images/manual/Leonie Fiebich.png,15544523,1.5,59.3,40.7,-4.2,59.3,Over,https://www.freeiconspng.com/img/1934,,,,,Dream @ Liberty,2026-10-09T23:30:00Z,Fri 07:30pm,N/A,N/A,ESPN2,,,10/9/2026,1.5,,,,No,,15.83,26,,100,,1.5,,0,,1.5,1.5,1.9,2.5,Push
DeWanna Bonner3-PTMade,DeWanna Bonner3-PTMade2.5,WNBA,338881,DeWanna Bonner,GF,ATL,3-PT Made,2.5,TRUE,10/9/2026,12/30/1899,pre_game,WNBA,demon,https://static.prizepicks.com/images/manual/DeWanna Bonner.png,15544531,,,,,,,,,No,3.2,170.5,Dream @ Liberty,2026-10-09T23:30:00Z,Fri 07:30pm,N/A,N/A,ESPN2,,,10/9/2026,,,,,No,,24.92,25,,,,0,,0,,0,0,2.5,0,Push
Angel ReeseAssists,Angel ReeseAssists2.5,WNBA,315793,Angel Reese,F,ATL,Assists,2.5,TRUE,10/9/2026,12/30/1899,pre_game,WNBA,demon,https://static.prizepicks.com/images/manual/AngeelesReese.png,15544535,2.5,41.59,58.41,-5.75,58.41,Under,https://www.freeiconspng.com/img/1934,,No,3.2,170.5,Dream @ Liberty,2026-10-09T23:30:00Z,Fri 07:30pm,N/A,N/A,ESPN2,,,10/9/2026,2.5,,,,No,LVA,35.06,32,41.59,58.41,41.59,2.5,14,-0.0722,under,2.5,2.43,2.49,2.5,Best Bet
Jordin Canada3-PTMade,Jordin Canada3-PTMade2.5,WNBA,197522,Jordin Canada,G,ATL,3-PT Made,2.5,TRUE,10/9/2026,12/30/1899,pre_game,WNBA,demon,https://static.prizepicks.com/images/players/WNBA/Jordin_Canada_WNBA_player_nideRIEvnxcNybRbajfbVawY.webp,15544566,,,,,,,,,No,3.2,170.5,Dream @ Liberty,2026-10-09T23:30:00Z,Fri 07:30pm,N/A,N/A,ESPN2,,,10/9/2026,,,,,No,LVA,32.25,31,,,,0,11,-0.9556,under,0,-0.96,2.5,0,Push
Sabrina Ionescu3-PTMade,Sabrina Ionescu3-PTMade2.5,WNBA,237848,Sabrina Ionescu,G,NYL,3-PT Made,2.5,TRUE,10/9/2026,12/30/1899,pre_game,WNBA,demon,https://static.prizepicks.com/images/players/WNBA/Sabrina_Ionescu_WNBA_player_P26gx0GUbxv35lMVCUU4z5Q5.webp,15544569,,,,,,,,,,,,Dream @ Liberty,2026-10-09T23:30:00Z,Fri 07:30pm,N/A,N/A,ESPN2,,,10/9/2026,,,,,No,,28.5,20,,,,0,,0,,0,0,2.5,0,Push
Breanna Stewart3-PTMade,Breanna Stewart3-PTMade2.5,WNBA,237847,Breanna Stewart,F,NYL,3-PT Made,2.5,TRUE,10/9/2026,12/30/1899,pre_game,WNBA,demon,https://static.prizepicks.com/images/players/WNBA/Breanna_Stewart_WNBA_player_0QbcmrMWR4KgqkSDi1fYPEeZ.webp,15544609,,,,,,,,,,,,Dream @ Liberty,2026-10-09T23:30:00Z,Fri 07:30pm,N/A,N/A,ESPN2,,,10/9/2026,,,,,No,,46.32,33,,,,0,,0,,0,0,2.5,0,Push
Pauline AstierRebounds,Pauline AstierRebounds2.5,WNBA,317381,Pauline Astier,G,NYL,Rebounds,2.5,TRUE,10/9/2026,12/30/1899,pre_game,WNBA,demon,https://static.prizepicks.com/images/manual/Pauline Astier.png,15544883,1.86,51.34,48.66,-13.2,51.34,Over,https://www.freeiconspng.com/img/1934,,,,,Dream @ Liberty,2026-10-09T23:30:00Z,Fri 07:30pm,N/A,N/A,ESPN2,,,10/9/2026,1.86,,,,No,,11.56,27,,100,,1.86,,0,,1.86,1.86,1.92,1.5,Push
Pauline AstierAssists,Pauline AstierAssists2.5,WNBA,317381,Pauline Astier,G,NYL,Assists,2.5,TRUE,10/9/2026,12/30/1899,pre_game,WNBA,demon,https://static.prizepicks.com/images/manual/Pauline Astier.png,15545363,1.8,51.8,48.2,-7.88,51.8,Over,https://www.freeiconspng.com/img/1934,,,,,Dream @ Liberty,2026-10-09T23:30:00Z,Fri 07:30pm,N/A,N/A,ESPN2,,,10/9/2026,1.8,,,,No,,11.56,27,,100,,1.8,,0,,1.8,1.8,2.08,2.5,Push
Jonquel JonesOffensiveRebounds,Jonquel JonesOffensiveRebounds2.5,WNBA,237849,Jonquel Jones,C,NYL,Offensive Rebounds,2.5,TRUE,10/9/2026,12/30/1899,pre_game,WNBA,demon,https://static.prizepicks.com/images/players/WNBA/Jonquel_Jones_WNBA_player_TqkCFBXssXmlPoyGSqO8lyJI.webp,15597576,,,,,,,,,,,,Dream @ Liberty,2026-10-09T23:30:00Z,Fri 07:30pm,N/A,N/A,ESPN2,,,10/9/2026,,,,,No,,34.15,29,,,,0,,0,,0,0,2.5,0,Push
Jonquel JonesTurnovers,Jonquel JonesTurnovers2.5,WNBA,237849,Jonquel Jones,C,NYL,Turnovers,2.5,TRUE,10/9/2026,12/30/1899,pre_game,WNBA,demon,https://static.prizepicks.com/images/players/WNBA/Jonquel_Jones_WNBA_player_TqkCFBXssXmlPoyGSqO8lyJI.webp,15598441,,,,,,,,,,,,Dream @ Liberty,2026-10-09T23:30:00Z,Fri 07:30pm,N/A,N/A,ESPN2,,,10/9/2026,,,,,No,,34.15,29,,,,0,,0,,0,0,2.5,0,Push
Jordin CanadaBlks+Stls,Jordin CanadaBlks+Stls2.5,WNBA,197522,Jordin Canada,G,ATL,Blks+Stls,2.5,TRUE,10/9/2026,12/30/1899,pre_game,WNBA,demon,https://static.prizepicks.com/images/players/WNBA/Jordin_Canada_WNBA_player_nideRIEvnxcNybRbajfbVawY.webp,15598448,,,,,,,,,No,3.2,170.5,Dream @ Liberty,2026-10-09T23:30:00Z,Fri 07:30pm,N/A,N/A,ESPN2,,,10/9/2026,,,,,No,LVA,32.25,31,,,,0,11,-0.9556,under,0,-0.96,2.5,0,Push
Rhyne HowardSteals,Rhyne HowardSteals2.5,WNBA,237831,Rhyne Howard,G,ATL,Steals,2.5,TRUE,10/9/2026,12/30/1899,pre_game,WNBA,demon,https://static.prizepicks.com/images/players/WNBA/Rhyne_Howard_WNBA_player_EHb8PvO3NcqnZYZhVJsHND96.webp,15598473,,,,,,,,,No,3.2,170.5,Dream @ Liberty,2026-10-09T23:30:00Z,Fri 07:30pm,N/A,N/A,ESPN2,,,10/9/2026,,,,,No,LVA,37.23,35,,,,0,11,-0.9556,under,0,-0.96,2.5,0,Push
Angel Reese3-PTMade,Angel Reese3-PTMade1.5,WNBA,315793,Angel Reese,F,ATL,3-PT Made,1.5,TRUE,10/9/2026,12/30/1899,pre_game,WNBA,demon,https://static.prizepicks.com/images/manual/AngeelesReese.png,15544257,,,,,,,,,No,3.2,170.5,Dream @ Liberty,2026-10-09T23:30:00Z,Fri 07:30pm,N/A,N/A,ESPN2,,,10/9/2026,,,,,No,LVA,35.06,32,,,,0,11,-0.9556,under,0,-0.96,1.5,0,Push
Naz Hillmon3-PTMade,Naz Hillmon3-PTMade1.5,WNBA,65842,Naz Hillmon,F,ATL,3-PT Made,1.5,TRUE,10/9/2026,12/30/1899,pre_game,WNBA,demon,https://static.prizepicks.com/images/players/WNBA/Naz_Hillmon_WNBA_player_34IbaiI4YP0vCC24bAHE2a3n.webp,15544374,,,,,,,,,No,3.2,170.5,Dream @ Liberty,2026-10-09T23:30:00Z,Fri 07:30pm,N/A,N/A,ESPN2,,,10/9/2026,,,,,No,LVA,17.18,30,,,,0,11,-0.9556,under,0,-0.96,1.5,0,Push
Pauline Astier3-PTMade,Pauline Astier3-PTMade1.5,WNBA,317381,Pauline Astier,G,NYL,3-PT Made,1.5,TRUE,10/9/2026,12/30/1899,pre_game,WNBA,demon,https://static.prizepicks.com/images/manual/Pauline Astier.png,15544543,,,,,,,,,,,,Dream @ Liberty,2026-10-09T23:30:00Z,Fri 07:30pm,N/A,N/A,ESPN2,,,10/9/2026,,,,,No,,11.56,27,,,,0,,0,,0,0,1.5,0,Push
Jordin Canada3-PTMade,Jordin Canada3-PTMade1.5,WNBA,197522,Jordin Canada,G,ATL,3-PT Made,1.5,TRUE,10/9/2026,12/30/1899,pre_game,WNBA,demon,https://static.prizepicks.com/images/players/WNBA/Jordin_Canada_WNBA_player_nideRIEvnxcNybRbajfbVawY.webp,15544565,,,,,,,,,No,3.2,170.5,Dream @ Liberty,2026-10-09T23:30:00Z,Fri 07:30pm,N/A,N/A,ESPN2,,,10/9/2026,,,,,No,LVA,32.25,31,,,,0,11,-0.9556,under,0,-0.96,1.5,0,Push
Breanna Stewart3-PTMade,Breanna Stewart3-PTMade1.5,WNBA,237847,Breanna Stewart,F,NYL,3-PT Made,1.5,TRUE,10/9/2026,12/30/1899,pre_game,WNBA,demon,https://static.prizepicks.com/images/players/WNBA/Breanna_Stewart_WNBA_player_0QbcmrMWR4KgqkSDi1fYPEeZ.webp,15544610,,,,,,,,,,,,Dream @ Liberty,2026-10-09T23:30:00Z,Fri 07:30pm,N/A,N/A,ESPN2,,,10/9/2026,,,,,No,,46.32,33,,,,0,,0,,0,0,1.5,0,Push
Breanna StewartOffensiveRebounds,Breanna StewartOffensiveRebounds1.5,WNBA,237847,Breanna Stewart,F,NYL,Offensive Rebounds,1.5,TRUE,10/9/2026,12/30/1899,pre_game,WNBA,demon,https://static.prizepicks.com/images/players/WNBA/Breanna_Stewart_WNBA_player_0QbcmrMWR4KgqkSDi1fYPEeZ.webp,15597467,,,,,,,,,,,,Dream @ Liberty,2026-10-09T23:30:00Z,Fri 07:30pm,N/A,N/A,ESPN2,,,10/9/2026,,,,,No,,46.32,33,,,,0,,0,,0,0,1.5,0,Push
DeWanna BonnerOffensiveRebounds,DeWanna BonnerOffensiveRebounds1.5,WNBA,338881,DeWanna Bonner,GF,ATL,Offensive Rebounds,1.5,TRUE,10/9/2026,12/30/1899,pre_game,WNBA,demon,https://static.prizepicks.com/images/manual/DeWanna Bonner.png,15597594,,,,,,,,,No,3.2,170.5,Dream @ Liberty,2026-10-09T23:30:00Z,Fri 07:30pm,N/A,N/A,ESPN2,,,10/9/2026,,,,,No,,24.92,25,,,,0,,0,,0,0,1.5,0,Push
Sabrina IonescuBlks+Stls,Sabrina IonescuBlks+Stls1.5,WNBA,237848,Sabrina Ionescu,G,NYL,Blks+Stls,1.5,TRUE,10/9/2026,12/30/1899,pre_game,WNBA,demon,https://static.prizepicks.com/images/players/WNBA/Sabrina_Ionescu_WNBA_player_P26gx0GUbxv35lMVCUU4z5Q5.webp,15598450,,,,,,,,,,,,Dream @ Liberty,2026-10-09T23:30:00Z,Fri 07:30pm,N/A,N/A,ESPN2,,,10/9/2026,,,,,No,,28.5,20,,,,0,,0,,0,0,1.5,0,Push
Breanna StewartBlockedShots,Breanna StewartBlockedShots1.5,WNBA,237847,Breanna Stewart,F,NYL,Blocked Shots,1.5,TRUE,10/9/2026,12/30/1899,pre_game,WNBA,demon,https://static.prizepicks.com/images/players/WNBA/Breanna_Stewart_WNBA_player_0QbcmrMWR4KgqkSDi1fYPEeZ.webp,15598467,,,,,,,,,,,,Dream @ Liberty,2026-10-09T23:30:00Z,Fri 07:30pm,N/A,N/A,ESPN2,,,10/9/2026,,,,,No,,46.32,33,,,,0,,0,,0,0,1.5,0,Push
Jonquel JonesBlockedShots,Jonquel JonesBlockedShots1.5,WNBA,237849,Jonquel Jones,C,NYL,Blocked Shots,1.5,TRUE,10/9/2026,12/30/1899,pre_game,WNBA,demon,https://static.prizepicks.com/images/players/WNBA/Jonquel_Jones_WNBA_player_TqkCFBXssXmlPoyGSqO8lyJI.webp,15598468,,,,,,,,,,,,Dream @ Liberty,2026-10-09T23:30:00Z,Fri 07:30pm,N/A,N/A,ESPN2,,,10/9/2026,,,,,No,,34.15,29,,,,0,,0,,0,0,1.5,0,Push
Angel Reese3-PTAttempted,Angel Reese3-PTAttempted1.5,WNBA,315793,Angel Reese,F,ATL,3-PT Attempted,1.5,TRUE,10/9/2026,12/30/1899,pre_game,WNBA,demon,https://static.prizepicks.com/images/manual/AngeelesReese.png,15598598,,,,,,,,,No,3.2,170.5,Dream @ Liberty,2026-10-09T23:30:00Z,Fri 07:30pm,N/A,N/A,ESPN2,,,10/9/2026,,,,,No,LVA,35.06,32,,,,0,11,-0.9556,under,0,-0.96,1.5,0,Push
Angel Reese3-PTMade,Angel Reese3-PTMade0.5,WNBA,315793,Angel Reese,F,ATL,3-PT Made,0.5,TRUE,10/9/2026,12/30/1899,pre_game,WNBA,demon,https://static.prizepicks.com/images/manual/AngeelesReese.png,15544362,,,,,,,,,No,3.2,170.5,Dream @ Liberty,2026-10-09T23:30:00Z,Fri 07:30pm,N/A,N/A,ESPN2,,,10/9/2026,,,,,No,LVA,35.06,32,,,,0,11,-0.9556,under,0,-0.96,0.5,0,Push
Pauline Astier3-PTMade,Pauline Astier3-PTMade0.5,WNBA,317381,Pauline Astier,G,NYL,3-PT Made,0.5,TRUE,10/9/2026,12/30/1899,pre_game,WNBA,demon,https://static.prizepicks.com/images/manual/Pauline Astier.png,15544545,,,,,,,,,,,,Dream @ Liberty,2026-10-09T23:30:00Z,Fri 07:30pm,N/A,N/A,ESPN2,,,10/9/2026,,,,,No,,11.56,27,,,,0,,0,,0,0,0.5,0,Push
Jordin CanadaOffensiveRebounds,Jordin CanadaOffensiveRebounds0.5,WNBA,197522,Jordin Canada,G,ATL,Offensive Rebounds,0.5,TRUE,10/9/2026,12/30/1899,pre_game,WNBA,demon,https://static.prizepicks.com/images/players/WNBA/Jordin_Canada_WNBA_player_nideRIEvnxcNybRbajfbVawY.webp,15597588,,,,,,,,,No,3.2,170.5,Dream @ Liberty,2026-10-09T23:30:00Z,Fri 07:30pm,N/A,N/A,ESPN2,,,10/9/2026,,,,,No,LVA,32.25,31,,,,0,15,-0.12,under,0,-0.12,0.5,0,Push
Sabrina IonescuOffensiveRebounds,Sabrina IonescuOffensiveRebounds0.5,WNBA,237848,Sabrina Ionescu,G,NYL,Offensive Rebounds,0.5,TRUE,10/9/2026,12/30/1899,pre_game,WNBA,demon,https://static.prizepicks.com/images/players/WNBA/Sabrina_Ionescu_WNBA_player_P26gx0GUbxv35lMVCUU4z5Q5.webp,15597593,,,,,,,,,,,,Dream @ Liberty,2026-10-09T23:30:00Z,Fri 07:30pm,N/A,N/A,ESPN2,,,10/9/2026,,,,,No,,28.5,20,,,,0,,0,,0,0,0.5,0,Push
Jonquel JonesSteals,Jonquel JonesSteals0.5,WNBA,237849,Jonquel Jones,C,NYL,Steals,0.5,TRUE,10/9/2026,12/30/1899,pre_game,WNBA,demon,https://static.prizepicks.com/images/players/WNBA/Jonquel_Jones_WNBA_player_TqkCFBXssXmlPoyGSqO8lyJI.webp,15598472,,,,,,,,,,,,Dream @ Liberty,2026-10-09T23:30:00Z,Fri 07:30pm,N/A,N/A,ESPN2,,,10/9/2026,,,,,No,,34.15,29,,,,0,,0,,0,0,0.5,0,Push
A'ja WilsonPts+Rebs+Asts,A'ja WilsonPts+Rebs+Asts57.5,WNBA,237843,A'ja Wilson,C,LVA,Pts+Rebs+Asts,57.5,TRUE,10/9/2026,12/30/1899,pre_game,WNBA,demon,https://static.prizepicks.com/images/players/WNBA/A'ja_Wilson_WNBA_player_e1fzWnin9JBoRKYaugxyyP08.webp,15548422,39.5,50.47,49.53,-8.28,50.47,Over,https://www.freeiconspng.com/img/1934,,Yes,-4.5,156.6,Valkyries @ Aces,2026-10-10T01:30:00Z,Fri 09:30pm,N/A,N/A,Peacock/NBCSN,,,10/9/2026,39.5,,,,No,ATL,48.39,32,,100,,39.5,12,-0.0325,under,39.5,39.47,43.99,0,Push
A'ja WilsonFantasyScore,A'ja WilsonFantasyScore55.5,WNBA,237843,A'ja Wilson,C,LVA,Fantasy Score,55.5,TRUE,10/9/2026,12/30/1899,pre_game,WNBA,demon,https://static.prizepicks.com/images/players/WNBA/A'ja_Wilson_WNBA_player_e1fzWnin9JBoRKYaugxyyP08.webp,15563827,,,,,,Push,,,Yes,-4.5,156.6,Valkyries @ Aces,2026-10-10T01:30:00Z,Fri 09:30pm,N/A,N/A,Peacock/NBCSN,,,10/9/2026,48.39,,,,No,ATL,48.39,32,50,50,50,48.39,2,1.9156,over,48.39,50.31,50.43,49.55,Push
A'ja WilsonPts+Rebs,A'ja WilsonPts+Rebs54.5,WNBA,237843,A'ja Wilson,C,LVA,Pts+Rebs,54.5,TRUE,10/9/2026,12/30/1899,pre_game,WNBA,demon,https://static.prizepicks.com/images/players/WNBA/A'ja_Wilson_WNBA_player_e1fzWnin9JBoRKYaugxyyP08.webp,15548416,37.5,49.73,50.27,-4.68,50.27,Under,https://www.freeiconspng.com/img/1934,,Yes,-4.5,156.6,Valkyries @ Aces,2026-10-10T01:30:00Z,Fri 09:30pm,N/A,N/A,Peacock/NBCSN,,,10/9/2026,37.5,,,,No,ATL,48.39,32,,100,,37.5,12,-0.0325,under,37.5,37.47,41.74,0,Push
Gabby WilliamsPts+Rebs+Asts,Gabby WilliamsPts+Rebs+Asts46.5,WNBA,316568,Gabby Williams,F,GSV,Pts+Rebs+Asts,46.5,TRUE,10/9/2026,12/30/1899,pre_game,WNBA,demon,https://static.prizepicks.com/images/manual/Gabby Williams .png,15592402,27.5,48.59,51.41,-6.4,51.41,Under,https://www.freeiconspng.com/img/1934,,,,,Valkyries @ Aces,2026-10-10T01:30:00Z,Fri 09:30pm,N/A,N/A,Peacock/NBCSN,,,10/9/2026,27.5,,,,No,,31.53,30,,100,,27.5,,0,,27.5,27.5,32.25,0,Push
Jackie YoungPts+Rebs+Asts,Jackie YoungPts+Rebs+Asts45.5,WNBA,237846,Jackie Young,G,LVA,Pts+Rebs+Asts,45.5,TRUE,10/9/2026,12/30/1899,pre_game,WNBA,demon,https://static.prizepicks.com/images/players/WNBA/Jackie_Young_WNBA_player_xMYZ7NbkZrdioerQcMdWBKG9.webp,15598826,29.5,51.09,48.91,,51.09,Over,https://www.freeiconspng.com/img/1934,,Yes,-4.5,156.6,Valkyries @ Aces,2026-10-10T01:30:00Z,Fri 09:30pm,N/A,N/A,Peacock/NBCSN,,,10/9/2026,29.5,,,,No,ATL,33.24,31,,100,,29.5,12,-0.0325,under,29.5,29.47,33.49,0,Push
A'ja WilsonPts+Asts,A'ja WilsonPts+Asts44.5,WNBA,237843,A'ja Wilson,C,LVA,Pts+Asts,44.5,TRUE,10/9/2026,12/30/1899,pre_game,WNBA,demon,https://static.prizepicks.com/images/players/WNBA/A'ja_Wilson_WNBA_player_e1fzWnin9JBoRKYaugxyyP08.webp,15548185,29.5,51.17,48.83,-5.73,51.17,Over,https://www.freeiconspng.com/img/1934,,Yes,-4.5,156.6,Valkyries @ Aces,2026-10-10T01:30:00Z,Fri 09:30pm,N/A,N/A,Peacock/NBCSN,,,10/9/2026,29.5,,,,No,ATL,48.39,32,,100,,29.5,2,1.9156,over,29.5,31.42,33.73,0,Push
A'ja WilsonPts+Rebs,A'ja WilsonPts+Rebs44.5,WNBA,237843,A'ja Wilson,C,LVA,Pts+Rebs,44.5,TRUE,10/9/2026,12/30/1899,pre_game,WNBA,demon,https://static.prizepicks.com/images/players/WNBA/A'ja_Wilson_WNBA_player_e1fzWnin9JBoRKYaugxyyP08.webp,15548196,37.5,49.73,50.27,-4.68,50.27,Under,https://www.freeiconspng.com/img/1934,,Yes,-4.5,156.6,Valkyries @ Aces,2026-10-10T01:30:00Z,Fri 09:30pm,N/A,N/A,Peacock/NBCSN,,,10/9/2026,37.5,,,,No,ATL,48.39,32,,100,,37.5,12,-0.0325,under,37.5,37.47,39.24,0,Push
A'ja WilsonPts+Rebs+Asts,A'ja WilsonPts+Rebs+Asts44.5,WNBA,237843,A'ja Wilson,C,LVA,Pts+Rebs+Asts,44.5,TRUE,10/9/2026,12/30/1899,pre_game,WNBA,demon,https://static.prizepicks.com/images/players/WNBA/A'ja_Wilson_WNBA_player_e1fzWnin9JBoRKYaugxyyP08.webp,15548245,39.5,50.47,49.53,-8.28,50.47,Over,https://www.freeiconspng.com/img/1934,,Yes,-4.5,156.6,Valkyries @ Aces,2026-10-10T01:30:00Z,Fri 09:30pm,N/A,N/A,Peacock/NBCSN,,,10/9/2026,39.5,,,,No,ATL,48.39,32,,100,,39.5,12,-0.0325,under,39.5,39.47,40.74,0,Push
A'ja WilsonPoints,A'ja WilsonPoints44.5,WNBA,237843,A'ja Wilson,C,LVA,Points,44.5,TRUE,10/9/2026,12/30/1899,pre_game,WNBA,demon,https://static.prizepicks.com/images/players/WNBA/A'ja_Wilson_WNBA_player_e1fzWnin9JBoRKYaugxyyP08.webp,15548796,27.5,48.08,51.92,-5.89,51.92,Under,https://www.freeiconspng.com/img/1934,,Yes,-4.5,156.6,Valkyries @ Aces,2026-10-10T01:30:00Z,Fri 09:30pm,N/A,N/A,Peacock/NBCSN,,,10/9/2026,27.5,,,,No,ATL,48.39,32,,100,,27.5,4,0.2078,over,27.5,27.71,30.94,27.5,Best Bet
A'ja WilsonPts+Rebs+Asts,A'ja WilsonPts+Rebs+Asts41.5,WNBA,237843,A'ja Wilson,C,LVA,Pts+Rebs+Asts,41.5,TRUE,10/9/2026,12/30/1899,pre_game,WNBA,demon,https://static.prizepicks.com/images/players/WNBA/A'ja_Wilson_WNBA_player_e1fzWnin9JBoRKYaugxyyP08.webp,15548753,39.5,50.47,49.53,-8.28,50.47,Over,https://www.freeiconspng.com/img/1934,,Yes,-4.5,156.6,Valkyries @ Aces,2026-10-10T01:30:00Z,Fri 09:30pm,N/A,N/A,Peacock/NBCSN,,,10/9/2026,39.5,,,,No,ATL,48.39,32,,100,,39.5,12,-0.0325,under,39.5,39.47,39.99,0,Push
Gabby WilliamsFantasyScore,Gabby WilliamsFantasyScore40,WNBA,316568,Gabby Williams,F,GSV,Fantasy Score,40,TRUE,10/9/2026,12/30/1899,pre_game,WNBA,demon,https://static.prizepicks.com/images/manual/Gabby Williams .png,15563825,,,,,,Push,,,,,,Valkyries @ Aces,2026-10-10T01:30:00Z,Fri 09:30pm,N/A,N/A,Peacock/NBCSN,,,10/9/2026,31.53,,,,No,,31.53,30,50,50,50,31.53,,0,,31.53,31.53,33.83,34.55,Push
Jackie YoungFantasyScore,Jackie YoungFantasyScore40,WNBA,237846,Jackie Young,G,LVA,Fantasy Score,40,TRUE,10/9/2026,12/30/1899,pre_game,WNBA,demon,https://static.prizepicks.com/images/players/WNBA/Jackie_Young_WNBA_player_xMYZ7NbkZrdioerQcMdWBKG9.webp,15563835,,,,,,Push,,,Yes,-4.5,156.6,Valkyries @ Aces,2026-10-10T01:30:00Z,Fri 09:30pm,N/A,N/A,Peacock/NBCSN,,,10/9/2026,33.24,,,,No,ATL,33.24,31,50,50,50,33.24,2,1.9156,over,33.24,35.16,35.64,36.55,Push
A'ja WilsonPoints,A'ja WilsonPoints39.5,WNBA,237843,A'ja Wilson,C,LVA,Points,39.5,TRUE,10/9/2026,12/30/1899,pre_game,WNBA,demon,https://static.prizepicks.com/images/players/WNBA/A'ja_Wilson_WNBA_player_e1fzWnin9JBoRKYaugxyyP08.webp,15547922,27.5,48.08,51.92,-5.89,51.92,Under,https://www.freeiconspng.com/img/1934,,Yes,-4.5,156.6,Valkyries @ Aces,2026-10-10T01:30:00Z,Fri 09:30pm,N/A,N/A,Peacock/NBCSN,,,10/9/2026,27.5,,,,No,ATL,48.39,32,,100,,27.5,4,0.2078,over,27.5,27.71,29.94,27.5,Best Bet
Gabby WilliamsPts+Rebs,Gabby WilliamsPts+Rebs39.5,WNBA,316568,Gabby Williams,F,GSV,Pts+Rebs,39.5,TRUE,10/9/2026,12/30/1899,pre_game,WNBA,demon,https://static.prizepicks.com/images/manual/Gabby Williams .png,15548178,23.5,49.74,50.26,-4.49,50.26,Under,https://www.freeiconspng.com/img/1934,,,,,Valkyries @ Aces,2026-10-10T01:30:00Z,Fri 09:30pm,N/A,N/A,Peacock/NBCSN,,,10/9/2026,23.5,,,,No,,31.53,30,,100,,23.5,,0,,23.5,23.5,27.5,0,Push
Jackie YoungPts+Rebs,Jackie YoungPts+Rebs39.5,WNBA,237846,Jackie Young,G,LVA,Pts+Rebs,39.5,TRUE,10/9/2026,12/30/1899,pre_game,WNBA,demon,https://static.prizepicks.com/images/players/WNBA/Jackie_Young_WNBA_player_xMYZ7NbkZrdioerQcMdWBKG9.webp,15548219,23.5,49.6,50.4,-5.16,50.4,Under,https://www.freeiconspng.com/img/1934,,Yes,-4.5,156.6,Valkyries @ Aces,2026-10-10T01:30:00Z,Fri 09:30pm,N/A,N/A,Peacock/NBCSN,,,10/9/2026,23.5,,,,No,ATL,33.24,31,,100,,23.5,12,-0.0325,under,23.5,23.47,27.49,0,Push
A'ja WilsonPts+Rebs,A'ja WilsonPts+Rebs39.5,WNBA,237843,A'ja Wilson,C,LVA,Pts+Rebs,39.5,TRUE,10/9/2026,12/30/1899,pre_game,WNBA,demon,https://static.prizepicks.com/images/players/WNBA/A'ja_Wilson_WNBA_player_e1fzWnin9JBoRKYaugxyyP08.webp,15548266,37.5,49.73,50.27,-4.68,50.27,Under,https://www.freeiconspng.com/img/1934,,Yes,-4.5,156.6,Valkyries @ Aces,2026-10-10T01:30:00Z,Fri 09:30pm,N/A,N/A,Peacock/NBCSN,,,10/9/2026,37.5,,,,No,ATL,48.39,32,,100,,37.5,12,-0.0325,under,37.5,37.47,37.99,0,Push
A'ja WilsonPts+Asts,A'ja WilsonPts+Asts39.5,WNBA,237843,A'ja Wilson,C,LVA,Pts+Asts,39.5,TRUE,10/9/2026,12/30/1899,pre_game,WNBA,demon,https://static.prizepicks.com/images/players/WNBA/A'ja_Wilson_WNBA_player_e1fzWnin9JBoRKYaugxyyP08.webp,15548420,29.5,51.17,48.83,-5.73,51.17,Over,https://www.freeiconspng.com/img/1934,,Yes,-4.5,156.6,Valkyries @ Aces,2026-10-10T01:30:00Z,Fri 09:30pm,N/A,N/A,Peacock/NBCSN,,,10/9/2026,29.5,,,,No,ATL,48.39,32,,100,,29.5,2,1.9156,over,29.5,31.42,32.48,0,Push
Jackie YoungPts+Asts,Jackie YoungPts+Asts39.5,WNBA,237846,Jackie Young,G,LVA,Pts+Asts,39.5,TRUE,10/9/2026,12/30/1899,pre_game,WNBA,demon,https://static.prizepicks.com/images/players/WNBA/Jackie_Young_WNBA_player_xMYZ7NbkZrdioerQcMdWBKG9.webp,15548421,25.5,49.93,50.07,-4.88,50.07,Under,https://www.freeiconspng.com/img/1934,,Yes,-4.5,156.6,Valkyries @ Aces,2026-10-10T01:30:00Z,Fri 09:30pm,N/A,N/A,Peacock/NBCSN,,,10/9/2026,25.5,,,,No,ATL,33.24,31,,100,,25.5,2,1.9156,over,25.5,27.42,29.48,0,Push
Gabby WilliamsPts+Asts,Gabby WilliamsPts+Asts34.5,WNBA,316568,Gabby Williams,F,GSV,Pts+Asts,34.5,TRUE,10/9/2026,12/30/1899,pre_game,WNBA,demon,https://static.prizepicks.com/images/manual/Gabby Williams .png,15548140,22.5,49.74,50.26,-4.9,50.26,Under,https://www.freeiconspng.com/img/1934,,,,,Valkyries @ Aces,2026-10-10T01:30:00Z,Fri 09:30pm,N/A,N/A,Peacock/NBCSN,,,10/9/2026,22.5,,,,No,,31.53,30,,100,,22.5,,0,,22.5,22.5,25.5,0,Push
Gabby WilliamsPts+Rebs+Asts,Gabby WilliamsPts+Rebs+Asts34.5,WNBA,316568,Gabby Williams,F,GSV,Pts+Rebs+Asts,34.5,TRUE,10/9/2026,12/30/1899,pre_game,WNBA,demon,https://static.prizepicks.com/images/manual/Gabby Williams .png,15548164,27.5,48.59,51.41,-6.4,51.41,Under,https://www.freeiconspng.com/img/1934,,,,,Valkyries @ Aces,2026-10-10T01:30:00Z,Fri 09:30pm,N/A,N/A,Peacock/NBCSN,,,10/9/2026,27.5,,,,No,,31.53,30,,100,,27.5,,0,,27.5,27.5,29.25,0,Push
A'ja WilsonPts+Asts,A'ja WilsonPts+Asts34.5,WNBA,237843,A'ja Wilson,C,LVA,Pts+Asts,34.5,TRUE,10/9/2026,12/30/1899,pre_game,WNBA,demon,https://static.prizepicks.com/images/players/WNBA/A'ja_Wilson_WNBA_player_e1fzWnin9JBoRKYaugxyyP08.webp,15548210,29.5,51.17,48.83,-5.73,51.17,Over,https://www.freeiconspng.com/img/1934,,Yes,-4.5,156.6,Valkyries @ Aces,2026-10-10T01:30:00Z,Fri 09:30pm,N/A,N/A,Peacock/NBCSN,,,10/9/2026,29.5,,,,No,ATL,48.39,32,,100,,29.5,2,1.9156,over,29.5,31.42,31.23,0,Push
Jackie YoungPts+Asts,Jackie YoungPts+Asts34.5,WNBA,237846,Jackie Young,G,LVA,Pts+Asts,34.5,TRUE,10/9/2026,12/30/1899,pre_game,WNBA,demon,https://static.prizepicks.com/images/players/WNBA/Jackie_Young_WNBA_player_xMYZ7NbkZrdioerQcMdWBKG9.webp,15548230,25.5,49.93,50.07,-4.88,50.07,Under,https://www.freeiconspng.com/img/1934,,Yes,-4.5,156.6,Valkyries @ Aces,2026-10-10T01:30:00Z,Fri 09:30pm,N/A,N/A,Peacock/NBCSN,,,10/9/2026,25.5,,,,No,ATL,33.24,31,,100,,25.5,2,1.9156,over,25.5,27.42,28.23,0,Push
Jackie YoungPts+Rebs+Asts,Jackie YoungPts+Rebs+Asts34.5,WNBA,237846,Jackie Young,G,LVA,Pts+Rebs+Asts,34.5,TRUE,10/9/2026,12/30/1899,pre_game,WNBA,demon,https://static.prizepicks.com/images/players/WNBA/Jackie_Young_WNBA_player_xMYZ7NbkZrdioerQcMdWBKG9.webp,15548263,29.5,51.09,48.91,,51.09,Over,https://www.freeiconspng.com/img/1934,,Yes,-4.5,156.6,Valkyries @ Aces,2026-10-10T01:30:00Z,Fri 09:30pm,N/A,N/A,Peacock/NBCSN,,,10/9/2026,29.5,,,,No,ATL,33.24,31,,100,,29.5,12,-0.0325,under,29.5,29.47,30.74,0,Push
Jackie YoungPoints,Jackie YoungPoints34.5,WNBA,237846,Jackie Young,G,LVA,Points,34.5,TRUE,10/9/2026,12/30/1899,pre_game,WNBA,demon,https://static.prizepicks.com/images/players/WNBA/Jackie_Young_WNBA_player_xMYZ7NbkZrdioerQcMdWBKG9.webp,15548409,19.5,47.11,52.89,-4.92,52.89,Under,https://www.freeiconspng.com/img/1934,,Yes,-4.5,156.6,Valkyries @ Aces,2026-10-10T01:30:00Z,Fri 09:30pm,N/A,N/A,Peacock/NBCSN,,,10/9/2026,19.5,,,,No,ATL,33.24,31,,100,,19.5,4,0.2078,over,19.5,19.71,22.54,19.5,Best Bet
Chelsea GrayPts+Rebs+Asts,Chelsea GrayPts+Rebs+Asts34.5,WNBA,237845,Chelsea Gray,G,LVA,Pts+Rebs+Asts,34.5,TRUE,10/9/2026,12/30/1899,pre_game,WNBA,demon,https://static.prizepicks.com/images/players/WNBA/Chelsea_Gray_WNBA_player_GHqO0xzbwyTjQ6fOf5m0CHE4.webp,15548757,21.5,50.08,49.92,-7.89,50.08,Over,https://www.freeiconspng.com/img/1934,,Yes,-4.5,156.6,Valkyries @ Aces,2026-10-10T01:30:00Z,Fri 09:30pm,N/A,N/A,Peacock/NBCSN,,,10/9/2026,21.5,,,,No,ATL,26.17,32,,100,,21.5,12,-0.0325,under,21.5,21.47,24.74,0,Push
Gabby WilliamsPoints,Gabby WilliamsPoints33.5,WNBA,316568,Gabby Williams,F,GSV,Points,33.5,TRUE,10/9/2026,12/30/1899,pre_game,WNBA,demon,https://static.prizepicks.com/images/manual/Gabby Williams .png,15548799,19.25,46.73,53.27,,53.27,Under,https://www.freeiconspng.com/img/1934,,,,,Valkyries @ Aces,2026-10-10T01:30:00Z,Fri 09:30pm,N/A,N/A,Peacock/NBCSN,,,10/9/2026,19.25,,,,No,,31.53,30,,100,,19.25,,0,,19.25,19.25,22.15,19.5,Best Bet
Chelsea GrayFantasyScore,Chelsea GrayFantasyScore33.5,WNBA,237845,Chelsea Gray,G,LVA,Fantasy Score,33.5,TRUE,10/9/2026,12/30/1899,pre_game,WNBA,demon,https://static.prizepicks.com/images/players/WNBA/Chelsea_Gray_WNBA_player_GHqO0xzbwyTjQ6fOf5m0CHE4.webp,15563830,,,,,,Push,,,Yes,-4.5,156.6,Valkyries @ Aces,2026-10-10T01:30:00Z,Fri 09:30pm,N/A,N/A,Peacock/NBCSN,,,10/9/2026,26.17,,,,No,ATL,26.17,32,50,50,50,26.17,2,1.9156,over,26.17,28.09,28.5,28.55,Push
Veronica BurtonPts+Rebs+Asts,Veronica BurtonPts+Rebs+Asts32.5,WNBA,238261,Veronica Burton,G,GSV,Pts+Rebs+Asts,32.5,TRUE,10/9/2026,12/30/1899,pre_game,WNBA,demon,https://static.prizepicks.com/images/players/WNBA/Veronica_Burton_WNBA_player_PgQhWXIUPjwd5ndjpucEaD8E.webp,15548074,18.5,50.5,49.5,,50.5,Over,https://www.freeiconspng.com/img/1934,,,,,Valkyries @ Aces,2026-10-10T01:30:00Z,Fri 09:30pm,N/A,N/A,Peacock/NBCSN,,,10/9/2026,18.5,,,,No,,24.61,31,,100,,18.5,,0,,18.5,18.5,22,0,Push
Jackie YoungPts+Rebs+Asts,Jackie YoungPts+Rebs+Asts31.5,WNBA,237846,Jackie Young,G,LVA,Pts+Rebs+Asts,31.5,TRUE,10/9/2026,12/30/1899,pre_game,WNBA,demon,https://static.prizepicks.com/images/players/WNBA/Jackie_Young_WNBA_player_xMYZ7NbkZrdioerQcMdWBKG9.webp,15548752,29.5,51.09,48.91,,51.09,Over,https://www.freeiconspng.com/img/1934,,Yes,-4.5,156.6,Valkyries @ Aces,2026-10-10T01:30:00Z,Fri 09:30pm,N/A,N/A,Peacock/NBCSN,,,10/9/2026,29.5,,,,No,ATL,33.24,31,,100,,29.5,12,-0.0325,under,29.5,29.47,29.99,0,Push
Kayla ThorntonPts+Rebs+Asts,Kayla ThorntonPts+Rebs+Asts30.5,WNBA,238102,Kayla Thornton,F,GSV,Pts+Rebs+Asts,30.5,TRUE,10/9/2026,12/30/1899,pre_game,WNBA,demon,https://static.prizepicks.com/images/players/WNBA/Kayla_Thornton_WNBA_player_LW0QKyGiDE0bVq5F3TkgEtm8.webp,15548108,12.5,52.42,47.58,-10.23,52.42,Over,https://www.freeiconspng.com/img/1934,,,,,Valkyries @ Aces,2026-10-10T01:30:00Z,Fri 09:30pm,N/A,N/A,Peacock/NBCSN,,,10/9/2026,12.5,,,,No,,18,28,,100,,12.5,,0,,12.5,12.5,17,0,Push
Tiffany HayesPts+Rebs+Asts,Tiffany HayesPts+Rebs+Asts30.5,WNBA,238101,Tiffany Hayes,G,GSV,Pts+Rebs+Asts,30.5,TRUE,10/9/2026,12/30/1899,pre_game,WNBA,demon,https://static.prizepicks.com/images/players/WNBA/Tiffany_Hayes_WNBA_player_JZ73QF6RKriqG7DeqAWWKcDH.webp,15548791,12.94,48.55,51.45,-6.36,51.45,Under,https://www.freeiconspng.com/img/1934,,,,,Valkyries @ Aces,2026-10-10T01:30:00Z,Fri 09:30pm,N/A,N/A,Peacock/NBCSN,,,10/9/2026,12.94,,,,No,,14.27,20,,100,,12.94,,0,,12.94,12.94,17.33,0,Push
Veronica BurtonFantasyScore,Veronica BurtonFantasyScore30.5,WNBA,238261,Veronica Burton,G,GSV,Fantasy Score,30.5,TRUE,10/9/2026,12/30/1899,pre_game,WNBA,demon,https://static.prizepicks.com/images/players/WNBA/Veronica_Burton_WNBA_player_PgQhWXIUPjwd5ndjpucEaD8E.webp,15563850,,,,,,Push,,,,,,Valkyries @ Aces,2026-10-10T01:30:00Z,Fri 09:30pm,N/A,N/A,Peacock/NBCSN,,,10/9/2026,24.61,,,,No,,24.61,31,50,50,50,24.61,,0,,24.61,24.61,25.78,24.55,Push
Gabby WilliamsPoints,Gabby WilliamsPoints29.5,WNBA,316568,Gabby Williams,F,GSV,Points,29.5,TRUE,10/9/2026,12/30/1899,pre_game,WNBA,demon,https://static.prizepicks.com/images/manual/Gabby Williams .png,15547913,19.25,46.73,53.27,,53.27,Under,https://www.freeiconspng.com/img/1934,,,,,Valkyries @ Aces,2026-10-10T01:30:00Z,Fri 09:30pm,N/A,N/A,Peacock/NBCSN,,,10/9/2026,19.25,,,,No,,31.53,30,,100,,19.25,,0,,19.25,19.25,21.35,19.5,Best Bet
A'ja WilsonPoints,A'ja WilsonPoints29.5,WNBA,237843,A'ja Wilson,C,LVA,Points,29.5,TRUE,10/9/2026,12/30/1899,pre_game,WNBA,demon,https://static.prizepicks.com/images/players/WNBA/A'ja_Wilson_WNBA_player_e1fzWnin9JBoRKYaugxyyP08.webp,15547925,27.5,48.08,51.92,-5.89,51.92,Under,https://www.freeiconspng.com/img/1934,,Yes,-4.5,156.6,Valkyries @ Aces,2026-10-10T01:30:00Z,Fri 09:30pm,N/A,N/A,Peacock/NBCSN,,,10/9/2026,27.5,,,,No,ATL,48.39,32,,100,,27.5,4,0.2078,over,27.5,27.71,27.94,27.5,Best Bet
Jackie YoungPoints,Jackie YoungPoints29.5,WNBA,237846,Jackie Young,G,LVA,Points,29.5,TRUE,10/9/2026,12/30/1899,pre_game,WNBA,demon,https://static.prizepicks.com/images/players/WNBA/Jackie_Young_WNBA_player_xMYZ7NbkZrdioerQcMdWBKG9.webp,15548033,19.5,47.11,52.89,-4.92,52.89,Under,https://www.freeiconspng.com/img/1934,,Yes,-4.5,156.6,Valkyries @ Aces,2026-10-10T01:30:00Z,Fri 09:30pm,N/A,N/A,Peacock/NBCSN,,,10/9/2026,19.5,,,,No,ATL,33.24,31,,100,,19.5,4,0.2078,over,19.5,19.71,21.54,19.5,Best Bet
Gabby WilliamsPts+Asts,Gabby WilliamsPts+Asts29.5,WNBA,316568,Gabby Williams,F,GSV,Pts+Asts,29.5,TRUE,10/9/2026,12/30/1899,pre_game,WNBA,demon,https://static.prizepicks.com/images/manual/Gabby Williams .png,15548141,22.5,49.74,50.26,-4.9,50.26,Under,https://www.freeiconspng.com/img/1934,,,,,Valkyries @ Aces,2026-10-10T01:30:00Z,Fri 09:30pm,N/A,N/A,Peacock/NBCSN,,,10/9/2026,22.5,,,,No,,31.53,30,,100,,22.5,,0,,22.5,22.5,24.25,0,Push
Gabby WilliamsPts+Rebs,Gabby WilliamsPts+Rebs29.5,WNBA,316568,Gabby Williams,F,GSV,Pts+Rebs,29.5,TRUE,10/9/2026,12/30/1899,pre_game,WNBA,demon,https://static.prizepicks.com/images/manual/Gabby Williams .png,15548156,23.5,49.74,50.26,-4.49,50.26,Under,https://www.freeiconspng.com/img/1934,,,,,Valkyries @ Aces,2026-10-10T01:30:00Z,Fri 09:30pm,N/A,N/A,Peacock/NBCSN,,,10/9/2026,23.5,,,,No,,31.53,30,,100,,23.5,,0,,23.5,23.5,25,0,Push
Jackie YoungPts+Asts,Jackie YoungPts+Asts29.5,WNBA,237846,Jackie Young,G,LVA,Pts+Asts,29.5,TRUE,10/9/2026,12/30/1899,pre_game,WNBA,demon,https://static.prizepicks.com/images/players/WNBA/Jackie_Young_WNBA_player_xMYZ7NbkZrdioerQcMdWBKG9.webp,15548190,25.5,49.93,50.07,-4.88,50.07,Under,https://www.freeiconspng.com/img/1934,,Yes,-4.5,156.6,Valkyries @ Aces,2026-10-10T01:30:00Z,Fri 09:30pm,N/A,N/A,Peacock/NBCSN,,,10/9/2026,25.5,,,,No,ATL,33.24,31,,100,,25.5,2,1.9156,over,25.5,27.42,26.98,0,Push
Jackie YoungPts+Rebs,Jackie YoungPts+Rebs29.5,WNBA,237846,Jackie Young,G,LVA,Pts+Rebs,29.5,TRUE,10/9/2026,12/30/1899,pre_game,WNBA,demon,https://static.prizepicks.com/images/players/WNBA/Jackie_Young_WNBA_player_xMYZ7NbkZrdioerQcMdWBKG9.webp,15548221,23.5,49.6,50.4,-5.16,50.4,Under,https://www.freeiconspng.com/img/1934,,Yes,-4.5,156.6,Valkyries @ Aces,2026-10-10T01:30:00Z,Fri 09:30pm,N/A,N/A,Peacock/NBCSN,,,10/9/2026,23.5,,,,No,ATL,33.24,31,,100,,23.5,12,-0.0325,under,23.5,23.47,24.99,0,Push
Chelsea GrayPts+Asts,Chelsea GrayPts+Asts29.5,WNBA,237845,Chelsea Gray,G,LVA,Pts+Asts,29.5,TRUE,10/9/2026,12/30/1899,pre_game,WNBA,demon,https://static.prizepicks.com/images/players/WNBA/Chelsea_Gray_WNBA_player_GHqO0xzbwyTjQ6fOf5m0CHE4.webp,15548419,18.5,47.55,52.45,-5.88,52.45,Under,https://www.freeiconspng.com/img/1934,,Yes,-4.5,156.6,Valkyries @ Aces,2026-10-10T01:30:00Z,Fri 09:30pm,N/A,N/A,Peacock/NBCSN,,,10/9/2026,18.5,,,,No,ATL,26.17,32,,100,,18.5,2,1.9156,over,18.5,20.42,21.73,0,Push
A'ja WilsonPoints,A'ja WilsonPoints28.5,WNBA,237843,A'ja Wilson,C,LVA,Points,28.5,TRUE,10/9/2026,12/30/1899,pre_game,WNBA,demon,https://static.prizepicks.com/images/players/WNBA/A'ja_Wilson_WNBA_player_e1fzWnin9JBoRKYaugxyyP08.webp,15548394,27.5,48.08,51.92,-5.89,51.92,Under,https://www.freeiconspng.com/img/1934,,Yes,-4.5,156.6,Valkyries @ Aces,2026-10-10T01:30:00Z,Fri 09:30pm,N/A,N/A,Peacock/NBCSN,,,10/9/2026,27.5,,,,No,ATL,48.39,32,,100,,27.5,4,0.2078,over,27.5,27.71,27.74,27.5,Best Bet
Gabby WilliamsPts+Rebs+Asts,Gabby WilliamsPts+Rebs+Asts28.5,WNBA,316568,Gabby Williams,F,GSV,Pts+Rebs+Asts,28.5,TRUE,10/9/2026,12/30/1899,pre_game,WNBA,demon,https://static.prizepicks.com/images/manual/Gabby Williams .png,15584333,27.5,48.59,51.41,-6.4,51.41,Under,https://www.freeiconspng.com/img/1934,,,,,Valkyries @ Aces,2026-10-10T01:30:00Z,Fri 09:30pm,N/A,N/A,Peacock/NBCSN,,,10/9/2026,27.5,,,,No,,31.53,30,,100,,27.5,,0,,27.5,27.5,27.75,0,Push
Kiah StokesFantasyScore,Kiah StokesFantasyScore25,WNBA,317423,Kiah Stokes,C,GSV,Fantasy Score,25,TRUE,10/9/2026,12/30/1899,pre_game,WNBA,demon,https://static.prizepicks.com/images/players/WNBA/Kiah_Stokes_WNBA_player_ndf93Nxv7e15yD38rl5xBPni.webp,15563823,,,,,,Push,,,,,,Valkyries @ Aces,2026-10-10T01:30:00Z,Fri 09:30pm,N/A,N/A,Peacock/NBCSN,,,10/9/2026,20.32,,,,No,,20.32,21,50,50,50,20.32,,0,,20.32,20.32,21.2,20.05,Push
Gabby WilliamsPoints,Gabby WilliamsPoints24.5,WNBA,316568,Gabby Williams,F,GSV,Points,24.5,TRUE,10/9/2026,12/30/1899,pre_game,WNBA,demon,https://static.prizepicks.com/images/manual/Gabby Williams .png,15547978,19.25,46.73,53.27,,53.27,Under,https://www.freeiconspng.com/img/1934,,,,,Valkyries @ Aces,2026-10-10T01:30:00Z,Fri 09:30pm,N/A,N/A,Peacock/NBCSN,,,10/9/2026,19.25,,,,No,,31.53,30,,100,,19.25,,0,,19.25,19.25,20.35,19.5,Best Bet
Jackie YoungPoints,Jackie YoungPoints24.5,WNBA,237846,Jackie Young,G,LVA,Points,24.5,TRUE,10/9/2026,12/30/1899,pre_game,WNBA,demon,https://static.prizepicks.com/images/players/WNBA/Jackie_Young_WNBA_player_xMYZ7NbkZrdioerQcMdWBKG9.webp,15548034,19.5,47.11,52.89,-4.92,52.89,Under,https://www.freeiconspng.com/img/1934,,Yes,-4.5,156.6,Valkyries @ Aces,2026-10-10T01:30:00Z,Fri 09:30pm,N/A,N/A,Peacock/NBCSN,,,10/9/2026,19.5,,,,No,ATL,33.24,31,,100,,19.5,4,0.2078,over,19.5,19.71,20.54,19.5,Best Bet
Veronica BurtonPts+Rebs+Asts,Veronica BurtonPts+Rebs+Asts24.5,WNBA,238261,Veronica Burton,G,GSV,Pts+Rebs+Asts,24.5,TRUE,10/9/2026,12/30/1899,pre_game,WNBA,demon,https://static.prizepicks.com/images/players/WNBA/Veronica_Burton_WNBA_player_PgQhWXIUPjwd5ndjpucEaD8E.webp,15548095,18.5,50.5,49.5,,50.5,Over,https://www.freeiconspng.com/img/1934,,,,,Valkyries @ Aces,2026-10-10T01:30:00Z,Fri 09:30pm,N/A,N/A,Peacock/NBCSN,,,10/9/2026,18.5,,,,No,,24.61,31,,100,,18.5,,0,,18.5,18.5,20,0,Push
Gabby WilliamsPts+Asts,Gabby WilliamsPts+Asts24.5,WNBA,316568,Gabby Williams,F,GSV,Pts+Asts,24.5,TRUE,10/9/2026,12/30/1899,pre_game,WNBA,demon,https://static.prizepicks.com/images/manual/Gabby Williams .png,15548097,22.5,49.74,50.26,-4.9,50.26,Under,https://www.freeiconspng.com/img/1934,,,,,Valkyries @ Aces,2026-10-10T01:30:00Z,Fri 09:30pm,N/A,N/A,Peacock/NBCSN,,,10/9/2026,22.5,,,,No,,31.53,30,,100,,22.5,,0,,22.5,22.5,23,0,Push
Veronica BurtonPts+Rebs,Veronica BurtonPts+Rebs24.5,WNBA,238261,Veronica Burton,G,GSV,Pts+Rebs,24.5,TRUE,10/9/2026,12/30/1899,pre_game,WNBA,demon,https://static.prizepicks.com/images/players/WNBA/Veronica_Burton_WNBA_player_PgQhWXIUPjwd5ndjpucEaD8E.webp,15548110,13.5,50.4,49.6,-3.73,50.4,Over,https://www.freeiconspng.com/img/1934,,,,,Valkyries @ Aces,2026-10-10T01:30:00Z,Fri 09:30pm,N/A,N/A,Peacock/NBCSN,,,10/9/2026,13.5,,,,No,,24.61,31,,100,,13.5,,0,,13.5,13.5,16.25,0,Push
Cecilia ZandalasiniPts+Rebs+Asts,Cecilia ZandalasiniPts+Rebs+Asts24.5,WNBA,249153,Cecilia Zandalasini,F,GSV,Pts+Rebs+Asts,24.5,TRUE,10/9/2026,12/30/1899,pre_game,WNBA,demon,https://static.prizepicks.com/images/players/WNBA/Cecilia_Zandalasini_WNBA_player_J9EZms55fyBgGOFTRR36l10v.webp,15548113,9.69,51.94,48.06,,51.94,Over,https://www.freeiconspng.com/img/1934,,,,,Valkyries @ Aces,2026-10-10T01:30:00Z,Fri 09:30pm,N/A,N/A,Peacock/NBCSN,,,10/9/2026,9.69,,,,No,,11.81,17,,100,,9.69,,0,,9.69,9.69,13.39,0,Push
Veronica BurtonPts+Asts,Veronica BurtonPts+Asts24.5,WNBA,238261,Veronica Burton,G,GSV,Pts+Asts,24.5,TRUE,10/9/2026,12/30/1899,pre_game,WNBA,demon,https://static.prizepicks.com/images/players/WNBA/Veronica_Burton_WNBA_player_PgQhWXIUPjwd5ndjpucEaD8E.webp,15548145,15.5,48.5,51.5,-5.76,51.5,Under,https://www.freeiconspng.com/img/1934,,,,,Valkyries @ Aces,2026-10-10T01:30:00Z,Fri 09:30pm,N/A,N/A,Peacock/NBCSN,,,10/9/2026,15.5,,,,No,,24.61,31,,100,,15.5,,0,,15.5,15.5,17.75,0,Push
Gabby WilliamsPts+Rebs,Gabby WilliamsPts+Rebs24.5,WNBA,316568,Gabby Williams,F,GSV,Pts+Rebs,24.5,TRUE,10/9/2026,12/30/1899,pre_game,WNBA,demon,https://static.prizepicks.com/images/manual/Gabby Williams .png,15548157,23.5,49.74,50.26,-4.49,50.26,Under,https://www.freeiconspng.com/img/1934,,,,,Valkyries @ Aces,2026-10-10T01:30:00Z,Fri 09:30pm,N/A,N/A,Peacock/NBCSN,,,10/9/2026,23.5,,,,No,,31.53,30,,100,,23.5,,0,,23.5,23.5,23.75,0,Push
Jackie YoungPts+Rebs,Jackie YoungPts+Rebs24.5,WNBA,237846,Jackie Young,G,LVA,Pts+Rebs,24.5,TRUE,10/9/2026,12/30/1899,pre_game,WNBA,demon,https://static.prizepicks.com/images/players/WNBA/Jackie_Young_WNBA_player_xMYZ7NbkZrdioerQcMdWBKG9.webp,15548191,23.5,49.6,50.4,-5.16,50.4,Under,https://www.freeiconspng.com/img/1934,,Yes,-4.5,156.6,Valkyries @ Aces,2026-10-10T01:30:00Z,Fri 09:30pm,N/A,N/A,Peacock/NBCSN,,,10/9/2026,23.5,,,,No,ATL,33.24,31,,100,,23.5,12,-0.0325,under,23.5,23.47,23.74,0,Push
Chelsea GrayPts+Asts,Chelsea GrayPts+Asts24.5,WNBA,237845,Chelsea Gray,G,LVA,Pts+Asts,24.5,TRUE,10/9/2026,12/30/1899,pre_game,WNBA,demon,https://static.prizepicks.com/images/players/WNBA/Chelsea_Gray_WNBA_player_GHqO0xzbwyTjQ6fOf5m0CHE4.webp,15548197,18.5,47.55,52.45,-5.88,52.45,Under,https://www.freeiconspng.com/img/1934,,Yes,-4.5,156.6,Valkyries @ Aces,2026-10-10T01:30:00Z,Fri 09:30pm,N/A,N/A,Peacock/NBCSN,,,10/9/2026,18.5,,,,No,ATL,26.17,32,,100,,18.5,2,1.9156,over,18.5,20.42,20.48,0,Push
Chelsea GrayPts+Rebs+Asts,Chelsea GrayPts+Rebs+Asts24.5,WNBA,237845,Chelsea Gray,G,LVA,Pts+Rebs+Asts,24.5,TRUE,10/9/2026,12/30/1899,pre_game,WNBA,demon,https://static.prizepicks.com/images/players/WNBA/Chelsea_Gray_WNBA_player_GHqO0xzbwyTjQ6fOf5m0CHE4.webp,15548240,21.5,50.08,49.92,-7.89,50.08,Over,https://www.freeiconspng.com/img/1934,,Yes,-4.5,156.6,Valkyries @ Aces,2026-10-10T01:30:00Z,Fri 09:30pm,N/A,N/A,Peacock/NBCSN,,,10/9/2026,21.5,,,,No,ATL,26.17,32,,100,,21.5,12,-0.0325,under,21.5,21.47,22.24,0,Push
Chelsea GrayPts+Rebs,Chelsea GrayPts+Rebs24.5,WNBA,237845,Chelsea Gray,G,LVA,Pts+Rebs,24.5,TRUE,10/9/2026,12/30/1899,pre_game,WNBA,demon,https://static.prizepicks.com/images/players/WNBA/Chelsea_Gray_WNBA_player_GHqO0xzbwyTjQ6fOf5m0CHE4.webp,15548255,15.25,48.88,51.12,-5.4,51.12,Under,https://www.freeiconspng.com/img/1934,,Yes,-4.5,156.6,Valkyries @ Aces,2026-10-10T01:30:00Z,Fri 09:30pm,N/A,N/A,Peacock/NBCSN,,,10/9/2026,15.25,,,,No,ATL,26.17,32,,100,,15.25,12,-0.0325,under,15.25,15.22,17.55,0,Push
Kayla ThorntonPts+Rebs+Asts,Kayla ThorntonPts+Rebs+Asts24.5,WNBA,238102,Kayla Thornton,F,GSV,Pts+Rebs+Asts,24.5,TRUE,10/9/2026,12/30/1899,pre_game,WNBA,demon,https://static.prizepicks.com/images/players/WNBA/Kayla_Thornton_WNBA_player_LW0QKyGiDE0bVq5F3TkgEtm8.webp,15548750,12.5,52.42,47.58,-10.23,52.42,Over,https://www.freeiconspng.com/img/1934,,,,,Valkyries @ Aces,2026-10-10T01:30:00Z,Fri 09:30pm,N/A,N/A,Peacock/NBCSN,,,10/9/2026,12.5,,,,No,,18,28,,100,,12.5,,0,,12.5,12.5,15.5,0,Push
Chelsea GrayPoints,Chelsea GrayPoints24.5,WNBA,237845,Chelsea Gray,G,LVA,Points,24.5,TRUE,10/9/2026,12/30/1899,pre_game,WNBA,demon,https://static.prizepicks.com/images/players/WNBA/Chelsea_Gray_WNBA_player_GHqO0xzbwyTjQ6fOf5m0CHE4.webp,15548784,11.5,51.41,48.59,-9.22,51.41,Over,https://www.freeiconspng.com/img/1934,,Yes,-4.5,156.6,Valkyries @ Aces,2026-10-10T01:30:00Z,Fri 09:30pm,N/A,N/A,Peacock/NBCSN,,,10/9/2026,11.5,,,,No,ATL,26.17,32,,100,,11.5,4,0.2078,over,11.5,11.71,14.14,11.5,Push
Kiah StokesPts+Rebs+Asts,Kiah StokesPts+Rebs+Asts23.5,WNBA,317423,Kiah Stokes,C,GSV,Pts+Rebs+Asts,23.5,TRUE,10/9/2026,12/30/1899,pre_game,WNBA,demon,https://static.prizepicks.com/images/players/WNBA/Kiah_Stokes_WNBA_player_ndf93Nxv7e15yD38rl5xBPni.webp,15548076,11.88,50.89,49.11,,50.89,Over,https://www.freeiconspng.com/img/1934,,,,,Valkyries @ Aces,2026-10-10T01:30:00Z,Fri 09:30pm,N/A,N/A,Peacock/NBCSN,,,10/9/2026,11.88,,,,No,,20.32,21,,100,,11.88,,0,,11.88,11.88,14.79,0,Push
Chelsea GrayPts+Rebs+Asts,Chelsea GrayPts+Rebs+Asts23.5,WNBA,237845,Chelsea Gray,G,LVA,Pts+Rebs+Asts,23.5,TRUE,10/9/2026,12/30/1899,pre_game,WNBA,demon,https://static.prizepicks.com/images/players/WNBA/Chelsea_Gray_WNBA_player_GHqO0xzbwyTjQ6fOf5m0CHE4.webp,15548794,21.5,50.08,49.92,-7.89,50.08,Over,https://www.freeiconspng.com/img/1934,,Yes,-4.5,156.6,Valkyries @ Aces,2026-10-10T01:30:00Z,Fri 09:30pm,N/A,N/A,Peacock/NBCSN,,,10/9/2026,21.5,,,,No,ATL,26.17,32,,100,,21.5,12,-0.0325,under,21.5,21.47,21.99,0,Push
Veronica BurtonPoints,Veronica BurtonPoints22.5,WNBA,238261,Veronica Burton,G,GSV,Points,22.5,TRUE,10/9/2026,12/30/1899,pre_game,WNBA,demon,https://static.prizepicks.com/images/players/WNBA/Veronica_Burton_WNBA_player_PgQhWXIUPjwd5ndjpucEaD8E.webp,15547891,10.5,47.02,52.98,,52.98,Under,https://www.freeiconspng.com/img/1934,,,,,Valkyries @ Aces,2026-10-10T01:30:00Z,Fri 09:30pm,N/A,N/A,Peacock/NBCSN,,,10/9/2026,10.5,,,,No,,24.61,31,,100,,10.5,,0,,10.5,10.5,13.5,0,Push
Stephanie TalbotPts+Rebs+Asts,Stephanie TalbotPts+Rebs+Asts22.5,WNBA,317883,Stephanie Talbot,F,LVA,Pts+Rebs+Asts,22.5,TRUE,10/9/2026,12/30/1899,pre_game,WNBA,demon,https://static.prizepicks.com/images/players/WNBA/Stephanie_Talbot_WNBA_player_v6hnGHVjDs3ZNq5tDauoy5Dk.webp,15548373,10.5,51.28,48.72,,51.28,Over,https://www.freeiconspng.com/img/1934,,Yes,-4.5,156.6,Valkyries @ Aces,2026-10-10T01:30:00Z,Fri 09:30pm,N/A,N/A,Peacock/NBCSN,,,10/9/2026,10.5,,,,No,ATL,13.5,20,,100,,10.5,12,-0.0325,under,10.5,10.47,13.49,0,Push
A'ja WilsonFGAttempted,A'ja WilsonFGAttempted21.5,WNBA,237843,A'ja Wilson,C,LVA,FG Attempted,21.5,TRUE,10/9/2026,12/30/1899,pre_game,WNBA,demon,https://static.prizepicks.com/images/players/WNBA/A'ja_Wilson_WNBA_player_e1fzWnin9JBoRKYaugxyyP08.webp,15598511,,,,,,,,,Yes,-4.5,156.6,Valkyries @ Aces,2026-10-10T01:30:00Z,Fri 09:30pm,N/A,N/A,Peacock/NBCSN,,,10/9/2026,,,,,No,ATL,48.39,32,,,,0,2,1.9156,over,0,1.92,11.71,0,Push
Tiffany HayesFantasyScore,Tiffany HayesFantasyScore21,WNBA,238101,Tiffany Hayes,G,GSV,Fantasy Score,21,TRUE,10/9/2026,12/30/1899,pre_game,WNBA,demon,https://static.prizepicks.com/images/players/WNBA/Tiffany_Hayes_WNBA_player_JZ73QF6RKriqG7DeqAWWKcDH.webp,15563833,,,,,,Push,,,,,,Valkyries @ Aces,2026-10-10T01:30:00Z,Fri 09:30pm,N/A,N/A,Peacock/NBCSN,,,10/9/2026,14.27,,,,No,,14.27,20,50,50,50,14.27,,0,,14.27,14.27,16.07,16.55,Push
Jackie YoungPoints,Jackie YoungPoints20.5,WNBA,237846,Jackie Young,G,LVA,Points,20.5,TRUE,10/9/2026,12/30/1899,pre_game,WNBA,demon,https://static.prizepicks.com/images/players/WNBA/Jackie_Young_WNBA_player_xMYZ7NbkZrdioerQcMdWBKG9.webp,15548035,19.5,47.11,52.89,-4.92,52.89,Under,https://www.freeiconspng.com/img/1934,,Yes,-4.5,156.6,Valkyries @ Aces,2026-10-10T01:30:00Z,Fri 09:30pm,N/A,N/A,Peacock/NBCSN,,,10/9/2026,19.5,,,,No,ATL,33.24,31,,100,,19.5,4,0.2078,over,19.5,19.71,19.74,19.5,Best Bet
A'ja WilsonRebs+Asts,A'ja WilsonRebs+Asts20.5,WNBA,237843,A'ja Wilson,C,LVA,Rebs+Asts,20.5,TRUE,10/9/2026,12/30/1899,pre_game,WNBA,demon,https://static.prizepicks.com/images/players/WNBA/A'ja_Wilson_WNBA_player_e1fzWnin9JBoRKYaugxyyP08.webp,15548261,12.5,50.88,49.12,-5.64,50.88,Over,https://www.freeiconspng.com/img/1934,,Yes,-4.5,156.6,Valkyries @ Aces,2026-10-10T01:30:00Z,Fri 09:30pm,N/A,N/A,Peacock/NBCSN,,,10/9/2026,12.5,,,,No,ATL,48.39,32,,100,,12.5,12,-0.0325,under,12.5,12.47,14.49,0,Push
Tiffany HayesPoints,Tiffany HayesPoints20.5,WNBA,238101,Tiffany Hayes,G,GSV,Points,20.5,TRUE,10/9/2026,12/30/1899,pre_game,WNBA,demon,https://static.prizepicks.com/images/players/WNBA/Tiffany_Hayes_WNBA_player_JZ73QF6RKriqG7DeqAWWKcDH.webp,15548491,8.5,50.22,49.78,-8.03,50.22,Over,https://www.freeiconspng.com/img/1934,,,,,Valkyries @ Aces,2026-10-10T01:30:00Z,Fri 09:30pm,N/A,N/A,Peacock/NBCSN,,,10/9/2026,8.5,,,,No,,14.27,20,,100,,8.5,,0,,8.5,8.5,10.9,8.5,Push
Veronica BurtonPts+Rebs+Asts,Veronica BurtonPts+Rebs+Asts20.5,WNBA,238261,Veronica Burton,G,GSV,Pts+Rebs+Asts,20.5,TRUE,10/9/2026,12/30/1899,pre_game,WNBA,demon,https://static.prizepicks.com/images/players/WNBA/Veronica_Burton_WNBA_player_PgQhWXIUPjwd5ndjpucEaD8E.webp,15561027,18.5,50.5,49.5,,50.5,Over,https://www.freeiconspng.com/img/1934,,,,,Valkyries @ Aces,2026-10-10T01:30:00Z,Fri 09:30pm,N/A,N/A,Peacock/NBCSN,,,10/9/2026,18.5,,,,No,,24.61,31,,100,,18.5,,0,,18.5,18.5,19,0,Push
Kayla ThorntonFantasyScore,Kayla ThorntonFantasyScore20,WNBA,238102,Kayla Thornton,F,GSV,Fantasy Score,20,TRUE,10/9/2026,12/30/1899,pre_game,WNBA,demon,https://static.prizepicks.com/images/players/WNBA/Kayla_Thornton_WNBA_player_LW0QKyGiDE0bVq5F3TkgEtm8.webp,15563828,,,,,,Push,,,,,,Valkyries @ Aces,2026-10-10T01:30:00Z,Fri 09:30pm,N/A,N/A,Peacock/NBCSN,,,10/9/2026,18,,,,No,,18,28,50,50,50,18,,0,,18,18,17.91,15.55,Push
Gabby WilliamsPoints,Gabby WilliamsPoints19.5,WNBA,316568,Gabby Williams,F,GSV,Points,19.5,TRUE,10/9/2026,12/30/1899,pre_game,WNBA,demon,https://static.prizepicks.com/images/manual/Gabby Williams .png,15547964,19.25,46.73,53.27,,53.27,Under,https://www.freeiconspng.com/img/1934,,,,,Valkyries @ Aces,2026-10-10T01:30:00Z,Fri 09:30pm,N/A,N/A,Peacock/NBCSN,,,10/9/2026,19.25,,,,No,,31.53,30,,100,,19.25,,0,,19.25,19.25,19.35,19.5,Best Bet
Tiffany HayesPoints,Tiffany HayesPoints19.5,WNBA,238101,Tiffany Hayes,G,GSV,Points,19.5,TRUE,10/9/2026,12/30/1899,pre_game,WNBA,demon,https://static.prizepicks.com/images/players/WNBA/Tiffany_Hayes_WNBA_player_JZ73QF6RKriqG7DeqAWWKcDH.webp,15547970,8.5,50.22,49.78,-8.03,50.22,Over,https://www.freeiconspng.com/img/1934,,,,,Valkyries @ Aces,2026-10-10T01:30:00Z,Fri 09:30pm,N/A,N/A,Peacock/NBCSN,,,10/9/2026,8.5,,,,No,,14.27,20,,100,,8.5,,0,,8.5,8.5,10.7,8.5,Push
Chelsea GrayPoints,Chelsea GrayPoints19.5,WNBA,237845,Chelsea Gray,G,LVA,Points,19.5,TRUE,10/9/2026,12/30/1899,pre_game,WNBA,demon,https://static.prizepicks.com/images/players/WNBA/Chelsea_Gray_WNBA_player_GHqO0xzbwyTjQ6fOf5m0CHE4.webp,15547985,11.5,51.41,48.59,-9.22,51.41,Over,https://www.freeiconspng.com/img/1934,,Yes,-4.5,156.6,Valkyries @ Aces,2026-10-10T01:30:00Z,Fri 09:30pm,N/A,N/A,Peacock/NBCSN,,,10/9/2026,11.5,,,,No,ATL,26.17,32,,100,,11.5,4,0.2078,over,11.5,11.71,13.14,11.5,Push
Kayla ThorntonPts+Rebs,Kayla ThorntonPts+Rebs19.5,WNBA,238102,Kayla Thornton,F,GSV,Pts+Rebs,19.5,TRUE,10/9/2026,12/30/1899,pre_game,WNBA,demon,https://static.prizepicks.com/images/players/WNBA/Kayla_Thornton_WNBA_player_LW0QKyGiDE0bVq5F3TkgEtm8.webp,15548096,12.5,48.24,51.76,-5.5,51.76,Under,https://www.freeiconspng.com/img/1934,,,,,Valkyries @ Aces,2026-10-10T01:30:00Z,Fri 09:30pm,N/A,N/A,Peacock/NBCSN,,,10/9/2026,12.5,,,,No,,18,28,,100,,12.5,,0,,12.5,12.5,14.25,0,Push
Veronica BurtonPts+Rebs,Veronica BurtonPts+Rebs19.5,WNBA,238261,Veronica Burton,G,GSV,Pts+Rebs,19.5,TRUE,10/9/2026,12/30/1899,pre_game,WNBA,demon,https://static.prizepicks.com/images/players/WNBA/Veronica_Burton_WNBA_player_PgQhWXIUPjwd5ndjpucEaD8E.webp,15548112,13.5,50.4,49.6,-3.73,50.4,Over,https://www.freeiconspng.com/img/1934,,,,,Valkyries @ Aces,2026-10-10T01:30:00Z,Fri 09:30pm,N/A,N/A,Peacock/NBCSN,,,10/9/2026,13.5,,,,No,,24.61,31,,100,,13.5,,0,,13.5,13.5,15,0,Push
Veronica BurtonPts+Asts,Veronica BurtonPts+Asts19.5,WNBA,238261,Veronica Burton,G,GSV,Pts+Asts,19.5,TRUE,10/9/2026,12/30/1899,pre_game,WNBA,demon,https://static.prizepicks.com/images/players/WNBA/Veronica_Burton_WNBA_player_PgQhWXIUPjwd5ndjpucEaD8E.webp,15548146,15.5,48.5,51.5,-5.76,51.5,Under,https://www.freeiconspng.com/img/1934,,,,,Valkyries @ Aces,2026-10-10T01:30:00Z,Fri 09:30pm,N/A,N/A,Peacock/NBCSN,,,10/9/2026,15.5,,,,No,,24.61,31,,100,,15.5,,0,,15.5,15.5,16.5,0,Push
Chelsea GrayPts+Rebs,Chelsea GrayPts+Rebs19.5,WNBA,237845,Chelsea Gray,G,LVA,Pts+Rebs,19.5,TRUE,10/9/2026,12/30/1899,pre_game,WNBA,demon,https://static.prizepicks.com/images/players/WNBA/Chelsea_Gray_WNBA_player_GHqO0xzbwyTjQ6fOf5m0CHE4.webp,15548194,15.25,48.88,51.12,-5.4,51.12,Under,https://www.freeiconspng.com/img/1934,,Yes,-4.5,156.6,Valkyries @ Aces,2026-10-10T01:30:00Z,Fri 09:30pm,N/A,N/A,Peacock/NBCSN,,,10/9/2026,15.25,,,,No,ATL,26.17,32,,100,,15.25,12,-0.0325,under,15.25,15.22,16.3,0,Push
Chelsea GrayPts+Asts,Chelsea GrayPts+Asts19.5,WNBA,237845,Chelsea Gray,G,LVA,Pts+Asts,19.5,TRUE,10/9/2026,12/30/1899,pre_game,WNBA,demon,https://static.prizepicks.com/images/players/WNBA/Chelsea_Gray_WNBA_player_GHqO0xzbwyTjQ6fOf5m0CHE4.webp,15548225,18.5,47.55,52.45,-5.88,52.45,Under,https://www.freeiconspng.com/img/1934,,Yes,-4.5,156.6,Valkyries @ Aces,2026-10-10T01:30:00Z,Fri 09:30pm,N/A,N/A,Peacock/NBCSN,,,10/9/2026,18.5,,,,No,ATL,26.17,32,,100,,18.5,2,1.9156,over,18.5,20.42,19.23,0,Great Bet
Stephanie TalbotPts+Rebs,Stephanie TalbotPts+Rebs19.5,WNBA,317883,Stephanie Talbot,F,LVA,Pts+Rebs,19.5,TRUE,10/9/2026,12/30/1899,pre_game,WNBA,demon,https://static.prizepicks.com/images/players/WNBA/Stephanie_Talbot_WNBA_player_v6hnGHVjDs3ZNq5tDauoy5Dk.webp,15548386,9.5,49.04,50.96,-2.09,50.96,Under,https://www.freeiconspng.com/img/1934,,Yes,-4.5,156.6,Valkyries @ Aces,2026-10-10T01:30:00Z,Fri 09:30pm,N/A,N/A,Peacock/NBCSN,,,10/9/2026,9.5,,,,No,ATL,13.5,20,,100,,9.5,12,-0.0325,under,9.5,9.47,11.99,0,Push
Kayla ThorntonPoints,Kayla ThorntonPoints19.5,WNBA,238102,Kayla Thornton,F,GSV,Points,19.5,TRUE,10/9/2026,12/30/1899,pre_game,WNBA,demon,https://static.prizepicks.com/images/players/WNBA/Kayla_Thornton_WNBA_player_LW0QKyGiDE0bVq5F3TkgEtm8.webp,15548474,7.5,50.22,49.78,-3.71,50.22,Over,https://www.freeiconspng.com/img/1934,,,,,Valkyries @ Aces,2026-10-10T01:30:00Z,Fri 09:30pm,N/A,N/A,Peacock/NBCSN,,,10/9/2026,7.5,,,,No,,18,28,,100,,7.5,,0,,7.5,7.5,9.9,7.5,Push
Jewell LoydPoints,Jewell LoydPoints19.5,WNBA,237844,Jewell Loyd,G,LVA,Points,19.5,TRUE,10/9/2026,12/30/1899,pre_game,WNBA,demon,https://static.prizepicks.com/images/players/WNBA/Jewell_Loyd_WNBA_player_kl6eTaXsduFI7E6eDj4QuueY.webp,15548480,7.5,48.01,51.99,-5.82,51.99,Under,https://www.freeiconspng.com/img/1934,,Yes,-4.5,156.6,Valkyries @ Aces,2026-10-10T01:30:00Z,Fri 09:30pm,N/A,N/A,Peacock/NBCSN,,,10/9/2026,7.5,,,,No,ATL,16.73,28,,100,,7.5,4,0.2078,over,7.5,7.71,9.94,7.5,Best Bet
Tiffany HayesPts+Asts,Tiffany HayesPts+Asts19.5,WNBA,238101,Tiffany Hayes,G,GSV,Pts+Asts,19.5,TRUE,10/9/2026,12/30/1899,pre_game,WNBA,demon,https://static.prizepicks.com/images/players/WNBA/Tiffany_Hayes_WNBA_player_JZ73QF6RKriqG7DeqAWWKcDH.webp,15548496,10.5,50.1,49.9,-7.91,50.1,Over,https://www.freeiconspng.com/img/1934,,,,,Valkyries @ Aces,2026-10-10T01:30:00Z,Fri 09:30pm,N/A,N/A,Peacock/NBCSN,,,10/9/2026,10.5,,,,No,,14.27,20,,100,,10.5,,0,,10.5,10.5,12.75,0,Push
Tiffany HayesPts+Rebs,Tiffany HayesPts+Rebs19.5,WNBA,238101,Tiffany Hayes,G,GSV,Pts+Rebs,19.5,TRUE,10/9/2026,12/30/1899,pre_game,WNBA,demon,https://static.prizepicks.com/images/players/WNBA/Tiffany_Hayes_WNBA_player_JZ73QF6RKriqG7DeqAWWKcDH.webp,15548743,10.5,50.1,49.9,-7.91,50.1,Over,https://www.freeiconspng.com/img/1934,,,,,Valkyries @ Aces,2026-10-10T01:30:00Z,Fri 09:30pm,N/A,N/A,Peacock/NBCSN,,,10/9/2026,10.5,,,,No,,14.27,20,,100,,10.5,,0,,10.5,10.5,12.75,0,Push
Veronica BurtonPoints,Veronica BurtonPoints19.5,WNBA,238261,Veronica Burton,G,GSV,Points,19.5,TRUE,10/9/2026,12/30/1899,pre_game,WNBA,demon,https://static.prizepicks.com/images/players/WNBA/Veronica_Burton_WNBA_player_PgQhWXIUPjwd5ndjpucEaD8E.webp,15548760,10.5,47.02,52.98,,52.98,Under,https://www.freeiconspng.com/img/1934,,,,,Valkyries @ Aces,2026-10-10T01:30:00Z,Fri 09:30pm,N/A,N/A,Peacock/NBCSN,,,10/9/2026,10.5,,,,No,,24.61,31,,100,,10.5,,0,,10.5,10.5,12.75,0,Push
Kiah StokesPts+Rebs+Asts,Kiah StokesPts+Rebs+Asts19.5,WNBA,317423,Kiah Stokes,C,GSV,Pts+Rebs+Asts,19.5,TRUE,10/9/2026,12/30/1899,pre_game,WNBA,demon,https://static.prizepicks.com/images/players/WNBA/Kiah_Stokes_WNBA_player_ndf93Nxv7e15yD38rl5xBPni.webp,15548788,11.88,50.89,49.11,,50.89,Over,https://www.freeiconspng.com/img/1934,,,,,Valkyries @ Aces,2026-10-10T01:30:00Z,Fri 09:30pm,N/A,N/A,Peacock/NBCSN,,,10/9/2026,11.88,,,,No,,20.32,21,,100,,11.88,,0,,11.88,11.88,13.79,0,Push
Stephanie TalbotFantasyScore,Stephanie TalbotFantasyScore19,WNBA,317883,Stephanie Talbot,F,LVA,Fantasy Score,19,TRUE,10/9/2026,12/30/1899,pre_game,WNBA,demon,https://static.prizepicks.com/images/players/WNBA/Stephanie_Talbot_WNBA_player_v6hnGHVjDs3ZNq5tDauoy5Dk.webp,15563844,,,,,,Push,,,Yes,-4.5,156.6,Valkyries @ Aces,2026-10-10T01:30:00Z,Fri 09:30pm,N/A,N/A,Peacock/NBCSN,,,10/9/2026,13.5,,,,No,ATL,13.5,20,50,50,50,13.5,2,1.9156,over,13.5,15.42,15.19,14.55,Push
Jackie YoungRebs+Asts,Jackie YoungRebs+Asts18.5,WNBA,237846,Jackie Young,G,LVA,Rebs+Asts,18.5,TRUE,10/9/2026,12/30/1899,pre_game,WNBA,demon,https://static.prizepicks.com/images/players/WNBA/Jackie_Young_WNBA_player_xMYZ7NbkZrdioerQcMdWBKG9.webp,15548785,10.5,50.07,49.93,-4.68,50.07,Over,https://www.freeiconspng.com/img/1934,,Yes,-4.5,156.6,Valkyries @ Aces,2026-10-10T01:30:00Z,Fri 09:30pm,N/A,N/A,Peacock/NBCSN,,,10/9/2026,10.5,,,,No,ATL,33.24,31,,100,,10.5,12,-0.0325,under,10.5,10.47,12.49,0,Push
Cecilia ZandalasiniPoints,Cecilia ZandalasiniPoints18.5,WNBA,249153,Cecilia Zandalasini,F,GSV,Points,18.5,TRUE,10/9/2026,12/30/1899,pre_game,WNBA,demon,https://static.prizepicks.com/images/players/WNBA/Cecilia_Zandalasini_WNBA_player_J9EZms55fyBgGOFTRR36l10v.webp,15548797,6.5,49.65,50.35,-7.46,50.35,Under,https://www.freeiconspng.com/img/1934,,,,,Valkyries @ Aces,2026-10-10T01:30:00Z,Fri 09:30pm,N/A,N/A,Peacock/NBCSN,,,10/9/2026,6.5,,,,No,,11.81,17,,100,,6.5,,0,,6.5,6.5,8.9,6.5,Best Bet
Gabby WilliamsFGAttempted,Gabby WilliamsFGAttempted18.5,WNBA,316568,Gabby Williams,F,GSV,FG Attempted,18.5,TRUE,10/9/2026,12/30/1899,pre_game,WNBA,demon,https://static.prizepicks.com/images/manual/Gabby Williams .png,15598515,,,,,,,,,,,,Valkyries @ Aces,2026-10-10T01:30:00Z,Fri 09:30pm,N/A,N/A,Peacock/NBCSN,,,10/9/2026,,,,,No,,31.53,30,,,,0,,0,,0,0,18.5,0,Push
Jewell LoydFantasyScore,Jewell LoydFantasyScore18,WNBA,237844,Jewell Loyd,G,LVA,Fantasy Score,18,TRUE,10/9/2026,12/30/1899,pre_game,WNBA,demon,https://static.prizepicks.com/images/players/WNBA/Jewell_Loyd_WNBA_player_kl6eTaXsduFI7E6eDj4QuueY.webp,15563846,,,,,,Push,,,Yes,-4.5,156.6,Valkyries @ Aces,2026-10-10T01:30:00Z,Fri 09:30pm,N/A,N/A,Peacock/NBCSN,,,10/9/2026,16.73,,,,No,ATL,16.73,28,50,50,50,16.73,2,1.9156,over,16.73,18.65,16.73,13.55,Push
A'ja WilsonRebounds,A'ja WilsonRebounds16.5,WNBA,237843,A'ja Wilson,C,LVA,Rebounds,16.5,TRUE,10/9/2026,12/30/1899,pre_game,WNBA,demon,https://static.prizepicks.com/images/players/WNBA/A'ja_Wilson_WNBA_player_e1fzWnin9JBoRKYaugxyyP08.webp,15548031,10.29,45.91,54.09,,54.09,Under,https://www.freeiconspng.com/img/1934,,Yes,-4.5,156.6,Valkyries @ Aces,2026-10-10T01:30:00Z,Fri 09:30pm,N/A,N/A,Peacock/NBCSN,,,10/9/2026,10.29,,,,No,ATL,48.39,32,,100,,10.29,12,-0.0325,under,10.29,10.26,11.57,10.5,Best Bet
Jackie YoungFGAttempted,Jackie YoungFGAttempted16.5,WNBA,237846,Jackie Young,G,LVA,FG Attempted,16.5,TRUE,10/9/2026,12/30/1899,pre_game,WNBA,demon,https://static.prizepicks.com/images/players/WNBA/Jackie_Young_WNBA_player_xMYZ7NbkZrdioerQcMdWBKG9.webp,15598518,,,,,,,,,Yes,-4.5,156.6,Valkyries @ Aces,2026-10-10T01:30:00Z,Fri 09:30pm,N/A,N/A,Peacock/NBCSN,,,10/9/2026,,,,,No,ATL,33.24,31,,,,0,2,1.9156,over,0,1.92,9.21,0,Push
Chelsea GrayRebs+Asts,Chelsea GrayRebs+Asts15.5,WNBA,237845,Chelsea Gray,G,LVA,Rebs+Asts,15.5,TRUE,10/9/2026,12/30/1899,pre_game,WNBA,demon,https://static.prizepicks.com/images/players/WNBA/Chelsea_Gray_WNBA_player_GHqO0xzbwyTjQ6fOf5m0CHE4.webp,15548249,9.5,48.91,51.09,-5.81,51.09,Under,https://www.freeiconspng.com/img/1934,,Yes,-4.5,156.6,Valkyries @ Aces,2026-10-10T01:30:00Z,Fri 09:30pm,N/A,N/A,Peacock/NBCSN,,,10/9/2026,9.5,,,,No,ATL,26.17,32,,100,,9.5,12,-0.0325,under,9.5,9.47,10.99,0,Push
Stephanie TalbotPoints,Stephanie TalbotPoints15.5,WNBA,317883,Stephanie Talbot,F,LVA,Points,15.5,TRUE,10/9/2026,12/30/1899,pre_game,WNBA,demon,https://static.prizepicks.com/images/players/WNBA/Stephanie_Talbot_WNBA_player_v6hnGHVjDs3ZNq5tDauoy5Dk.webp,15548388,5.5,48.85,51.15,-6.66,51.15,Under,https://www.freeiconspng.com/img/1934,,Yes,-4.5,156.6,Valkyries @ Aces,2026-10-10T01:30:00Z,Fri 09:30pm,N/A,N/A,Peacock/NBCSN,,,10/9/2026,5.5,,,,No,ATL,13.5,20,,100,,5.5,4,0.2078,over,5.5,5.71,7.54,5.5,Best Bet
Veronica BurtonRebs+Asts,Veronica BurtonRebs+Asts15.5,WNBA,238261,Veronica Burton,G,GSV,Rebs+Asts,15.5,TRUE,10/9/2026,12/30/1899,pre_game,WNBA,demon,https://static.prizepicks.com/images/players/WNBA/Veronica_Burton_WNBA_player_PgQhWXIUPjwd5ndjpucEaD8E.webp,15548764,8.5,49.17,50.83,-5.69,50.83,Under,https://www.freeiconspng.com/img/1934,,,,,Valkyries @ Aces,2026-10-10T01:30:00Z,Fri 09:30pm,N/A,N/A,Peacock/NBCSN,,,10/9/2026,8.5,,,,No,,24.61,31,,100,,8.5,,0,,8.5,8.5,10.25,0,Push
Jewell LoydPoints,Jewell LoydPoints14.5,WNBA,237844,Jewell Loyd,G,LVA,Points,14.5,TRUE,10/9/2026,12/30/1899,pre_game,WNBA,demon,https://static.prizepicks.com/images/players/WNBA/Jewell_Loyd_WNBA_player_kl6eTaXsduFI7E6eDj4QuueY.webp,15547937,7.5,48.01,51.99,-5.82,51.99,Under,https://www.freeiconspng.com/img/1934,,Yes,-4.5,156.6,Valkyries @ Aces,2026-10-10T01:30:00Z,Fri 09:30pm,N/A,N/A,Peacock/NBCSN,,,10/9/2026,7.5,,,,No,ATL,16.73,28,,100,,7.5,4,0.2078,over,7.5,7.71,8.94,7.5,Best Bet
Kayla ThorntonPoints,Kayla ThorntonPoints14.5,WNBA,238102,Kayla Thornton,F,GSV,Points,14.5,TRUE,10/9/2026,12/30/1899,pre_game,WNBA,demon,https://static.prizepicks.com/images/players/WNBA/Kayla_Thornton_WNBA_player_LW0QKyGiDE0bVq5F3TkgEtm8.webp,15547962,7.5,50.22,49.78,-3.71,50.22,Over,https://www.freeiconspng.com/img/1934,,,,,Valkyries @ Aces,2026-10-10T01:30:00Z,Fri 09:30pm,N/A,N/A,Peacock/NBCSN,,,10/9/2026,7.5,,,,No,,18,28,,100,,7.5,,0,,7.5,7.5,8.9,7.5,Push
Veronica BurtonPoints,Veronica BurtonPoints14.5,WNBA,238261,Veronica Burton,G,GSV,Points,14.5,TRUE,10/9/2026,12/30/1899,pre_game,WNBA,demon,https://static.prizepicks.com/images/players/WNBA/Veronica_Burton_WNBA_player_PgQhWXIUPjwd5ndjpucEaD8E.webp,15547983,10.5,47.02,52.98,,52.98,Under,https://www.freeiconspng.com/img/1934,,,,,Valkyries @ Aces,2026-10-10T01:30:00Z,Fri 09:30pm,N/A,N/A,Peacock/NBCSN,,,10/9/2026,10.5,,,,No,,24.61,31,,100,,10.5,,0,,10.5,10.5,11.5,0,Push
Chelsea GrayPoints,Chelsea GrayPoints14.5,WNBA,237845,Chelsea Gray,G,LVA,Points,14.5,TRUE,10/9/2026,12/30/1899,pre_game,WNBA,demon,https://static.prizepicks.com/images/players/WNBA/Chelsea_Gray_WNBA_player_GHqO0xzbwyTjQ6fOf5m0CHE4.webp,15547994,11.5,51.41,48.59,-9.22,51.41,Over,https://www.freeiconspng.com/img/1934,,Yes,-4.5,156.6,Valkyries @ Aces,2026-10-10T01:30:00Z,Fri 09:30pm,N/A,N/A,Peacock/NBCSN,,,10/9/2026,11.5,,,,No,ATL,26.17,32,,100,,11.5,4,0.2078,over,11.5,11.71,12.14,11.5,Push
Tiffany HayesPoints,Tiffany HayesPoints14.5,WNBA,238101,Tiffany Hayes,G,GSV,Points,14.5,TRUE,10/9/2026,12/30/1899,pre_game,WNBA,demon,https://static.prizepicks.com/images/players/WNBA/Tiffany_Hayes_WNBA_player_JZ73QF6RKriqG7DeqAWWKcDH.webp,15548019,8.5,50.22,49.78,-8.03,50.22,Over,https://www.freeiconspng.com/img/1934,,,,,Valkyries @ Aces,2026-10-10T01:30:00Z,Fri 09:30pm,N/A,N/A,Peacock/NBCSN,,,10/9/2026,8.5,,,,No,,14.27,20,,100,,8.5,,0,,8.5,8.5,9.7,8.5,Push
Kayla ThorntonPts+Asts,Kayla ThorntonPts+Asts14.5,WNBA,238102,Kayla Thornton,F,GSV,Pts+Asts,14.5,TRUE,10/9/2026,12/30/1899,pre_game,WNBA,demon,https://static.prizepicks.com/images/players/WNBA/Kayla_Thornton_WNBA_player_LW0QKyGiDE0bVq5F3TkgEtm8.webp,15548091,8.5,49.7,50.3,-7.51,50.3,Under,https://www.freeiconspng.com/img/1934,,,,,Valkyries @ Aces,2026-10-10T01:30:00Z,Fri 09:30pm,N/A,N/A,Peacock/NBCSN,,,10/9/2026,8.5,,,,No,,18,28,,100,,8.5,,0,,8.5,8.5,10,0,Push
Kayla ThorntonPts+Rebs,Kayla ThorntonPts+Rebs14.5,WNBA,238102,Kayla Thornton,F,GSV,Pts+Rebs,14.5,TRUE,10/9/2026,12/30/1899,pre_game,WNBA,demon,https://static.prizepicks.com/images/players/WNBA/Kayla_Thornton_WNBA_player_LW0QKyGiDE0bVq5F3TkgEtm8.webp,15548093,12.5,48.24,51.76,-5.5,51.76,Under,https://www.freeiconspng.com/img/1934,,,,,Valkyries @ Aces,2026-10-10T01:30:00Z,Fri 09:30pm,N/A,N/A,Peacock/NBCSN,,,10/9/2026,12.5,,,,No,,18,28,,100,,12.5,,0,,12.5,12.5,13,0,Push
Kiah StokesPts+Rebs,Kiah StokesPts+Rebs14.5,WNBA,317423,Kiah Stokes,C,GSV,Pts+Rebs,14.5,TRUE,10/9/2026,12/30/1899,pre_game,WNBA,demon,https://static.prizepicks.com/images/players/WNBA/Kiah_Stokes_WNBA_player_ndf93Nxv7e15yD38rl5xBPni.webp,15548099,10.5,49.41,50.59,-35.9,50.59,Under,https://www.freeiconspng.com/img/1934,,,,,Valkyries @ Aces,2026-10-10T01:30:00Z,Fri 09:30pm,N/A,N/A,Peacock/NBCSN,,,10/9/2026,10.5,,,,No,,20.32,21,,100,,10.5,,0,,10.5,10.5,11.5,0,Push
Kayla ThorntonPts+Rebs+Asts,Kayla ThorntonPts+Rebs+Asts14.5,WNBA,238102,Kayla Thornton,F,GSV,Pts+Rebs+Asts,14.5,TRUE,10/9/2026,12/30/1899,pre_game,WNBA,demon,https://static.prizepicks.com/images/players/WNBA/Kayla_Thornton_WNBA_player_LW0QKyGiDE0bVq5F3TkgEtm8.webp,15548106,12.5,52.42,47.58,-10.23,52.42,Over,https://www.freeiconspng.com/img/1934,,,,,Valkyries @ Aces,2026-10-10T01:30:00Z,Fri 09:30pm,N/A,N/A,Peacock/NBCSN,,,10/9/2026,12.5,,,,No,,18,28,,100,,12.5,,0,,12.5,12.5,13,0,Push
Veronica BurtonPts+Rebs,Veronica BurtonPts+Rebs14.5,WNBA,238261,Veronica Burton,G,GSV,Pts+Rebs,14.5,TRUE,10/9/2026,12/30/1899,pre_game,WNBA,demon,https://static.prizepicks.com/images/players/WNBA/Veronica_Burton_WNBA_player_PgQhWXIUPjwd5ndjpucEaD8E.webp,15548109,13.5,50.4,49.6,-3.73,50.4,Over,https://www.freeiconspng.com/img/1934,,,,,Valkyries @ Aces,2026-10-10T01:30:00Z,Fri 09:30pm,N/A,N/A,Peacock/NBCSN,,,10/9/2026,13.5,,,,No,,24.61,31,,100,,13.5,,0,,13.5,13.5,13.75,0,Push
Cecilia ZandalasiniPts+Rebs+Asts,Cecilia ZandalasiniPts+Rebs+Asts14.5,WNBA,249153,Cecilia Zandalasini,F,GSV,Pts+Rebs+Asts,14.5,TRUE,10/9/2026,12/30/1899,pre_game,WNBA,demon,https://static.prizepicks.com/images/players/WNBA/Cecilia_Zandalasini_WNBA_player_J9EZms55fyBgGOFTRR36l10v.webp,15548114,9.69,51.94,48.06,,51.94,Over,https://www.freeiconspng.com/img/1934,,,,,Valkyries @ Aces,2026-10-10T01:30:00Z,Fri 09:30pm,N/A,N/A,Peacock/NBCSN,,,10/9/2026,9.69,,,,No,,11.81,17,,100,,9.69,,0,,9.69,9.69,10.89,0,Push
Cecilia ZandalasiniPoints,Cecilia ZandalasiniPoints14.5,WNBA,249153,Cecilia Zandalasini,F,GSV,Points,14.5,TRUE,10/9/2026,12/30/1899,pre_game,WNBA,demon,https://static.prizepicks.com/images/players/WNBA/Cecilia_Zandalasini_WNBA_player_J9EZms55fyBgGOFTRR36l10v.webp,15548117,6.5,49.65,50.35,-7.46,50.35,Under,https://www.freeiconspng.com/img/1934,,,,,Valkyries @ Aces,2026-10-10T01:30:00Z,Fri 09:30pm,N/A,N/A,Peacock/NBCSN,,,10/9/2026,6.5,,,,No,,11.81,17,,100,,6.5,,0,,6.5,6.5,8.1,6.5,Best Bet
Cecilia ZandalasiniPts+Asts,Cecilia ZandalasiniPts+Asts14.5,WNBA,249153,Cecilia Zandalasini,F,GSV,Pts+Asts,14.5,TRUE,10/9/2026,12/30/1899,pre_game,WNBA,demon,https://static.prizepicks.com/images/players/WNBA/Cecilia_Zandalasini_WNBA_player_J9EZms55fyBgGOFTRR36l10v.webp,15548133,7.5,50.5,49.5,,50.5,Over,https://www.freeiconspng.com/img/1934,,,,,Valkyries @ Aces,2026-10-10T01:30:00Z,Fri 09:30pm,N/A,N/A,Peacock/NBCSN,,,10/9/2026,7.5,,,,No,,11.81,17,,100,,7.5,,0,,7.5,7.5,9.25,0,Push
Cecilia ZandalasiniPts+Rebs,Cecilia ZandalasiniPts+Rebs14.5,WNBA,249153,Cecilia Zandalasini,F,GSV,Pts+Rebs,14.5,TRUE,10/9/2026,12/30/1899,pre_game,WNBA,demon,https://static.prizepicks.com/images/players/WNBA/Cecilia_Zandalasini_WNBA_player_J9EZms55fyBgGOFTRR36l10v.webp,15548135,8.5,50.03,49.97,-7.84,50.03,Over,https://www.freeiconspng.com/img/1934,,,,,Valkyries @ Aces,2026-10-10T01:30:00Z,Fri 09:30pm,N/A,N/A,Peacock/NBCSN,,,10/9/2026,8.5,,,,No,,11.81,17,,100,,8.5,,0,,8.5,8.5,10,0,Push
Kiah StokesRebs+Asts,Kiah StokesRebs+Asts14.5,WNBA,317423,Kiah Stokes,C,GSV,Rebs+Asts,14.5,TRUE,10/9/2026,12/30/1899,pre_game,WNBA,demon,https://static.prizepicks.com/images/players/WNBA/Kiah_Stokes_WNBA_player_ndf93Nxv7e15yD38rl5xBPni.webp,15548136,9.5,46.38,53.62,-4.19,53.62,Under,https://www.freeiconspng.com/img/1934,,,,,Valkyries @ Aces,2026-10-10T01:30:00Z,Fri 09:30pm,N/A,N/A,Peacock/NBCSN,,,10/9/2026,9.5,,,,No,,20.32,21,,100,,9.5,,0,,9.5,9.5,10.75,0,Push
A'ja WilsonRebs+Asts,A'ja WilsonRebs+Asts14.5,WNBA,237843,A'ja Wilson,C,LVA,Rebs+Asts,14.5,TRUE,10/9/2026,12/30/1899,pre_game,WNBA,demon,https://static.prizepicks.com/images/players/WNBA/A'ja_Wilson_WNBA_player_e1fzWnin9JBoRKYaugxyyP08.webp,15548187,12.5,50.88,49.12,-5.64,50.88,Over,https://www.freeiconspng.com/img/1934,,Yes,-4.5,156.6,Valkyries @ Aces,2026-10-10T01:30:00Z,Fri 09:30pm,N/A,N/A,Peacock/NBCSN,,,10/9/2026,12.5,,,,No,ATL,48.39,32,,100,,12.5,12,-0.0325,under,12.5,12.47,12.99,0,Push
Stephanie TalbotPts+Rebs,Stephanie TalbotPts+Rebs14.5,WNBA,317883,Stephanie Talbot,F,LVA,Pts+Rebs,14.5,TRUE,10/9/2026,12/30/1899,pre_game,WNBA,demon,https://static.prizepicks.com/images/players/WNBA/Stephanie_Talbot_WNBA_player_v6hnGHVjDs3ZNq5tDauoy5Dk.webp,15548203,9.5,49.04,50.96,-2.09,50.96,Under,https://www.freeiconspng.com/img/1934,,Yes,-4.5,156.6,Valkyries @ Aces,2026-10-10T01:30:00Z,Fri 09:30pm,N/A,N/A,Peacock/NBCSN,,,10/9/2026,9.5,,,,No,ATL,13.5,20,,100,,9.5,12,-0.0325,under,9.5,9.47,10.74,0,Push
Jackie YoungRebs+Asts,Jackie YoungRebs+Asts14.5,WNBA,237846,Jackie Young,G,LVA,Rebs+Asts,14.5,TRUE,10/9/2026,12/30/1899,pre_game,WNBA,demon,https://static.prizepicks.com/images/players/WNBA/Jackie_Young_WNBA_player_xMYZ7NbkZrdioerQcMdWBKG9.webp,15548236,10.5,50.07,49.93,-4.68,50.07,Over,https://www.freeiconspng.com/img/1934,,Yes,-4.5,156.6,Valkyries @ Aces,2026-10-10T01:30:00Z,Fri 09:30pm,N/A,N/A,Peacock/NBCSN,,,10/9/2026,10.5,,,,No,ATL,33.24,31,,100,,10.5,12,-0.0325,under,10.5,10.47,11.49,0,Push
Stephanie TalbotPts+Rebs+Asts,Stephanie TalbotPts+Rebs+Asts14.5,WNBA,317883,Stephanie Talbot,F,LVA,Pts+Rebs+Asts,14.5,TRUE,10/9/2026,12/30/1899,pre_game,WNBA,demon,https://static.prizepicks.com/images/players/WNBA/Stephanie_Talbot_WNBA_player_v6hnGHVjDs3ZNq5tDauoy5Dk.webp,15548243,10.5,51.28,48.72,,51.28,Over,https://www.freeiconspng.com/img/1934,,Yes,-4.5,156.6,Valkyries @ Aces,2026-10-10T01:30:00Z,Fri 09:30pm,N/A,N/A,Peacock/NBCSN,,,10/9/2026,10.5,,,,No,ATL,13.5,20,,100,,10.5,12,-0.0325,under,10.5,10.47,11.49,0,Push
Stephanie TalbotPts+Asts,Stephanie TalbotPts+Asts14.5,WNBA,317883,Stephanie Talbot,F,LVA,Pts+Asts,14.5,TRUE,10/9/2026,12/30/1899,pre_game,WNBA,demon,https://static.prizepicks.com/images/players/WNBA/Stephanie_Talbot_WNBA_player_v6hnGHVjDs3ZNq5tDauoy5Dk.webp,15548375,6.5,53.47,46.53,-3.98,53.47,Over,https://www.freeiconspng.com/img/1934,,Yes,-4.5,156.6,Valkyries @ Aces,2026-10-10T01:30:00Z,Fri 09:30pm,N/A,N/A,Peacock/NBCSN,,,10/9/2026,6.5,,,,No,ATL,13.5,20,,100,,6.5,2,1.9156,over,6.5,8.42,8.98,0,Push
Tiffany HayesPts+Asts,Tiffany HayesPts+Asts14.5,WNBA,238101,Tiffany Hayes,G,GSV,Pts+Asts,14.5,TRUE,10/9/2026,12/30/1899,pre_game,WNBA,demon,https://static.prizepicks.com/images/players/WNBA/Tiffany_Hayes_WNBA_player_JZ73QF6RKriqG7DeqAWWKcDH.webp,15548495,10.5,50.1,49.9,-7.91,50.1,Over,https://www.freeiconspng.com/img/1934,,,,,Valkyries @ Aces,2026-10-10T01:30:00Z,Fri 09:30pm,N/A,N/A,Peacock/NBCSN,,,10/9/2026,10.5,,,,No,,14.27,20,,100,,10.5,,0,,10.5,10.5,11.5,0,Push
Tiffany HayesPts+Rebs,Tiffany HayesPts+Rebs14.5,WNBA,238101,Tiffany Hayes,G,GSV,Pts+Rebs,14.5,TRUE,10/9/2026,12/30/1899,pre_game,WNBA,demon,https://static.prizepicks.com/images/players/WNBA/Tiffany_Hayes_WNBA_player_JZ73QF6RKriqG7DeqAWWKcDH.webp,15548740,10.5,50.1,49.9,-7.91,50.1,Over,https://www.freeiconspng.com/img/1934,,,,,Valkyries @ Aces,2026-10-10T01:30:00Z,Fri 09:30pm,N/A,N/A,Peacock/NBCSN,,,10/9/2026,10.5,,,,No,,14.27,20,,100,,10.5,,0,,10.5,10.5,11.5,0,Push
Tiffany HayesPts+Rebs+Asts,Tiffany HayesPts+Rebs+Asts14.5,WNBA,238101,Tiffany Hayes,G,GSV,Pts+Rebs+Asts,14.5,TRUE,10/9/2026,12/30/1899,pre_game,WNBA,demon,https://static.prizepicks.com/images/players/WNBA/Tiffany_Hayes_WNBA_player_JZ73QF6RKriqG7DeqAWWKcDH.webp,15548747,12.94,48.55,51.45,-6.36,51.45,Under,https://www.freeiconspng.com/img/1934,,,,,Valkyries @ Aces,2026-10-10T01:30:00Z,Fri 09:30pm,N/A,N/A,Peacock/NBCSN,,,10/9/2026,12.94,,,,No,,14.27,20,,100,,12.94,,0,,12.94,12.94,13.33,0,Push
Gabby WilliamsRebs+Asts,Gabby WilliamsRebs+Asts14.5,WNBA,316568,Gabby Williams,F,GSV,Rebs+Asts,14.5,TRUE,10/9/2026,12/30/1899,pre_game,WNBA,demon,https://static.prizepicks.com/images/manual/Gabby Williams .png,15548786,7.5,54.07,45.93,-5.61,54.07,Over,https://www.freeiconspng.com/img/1934,,,,,Valkyries @ Aces,2026-10-10T01:30:00Z,Fri 09:30pm,N/A,N/A,Peacock/NBCSN,,,10/9/2026,7.5,,,,No,,31.53,30,,100,,7.5,,0,,7.5,7.5,9.25,0,Push
Kiah StokesRebounds,Kiah StokesRebounds13.5,WNBA,317423,Kiah Stokes,C,GSV,Rebounds,13.5,TRUE,10/9/2026,12/30/1899,pre_game,WNBA,demon,https://static.prizepicks.com/images/players/WNBA/Kiah_Stokes_WNBA_player_ndf93Nxv7e15yD38rl5xBPni.webp,15547975,7.5,51.78,48.22,-9.59,51.78,Over,https://www.freeiconspng.com/img/1934,,,,,Valkyries @ Aces,2026-10-10T01:30:00Z,Fri 09:30pm,N/A,N/A,Peacock/NBCSN,,,10/9/2026,7.5,,,,No,,20.32,21,,100,,7.5,,0,,7.5,7.5,8.7,7.5,Push
A'ja WilsonRebs+Asts,A'ja WilsonRebs+Asts13.5,WNBA,237843,A'ja Wilson,C,LVA,Rebs+Asts,13.5,TRUE,10/9/2026,12/30/1899,pre_game,WNBA,demon,https://static.prizepicks.com/images/players/WNBA/A'ja_Wilson_WNBA_player_e1fzWnin9JBoRKYaugxyyP08.webp,15548389,12.5,50.88,49.12,-5.64,50.88,Over,https://www.freeiconspng.com/img/1934,,Yes,-4.5,156.6,Valkyries @ Aces,2026-10-10T01:30:00Z,Fri 09:30pm,N/A,N/A,Peacock/NBCSN,,,10/9/2026,12.5,,,,No,ATL,48.39,32,,100,,12.5,12,-0.0325,under,12.5,12.47,12.74,0,Push
A'ja WilsonRebounds,A'ja WilsonRebounds13.5,WNBA,237843,A'ja Wilson,C,LVA,Rebounds,13.5,TRUE,10/9/2026,12/30/1899,pre_game,WNBA,demon,https://static.prizepicks.com/images/players/WNBA/A'ja_Wilson_WNBA_player_e1fzWnin9JBoRKYaugxyyP08.webp,15553045,10.29,45.91,54.09,,54.09,Under,https://www.freeiconspng.com/img/1934,,Yes,-4.5,156.6,Valkyries @ Aces,2026-10-10T01:30:00Z,Fri 09:30pm,N/A,N/A,Peacock/NBCSN,,,10/9/2026,10.29,,,,No,ATL,48.39,32,,100,,10.29,12,-0.0325,under,10.29,10.26,10.97,10.5,Best Bet
Tiffany HayesPts+Rebs+Asts,Tiffany HayesPts+Rebs+Asts13.5,WNBA,238101,Tiffany Hayes,G,GSV,Pts+Rebs+Asts,13.5,TRUE,10/9/2026,12/30/1899,pre_game,WNBA,demon,https://static.prizepicks.com/images/players/WNBA/Tiffany_Hayes_WNBA_player_JZ73QF6RKriqG7DeqAWWKcDH.webp,15584253,12.94,48.55,51.45,-6.36,51.45,Under,https://www.freeiconspng.com/img/1934,,,,,Valkyries @ Aces,2026-10-10T01:30:00Z,Fri 09:30pm,N/A,N/A,Peacock/NBCSN,,,10/9/2026,12.94,,,,No,,14.27,20,,100,,12.94,,0,,12.94,12.94,13.08,0,Push
Chelsea GrayFGAttempted,Chelsea GrayFGAttempted13.5,WNBA,237845,Chelsea Gray,G,LVA,FG Attempted,13.5,TRUE,10/9/2026,12/30/1899,pre_game,WNBA,demon,https://static.prizepicks.com/images/players/WNBA/Chelsea_Gray_WNBA_player_GHqO0xzbwyTjQ6fOf5m0CHE4.webp,15598514,,,,,,,,,Yes,-4.5,156.6,Valkyries @ Aces,2026-10-10T01:30:00Z,Fri 09:30pm,N/A,N/A,Peacock/NBCSN,,,10/9/2026,,,,,No,ATL,26.17,32,,,,0,2,1.9156,over,0,1.92,7.71,0,Push
Kiah StokesPts+Rebs+Asts,Kiah StokesPts+Rebs+Asts12.5,WNBA,317423,Kiah Stokes,C,GSV,Pts+Rebs+Asts,12.5,TRUE,10/9/2026,12/30/1899,pre_game,WNBA,demon,https://static.prizepicks.com/images/players/WNBA/Kiah_Stokes_WNBA_player_ndf93Nxv7e15yD38rl5xBPni.webp,15548086,11.88,50.89,49.11,,50.89,Over,https://www.freeiconspng.com/img/1934,,,,,Valkyries @ Aces,2026-10-10T01:30:00Z,Fri 09:30pm,N/A,N/A,Peacock/NBCSN,,,10/9/2026,11.88,,,,No,,20.32,21,,100,,11.88,,0,,11.88,11.88,12.04,0,Push
Stephanie TalbotPts+Rebs+Asts,Stephanie TalbotPts+Rebs+Asts12.5,WNBA,317883,Stephanie Talbot,F,LVA,Pts+Rebs+Asts,12.5,TRUE,10/9/2026,12/30/1899,pre_game,WNBA,demon,https://static.prizepicks.com/images/players/WNBA/Stephanie_Talbot_WNBA_player_v6hnGHVjDs3ZNq5tDauoy5Dk.webp,15548756,10.5,51.28,48.72,,51.28,Over,https://www.freeiconspng.com/img/1934,,Yes,-4.5,156.6,Valkyries @ Aces,2026-10-10T01:30:00Z,Fri 09:30pm,N/A,N/A,Peacock/NBCSN,,,10/9/2026,10.5,,,,No,ATL,13.5,20,,100,,10.5,12,-0.0325,under,10.5,10.47,10.99,0,Push
Chelsea GrayPoints,Chelsea GrayPoints12.5,WNBA,237845,Chelsea Gray,G,LVA,Points,12.5,TRUE,10/9/2026,12/30/1899,pre_game,WNBA,demon,https://static.prizepicks.com/images/players/WNBA/Chelsea_Gray_WNBA_player_GHqO0xzbwyTjQ6fOf5m0CHE4.webp,15563201,11.5,51.41,48.59,-9.22,51.41,Over,https://www.freeiconspng.com/img/1934,,Yes,-4.5,156.6,Valkyries @ Aces,2026-10-10T01:30:00Z,Fri 09:30pm,N/A,N/A,Peacock/NBCSN,,,10/9/2026,11.5,,,,No,ATL,26.17,32,,100,,11.5,4,0.2078,over,11.5,11.71,11.74,11.5,Push
Kiah StokesRebounds,Kiah StokesRebounds11.5,WNBA,317423,Kiah Stokes,C,GSV,Rebounds,11.5,TRUE,10/9/2026,12/30/1899,pre_game,WNBA,demon,https://static.prizepicks.com/images/players/WNBA/Kiah_Stokes_WNBA_player_ndf93Nxv7e15yD38rl5xBPni.webp,15547900,7.5,51.78,48.22,-9.59,51.78,Over,https://www.freeiconspng.com/img/1934,,,,,Valkyries @ Aces,2026-10-10T01:30:00Z,Fri 09:30pm,N/A,N/A,Peacock/NBCSN,,,10/9/2026,7.5,,,,No,,20.32,21,,100,,7.5,,0,,7.5,7.5,8.3,7.5,Push
A'ja WilsonRebounds,A'ja WilsonRebounds11.5,WNBA,237843,A'ja Wilson,C,LVA,Rebounds,11.5,TRUE,10/9/2026,12/30/1899,pre_game,WNBA,demon,https://static.prizepicks.com/images/players/WNBA/A'ja_Wilson_WNBA_player_e1fzWnin9JBoRKYaugxyyP08.webp,15548002,10.29,45.91,54.09,,54.09,Under,https://www.freeiconspng.com/img/1934,,Yes,-4.5,156.6,Valkyries @ Aces,2026-10-10T01:30:00Z,Fri 09:30pm,N/A,N/A,Peacock/NBCSN,,,10/9/2026,10.29,,,,No,ATL,48.39,32,,100,,10.29,12,-0.0325,under,10.29,10.26,10.57,10.5,Best Bet
Chelsea GrayAssists,Chelsea GrayAssists11.5,WNBA,237845,Chelsea Gray,G,LVA,Assists,11.5,TRUE,10/9/2026,12/30/1899,pre_game,WNBA,demon,https://static.prizepicks.com/images/players/WNBA/Chelsea_Gray_WNBA_player_GHqO0xzbwyTjQ6fOf5m0CHE4.webp,15548066,5.5,54.94,45.06,-6.6,54.94,Over,https://www.freeiconspng.com/img/1934,,Yes,-4.5,156.6,Valkyries @ Aces,2026-10-10T01:30:00Z,Fri 09:30pm,N/A,N/A,Peacock/NBCSN,,,10/9/2026,5.5,,,,No,ATL,26.17,32,,100,,5.5,8,-0.0047,under,5.5,5.5,6.7,5.5,Push
Veronica BurtonRebs+Asts,Veronica BurtonRebs+Asts11.5,WNBA,238261,Veronica Burton,G,GSV,Rebs+Asts,11.5,TRUE,10/9/2026,12/30/1899,pre_game,WNBA,demon,https://static.prizepicks.com/images/players/WNBA/Veronica_Burton_WNBA_player_PgQhWXIUPjwd5ndjpucEaD8E.webp,15548125,8.5,49.17,50.83,-5.69,50.83,Under,https://www.freeiconspng.com/img/1934,,,,,Valkyries @ Aces,2026-10-10T01:30:00Z,Fri 09:30pm,N/A,N/A,Peacock/NBCSN,,,10/9/2026,8.5,,,,No,,24.61,31,,100,,8.5,,0,,8.5,8.5,9.25,0,Push
Kiah StokesRebs+Asts,Kiah StokesRebs+Asts11.5,WNBA,317423,Kiah Stokes,C,GSV,Rebs+Asts,11.5,TRUE,10/9/2026,12/30/1899,pre_game,WNBA,demon,https://static.prizepicks.com/images/players/WNBA/Kiah_Stokes_WNBA_player_ndf93Nxv7e15yD38rl5xBPni.webp,15548132,9.5,46.38,53.62,-4.19,53.62,Under,https://www.freeiconspng.com/img/1934,,,,,Valkyries @ Aces,2026-10-10T01:30:00Z,Fri 09:30pm,N/A,N/A,Peacock/NBCSN,,,10/9/2026,9.5,,,,No,,20.32,21,,100,,9.5,,0,,9.5,9.5,10,0,Push
Chelsea GrayRebs+Asts,Chelsea GrayRebs+Asts11.5,WNBA,237845,Chelsea Gray,G,LVA,Rebs+Asts,11.5,TRUE,10/9/2026,12/30/1899,pre_game,WNBA,demon,https://static.prizepicks.com/images/players/WNBA/Chelsea_Gray_WNBA_player_GHqO0xzbwyTjQ6fOf5m0CHE4.webp,15548212,9.5,48.91,51.09,-5.81,51.09,Under,https://www.freeiconspng.com/img/1934,,Yes,-4.5,156.6,Valkyries @ Aces,2026-10-10T01:30:00Z,Fri 09:30pm,N/A,N/A,Peacock/NBCSN,,,10/9/2026,9.5,,,,No,ATL,26.17,32,,100,,9.5,12,-0.0325,under,9.5,9.47,9.99,0,Push
Jackie YoungRebs+Asts,Jackie YoungRebs+Asts11.5,WNBA,237846,Jackie Young,G,LVA,Rebs+Asts,11.5,TRUE,10/9/2026,12/30/1899,pre_game,WNBA,demon,https://static.prizepicks.com/images/players/WNBA/Jackie_Young_WNBA_player_xMYZ7NbkZrdioerQcMdWBKG9.webp,15548260,10.5,50.07,49.93,-4.68,50.07,Over,https://www.freeiconspng.com/img/1934,,Yes,-4.5,156.6,Valkyries @ Aces,2026-10-10T01:30:00Z,Fri 09:30pm,N/A,N/A,Peacock/NBCSN,,,10/9/2026,10.5,,,,No,ATL,33.24,31,,100,,10.5,12,-0.0325,under,10.5,10.47,10.74,0,Push
Jackie YoungAssists,Jackie YoungAssists11.5,WNBA,237846,Jackie Young,G,LVA,Assists,11.5,TRUE,10/9/2026,12/30/1899,pre_game,WNBA,demon,https://static.prizepicks.com/images/players/WNBA/Jackie_Young_WNBA_player_xMYZ7NbkZrdioerQcMdWBKG9.webp,15548276,6.5,45.34,54.66,,54.66,Under,https://www.freeiconspng.com/img/1934,,Yes,-4.5,156.6,Valkyries @ Aces,2026-10-10T01:30:00Z,Fri 09:30pm,N/A,N/A,Peacock/NBCSN,,,10/9/2026,6.5,,,,No,ATL,33.24,31,,100,,6.5,8,-0.0047,under,6.5,6.5,7.5,6.5,Best Bet
Kayla ThorntonRebounds,Kayla ThorntonRebounds10.5,WNBA,238102,Kayla Thornton,F,GSV,Rebounds,10.5,TRUE,10/9/2026,12/30/1899,pre_game,WNBA,demon,https://static.prizepicks.com/images/players/WNBA/Kayla_Thornton_WNBA_player_LW0QKyGiDE0bVq5F3TkgEtm8.webp,15547938,4.5,48.08,51.92,,51.92,Under,https://www.freeiconspng.com/img/1934,,,,,Valkyries @ Aces,2026-10-10T01:30:00Z,Fri 09:30pm,N/A,N/A,Peacock/NBCSN,,,10/9/2026,4.5,,,,No,,18,28,,100,,4.5,,0,,4.5,4.5,5.7,4.5,Best Bet
A'ja WilsonRebounds,A'ja WilsonRebounds10.5,WNBA,237843,A'ja Wilson,C,LVA,Rebounds,10.5,TRUE,10/9/2026,12/30/1899,pre_game,WNBA,demon,https://static.prizepicks.com/images/players/WNBA/A'ja_Wilson_WNBA_player_e1fzWnin9JBoRKYaugxyyP08.webp,15547998,10.29,45.91,54.09,,54.09,Under,https://www.freeiconspng.com/img/1934,,Yes,-4.5,156.6,Valkyries @ Aces,2026-10-10T01:30:00Z,Fri 09:30pm,N/A,N/A,Peacock/NBCSN,,,10/9/2026,10.29,,,,No,ATL,48.39,32,,100,,10.29,12,-0.0325,under,10.29,10.26,10.37,10.5,Best Bet
Veronica BurtonPoints,Veronica BurtonPoints10.5,WNBA,238261,Veronica Burton,G,GSV,Points,10.5,TRUE,10/9/2026,12/30/1899,pre_game,WNBA,demon,https://static.prizepicks.com/images/players/WNBA/Veronica_Burton_WNBA_player_PgQhWXIUPjwd5ndjpucEaD8E.webp,15548000,10.5,47.02,52.98,,52.98,Under,https://www.freeiconspng.com/img/1934,,,,,Valkyries @ Aces,2026-10-10T01:30:00Z,Fri 09:30pm,N/A,N/A,Peacock/NBCSN,,,10/9/2026,10.5,,,,No,,24.61,31,47.02,52.98,47.02,10.5,,0,,10.5,10.5,10.5,0,Push
Cecilia ZandalasiniPts+Rebs+Asts,Cecilia ZandalasiniPts+Rebs+Asts10.5,WNBA,249153,Cecilia Zandalasini,F,GSV,Pts+Rebs+Asts,10.5,TRUE,10/9/2026,12/30/1899,pre_game,WNBA,demon,https://static.prizepicks.com/images/players/WNBA/Cecilia_Zandalasini_WNBA_player_J9EZms55fyBgGOFTRR36l10v.webp,15548115,9.69,51.94,48.06,,51.94,Over,https://www.freeiconspng.com/img/1934,,,,,Valkyries @ Aces,2026-10-10T01:30:00Z,Fri 09:30pm,N/A,N/A,Peacock/NBCSN,,,10/9/2026,9.69,,,,No,,11.81,17,,100,,9.69,,0,,9.69,9.69,9.89,0,Push
Chelsea GrayRebs+Asts,Chelsea GrayRebs+Asts10.5,WNBA,237845,Chelsea Gray,G,LVA,Rebs+Asts,10.5,TRUE,10/9/2026,12/30/1899,pre_game,WNBA,demon,https://static.prizepicks.com/images/players/WNBA/Chelsea_Gray_WNBA_player_GHqO0xzbwyTjQ6fOf5m0CHE4.webp,15560822,9.5,48.91,51.09,-5.81,51.09,Under,https://www.freeiconspng.com/img/1934,,Yes,-4.5,156.6,Valkyries @ Aces,2026-10-10T01:30:00Z,Fri 09:30pm,N/A,N/A,Peacock/NBCSN,,,10/9/2026,9.5,,,,No,ATL,26.17,32,,100,,9.5,12,-0.0325,under,9.5,9.47,9.74,0,Push
Tiffany HayesRebs+Asts,Tiffany HayesRebs+Asts10.5,WNBA,238101,Tiffany Hayes,G,GSV,Rebs+Asts,10.5,TRUE,10/9/2026,12/30/1899,pre_game,WNBA,demon,https://static.prizepicks.com/images/players/WNBA/Tiffany_Hayes_WNBA_player_JZ73QF6RKriqG7DeqAWWKcDH.webp,15578046,4.5,42.65,57.35,-4.34,57.35,Under,https://www.freeiconspng.com/img/1934,,,,,Valkyries @ Aces,2026-10-10T01:30:00Z,Fri 09:30pm,N/A,N/A,Peacock/NBCSN,,,10/9/2026,4.5,,,,No,,14.27,20,,100,,4.5,,0,,4.5,4.5,6,0,Push
Veronica BurtonFGAttempted,Veronica BurtonFGAttempted10.5,WNBA,238261,Veronica Burton,G,GSV,FG Attempted,10.5,TRUE,10/9/2026,12/30/1899,pre_game,WNBA,demon,https://static.prizepicks.com/images/players/WNBA/Veronica_Burton_WNBA_player_PgQhWXIUPjwd5ndjpucEaD8E.webp,15598520,,,,,,,,,,,,Valkyries @ Aces,2026-10-10T01:30:00Z,Fri 09:30pm,N/A,N/A,Peacock/NBCSN,,,10/9/2026,,,,,No,,24.61,31,,,,0,,0,,0,0,10.5,0,Push
Jackie YoungAssists,Jackie YoungAssists9.5,WNBA,237846,Jackie Young,G,LVA,Assists,9.5,TRUE,10/9/2026,12/30/1899,pre_game,WNBA,demon,https://static.prizepicks.com/images/players/WNBA/Jackie_Young_WNBA_player_xMYZ7NbkZrdioerQcMdWBKG9.webp,15547862,6.5,45.34,54.66,,54.66,Under,https://www.freeiconspng.com/img/1934,,Yes,-4.5,156.6,Valkyries @ Aces,2026-10-10T01:30:00Z,Fri 09:30pm,N/A,N/A,Peacock/NBCSN,,,10/9/2026,6.5,,,,No,ATL,33.24,31,,100,,6.5,8,-0.0047,under,6.5,6.5,7.1,6.5,Best Bet
Cecilia ZandalasiniPoints,Cecilia ZandalasiniPoints9.5,WNBA,249153,Cecilia Zandalasini,F,GSV,Points,9.5,TRUE,10/9/2026,12/30/1899,pre_game,WNBA,demon,https://static.prizepicks.com/images/players/WNBA/Cecilia_Zandalasini_WNBA_player_J9EZms55fyBgGOFTRR36l10v.webp,15547875,6.5,49.65,50.35,-7.46,50.35,Under,https://www.freeiconspng.com/img/1934,,,,,Valkyries @ Aces,2026-10-10T01:30:00Z,Fri 09:30pm,N/A,N/A,Peacock/NBCSN,,,10/9/2026,6.5,,,,No,,11.81,17,,100,,6.5,,0,,6.5,6.5,7.1,6.5,Best Bet
Veronica BurtonAssists,Veronica BurtonAssists9.5,WNBA,238261,Veronica Burton,G,GSV,Assists,9.5,TRUE,10/9/2026,12/30/1899,pre_game,WNBA,demon,https://static.prizepicks.com/images/players/WNBA/Veronica_Burton_WNBA_player_PgQhWXIUPjwd5ndjpucEaD8E.webp,15547879,4.5,53.95,46.05,-6.05,53.95,Over,https://www.freeiconspng.com/img/1934,,,,,Valkyries @ Aces,2026-10-10T01:30:00Z,Fri 09:30pm,N/A,N/A,Peacock/NBCSN,,,10/9/2026,4.5,,,,No,,24.61,31,,100,,4.5,,0,,4.5,4.5,5.75,0,Push
Kayla ThorntonPoints,Kayla ThorntonPoints9.5,WNBA,238102,Kayla Thornton,F,GSV,Points,9.5,TRUE,10/9/2026,12/30/1899,pre_game,WNBA,demon,https://static.prizepicks.com/images/players/WNBA/Kayla_Thornton_WNBA_player_LW0QKyGiDE0bVq5F3TkgEtm8.webp,15547908,7.5,50.22,49.78,-3.71,50.22,Over,https://www.freeiconspng.com/img/1934,,,,,Valkyries @ Aces,2026-10-10T01:30:00Z,Fri 09:30pm,N/A,N/A,Peacock/NBCSN,,,10/9/2026,7.5,,,,No,,18,28,,100,,7.5,,0,,7.5,7.5,7.9,7.5,Push
Kiah StokesRebounds,Kiah StokesRebounds9.5,WNBA,317423,Kiah Stokes,C,GSV,Rebounds,9.5,TRUE,10/9/2026,12/30/1899,pre_game,WNBA,demon,https://static.prizepicks.com/images/players/WNBA/Kiah_Stokes_WNBA_player_ndf93Nxv7e15yD38rl5xBPni.webp,15547910,7.5,51.78,48.22,-9.59,51.78,Over,https://www.freeiconspng.com/img/1934,,,,,Valkyries @ Aces,2026-10-10T01:30:00Z,Fri 09:30pm,N/A,N/A,Peacock/NBCSN,,,10/9/2026,7.5,,,,No,,20.32,21,,100,,7.5,,0,,7.5,7.5,7.9,7.5,Push
Jewell LoydPoints,Jewell LoydPoints9.5,WNBA,237844,Jewell Loyd,G,LVA,Points,9.5,TRUE,10/9/2026,12/30/1899,pre_game,WNBA,demon,https://static.prizepicks.com/images/players/WNBA/Jewell_Loyd_WNBA_player_kl6eTaXsduFI7E6eDj4QuueY.webp,15547936,7.5,48.01,51.99,-5.82,51.99,Under,https://www.freeiconspng.com/img/1934,,Yes,-4.5,156.6,Valkyries @ Aces,2026-10-10T01:30:00Z,Fri 09:30pm,N/A,N/A,Peacock/NBCSN,,,10/9/2026,7.5,,,,No,ATL,16.73,28,,100,,7.5,4,0.2078,over,7.5,7.71,7.94,7.5,Best Bet
Stephanie TalbotPoints,Stephanie TalbotPoints9.5,WNBA,317883,Stephanie Talbot,F,LVA,Points,9.5,TRUE,10/9/2026,12/30/1899,pre_game,WNBA,demon,https://static.prizepicks.com/images/players/WNBA/Stephanie_Talbot_WNBA_player_v6hnGHVjDs3ZNq5tDauoy5Dk.webp,15547943,5.5,48.85,51.15,-6.66,51.15,Under,https://www.freeiconspng.com/img/1934,,Yes,-4.5,156.6,Valkyries @ Aces,2026-10-10T01:30:00Z,Fri 09:30pm,N/A,N/A,Peacock/NBCSN,,,10/9/2026,5.5,,,,No,ATL,13.5,20,,100,,5.5,4,0.2078,over,5.5,5.71,6.34,5.5,Best Bet
Chelsea GrayAssists,Chelsea GrayAssists9.5,WNBA,237845,Chelsea Gray,G,LVA,Assists,9.5,TRUE,10/9/2026,12/30/1899,pre_game,WNBA,demon,https://static.prizepicks.com/images/players/WNBA/Chelsea_Gray_WNBA_player_GHqO0xzbwyTjQ6fOf5m0CHE4.webp,15547960,5.5,54.94,45.06,-6.6,54.94,Over,https://www.freeiconspng.com/img/1934,,Yes,-4.5,156.6,Valkyries @ Aces,2026-10-10T01:30:00Z,Fri 09:30pm,N/A,N/A,Peacock/NBCSN,,,10/9/2026,5.5,,,,No,ATL,26.17,32,,100,,5.5,8,-0.0047,under,5.5,5.5,6.3,5.5,Push
Tiffany HayesPoints,Tiffany HayesPoints9.5,WNBA,238101,Tiffany Hayes,G,GSV,Points,9.5,TRUE,10/9/2026,12/30/1899,pre_game,WNBA,demon,https://static.prizepicks.com/images/players/WNBA/Tiffany_Hayes_WNBA_player_JZ73QF6RKriqG7DeqAWWKcDH.webp,15547966,8.5,50.22,49.78,-8.03,50.22,Over,https://www.freeiconspng.com/img/1934,,,,,Valkyries @ Aces,2026-10-10T01:30:00Z,Fri 09:30pm,N/A,N/A,Peacock/NBCSN,,,10/9/2026,8.5,,,,No,,14.27,20,,100,,8.5,,0,,8.5,8.5,8.7,8.5,Push
Cecilia ZandalasiniPts+Asts,Cecilia ZandalasiniPts+Asts9.5,WNBA,249153,Cecilia Zandalasini,F,GSV,Pts+Asts,9.5,TRUE,10/9/2026,12/30/1899,pre_game,WNBA,demon,https://static.prizepicks.com/images/players/WNBA/Cecilia_Zandalasini_WNBA_player_J9EZms55fyBgGOFTRR36l10v.webp,15548081,7.5,50.5,49.5,,50.5,Over,https://www.freeiconspng.com/img/1934,,,,,Valkyries @ Aces,2026-10-10T01:30:00Z,Fri 09:30pm,N/A,N/A,Peacock/NBCSN,,,10/9/2026,7.5,,,,No,,11.81,17,,100,,7.5,,0,,7.5,7.5,8,0,Push
Gabby WilliamsRebs+Asts,Gabby WilliamsRebs+Asts9.5,WNBA,316568,Gabby Williams,F,GSV,Rebs+Asts,9.5,TRUE,10/9/2026,12/30/1899,pre_game,WNBA,demon,https://static.prizepicks.com/images/manual/Gabby Williams .png,15548082,7.5,54.07,45.93,-5.61,54.07,Over,https://www.freeiconspng.com/img/1934,,,,,Valkyries @ Aces,2026-10-10T01:30:00Z,Fri 09:30pm,N/A,N/A,Peacock/NBCSN,,,10/9/2026,7.5,,,,No,,31.53,30,,100,,7.5,,0,,7.5,7.5,8,0,Push
Kayla ThorntonPts+Asts,Kayla ThorntonPts+Asts9.5,WNBA,238102,Kayla Thornton,F,GSV,Pts+Asts,9.5,TRUE,10/9/2026,12/30/1899,pre_game,WNBA,demon,https://static.prizepicks.com/images/players/WNBA/Kayla_Thornton_WNBA_player_LW0QKyGiDE0bVq5F3TkgEtm8.webp,15548092,8.5,49.7,50.3,-7.51,50.3,Under,https://www.freeiconspng.com/img/1934,,,,,Valkyries @ Aces,2026-10-10T01:30:00Z,Fri 09:30pm,N/A,N/A,Peacock/NBCSN,,,10/9/2026,8.5,,,,No,,18,28,,100,,8.5,,0,,8.5,8.5,8.75,0,Push
Veronica BurtonRebs+Asts,Veronica BurtonRebs+Asts9.5,WNBA,238261,Veronica Burton,G,GSV,Rebs+Asts,9.5,TRUE,10/9/2026,12/30/1899,pre_game,WNBA,demon,https://static.prizepicks.com/images/players/WNBA/Veronica_Burton_WNBA_player_PgQhWXIUPjwd5ndjpucEaD8E.webp,15548126,8.5,49.17,50.83,-5.69,50.83,Under,https://www.freeiconspng.com/img/1934,,,,,Valkyries @ Aces,2026-10-10T01:30:00Z,Fri 09:30pm,N/A,N/A,Peacock/NBCSN,,,10/9/2026,8.5,,,,No,,24.61,31,,100,,8.5,,0,,8.5,8.5,8.75,0,Push
Cecilia ZandalasiniPts+Rebs,Cecilia ZandalasiniPts+Rebs9.5,WNBA,249153,Cecilia Zandalasini,F,GSV,Pts+Rebs,9.5,TRUE,10/9/2026,12/30/1899,pre_game,WNBA,demon,https://static.prizepicks.com/images/players/WNBA/Cecilia_Zandalasini_WNBA_player_J9EZms55fyBgGOFTRR36l10v.webp,15548129,8.5,50.03,49.97,-7.84,50.03,Over,https://www.freeiconspng.com/img/1934,,,,,Valkyries @ Aces,2026-10-10T01:30:00Z,Fri 09:30pm,N/A,N/A,Peacock/NBCSN,,,10/9/2026,8.5,,,,No,,11.81,17,,100,,8.5,,0,,8.5,8.5,8.75,0,Push
Stephanie TalbotPts+Asts,Stephanie TalbotPts+Asts9.5,WNBA,317883,Stephanie Talbot,F,LVA,Pts+Asts,9.5,TRUE,10/9/2026,12/30/1899,pre_game,WNBA,demon,https://static.prizepicks.com/images/players/WNBA/Stephanie_Talbot_WNBA_player_v6hnGHVjDs3ZNq5tDauoy5Dk.webp,15548217,6.5,53.47,46.53,-3.98,53.47,Over,https://www.freeiconspng.com/img/1934,,Yes,-4.5,156.6,Valkyries @ Aces,2026-10-10T01:30:00Z,Fri 09:30pm,N/A,N/A,Peacock/NBCSN,,,10/9/2026,6.5,,,,No,ATL,13.5,20,,100,,6.5,2,1.9156,over,6.5,8.42,7.73,0,Push
Jackie YoungRebounds,Jackie YoungRebounds9.5,WNBA,237846,Jackie Young,G,LVA,Rebounds,9.5,TRUE,10/9/2026,12/30/1899,pre_game,WNBA,demon,https://static.prizepicks.com/images/players/WNBA/Jackie_Young_WNBA_player_xMYZ7NbkZrdioerQcMdWBKG9.webp,15548278,4.5,42.94,57.06,-5.9,57.06,Under,https://www.freeiconspng.com/img/1934,,Yes,-4.5,156.6,Valkyries @ Aces,2026-10-10T01:30:00Z,Fri 09:30pm,N/A,N/A,Peacock/NBCSN,,,10/9/2026,4.5,,,,No,ATL,33.24,31,,100,,4.5,12,-0.0325,under,4.5,4.47,5.49,4.5,Best Bet
Kiah StokesRebs+Asts,Kiah StokesRebs+Asts9.5,WNBA,317423,Kiah Stokes,C,GSV,Rebs+Asts,9.5,TRUE,10/9/2026,12/30/1899,pre_game,WNBA,demon,https://static.prizepicks.com/images/players/WNBA/Kiah_Stokes_WNBA_player_ndf93Nxv7e15yD38rl5xBPni.webp,15600695,9.5,46.38,53.62,-4.19,53.62,Under,https://www.freeiconspng.com/img/1934,,,,,Valkyries @ Aces,2026-10-10T01:30:00Z,Fri 09:30pm,N/A,N/A,Peacock/NBCSN,,,10/9/2026,9.5,,,,No,,20.32,21,46.38,53.62,46.38,9.5,,0,,9.5,9.5,9.5,0,Push
Gabby WilliamsRebs+Asts,Gabby WilliamsRebs+Asts8.5,WNBA,316568,Gabby Williams,F,GSV,Rebs+Asts,8.5,TRUE,10/9/2026,12/30/1899,pre_game,WNBA,demon,https://static.prizepicks.com/images/manual/Gabby Williams .png,15547915,7.5,54.07,45.93,-5.61,54.07,Over,https://www.freeiconspng.com/img/1934,,,,,Valkyries @ Aces,2026-10-10T01:30:00Z,Fri 09:30pm,N/A,N/A,Peacock/NBCSN,,,10/9/2026,7.5,,,,No,,31.53,30,,100,,7.5,,0,,7.5,7.5,7.75,0,Push
Stephanie TalbotRebounds,Stephanie TalbotRebounds8.5,WNBA,317883,Stephanie Talbot,F,LVA,Rebounds,8.5,TRUE,10/9/2026,12/30/1899,pre_game,WNBA,demon,https://static.prizepicks.com/images/players/WNBA/Stephanie_Talbot_WNBA_player_v6hnGHVjDs3ZNq5tDauoy5Dk.webp,15547945,3.5,51.15,48.85,,51.15,Over,https://www.freeiconspng.com/img/1934,,Yes,-4.5,156.6,Valkyries @ Aces,2026-10-10T01:30:00Z,Fri 09:30pm,N/A,N/A,Peacock/NBCSN,,,10/9/2026,3.5,,,,No,ATL,13.5,20,,100,,3.5,12,-0.0325,under,3.5,3.47,4.49,3.5,Push
Cecilia ZandalasiniPts+Asts,Cecilia ZandalasiniPts+Asts8.5,WNBA,249153,Cecilia Zandalasini,F,GSV,Pts+Asts,8.5,TRUE,10/9/2026,12/30/1899,pre_game,WNBA,demon,https://static.prizepicks.com/images/players/WNBA/Cecilia_Zandalasini_WNBA_player_J9EZms55fyBgGOFTRR36l10v.webp,15548162,7.5,50.5,49.5,,50.5,Over,https://www.freeiconspng.com/img/1934,,,,,Valkyries @ Aces,2026-10-10T01:30:00Z,Fri 09:30pm,N/A,N/A,Peacock/NBCSN,,,10/9/2026,7.5,,,,No,,11.81,17,,100,,7.5,,0,,7.5,7.5,7.75,0,Push
Gabby WilliamsRebounds,Gabby WilliamsRebounds8.5,WNBA,316568,Gabby Williams,F,GSV,Rebounds,8.5,TRUE,10/9/2026,12/30/1899,pre_game,WNBA,demon,https://static.prizepicks.com/images/manual/Gabby Williams .png,15548166,4.5,46.47,53.53,,53.53,Under,https://www.freeiconspng.com/img/1934,,,,,Valkyries @ Aces,2026-10-10T01:30:00Z,Fri 09:30pm,N/A,N/A,Peacock/NBCSN,,,10/9/2026,4.5,,,,No,,31.53,30,,100,,4.5,,0,,4.5,4.5,5.3,4.5,Best Bet
Kiah StokesRebounds,Kiah StokesRebounds8.5,WNBA,317423,Kiah Stokes,C,GSV,Rebounds,8.5,TRUE,10/9/2026,12/30/1899,pre_game,WNBA,demon,https://static.prizepicks.com/images/players/WNBA/Kiah_Stokes_WNBA_player_ndf93Nxv7e15yD38rl5xBPni.webp,15548169,7.5,51.78,48.22,-9.59,51.78,Over,https://www.freeiconspng.com/img/1934,,,,,Valkyries @ Aces,2026-10-10T01:30:00Z,Fri 09:30pm,N/A,N/A,Peacock/NBCSN,,,10/9/2026,7.5,,,,No,,20.32,21,,100,,7.5,,0,,7.5,7.5,7.7,7.5,Push
Jewell LoydPoints,Jewell LoydPoints8.5,WNBA,237844,Jewell Loyd,G,LVA,Points,8.5,TRUE,10/9/2026,12/30/1899,pre_game,WNBA,demon,https://static.prizepicks.com/images/players/WNBA/Jewell_Loyd_WNBA_player_kl6eTaXsduFI7E6eDj4QuueY.webp,15550522,7.5,48.01,51.99,-5.82,51.99,Under,https://www.freeiconspng.com/img/1934,,Yes,-4.5,156.6,Valkyries @ Aces,2026-10-10T01:30:00Z,Fri 09:30pm,N/A,N/A,Peacock/NBCSN,,,10/9/2026,7.5,,,,No,ATL,16.73,28,,100,,7.5,4,0.2078,over,7.5,7.71,7.74,7.5,Best Bet
Kayla ThorntonPoints,Kayla ThorntonPoints8.5,WNBA,238102,Kayla Thornton,F,GSV,Points,8.5,TRUE,10/9/2026,12/30/1899,pre_game,WNBA,demon,https://static.prizepicks.com/images/players/WNBA/Kayla_Thornton_WNBA_player_LW0QKyGiDE0bVq5F3TkgEtm8.webp,15573869,7.5,50.22,49.78,-3.71,50.22,Over,https://www.freeiconspng.com/img/1934,,,,,Valkyries @ Aces,2026-10-10T01:30:00Z,Fri 09:30pm,N/A,N/A,Peacock/NBCSN,,,10/9/2026,7.5,,,,No,,18,28,,100,,7.5,,0,,7.5,7.5,7.7,7.5,Push
Gabby WilliamsRebounds,Gabby WilliamsRebounds7.5,WNBA,316568,Gabby Williams,F,GSV,Rebounds,7.5,TRUE,10/9/2026,12/30/1899,pre_game,WNBA,demon,https://static.prizepicks.com/images/manual/Gabby Williams .png,15547901,4.5,46.47,53.53,,53.53,Under,https://www.freeiconspng.com/img/1934,,,,,Valkyries @ Aces,2026-10-10T01:30:00Z,Fri 09:30pm,N/A,N/A,Peacock/NBCSN,,,10/9/2026,4.5,,,,No,,31.53,30,,100,,4.5,,0,,4.5,4.5,5.1,4.5,Best Bet
Kayla ThorntonRebounds,Kayla ThorntonRebounds7.5,WNBA,238102,Kayla Thornton,F,GSV,Rebounds,7.5,TRUE,10/9/2026,12/30/1899,pre_game,WNBA,demon,https://static.prizepicks.com/images/players/WNBA/Kayla_Thornton_WNBA_player_LW0QKyGiDE0bVq5F3TkgEtm8.webp,15547944,4.5,48.08,51.92,,51.92,Under,https://www.freeiconspng.com/img/1934,,,,,Valkyries @ Aces,2026-10-10T01:30:00Z,Fri 09:30pm,N/A,N/A,Peacock/NBCSN,,,10/9/2026,4.5,,,,No,,18,28,,100,,4.5,,0,,4.5,4.5,5.1,4.5,Best Bet
Chelsea GrayAssists,Chelsea GrayAssists7.5,WNBA,237845,Chelsea Gray,G,LVA,Assists,7.5,TRUE,10/9/2026,12/30/1899,pre_game,WNBA,demon,https://static.prizepicks.com/images/players/WNBA/Chelsea_Gray_WNBA_player_GHqO0xzbwyTjQ6fOf5m0CHE4.webp,15547959,5.5,54.94,45.06,-6.6,54.94,Over,https://www.freeiconspng.com/img/1934,,Yes,-4.5,156.6,Valkyries @ Aces,2026-10-10T01:30:00Z,Fri 09:30pm,N/A,N/A,Peacock/NBCSN,,,10/9/2026,5.5,,,,No,ATL,26.17,32,,100,,5.5,8,-0.0047,under,5.5,5.5,5.9,5.5,Push
Jackie YoungRebounds,Jackie YoungRebounds7.5,WNBA,237846,Jackie Young,G,LVA,Rebounds,7.5,TRUE,10/9/2026,12/30/1899,pre_game,WNBA,demon,https://static.prizepicks.com/images/players/WNBA/Jackie_Young_WNBA_player_xMYZ7NbkZrdioerQcMdWBKG9.webp,15547982,4.5,42.94,57.06,-5.9,57.06,Under,https://www.freeiconspng.com/img/1934,,Yes,-4.5,156.6,Valkyries @ Aces,2026-10-10T01:30:00Z,Fri 09:30pm,N/A,N/A,Peacock/NBCSN,,,10/9/2026,4.5,,,,No,ATL,33.24,31,,100,,4.5,12,-0.0325,under,4.5,4.47,5.09,4.5,Best Bet
Jackie YoungAssists,Jackie YoungAssists7.5,WNBA,237846,Jackie Young,G,LVA,Assists,7.5,TRUE,10/9/2026,12/30/1899,pre_game,WNBA,demon,https://static.prizepicks.com/images/players/WNBA/Jackie_Young_WNBA_player_xMYZ7NbkZrdioerQcMdWBKG9.webp,15547995,6.5,45.34,54.66,,54.66,Under,https://www.freeiconspng.com/img/1934,,Yes,-4.5,156.6,Valkyries @ Aces,2026-10-10T01:30:00Z,Fri 09:30pm,N/A,N/A,Peacock/NBCSN,,,10/9/2026,6.5,,,,No,ATL,33.24,31,,100,,6.5,8,-0.0047,under,6.5,6.5,6.7,6.5,Best Bet
Veronica BurtonAssists,Veronica BurtonAssists7.5,WNBA,238261,Veronica Burton,G,GSV,Assists,7.5,TRUE,10/9/2026,12/30/1899,pre_game,WNBA,demon,https://static.prizepicks.com/images/players/WNBA/Veronica_Burton_WNBA_player_PgQhWXIUPjwd5ndjpucEaD8E.webp,15548014,4.5,53.95,46.05,-6.05,53.95,Over,https://www.freeiconspng.com/img/1934,,,,,Valkyries @ Aces,2026-10-10T01:30:00Z,Fri 09:30pm,N/A,N/A,Peacock/NBCSN,,,10/9/2026,4.5,,,,No,,24.61,31,,100,,4.5,,0,,4.5,4.5,5.25,0,Push
Gabby WilliamsAssists,Gabby WilliamsAssists7.5,WNBA,316568,Gabby Williams,F,GSV,Assists,7.5,TRUE,10/9/2026,12/30/1899,pre_game,WNBA,demon,https://static.prizepicks.com/images/manual/Gabby Williams .png,15548028,3.5,45.97,54.03,,54.03,Under,https://www.freeiconspng.com/img/1934,,,,,Valkyries @ Aces,2026-10-10T01:30:00Z,Fri 09:30pm,N/A,N/A,Peacock/NBCSN,,,10/9/2026,3.5,,,,No,,31.53,30,,100,,3.5,,0,,3.5,3.5,4.3,3.5,Best Bet
Cecilia ZandalasiniPoints,Cecilia ZandalasiniPoints7.5,WNBA,249153,Cecilia Zandalasini,F,GSV,Points,7.5,TRUE,10/9/2026,12/30/1899,pre_game,WNBA,demon,https://static.prizepicks.com/images/players/WNBA/Cecilia_Zandalasini_WNBA_player_J9EZms55fyBgGOFTRR36l10v.webp,15548147,6.5,49.65,50.35,-7.46,50.35,Under,https://www.freeiconspng.com/img/1934,,,,,Valkyries @ Aces,2026-10-10T01:30:00Z,Fri 09:30pm,N/A,N/A,Peacock/NBCSN,,,10/9/2026,6.5,,,,No,,11.81,17,,100,,6.5,,0,,6.5,6.5,6.7,6.5,Best Bet
Veronica BurtonRebounds,Veronica BurtonRebounds7.5,WNBA,238261,Veronica Burton,G,GSV,Rebounds,7.5,TRUE,10/9/2026,12/30/1899,pre_game,WNBA,demon,https://static.prizepicks.com/images/players/WNBA/Veronica_Burton_WNBA_player_PgQhWXIUPjwd5ndjpucEaD8E.webp,15548161,3.5,45.81,54.19,,54.19,Under,https://www.freeiconspng.com/img/1934,,,,,Valkyries @ Aces,2026-10-10T01:30:00Z,Fri 09:30pm,N/A,N/A,Peacock/NBCSN,,,10/9/2026,3.5,,,,No,,24.61,31,,100,,3.5,,0,,3.5,3.5,4.5,0,Push
Stephanie TalbotPoints,Stephanie TalbotPoints7.5,WNBA,317883,Stephanie Talbot,F,LVA,Points,7.5,TRUE,10/9/2026,12/30/1899,pre_game,WNBA,demon,https://static.prizepicks.com/images/players/WNBA/Stephanie_Talbot_WNBA_player_v6hnGHVjDs3ZNq5tDauoy5Dk.webp,15548258,5.5,48.85,51.15,-6.66,51.15,Under,https://www.freeiconspng.com/img/1934,,Yes,-4.5,156.6,Valkyries @ Aces,2026-10-10T01:30:00Z,Fri 09:30pm,N/A,N/A,Peacock/NBCSN,,,10/9/2026,5.5,,,,No,ATL,13.5,20,,100,,5.5,4,0.2078,over,5.5,5.71,5.94,5.5,Best Bet
Chelsea GrayRebounds,Chelsea GrayRebounds7.5,WNBA,237845,Chelsea Gray,G,LVA,Rebounds,7.5,TRUE,10/9/2026,12/30/1899,pre_game,WNBA,demon,https://static.prizepicks.com/images/players/WNBA/Chelsea_Gray_WNBA_player_GHqO0xzbwyTjQ6fOf5m0CHE4.webp,15548275,3.5,43.38,56.62,-3.38,56.62,Under,https://www.freeiconspng.com/img/1934,,Yes,-4.5,156.6,Valkyries @ Aces,2026-10-10T01:30:00Z,Fri 09:30pm,N/A,N/A,Peacock/NBCSN,,,10/9/2026,3.5,,,,No,ATL,26.17,32,,100,,3.5,12,-0.0325,under,3.5,3.47,4.29,3.5,Best Bet
Kiah StokesPoints,Kiah StokesPoints7.5,WNBA,317423,Kiah Stokes,C,GSV,Points,7.5,TRUE,10/9/2026,12/30/1899,pre_game,WNBA,demon,https://static.prizepicks.com/images/players/WNBA/Kiah_Stokes_WNBA_player_ndf93Nxv7e15yD38rl5xBPni.webp,15550517,2.5,47.6,52.4,-5.41,52.4,Under,https://www.freeiconspng.com/img/1934,,,,,Valkyries @ Aces,2026-10-10T01:30:00Z,Fri 09:30pm,N/A,N/A,Peacock/NBCSN,,,10/9/2026,2.5,,,,No,,20.32,21,,100,,2.5,,0,,2.5,2.5,3.9,4.5,Best Bet
Gabby Williams3-PTAttempted,Gabby Williams3-PTAttempted7.5,WNBA,316568,Gabby Williams,F,GSV,3-PT Attempted,7.5,TRUE,10/9/2026,12/30/1899,pre_game,WNBA,demon,https://static.prizepicks.com/images/manual/Gabby Williams .png,15598528,,,,,,,,,,,,Valkyries @ Aces,2026-10-10T01:30:00Z,Fri 09:30pm,N/A,N/A,Peacock/NBCSN,,,10/9/2026,,,,,No,,31.53,30,,,,0,,0,,0,0,7.5,0,Push
Jackie Young3-PTAttempted,Jackie Young3-PTAttempted7.5,WNBA,237846,Jackie Young,G,LVA,3-PT Attempted,7.5,TRUE,10/9/2026,12/30/1899,pre_game,WNBA,demon,https://static.prizepicks.com/images/players/WNBA/Jackie_Young_WNBA_player_xMYZ7NbkZrdioerQcMdWBKG9.webp,15598531,,,,,,,,,Yes,-4.5,156.6,Valkyries @ Aces,2026-10-10T01:30:00Z,Fri 09:30pm,N/A,N/A,Peacock/NBCSN,,,10/9/2026,,,,,No,ATL,33.24,31,,,,0,2,1.9156,over,0,1.92,4.71,0,Push
Jackie YoungAssists,Jackie YoungAssists6.5,WNBA,237846,Jackie Young,G,LVA,Assists,6.5,TRUE,10/9/2026,12/30/1899,pre_game,WNBA,demon,https://static.prizepicks.com/images/players/WNBA/Jackie_Young_WNBA_player_xMYZ7NbkZrdioerQcMdWBKG9.webp,15547911,6.5,45.34,54.66,,54.66,Under,https://www.freeiconspng.com/img/1934,,Yes,-4.5,156.6,Valkyries @ Aces,2026-10-10T01:30:00Z,Fri 09:30pm,N/A,N/A,Peacock/NBCSN,,,10/9/2026,6.5,,,,No,ATL,33.24,31,45.34,54.66,45.34,6.5,8,-0.0047,under,6.5,6.5,6.5,6.5,Best Bet
Kayla ThorntonRebounds,Kayla ThorntonRebounds6.5,WNBA,238102,Kayla Thornton,F,GSV,Rebounds,6.5,TRUE,10/9/2026,12/30/1899,pre_game,WNBA,demon,https://static.prizepicks.com/images/players/WNBA/Kayla_Thornton_WNBA_player_LW0QKyGiDE0bVq5F3TkgEtm8.webp,15548075,4.5,48.08,51.92,,51.92,Under,https://www.freeiconspng.com/img/1934,,,,,Valkyries @ Aces,2026-10-10T01:30:00Z,Fri 09:30pm,N/A,N/A,Peacock/NBCSN,,,10/9/2026,4.5,,,,No,,18,28,,100,,4.5,,0,,4.5,4.5,4.9,4.5,Best Bet
Veronica BurtonAssists,Veronica BurtonAssists6.5,WNBA,238261,Veronica Burton,G,GSV,Assists,6.5,TRUE,10/9/2026,12/30/1899,pre_game,WNBA,demon,https://static.prizepicks.com/images/players/WNBA/Veronica_Burton_WNBA_player_PgQhWXIUPjwd5ndjpucEaD8E.webp,15548083,4.5,53.95,46.05,-6.05,53.95,Over,https://www.freeiconspng.com/img/1934,,,,,Valkyries @ Aces,2026-10-10T01:30:00Z,Fri 09:30pm,N/A,N/A,Peacock/NBCSN,,,10/9/2026,4.5,,,,No,,24.61,31,,100,,4.5,,0,,4.5,4.5,5,0,Push
Stephanie TalbotRebounds,Stephanie TalbotRebounds6.5,WNBA,317883,Stephanie Talbot,F,LVA,Rebounds,6.5,TRUE,10/9/2026,12/30/1899,pre_game,WNBA,demon,https://static.prizepicks.com/images/players/WNBA/Stephanie_Talbot_WNBA_player_v6hnGHVjDs3ZNq5tDauoy5Dk.webp,15548267,3.5,51.15,48.85,,51.15,Over,https://www.freeiconspng.com/img/1934,,Yes,-4.5,156.6,Valkyries @ Aces,2026-10-10T01:30:00Z,Fri 09:30pm,N/A,N/A,Peacock/NBCSN,,,10/9/2026,3.5,,,,No,ATL,13.5,20,,100,,3.5,12,-0.0325,under,3.5,3.47,4.09,3.5,Push
Chelsea GrayAssists,Chelsea GrayAssists6.5,WNBA,237845,Chelsea Gray,G,LVA,Assists,6.5,TRUE,10/9/2026,12/30/1899,pre_game,WNBA,demon,https://static.prizepicks.com/images/players/WNBA/Chelsea_Gray_WNBA_player_GHqO0xzbwyTjQ6fOf5m0CHE4.webp,15548271,5.5,54.94,45.06,-6.6,54.94,Over,https://www.freeiconspng.com/img/1934,,Yes,-4.5,156.6,Valkyries @ Aces,2026-10-10T01:30:00Z,Fri 09:30pm,N/A,N/A,Peacock/NBCSN,,,10/9/2026,5.5,,,,No,ATL,26.17,32,,100,,5.5,8,-0.0047,under,5.5,5.5,5.7,5.5,Push
Stephanie TalbotPoints,Stephanie TalbotPoints6.5,WNBA,317883,Stephanie Talbot,F,LVA,Points,6.5,TRUE,10/9/2026,12/30/1899,pre_game,WNBA,demon,https://static.prizepicks.com/images/players/WNBA/Stephanie_Talbot_WNBA_player_v6hnGHVjDs3ZNq5tDauoy5Dk.webp,15548401,5.5,48.85,51.15,-6.66,51.15,Under,https://www.freeiconspng.com/img/1934,,Yes,-4.5,156.6,Valkyries @ Aces,2026-10-10T01:30:00Z,Fri 09:30pm,N/A,N/A,Peacock/NBCSN,,,10/9/2026,5.5,,,,No,ATL,13.5,20,,100,,5.5,4,0.2078,over,5.5,5.71,5.74,5.5,Best Bet
Tiffany HayesRebounds,Tiffany HayesRebounds6.5,WNBA,238101,Tiffany Hayes,G,GSV,Rebounds,6.5,TRUE,10/9/2026,12/30/1899,pre_game,WNBA,demon,https://static.prizepicks.com/images/players/WNBA/Tiffany_Hayes_WNBA_player_JZ73QF6RKriqG7DeqAWWKcDH.webp,15577985,1.88,50.19,49.81,-15.09,50.19,Over,https://www.freeiconspng.com/img/1934,,,,,Valkyries @ Aces,2026-10-10T01:30:00Z,Fri 09:30pm,N/A,N/A,Peacock/NBCSN,,,10/9/2026,1.88,,,,No,,14.27,20,,100,,1.88,,0,,1.88,1.88,2.73,1.5,Push
Chelsea Gray3-PTAttempted,Chelsea Gray3-PTAttempted6.5,WNBA,237845,Chelsea Gray,G,LVA,3-PT Attempted,6.5,TRUE,10/9/2026,12/30/1899,pre_game,WNBA,demon,https://static.prizepicks.com/images/players/WNBA/Chelsea_Gray_WNBA_player_GHqO0xzbwyTjQ6fOf5m0CHE4.webp,15598525,,,,,,,,,Yes,-4.5,156.6,Valkyries @ Aces,2026-10-10T01:30:00Z,Fri 09:30pm,N/A,N/A,Peacock/NBCSN,,,10/9/2026,,,,,No,ATL,26.17,32,,,,0,2,1.9156,over,0,1.92,4.21,0,Push
Gabby WilliamsAssists,Gabby WilliamsAssists5.5,WNBA,316568,Gabby Williams,F,GSV,Assists,5.5,TRUE,10/9/2026,12/30/1899,pre_game,WNBA,demon,https://static.prizepicks.com/images/manual/Gabby Williams .png,15547841,3.5,45.97,54.03,,54.03,Under,https://www.freeiconspng.com/img/1934,,,,,Valkyries @ Aces,2026-10-10T01:30:00Z,Fri 09:30pm,N/A,N/A,Peacock/NBCSN,,,10/9/2026,3.5,,,,No,,31.53,30,,100,,3.5,,0,,3.5,3.5,3.9,3.5,Best Bet
Stephanie TalbotRebounds,Stephanie TalbotRebounds5.5,WNBA,317883,Stephanie Talbot,F,LVA,Rebounds,5.5,TRUE,10/9/2026,12/30/1899,pre_game,WNBA,demon,https://static.prizepicks.com/images/players/WNBA/Stephanie_Talbot_WNBA_player_v6hnGHVjDs3ZNq5tDauoy5Dk.webp,15547860,3.5,51.15,48.85,,51.15,Over,https://www.freeiconspng.com/img/1934,,Yes,-4.5,156.6,Valkyries @ Aces,2026-10-10T01:30:00Z,Fri 09:30pm,N/A,N/A,Peacock/NBCSN,,,10/9/2026,3.5,,,,No,ATL,13.5,20,,100,,3.5,12,-0.0325,under,3.5,3.47,3.89,3.5,Push
Tiffany HayesRebs+Asts,Tiffany HayesRebs+Asts5.5,WNBA,238101,Tiffany Hayes,G,GSV,Rebs+Asts,5.5,TRUE,10/9/2026,12/30/1899,pre_game,WNBA,demon,https://static.prizepicks.com/images/players/WNBA/Tiffany_Hayes_WNBA_player_JZ73QF6RKriqG7DeqAWWKcDH.webp,15547870,4.5,42.65,57.35,-4.34,57.35,Under,https://www.freeiconspng.com/img/1934,,,,,Valkyries @ Aces,2026-10-10T01:30:00Z,Fri 09:30pm,N/A,N/A,Peacock/NBCSN,,,10/9/2026,4.5,,,,No,,14.27,20,,100,,4.5,,0,,4.5,4.5,4.75,0,Push
A'ja WilsonAssists,A'ja WilsonAssists5.5,WNBA,237843,A'ja Wilson,C,LVA,Assists,5.5,TRUE,10/9/2026,12/30/1899,pre_game,WNBA,demon,https://static.prizepicks.com/images/players/WNBA/A'ja_Wilson_WNBA_player_e1fzWnin9JBoRKYaugxyyP08.webp,15547903,2.5,46.49,53.51,-4.3,53.51,Under,https://www.freeiconspng.com/img/1934,,Yes,-4.5,156.6,Valkyries @ Aces,2026-10-10T01:30:00Z,Fri 09:30pm,N/A,N/A,Peacock/NBCSN,,,10/9/2026,2.5,,,,No,ATL,48.39,32,,100,,2.5,8,-0.0047,under,2.5,2.5,3.1,2.5,Best Bet
Gabby WilliamsRebounds,Gabby WilliamsRebounds5.5,WNBA,316568,Gabby Williams,F,GSV,Rebounds,5.5,TRUE,10/9/2026,12/30/1899,pre_game,WNBA,demon,https://static.prizepicks.com/images/manual/Gabby Williams .png,15547905,4.5,46.47,53.53,,53.53,Under,https://www.freeiconspng.com/img/1934,,,,,Valkyries @ Aces,2026-10-10T01:30:00Z,Fri 09:30pm,N/A,N/A,Peacock/NBCSN,,,10/9/2026,4.5,,,,No,,31.53,30,,100,,4.5,,0,,4.5,4.5,4.7,4.5,Best Bet
Chelsea GrayRebounds,Chelsea GrayRebounds5.5,WNBA,237845,Chelsea Gray,G,LVA,Rebounds,5.5,TRUE,10/9/2026,12/30/1899,pre_game,WNBA,demon,https://static.prizepicks.com/images/players/WNBA/Chelsea_Gray_WNBA_player_GHqO0xzbwyTjQ6fOf5m0CHE4.webp,15547909,3.5,43.38,56.62,-3.38,56.62,Under,https://www.freeiconspng.com/img/1934,,Yes,-4.5,156.6,Valkyries @ Aces,2026-10-10T01:30:00Z,Fri 09:30pm,N/A,N/A,Peacock/NBCSN,,,10/9/2026,3.5,,,,No,ATL,26.17,32,,100,,3.5,12,-0.0325,under,3.5,3.47,3.89,3.5,Best Bet
Jackie YoungRebounds,Jackie YoungRebounds5.5,WNBA,237846,Jackie Young,G,LVA,Rebounds,5.5,TRUE,10/9/2026,12/30/1899,pre_game,WNBA,demon,https://static.prizepicks.com/images/players/WNBA/Jackie_Young_WNBA_player_xMYZ7NbkZrdioerQcMdWBKG9.webp,15547914,4.5,42.94,57.06,-5.9,57.06,Under,https://www.freeiconspng.com/img/1934,,Yes,-4.5,156.6,Valkyries @ Aces,2026-10-10T01:30:00Z,Fri 09:30pm,N/A,N/A,Peacock/NBCSN,,,10/9/2026,4.5,,,,No,ATL,33.24,31,,100,,4.5,12,-0.0325,under,4.5,4.47,4.69,4.5,Best Bet
Gabby Williams3-PTMade,Gabby Williams3-PTMade5.5,WNBA,316568,Gabby Williams,F,GSV,3-PT Made,5.5,TRUE,10/9/2026,12/30/1899,pre_game,WNBA,demon,https://static.prizepicks.com/images/manual/Gabby Williams .png,15547974,,,,,,,,,,,,Valkyries @ Aces,2026-10-10T01:30:00Z,Fri 09:30pm,N/A,N/A,Peacock/NBCSN,,,10/9/2026,,,,,No,,31.53,30,,,,0,,0,,0,0,5.5,0,Push
Kayla ThorntonRebounds,Kayla ThorntonRebounds5.5,WNBA,238102,Kayla Thornton,F,GSV,Rebounds,5.5,TRUE,10/9/2026,12/30/1899,pre_game,WNBA,demon,https://static.prizepicks.com/images/players/WNBA/Kayla_Thornton_WNBA_player_LW0QKyGiDE0bVq5F3TkgEtm8.webp,15547987,4.5,48.08,51.92,,51.92,Under,https://www.freeiconspng.com/img/1934,,,,,Valkyries @ Aces,2026-10-10T01:30:00Z,Fri 09:30pm,N/A,N/A,Peacock/NBCSN,,,10/9/2026,4.5,,,,No,,18,28,,100,,4.5,,0,,4.5,4.5,4.7,4.5,Best Bet
Jackie Young3-PTMade,Jackie Young3-PTMade5.5,WNBA,237846,Jackie Young,G,LVA,3-PT Made,5.5,TRUE,10/9/2026,12/30/1899,pre_game,WNBA,demon,https://static.prizepicks.com/images/players/WNBA/Jackie_Young_WNBA_player_xMYZ7NbkZrdioerQcMdWBKG9.webp,15547999,,,,,,,,,Yes,-4.5,156.6,Valkyries @ Aces,2026-10-10T01:30:00Z,Fri 09:30pm,N/A,N/A,Peacock/NBCSN,,,10/9/2026,,,,,No,ATL,33.24,31,,,,0,2,1.9156,over,0,1.92,3.71,0,Push
Veronica BurtonAssists,Veronica BurtonAssists5.5,WNBA,238261,Veronica Burton,G,GSV,Assists,5.5,TRUE,10/9/2026,12/30/1899,pre_game,WNBA,demon,https://static.prizepicks.com/images/players/WNBA/Veronica_Burton_WNBA_player_PgQhWXIUPjwd5ndjpucEaD8E.webp,15548011,4.5,53.95,46.05,-6.05,53.95,Over,https://www.freeiconspng.com/img/1934,,,,,Valkyries @ Aces,2026-10-10T01:30:00Z,Fri 09:30pm,N/A,N/A,Peacock/NBCSN,,,10/9/2026,4.5,,,,No,,24.61,31,,100,,4.5,,0,,4.5,4.5,4.75,0,Push
Kayla ThorntonRebs+Asts,Kayla ThorntonRebs+Asts5.5,WNBA,238102,Kayla Thornton,F,GSV,Rebs+Asts,5.5,TRUE,10/9/2026,12/30/1899,pre_game,WNBA,demon,https://static.prizepicks.com/images/players/WNBA/Kayla_Thornton_WNBA_player_LW0QKyGiDE0bVq5F3TkgEtm8.webp,15548084,5.5,43.64,56.36,-4.27,56.36,Under,https://www.freeiconspng.com/img/1934,,,,,Valkyries @ Aces,2026-10-10T01:30:00Z,Fri 09:30pm,N/A,N/A,Peacock/NBCSN,,,10/9/2026,5.5,,,,No,,18,28,43.64,56.36,43.64,5.5,,0,,5.5,5.5,5.5,0,Push
Tiffany HayesAssists,Tiffany HayesAssists5.5,WNBA,238101,Tiffany Hayes,G,GSV,Assists,5.5,TRUE,10/9/2026,12/30/1899,pre_game,WNBA,demon,https://static.prizepicks.com/images/players/WNBA/Tiffany_Hayes_WNBA_player_JZ73QF6RKriqG7DeqAWWKcDH.webp,15548493,1.88,49.78,50.22,-15.5,50.22,Under,https://www.freeiconspng.com/img/1934,,,,,Valkyries @ Aces,2026-10-10T01:30:00Z,Fri 09:30pm,N/A,N/A,Peacock/NBCSN,,,10/9/2026,1.88,,,,No,,14.27,20,,100,,1.88,,0,,1.88,1.88,2.53,1.5,Best Bet
Veronica BurtonRebounds,Veronica BurtonRebounds5.5,WNBA,238261,Veronica Burton,G,GSV,Rebounds,5.5,TRUE,10/9/2026,12/30/1899,pre_game,WNBA,demon,https://static.prizepicks.com/images/players/WNBA/Veronica_Burton_WNBA_player_PgQhWXIUPjwd5ndjpucEaD8E.webp,15550521,3.5,45.81,54.19,,54.19,Under,https://www.freeiconspng.com/img/1934,,,,,Valkyries @ Aces,2026-10-10T01:30:00Z,Fri 09:30pm,N/A,N/A,Peacock/NBCSN,,,10/9/2026,3.5,,,,No,,24.61,31,,100,,3.5,,0,,3.5,3.5,4,0,Push
Jackie YoungRebounds,Jackie YoungRebounds4.5,WNBA,237846,Jackie Young,G,LVA,Rebounds,4.5,TRUE,10/9/2026,12/30/1899,pre_game,WNBA,demon,https://static.prizepicks.com/images/players/WNBA/Jackie_Young_WNBA_player_xMYZ7NbkZrdioerQcMdWBKG9.webp,15547861,4.5,42.94,57.06,-5.9,57.06,Under,https://www.freeiconspng.com/img/1934,,Yes,-4.5,156.6,Valkyries @ Aces,2026-10-10T01:30:00Z,Fri 09:30pm,N/A,N/A,Peacock/NBCSN,,,10/9/2026,4.5,,,,No,ATL,33.24,31,42.94,57.06,42.94,4.5,12,-0.0325,under,4.5,4.47,4.49,4.5,Best Bet
Kiah StokesPoints,Kiah StokesPoints4.5,WNBA,317423,Kiah Stokes,C,GSV,Points,4.5,TRUE,10/9/2026,12/30/1899,pre_game,WNBA,demon,https://static.prizepicks.com/images/players/WNBA/Kiah_Stokes_WNBA_player_ndf93Nxv7e15yD38rl5xBPni.webp,15547929,2.5,47.6,52.4,-5.41,52.4,Under,https://www.freeiconspng.com/img/1934,,,,,Valkyries @ Aces,2026-10-10T01:30:00Z,Fri 09:30pm,N/A,N/A,Peacock/NBCSN,,,10/9/2026,2.5,,,,No,,20.32,21,,100,,2.5,,0,,2.5,2.5,3.3,4.5,Best Bet
Jackie Young3-PTMade,Jackie Young3-PTMade4.5,WNBA,237846,Jackie Young,G,LVA,3-PT Made,4.5,TRUE,10/9/2026,12/30/1899,pre_game,WNBA,demon,https://static.prizepicks.com/images/players/WNBA/Jackie_Young_WNBA_player_xMYZ7NbkZrdioerQcMdWBKG9.webp,15547996,,,,,,,,,Yes,-4.5,156.6,Valkyries @ Aces,2026-10-10T01:30:00Z,Fri 09:30pm,N/A,N/A,Peacock/NBCSN,,,10/9/2026,,,,,No,ATL,33.24,31,,,,0,2,1.9156,over,0,1.92,3.21,0,Push
Jewell Loyd3-PTMade,Jewell Loyd3-PTMade4.5,WNBA,237844,Jewell Loyd,G,LVA,3-PT Made,4.5,TRUE,10/9/2026,12/30/1899,pre_game,WNBA,demon,https://static.prizepicks.com/images/players/WNBA/Jewell_Loyd_WNBA_player_kl6eTaXsduFI7E6eDj4QuueY.webp,15548067,,,,,,,,,Yes,-4.5,156.6,Valkyries @ Aces,2026-10-10T01:30:00Z,Fri 09:30pm,N/A,N/A,Peacock/NBCSN,,,10/9/2026,,,,,No,ATL,16.73,28,,,,0,2,1.9156,over,0,1.92,3.21,0,Push
Cecilia ZandalasiniRebounds,Cecilia ZandalasiniRebounds4.5,WNBA,249153,Cecilia Zandalasini,F,GSV,Rebounds,4.5,TRUE,10/9/2026,12/30/1899,pre_game,WNBA,demon,https://static.prizepicks.com/images/players/WNBA/Cecilia_Zandalasini_WNBA_player_J9EZms55fyBgGOFTRR36l10v.webp,15548079,1.5,59.05,40.95,-6.82,59.05,Over,https://www.freeiconspng.com/img/1934,,,,,Valkyries @ Aces,2026-10-10T01:30:00Z,Fri 09:30pm,N/A,N/A,Peacock/NBCSN,,,10/9/2026,1.5,,,,No,,11.81,17,,100,,1.5,,0,,1.5,1.5,2.3,2.5,Push
Kiah StokesPts+Asts,Kiah StokesPts+Asts4.5,WNBA,317423,Kiah Stokes,C,GSV,Pts+Asts,4.5,TRUE,10/9/2026,12/30/1899,pre_game,WNBA,demon,https://static.prizepicks.com/images/players/WNBA/Kiah_Stokes_WNBA_player_ndf93Nxv7e15yD38rl5xBPni.webp,15548107,4.5,45.13,54.87,-4.15,54.87,Under,https://www.freeiconspng.com/img/1934,,,,,Valkyries @ Aces,2026-10-10T01:30:00Z,Fri 09:30pm,N/A,N/A,Peacock/NBCSN,,,10/9/2026,4.5,,,,No,,20.32,21,45.13,54.87,45.13,4.5,,0,,4.5,4.5,4.5,0,Push
Veronica BurtonRebounds,Veronica BurtonRebounds4.5,WNBA,238261,Veronica Burton,G,GSV,Rebounds,4.5,TRUE,10/9/2026,12/30/1899,pre_game,WNBA,demon,https://static.prizepicks.com/images/players/WNBA/Veronica_Burton_WNBA_player_PgQhWXIUPjwd5ndjpucEaD8E.webp,15548122,3.5,45.81,54.19,,54.19,Under,https://www.freeiconspng.com/img/1934,,,,,Valkyries @ Aces,2026-10-10T01:30:00Z,Fri 09:30pm,N/A,N/A,Peacock/NBCSN,,,10/9/2026,3.5,,,,No,,24.61,31,,100,,3.5,,0,,3.5,3.5,3.75,0,Push
Gabby WilliamsAssists,Gabby WilliamsAssists4.5,WNBA,316568,Gabby Williams,F,GSV,Assists,4.5,TRUE,10/9/2026,12/30/1899,pre_game,WNBA,demon,https://static.prizepicks.com/images/manual/Gabby Williams .png,15548158,3.5,45.97,54.03,,54.03,Under,https://www.freeiconspng.com/img/1934,,,,,Valkyries @ Aces,2026-10-10T01:30:00Z,Fri 09:30pm,N/A,N/A,Peacock/NBCSN,,,10/9/2026,3.5,,,,No,,31.53,30,,100,,3.5,,0,,3.5,3.5,3.7,3.5,Best Bet
A'ja WilsonAssists,A'ja WilsonAssists4.5,WNBA,237843,A'ja Wilson,C,LVA,Assists,4.5,TRUE,10/9/2026,12/30/1899,pre_game,WNBA,demon,https://static.prizepicks.com/images/players/WNBA/A'ja_Wilson_WNBA_player_e1fzWnin9JBoRKYaugxyyP08.webp,15548209,2.5,46.49,53.51,-4.3,53.51,Under,https://www.freeiconspng.com/img/1934,,Yes,-4.5,156.6,Valkyries @ Aces,2026-10-10T01:30:00Z,Fri 09:30pm,N/A,N/A,Peacock/NBCSN,,,10/9/2026,2.5,,,,No,ATL,48.39,32,,100,,2.5,8,-0.0047,under,2.5,2.5,2.9,2.5,Best Bet
Chelsea Gray3-PTMade,Chelsea Gray3-PTMade4.5,WNBA,237845,Chelsea Gray,G,LVA,3-PT Made,4.5,TRUE,10/9/2026,12/30/1899,pre_game,WNBA,demon,https://static.prizepicks.com/images/players/WNBA/Chelsea_Gray_WNBA_player_GHqO0xzbwyTjQ6fOf5m0CHE4.webp,15548242,,,,,,,,,Yes,-4.5,156.6,Valkyries @ Aces,2026-10-10T01:30:00Z,Fri 09:30pm,N/A,N/A,Peacock/NBCSN,,,10/9/2026,,,,,No,ATL,26.17,32,,,,0,2,1.9156,over,0,1.92,3.21,0,Push
Chelsea GrayRebounds,Chelsea GrayRebounds4.5,WNBA,237845,Chelsea Gray,G,LVA,Rebounds,4.5,TRUE,10/9/2026,12/30/1899,pre_game,WNBA,demon,https://static.prizepicks.com/images/players/WNBA/Chelsea_Gray_WNBA_player_GHqO0xzbwyTjQ6fOf5m0CHE4.webp,15548244,3.5,43.38,56.62,-3.38,56.62,Under,https://www.freeiconspng.com/img/1934,,Yes,-4.5,156.6,Valkyries @ Aces,2026-10-10T01:30:00Z,Fri 09:30pm,N/A,N/A,Peacock/NBCSN,,,10/9/2026,3.5,,,,No,ATL,26.17,32,,100,,3.5,12,-0.0325,under,3.5,3.47,3.69,3.5,Best Bet
Stephanie TalbotRebounds,Stephanie TalbotRebounds4.5,WNBA,317883,Stephanie Talbot,F,LVA,Rebounds,4.5,TRUE,10/9/2026,12/30/1899,pre_game,WNBA,demon,https://static.prizepicks.com/images/players/WNBA/Stephanie_Talbot_WNBA_player_v6hnGHVjDs3ZNq5tDauoy5Dk.webp,15548265,3.5,51.15,48.85,,51.15,Over,https://www.freeiconspng.com/img/1934,,Yes,-4.5,156.6,Valkyries @ Aces,2026-10-10T01:30:00Z,Fri 09:30pm,N/A,N/A,Peacock/NBCSN,,,10/9/2026,3.5,,,,No,ATL,13.5,20,,100,,3.5,12,-0.0325,under,3.5,3.47,3.69,3.5,Push
Tiffany HayesAssists,Tiffany HayesAssists4.5,WNBA,238101,Tiffany Hayes,G,GSV,Assists,4.5,TRUE,10/9/2026,12/30/1899,pre_game,WNBA,demon,https://static.prizepicks.com/images/players/WNBA/Tiffany_Hayes_WNBA_player_JZ73QF6RKriqG7DeqAWWKcDH.webp,15548492,1.88,49.78,50.22,-15.5,50.22,Under,https://www.freeiconspng.com/img/1934,,,,,Valkyries @ Aces,2026-10-10T01:30:00Z,Fri 09:30pm,N/A,N/A,Peacock/NBCSN,,,10/9/2026,1.88,,,,No,,14.27,20,,100,,1.88,,0,,1.88,1.88,2.33,1.5,Best Bet
Tiffany HayesRebounds,Tiffany HayesRebounds4.5,WNBA,238101,Tiffany Hayes,G,GSV,Rebounds,4.5,TRUE,10/9/2026,12/30/1899,pre_game,WNBA,demon,https://static.prizepicks.com/images/players/WNBA/Tiffany_Hayes_WNBA_player_JZ73QF6RKriqG7DeqAWWKcDH.webp,15548738,1.88,50.19,49.81,-15.09,50.19,Over,https://www.freeiconspng.com/img/1934,,,,,Valkyries @ Aces,2026-10-10T01:30:00Z,Fri 09:30pm,N/A,N/A,Peacock/NBCSN,,,10/9/2026,1.88,,,,No,,14.27,20,,100,,1.88,,0,,1.88,1.88,2.33,1.5,Push
Gabby WilliamsRebounds,Gabby WilliamsRebounds4.5,WNBA,316568,Gabby Williams,F,GSV,Rebounds,4.5,TRUE,10/9/2026,12/30/1899,pre_game,WNBA,demon,https://static.prizepicks.com/images/manual/Gabby Williams .png,15548771,4.5,46.47,53.53,,53.53,Under,https://www.freeiconspng.com/img/1934,,,,,Valkyries @ Aces,2026-10-10T01:30:00Z,Fri 09:30pm,N/A,N/A,Peacock/NBCSN,,,10/9/2026,4.5,,,,No,,31.53,30,46.47,53.53,46.47,4.5,,0,,4.5,4.5,4.5,4.5,Best Bet
Tiffany HayesRebs+Asts,Tiffany HayesRebs+Asts4.5,WNBA,238101,Tiffany Hayes,G,GSV,Rebs+Asts,4.5,TRUE,10/9/2026,12/30/1899,pre_game,WNBA,demon,https://static.prizepicks.com/images/players/WNBA/Tiffany_Hayes_WNBA_player_JZ73QF6RKriqG7DeqAWWKcDH.webp,15584590,4.5,42.65,57.35,-4.34,57.35,Under,https://www.freeiconspng.com/img/1934,,,,,Valkyries @ Aces,2026-10-10T01:30:00Z,Fri 09:30pm,N/A,N/A,Peacock/NBCSN,,,10/9/2026,4.5,,,,No,,14.27,20,42.65,57.35,42.65,4.5,,0,,4.5,4.5,4.5,0,Push
Veronica Burton3-PTAttempted,Veronica Burton3-PTAttempted4.5,WNBA,238261,Veronica Burton,G,GSV,3-PT Attempted,4.5,TRUE,10/9/2026,12/30/1899,pre_game,WNBA,demon,https://static.prizepicks.com/images/players/WNBA/Veronica_Burton_WNBA_player_PgQhWXIUPjwd5ndjpucEaD8E.webp,15599037,,,,,,,,,,,,Valkyries @ Aces,2026-10-10T01:30:00Z,Fri 09:30pm,N/A,N/A,Peacock/NBCSN,,,10/9/2026,,,,,No,,24.61,31,,,,0,,0,,0,0,4.5,0,Push
Chelsea GrayRebounds,Chelsea GrayRebounds3.5,WNBA,237845,Chelsea Gray,G,LVA,Rebounds,3.5,TRUE,10/9/2026,12/30/1899,pre_game,WNBA,demon,https://static.prizepicks.com/images/players/WNBA/Chelsea_Gray_WNBA_player_GHqO0xzbwyTjQ6fOf5m0CHE4.webp,15547844,3.5,43.38,56.62,-3.38,56.62,Under,https://www.freeiconspng.com/img/1934,,Yes,-4.5,156.6,Valkyries @ Aces,2026-10-10T01:30:00Z,Fri 09:30pm,N/A,N/A,Peacock/NBCSN,,,10/9/2026,3.5,,,,No,ATL,26.17,32,43.38,56.62,43.38,3.5,12,-0.0325,under,3.5,3.47,3.49,3.5,Best Bet
Tiffany HayesRebounds,Tiffany HayesRebounds3.5,WNBA,238101,Tiffany Hayes,G,GSV,Rebounds,3.5,TRUE,10/9/2026,12/30/1899,pre_game,WNBA,demon,https://static.prizepicks.com/images/players/WNBA/Tiffany_Hayes_WNBA_player_JZ73QF6RKriqG7DeqAWWKcDH.webp,15547865,1.88,50.19,49.81,-15.09,50.19,Over,https://www.freeiconspng.com/img/1934,,,,,Valkyries @ Aces,2026-10-10T01:30:00Z,Fri 09:30pm,N/A,N/A,Peacock/NBCSN,,,10/9/2026,1.88,,,,No,,14.27,20,,100,,1.88,,0,,1.88,1.88,2.13,1.5,Push
Chelsea Gray3-PTMade,Chelsea Gray3-PTMade3.5,WNBA,237845,Chelsea Gray,G,LVA,3-PT Made,3.5,TRUE,10/9/2026,12/30/1899,pre_game,WNBA,demon,https://static.prizepicks.com/images/players/WNBA/Chelsea_Gray_WNBA_player_GHqO0xzbwyTjQ6fOf5m0CHE4.webp,15547868,,,,,,,,,Yes,-4.5,156.6,Valkyries @ Aces,2026-10-10T01:30:00Z,Fri 09:30pm,N/A,N/A,Peacock/NBCSN,,,10/9/2026,,,,,No,ATL,26.17,32,,,,0,2,1.9156,over,0,1.92,2.71,0,Push
Gabby Williams3-PTMade,Gabby Williams3-PTMade3.5,WNBA,316568,Gabby Williams,F,GSV,3-PT Made,3.5,TRUE,10/9/2026,12/30/1899,pre_game,WNBA,demon,https://static.prizepicks.com/images/manual/Gabby Williams .png,15547872,,,,,,,,,,,,Valkyries @ Aces,2026-10-10T01:30:00Z,Fri 09:30pm,N/A,N/A,Peacock/NBCSN,,,10/9/2026,,,,,No,,31.53,30,,,,0,,0,,0,0,3.5,0,Push
Cecilia ZandalasiniRebs+Asts,Cecilia ZandalasiniRebs+Asts3.5,WNBA,249153,Cecilia Zandalasini,F,GSV,Rebs+Asts,3.5,TRUE,10/9/2026,12/30/1899,pre_game,WNBA,demon,https://static.prizepicks.com/images/players/WNBA/Cecilia_Zandalasini_WNBA_player_J9EZms55fyBgGOFTRR36l10v.webp,15547876,3.5,44.87,55.13,,55.13,Under,https://www.freeiconspng.com/img/1934,,,,,Valkyries @ Aces,2026-10-10T01:30:00Z,Fri 09:30pm,N/A,N/A,Peacock/NBCSN,,,10/9/2026,3.5,,,,No,,11.81,17,44.87,55.13,44.87,3.5,,0,,3.5,3.5,3.5,0,Push
Tiffany HayesAssists,Tiffany HayesAssists3.5,WNBA,238101,Tiffany Hayes,G,GSV,Assists,3.5,TRUE,10/9/2026,12/30/1899,pre_game,WNBA,demon,https://static.prizepicks.com/images/players/WNBA/Tiffany_Hayes_WNBA_player_JZ73QF6RKriqG7DeqAWWKcDH.webp,15547897,1.88,49.78,50.22,-15.5,50.22,Under,https://www.freeiconspng.com/img/1934,,,,,Valkyries @ Aces,2026-10-10T01:30:00Z,Fri 09:30pm,N/A,N/A,Peacock/NBCSN,,,10/9/2026,1.88,,,,No,,14.27,20,,100,,1.88,,0,,1.88,1.88,2.13,1.5,Best Bet
Veronica BurtonRebounds,Veronica BurtonRebounds3.5,WNBA,238261,Veronica Burton,G,GSV,Rebounds,3.5,TRUE,10/9/2026,12/30/1899,pre_game,WNBA,demon,https://static.prizepicks.com/images/players/WNBA/Veronica_Burton_WNBA_player_PgQhWXIUPjwd5ndjpucEaD8E.webp,15547935,3.5,45.81,54.19,,54.19,Under,https://www.freeiconspng.com/img/1934,,,,,Valkyries @ Aces,2026-10-10T01:30:00Z,Fri 09:30pm,N/A,N/A,Peacock/NBCSN,,,10/9/2026,3.5,,,,No,,24.61,31,45.81,54.19,45.81,3.5,,0,,3.5,3.5,3.5,0,Push
A'ja WilsonAssists,A'ja WilsonAssists3.5,WNBA,237843,A'ja Wilson,C,LVA,Assists,3.5,TRUE,10/9/2026,12/30/1899,pre_game,WNBA,demon,https://static.prizepicks.com/images/players/WNBA/A'ja_Wilson_WNBA_player_e1fzWnin9JBoRKYaugxyyP08.webp,15547980,2.5,46.49,53.51,-4.3,53.51,Under,https://www.freeiconspng.com/img/1934,,Yes,-4.5,156.6,Valkyries @ Aces,2026-10-10T01:30:00Z,Fri 09:30pm,N/A,N/A,Peacock/NBCSN,,,10/9/2026,2.5,,,,No,ATL,48.39,32,,100,,2.5,8,-0.0047,under,2.5,2.5,2.7,2.5,Best Bet
Veronica Burton3-PTMade,Veronica Burton3-PTMade3.5,WNBA,238261,Veronica Burton,G,GSV,3-PT Made,3.5,TRUE,10/9/2026,12/30/1899,pre_game,WNBA,demon,https://static.prizepicks.com/images/players/WNBA/Veronica_Burton_WNBA_player_PgQhWXIUPjwd5ndjpucEaD8E.webp,15548012,,,,,,,,,,,,Valkyries @ Aces,2026-10-10T01:30:00Z,Fri 09:30pm,N/A,N/A,Peacock/NBCSN,,,10/9/2026,,,,,No,,24.61,31,,,,0,,0,,0,0,3.5,0,Push
Jewell Loyd3-PTMade,Jewell Loyd3-PTMade3.5,WNBA,237844,Jewell Loyd,G,LVA,3-PT Made,3.5,TRUE,10/9/2026,12/30/1899,pre_game,WNBA,demon,https://static.prizepicks.com/images/players/WNBA/Jewell_Loyd_WNBA_player_kl6eTaXsduFI7E6eDj4QuueY.webp,15548021,,,,,,,,,Yes,-4.5,156.6,Valkyries @ Aces,2026-10-10T01:30:00Z,Fri 09:30pm,N/A,N/A,Peacock/NBCSN,,,10/9/2026,,,,,No,ATL,16.73,28,,,,0,2,1.9156,over,0,1.92,2.71,0,Push
Gabby WilliamsAssists,Gabby WilliamsAssists3.5,WNBA,316568,Gabby Williams,F,GSV,Assists,3.5,TRUE,10/9/2026,12/30/1899,pre_game,WNBA,demon,https://static.prizepicks.com/images/manual/Gabby Williams .png,15548024,3.5,45.97,54.03,,54.03,Under,https://www.freeiconspng.com/img/1934,,,,,Valkyries @ Aces,2026-10-10T01:30:00Z,Fri 09:30pm,N/A,N/A,Peacock/NBCSN,,,10/9/2026,3.5,,,,No,,31.53,30,45.97,54.03,45.97,3.5,,0,,3.5,3.5,3.5,3.5,Best Bet
Kayla Thornton3-PTMade,Kayla Thornton3-PTMade3.5,WNBA,238102,Kayla Thornton,F,GSV,3-PT Made,3.5,TRUE,10/9/2026,12/30/1899,pre_game,WNBA,demon,https://static.prizepicks.com/images/players/WNBA/Kayla_Thornton_WNBA_player_LW0QKyGiDE0bVq5F3TkgEtm8.webp,15548027,,,,,,,,,,,,Valkyries @ Aces,2026-10-10T01:30:00Z,Fri 09:30pm,N/A,N/A,Peacock/NBCSN,,,10/9/2026,,,,,No,,18,28,,,,0,,0,,0,0,3.5,0,Push
Cecilia ZandalasiniAssists,Cecilia ZandalasiniAssists3.5,WNBA,249153,Cecilia Zandalasini,F,GSV,Assists,3.5,TRUE,10/9/2026,12/30/1899,pre_game,WNBA,demon,https://static.prizepicks.com/images/players/WNBA/Cecilia_Zandalasini_WNBA_player_J9EZms55fyBgGOFTRR36l10v.webp,15548085,1.5,39.37,60.63,-1.63,60.63,Under,https://www.freeiconspng.com/img/1934,,,,,Valkyries @ Aces,2026-10-10T01:30:00Z,Fri 09:30pm,N/A,N/A,Peacock/NBCSN,,,10/9/2026,1.5,,,,No,,11.81,17,,100,,1.5,,0,,1.5,1.5,1.9,1.5,Best Bet
Cecilia Zandalasini3-PTMade,Cecilia Zandalasini3-PTMade3.5,WNBA,249153,Cecilia Zandalasini,F,GSV,3-PT Made,3.5,TRUE,10/9/2026,12/30/1899,pre_game,WNBA,demon,https://static.prizepicks.com/images/players/WNBA/Cecilia_Zandalasini_WNBA_player_J9EZms55fyBgGOFTRR36l10v.webp,15548116,,,,,,,,,,,,Valkyries @ Aces,2026-10-10T01:30:00Z,Fri 09:30pm,N/A,N/A,Peacock/NBCSN,,,10/9/2026,,,,,No,,11.81,17,,,,0,,0,,0,0,3.5,0,Push
Cecilia ZandalasiniRebounds,Cecilia ZandalasiniRebounds3.5,WNBA,249153,Cecilia Zandalasini,F,GSV,Rebounds,3.5,TRUE,10/9/2026,12/30/1899,pre_game,WNBA,demon,https://static.prizepicks.com/images/players/WNBA/Cecilia_Zandalasini_WNBA_player_J9EZms55fyBgGOFTRR36l10v.webp,15548134,1.5,59.05,40.95,-6.82,59.05,Over,https://www.freeiconspng.com/img/1934,,,,,Valkyries @ Aces,2026-10-10T01:30:00Z,Fri 09:30pm,N/A,N/A,Peacock/NBCSN,,,10/9/2026,1.5,,,,No,,11.81,17,,100,,1.5,,0,,1.5,1.5,2.1,2.5,Push
Stephanie TalbotAssists,Stephanie TalbotAssists3.5,WNBA,317883,Stephanie Talbot,F,LVA,Assists,3.5,TRUE,10/9/2026,12/30/1899,pre_game,WNBA,demon,https://static.prizepicks.com/images/players/WNBA/Stephanie_Talbot_WNBA_player_v6hnGHVjDs3ZNq5tDauoy5Dk.webp,15548412,1,49.39,50.61,,50.61,Under,https://www.freeiconspng.com/img/1934,,Yes,-4.5,156.6,Valkyries @ Aces,2026-10-10T01:30:00Z,Fri 09:30pm,N/A,N/A,Peacock/NBCSN,,,10/9/2026,1,,,,No,ATL,13.5,20,,100,,1,8,-0.0047,under,1,1,1.6,1.5,Best Bet
Kiah StokesPoints,Kiah StokesPoints3.5,WNBA,317423,Kiah Stokes,C,GSV,Points,3.5,TRUE,10/9/2026,12/30/1899,pre_game,WNBA,demon,https://static.prizepicks.com/images/players/WNBA/Kiah_Stokes_WNBA_player_ndf93Nxv7e15yD38rl5xBPni.webp,15551992,2.5,47.6,52.4,-5.41,52.4,Under,https://www.freeiconspng.com/img/1934,,,,,Valkyries @ Aces,2026-10-10T01:30:00Z,Fri 09:30pm,N/A,N/A,Peacock/NBCSN,,,10/9/2026,2.5,,,,No,,20.32,21,,100,,2.5,,0,,2.5,2.5,3.1,4.5,Great Bet
Kiah StokesAssists,Kiah StokesAssists3.5,WNBA,317423,Kiah Stokes,C,GSV,Assists,3.5,TRUE,10/9/2026,12/30/1899,pre_game,WNBA,demon,https://static.prizepicks.com/images/players/WNBA/Kiah_Stokes_WNBA_player_ndf93Nxv7e15yD38rl5xBPni.webp,15591270,1.5,48.86,51.14,,51.14,Under,https://www.freeiconspng.com/img/1934,,,,,Valkyries @ Aces,2026-10-10T01:30:00Z,Fri 09:30pm,N/A,N/A,Peacock/NBCSN,,,10/9/2026,1.5,,,,No,,20.32,21,,100,,1.5,,0,,1.5,1.5,1.9,1.5,Best Bet
Chelsea GrayTurnovers,Chelsea GrayTurnovers3.5,WNBA,237845,Chelsea Gray,G,LVA,Turnovers,3.5,TRUE,10/9/2026,12/30/1899,pre_game,WNBA,demon,https://static.prizepicks.com/images/players/WNBA/Chelsea_Gray_WNBA_player_GHqO0xzbwyTjQ6fOf5m0CHE4.webp,15598078,,,,,,,,,Yes,-4.5,156.6,Valkyries @ Aces,2026-10-10T01:30:00Z,Fri 09:30pm,N/A,N/A,Peacock/NBCSN,,,10/9/2026,,,,,No,ATL,26.17,32,,,,0,2,1.9156,over,0,1.92,2.71,0,Push
A'ja WilsonBlks+Stls,A'ja WilsonBlks+Stls3.5,WNBA,237843,A'ja Wilson,C,LVA,Blks+Stls,3.5,TRUE,10/9/2026,12/30/1899,pre_game,WNBA,demon,https://static.prizepicks.com/images/players/WNBA/A'ja_Wilson_WNBA_player_e1fzWnin9JBoRKYaugxyyP08.webp,15598082,,,,,,,,,Yes,-4.5,156.6,Valkyries @ Aces,2026-10-10T01:30:00Z,Fri 09:30pm,N/A,N/A,Peacock/NBCSN,,,10/9/2026,,,,,No,ATL,48.39,32,,,,0,2,1.9156,over,0,1.92,2.71,0,Push
Veronica BurtonFreeThrowsAttempted,Veronica BurtonFreeThrowsAttempted3.5,WNBA,238261,Veronica Burton,G,GSV,Free Throws Attempted,3.5,TRUE,10/9/2026,12/30/1899,pre_game,WNBA,demon,https://static.prizepicks.com/images/players/WNBA/Veronica_Burton_WNBA_player_PgQhWXIUPjwd5ndjpucEaD8E.webp,15598536,,,,,,,,,,,,Valkyries @ Aces,2026-10-10T01:30:00Z,Fri 09:30pm,N/A,N/A,Peacock/NBCSN,,,10/9/2026,,,,,No,,24.61,31,,,,0,,0,,0,0,3.5,0,Push
Chelsea GrayTwoPointersMade,Chelsea GrayTwoPointersMade3.5,WNBA,237845,Chelsea Gray,G,LVA,Two Pointers Made,3.5,TRUE,10/9/2026,12/30/1899,pre_game,WNBA,demon,https://static.prizepicks.com/images/players/WNBA/Chelsea_Gray_WNBA_player_GHqO0xzbwyTjQ6fOf5m0CHE4.webp,15598537,,,,,,,,,Yes,-4.5,156.6,Valkyries @ Aces,2026-10-10T01:30:00Z,Fri 09:30pm,N/A,N/A,Peacock/NBCSN,,,10/9/2026,,,,,No,ATL,26.17,32,,,,0,2,1.9156,over,0,1.92,2.71,0,Push
Cecilia Zandalasini3-PTMade,Cecilia Zandalasini3-PTMade2.5,WNBA,249153,Cecilia Zandalasini,F,GSV,3-PT Made,2.5,TRUE,10/9/2026,12/30/1899,pre_game,WNBA,demon,https://static.prizepicks.com/images/players/WNBA/Cecilia_Zandalasini_WNBA_player_J9EZms55fyBgGOFTRR36l10v.webp,15547863,,,,,,,,,,,,Valkyries @ Aces,2026-10-10T01:30:00Z,Fri 09:30pm,N/A,N/A,Peacock/NBCSN,,,10/9/2026,,,,,No,,11.81,17,,,,0,,0,,0,0,2.5,0,Push
Tiffany Hayes3-PTMade,Tiffany Hayes3-PTMade2.5,WNBA,238101,Tiffany Hayes,G,GSV,3-PT Made,2.5,TRUE,10/9/2026,12/30/1899,pre_game,WNBA,demon,https://static.prizepicks.com/images/players/WNBA/Tiffany_Hayes_WNBA_player_JZ73QF6RKriqG7DeqAWWKcDH.webp,15547885,,,,,,,,,,,,Valkyries @ Aces,2026-10-10T01:30:00Z,Fri 09:30pm,N/A,N/A,Peacock/NBCSN,,,10/9/2026,,,,,No,,14.27,20,,,,0,,0,,0,0,2.5,0,Push
Jackie Young3-PTMade,Jackie Young3-PTMade2.5,WNBA,237846,Jackie Young,G,LVA,3-PT Made,2.5,TRUE,10/9/2026,12/30/1899,pre_game,WNBA,demon,https://static.prizepicks.com/images/players/WNBA/Jackie_Young_WNBA_player_xMYZ7NbkZrdioerQcMdWBKG9.webp,15547924,,,,,,,,,Yes,-4.5,156.6,Valkyries @ Aces,2026-10-10T01:30:00Z,Fri 09:30pm,N/A,N/A,Peacock/NBCSN,,,10/9/2026,,,,,No,ATL,33.24,31,,,,0,2,1.9156,over,0,1.92,2.21,0,Push
Chelsea Gray3-PTMade,Chelsea Gray3-PTMade2.5,WNBA,237845,Chelsea Gray,G,LVA,3-PT Made,2.5,TRUE,10/9/2026,12/30/1899,pre_game,WNBA,demon,https://static.prizepicks.com/images/players/WNBA/Chelsea_Gray_WNBA_player_GHqO0xzbwyTjQ6fOf5m0CHE4.webp,15547933,,,,,,,,,Yes,-4.5,156.6,Valkyries @ Aces,2026-10-10T01:30:00Z,Fri 09:30pm,N/A,N/A,Peacock/NBCSN,,,10/9/2026,,,,,No,ATL,26.17,32,,,,0,2,1.9156,over,0,1.92,2.21,0,Push
Gabby Williams3-PTMade,Gabby Williams3-PTMade2.5,WNBA,316568,Gabby Williams,F,GSV,3-PT Made,2.5,TRUE,10/9/2026,12/30/1899,pre_game,WNBA,demon,https://static.prizepicks.com/images/manual/Gabby Williams .png,15547973,,,,,,,,,,,,Valkyries @ Aces,2026-10-10T01:30:00Z,Fri 09:30pm,N/A,N/A,Peacock/NBCSN,,,10/9/2026,,,,,No,,31.53,30,,,,0,,0,,0,0,2.5,0,Push
Veronica Burton3-PTMade,Veronica Burton3-PTMade2.5,WNBA,238261,Veronica Burton,G,GSV,3-PT Made,2.5,TRUE,10/9/2026,12/30/1899,pre_game,WNBA,demon,https://static.prizepicks.com/images/players/WNBA/Veronica_Burton_WNBA_player_PgQhWXIUPjwd5ndjpucEaD8E.webp,15548013,,,,,,,,,,,,Valkyries @ Aces,2026-10-10T01:30:00Z,Fri 09:30pm,N/A,N/A,Peacock/NBCSN,,,10/9/2026,,,,,No,,24.61,31,,,,0,,0,,0,0,2.5,0,Push
Jewell Loyd3-PTMade,Jewell Loyd3-PTMade2.5,WNBA,237844,Jewell Loyd,G,LVA,3-PT Made,2.5,TRUE,10/9/2026,12/30/1899,pre_game,WNBA,demon,https://static.prizepicks.com/images/players/WNBA/Jewell_Loyd_WNBA_player_kl6eTaXsduFI7E6eDj4QuueY.webp,15548020,,,,,,,,,Yes,-4.5,156.6,Valkyries @ Aces,2026-10-10T01:30:00Z,Fri 09:30pm,N/A,N/A,Peacock/NBCSN,,,10/9/2026,,,,,No,ATL,16.73,28,,,,0,2,1.9156,over,0,1.92,2.21,0,Push
Kayla Thornton3-PTMade,Kayla Thornton3-PTMade2.5,WNBA,238102,Kayla Thornton,F,GSV,3-PT Made,2.5,TRUE,10/9/2026,12/30/1899,pre_game,WNBA,demon,https://static.prizepicks.com/images/players/WNBA/Kayla_Thornton_WNBA_player_LW0QKyGiDE0bVq5F3TkgEtm8.webp,15548026,,,,,,,,,,,,Valkyries @ Aces,2026-10-10T01:30:00Z,Fri 09:30pm,N/A,N/A,Peacock/NBCSN,,,10/9/2026,,,,,No,,18,28,,,,0,,0,,0,0,2.5,0,Push
Cecilia ZandalasiniAssists,Cecilia ZandalasiniAssists2.5,WNBA,249153,Cecilia Zandalasini,F,GSV,Assists,2.5,TRUE,10/9/2026,12/30/1899,pre_game,WNBA,demon,https://static.prizepicks.com/images/players/WNBA/Cecilia_Zandalasini_WNBA_player_J9EZms55fyBgGOFTRR36l10v.webp,15548123,1.5,39.37,60.63,-1.63,60.63,Under,https://www.freeiconspng.com/img/1934,,,,,Valkyries @ Aces,2026-10-10T01:30:00Z,Fri 09:30pm,N/A,N/A,Peacock/NBCSN,,,10/9/2026,1.5,,,,No,,11.81,17,,100,,1.5,,0,,1.5,1.5,1.7,1.5,Best Bet
Cecilia ZandalasiniRebounds,Cecilia ZandalasiniRebounds2.5,WNBA,249153,Cecilia Zandalasini,F,GSV,Rebounds,2.5,TRUE,10/9/2026,12/30/1899,pre_game,WNBA,demon,https://static.prizepicks.com/images/players/WNBA/Cecilia_Zandalasini_WNBA_player_J9EZms55fyBgGOFTRR36l10v.webp,15548124,1.5,59.05,40.95,-6.82,59.05,Over,https://www.freeiconspng.com/img/1934,,,,,Valkyries @ Aces,2026-10-10T01:30:00Z,Fri 09:30pm,N/A,N/A,Peacock/NBCSN,,,10/9/2026,1.5,,,,No,,11.81,17,,100,,1.5,,0,,1.5,1.5,1.9,2.5,Push
Stephanie TalbotAssists,Stephanie TalbotAssists2.5,WNBA,317883,Stephanie Talbot,F,LVA,Assists,2.5,TRUE,10/9/2026,12/30/1899,pre_game,WNBA,demon,https://static.prizepicks.com/images/players/WNBA/Stephanie_Talbot_WNBA_player_v6hnGHVjDs3ZNq5tDauoy5Dk.webp,15548188,1,49.39,50.61,,50.61,Under,https://www.freeiconspng.com/img/1934,,Yes,-4.5,156.6,Valkyries @ Aces,2026-10-10T01:30:00Z,Fri 09:30pm,N/A,N/A,Peacock/NBCSN,,,10/9/2026,1,,,,No,ATL,13.5,20,,100,,1,8,-0.0047,under,1,1,1.4,1.5,Best Bet
Stephanie Talbot3-PTMade,Stephanie Talbot3-PTMade2.5,WNBA,317883,Stephanie Talbot,F,LVA,3-PT Made,2.5,TRUE,10/9/2026,12/30/1899,pre_game,WNBA,demon,https://static.prizepicks.com/images/players/WNBA/Stephanie_Talbot_WNBA_player_v6hnGHVjDs3ZNq5tDauoy5Dk.webp,15548224,,,,,,,,,Yes,-4.5,156.6,Valkyries @ Aces,2026-10-10T01:30:00Z,Fri 09:30pm,N/A,N/A,Peacock/NBCSN,,,10/9/2026,,,,,No,ATL,13.5,20,,,,0,2,1.9156,over,0,1.92,2.21,0,Push
A'ja Wilson3-PTMade,A'ja Wilson3-PTMade2.5,WNBA,237843,A'ja Wilson,C,LVA,3-PT Made,2.5,TRUE,10/9/2026,12/30/1899,pre_game,WNBA,demon,https://static.prizepicks.com/images/players/WNBA/A'ja_Wilson_WNBA_player_e1fzWnin9JBoRKYaugxyyP08.webp,15548241,,,,,,,,,Yes,-4.5,156.6,Valkyries @ Aces,2026-10-10T01:30:00Z,Fri 09:30pm,N/A,N/A,Peacock/NBCSN,,,10/9/2026,,,,,No,ATL,48.39,32,,,,0,2,1.9156,over,0,1.92,2.21,0,Push
Tiffany HayesAssists,Tiffany HayesAssists2.5,WNBA,238101,Tiffany Hayes,G,GSV,Assists,2.5,TRUE,10/9/2026,12/30/1899,pre_game,WNBA,demon,https://static.prizepicks.com/images/players/WNBA/Tiffany_Hayes_WNBA_player_JZ73QF6RKriqG7DeqAWWKcDH.webp,15548494,1.88,49.78,50.22,-15.5,50.22,Under,https://www.freeiconspng.com/img/1934,,,,,Valkyries @ Aces,2026-10-10T01:30:00Z,Fri 09:30pm,N/A,N/A,Peacock/NBCSN,,,10/9/2026,1.88,,,,No,,14.27,20,,100,,1.88,,0,,1.88,1.88,1.93,1.5,Best Bet
Tiffany HayesRebounds,Tiffany HayesRebounds2.5,WNBA,238101,Tiffany Hayes,G,GSV,Rebounds,2.5,TRUE,10/9/2026,12/30/1899,pre_game,WNBA,demon,https://static.prizepicks.com/images/players/WNBA/Tiffany_Hayes_WNBA_player_JZ73QF6RKriqG7DeqAWWKcDH.webp,15548737,1.88,50.19,49.81,-15.09,50.19,Over,https://www.freeiconspng.com/img/1934,,,,,Valkyries @ Aces,2026-10-10T01:30:00Z,Fri 09:30pm,N/A,N/A,Peacock/NBCSN,,,10/9/2026,1.88,,,,No,,14.27,20,,100,,1.88,,0,,1.88,1.88,1.93,1.5,Push
Kayla ThorntonAssists,Kayla ThorntonAssists2.5,WNBA,238102,Kayla Thornton,F,GSV,Assists,2.5,TRUE,10/9/2026,12/30/1899,pre_game,WNBA,demon,https://static.prizepicks.com/images/players/WNBA/Kayla_Thornton_WNBA_player_LW0QKyGiDE0bVq5F3TkgEtm8.webp,15591109,,,,,,,https://www.freeiconspng.com/img/1934,,,,,Valkyries @ Aces,2026-10-10T01:30:00Z,Fri 09:30pm,N/A,N/A,Peacock/NBCSN,,,10/9/2026,,,,,No,,18,28,,,,0,,0,,0,0,1.5,0.5,Push
Kiah StokesAssists,Kiah StokesAssists2.5,WNBA,317423,Kiah Stokes,C,GSV,Assists,2.5,TRUE,10/9/2026,12/30/1899,pre_game,WNBA,demon,https://static.prizepicks.com/images/players/WNBA/Kiah_Stokes_WNBA_player_ndf93Nxv7e15yD38rl5xBPni.webp,15591271,1.5,48.86,51.14,,51.14,Under,https://www.freeiconspng.com/img/1934,,,,,Valkyries @ Aces,2026-10-10T01:30:00Z,Fri 09:30pm,N/A,N/A,Peacock/NBCSN,,,10/9/2026,1.5,,,,No,,20.32,21,,100,,1.5,,0,,1.5,1.5,1.7,1.5,Best Bet
Kiah StokesOffensiveRebounds,Kiah StokesOffensiveRebounds2.5,WNBA,317423,Kiah Stokes,C,GSV,Offensive Rebounds,2.5,TRUE,10/9/2026,12/30/1899,pre_game,WNBA,demon,https://static.prizepicks.com/images/players/WNBA/Kiah_Stokes_WNBA_player_ndf93Nxv7e15yD38rl5xBPni.webp,15597577,,,,,,,,,,,,Valkyries @ Aces,2026-10-10T01:30:00Z,Fri 09:30pm,N/A,N/A,Peacock/NBCSN,,,10/9/2026,,,,,No,,20.32,21,,,,0,,0,,0,0,2.5,0,Push
A'ja WilsonTurnovers,A'ja WilsonTurnovers2.5,WNBA,237843,A'ja Wilson,C,LVA,Turnovers,2.5,TRUE,10/9/2026,12/30/1899,pre_game,WNBA,demon,https://static.prizepicks.com/images/players/WNBA/A'ja_Wilson_WNBA_player_e1fzWnin9JBoRKYaugxyyP08.webp,15598077,,,,,,,,,Yes,-4.5,156.6,Valkyries @ Aces,2026-10-10T01:30:00Z,Fri 09:30pm,N/A,N/A,Peacock/NBCSN,,,10/9/2026,,,,,No,ATL,48.39,32,,,,0,2,1.9156,over,0,1.92,2.21,0,Push
Veronica BurtonBlks+Stls,Veronica BurtonBlks+Stls2.5,WNBA,238261,Veronica Burton,G,GSV,Blks+Stls,2.5,TRUE,10/9/2026,12/30/1899,pre_game,WNBA,demon,https://static.prizepicks.com/images/players/WNBA/Veronica_Burton_WNBA_player_PgQhWXIUPjwd5ndjpucEaD8E.webp,15598084,,,,,,,,,,,,Valkyries @ Aces,2026-10-10T01:30:00Z,Fri 09:30pm,N/A,N/A,Peacock/NBCSN,,,10/9/2026,,,,,No,,24.61,31,,,,0,,0,,0,0,2.5,0,Push
Veronica BurtonFreeThrowsMade,Veronica BurtonFreeThrowsMade2.5,WNBA,238261,Veronica Burton,G,GSV,Free Throws Made,2.5,TRUE,10/9/2026,12/30/1899,pre_game,WNBA,demon,https://static.prizepicks.com/images/players/WNBA/Veronica_Burton_WNBA_player_PgQhWXIUPjwd5ndjpucEaD8E.webp,15598500,,,,,,,,,,,,Valkyries @ Aces,2026-10-10T01:30:00Z,Fri 09:30pm,N/A,N/A,Peacock/NBCSN,,,10/9/2026,,,,,No,,24.61,31,,,,0,,0,,0,0,2.5,0,Push
A'ja Wilson3-PTAttempted,A'ja Wilson3-PTAttempted2.5,WNBA,237843,A'ja Wilson,C,LVA,3-PT Attempted,2.5,TRUE,10/9/2026,12/30/1899,pre_game,WNBA,demon,https://static.prizepicks.com/images/players/WNBA/A'ja_Wilson_WNBA_player_e1fzWnin9JBoRKYaugxyyP08.webp,15598512,,,,,,,,,Yes,-4.5,156.6,Valkyries @ Aces,2026-10-10T01:30:00Z,Fri 09:30pm,N/A,N/A,Peacock/NBCSN,,,10/9/2026,,,,,No,ATL,48.39,32,,,,0,2,1.9156,over,0,1.92,2.21,0,Push
Kiah StokesPoints,Kiah StokesPoints2.5,WNBA,317423,Kiah Stokes,C,GSV,Points,2.5,TRUE,10/9/2026,12/30/1899,pre_game,WNBA,demon,https://static.prizepicks.com/images/players/WNBA/Kiah_Stokes_WNBA_player_ndf93Nxv7e15yD38rl5xBPni.webp,15604063,2.5,47.6,52.4,-5.41,52.4,Under,https://www.freeiconspng.com/img/1934,,,,,Valkyries @ Aces,2026-10-10T01:30:00Z,Fri 09:30pm,N/A,N/A,Peacock/NBCSN,,,10/9/2026,2.5,,,,No,,20.32,21,47.6,52.4,47.6,2.5,,0,,2.5,2.5,2.9,4.5,Great Bet
Cecilia ZandalasiniAssists,Cecilia ZandalasiniAssists1.5,WNBA,249153,Cecilia Zandalasini,F,GSV,Assists,1.5,TRUE,10/9/2026,12/30/1899,pre_game,WNBA,demon,https://static.prizepicks.com/images/players/WNBA/Cecilia_Zandalasini_WNBA_player_J9EZms55fyBgGOFTRR36l10v.webp,15547848,1.5,39.37,60.63,-1.63,60.63,Under,https://www.freeiconspng.com/img/1934,,,,,Valkyries @ Aces,2026-10-10T01:30:00Z,Fri 09:30pm,N/A,N/A,Peacock/NBCSN,,,10/9/2026,1.5,,,,No,,11.81,17,39.37,60.63,39.37,1.5,,0,,1.5,1.5,1.5,1.5,Best Bet
Tiffany Hayes3-PTMade,Tiffany Hayes3-PTMade1.5,WNBA,238101,Tiffany Hayes,G,GSV,3-PT Made,1.5,TRUE,10/9/2026,12/30/1899,pre_game,WNBA,demon,https://static.prizepicks.com/images/players/WNBA/Tiffany_Hayes_WNBA_player_JZ73QF6RKriqG7DeqAWWKcDH.webp,15547874,,,,,,,,,,,,Valkyries @ Aces,2026-10-10T01:30:00Z,Fri 09:30pm,N/A,N/A,Peacock/NBCSN,,,10/9/2026,,,,,No,,14.27,20,,,,0,,0,,0,0,1.5,0,Push
A'ja Wilson3-PTMade,A'ja Wilson3-PTMade1.5,WNBA,237843,A'ja Wilson,C,LVA,3-PT Made,1.5,TRUE,10/9/2026,12/30/1899,pre_game,WNBA,demon,https://static.prizepicks.com/images/players/WNBA/A'ja_Wilson_WNBA_player_e1fzWnin9JBoRKYaugxyyP08.webp,15547880,,,,,,,,,Yes,-4.5,156.6,Valkyries @ Aces,2026-10-10T01:30:00Z,Fri 09:30pm,N/A,N/A,Peacock/NBCSN,,,10/9/2026,,,,,No,ATL,48.39,32,,,,0,2,1.9156,over,0,1.92,1.71,0,Push
Veronica Burton3-PTMade,Veronica Burton3-PTMade1.5,WNBA,238261,Veronica Burton,G,GSV,3-PT Made,1.5,TRUE,10/9/2026,12/30/1899,pre_game,WNBA,demon,https://static.prizepicks.com/images/players/WNBA/Veronica_Burton_WNBA_player_PgQhWXIUPjwd5ndjpucEaD8E.webp,15547890,,,,,,,,,,,,Valkyries @ Aces,2026-10-10T01:30:00Z,Fri 09:30pm,N/A,N/A,Peacock/NBCSN,,,10/9/2026,,,,,No,,24.61,31,,,,0,,0,,0,0,1.5,0,Push
Cecilia Zandalasini3-PTMade,Cecilia Zandalasini3-PTMade1.5,WNBA,249153,Cecilia Zandalasini,F,GSV,3-PT Made,1.5,TRUE,10/9/2026,12/30/1899,pre_game,WNBA,demon,https://static.prizepicks.com/images/players/WNBA/Cecilia_Zandalasini_WNBA_player_J9EZms55fyBgGOFTRR36l10v.webp,15547917,,,,,,,,,,,,Valkyries @ Aces,2026-10-10T01:30:00Z,Fri 09:30pm,N/A,N/A,Peacock/NBCSN,,,10/9/2026,,,,,No,,11.81,17,,,,0,,0,,0,0,1.5,0,Push
Kayla Thornton3-PTMade,Kayla Thornton3-PTMade1.5,WNBA,238102,Kayla Thornton,F,GSV,3-PT Made,1.5,TRUE,10/9/2026,12/30/1899,pre_game,WNBA,demon,https://static.prizepicks.com/images/players/WNBA/Kayla_Thornton_WNBA_player_LW0QKyGiDE0bVq5F3TkgEtm8.webp,15548025,,,,,,,,,,,,Valkyries @ Aces,2026-10-10T01:30:00Z,Fri 09:30pm,N/A,N/A,Peacock/NBCSN,,,10/9/2026,,,,,No,,18,28,,,,0,,0,,0,0,1.5,0,Push
Stephanie Talbot3-PTMade,Stephanie Talbot3-PTMade1.5,WNBA,317883,Stephanie Talbot,F,LVA,3-PT Made,1.5,TRUE,10/9/2026,12/30/1899,pre_game,WNBA,demon,https://static.prizepicks.com/images/players/WNBA/Stephanie_Talbot_WNBA_player_v6hnGHVjDs3ZNq5tDauoy5Dk.webp,15548202,,,,,,,,,Yes,-4.5,156.6,Valkyries @ Aces,2026-10-10T01:30:00Z,Fri 09:30pm,N/A,N/A,Peacock/NBCSN,,,10/9/2026,,,,,No,ATL,13.5,20,,,,0,2,1.9156,over,0,1.92,1.71,0,Push
Stephanie TalbotAssists,Stephanie TalbotAssists1.5,WNBA,317883,Stephanie Talbot,F,LVA,Assists,1.5,TRUE,10/9/2026,12/30/1899,pre_game,WNBA,demon,https://static.prizepicks.com/images/players/WNBA/Stephanie_Talbot_WNBA_player_v6hnGHVjDs3ZNq5tDauoy5Dk.webp,15591260,1,49.39,50.61,,50.61,Under,https://www.freeiconspng.com/img/1934,,Yes,-4.5,156.6,Valkyries @ Aces,2026-10-10T01:30:00Z,Fri 09:30pm,N/A,N/A,Peacock/NBCSN,,,10/9/2026,1,,,,No,ATL,13.5,20,,100,,1,8,-0.0047,under,1,1,1.2,1.5,Best Bet
Kiah Stokes3-PTMade,Kiah Stokes3-PTMade1.5,WNBA,317423,Kiah Stokes,C,GSV,3-PT Made,1.5,TRUE,10/9/2026,12/30/1899,pre_game,WNBA,demon,https://static.prizepicks.com/images/players/WNBA/Kiah_Stokes_WNBA_player_ndf93Nxv7e15yD38rl5xBPni.webp,15591268,,,,,,,,,,,,Valkyries @ Aces,2026-10-10T01:30:00Z,Fri 09:30pm,N/A,N/A,Peacock/NBCSN,,,10/9/2026,,,,,No,,20.32,21,,,,0,,0,,0,0,1.5,0,Push
Kayla ThorntonOffensiveRebounds,Kayla ThorntonOffensiveRebounds1.5,WNBA,238102,Kayla Thornton,F,GSV,Offensive Rebounds,1.5,TRUE,10/9/2026,12/30/1899,pre_game,WNBA,demon,https://static.prizepicks.com/images/players/WNBA/Kayla_Thornton_WNBA_player_LW0QKyGiDE0bVq5F3TkgEtm8.webp,15597898,,,,,,,,,,,,Valkyries @ Aces,2026-10-10T01:30:00Z,Fri 09:30pm,N/A,N/A,Peacock/NBCSN,,,10/9/2026,,,,,No,,18,28,,,,0,,0,,0,0,1.5,0,Push
Veronica BurtonOffensiveRebounds,Veronica BurtonOffensiveRebounds1.5,WNBA,238261,Veronica Burton,G,GSV,Offensive Rebounds,1.5,TRUE,10/9/2026,12/30/1899,pre_game,WNBA,demon,https://static.prizepicks.com/images/players/WNBA/Veronica_Burton_WNBA_player_PgQhWXIUPjwd5ndjpucEaD8E.webp,15597899,,,,,,,,,,,,Valkyries @ Aces,2026-10-10T01:30:00Z,Fri 09:30pm,N/A,N/A,Peacock/NBCSN,,,10/9/2026,,,,,No,,24.61,31,,,,0,,0,,0,0,1.5,0,Push
Gabby WilliamsTurnovers,Gabby WilliamsTurnovers1.5,WNBA,316568,Gabby Williams,F,GSV,Turnovers,1.5,TRUE,10/9/2026,12/30/1899,pre_game,WNBA,demon,https://static.prizepicks.com/images/manual/Gabby Williams .png,15598014,,,,,,,,,,,,Valkyries @ Aces,2026-10-10T01:30:00Z,Fri 09:30pm,N/A,N/A,Peacock/NBCSN,,,10/9/2026,,,,,No,,31.53,30,,,,0,,0,,0,0,1.5,0,Push
Veronica BurtonTurnovers,Veronica BurtonTurnovers1.5,WNBA,238261,Veronica Burton,G,GSV,Turnovers,1.5,TRUE,10/9/2026,12/30/1899,pre_game,WNBA,demon,https://static.prizepicks.com/images/players/WNBA/Veronica_Burton_WNBA_player_PgQhWXIUPjwd5ndjpucEaD8E.webp,15598016,,,,,,,,,,,,Valkyries @ Aces,2026-10-10T01:30:00Z,Fri 09:30pm,N/A,N/A,Peacock/NBCSN,,,10/9/2026,,,,,No,,24.61,31,,,,0,,0,,0,0,1.5,0,Push
A'ja WilsonSteals,A'ja WilsonSteals1.5,WNBA,237843,A'ja Wilson,C,LVA,Steals,1.5,TRUE,10/9/2026,12/30/1899,pre_game,WNBA,demon,https://static.prizepicks.com/images/players/WNBA/A'ja_Wilson_WNBA_player_e1fzWnin9JBoRKYaugxyyP08.webp,15598028,,,,,,,,,Yes,-4.5,156.6,Valkyries @ Aces,2026-10-10T01:30:00Z,Fri 09:30pm,N/A,N/A,Peacock/NBCSN,,,10/9/2026,,,,,No,ATL,48.39,32,,,,0,2,1.9156,over,0,1.92,1.71,0,Push
Jackie YoungBlks+Stls,Jackie YoungBlks+Stls1.5,WNBA,237846,Jackie Young,G,LVA,Blks+Stls,1.5,TRUE,10/9/2026,12/30/1899,pre_game,WNBA,demon,https://static.prizepicks.com/images/players/WNBA/Jackie_Young_WNBA_player_xMYZ7NbkZrdioerQcMdWBKG9.webp,15598083,,,,,,,,,Yes,-4.5,156.6,Valkyries @ Aces,2026-10-10T01:30:00Z,Fri 09:30pm,N/A,N/A,Peacock/NBCSN,,,10/9/2026,,,,,No,ATL,33.24,31,,,,0,2,1.9156,over,0,1.92,1.71,0,Push
Kiah Stokes3-PTMade,Kiah Stokes3-PTMade0.5,WNBA,317423,Kiah Stokes,C,GSV,3-PT Made,0.5,TRUE,10/9/2026,12/30/1899,pre_game,WNBA,demon,https://static.prizepicks.com/images/players/WNBA/Kiah_Stokes_WNBA_player_ndf93Nxv7e15yD38rl5xBPni.webp,15591266,,,,,,,,,,,,Valkyries @ Aces,2026-10-10T01:30:00Z,Fri 09:30pm,N/A,N/A,Peacock/NBCSN,,,10/9/2026,,,,,No,,20.32,21,,,,0,,0,,0,0,0.5,0,Push
Jackie YoungOffensiveRebounds,Jackie YoungOffensiveRebounds0.5,WNBA,237846,Jackie Young,G,LVA,Offensive Rebounds,0.5,TRUE,10/9/2026,12/30/1899,pre_game,WNBA,demon,https://static.prizepicks.com/images/players/WNBA/Jackie_Young_WNBA_player_xMYZ7NbkZrdioerQcMdWBKG9.webp,15597891,,,,,,,,,Yes,-4.5,156.6,Valkyries @ Aces,2026-10-10T01:30:00Z,Fri 09:30pm,N/A,N/A,Peacock/NBCSN,,,10/9/2026,,,,,No,ATL,33.24,31,,,,0,12,-0.0325,under,0,-0.03,0.5,0,Push
Jewell LoydOffensiveRebounds,Jewell LoydOffensiveRebounds0.5,WNBA,237844,Jewell Loyd,G,LVA,Offensive Rebounds,0.5,TRUE,10/9/2026,12/30/1899,pre_game,WNBA,demon,https://static.prizepicks.com/images/players/WNBA/Jewell_Loyd_WNBA_player_kl6eTaXsduFI7E6eDj4QuueY.webp,15597892,,,,,,,,,Yes,-4.5,156.6,Valkyries @ Aces,2026-10-10T01:30:00Z,Fri 09:30pm,N/A,N/A,Peacock/NBCSN,,,10/9/2026,,,,,No,ATL,16.73,28,,,,0,12,-0.0325,under,0,-0.03,0.5,0,Push
Stephanie TalbotOffensiveRebounds,Stephanie TalbotOffensiveRebounds0.5,WNBA,317883,Stephanie Talbot,F,LVA,Offensive Rebounds,0.5,TRUE,10/9/2026,12/30/1899,pre_game,WNBA,demon,https://static.prizepicks.com/images/players/WNBA/Stephanie_Talbot_WNBA_player_v6hnGHVjDs3ZNq5tDauoy5Dk.webp,15597894,,,,,,,,,Yes,-4.5,156.6,Valkyries @ Aces,2026-10-10T01:30:00Z,Fri 09:30pm,N/A,N/A,Peacock/NBCSN,,,10/9/2026,,,,,No,ATL,13.5,20,,,,0,12,-0.0325,under,0,-0.03,0.5,0,Push
Tiffany HayesOffensiveRebounds,Tiffany HayesOffensiveRebounds0.5,WNBA,238101,Tiffany Hayes,G,GSV,Offensive Rebounds,0.5,TRUE,10/9/2026,12/30/1899,pre_game,WNBA,demon,https://static.prizepicks.com/images/players/WNBA/Tiffany_Hayes_WNBA_player_JZ73QF6RKriqG7DeqAWWKcDH.webp,15597895,,,,,,,,,,,,Valkyries @ Aces,2026-10-10T01:30:00Z,Fri 09:30pm,N/A,N/A,Peacock/NBCSN,,,10/9/2026,,,,,No,,14.27,20,,,,0,,0,,0,0,0.5,0,Push
Breanna StewartFantasyScore,Breanna StewartFantasyScore40.5,WNBA,237847,Breanna Stewart,F,NYL,Fantasy Score,40.5,TRUE,10/9/2026,12/30/1899,pre_game,WNBA,goblin,https://static.prizepicks.com/images/players/WNBA/Breanna_Stewart_WNBA_player_0QbcmrMWR4KgqkSDi1fYPEeZ.webp,15563754,,,,,,Over,,,,,,Dream @ Liberty,2026-10-09T23:30:00Z,Fri 07:30pm,N/A,N/A,ESPN2,,,10/9/2026,46.32,,,,No,,46.32,33,65.1,34.9,65.1,46.32,,0,,46.32,46.32,45.4,47.55,Push
Breanna StewartPts+Rebs+Asts,Breanna StewartPts+Rebs+Asts34.5,WNBA,237847,Breanna Stewart,F,NYL,Pts+Rebs+Asts,34.5,TRUE,10/9/2026,12/30/1899,pre_game,WNBA,goblin,https://static.prizepicks.com/images/players/WNBA/Breanna_Stewart_WNBA_player_0QbcmrMWR4KgqkSDi1fYPEeZ.webp,15544378,36.5,50.3,49.7,-8.11,50.3,Over,https://www.freeiconspng.com/img/1934,,,,,Dream @ Liberty,2026-10-09T23:30:00Z,Fri 07:30pm,N/A,N/A,ESPN2,,,10/9/2026,36.5,,,,No,,46.32,33,50.36654787,49.63345213,50,36.5,,0,,36.5,36.5,36,0,Push
Breanna StewartPts+Rebs+Asts,Breanna StewartPts+Rebs+Asts32.5,WNBA,237847,Breanna Stewart,F,NYL,Pts+Rebs+Asts,32.5,TRUE,10/9/2026,12/30/1899,pre_game,WNBA,goblin,https://static.prizepicks.com/images/players/WNBA/Breanna_Stewart_WNBA_player_0QbcmrMWR4KgqkSDi1fYPEeZ.webp,15548861,36.5,50.3,49.7,-8.11,50.3,Over,https://www.freeiconspng.com/img/1934,,,,,Dream @ Liberty,2026-10-09T23:30:00Z,Fri 07:30pm,N/A,N/A,ESPN2,,,10/9/2026,36.5,,,,No,,46.32,33,51.78013963,48.21986037,50,36.5,,0,,36.5,36.5,35.5,0,Push
Angel ReeseFantasyScore,Angel ReeseFantasyScore32.5,WNBA,315793,Angel Reese,F,ATL,Fantasy Score,32.5,TRUE,10/9/2026,12/30/1899,pre_game,WNBA,goblin,https://static.prizepicks.com/images/manual/AngeelesReese.png,15563740,,,,,,Over,,,No,3.2,170.5,Dream @ Liberty,2026-10-09T23:30:00Z,Fri 07:30pm,N/A,N/A,ESPN2,,,10/9/2026,35.06,,,,No,LVA,35.06,32,57.94,42.06,57.94,35.06,11,-0.9556,under,35.06,34.1,35.25,39.55,Push
Rhyne HowardFantasyScore,Rhyne HowardFantasyScore31,WNBA,237831,Rhyne Howard,G,ATL,Fantasy Score,31,TRUE,10/9/2026,12/30/1899,pre_game,WNBA,goblin,https://static.prizepicks.com/images/players/WNBA/Rhyne_Howard_WNBA_player_EHb8PvO3NcqnZYZhVJsHND96.webp,15563751,,,,,,Over,,,No,3.2,170.5,Dream @ Liberty,2026-10-09T23:30:00Z,Fri 07:30pm,N/A,N/A,ESPN2,,,10/9/2026,37.23,,,,No,LVA,37.23,35,66.28,33.72,66.28,37.23,11,-0.9556,under,37.23,36.27,35.76,37.05,Push
Breanna StewartPts+Rebs+Asts,Breanna StewartPts+Rebs+Asts29.5,WNBA,237847,Breanna Stewart,F,NYL,Pts+Rebs+Asts,29.5,TRUE,10/9/2026,12/30/1899,pre_game,WNBA,goblin,https://static.prizepicks.com/images/players/WNBA/Breanna_Stewart_WNBA_player_0QbcmrMWR4KgqkSDi1fYPEeZ.webp,15544306,36.5,50.3,49.7,-8.11,50.3,Over,https://www.freeiconspng.com/img/1934,,,,,Dream @ Liberty,2026-10-09T23:30:00Z,Fri 07:30pm,N/A,N/A,ESPN2,,,10/9/2026,36.5,,,,No,,46.32,33,53.97367122,46.02632878,53.97,36.5,,0,,36.5,36.5,34.75,0,Push
Breanna StewartPts+Rebs,Breanna StewartPts+Rebs29.5,WNBA,237847,Breanna Stewart,F,NYL,Pts+Rebs,29.5,TRUE,10/9/2026,12/30/1899,pre_game,WNBA,goblin,https://static.prizepicks.com/images/players/WNBA/Breanna_Stewart_WNBA_player_0QbcmrMWR4KgqkSDi1fYPEeZ.webp,15544343,32.5,49.82,50.18,-7.63,50.18,Over,https://www.freeiconspng.com/img/1934,,,,,Dream @ Liberty,2026-10-09T23:30:00Z,Fri 07:30pm,N/A,N/A,ESPN2,,,10/9/2026,32.5,,,,No,,46.32,33,50.89773936,49.10226064,50,32.5,,0,,32.5,32.5,31.75,0,Push
Jonquel JonesFantasyScore,Jonquel JonesFantasyScore29,WNBA,237849,Jonquel Jones,C,NYL,Fantasy Score,29,TRUE,10/9/2026,12/30/1899,pre_game,WNBA,goblin,https://static.prizepicks.com/images/players/WNBA/Jonquel_Jones_WNBA_player_TqkCFBXssXmlPoyGSqO8lyJI.webp,15563757,,,,,,Over,,,,,,Dream @ Liberty,2026-10-09T23:30:00Z,Fri 07:30pm,N/A,N/A,ESPN2,,,10/9/2026,34.15,,,,No,,34.15,29,64.2,35.8,64.2,34.15,,0,,34.15,34.15,33.8,37.55,Push
Angel ReesePts+Rebs+Asts,Angel ReesePts+Rebs+Asts27.5,WNBA,315793,Angel Reese,F,ATL,Pts+Rebs+Asts,27.5,TRUE,10/9/2026,12/30/1899,pre_game,WNBA,goblin,https://static.prizepicks.com/images/manual/AngeelesReese.png,15548867,29.5,48.57,51.43,,51.43,Under,https://www.freeiconspng.com/img/1934,,No,3.2,170.5,Dream @ Liberty,2026-10-09T23:30:00Z,Fri 07:30pm,N/A,N/A,ESPN2,,,10/9/2026,29.5,,,,No,LVA,35.06,32,49.6087103,50.3912897,50,29.5,15,-0.12,under,29.5,29.38,28.97,0,Push
Jordin CanadaFantasyScore,Jordin CanadaFantasyScore27,WNBA,197522,Jordin Canada,G,ATL,Fantasy Score,27,TRUE,10/9/2026,12/30/1899,pre_game,WNBA,goblin,https://static.prizepicks.com/images/players/WNBA/Jordin_Canada_WNBA_player_nideRIEvnxcNybRbajfbVawY.webp,15563742,,,,,,Over,,,No,3.2,170.5,Dream @ Liberty,2026-10-09T23:30:00Z,Fri 07:30pm,N/A,N/A,ESPN2,,,10/9/2026,32.25,,,,No,LVA,32.25,31,64.81,35.19,64.81,32.25,11,-0.9556,under,32.25,31.29,31.27,33.55,Push
Jonquel JonesPts+Rebs+Asts,Jonquel JonesPts+Rebs+Asts25.5,WNBA,237849,Jonquel Jones,C,NYL,Pts+Rebs+Asts,25.5,TRUE,10/9/2026,12/30/1899,pre_game,WNBA,goblin,https://static.prizepicks.com/images/players/WNBA/Jonquel_Jones_WNBA_player_TqkCFBXssXmlPoyGSqO8lyJI.webp,15548954,27.5,49.45,50.55,-7.26,50.55,Over,https://www.freeiconspng.com/img/1934,,,,,Dream @ Liberty,2026-10-09T23:30:00Z,Fri 07:30pm,N/A,N/A,ESPN2,,,10/9/2026,27.5,,,,No,,34.15,29,50.01184057,49.98815943,50,27.5,,0,,27.5,27.5,27,0,Push
Rhyne HowardPts+Rebs+Asts,Rhyne HowardPts+Rebs+Asts25.5,WNBA,237831,Rhyne Howard,G,ATL,Pts+Rebs+Asts,25.5,TRUE,10/9/2026,12/30/1899,pre_game,WNBA,goblin,https://static.prizepicks.com/images/players/WNBA/Rhyne_Howard_WNBA_player_EHb8PvO3NcqnZYZhVJsHND96.webp,15589736,27.11,50.19,49.81,-8,50.19,Over,https://www.freeiconspng.com/img/1934,,No,3.2,170.5,Dream @ Liberty,2026-10-09T23:30:00Z,Fri 07:30pm,N/A,N/A,ESPN2,,,10/9/2026,27.11,,,,No,LVA,37.23,35,50.0413366,49.9586634,50,27.11,15,-0.12,under,27.11,26.99,26.68,0,Push
Angel ReesePts+Rebs,Angel ReesePts+Rebs24.5,WNBA,315793,Angel Reese,F,ATL,Pts+Rebs,24.5,TRUE,10/9/2026,12/30/1899,pre_game,WNBA,goblin,https://static.prizepicks.com/images/manual/AngeelesReese.png,15544222,26.5,50.33,49.67,-8.14,50.33,Over,https://www.freeiconspng.com/img/1934,,No,3.2,170.5,Dream @ Liberty,2026-10-09T23:30:00Z,Fri 07:30pm,N/A,N/A,ESPN2,,,10/9/2026,26.5,,,,No,LVA,35.06,32,50.41166755,49.58833245,50,26.5,15,-0.12,under,26.5,26.38,25.97,0,Push
Jonquel JonesPts+Rebs+Asts,Jonquel JonesPts+Rebs+Asts24.5,WNBA,237849,Jonquel Jones,C,NYL,Pts+Rebs+Asts,24.5,TRUE,10/9/2026,12/30/1899,pre_game,WNBA,goblin,https://static.prizepicks.com/images/players/WNBA/Jonquel_Jones_WNBA_player_TqkCFBXssXmlPoyGSqO8lyJI.webp,15544317,27.5,49.45,50.55,-7.26,50.55,Over,https://www.freeiconspng.com/img/1934,,,,,Dream @ Liberty,2026-10-09T23:30:00Z,Fri 07:30pm,N/A,N/A,ESPN2,,,10/9/2026,27.5,,,,No,,34.15,29,50.80012462,49.19987538,50,27.5,,0,,27.5,27.5,26.75,0,Push
Breanna StewartPts+Asts,Breanna StewartPts+Asts24.5,WNBA,237847,Breanna Stewart,F,NYL,Pts+Asts,24.5,TRUE,10/9/2026,12/30/1899,pre_game,WNBA,goblin,https://static.prizepicks.com/images/players/WNBA/Breanna_Stewart_WNBA_player_0QbcmrMWR4KgqkSDi1fYPEeZ.webp,15544333,27.5,50.02,49.98,-7.83,50.02,Over,https://www.freeiconspng.com/img/1934,,,,,Dream @ Liberty,2026-10-09T23:30:00Z,Fri 07:30pm,N/A,N/A,ESPN2,,,10/9/2026,27.5,,,,No,,46.32,33,51.05662462,48.94337538,50,27.5,,0,,27.5,27.5,26.75,0,Push
Breanna StewartPts+Rebs,Breanna StewartPts+Rebs24.5,WNBA,237847,Breanna Stewart,F,NYL,Pts+Rebs,24.5,TRUE,10/9/2026,12/30/1899,pre_game,WNBA,goblin,https://static.prizepicks.com/images/players/WNBA/Breanna_Stewart_WNBA_player_0QbcmrMWR4KgqkSDi1fYPEeZ.webp,15544347,32.5,49.82,50.18,-7.63,50.18,Over,https://www.freeiconspng.com/img/1934,,,,,Dream @ Liberty,2026-10-09T23:30:00Z,Fri 07:30pm,N/A,N/A,ESPN2,,,10/9/2026,32.5,,,,No,,46.32,33,54.75105615,45.24894385,54.75,32.5,,0,,32.5,32.5,30.5,0,Push
Rhyne HowardPts+Rebs+Asts,Rhyne HowardPts+Rebs+Asts24.5,WNBA,237831,Rhyne Howard,G,ATL,Pts+Rebs+Asts,24.5,TRUE,10/9/2026,12/30/1899,pre_game,WNBA,goblin,https://static.prizepicks.com/images/players/WNBA/Rhyne_Howard_WNBA_player_EHb8PvO3NcqnZYZhVJsHND96.webp,15544511,27.11,50.19,49.81,-8,50.19,Over,https://www.freeiconspng.com/img/1934,,No,3.2,170.5,Dream @ Liberty,2026-10-09T23:30:00Z,Fri 07:30pm,N/A,N/A,ESPN2,,,10/9/2026,27.11,,,,No,LVA,37.23,35,50.82811793,49.17188207,50,27.11,15,-0.12,under,27.11,26.99,26.43,0,Push
Angel ReesePts+Rebs+Asts,Angel ReesePts+Rebs+Asts24.5,WNBA,315793,Angel Reese,F,ATL,Pts+Rebs+Asts,24.5,TRUE,10/9/2026,12/30/1899,pre_game,WNBA,goblin,https://static.prizepicks.com/images/manual/AngeelesReese.png,15544551,29.5,48.57,51.43,,51.43,Over,https://www.freeiconspng.com/img/1934,,No,3.2,170.5,Dream @ Liberty,2026-10-09T23:30:00Z,Fri 07:30pm,N/A,N/A,ESPN2,,,10/9/2026,29.5,,,,No,LVA,35.06,32,51.94764473,48.05235527,50,29.5,15,-0.12,under,29.5,29.38,28.22,0,Push
Sabrina IonescuPts+Rebs+Asts,Sabrina IonescuPts+Rebs+Asts23.5,WNBA,237848,Sabrina Ionescu,G,NYL,Pts+Rebs+Asts,23.5,TRUE,10/9/2026,12/30/1899,pre_game,WNBA,goblin,https://static.prizepicks.com/images/players/WNBA/Sabrina_Ionescu_WNBA_player_P26gx0GUbxv35lMVCUU4z5Q5.webp,15544712,24.5,49.89,50.11,-7.7,50.11,Under,https://www.freeiconspng.com/img/1934,,,,,Dream @ Liberty,2026-10-09T23:30:00Z,Fri 07:30pm,N/A,N/A,ESPN2,,,10/9/2026,24.5,,,,No,,28.5,20,49.41366615,50.58633385,50,24.5,,0,,24.5,24.5,24.25,0,Push
Breanna StewartPoints,Breanna StewartPoints22.5,WNBA,237847,Breanna Stewart,F,NYL,Points,22.5,TRUE,10/9/2026,12/30/1899,pre_game,WNBA,goblin,https://static.prizepicks.com/images/players/WNBA/Breanna_Stewart_WNBA_player_0QbcmrMWR4KgqkSDi1fYPEeZ.webp,15548863,23.5,49.86,50.14,-3.56,50.14,Under,https://www.freeiconspng.com/img/1934,,,,,Dream @ Liberty,2026-10-09T23:30:00Z,Fri 07:30pm,N/A,N/A,ESPN2,,,10/9/2026,23.5,,,,No,,46.32,33,49.39156174,50.60843826,50,23.5,,0,,23.5,23.5,23.3,23.5,Push
Jordin CanadaPts+Rebs+Asts,Jordin CanadaPts+Rebs+Asts22.5,WNBA,197522,Jordin Canada,G,ATL,Pts+Rebs+Asts,22.5,TRUE,10/9/2026,12/30/1899,pre_game,WNBA,goblin,https://static.prizepicks.com/images/players/WNBA/Jordin_Canada_WNBA_player_nideRIEvnxcNybRbajfbVawY.webp,15548877,24.5,49.56,50.44,-7.37,50.44,Over,https://www.freeiconspng.com/img/1934,,No,3.2,170.5,Dream @ Liberty,2026-10-09T23:30:00Z,Fri 07:30pm,N/A,N/A,ESPN2,,,10/9/2026,24.5,,,,No,LVA,32.25,31,50.07342507,49.92657493,50,24.5,15,-0.12,under,24.5,24.38,23.97,0,Push
Sabrina IonescuPts+Rebs+Asts,Sabrina IonescuPts+Rebs+Asts22.5,WNBA,237848,Sabrina Ionescu,G,NYL,Pts+Rebs+Asts,22.5,TRUE,10/9/2026,12/30/1899,pre_game,WNBA,goblin,https://static.prizepicks.com/images/players/WNBA/Sabrina_Ionescu_WNBA_player_P26gx0GUbxv35lMVCUU4z5Q5.webp,15548886,24.5,49.89,50.11,-7.7,50.11,Over,https://www.freeiconspng.com/img/1934,,,,,Dream @ Liberty,2026-10-09T23:30:00Z,Fri 07:30pm,N/A,N/A,ESPN2,,,10/9/2026,24.5,,,,No,,28.5,20,50.22192507,49.77807493,50,24.5,,0,,24.5,24.5,24,0,Push
Sabrina IonescuFantasyScore,Sabrina IonescuFantasyScore22.5,WNBA,237848,Sabrina Ionescu,G,NYL,Fantasy Score,22.5,TRUE,10/9/2026,12/30/1899,pre_game,WNBA,goblin,https://static.prizepicks.com/images/players/WNBA/Sabrina_Ionescu_WNBA_player_P26gx0GUbxv35lMVCUU4z5Q5.webp,15563761,,,,,,Over,,,,,,Dream @ Liberty,2026-10-09T23:30:00Z,Fri 07:30pm,N/A,N/A,ESPN2,,,10/9/2026,28.5,,,,No,,28.5,20,68.59,31.41,68.59,28.5,,0,,28.5,28.5,27.31,28.55,Push
DeWanna BonnerFantasyScore,DeWanna BonnerFantasyScore20.5,WNBA,338881,DeWanna Bonner,GF,ATL,Fantasy Score,20.5,TRUE,10/9/2026,12/30/1899,pre_game,WNBA,goblin,https://static.prizepicks.com/images/manual/DeWanna Bonner.png,15563755,,,,,,Over,,,No,3.2,170.5,Dream @ Liberty,2026-10-09T23:30:00Z,Fri 07:30pm,N/A,N/A,ESPN2,,,10/9/2026,24.92,,,,No,,24.92,25,65.52,34.48,65.52,24.92,,0,,24.92,24.92,24.16,25.55,Push
Jonquel JonesPts+Rebs,Jonquel JonesPts+Rebs19.5,WNBA,237849,Jonquel Jones,C,NYL,Pts+Rebs,19.5,TRUE,10/9/2026,12/30/1899,pre_game,WNBA,goblin,https://static.prizepicks.com/images/players/WNBA/Jonquel_Jones_WNBA_player_TqkCFBXssXmlPoyGSqO8lyJI.webp,15544226,25,51.53,48.47,,51.53,Over,https://www.freeiconspng.com/img/1934,,,,,Dream @ Liberty,2026-10-09T23:30:00Z,Fri 07:30pm,N/A,N/A,ESPN2,,,10/9/2026,25,,,,No,,34.15,29,53.90133638,46.09866362,53.9,25,,0,,25,25,23.63,0,Push
Rhyne HowardPts+Asts,Rhyne HowardPts+Asts19.5,WNBA,237831,Rhyne Howard,G,ATL,Pts+Asts,19.5,TRUE,10/9/2026,12/30/1899,pre_game,WNBA,goblin,https://static.prizepicks.com/images/players/WNBA/Rhyne_Howard_WNBA_player_EHb8PvO3NcqnZYZhVJsHND96.webp,15544243,22.5,50.51,49.49,-8.32,50.51,Over,https://www.freeiconspng.com/img/1934,,No,3.2,170.5,Dream @ Liberty,2026-10-09T23:30:00Z,Fri 07:30pm,N/A,N/A,ESPN2,,,10/9/2026,22.5,,,,No,LVA,37.23,35,51.36540705,48.63459295,50,22.5,11,-0.9556,under,22.5,21.54,21.51,0,Push
Jordin CanadaPts+Asts,Jordin CanadaPts+Asts19.5,WNBA,197522,Jordin Canada,G,ATL,Pts+Asts,19.5,TRUE,10/9/2026,12/30/1899,pre_game,WNBA,goblin,https://static.prizepicks.com/images/players/WNBA/Jordin_Canada_WNBA_player_nideRIEvnxcNybRbajfbVawY.webp,15544314,21.5,48.66,51.34,-6.47,51.34,Under,https://www.freeiconspng.com/img/1934,,No,3.2,170.5,Dream @ Liberty,2026-10-09T23:30:00Z,Fri 07:30pm,N/A,N/A,ESPN2,,,10/9/2026,21.5,,,,No,LVA,32.25,31,49.68263079,50.31736921,50,21.5,11,-0.9556,under,21.5,20.54,20.76,0,Push
Breanna StewartPoints,Breanna StewartPoints19.5,WNBA,237847,Breanna Stewart,F,NYL,Points,19.5,TRUE,10/9/2026,12/30/1899,pre_game,WNBA,goblin,https://static.prizepicks.com/images/players/WNBA/Breanna_Stewart_WNBA_player_0QbcmrMWR4KgqkSDi1fYPEeZ.webp,15544396,23.5,49.86,50.14,-3.56,50.14,Over,https://www.freeiconspng.com/img/1934,,,,,Dream @ Liberty,2026-10-09T23:30:00Z,Fri 07:30pm,N/A,N/A,ESPN2,,,10/9/2026,23.5,,,,No,,46.32,33,51.91249386,48.08750614,50,23.5,,0,,23.5,23.5,22.7,23.5,Best Bet
Rhyne HowardPts+Rebs,Rhyne HowardPts+Rebs19.5,WNBA,237831,Rhyne Howard,G,ATL,Pts+Rebs,19.5,TRUE,10/9/2026,12/30/1899,pre_game,WNBA,goblin,https://static.prizepicks.com/images/players/WNBA/Rhyne_Howard_WNBA_player_EHb8PvO3NcqnZYZhVJsHND96.webp,15544460,22.5,50.78,49.22,-8.59,50.78,Over,https://www.freeiconspng.com/img/1934,,No,3.2,170.5,Dream @ Liberty,2026-10-09T23:30:00Z,Fri 07:30pm,N/A,N/A,ESPN2,,,10/9/2026,22.5,,,,No,LVA,37.23,35,51.48690705,48.51309295,50,22.5,15,-0.12,under,22.5,22.38,21.72,0,Push
Sabrina IonescuPts+Rebs+Asts,Sabrina IonescuPts+Rebs+Asts19.5,WNBA,237848,Sabrina Ionescu,G,NYL,Pts+Rebs+Asts,19.5,TRUE,10/9/2026,12/30/1899,pre_game,WNBA,goblin,https://static.prizepicks.com/images/players/WNBA/Sabrina_Ionescu_WNBA_player_P26gx0GUbxv35lMVCUU4z5Q5.webp,15544479,24.5,49.89,50.11,-7.7,50.11,Over,https://www.freeiconspng.com/img/1934,,,,,Dream @ Liberty,2026-10-09T23:30:00Z,Fri 07:30pm,N/A,N/A,ESPN2,,,10/9/2026,24.5,,,,No,,28.5,20,52.75396988,47.24603012,52.75,24.5,,0,,24.5,24.5,23.25,0,Push
Sabrina IonescuPts+Asts,Sabrina IonescuPts+Asts19.5,WNBA,237848,Sabrina Ionescu,G,NYL,Pts+Asts,19.5,TRUE,10/9/2026,12/30/1899,pre_game,WNBA,goblin,https://static.prizepicks.com/images/players/WNBA/Sabrina_Ionescu_WNBA_player_P26gx0GUbxv35lMVCUU4z5Q5.webp,15544559,20.5,50.14,49.86,-7.95,50.14,Under,https://www.freeiconspng.com/img/1934,,,,,Dream @ Liberty,2026-10-09T23:30:00Z,Fri 07:30pm,N/A,N/A,ESPN2,,,10/9/2026,20.5,,,,No,,28.5,20,49.48866156,50.51133844,50,20.5,,0,,20.5,20.5,20.25,0,Push
Jordin CanadaPts+Rebs+Asts,Jordin CanadaPts+Rebs+Asts19.5,WNBA,197522,Jordin Canada,G,ATL,Pts+Rebs+Asts,19.5,TRUE,10/9/2026,12/30/1899,pre_game,WNBA,goblin,https://static.prizepicks.com/images/players/WNBA/Jordin_Canada_WNBA_player_nideRIEvnxcNybRbajfbVawY.webp,15544604,24.5,49.56,50.44,-7.37,50.44,Over,https://www.freeiconspng.com/img/1934,,No,3.2,170.5,Dream @ Liberty,2026-10-09T23:30:00Z,Fri 07:30pm,N/A,N/A,ESPN2,,,10/9/2026,24.5,,,,No,LVA,32.25,31,52.60546988,47.39453012,52.61,24.5,15,-0.12,under,24.5,24.38,23.22,0,Push
Rhyne HowardPts+Rebs+Asts,Rhyne HowardPts+Rebs+Asts19.5,WNBA,237831,Rhyne Howard,G,ATL,Pts+Rebs+Asts,19.5,TRUE,10/9/2026,12/30/1899,pre_game,WNBA,goblin,https://static.prizepicks.com/images/players/WNBA/Rhyne_Howard_WNBA_player_EHb8PvO3NcqnZYZhVJsHND96.webp,15544736,27.11,50.19,49.81,-8,50.19,Over,https://www.freeiconspng.com/img/1934,,No,3.2,170.5,Dream @ Liberty,2026-10-09T23:30:00Z,Fri 07:30pm,N/A,N/A,ESPN2,,,10/9/2026,27.11,,,,No,LVA,37.23,35,54.98937456,45.01062544,54.99,27.11,15,-0.12,under,27.11,26.99,25.18,0,Push
Angel ReesePts+Rebs,Angel ReesePts+Rebs19.5,WNBA,315793,Angel Reese,F,ATL,Pts+Rebs,19.5,TRUE,10/9/2026,12/30/1899,pre_game,WNBA,goblin,https://static.prizepicks.com/images/manual/AngeelesReese.png,15544747,26.5,50.33,49.67,-8.14,50.33,Over,https://www.freeiconspng.com/img/1934,,No,3.2,170.5,Dream @ Liberty,2026-10-09T23:30:00Z,Fri 07:30pm,N/A,N/A,ESPN2,,,10/9/2026,26.5,,,,No,LVA,35.06,32,54.5697771,45.4302229,54.57,26.5,15,-0.12,under,26.5,26.38,24.72,0,Push
Breanna StewartPoints,Breanna StewartPoints17.5,WNBA,237847,Breanna Stewart,F,NYL,Points,17.5,TRUE,10/9/2026,12/30/1899,pre_game,WNBA,goblin,https://static.prizepicks.com/images/players/WNBA/Breanna_Stewart_WNBA_player_0QbcmrMWR4KgqkSDi1fYPEeZ.webp,15544194,23.5,49.86,50.14,-3.56,50.14,Over,https://www.freeiconspng.com/img/1934,,,,,Dream @ Liberty,2026-10-09T23:30:00Z,Fri 07:30pm,N/A,N/A,ESPN2,,,10/9/2026,23.5,,,,No,,46.32,33,53.6868659,46.3131341,53.69,23.5,,0,,23.5,23.5,22.3,23.5,Best Bet
Rhyne HowardPoints,Rhyne HowardPoints17.5,WNBA,237831,Rhyne Howard,G,ATL,Points,17.5,TRUE,10/9/2026,12/30/1899,pre_game,WNBA,goblin,https://static.prizepicks.com/images/players/WNBA/Rhyne_Howard_WNBA_player_EHb8PvO3NcqnZYZhVJsHND96.webp,15544434,18.82,48.44,51.56,-8.91,51.56,Under,https://www.freeiconspng.com/img/1934,,No,3.2,170.5,Dream @ Liberty,2026-10-09T23:30:00Z,Fri 07:30pm,N/A,N/A,ESPN2,,,10/9/2026,18.82,,,,No,LVA,37.23,35,48.98824745,51.01175255,50,18.82,12,-0.2047,under,18.82,18.62,18.45,18.5,Push
DeWanna BonnerPts+Rebs+Asts,DeWanna BonnerPts+Rebs+Asts17.5,WNBA,338881,DeWanna Bonner,GF,ATL,Pts+Rebs+Asts,17.5,TRUE,10/9/2026,12/30/1899,pre_game,WNBA,goblin,https://static.prizepicks.com/images/manual/DeWanna Bonner.png,15544690,19.5,49.82,50.18,,50.18,Over,https://www.freeiconspng.com/img/1934,,No,3.2,170.5,Dream @ Liberty,2026-10-09T23:30:00Z,Fri 07:30pm,N/A,N/A,ESPN2,,,10/9/2026,19.5,,,,No,,24.92,25,50.2156345,49.7843655,50,19.5,,0,,19.5,19.5,19,0,Push
Breanna StewartPoints,Breanna StewartPoints16.5,WNBA,237847,Breanna Stewart,F,NYL,Points,16.5,TRUE,10/9/2026,12/30/1899,pre_game,WNBA,goblin,https://static.prizepicks.com/images/players/WNBA/Breanna_Stewart_WNBA_player_0QbcmrMWR4KgqkSDi1fYPEeZ.webp,15554058,23.5,49.86,50.14,-3.56,50.14,Over,https://www.freeiconspng.com/img/1934,,,,,Dream @ Liberty,2026-10-09T23:30:00Z,Fri 07:30pm,N/A,N/A,ESPN2,,,10/9/2026,23.5,,,,No,,46.32,33,54.60135076,45.39864924,54.6,23.5,,0,,23.5,23.5,22.1,23.5,Ideal Bet
Rhyne HowardPoints,Rhyne HowardPoints16.5,WNBA,237831,Rhyne Howard,G,ATL,Points,16.5,TRUE,10/9/2026,12/30/1899,pre_game,WNBA,goblin,https://static.prizepicks.com/images/players/WNBA/Rhyne_Howard_WNBA_player_EHb8PvO3NcqnZYZhVJsHND96.webp,15587042,18.82,48.44,51.56,-8.91,51.56,Under,https://www.freeiconspng.com/img/1934,,No,3.2,170.5,Dream @ Liberty,2026-10-09T23:30:00Z,Fri 07:30pm,N/A,N/A,ESPN2,,,10/9/2026,18.82,,,,No,LVA,37.23,35,49.89007399,50.10992601,50,18.82,12,-0.2047,under,18.82,18.62,18.25,18.5,Push
Breanna StewartFGAttempted,Breanna StewartFGAttempted15.5,WNBA,237847,Breanna Stewart,F,NYL,FG Attempted,15.5,TRUE,10/9/2026,12/30/1899,pre_game,WNBA,goblin,https://static.prizepicks.com/images/players/WNBA/Breanna_Stewart_WNBA_player_0QbcmrMWR4KgqkSDi1fYPEeZ.webp,15598610,,,,,,,,,,,,Dream @ Liberty,2026-10-09T23:30:00Z,Fri 07:30pm,N/A,N/A,ESPN2,,,10/9/2026,,,,,No,,46.32,33,,,,0,,0,,0,0,15.5,0,Push
Jordin CanadaPts+Rebs,Jordin CanadaPts+Rebs14.5,WNBA,197522,Jordin Canada,G,ATL,Pts+Rebs,14.5,TRUE,10/9/2026,12/30/1899,pre_game,WNBA,goblin,https://static.prizepicks.com/images/players/WNBA/Jordin_Canada_WNBA_player_nideRIEvnxcNybRbajfbVawY.webp,15544240,16.5,50.73,49.27,-8.54,50.73,Over,https://www.freeiconspng.com/img/1934,,No,3.2,170.5,Dream @ Liberty,2026-10-09T23:30:00Z,Fri 07:30pm,N/A,N/A,ESPN2,,,10/9/2026,16.5,,,,No,LVA,32.25,31,50.64475066,49.35524934,50,16.5,15,-0.12,under,16.5,16.38,15.97,0,Push
Rhyne HowardPoints,Rhyne HowardPoints14.5,WNBA,237831,Rhyne Howard,G,ATL,Points,14.5,TRUE,10/9/2026,12/30/1899,pre_game,WNBA,goblin,https://static.prizepicks.com/images/players/WNBA/Rhyne_Howard_WNBA_player_EHb8PvO3NcqnZYZhVJsHND96.webp,15544247,18.82,48.44,51.56,-8.91,51.56,Over,https://www.freeiconspng.com/img/1934,,No,3.2,170.5,Dream @ Liberty,2026-10-09T23:30:00Z,Fri 07:30pm,N/A,N/A,ESPN2,,,10/9/2026,18.82,,,,No,LVA,37.23,35,51.77079776,48.22920224,50,18.82,12,-0.2047,under,18.82,18.62,17.85,18.5,Best Bet
Sabrina IonescuPts+Rebs,Sabrina IonescuPts+Rebs14.5,WNBA,237848,Sabrina Ionescu,G,NYL,Pts+Rebs,14.5,TRUE,10/9/2026,12/30/1899,pre_game,WNBA,goblin,https://static.prizepicks.com/images/players/WNBA/Sabrina_Ionescu_WNBA_player_P26gx0GUbxv35lMVCUU4z5Q5.webp,15544269,19.5,50.45,49.55,-8.26,50.45,Over,https://www.freeiconspng.com/img/1934,,,,,Dream @ Liberty,2026-10-09T23:30:00Z,Fri 07:30pm,N/A,N/A,ESPN2,,,10/9/2026,19.5,,,,No,,28.5,20,53.29134901,46.70865099,53.29,19.5,,0,,19.5,19.5,18.25,0,Push
DeWanna BonnerPts+Rebs,DeWanna BonnerPts+Rebs14.5,WNBA,338881,DeWanna Bonner,GF,ATL,Pts+Rebs,14.5,TRUE,10/9/2026,12/30/1899,pre_game,WNBA,goblin,https://static.prizepicks.com/images/manual/DeWanna Bonner.png,15544316,17.5,49.82,50.18,-7.63,50.18,Over,https://www.freeiconspng.com/img/1934,,No,3.2,170.5,Dream @ Liberty,2026-10-09T23:30:00Z,Fri 07:30pm,N/A,N/A,ESPN2,,,10/9/2026,17.5,,,,No,,24.92,25,51.17469865,48.82530135,50,17.5,,0,,17.5,17.5,16.75,0,Push
Angel ReesePoints,Angel ReesePoints14.5,WNBA,315793,Angel Reese,F,ATL,Points,14.5,TRUE,10/9/2026,12/30/1899,pre_game,WNBA,goblin,https://static.prizepicks.com/images/manual/AngeelesReese.png,15544359,16.08,49.02,50.98,-7.7,50.98,Under,https://www.freeiconspng.com/img/1934,,No,3.2,170.5,Dream @ Liberty,2026-10-09T23:30:00Z,Fri 07:30pm,N/A,N/A,ESPN2,,,10/9/2026,16.08,,,,No,LVA,35.06,32,49.47653174,50.52346826,50,16.08,12,-0.2047,under,16.08,15.88,15.81,16.5,Push
Jonquel JonesPts+Asts,Jonquel JonesPts+Asts14.5,WNBA,237849,Jonquel Jones,C,NYL,Pts+Asts,14.5,TRUE,10/9/2026,12/30/1899,pre_game,WNBA,goblin,https://static.prizepicks.com/images/players/WNBA/Jonquel_Jones_WNBA_player_TqkCFBXssXmlPoyGSqO8lyJI.webp,15544366,17.5,51.29,48.71,-3.66,51.29,Over,https://www.freeiconspng.com/img/1934,,,,,Dream @ Liberty,2026-10-09T23:30:00Z,Fri 07:30pm,N/A,N/A,ESPN2,,,10/9/2026,17.5,,,,No,,34.15,29,51.83619865,48.16380135,50,17.5,,0,,17.5,17.5,16.75,0,Push
Sabrina IonescuPoints,Sabrina IonescuPoints14.5,WNBA,237848,Sabrina Ionescu,G,NYL,Points,14.5,TRUE,10/9/2026,12/30/1899,pre_game,WNBA,goblin,https://static.prizepicks.com/images/players/WNBA/Sabrina_Ionescu_WNBA_player_P26gx0GUbxv35lMVCUU4z5Q5.webp,15544412,15.9,50.41,49.59,-6.55,50.41,Under,https://www.freeiconspng.com/img/1934,,,,,Dream @ Liberty,2026-10-09T23:30:00Z,Fri 07:30pm,N/A,N/A,ESPN2,,,10/9/2026,15.9,,,,No,,28.5,20,49.93043727,50.06956273,50,15.9,,0,,15.9,15.9,15.54,15.5,Push
Angel ReesePts+Asts,Angel ReesePts+Asts14.5,WNBA,315793,Angel Reese,F,ATL,Pts+Asts,14.5,TRUE,10/9/2026,12/30/1899,pre_game,WNBA,goblin,https://static.prizepicks.com/images/manual/AngeelesReese.png,15544421,18.5,48.97,51.03,-6.78,51.03,Over,https://www.freeiconspng.com/img/1934,,No,3.2,170.5,Dream @ Liberty,2026-10-09T23:30:00Z,Fri 07:30pm,N/A,N/A,ESPN2,,,10/9/2026,18.5,,,,No,LVA,35.06,32,51.71676267,48.28323733,50,18.5,11,-0.9556,under,18.5,17.54,17.26,0,Push
Jonquel JonesPoints,Jonquel JonesPoints14.5,WNBA,237849,Jonquel Jones,C,NYL,Points,14.5,TRUE,10/9/2026,12/30/1899,pre_game,WNBA,goblin,https://static.prizepicks.com/images/players/WNBA/Jonquel_Jones_WNBA_player_TqkCFBXssXmlPoyGSqO8lyJI.webp,15544433,15.5,49.36,50.64,-4.31,50.64,Under,https://www.freeiconspng.com/img/1934,,,,,Dream @ Liberty,2026-10-09T23:30:00Z,Fri 07:30pm,N/A,N/A,ESPN2,,,10/9/2026,15.5,,,,No,,34.15,29,49.07513207,50.92486793,50,15.5,,0,,15.5,15.5,15.3,15.5,Push
DeWanna BonnerPts+Rebs+Asts,DeWanna BonnerPts+Rebs+Asts14.5,WNBA,338881,DeWanna Bonner,GF,ATL,Pts+Rebs+Asts,14.5,TRUE,10/9/2026,12/30/1899,pre_game,WNBA,goblin,https://static.prizepicks.com/images/manual/DeWanna Bonner.png,15544455,19.5,49.82,50.18,,50.18,Over,https://www.freeiconspng.com/img/1934,,No,3.2,170.5,Dream @ Liberty,2026-10-09T23:30:00Z,Fri 07:30pm,N/A,N/A,ESPN2,,,10/9/2026,19.5,,,,No,,24.92,25,53.00784901,46.99215099,53.01,19.5,,0,,19.5,19.5,18.25,0,Push
Sabrina IonescuPts+Asts,Sabrina IonescuPts+Asts14.5,WNBA,237848,Sabrina Ionescu,G,NYL,Pts+Asts,14.5,TRUE,10/9/2026,12/30/1899,pre_game,WNBA,goblin,https://static.prizepicks.com/images/players/WNBA/Sabrina_Ionescu_WNBA_player_P26gx0GUbxv35lMVCUU4z5Q5.webp,15544557,20.5,50.14,49.86,-7.95,50.14,Over,https://www.freeiconspng.com/img/1934,,,,,Dream @ Liberty,2026-10-09T23:30:00Z,Fri 07:30pm,N/A,N/A,ESPN2,,,10/9/2026,20.5,,,,No,,28.5,20,54.04348054,45.95651946,54.04,20.5,,0,,20.5,20.5,19,0,Push
Jordin CanadaPts+Asts,Jordin CanadaPts+Asts14.5,WNBA,197522,Jordin Canada,G,ATL,Pts+Asts,14.5,TRUE,10/9/2026,12/30/1899,pre_game,WNBA,goblin,https://static.prizepicks.com/images/players/WNBA/Jordin_Canada_WNBA_player_nideRIEvnxcNybRbajfbVawY.webp,15544750,21.5,48.66,51.34,-6.47,51.34,Over,https://www.freeiconspng.com/img/1934,,No,3.2,170.5,Dream @ Liberty,2026-10-09T23:30:00Z,Fri 07:30pm,N/A,N/A,ESPN2,,,10/9/2026,21.5,,,,No,LVA,32.25,31,54.25129306,45.74870694,54.25,21.5,11,-0.9556,under,21.5,20.54,19.51,0,Push
Rhyne HowardFGAttempted,Rhyne HowardFGAttempted14.5,WNBA,237831,Rhyne Howard,G,ATL,FG Attempted,14.5,TRUE,10/9/2026,12/30/1899,pre_game,WNBA,goblin,https://static.prizepicks.com/images/players/WNBA/Rhyne_Howard_WNBA_player_EHb8PvO3NcqnZYZhVJsHND96.webp,15598621,,,,,,,,,No,3.2,170.5,Dream @ Liberty,2026-10-09T23:30:00Z,Fri 07:30pm,N/A,N/A,ESPN2,,,10/9/2026,,,,,No,LVA,37.23,35,,,,0,11,-0.9556,under,0,-0.96,14.5,0,Push
Naz HillmonPts+Rebs+Asts,Naz HillmonPts+Rebs+Asts13.5,WNBA,65842,Naz Hillmon,F,ATL,Pts+Rebs+Asts,13.5,TRUE,10/9/2026,12/30/1899,pre_game,WNBA,goblin,https://static.prizepicks.com/images/players/WNBA/Naz_Hillmon_WNBA_player_34IbaiI4YP0vCC24bAHE2a3n.webp,15544614,13.92,51.74,48.26,,51.74,Under,https://www.freeiconspng.com/img/1934,,No,3.2,170.5,Dream @ Liberty,2026-10-09T23:30:00Z,Fri 07:30pm,N/A,N/A,ESPN2,,,10/9/2026,13.92,,,,No,LVA,17.18,30,49.55803636,50.44196364,50,13.92,15,-0.12,under,13.92,13.8,13.79,0,Push
Sabrina IonescuPoints,Sabrina IonescuPoints13.5,WNBA,237848,Sabrina Ionescu,G,NYL,Points,13.5,TRUE,10/9/2026,12/30/1899,pre_game,WNBA,goblin,https://static.prizepicks.com/images/players/WNBA/Sabrina_Ionescu_WNBA_player_P26gx0GUbxv35lMVCUU4z5Q5.webp,15547488,15.9,50.41,49.59,-6.55,50.41,Over,https://www.freeiconspng.com/img/1934,,,,,Dream @ Liberty,2026-10-09T23:30:00Z,Fri 07:30pm,N/A,N/A,ESPN2,,,10/9/2026,15.9,,,,No,,28.5,20,50.89480311,49.10519689,50,15.9,,0,,15.9,15.9,15.34,15.5,Best Bet
Jonquel JonesPoints,Jonquel JonesPoints13.5,WNBA,237849,Jonquel Jones,C,NYL,Points,13.5,TRUE,10/9/2026,12/30/1899,pre_game,WNBA,goblin,https://static.prizepicks.com/images/players/WNBA/Jonquel_Jones_WNBA_player_TqkCFBXssXmlPoyGSqO8lyJI.webp,15548882,15.5,49.36,50.64,-4.31,50.64,Over,https://www.freeiconspng.com/img/1934,,,,,Dream @ Liberty,2026-10-09T23:30:00Z,Fri 07:30pm,N/A,N/A,ESPN2,,,10/9/2026,15.5,,,,No,,34.15,29,50.03585599,49.96414401,50,15.5,,0,,15.5,15.5,15.1,15.5,Best Bet
Angel ReesePoints,Angel ReesePoints13.5,WNBA,315793,Angel Reese,F,ATL,Points,13.5,TRUE,10/9/2026,12/30/1899,pre_game,WNBA,goblin,https://static.prizepicks.com/images/manual/AngeelesReese.png,15599031,16.08,49.02,50.98,-7.7,50.98,Over,https://www.freeiconspng.com/img/1934,,No,3.2,170.5,Dream @ Liberty,2026-10-09T23:30:00Z,Fri 07:30pm,N/A,N/A,ESPN2,,,10/9/2026,16.08,,,,No,LVA,35.06,32,50.44240765,49.55759235,50,16.08,12,-0.2047,under,16.08,15.88,15.61,16.5,Best Bet
Naz HillmonFantasyScore,Naz HillmonFantasyScore13,WNBA,65842,Naz Hillmon,F,ATL,Fantasy Score,13,TRUE,10/9/2026,12/30/1899,pre_game,WNBA,goblin,https://static.prizepicks.com/images/players/WNBA/Naz_Hillmon_WNBA_player_34IbaiI4YP0vCC24bAHE2a3n.webp,15563746,,,,,,Over,,,No,3.2,170.5,Dream @ Liberty,2026-10-09T23:30:00Z,Fri 07:30pm,N/A,N/A,ESPN2,,,10/9/2026,17.18,,,,No,LVA,17.18,30,65.54,34.46,65.54,17.18,11,-0.9556,under,17.18,16.22,16.23,17.55,Push
Rhyne HowardPoints,Rhyne HowardPoints12.5,WNBA,237831,Rhyne Howard,G,ATL,Points,12.5,TRUE,10/9/2026,12/30/1899,pre_game,WNBA,goblin,https://static.prizepicks.com/images/players/WNBA/Rhyne_Howard_WNBA_player_EHb8PvO3NcqnZYZhVJsHND96.webp,15544744,18.82,48.44,51.56,-8.91,51.56,Over,https://www.freeiconspng.com/img/1934,,No,3.2,170.5,Dream @ Liberty,2026-10-09T23:30:00Z,Fri 07:30pm,N/A,N/A,ESPN2,,,10/9/2026,18.82,,,,No,LVA,37.23,35,53.75566728,46.24433272,53.76,18.82,12,-0.2047,under,18.82,18.62,17.45,18.5,Best Bet
Jordin CanadaPoints,Jordin CanadaPoints12.5,WNBA,197522,Jordin Canada,G,ATL,Points,12.5,TRUE,10/9/2026,12/30/1899,pre_game,WNBA,goblin,https://static.prizepicks.com/images/players/WNBA/Jordin_Canada_WNBA_player_nideRIEvnxcNybRbajfbVawY.webp,15550756,13.5,50.23,49.77,-4.11,50.23,Under,https://www.freeiconspng.com/img/1934,,No,3.2,170.5,Dream @ Liberty,2026-10-09T23:30:00Z,Fri 07:30pm,N/A,N/A,ESPN2,,,10/9/2026,13.5,,,,No,LVA,32.25,31,49.43405523,50.56594477,50,13.5,12,-0.2047,under,13.5,13.3,13.26,13.5,Push
Angel ReeseRebs+Asts,Angel ReeseRebs+Asts12.5,WNBA,315793,Angel Reese,F,ATL,Rebs+Asts,12.5,TRUE,10/9/2026,12/30/1899,pre_game,WNBA,goblin,https://static.prizepicks.com/images/manual/AngeelesReese.png,15560607,13,50.51,49.49,-28.77,50.51,Under,https://www.freeiconspng.com/img/1934,,No,3.2,170.5,Dream @ Liberty,2026-10-09T23:30:00Z,Fri 07:30pm,N/A,N/A,ESPN2,,,10/9/2026,13,,,,No,LVA,35.06,32,49.05365579,50.94634421,50,13,15,-0.12,under,13,12.88,12.85,0,Push
Sabrina IonescuFGAttempted,Sabrina IonescuFGAttempted12.5,WNBA,237848,Sabrina Ionescu,G,NYL,FG Attempted,12.5,TRUE,10/9/2026,12/30/1899,pre_game,WNBA,goblin,https://static.prizepicks.com/images/players/WNBA/Sabrina_Ionescu_WNBA_player_P26gx0GUbxv35lMVCUU4z5Q5.webp,15598624,,,,,,,,,,,,Dream @ Liberty,2026-10-09T23:30:00Z,Fri 07:30pm,N/A,N/A,ESPN2,,,10/9/2026,,,,,No,,28.5,20,,,,0,,0,,0,0,12.5,0,Push
Angel ReesePoints,Angel ReesePoints12.5,WNBA,315793,Angel Reese,F,ATL,Points,12.5,TRUE,10/9/2026,12/30/1899,pre_game,WNBA,goblin,https://static.prizepicks.com/images/manual/AngeelesReese.png,15601841,16.08,49.02,50.98,-7.7,50.98,Over,https://www.freeiconspng.com/img/1934,,No,3.2,170.5,Dream @ Liberty,2026-10-09T23:30:00Z,Fri 07:30pm,N/A,N/A,ESPN2,,,10/9/2026,16.08,,,,No,LVA,35.06,32,51.4401577,48.5598423,50,16.08,12,-0.2047,under,16.08,15.88,15.41,16.5,Best Bet
Angel ReeseRebs+Asts,Angel ReeseRebs+Asts11.5,WNBA,315793,Angel Reese,F,ATL,Rebs+Asts,11.5,TRUE,10/9/2026,12/30/1899,pre_game,WNBA,goblin,https://static.prizepicks.com/images/manual/AngeelesReese.png,15544236,13,50.51,49.49,-28.77,50.51,Over,https://www.freeiconspng.com/img/1934,,No,3.2,170.5,Dream @ Liberty,2026-10-09T23:30:00Z,Fri 07:30pm,N/A,N/A,ESPN2,,,10/9/2026,13,,,,No,LVA,35.06,32,50.05818235,49.94181765,50,13,15,-0.12,under,13,12.88,12.6,0,Push
Jordin CanadaPoints,Jordin CanadaPoints11.5,WNBA,197522,Jordin Canada,G,ATL,Points,11.5,TRUE,10/9/2026,12/30/1899,pre_game,WNBA,goblin,https://static.prizepicks.com/images/players/WNBA/Jordin_Canada_WNBA_player_nideRIEvnxcNybRbajfbVawY.webp,15544258,13.5,50.23,49.77,-4.11,50.23,Over,https://www.freeiconspng.com/img/1934,,No,3.2,170.5,Dream @ Liberty,2026-10-09T23:30:00Z,Fri 07:30pm,N/A,N/A,ESPN2,,,10/9/2026,13.5,,,,No,LVA,32.25,31,50.4446903,49.5553097,50,13.5,12,-0.2047,under,13.5,13.3,13.06,13.5,Best Bet
Breanna StewartRebs+Asts,Breanna StewartRebs+Asts11.5,WNBA,237847,Breanna Stewart,F,NYL,Rebs+Asts,11.5,TRUE,10/9/2026,12/30/1899,pre_game,WNBA,goblin,https://static.prizepicks.com/images/players/WNBA/Breanna_Stewart_WNBA_player_0QbcmrMWR4KgqkSDi1fYPEeZ.webp,15544387,12.5,50.79,49.21,-8.6,50.79,Under,https://www.freeiconspng.com/img/1934,,,,,Dream @ Liberty,2026-10-09T23:30:00Z,Fri 07:30pm,N/A,N/A,ESPN2,,,10/9/2026,12.5,,,,No,,46.32,33,49.66742354,50.33257646,50,12.5,,0,,12.5,12.5,12.25,0,Push
Sabrina IonescuPoints,Sabrina IonescuPoints11.5,WNBA,237848,Sabrina Ionescu,G,NYL,Points,11.5,TRUE,10/9/2026,12/30/1899,pre_game,WNBA,goblin,https://static.prizepicks.com/images/players/WNBA/Sabrina_Ionescu_WNBA_player_P26gx0GUbxv35lMVCUU4z5Q5.webp,15544405,15.9,50.41,49.59,-6.55,50.41,Over,https://www.freeiconspng.com/img/1934,,,,,Dream @ Liberty,2026-10-09T23:30:00Z,Fri 07:30pm,N/A,N/A,ESPN2,,,10/9/2026,15.9,,,,No,,28.5,20,52.9210452,47.0789548,52.92,15.9,,0,,15.9,15.9,14.94,15.5,Best Bet
Jonquel JonesPoints,Jonquel JonesPoints11.5,WNBA,237849,Jonquel Jones,C,NYL,Points,11.5,TRUE,10/9/2026,12/30/1899,pre_game,WNBA,goblin,https://static.prizepicks.com/images/players/WNBA/Jonquel_Jones_WNBA_player_TqkCFBXssXmlPoyGSqO8lyJI.webp,15544435,15.5,49.36,50.64,-4.31,50.64,Over,https://www.freeiconspng.com/img/1934,,,,,Dream @ Liberty,2026-10-09T23:30:00Z,Fri 07:30pm,N/A,N/A,ESPN2,,,10/9/2026,15.5,,,,No,,34.15,29,52.05717791,47.94282209,52.06,15.5,,0,,15.5,15.5,14.7,15.5,Best Bet
Angel ReesePoints,Angel ReesePoints11.5,WNBA,315793,Angel Reese,F,ATL,Points,11.5,TRUE,10/9/2026,12/30/1899,pre_game,WNBA,goblin,https://static.prizepicks.com/images/manual/AngeelesReese.png,15544574,16.08,49.02,50.98,-7.7,50.98,Over,https://www.freeiconspng.com/img/1934,,No,3.2,170.5,Dream @ Liberty,2026-10-09T23:30:00Z,Fri 07:30pm,N/A,N/A,ESPN2,,,10/9/2026,16.08,,,,No,LVA,35.06,32,52.47058353,47.52941647,52.47,16.08,12,-0.2047,under,16.08,15.88,15.21,16.5,Best Bet
Jonquel JonesRebs+Asts,Jonquel JonesRebs+Asts11.5,WNBA,237849,Jonquel Jones,C,NYL,Rebs+Asts,11.5,TRUE,10/9/2026,12/30/1899,pre_game,WNBA,goblin,https://static.prizepicks.com/images/players/WNBA/Jonquel_Jones_WNBA_player_TqkCFBXssXmlPoyGSqO8lyJI.webp,15544586,11.5,52.35,47.65,-5.63,52.35,Over,https://www.freeiconspng.com/img/1934,,,,,Dream @ Liberty,2026-10-09T23:30:00Z,Fri 07:30pm,N/A,N/A,ESPN2,,,10/9/2026,11.5,,,,No,,34.15,29,52.35,47.65,52.35,11.5,,0,,11.5,11.5,11.5,0,Push
Naz HillmonPts+Rebs+Asts,Naz HillmonPts+Rebs+Asts11.5,WNBA,65842,Naz Hillmon,F,ATL,Pts+Rebs+Asts,11.5,TRUE,10/9/2026,12/30/1899,pre_game,WNBA,goblin,https://static.prizepicks.com/images/players/WNBA/Naz_Hillmon_WNBA_player_34IbaiI4YP0vCC24bAHE2a3n.webp,15548883,13.92,51.74,48.26,,51.74,Over,https://www.freeiconspng.com/img/1934,,No,3.2,170.5,Dream @ Liberty,2026-10-09T23:30:00Z,Fri 07:30pm,N/A,N/A,ESPN2,,,10/9/2026,13.92,,,,No,LVA,17.18,30,51.55127639,48.44872361,50,13.92,15,-0.12,under,13.92,13.8,13.29,0,Push
Leonie FiebichPts+Rebs+Asts,Leonie FiebichPts+Rebs+Asts11.5,WNBA,214769,Leonie Fiebich,F,NYL,Pts+Rebs+Asts,11.5,TRUE,10/9/2026,12/30/1899,pre_game,WNBA,goblin,https://static.prizepicks.com/images/manual/Leonie Fiebich.png,15590107,13.5,49.08,50.92,,50.92,Under,https://www.freeiconspng.com/img/1934,,,,,Dream @ Liberty,2026-10-09T23:30:00Z,Fri 07:30pm,N/A,N/A,ESPN2,,,10/9/2026,13.5,,,,No,,15.83,26,49.9271903,50.0728097,50,13.5,,0,,13.5,13.5,13,0,Push
Angel ReeseFGAttempted,Angel ReeseFGAttempted11.5,WNBA,315793,Angel Reese,F,ATL,FG Attempted,11.5,TRUE,10/9/2026,12/30/1899,pre_game,WNBA,goblin,https://static.prizepicks.com/images/manual/AngeelesReese.png,15598603,,,,,,,,,No,3.2,170.5,Dream @ Liberty,2026-10-09T23:30:00Z,Fri 07:30pm,N/A,N/A,ESPN2,,,10/9/2026,,,,,No,LVA,35.06,32,,,,0,11,-0.9556,under,0,-0.96,11.5,0,Push
Jordin CanadaFGAttempted,Jordin CanadaFGAttempted11.5,WNBA,197522,Jordin Canada,G,ATL,FG Attempted,11.5,TRUE,10/9/2026,12/30/1899,pre_game,WNBA,goblin,https://static.prizepicks.com/images/players/WNBA/Jordin_Canada_WNBA_player_nideRIEvnxcNybRbajfbVawY.webp,15598616,,,,,,,,,No,3.2,170.5,Dream @ Liberty,2026-10-09T23:30:00Z,Fri 07:30pm,N/A,N/A,ESPN2,,,10/9/2026,,,,,No,LVA,32.25,31,,,,0,11,-0.9556,under,0,-0.96,11.5,0,Push
Leonie FiebichFantasyScore,Leonie FiebichFantasyScore11,WNBA,214769,Leonie Fiebich,F,NYL,Fantasy Score,11,TRUE,10/9/2026,12/30/1899,pre_game,WNBA,goblin,https://static.prizepicks.com/images/manual/Leonie Fiebich.png,15563760,,,,,,Over,,,,,,Dream @ Liberty,2026-10-09T23:30:00Z,Fri 07:30pm,N/A,N/A,ESPN2,,,10/9/2026,15.83,,,,No,,15.83,26,68.22,31.78,68.22,15.83,,0,,15.83,15.83,14.81,15.55,Push
Sabrina IonescuPoints,Sabrina IonescuPoints10.5,WNBA,237848,Sabrina Ionescu,G,NYL,Points,10.5,TRUE,10/9/2026,12/30/1899,pre_game,WNBA,goblin,https://static.prizepicks.com/images/players/WNBA/Sabrina_Ionescu_WNBA_player_P26gx0GUbxv35lMVCUU4z5Q5.webp,15544288,15.9,50.41,49.59,-6.55,50.41,Over,https://www.freeiconspng.com/img/1934,,,,,Dream @ Liberty,2026-10-09T23:30:00Z,Fri 07:30pm,N/A,N/A,ESPN2,,,10/9/2026,15.9,,,,No,,28.5,20,53.98461878,46.01538122,53.98,15.9,,0,,15.9,15.9,14.74,15.5,Best Bet
DeWanna BonnerPoints,DeWanna BonnerPoints10.5,WNBA,338881,DeWanna Bonner,GF,ATL,Points,10.5,TRUE,10/9/2026,12/30/1899,pre_game,WNBA,goblin,https://static.prizepicks.com/images/manual/DeWanna Bonner.png,15544512,11.5,47.58,52.42,-4.84,52.42,Under,https://www.freeiconspng.com/img/1934,,No,3.2,170.5,Dream @ Liberty,2026-10-09T23:30:00Z,Fri 07:30pm,N/A,N/A,ESPN2,,,10/9/2026,11.5,,,,No,,24.92,25,48.20234579,51.79765421,50,11.5,,0,,11.5,11.5,11.3,11.5,Push
Jonquel JonesRebs+Asts,Jonquel JonesRebs+Asts10.5,WNBA,237849,Jonquel Jones,C,NYL,Rebs+Asts,10.5,TRUE,10/9/2026,12/30/1899,pre_game,WNBA,goblin,https://static.prizepicks.com/images/players/WNBA/Jonquel_Jones_WNBA_player_TqkCFBXssXmlPoyGSqO8lyJI.webp,15550412,11.5,52.35,47.65,-5.63,52.35,Over,https://www.freeiconspng.com/img/1934,,,,,Dream @ Liberty,2026-10-09T23:30:00Z,Fri 07:30pm,N/A,N/A,ESPN2,,,10/9/2026,11.5,,,,No,,34.15,29,50.34884579,49.65115421,50,11.5,,0,,11.5,11.5,11.25,0,Push
Jonquel JonesPoints,Jonquel JonesPoints10.5,WNBA,237849,Jonquel Jones,C,NYL,Points,10.5,TRUE,10/9/2026,12/30/1899,pre_game,WNBA,goblin,https://static.prizepicks.com/images/players/WNBA/Jonquel_Jones_WNBA_player_TqkCFBXssXmlPoyGSqO8lyJI.webp,15600468,15.5,49.36,50.64,-4.31,50.64,Over,https://www.freeiconspng.com/img/1934,,,,,Dream @ Liberty,2026-10-09T23:30:00Z,Fri 07:30pm,N/A,N/A,ESPN2,,,10/9/2026,15.5,,,,No,,34.15,29,53.11973521,46.88026479,53.12,15.5,,0,,15.5,15.5,14.5,15.5,Best Bet
DeWanna BonnerPts+Asts,DeWanna BonnerPts+Asts9.5,WNBA,338881,DeWanna Bonner,GF,ATL,Pts+Asts,9.5,TRUE,10/9/2026,12/30/1899,pre_game,WNBA,goblin,https://static.prizepicks.com/images/manual/DeWanna Bonner.png,15544207,13.5,48.9,51.1,-6.71,51.1,Over,https://www.freeiconspng.com/img/1934,,No,3.2,170.5,Dream @ Liberty,2026-10-09T23:30:00Z,Fri 07:30pm,N/A,N/A,ESPN2,,,10/9/2026,13.5,,,,No,,24.92,25,51.98801717,48.01198283,50,13.5,,0,,13.5,13.5,12.5,0,Push
Naz HillmonPts+Rebs,Naz HillmonPts+Rebs9.5,WNBA,65842,Naz Hillmon,F,ATL,Pts+Rebs,9.5,TRUE,10/9/2026,12/30/1899,pre_game,WNBA,goblin,https://static.prizepicks.com/images/players/WNBA/Naz_Hillmon_WNBA_player_34IbaiI4YP0vCC24bAHE2a3n.webp,15544293,11.5,52.81,47.19,-5.52,52.81,Over,https://www.freeiconspng.com/img/1934,,No,3.2,170.5,Dream @ Liberty,2026-10-09T23:30:00Z,Fri 07:30pm,N/A,N/A,ESPN2,,,10/9/2026,11.5,,,,No,LVA,17.18,30,51.6267607,48.3732393,50,11.5,15,-0.12,under,11.5,11.38,10.97,0,Push
DeWanna BonnerPoints,DeWanna BonnerPoints9.5,WNBA,338881,DeWanna Bonner,GF,ATL,Points,9.5,TRUE,10/9/2026,12/30/1899,pre_game,WNBA,goblin,https://static.prizepicks.com/images/manual/DeWanna Bonner.png,15544369,11.5,47.58,52.42,-4.84,52.42,Under,https://www.freeiconspng.com/img/1934,,No,3.2,170.5,Dream @ Liberty,2026-10-09T23:30:00Z,Fri 07:30pm,N/A,N/A,ESPN2,,,10/9/2026,11.5,,,,No,,24.92,25,49.2732607,50.7267393,50,11.5,,0,,11.5,11.5,11.1,11.5,Push
Jordin CanadaPoints,Jordin CanadaPoints9.5,WNBA,197522,Jordin Canada,G,ATL,Points,9.5,TRUE,10/9/2026,12/30/1899,pre_game,WNBA,goblin,https://static.prizepicks.com/images/players/WNBA/Jordin_Canada_WNBA_player_nideRIEvnxcNybRbajfbVawY.webp,15544372,13.5,50.23,49.77,-4.11,50.23,Over,https://www.freeiconspng.com/img/1934,,No,3.2,170.5,Dream @ Liberty,2026-10-09T23:30:00Z,Fri 07:30pm,N/A,N/A,ESPN2,,,10/9/2026,13.5,,,,No,LVA,32.25,31,52.58651717,47.41348283,52.59,13.5,12,-0.2047,under,13.5,13.3,12.66,13.5,Best Bet
Breanna StewartRebs+Asts,Breanna StewartRebs+Asts9.5,WNBA,237847,Breanna Stewart,F,NYL,Rebs+Asts,9.5,TRUE,10/9/2026,12/30/1899,pre_game,WNBA,goblin,https://static.prizepicks.com/images/players/WNBA/Breanna_Stewart_WNBA_player_0QbcmrMWR4KgqkSDi1fYPEeZ.webp,15544391,12.5,50.79,49.21,-8.6,50.79,Over,https://www.freeiconspng.com/img/1934,,,,,Dream @ Liberty,2026-10-09T23:30:00Z,Fri 07:30pm,N/A,N/A,ESPN2,,,10/9/2026,12.5,,,,No,,46.32,33,51.78976022,48.21023978,50,12.5,,0,,12.5,12.5,11.75,0,Push
Jordin CanadaRebs+Asts,Jordin CanadaRebs+Asts9.5,WNBA,197522,Jordin Canada,G,ATL,Rebs+Asts,9.5,TRUE,10/9/2026,12/30/1899,pre_game,WNBA,goblin,https://static.prizepicks.com/images/players/WNBA/Jordin_Canada_WNBA_player_nideRIEvnxcNybRbajfbVawY.webp,15544430,10.5,49.53,50.47,-7.34,50.47,Under,https://www.freeiconspng.com/img/1934,,No,3.2,170.5,Dream @ Liberty,2026-10-09T23:30:00Z,Fri 07:30pm,N/A,N/A,ESPN2,,,10/9/2026,10.5,,,,No,LVA,32.25,31,49.05692892,50.94307108,50,10.5,15,-0.12,under,10.5,10.38,10.22,0,Push
Leonie FiebichPts+Rebs,Leonie FiebichPts+Rebs9.5,WNBA,214769,Leonie Fiebich,F,NYL,Pts+Rebs,9.5,TRUE,10/9/2026,12/30/1899,pre_game,WNBA,goblin,https://static.prizepicks.com/images/manual/Leonie Fiebich.png,15544443,11.5,48.3,51.7,-6.11,51.7,Under,https://www.freeiconspng.com/img/1934,,,,,Dream @ Liberty,2026-10-09T23:30:00Z,Fri 07:30pm,N/A,N/A,ESPN2,,,10/9/2026,11.5,,,,No,,15.83,26,49.5972607,50.4027393,50,11.5,,0,,11.5,11.5,11,0,Push
Angel ReeseRebounds,Angel ReeseRebounds9.5,WNBA,315793,Angel Reese,F,ATL,Rebounds,9.5,TRUE,10/9/2026,12/30/1899,pre_game,WNBA,goblin,https://static.prizepicks.com/images/manual/AngeelesReese.png,15544539,10.5,51.57,48.43,-4.38,51.57,Under,https://www.freeiconspng.com/img/1934,,No,3.2,170.5,Dream @ Liberty,2026-10-09T23:30:00Z,Fri 07:30pm,N/A,N/A,ESPN2,,,10/9/2026,10.5,,,,No,LVA,35.06,32,49.97492892,50.02507108,50,10.5,15,-0.12,under,10.5,10.38,10.28,10.5,Push
Leonie FiebichPts+Rebs+Asts,Leonie FiebichPts+Rebs+Asts9.5,WNBA,214769,Leonie Fiebich,F,NYL,Pts+Rebs+Asts,9.5,TRUE,10/9/2026,12/30/1899,pre_game,WNBA,goblin,https://static.prizepicks.com/images/manual/Leonie Fiebich.png,15544558,13.5,49.08,50.92,,50.92,Over,https://www.freeiconspng.com/img/1934,,,,,Dream @ Liberty,2026-10-09T23:30:00Z,Fri 07:30pm,N/A,N/A,ESPN2,,,10/9/2026,13.5,,,,No,,15.83,26,52.06901717,47.93098283,52.07,13.5,,0,,13.5,13.5,12.5,0,Push
Jonquel JonesRebs+Asts,Jonquel JonesRebs+Asts9.5,WNBA,237849,Jonquel Jones,C,NYL,Rebs+Asts,9.5,TRUE,10/9/2026,12/30/1899,pre_game,WNBA,goblin,https://static.prizepicks.com/images/players/WNBA/Jonquel_Jones_WNBA_player_TqkCFBXssXmlPoyGSqO8lyJI.webp,15544583,11.5,52.35,47.65,-5.63,52.35,Over,https://www.freeiconspng.com/img/1934,,,,,Dream @ Liberty,2026-10-09T23:30:00Z,Fri 07:30pm,N/A,N/A,ESPN2,,,10/9/2026,11.5,,,,No,,34.15,29,51.4197607,48.5802393,50,11.5,,0,,11.5,11.5,11,0,Push
Naz HillmonPts+Rebs+Asts,Naz HillmonPts+Rebs+Asts9.5,WNBA,65842,Naz Hillmon,F,ATL,Pts+Rebs+Asts,9.5,TRUE,10/9/2026,12/30/1899,pre_game,WNBA,goblin,https://static.prizepicks.com/images/players/WNBA/Naz_Hillmon_WNBA_player_34IbaiI4YP0vCC24bAHE2a3n.webp,15544687,13.92,51.74,48.26,,51.74,Over,https://www.freeiconspng.com/img/1934,,No,3.2,170.5,Dream @ Liberty,2026-10-09T23:30:00Z,Fri 07:30pm,N/A,N/A,ESPN2,,,10/9/2026,13.92,,,,No,LVA,17.18,30,53.69926819,46.30073181,53.7,13.92,15,-0.12,under,13.92,13.8,12.79,0,Push
Angel ReeseRebs+Asts,Angel ReeseRebs+Asts9.5,WNBA,315793,Angel Reese,F,ATL,Rebs+Asts,9.5,TRUE,10/9/2026,12/30/1899,pre_game,WNBA,goblin,https://static.prizepicks.com/images/manual/AngeelesReese.png,15544734,13,50.51,49.49,-28.77,50.51,Over,https://www.freeiconspng.com/img/1934,,No,3.2,170.5,Dream @ Liberty,2026-10-09T23:30:00Z,Fri 07:30pm,N/A,N/A,ESPN2,,,10/9/2026,13,,,,No,LVA,35.06,32,52.19112385,47.80887615,52.19,13,15,-0.12,under,13,12.88,12.1,0,Push
DeWanna BonnerRebs+Asts,DeWanna BonnerRebs+Asts8.5,WNBA,338881,DeWanna Bonner,GF,ATL,Rebs+Asts,8.5,TRUE,10/9/2026,12/30/1899,pre_game,WNBA,goblin,https://static.prizepicks.com/images/manual/DeWanna Bonner.png,15544356,8,49.91,50.09,-8.6,50.09,Under,https://www.freeiconspng.com/img/1934,,No,3.2,170.5,Dream @ Liberty,2026-10-09T23:30:00Z,Fri 07:30pm,N/A,N/A,ESPN2,,,10/9/2026,8,,,,No,,24.92,25,47.46172562,52.53827438,52.54,8,,0,,8,8,8.13,0,Push
Jonquel JonesRebounds,Jonquel JonesRebounds8.5,WNBA,237849,Jonquel Jones,C,NYL,Rebounds,8.5,TRUE,10/9/2026,12/30/1899,pre_game,WNBA,goblin,https://static.prizepicks.com/images/players/WNBA/Jonquel_Jones_WNBA_player_TqkCFBXssXmlPoyGSqO8lyJI.webp,15544594,9.5,50.47,49.53,-3.74,50.47,Under,https://www.freeiconspng.com/img/1934,,,,,Dream @ Liberty,2026-10-09T23:30:00Z,Fri 07:30pm,N/A,N/A,ESPN2,,,10/9/2026,9.5,,,,No,,34.15,29,49.45415285,50.54584715,50,9.5,,0,,9.5,9.5,9.3,9.5,Push
Angel ReeseRebounds,Angel ReeseRebounds8.5,WNBA,315793,Angel Reese,F,ATL,Rebounds,8.5,TRUE,10/9/2026,12/30/1899,pre_game,WNBA,goblin,https://static.prizepicks.com/images/manual/AngeelesReese.png,15544682,10.5,51.57,48.43,-4.38,51.57,Over,https://www.freeiconspng.com/img/1934,,No,3.2,170.5,Dream @ Liberty,2026-10-09T23:30:00Z,Fri 07:30pm,N/A,N/A,ESPN2,,,10/9/2026,10.5,,,,No,LVA,35.06,32,51.08119299,48.91880701,50,10.5,15,-0.12,under,10.5,10.38,10.08,10.5,Best Bet
Pauline AstierPts+Rebs+Asts,Pauline AstierPts+Rebs+Asts8.5,WNBA,317381,Pauline Astier,G,NYL,Pts+Rebs+Asts,8.5,TRUE,10/9/2026,12/30/1899,pre_game,WNBA,goblin,https://static.prizepicks.com/images/manual/Pauline Astier.png,15544706,9.5,47.73,52.27,,52.27,Under,https://www.freeiconspng.com/img/1934,,,,,Dream @ Liberty,2026-10-09T23:30:00Z,Fri 07:30pm,N/A,N/A,ESPN2,,,10/9/2026,9.5,,,,No,,11.56,27,48.22115285,51.77884715,50,9.5,,0,,9.5,9.5,9.25,0,Push
Jordin CanadaPoints,Jordin CanadaPoints8.5,WNBA,197522,Jordin Canada,G,ATL,Points,8.5,TRUE,10/9/2026,12/30/1899,pre_game,WNBA,goblin,https://static.prizepicks.com/images/players/WNBA/Jordin_Canada_WNBA_player_nideRIEvnxcNybRbajfbVawY.webp,15563339,13.5,50.23,49.77,-4.11,50.23,Over,https://www.freeiconspng.com/img/1934,,No,3.2,170.5,Dream @ Liberty,2026-10-09T23:30:00Z,Fri 07:30pm,N/A,N/A,ESPN2,,,10/9/2026,13.5,,,,No,LVA,32.25,31,53.72146637,46.27853363,53.72,13.5,12,-0.2047,under,13.5,13.3,12.46,13.5,Best Bet
DeWanna BonnerFGAttempted,DeWanna BonnerFGAttempted8.5,WNBA,338881,DeWanna Bonner,GF,ATL,FG Attempted,8.5,TRUE,10/9/2026,12/30/1899,pre_game,WNBA,goblin,https://static.prizepicks.com/images/manual/DeWanna Bonner.png,15598612,,,,,,,,,No,3.2,170.5,Dream @ Liberty,2026-10-09T23:30:00Z,Fri 07:30pm,N/A,N/A,ESPN2,,,10/9/2026,,,,,No,,24.92,25,,,,0,,0,,0,0,8.5,0,Push
Jonquel JonesFGAttempted,Jonquel JonesFGAttempted8.5,WNBA,237849,Jonquel Jones,C,NYL,FG Attempted,8.5,TRUE,10/9/2026,12/30/1899,pre_game,WNBA,goblin,https://static.prizepicks.com/images/players/WNBA/Jonquel_Jones_WNBA_player_TqkCFBXssXmlPoyGSqO8lyJI.webp,15598619,,,,,,,,,,,,Dream @ Liberty,2026-10-09T23:30:00Z,Fri 07:30pm,N/A,N/A,ESPN2,,,10/9/2026,,,,,No,,34.15,29,,,,0,,0,,0,0,8.5,0,Push
DeWanna BonnerPoints,DeWanna BonnerPoints7.5,WNBA,338881,DeWanna Bonner,GF,ATL,Points,7.5,TRUE,10/9/2026,12/30/1899,pre_game,WNBA,goblin,https://static.prizepicks.com/images/manual/DeWanna Bonner.png,15544261,11.5,47.58,52.42,-4.84,52.42,Over,https://www.freeiconspng.com/img/1934,,No,3.2,170.5,Dream @ Liberty,2026-10-09T23:30:00Z,Fri 07:30pm,N/A,N/A,ESPN2,,,10/9/2026,11.5,,,,No,,24.92,25,51.5653864,48.4346136,50,11.5,,0,,11.5,11.5,10.7,11.5,Best Bet
Rhyne HowardRebs+Asts,Rhyne HowardRebs+Asts7.5,WNBA,237831,Rhyne Howard,G,ATL,Rebs+Asts,7.5,TRUE,10/9/2026,12/30/1899,pre_game,WNBA,goblin,https://static.prizepicks.com/images/players/WNBA/Rhyne_Howard_WNBA_player_EHb8PvO3NcqnZYZhVJsHND96.webp,15544313,7.75,53.42,46.58,-7.21,53.42,Under,https://www.freeiconspng.com/img/1934,,No,3.2,170.5,Dream @ Liberty,2026-10-09T23:30:00Z,Fri 07:30pm,N/A,N/A,ESPN2,,,10/9/2026,7.75,,,,No,LVA,37.23,35,48.76200468,51.23799532,50,7.75,15,-0.12,under,7.75,7.63,7.66,0,Push
DeWanna BonnerRebs+Asts,DeWanna BonnerRebs+Asts7.5,WNBA,338881,DeWanna Bonner,GF,ATL,Rebs+Asts,7.5,TRUE,10/9/2026,12/30/1899,pre_game,WNBA,goblin,https://static.prizepicks.com/images/manual/DeWanna Bonner.png,15544339,8,49.91,50.09,-8.6,50.09,Under,https://www.freeiconspng.com/img/1934,,No,3.2,170.5,Dream @ Liberty,2026-10-09T23:30:00Z,Fri 07:30pm,N/A,N/A,ESPN2,,,10/9/2026,8,,,,No,,24.92,25,48.57507375,51.42492625,50,8,,0,,8,8,7.88,0,Push
Sabrina IonescuRebs+Asts,Sabrina IonescuRebs+Asts7.5,WNBA,237848,Sabrina Ionescu,G,NYL,Rebs+Asts,7.5,TRUE,10/9/2026,12/30/1899,pre_game,WNBA,goblin,https://static.prizepicks.com/images/players/WNBA/Sabrina_Ionescu_WNBA_player_P26gx0GUbxv35lMVCUU4z5Q5.webp,15544383,8.5,48.22,51.78,-6.03,51.78,Under,https://www.freeiconspng.com/img/1934,,,,,Dream @ Liberty,2026-10-09T23:30:00Z,Fri 07:30pm,N/A,N/A,ESPN2,,,10/9/2026,8.5,,,,No,,28.5,20,48.41231015,51.58768985,50,8.5,,0,,8.5,8.5,8.25,0,Push
Jordin CanadaRebs+Asts,Jordin CanadaRebs+Asts7.5,WNBA,197522,Jordin Canada,G,ATL,Rebs+Asts,7.5,TRUE,10/9/2026,12/30/1899,pre_game,WNBA,goblin,https://static.prizepicks.com/images/players/WNBA/Jordin_Canada_WNBA_player_nideRIEvnxcNybRbajfbVawY.webp,15544413,10.5,49.53,50.47,-7.34,50.47,Over,https://www.freeiconspng.com/img/1934,,No,3.2,170.5,Dream @ Liberty,2026-10-09T23:30:00Z,Fri 07:30pm,N/A,N/A,ESPN2,,,10/9/2026,10.5,,,,No,LVA,32.25,31,51.3247718,48.6752282,50,10.5,15,-0.12,under,10.5,10.38,9.72,0,Push
Breanna StewartRebounds,Breanna StewartRebounds7.5,WNBA,237847,Breanna Stewart,F,NYL,Rebounds,7.5,TRUE,10/9/2026,12/30/1899,pre_game,WNBA,goblin,https://static.prizepicks.com/images/players/WNBA/Breanna_Stewart_WNBA_player_0QbcmrMWR4KgqkSDi1fYPEeZ.webp,15544477,8.5,49.44,50.56,-4.39,50.56,Under,https://www.freeiconspng.com/img/1934,,,,,Dream @ Liberty,2026-10-09T23:30:00Z,Fri 07:30pm,N/A,N/A,ESPN2,,,10/9/2026,8.5,,,,No,,46.32,33,48.96131015,51.03868985,50,8.5,,0,,8.5,8.5,8.3,8.5,Push
Jonquel JonesRebounds,Jonquel JonesRebounds7.5,WNBA,237849,Jonquel Jones,C,NYL,Rebounds,7.5,TRUE,10/9/2026,12/30/1899,pre_game,WNBA,goblin,https://static.prizepicks.com/images/players/WNBA/Jonquel_Jones_WNBA_player_TqkCFBXssXmlPoyGSqO8lyJI.webp,15544593,9.5,50.47,49.53,-3.74,50.47,Over,https://www.freeiconspng.com/img/1934,,,,,Dream @ Liberty,2026-10-09T23:30:00Z,Fri 07:30pm,N/A,N/A,ESPN2,,,10/9/2026,9.5,,,,No,,34.15,29,50.60029132,49.39970868,50,9.5,,0,,9.5,9.5,9.1,9.5,Best Bet
Angel ReeseRebounds,Angel ReeseRebounds7.5,WNBA,315793,Angel Reese,F,ATL,Rebounds,7.5,TRUE,10/9/2026,12/30/1899,pre_game,WNBA,goblin,https://static.prizepicks.com/images/manual/AngeelesReese.png,15544742,10.5,51.57,48.43,-4.38,51.57,Over,https://www.freeiconspng.com/img/1934,,No,3.2,170.5,Dream @ Liberty,2026-10-09T23:30:00Z,Fri 07:30pm,N/A,N/A,ESPN2,,,10/9/2026,10.5,,,,No,LVA,35.06,32,52.2427718,47.7572282,52.24,10.5,15,-0.12,under,10.5,10.38,9.88,10.5,Best Bet
Naz HillmonPoints,Naz HillmonPoints6.5,WNBA,65842,Naz Hillmon,F,ATL,Points,6.5,TRUE,10/9/2026,12/30/1899,pre_game,WNBA,goblin,https://static.prizepicks.com/images/players/WNBA/Naz_Hillmon_WNBA_player_34IbaiI4YP0vCC24bAHE2a3n.webp,15544218,7.5,49.28,50.72,-4.64,50.72,Under,https://www.freeiconspng.com/img/1934,,No,3.2,170.5,Dream @ Liberty,2026-10-09T23:30:00Z,Fri 07:30pm,N/A,N/A,ESPN2,,,10/9/2026,7.5,,,,No,LVA,17.18,30,48.85540531,51.14459469,50,7.5,12,-0.2047,under,7.5,7.3,7.26,7.5,Push
Jordin CanadaAssists,Jordin CanadaAssists6.5,WNBA,197522,Jordin Canada,G,ATL,Assists,6.5,TRUE,10/9/2026,12/30/1899,pre_game,WNBA,goblin,https://static.prizepicks.com/images/players/WNBA/Jordin_Canada_WNBA_player_nideRIEvnxcNybRbajfbVawY.webp,15544274,7.5,46.52,53.48,-5.87,53.48,Under,https://www.freeiconspng.com/img/1934,,No,3.2,170.5,Dream @ Liberty,2026-10-09T23:30:00Z,Fri 07:30pm,N/A,N/A,ESPN2,,,10/9/2026,7.5,,,,No,LVA,32.25,31,47.61340531,52.38659469,52.39,7.5,14,-0.0722,under,7.5,7.43,7.29,7.5,Push
Pauline AstierPts+Rebs,Pauline AstierPts+Rebs6.5,WNBA,317381,Pauline Astier,G,NYL,Pts+Rebs,6.5,TRUE,10/9/2026,12/30/1899,pre_game,WNBA,goblin,https://static.prizepicks.com/images/manual/Pauline Astier.png,15544336,7.13,49.91,50.09,-7.72,50.09,Under,https://www.freeiconspng.com/img/1934,,,,,Dream @ Liberty,2026-10-09T23:30:00Z,Fri 07:30pm,N/A,N/A,ESPN2,,,10/9/2026,7.13,,,,No,,11.56,27,48.67752561,51.32247439,50,7.13,,0,,7.13,7.13,6.97,0,Push
Breanna StewartRebounds,Breanna StewartRebounds6.5,WNBA,237847,Breanna Stewart,F,NYL,Rebounds,6.5,TRUE,10/9/2026,12/30/1899,pre_game,WNBA,goblin,https://static.prizepicks.com/images/players/WNBA/Breanna_Stewart_WNBA_player_0QbcmrMWR4KgqkSDi1fYPEeZ.webp,15544588,8.5,49.44,50.56,-4.39,50.56,Over,https://www.freeiconspng.com/img/1934,,,,,Dream @ Liberty,2026-10-09T23:30:00Z,Fri 07:30pm,N/A,N/A,ESPN2,,,10/9/2026,8.5,,,,No,,46.32,33,50.15300358,49.84699642,50,8.5,,0,,8.5,8.5,8.1,8.5,Best Bet
Jonquel JonesRebounds,Jonquel JonesRebounds6.5,WNBA,237849,Jonquel Jones,C,NYL,Rebounds,6.5,TRUE,10/9/2026,12/30/1899,pre_game,WNBA,goblin,https://static.prizepicks.com/images/players/WNBA/Jonquel_Jones_WNBA_player_TqkCFBXssXmlPoyGSqO8lyJI.webp,15544592,9.5,50.47,49.53,-3.74,50.47,Over,https://www.freeiconspng.com/img/1934,,,,,Dream @ Liberty,2026-10-09T23:30:00Z,Fri 07:30pm,N/A,N/A,ESPN2,,,10/9/2026,9.5,,,,No,,34.15,29,51.80970701,48.19029299,50,9.5,,0,,9.5,9.5,8.9,9.5,Best Bet
Pauline AstierPts+Asts,Pauline AstierPts+Asts6.5,WNBA,317381,Pauline Astier,G,NYL,Pts+Asts,6.5,TRUE,10/9/2026,12/30/1899,pre_game,WNBA,goblin,https://static.prizepicks.com/images/manual/Pauline Astier.png,15544895,7.25,48.47,51.53,,51.53,Under,https://www.freeiconspng.com/img/1934,,,,,Dream @ Liberty,2026-10-09T23:30:00Z,Fri 07:30pm,N/A,N/A,ESPN2,,,10/9/2026,7.25,,,,No,,11.56,27,48.17961968,51.82038032,50,7.25,,0,,7.25,7.25,7.06,0,Push
Rhyne HowardRebs+Asts,Rhyne HowardRebs+Asts6.5,WNBA,237831,Rhyne Howard,G,ATL,Rebs+Asts,6.5,TRUE,10/9/2026,12/30/1899,pre_game,WNBA,goblin,https://static.prizepicks.com/images/players/WNBA/Rhyne_Howard_WNBA_player_EHb8PvO3NcqnZYZhVJsHND96.webp,15550762,7.75,53.42,46.58,-7.21,53.42,Over,https://www.freeiconspng.com/img/1934,,No,3.2,170.5,Dream @ Liberty,2026-10-09T23:30:00Z,Fri 07:30pm,N/A,N/A,ESPN2,,,10/9/2026,7.75,,,,No,LVA,37.23,35,51.02776222,48.97223778,50,7.75,15,-0.12,under,7.75,7.63,7.41,0,Push
DeWanna BonnerPoints,DeWanna BonnerPoints6.5,WNBA,338881,DeWanna Bonner,GF,ATL,Points,6.5,TRUE,10/9/2026,12/30/1899,pre_game,WNBA,goblin,https://static.prizepicks.com/images/manual/DeWanna Bonner.png,15587041,11.5,47.58,52.42,-4.84,52.42,Over,https://www.freeiconspng.com/img/1934,,No,3.2,170.5,Dream @ Liberty,2026-10-09T23:30:00Z,Fri 07:30pm,N/A,N/A,ESPN2,,,10/9/2026,11.5,,,,No,,24.92,25,52.793758,47.206242,52.79,11.5,,0,,11.5,11.5,10.5,11.5,Best Bet
Rhyne Howard3-PTAttempted,Rhyne Howard3-PTAttempted6.5,WNBA,237831,Rhyne Howard,G,ATL,3-PT Attempted,6.5,TRUE,10/9/2026,12/30/1899,pre_game,WNBA,goblin,https://static.prizepicks.com/images/players/WNBA/Rhyne_Howard_WNBA_player_EHb8PvO3NcqnZYZhVJsHND96.webp,15598632,,,,,,,,,No,3.2,170.5,Dream @ Liberty,2026-10-09T23:30:00Z,Fri 07:30pm,N/A,N/A,ESPN2,,,10/9/2026,,,,,No,LVA,37.23,35,,,,0,11,-0.9556,under,0,-0.96,6.5,0,Push
Sabrina Ionescu3-PTAttempted,Sabrina Ionescu3-PTAttempted6.5,WNBA,237848,Sabrina Ionescu,G,NYL,3-PT Attempted,6.5,TRUE,10/9/2026,12/30/1899,pre_game,WNBA,goblin,https://static.prizepicks.com/images/players/WNBA/Sabrina_Ionescu_WNBA_player_P26gx0GUbxv35lMVCUU4z5Q5.webp,15598704,,,,,,,,,,,,Dream @ Liberty,2026-10-09T23:30:00Z,Fri 07:30pm,N/A,N/A,ESPN2,,,10/9/2026,,,,,No,,28.5,20,,,,0,,0,,0,0,6.5,0,Push
Leonie FiebichPoints,Leonie FiebichPoints6.5,WNBA,214769,Leonie Fiebich,F,NYL,Points,6.5,TRUE,10/9/2026,12/30/1899,pre_game,WNBA,goblin,https://static.prizepicks.com/images/manual/Leonie Fiebich.png,15598744,7.5,50.7,49.3,-4.62,50.7,Under,https://www.freeiconspng.com/img/1934,,,,,Dream @ Liberty,2026-10-09T23:30:00Z,Fri 07:30pm,N/A,N/A,ESPN2,,,10/9/2026,7.5,,,,No,,15.83,26,49.49440531,50.50559469,50,7.5,,0,,7.5,7.5,6.9,5.5,Push
Leonie FiebichPoints,Leonie FiebichPoints5.5,WNBA,214769,Leonie Fiebich,F,NYL,Points,5.5,TRUE,10/9/2026,12/30/1899,pre_game,WNBA,goblin,https://static.prizepicks.com/images/manual/Leonie Fiebich.png,15544229,7.5,50.7,49.3,-4.62,50.7,Over,https://www.freeiconspng.com/img/1934,,,,,Dream @ Liberty,2026-10-09T23:30:00Z,Fri 07:30pm,N/A,N/A,ESPN2,,,10/9/2026,7.5,,,,No,,15.83,26,50.73897851,49.26102149,50,7.5,,0,,7.5,7.5,6.7,5.5,Great Bet
Jordin CanadaAssists,Jordin CanadaAssists5.5,WNBA,197522,Jordin Canada,G,ATL,Assists,5.5,TRUE,10/9/2026,12/30/1899,pre_game,WNBA,goblin,https://static.prizepicks.com/images/players/WNBA/Jordin_Canada_WNBA_player_nideRIEvnxcNybRbajfbVawY.webp,15544275,7.5,46.52,53.48,-5.87,53.48,Under,https://www.freeiconspng.com/img/1934,,No,3.2,170.5,Dream @ Liberty,2026-10-09T23:30:00Z,Fri 07:30pm,N/A,N/A,ESPN2,,,10/9/2026,7.5,,,,No,LVA,32.25,31,48.85797851,51.14202149,50,7.5,14,-0.0722,under,7.5,7.43,7.09,7.5,Push
Naz HillmonPoints,Naz HillmonPoints5.5,WNBA,65842,Naz Hillmon,F,ATL,Points,5.5,TRUE,10/9/2026,12/30/1899,pre_game,WNBA,goblin,https://static.prizepicks.com/images/players/WNBA/Naz_Hillmon_WNBA_player_34IbaiI4YP0vCC24bAHE2a3n.webp,15544348,7.5,49.28,50.72,-4.64,50.72,Over,https://www.freeiconspng.com/img/1934,,No,3.2,170.5,Dream @ Liberty,2026-10-09T23:30:00Z,Fri 07:30pm,N/A,N/A,ESPN2,,,10/9/2026,7.5,,,,No,LVA,17.18,30,50.09997851,49.90002149,50,7.5,12,-0.2047,under,7.5,7.3,7.06,7.5,Best Bet
DeWanna BonnerRebounds,DeWanna BonnerRebounds5.5,WNBA,338881,DeWanna Bonner,GF,ATL,Rebounds,5.5,TRUE,10/9/2026,12/30/1899,pre_game,WNBA,goblin,https://static.prizepicks.com/images/manual/DeWanna Bonner.png,15544584,6.5,43.15,56.85,-4.84,56.85,Under,https://www.freeiconspng.com/img/1934,,No,3.2,170.5,Dream @ Liberty,2026-10-09T23:30:00Z,Fri 07:30pm,N/A,N/A,ESPN2,,,10/9/2026,6.5,,,,No,,24.92,25,46.0569761,53.9430239,53.94,6.5,,0,,6.5,6.5,6.3,6.5,Push
Marine FauthouxPoints,Marine FauthouxPoints5.5,WNBA,332243,Marine Fauthoux,G,NYL,Points,5.5,TRUE,10/9/2026,12/30/1899,pre_game,WNBA,goblin,https://static.prizepicks.com/images/manual/MarineFauthoux.webp,15601462,,,,,,,https://www.freeiconspng.com/img/1934,,,,,Dream @ Liberty,2026-10-09T23:30:00Z,Fri 07:30pm,N/A,N/A,ESPN2,,,10/9/2026,,,,,No,,,0,,,,0,,0,,0,0,6.5,7.5,Push
DeWanna BonnerRebounds,DeWanna BonnerRebounds4.5,WNBA,338881,DeWanna Bonner,GF,ATL,Rebounds,4.5,TRUE,10/9/2026,12/30/1899,pre_game,WNBA,goblin,https://static.prizepicks.com/images/manual/DeWanna Bonner.png,15544399,6.5,43.15,56.85,-4.84,56.85,Under,https://www.freeiconspng.com/img/1934,,No,3.2,170.5,Dream @ Liberty,2026-10-09T23:30:00Z,Fri 07:30pm,N/A,N/A,ESPN2,,,10/9/2026,6.5,,,,No,,24.92,25,47.36420538,52.63579462,52.64,6.5,,0,,6.5,6.5,6.1,6.5,Push
Naz HillmonPoints,Naz HillmonPoints4.5,WNBA,65842,Naz Hillmon,F,ATL,Points,4.5,TRUE,10/9/2026,12/30/1899,pre_game,WNBA,goblin,https://static.prizepicks.com/images/players/WNBA/Naz_Hillmon_WNBA_player_34IbaiI4YP0vCC24bAHE2a3n.webp,15544661,7.5,49.28,50.72,-4.64,50.72,Over,https://www.freeiconspng.com/img/1934,,No,3.2,170.5,Dream @ Liberty,2026-10-09T23:30:00Z,Fri 07:30pm,N/A,N/A,ESPN2,,,10/9/2026,7.5,,,,No,LVA,17.18,30,51.4318909,48.5681091,50,7.5,12,-0.2047,under,7.5,7.3,6.86,7.5,Best Bet
Leonie FiebichPoints,Leonie FiebichPoints4.5,WNBA,214769,Leonie Fiebich,F,NYL,Points,4.5,TRUE,10/9/2026,12/30/1899,pre_game,WNBA,goblin,https://static.prizepicks.com/images/manual/Leonie Fiebich.png,15544675,7.5,50.7,49.3,-4.62,50.7,Over,https://www.freeiconspng.com/img/1934,,,,,Dream @ Liberty,2026-10-09T23:30:00Z,Fri 07:30pm,N/A,N/A,ESPN2,,,10/9/2026,7.5,,,,No,,15.83,26,52.0708909,47.9291091,52.07,7.5,,0,,7.5,7.5,6.5,5.5,Best Bet
Naz HillmonRebs+Asts,Naz HillmonRebs+Asts4.5,WNBA,65842,Naz Hillmon,F,ATL,Rebs+Asts,4.5,TRUE,10/9/2026,12/30/1899,pre_game,WNBA,goblin,https://static.prizepicks.com/images/players/WNBA/Naz_Hillmon_WNBA_player_34IbaiI4YP0vCC24bAHE2a3n.webp,15544732,6.5,48.08,51.92,-5.89,51.92,Under,https://www.freeiconspng.com/img/1934,,No,3.2,170.5,Dream @ Liberty,2026-10-09T23:30:00Z,Fri 07:30pm,N/A,N/A,ESPN2,,,10/9/2026,6.5,,,,No,LVA,17.18,30,49.58270538,50.41729462,50,6.5,15,-0.12,under,6.5,6.38,5.97,0,Push
Pauline AstierPts+Rebs,Pauline AstierPts+Rebs4.5,WNBA,317381,Pauline Astier,G,NYL,Pts+Rebs,4.5,TRUE,10/9/2026,12/30/1899,pre_game,WNBA,goblin,https://static.prizepicks.com/images/manual/Pauline Astier.png,15545563,7.13,49.91,50.09,-7.72,50.09,Over,https://www.freeiconspng.com/img/1934,,,,,Dream @ Liberty,2026-10-09T23:30:00Z,Fri 07:30pm,N/A,N/A,ESPN2,,,10/9/2026,7.13,,,,No,,11.56,27,51.2364161,48.7635839,50,7.13,,0,,7.13,7.13,6.47,0,Push
Pauline AstierPts+Asts,Pauline AstierPts+Asts4.5,WNBA,317381,Pauline Astier,G,NYL,Pts+Asts,4.5,TRUE,10/9/2026,12/30/1899,pre_game,WNBA,goblin,https://static.prizepicks.com/images/manual/Pauline Astier.png,15545565,7.25,48.47,51.53,,51.53,Over,https://www.freeiconspng.com/img/1934,,,,,Dream @ Liberty,2026-10-09T23:30:00Z,Fri 07:30pm,N/A,N/A,ESPN2,,,10/9/2026,7.25,,,,No,,11.56,27,50.74445865,49.25554135,50,7.25,,0,,7.25,7.25,6.56,0,Push
Pauline AstierPts+Rebs+Asts,Pauline AstierPts+Rebs+Asts4.5,WNBA,317381,Pauline Astier,G,NYL,Pts+Rebs+Asts,4.5,TRUE,10/9/2026,12/30/1899,pre_game,WNBA,goblin,https://static.prizepicks.com/images/manual/Pauline Astier.png,15580009,9.5,47.73,52.27,,52.27,Over,https://www.freeiconspng.com/img/1934,,,,,Dream @ Liberty,2026-10-09T23:30:00Z,Fri 07:30pm,N/A,N/A,ESPN2,,,10/9/2026,9.5,,,,No,,11.56,27,53.21270124,46.78729876,53.21,9.5,,0,,9.5,9.5,8.25,0,Push
Jordin Canada3-PTAttempted,Jordin Canada3-PTAttempted4.5,WNBA,197522,Jordin Canada,G,ATL,3-PT Attempted,4.5,TRUE,10/9/2026,12/30/1899,pre_game,WNBA,goblin,https://static.prizepicks.com/images/players/WNBA/Jordin_Canada_WNBA_player_nideRIEvnxcNybRbajfbVawY.webp,15598634,,,,,,,,,No,3.2,170.5,Dream @ Liberty,2026-10-09T23:30:00Z,Fri 07:30pm,N/A,N/A,ESPN2,,,10/9/2026,,,,,No,LVA,32.25,31,,,,0,11,-0.9556,under,0,-0.96,4.5,0,Push
Marine FauthouxPoints,Marine FauthouxPoints4.5,WNBA,332243,Marine Fauthoux,G,NYL,Points,4.5,TRUE,10/9/2026,12/30/1899,pre_game,WNBA,goblin,https://static.prizepicks.com/images/manual/MarineFauthoux.webp,15601197,,,,,,,https://www.freeiconspng.com/img/1934,,,,,Dream @ Liberty,2026-10-09T23:30:00Z,Fri 07:30pm,N/A,N/A,ESPN2,,,10/9/2026,,,,,No,,,0,,,,0,,0,,0,0,6,7.5,Push
Rhyne HowardRebounds,Rhyne HowardRebounds3.5,WNBA,237831,Rhyne Howard,G,ATL,Rebounds,3.5,TRUE,10/9/2026,12/30/1899,pre_game,WNBA,goblin,https://static.prizepicks.com/images/players/WNBA/Rhyne_Howard_WNBA_player_EHb8PvO3NcqnZYZhVJsHND96.webp,15544395,3.5,56.7,43.3,-4.39,56.7,Over,https://www.freeiconspng.com/img/1934,,No,3.2,170.5,Dream @ Liberty,2026-10-09T23:30:00Z,Fri 07:30pm,N/A,N/A,ESPN2,,,10/9/2026,3.5,,,,No,LVA,37.23,35,56.7,43.3,56.7,3.5,15,-0.12,under,3.5,3.38,3.48,3.5,Push
Sabrina IonescuAssists,Sabrina IonescuAssists3.5,WNBA,237848,Sabrina Ionescu,G,NYL,Assists,3.5,TRUE,10/9/2026,12/30/1899,pre_game,WNBA,goblin,https://static.prizepicks.com/images/players/WNBA/Sabrina_Ionescu_WNBA_player_P26gx0GUbxv35lMVCUU4z5Q5.webp,15544500,4.5,50.41,49.59,-3.68,50.41,Under,https://www.freeiconspng.com/img/1934,,,,,Dream @ Liberty,2026-10-09T23:30:00Z,Fri 07:30pm,N/A,N/A,ESPN2,,,10/9/2026,4.5,,,,No,,28.5,20,49.21542547,50.78457453,50,4.5,,0,,4.5,4.5,4.3,4.5,Push
Rhyne HowardAssists,Rhyne HowardAssists3.5,WNBA,237831,Rhyne Howard,G,ATL,Assists,3.5,TRUE,10/9/2026,12/30/1899,pre_game,WNBA,goblin,https://static.prizepicks.com/images/players/WNBA/Rhyne_Howard_WNBA_player_EHb8PvO3NcqnZYZhVJsHND96.webp,15544525,3.5,55.83,44.17,-1.07,55.83,Over,https://www.freeiconspng.com/img/1934,,No,3.2,170.5,Dream @ Liberty,2026-10-09T23:30:00Z,Fri 07:30pm,N/A,N/A,ESPN2,,,10/9/2026,3.5,,,,No,LVA,37.23,35,55.83,44.17,55.83,3.5,14,-0.0722,under,3.5,3.43,3.49,3.5,Push
Naz HillmonRebounds,Naz HillmonRebounds3.5,WNBA,65842,Naz Hillmon,F,ATL,Rebounds,3.5,TRUE,10/9/2026,12/30/1899,pre_game,WNBA,goblin,https://static.prizepicks.com/images/players/WNBA/Naz_Hillmon_WNBA_player_34IbaiI4YP0vCC24bAHE2a3n.webp,15544597,4.5,45.64,54.36,-3.8,54.36,Under,https://www.freeiconspng.com/img/1934,,No,3.2,170.5,Dream @ Liberty,2026-10-09T23:30:00Z,Fri 07:30pm,N/A,N/A,ESPN2,,,10/9/2026,4.5,,,,No,LVA,17.18,30,47.06892547,52.93107453,52.93,4.5,15,-0.12,under,4.5,4.38,4.28,4.5,Push
Breanna StewartAssists,Breanna StewartAssists3.5,WNBA,237847,Breanna Stewart,F,NYL,Assists,3.5,TRUE,10/9/2026,12/30/1899,pre_game,WNBA,goblin,https://static.prizepicks.com/images/players/WNBA/Breanna_Stewart_WNBA_player_0QbcmrMWR4KgqkSDi1fYPEeZ.webp,15544615,3.5,56.65,43.35,,56.65,Over,https://www.freeiconspng.com/img/1934,,,,,Dream @ Liberty,2026-10-09T23:30:00Z,Fri 07:30pm,N/A,N/A,ESPN2,,,10/9/2026,3.5,,,,No,,46.32,33,56.65,43.35,56.65,3.5,,0,,3.5,3.5,3.5,3.5,Push
Pauline AstierRebs+Asts,Pauline AstierRebs+Asts3.5,WNBA,317381,Pauline Astier,G,NYL,Rebs+Asts,3.5,TRUE,10/9/2026,12/30/1899,pre_game,WNBA,goblin,https://static.prizepicks.com/images/manual/Pauline Astier.png,15544849,,,,,,,https://www.freeiconspng.com/img/1934,,,,,Dream @ Liberty,2026-10-09T23:30:00Z,Fri 07:30pm,N/A,N/A,ESPN2,,,10/9/2026,,,,,No,,11.56,27,,,,0,,0,,0,0,3.5,0,Push
DeWanna BonnerRebounds,DeWanna BonnerRebounds3.5,WNBA,338881,DeWanna Bonner,GF,ATL,Rebounds,3.5,TRUE,10/9/2026,12/30/1899,pre_game,WNBA,goblin,https://static.prizepicks.com/images/manual/DeWanna Bonner.png,15559540,6.5,43.15,56.85,-4.84,56.85,Under,https://www.freeiconspng.com/img/1934,,No,3.2,170.5,Dream @ Liberty,2026-10-09T23:30:00Z,Fri 07:30pm,N/A,N/A,ESPN2,,,10/9/2026,6.5,,,,No,,24.92,25,48.77808591,51.22191409,50,6.5,,0,,6.5,6.5,5.9,6.5,Push
DeWanna Bonner3-PTAttempted,DeWanna Bonner3-PTAttempted3.5,WNBA,338881,DeWanna Bonner,GF,ATL,3-PT Attempted,3.5,TRUE,10/9/2026,12/30/1899,pre_game,WNBA,goblin,https://static.prizepicks.com/images/manual/DeWanna Bonner.png,15598628,,,,,,,,,No,3.2,170.5,Dream @ Liberty,2026-10-09T23:30:00Z,Fri 07:30pm,N/A,N/A,ESPN2,,,10/9/2026,,,,,No,,24.92,25,,,,0,,0,,0,0,3.5,0,Push
Jonquel Jones3-PTAttempted,Jonquel Jones3-PTAttempted3.5,WNBA,237849,Jonquel Jones,C,NYL,3-PT Attempted,3.5,TRUE,10/9/2026,12/30/1899,pre_game,WNBA,goblin,https://static.prizepicks.com/images/players/WNBA/Jonquel_Jones_WNBA_player_TqkCFBXssXmlPoyGSqO8lyJI.webp,15598668,,,,,,,,,,,,Dream @ Liberty,2026-10-09T23:30:00Z,Fri 07:30pm,N/A,N/A,ESPN2,,,10/9/2026,,,,,No,,34.15,29,,,,0,,0,,0,0,3.5,0,Push
Rhyne HowardRebounds,Rhyne HowardRebounds2.5,WNBA,237831,Rhyne Howard,G,ATL,Rebounds,2.5,TRUE,10/9/2026,12/30/1899,pre_game,WNBA,goblin,https://static.prizepicks.com/images/players/WNBA/Rhyne_Howard_WNBA_player_EHb8PvO3NcqnZYZhVJsHND96.webp,15544220,3.5,56.7,43.3,-4.39,56.7,Over,https://www.freeiconspng.com/img/1934,,No,3.2,170.5,Dream @ Liberty,2026-10-09T23:30:00Z,Fri 07:30pm,N/A,N/A,ESPN2,,,10/9/2026,3.5,,,,No,LVA,37.23,35,51.9663721,48.0336279,50,3.5,15,-0.12,under,3.5,3.38,3.28,3.5,Best Bet
Leonie FiebichRebounds,Leonie FiebichRebounds2.5,WNBA,214769,Leonie Fiebich,F,NYL,Rebounds,2.5,TRUE,10/9/2026,12/30/1899,pre_game,WNBA,goblin,https://static.prizepicks.com/images/manual/Leonie Fiebich.png,15544254,3.5,49.28,50.72,-4.23,50.72,Under,https://www.freeiconspng.com/img/1934,,,,,Dream @ Liberty,2026-10-09T23:30:00Z,Fri 07:30pm,N/A,N/A,ESPN2,,,10/9/2026,3.5,,,,No,,15.83,26,48.6273721,51.3726279,50,3.5,,0,,3.5,3.5,3.3,3.5,Push
Breanna StewartAssists,Breanna StewartAssists2.5,WNBA,237847,Breanna Stewart,F,NYL,Assists,2.5,TRUE,10/9/2026,12/30/1899,pre_game,WNBA,goblin,https://static.prizepicks.com/images/players/WNBA/Breanna_Stewart_WNBA_player_0QbcmrMWR4KgqkSDi1fYPEeZ.webp,15544281,3.5,56.65,43.35,,56.65,Over,https://www.freeiconspng.com/img/1934,,,,,Dream @ Liberty,2026-10-09T23:30:00Z,Fri 07:30pm,N/A,N/A,ESPN2,,,10/9/2026,3.5,,,,No,,46.32,33,51.9438721,48.0561279,50,3.5,,0,,3.5,3.5,3.3,3.5,Best Bet
Rhyne HowardAssists,Rhyne HowardAssists2.5,WNBA,237831,Rhyne Howard,G,ATL,Assists,2.5,TRUE,10/9/2026,12/30/1899,pre_game,WNBA,goblin,https://static.prizepicks.com/images/players/WNBA/Rhyne_Howard_WNBA_player_EHb8PvO3NcqnZYZhVJsHND96.webp,15544299,3.5,55.83,44.17,-1.07,55.83,Over,https://www.freeiconspng.com/img/1934,,No,3.2,170.5,Dream @ Liberty,2026-10-09T23:30:00Z,Fri 07:30pm,N/A,N/A,ESPN2,,,10/9/2026,3.5,,,,No,LVA,37.23,35,51.5748721,48.4251279,50,3.5,14,-0.0722,under,3.5,3.43,3.29,3.5,Best Bet
Jordin CanadaRebounds,Jordin CanadaRebounds2.5,WNBA,197522,Jordin Canada,G,ATL,Rebounds,2.5,TRUE,10/9/2026,12/30/1899,pre_game,WNBA,goblin,https://static.prizepicks.com/images/players/WNBA/Jordin_Canada_WNBA_player_nideRIEvnxcNybRbajfbVawY.webp,15544303,2.83,52.47,47.53,-11.56,52.47,Under,https://www.freeiconspng.com/img/1934,,No,3.2,170.5,Dream @ Liberty,2026-10-09T23:30:00Z,Fri 07:30pm,N/A,N/A,ESPN2,,,10/9/2026,2.83,,,,No,LVA,32.25,31,48.97259863,51.02740137,50,2.83,15,-0.12,under,2.83,2.71,2.87,3.5,Push
Rhyne Howard3-PTMade,Rhyne Howard3-PTMade2.5,WNBA,237831,Rhyne Howard,G,ATL,3-PT Made,2.5,TRUE,10/9/2026,12/30/1899,pre_game,WNBA,goblin,https://static.prizepicks.com/images/players/WNBA/Rhyne_Howard_WNBA_player_EHb8PvO3NcqnZYZhVJsHND96.webp,15544327,,,,,,,,,No,3.2,170.5,Dream @ Liberty,2026-10-09T23:30:00Z,Fri 07:30pm,N/A,N/A,ESPN2,,,10/9/2026,,,,,No,LVA,37.23,35,,,,0,11,-0.9556,under,0,-0.96,2.5,0,Push
Sabrina IonescuRebounds,Sabrina IonescuRebounds2.5,WNBA,237848,Sabrina Ionescu,G,NYL,Rebounds,2.5,TRUE,10/9/2026,12/30/1899,pre_game,WNBA,goblin,https://static.prizepicks.com/images/players/WNBA/Sabrina_Ionescu_WNBA_player_P26gx0GUbxv35lMVCUU4z5Q5.webp,15544509,3.5,51.17,48.83,-4.39,51.17,Under,https://www.freeiconspng.com/img/1934,,,,,Dream @ Liberty,2026-10-09T23:30:00Z,Fri 07:30pm,N/A,N/A,ESPN2,,,10/9/2026,3.5,,,,No,,28.5,20,49.4778721,50.5221279,50,3.5,,0,,3.5,3.5,3.3,3.5,Push
Naz HillmonRebounds,Naz HillmonRebounds2.5,WNBA,65842,Naz Hillmon,F,ATL,Rebounds,2.5,TRUE,10/9/2026,12/30/1899,pre_game,WNBA,goblin,https://static.prizepicks.com/images/players/WNBA/Naz_Hillmon_WNBA_player_34IbaiI4YP0vCC24bAHE2a3n.webp,15544601,4.5,45.64,54.36,-3.8,54.36,Under,https://www.freeiconspng.com/img/1934,,No,3.2,170.5,Dream @ Liberty,2026-10-09T23:30:00Z,Fri 07:30pm,N/A,N/A,ESPN2,,,10/9/2026,4.5,,,,No,LVA,17.18,30,48.54917608,51.45082392,50,4.5,15,-0.12,under,4.5,4.38,4.08,4.5,Push
Sabrina IonescuAssists,Sabrina IonescuAssists2.5,WNBA,237848,Sabrina Ionescu,G,NYL,Assists,2.5,TRUE,10/9/2026,12/30/1899,pre_game,WNBA,goblin,https://static.prizepicks.com/images/players/WNBA/Sabrina_Ionescu_WNBA_player_P26gx0GUbxv35lMVCUU4z5Q5.webp,15544708,4.5,50.41,49.59,-3.68,50.41,Over,https://www.freeiconspng.com/img/1934,,,,,Dream @ Liberty,2026-10-09T23:30:00Z,Fri 07:30pm,N/A,N/A,ESPN2,,,10/9/2026,4.5,,,,No,,28.5,20,50.69567608,49.30432392,50,4.5,,0,,4.5,4.5,4.1,4.5,Best Bet
Angel ReeseTurnovers,Angel ReeseTurnovers2.5,WNBA,315793,Angel Reese,F,ATL,Turnovers,2.5,TRUE,10/9/2026,12/30/1899,pre_game,WNBA,goblin,https://static.prizepicks.com/images/manual/AngeelesReese.png,15598439,,,,,,,,,No,3.2,170.5,Dream @ Liberty,2026-10-09T23:30:00Z,Fri 07:30pm,N/A,N/A,ESPN2,,,10/9/2026,,,,,No,LVA,35.06,32,,,,0,11,-0.9556,under,0,-0.96,2.5,0,Push
Jordin CanadaTurnovers,Jordin CanadaTurnovers2.5,WNBA,197522,Jordin Canada,G,ATL,Turnovers,2.5,TRUE,10/9/2026,12/30/1899,pre_game,WNBA,goblin,https://static.prizepicks.com/images/players/WNBA/Jordin_Canada_WNBA_player_nideRIEvnxcNybRbajfbVawY.webp,15598442,,,,,,,,,No,3.2,170.5,Dream @ Liberty,2026-10-09T23:30:00Z,Fri 07:30pm,N/A,N/A,ESPN2,,,10/9/2026,,,,,No,LVA,32.25,31,,,,0,11,-0.9556,under,0,-0.96,2.5,0,Push
Sabrina IonescuTurnovers,Sabrina IonescuTurnovers2.5,WNBA,237848,Sabrina Ionescu,G,NYL,Turnovers,2.5,TRUE,10/9/2026,12/30/1899,pre_game,WNBA,goblin,https://static.prizepicks.com/images/players/WNBA/Sabrina_Ionescu_WNBA_player_P26gx0GUbxv35lMVCUU4z5Q5.webp,15598444,,,,,,,,,,,,Dream @ Liberty,2026-10-09T23:30:00Z,Fri 07:30pm,N/A,N/A,ESPN2,,,10/9/2026,,,,,No,,28.5,20,,,,0,,0,,0,0,2.5,0,Push
Angel ReeseBlks+Stls,Angel ReeseBlks+Stls2.5,WNBA,315793,Angel Reese,F,ATL,Blks+Stls,2.5,TRUE,10/9/2026,12/30/1899,pre_game,WNBA,goblin,https://static.prizepicks.com/images/manual/AngeelesReese.png,15598445,,,,,,,,,No,3.2,170.5,Dream @ Liberty,2026-10-09T23:30:00Z,Fri 07:30pm,N/A,N/A,ESPN2,,,10/9/2026,,,,,No,LVA,35.06,32,,,,0,11,-0.9556,under,0,-0.96,2.5,0,Push
Breanna StewartBlks+Stls,Breanna StewartBlks+Stls2.5,WNBA,237847,Breanna Stewart,F,NYL,Blks+Stls,2.5,TRUE,10/9/2026,12/30/1899,pre_game,WNBA,goblin,https://static.prizepicks.com/images/players/WNBA/Breanna_Stewart_WNBA_player_0QbcmrMWR4KgqkSDi1fYPEeZ.webp,15598446,,,,,,,,,,,,Dream @ Liberty,2026-10-09T23:30:00Z,Fri 07:30pm,N/A,N/A,ESPN2,,,10/9/2026,,,,,No,,46.32,33,,,,0,,0,,0,0,2.5,0,Push
Rhyne HowardBlks+Stls,Rhyne HowardBlks+Stls2.5,WNBA,237831,Rhyne Howard,G,ATL,Blks+Stls,2.5,TRUE,10/9/2026,12/30/1899,pre_game,WNBA,goblin,https://static.prizepicks.com/images/players/WNBA/Rhyne_Howard_WNBA_player_EHb8PvO3NcqnZYZhVJsHND96.webp,15598449,,,,,,,,,No,3.2,170.5,Dream @ Liberty,2026-10-09T23:30:00Z,Fri 07:30pm,N/A,N/A,ESPN2,,,10/9/2026,,,,,No,LVA,37.23,35,,,,0,11,-0.9556,under,0,-0.96,2.5,0,Push
Breanna Stewart3-PTAttempted,Breanna Stewart3-PTAttempted2.5,WNBA,237847,Breanna Stewart,F,NYL,3-PT Attempted,2.5,TRUE,10/9/2026,12/30/1899,pre_game,WNBA,goblin,https://static.prizepicks.com/images/players/WNBA/Breanna_Stewart_WNBA_player_0QbcmrMWR4KgqkSDi1fYPEeZ.webp,15598659,,,,,,,,,,,,Dream @ Liberty,2026-10-09T23:30:00Z,Fri 07:30pm,N/A,N/A,ESPN2,,,10/9/2026,,,,,No,,46.32,33,,,,0,,0,,0,0,2.5,0,Push
Jonquel Jones3-PTMade,Jonquel Jones3-PTMade1.5,WNBA,237849,Jonquel Jones,C,NYL,3-PT Made,1.5,TRUE,10/9/2026,12/30/1899,pre_game,WNBA,goblin,https://static.prizepicks.com/images/players/WNBA/Jonquel_Jones_WNBA_player_TqkCFBXssXmlPoyGSqO8lyJI.webp,15544324,,,,,,,,,,,,Dream @ Liberty,2026-10-09T23:30:00Z,Fri 07:30pm,N/A,N/A,ESPN2,,,10/9/2026,,,,,No,,34.15,29,,,,0,,0,,0,0,1.5,0,Push
DeWanna BonnerAssists,DeWanna BonnerAssists1.5,WNBA,338881,DeWanna Bonner,GF,ATL,Assists,1.5,TRUE,10/9/2026,12/30/1899,pre_game,WNBA,goblin,https://static.prizepicks.com/images/manual/DeWanna Bonner.png,15544483,1.75,53.14,46.86,-12.14,53.14,Under,https://www.freeiconspng.com/img/1934,,No,3.2,170.5,Dream @ Liberty,2026-10-09T23:30:00Z,Fri 07:30pm,N/A,N/A,ESPN2,,,10/9/2026,1.75,,,,No,,24.92,25,47.6410125,52.3589875,52.36,1.75,,0,,1.75,1.75,2.05,3.5,Push
Leonie FiebichAssists,Leonie FiebichAssists1.5,WNBA,214769,Leonie Fiebich,F,NYL,Assists,1.5,TRUE,10/9/2026,12/30/1899,pre_game,WNBA,goblin,https://static.prizepicks.com/images/manual/Leonie Fiebich.png,15544519,1.5,59.3,40.7,-4.2,59.3,Over,https://www.freeiconspng.com/img/1934,,,,,Dream @ Liberty,2026-10-09T23:30:00Z,Fri 07:30pm,N/A,N/A,ESPN2,,,10/9/2026,1.5,,,,No,,15.83,26,59.3,40.7,59.3,1.5,,0,,1.5,1.5,1.7,2.5,Push
Rhyne Howard3-PTMade,Rhyne Howard3-PTMade1.5,WNBA,237831,Rhyne Howard,G,ATL,3-PT Made,1.5,TRUE,10/9/2026,12/30/1899,pre_game,WNBA,goblin,https://static.prizepicks.com/images/players/WNBA/Rhyne_Howard_WNBA_player_EHb8PvO3NcqnZYZhVJsHND96.webp,15544562,,,,,,,,,No,3.2,170.5,Dream @ Liberty,2026-10-09T23:30:00Z,Fri 07:30pm,N/A,N/A,ESPN2,,,10/9/2026,,,,,No,LVA,37.23,35,,,,0,11,-0.9556,under,0,-0.96,1.5,0,Push
Sabrina Ionescu3-PTMade,Sabrina Ionescu3-PTMade1.5,WNBA,237848,Sabrina Ionescu,G,NYL,3-PT Made,1.5,TRUE,10/9/2026,12/30/1899,pre_game,WNBA,goblin,https://static.prizepicks.com/images/players/WNBA/Sabrina_Ionescu_WNBA_player_P26gx0GUbxv35lMVCUU4z5Q5.webp,15544570,,,,,,,,,,,,Dream @ Liberty,2026-10-09T23:30:00Z,Fri 07:30pm,N/A,N/A,ESPN2,,,10/9/2026,,,,,No,,28.5,20,,,,0,,0,,0,0,1.5,0,Push
Jonquel JonesAssists,Jonquel JonesAssists1.5,WNBA,237849,Jonquel Jones,C,NYL,Assists,1.5,TRUE,10/9/2026,12/30/1899,pre_game,WNBA,goblin,https://static.prizepicks.com/images/players/WNBA/Jonquel_Jones_WNBA_player_TqkCFBXssXmlPoyGSqO8lyJI.webp,15544665,2.5,39.91,60.09,-4.2,60.09,Under,https://www.freeiconspng.com/img/1934,,,,,Dream @ Liberty,2026-10-09T23:30:00Z,Fri 07:30pm,N/A,N/A,ESPN2,,,10/9/2026,2.5,,,,No,,34.15,29,44.29612594,55.70387406,55.7,2.5,,0,,2.5,2.5,2.3,2.5,Push
Angel ReeseAssists,Angel ReeseAssists1.5,WNBA,315793,Angel Reese,F,ATL,Assists,1.5,TRUE,10/9/2026,12/30/1899,pre_game,WNBA,goblin,https://static.prizepicks.com/images/manual/AngeelesReese.png,15544668,2.5,41.59,58.41,-5.75,58.41,Under,https://www.freeiconspng.com/img/1934,,No,3.2,170.5,Dream @ Liberty,2026-10-09T23:30:00Z,Fri 07:30pm,N/A,N/A,ESPN2,,,10/9/2026,2.5,,,,No,LVA,35.06,32,45.05212594,54.94787406,54.95,2.5,14,-0.0722,under,2.5,2.43,2.29,2.5,Push
Pauline AstierAssists,Pauline AstierAssists1.5,WNBA,317381,Pauline Astier,G,NYL,Assists,1.5,TRUE,10/9/2026,12/30/1899,pre_game,WNBA,goblin,https://static.prizepicks.com/images/manual/Pauline Astier.png,15544671,1.8,51.8,48.2,-7.88,51.8,Under,https://www.freeiconspng.com/img/1934,,,,,Dream @ Liberty,2026-10-09T23:30:00Z,Fri 07:30pm,N/A,N/A,ESPN2,,,10/9/2026,1.8,,,,No,,11.56,27,48.3637495,51.6362505,50,1.8,,0,,1.8,1.8,1.88,2.5,Push
Pauline AstierRebounds,Pauline AstierRebounds1.5,WNBA,317381,Pauline Astier,G,NYL,Rebounds,1.5,TRUE,10/9/2026,12/30/1899,pre_game,WNBA,goblin,https://static.prizepicks.com/images/manual/Pauline Astier.png,15545567,1.86,51.34,48.66,-13.2,51.34,Under,https://www.freeiconspng.com/img/1934,,,,,Dream @ Liberty,2026-10-09T23:30:00Z,Fri 07:30pm,N/A,N/A,ESPN2,,,10/9/2026,1.86,,,,No,,11.56,27,48.26934104,51.73065896,50,1.86,,0,,1.86,1.86,1.72,1.5,Push
Naz HillmonAssists,Naz HillmonAssists1.5,WNBA,65842,Naz Hillmon,F,ATL,Assists,1.5,TRUE,10/9/2026,12/30/1899,pre_game,WNBA,goblin,https://static.prizepicks.com/images/players/WNBA/Naz_Hillmon_WNBA_player_34IbaiI4YP0vCC24bAHE2a3n.webp,15547374,1.94,49.62,50.38,-13.88,50.38,Under,https://www.freeiconspng.com/img/1934,,No,3.2,170.5,Dream @ Liberty,2026-10-09T23:30:00Z,Fri 07:30pm,N/A,N/A,ESPN2,,,10/9/2026,1.94,,,,No,LVA,17.18,30,47.64467199,52.35532801,52.36,1.94,14,-0.0722,under,1.94,1.87,1.75,1.5,Push
Jordin CanadaRebounds,Jordin CanadaRebounds1.5,WNBA,197522,Jordin Canada,G,ATL,Rebounds,1.5,TRUE,10/9/2026,12/30/1899,pre_game,WNBA,goblin,https://static.prizepicks.com/images/players/WNBA/Jordin_Canada_WNBA_player_nideRIEvnxcNybRbajfbVawY.webp,15548953,2.83,52.47,47.53,-11.56,52.47,Over,https://www.freeiconspng.com/img/1934,,No,3.2,170.5,Dream @ Liberty,2026-10-09T23:30:00Z,Fri 07:30pm,N/A,N/A,ESPN2,,,10/9/2026,2.83,,,,No,LVA,32.25,31,50.5307691,49.4692309,50,2.83,15,-0.12,under,2.83,2.71,2.67,3.5,Best Bet
Jonquel JonesOffensiveRebounds,Jonquel JonesOffensiveRebounds1.5,WNBA,237849,Jonquel Jones,C,NYL,Offensive Rebounds,1.5,TRUE,10/9/2026,12/30/1899,pre_game,WNBA,goblin,https://static.prizepicks.com/images/players/WNBA/Jonquel_Jones_WNBA_player_TqkCFBXssXmlPoyGSqO8lyJI.webp,15597468,,,,,,,,,,,,Dream @ Liberty,2026-10-09T23:30:00Z,Fri 07:30pm,N/A,N/A,ESPN2,,,10/9/2026,,,,,No,,34.15,29,,,,0,,0,,0,0,1.5,0,Push
Rhyne HowardTurnovers,Rhyne HowardTurnovers1.5,WNBA,237831,Rhyne Howard,G,ATL,Turnovers,1.5,TRUE,10/9/2026,12/30/1899,pre_game,WNBA,goblin,https://static.prizepicks.com/images/players/WNBA/Rhyne_Howard_WNBA_player_EHb8PvO3NcqnZYZhVJsHND96.webp,15598443,,,,,,,,,No,3.2,170.5,Dream @ Liberty,2026-10-09T23:30:00Z,Fri 07:30pm,N/A,N/A,ESPN2,,,10/9/2026,,,,,No,LVA,37.23,35,,,,0,11,-0.9556,under,0,-0.96,1.5,0,Push
Jonquel JonesBlks+Stls,Jonquel JonesBlks+Stls1.5,WNBA,237849,Jonquel Jones,C,NYL,Blks+Stls,1.5,TRUE,10/9/2026,12/30/1899,pre_game,WNBA,goblin,https://static.prizepicks.com/images/players/WNBA/Jonquel_Jones_WNBA_player_TqkCFBXssXmlPoyGSqO8lyJI.webp,15598447,,,,,,,,,,,,Dream @ Liberty,2026-10-09T23:30:00Z,Fri 07:30pm,N/A,N/A,ESPN2,,,10/9/2026,,,,,No,,34.15,29,,,,0,,0,,0,0,1.5,0,Push
Angel ReeseSteals,Angel ReeseSteals1.5,WNBA,315793,Angel Reese,F,ATL,Steals,1.5,TRUE,10/9/2026,12/30/1899,pre_game,WNBA,goblin,https://static.prizepicks.com/images/manual/AngeelesReese.png,15598470,,,,,,,,,No,3.2,170.5,Dream @ Liberty,2026-10-09T23:30:00Z,Fri 07:30pm,N/A,N/A,ESPN2,,,10/9/2026,,,,,No,LVA,35.06,32,,,,0,11,-0.9556,under,0,-0.96,1.5,0,Push
Leonie Fiebich3-PTMade,Leonie Fiebich3-PTMade0.5,WNBA,214769,Leonie Fiebich,F,NYL,3-PT Made,0.5,TRUE,10/9/2026,12/30/1899,pre_game,WNBA,goblin,https://static.prizepicks.com/images/manual/Leonie Fiebich.png,15544346,,,,,,,,,,,,Dream @ Liberty,2026-10-09T23:30:00Z,Fri 07:30pm,N/A,N/A,ESPN2,,,10/9/2026,,,,,No,,15.83,26,,,,0,,0,,0,0,0.5,0,Push
Naz Hillmon3-PTMade,Naz Hillmon3-PTMade0.5,WNBA,65842,Naz Hillmon,F,ATL,3-PT Made,0.5,TRUE,10/9/2026,12/30/1899,pre_game,WNBA,goblin,https://static.prizepicks.com/images/players/WNBA/Naz_Hillmon_WNBA_player_34IbaiI4YP0vCC24bAHE2a3n.webp,15544368,,,,,,,,,No,3.2,170.5,Dream @ Liberty,2026-10-09T23:30:00Z,Fri 07:30pm,N/A,N/A,ESPN2,,,10/9/2026,,,,,No,LVA,17.18,30,,,,0,11,-0.9556,under,0,-0.96,0.5,0,Push
DeWanna Bonner3-PTMade,DeWanna Bonner3-PTMade0.5,WNBA,338881,DeWanna Bonner,GF,ATL,3-PT Made,0.5,TRUE,10/9/2026,12/30/1899,pre_game,WNBA,goblin,https://static.prizepicks.com/images/manual/DeWanna Bonner.png,15544536,,,,,,,,,No,3.2,170.5,Dream @ Liberty,2026-10-09T23:30:00Z,Fri 07:30pm,N/A,N/A,ESPN2,,,10/9/2026,,,,,No,,24.92,25,,,,0,,0,,0,0,0.5,0,Push
Jordin Canada3-PTMade,Jordin Canada3-PTMade0.5,WNBA,197522,Jordin Canada,G,ATL,3-PT Made,0.5,TRUE,10/9/2026,12/30/1899,pre_game,WNBA,goblin,https://static.prizepicks.com/images/players/WNBA/Jordin_Canada_WNBA_player_nideRIEvnxcNybRbajfbVawY.webp,15544567,,,,,,,,,No,3.2,170.5,Dream @ Liberty,2026-10-09T23:30:00Z,Fri 07:30pm,N/A,N/A,ESPN2,,,10/9/2026,,,,,No,LVA,32.25,31,,,,0,11,-0.9556,under,0,-0.96,0.5,0,Push
Breanna Stewart3-PTMade,Breanna Stewart3-PTMade0.5,WNBA,237847,Breanna Stewart,F,NYL,3-PT Made,0.5,TRUE,10/9/2026,12/30/1899,pre_game,WNBA,goblin,https://static.prizepicks.com/images/players/WNBA/Breanna_Stewart_WNBA_player_0QbcmrMWR4KgqkSDi1fYPEeZ.webp,15544608,,,,,,,,,,,,Dream @ Liberty,2026-10-09T23:30:00Z,Fri 07:30pm,N/A,N/A,ESPN2,,,10/9/2026,,,,,No,,46.32,33,,,,0,,0,,0,0,0.5,0,Push
DeWanna BonnerOffensiveRebounds,DeWanna BonnerOffensiveRebounds0.5,WNBA,338881,DeWanna Bonner,GF,ATL,Offensive Rebounds,0.5,TRUE,10/9/2026,12/30/1899,pre_game,WNBA,goblin,https://static.prizepicks.com/images/manual/DeWanna Bonner.png,15597587,,,,,,,,,No,3.2,170.5,Dream @ Liberty,2026-10-09T23:30:00Z,Fri 07:30pm,N/A,N/A,ESPN2,,,10/9/2026,,,,,No,,24.92,25,,,,0,,0,,0,0,0.5,0,Push
Leonie FiebichOffensiveRebounds,Leonie FiebichOffensiveRebounds0.5,WNBA,214769,Leonie Fiebich,F,NYL,Offensive Rebounds,0.5,TRUE,10/9/2026,12/30/1899,pre_game,WNBA,goblin,https://static.prizepicks.com/images/manual/Leonie Fiebich.png,15597589,,,,,,,,,,,,Dream @ Liberty,2026-10-09T23:30:00Z,Fri 07:30pm,N/A,N/A,ESPN2,,,10/9/2026,,,,,No,,15.83,26,,,,0,,0,,0,0,0.5,0,Push
Naz HillmonOffensiveRebounds,Naz HillmonOffensiveRebounds0.5,WNBA,65842,Naz Hillmon,F,ATL,Offensive Rebounds,0.5,TRUE,10/9/2026,12/30/1899,pre_game,WNBA,goblin,https://static.prizepicks.com/images/players/WNBA/Naz_Hillmon_WNBA_player_34IbaiI4YP0vCC24bAHE2a3n.webp,15597590,,,,,,,,,No,3.2,170.5,Dream @ Liberty,2026-10-09T23:30:00Z,Fri 07:30pm,N/A,N/A,ESPN2,,,10/9/2026,,,,,No,LVA,17.18,30,,,,0,15,-0.12,under,0,-0.12,1,1.5,Push
Pauline AstierOffensiveRebounds,Pauline AstierOffensiveRebounds0.5,WNBA,317381,Pauline Astier,G,NYL,Offensive Rebounds,0.5,TRUE,10/9/2026,12/30/1899,pre_game,WNBA,goblin,https://static.prizepicks.com/images/manual/Pauline Astier.png,15597591,,,,,,,,,,,,Dream @ Liberty,2026-10-09T23:30:00Z,Fri 07:30pm,N/A,N/A,ESPN2,,,10/9/2026,,,,,No,,11.56,27,,,,0,,0,,0,0,0.5,0,Push
Rhyne HowardOffensiveRebounds,Rhyne HowardOffensiveRebounds0.5,WNBA,237831,Rhyne Howard,G,ATL,Offensive Rebounds,0.5,TRUE,10/9/2026,12/30/1899,pre_game,WNBA,goblin,https://static.prizepicks.com/images/players/WNBA/Rhyne_Howard_WNBA_player_EHb8PvO3NcqnZYZhVJsHND96.webp,15597592,,,,,,,,,No,3.2,170.5,Dream @ Liberty,2026-10-09T23:30:00Z,Fri 07:30pm,N/A,N/A,ESPN2,,,10/9/2026,,,,,No,LVA,37.23,35,,,,0,15,-0.12,under,0,-0.12,0.5,0,Push
Angel ReeseBlockedShots,Angel ReeseBlockedShots0.5,WNBA,315793,Angel Reese,F,ATL,Blocked Shots,0.5,TRUE,10/9/2026,12/30/1899,pre_game,WNBA,goblin,https://static.prizepicks.com/images/manual/AngeelesReese.png,15598466,,,,,,,,,No,3.2,170.5,Dream @ Liberty,2026-10-09T23:30:00Z,Fri 07:30pm,N/A,N/A,ESPN2,,,10/9/2026,,,,,No,LVA,35.06,32,,,,0,11,-0.9556,under,0,-0.96,0.5,0,Push
Rhyne HowardBlockedShots,Rhyne HowardBlockedShots0.5,WNBA,237831,Rhyne Howard,G,ATL,Blocked Shots,0.5,TRUE,10/9/2026,12/30/1899,pre_game,WNBA,goblin,https://static.prizepicks.com/images/players/WNBA/Rhyne_Howard_WNBA_player_EHb8PvO3NcqnZYZhVJsHND96.webp,15598469,,,,,,,,,No,3.2,170.5,Dream @ Liberty,2026-10-09T23:30:00Z,Fri 07:30pm,N/A,N/A,ESPN2,,,10/9/2026,,,,,No,LVA,37.23,35,,,,0,11,-0.9556,under,0,-0.96,0.5,0,Push
A'ja WilsonFantasyScore,A'ja WilsonFantasyScore43.5,WNBA,237843,A'ja Wilson,C,LVA,Fantasy Score,43.5,TRUE,10/9/2026,12/30/1899,pre_game,WNBA,goblin,https://static.prizepicks.com/images/players/WNBA/A'ja_Wilson_WNBA_player_e1fzWnin9JBoRKYaugxyyP08.webp,15563838,,,,,,Over,,,Yes,-4.5,156.6,Valkyries @ Aces,2026-10-10T01:30:00Z,Fri 09:30pm,N/A,N/A,Peacock/NBCSN,,,10/9/2026,48.39,,,,No,ATL,48.39,32,62.76,37.24,62.76,48.39,2,1.9156,over,48.39,50.31,48.03,49.55,Push
A'ja WilsonPts+Rebs+Asts,A'ja WilsonPts+Rebs+Asts37.5,WNBA,237843,A'ja Wilson,C,LVA,Pts+Rebs+Asts,37.5,TRUE,10/9/2026,12/30/1899,pre_game,WNBA,goblin,https://static.prizepicks.com/images/players/WNBA/A'ja_Wilson_WNBA_player_e1fzWnin9JBoRKYaugxyyP08.webp,15548780,39.5,50.47,49.53,-8.28,50.47,Over,https://www.freeiconspng.com/img/1934,,Yes,-4.5,156.6,Valkyries @ Aces,2026-10-10T01:30:00Z,Fri 09:30pm,N/A,N/A,Peacock/NBCSN,,,10/9/2026,39.5,,,,No,ATL,48.39,32,50.43574179,49.56425821,50,39.5,12,-0.0325,under,39.5,39.47,38.99,0,Push
A'ja WilsonPts+Rebs+Asts,A'ja WilsonPts+Rebs+Asts34.5,WNBA,237843,A'ja Wilson,C,LVA,Pts+Rebs+Asts,34.5,TRUE,10/9/2026,12/30/1899,pre_game,WNBA,goblin,https://static.prizepicks.com/images/players/WNBA/A'ja_Wilson_WNBA_player_e1fzWnin9JBoRKYaugxyyP08.webp,15548247,39.5,50.47,49.53,-8.28,50.47,Over,https://www.freeiconspng.com/img/1934,,Yes,-4.5,156.6,Valkyries @ Aces,2026-10-10T01:30:00Z,Fri 09:30pm,N/A,N/A,Peacock/NBCSN,,,10/9/2026,39.5,,,,No,ATL,48.39,32,52.50011124,47.49988876,52.5,39.5,12,-0.0325,under,39.5,39.47,38.24,0,Push
A'ja WilsonPts+Rebs,A'ja WilsonPts+Rebs34.5,WNBA,237843,A'ja Wilson,C,LVA,Pts+Rebs,34.5,TRUE,10/9/2026,12/30/1899,pre_game,WNBA,goblin,https://static.prizepicks.com/images/players/WNBA/A'ja_Wilson_WNBA_player_e1fzWnin9JBoRKYaugxyyP08.webp,15548417,37.5,49.73,50.27,-4.68,50.27,Over,https://www.freeiconspng.com/img/1934,,Yes,-4.5,156.6,Valkyries @ Aces,2026-10-10T01:30:00Z,Fri 09:30pm,N/A,N/A,Peacock/NBCSN,,,10/9/2026,37.5,,,,No,ATL,48.39,32,50.80137158,49.19862842,50,37.5,12,-0.0325,under,37.5,37.47,36.74,0,Push
A'ja WilsonPts+Rebs,A'ja WilsonPts+Rebs29.5,WNBA,237843,A'ja Wilson,C,LVA,Pts+Rebs,29.5,TRUE,10/9/2026,12/30/1899,pre_game,WNBA,goblin,https://static.prizepicks.com/images/players/WNBA/A'ja_Wilson_WNBA_player_e1fzWnin9JBoRKYaugxyyP08.webp,15548227,37.5,49.73,50.27,-4.68,50.27,Over,https://www.freeiconspng.com/img/1934,,Yes,-4.5,156.6,Valkyries @ Aces,2026-10-10T01:30:00Z,Fri 09:30pm,N/A,N/A,Peacock/NBCSN,,,10/9/2026,37.5,,,,No,ATL,48.39,32,54.41105194,45.58894806,54.41,37.5,12,-0.0325,under,37.5,37.47,35.49,0,Push
Gabby WilliamsFantasyScore,Gabby WilliamsFantasyScore29,WNBA,316568,Gabby Williams,F,GSV,Fantasy Score,29,TRUE,10/9/2026,12/30/1899,pre_game,WNBA,goblin,https://static.prizepicks.com/images/manual/Gabby Williams .png,15563836,,,,,,Over,,,,,,Valkyries @ Aces,2026-10-10T01:30:00Z,Fri 09:30pm,N/A,N/A,Peacock/NBCSN,,,10/9/2026,31.53,,,,No,,31.53,30,56.57,43.43,56.57,31.53,,0,,31.53,31.53,31.63,34.55,Push
Jackie YoungFantasyScore,Jackie YoungFantasyScore29,WNBA,237846,Jackie Young,G,LVA,Fantasy Score,29,TRUE,10/9/2026,12/30/1899,pre_game,WNBA,goblin,https://static.prizepicks.com/images/players/WNBA/Jackie_Young_WNBA_player_xMYZ7NbkZrdioerQcMdWBKG9.webp,15563847,,,,,,Over,,,Yes,-4.5,156.6,Valkyries @ Aces,2026-10-10T01:30:00Z,Fri 09:30pm,N/A,N/A,Peacock/NBCSN,,,10/9/2026,33.24,,,,No,ATL,33.24,31,61.81,38.19,61.81,33.24,2,1.9156,over,33.24,35.16,33.44,36.55,Push
Jackie YoungPts+Rebs+Asts,Jackie YoungPts+Rebs+Asts27.5,WNBA,237846,Jackie Young,G,LVA,Pts+Rebs+Asts,27.5,TRUE,10/9/2026,12/30/1899,pre_game,WNBA,goblin,https://static.prizepicks.com/images/players/WNBA/Jackie_Young_WNBA_player_xMYZ7NbkZrdioerQcMdWBKG9.webp,15548781,29.5,51.09,48.91,,51.09,Over,https://www.freeiconspng.com/img/1934,,Yes,-4.5,156.6,Valkyries @ Aces,2026-10-10T01:30:00Z,Fri 09:30pm,N/A,N/A,Peacock/NBCSN,,,10/9/2026,29.5,,,,No,ATL,33.24,31,50.7427103,49.2572897,50,29.5,12,-0.0325,under,29.5,29.47,28.99,0,Push
A'ja WilsonPoints,A'ja WilsonPoints26.5,WNBA,237843,A'ja Wilson,C,LVA,Points,26.5,TRUE,10/9/2026,12/30/1899,pre_game,WNBA,goblin,https://static.prizepicks.com/images/players/WNBA/A'ja_Wilson_WNBA_player_e1fzWnin9JBoRKYaugxyyP08.webp,15564114,27.5,48.08,51.92,-5.89,51.92,Under,https://www.freeiconspng.com/img/1934,,Yes,-4.5,156.6,Valkyries @ Aces,2026-10-10T01:30:00Z,Fri 09:30pm,N/A,N/A,Peacock/NBCSN,,,10/9/2026,27.5,,,,No,ATL,48.39,32,48.6224968,51.3775032,50,27.5,4,0.2078,over,27.5,27.71,27.34,27.5,Push
A'ja WilsonPoints,A'ja WilsonPoints25.5,WNBA,237843,A'ja Wilson,C,LVA,Points,25.5,TRUE,10/9/2026,12/30/1899,pre_game,WNBA,goblin,https://static.prizepicks.com/images/players/WNBA/A'ja_Wilson_WNBA_player_e1fzWnin9JBoRKYaugxyyP08.webp,15548779,27.5,48.08,51.92,-5.89,51.92,Under,https://www.freeiconspng.com/img/1934,,Yes,-4.5,156.6,Valkyries @ Aces,2026-10-10T01:30:00Z,Fri 09:30pm,N/A,N/A,Peacock/NBCSN,,,10/9/2026,27.5,,,,No,ATL,48.39,32,49.39534057,50.60465943,50,27.5,4,0.2078,over,27.5,27.71,27.14,27.5,Push
A'ja WilsonPoints,A'ja WilsonPoints24.5,WNBA,237843,A'ja Wilson,C,LVA,Points,24.5,TRUE,10/9/2026,12/30/1899,pre_game,WNBA,goblin,https://static.prizepicks.com/images/players/WNBA/A'ja_Wilson_WNBA_player_e1fzWnin9JBoRKYaugxyyP08.webp,15547869,27.5,48.08,51.92,-5.89,51.92,Over,https://www.freeiconspng.com/img/1934,,Yes,-4.5,156.6,Valkyries @ Aces,2026-10-10T01:30:00Z,Fri 09:30pm,N/A,N/A,Peacock/NBCSN,,,10/9/2026,27.5,,,,No,ATL,48.39,32,50.18362462,49.81637538,50,27.5,4,0.2078,over,27.5,27.71,26.94,27.5,Best Bet
Gabby WilliamsPts+Rebs+Asts,Gabby WilliamsPts+Rebs+Asts24.5,WNBA,316568,Gabby Williams,F,GSV,Pts+Rebs+Asts,24.5,TRUE,10/9/2026,12/30/1899,pre_game,WNBA,goblin,https://static.prizepicks.com/images/manual/Gabby Williams .png,15548137,27.5,48.59,51.41,-6.4,51.41,Over,https://www.freeiconspng.com/img/1934,,,,,Valkyries @ Aces,2026-10-10T01:30:00Z,Fri 09:30pm,N/A,N/A,Peacock/NBCSN,,,10/9/2026,27.5,,,,No,,31.53,30,50.41312462,49.58687538,50,27.5,,0,,27.5,27.5,26.75,0,Push
Jackie YoungPts+Rebs+Asts,Jackie YoungPts+Rebs+Asts24.5,WNBA,237846,Jackie Young,G,LVA,Pts+Rebs+Asts,24.5,TRUE,10/9/2026,12/30/1899,pre_game,WNBA,goblin,https://static.prizepicks.com/images/players/WNBA/Jackie_Young_WNBA_player_xMYZ7NbkZrdioerQcMdWBKG9.webp,15548199,29.5,51.09,48.91,,51.09,Over,https://www.freeiconspng.com/img/1934,,Yes,-4.5,156.6,Valkyries @ Aces,2026-10-10T01:30:00Z,Fri 09:30pm,N/A,N/A,Peacock/NBCSN,,,10/9/2026,29.5,,,,No,ATL,33.24,31,53.08164473,46.91835527,53.08,29.5,12,-0.0325,under,29.5,29.47,28.24,0,Push
A'ja WilsonPts+Asts,A'ja WilsonPts+Asts24.5,WNBA,237843,A'ja Wilson,C,LVA,Pts+Asts,24.5,TRUE,10/9/2026,12/30/1899,pre_game,WNBA,goblin,https://static.prizepicks.com/images/players/WNBA/A'ja_Wilson_WNBA_player_e1fzWnin9JBoRKYaugxyyP08.webp,15548277,29.5,51.17,48.83,-5.73,51.17,Over,https://www.freeiconspng.com/img/1934,,Yes,-4.5,156.6,Valkyries @ Aces,2026-10-10T01:30:00Z,Fri 09:30pm,N/A,N/A,Peacock/NBCSN,,,10/9/2026,29.5,,,,No,ATL,48.39,32,53.11764473,46.88235527,53.12,29.5,2,1.9156,over,29.5,31.42,28.73,0,Push
Jackie YoungPts+Asts,Jackie YoungPts+Asts24.5,WNBA,237846,Jackie Young,G,LVA,Pts+Asts,24.5,TRUE,10/9/2026,12/30/1899,pre_game,WNBA,goblin,https://static.prizepicks.com/images/players/WNBA/Jackie_Young_WNBA_player_xMYZ7NbkZrdioerQcMdWBKG9.webp,15548384,25.5,49.93,50.07,-4.88,50.07,Under,https://www.freeiconspng.com/img/1934,,Yes,-4.5,156.6,Valkyries @ Aces,2026-10-10T01:30:00Z,Fri 09:30pm,N/A,N/A,Peacock/NBCSN,,,10/9/2026,25.5,,,,No,ATL,33.24,31,49.43983259,50.56016741,50,25.5,2,1.9156,over,25.5,27.42,25.73,0,Push
Chelsea GrayFantasyScore,Chelsea GrayFantasyScore23.5,WNBA,237845,Chelsea Gray,G,LVA,Fantasy Score,23.5,TRUE,10/9/2026,12/30/1899,pre_game,WNBA,goblin,https://static.prizepicks.com/images/players/WNBA/Chelsea_Gray_WNBA_player_GHqO0xzbwyTjQ6fOf5m0CHE4.webp,15563843,,,,,,Over,,,Yes,-4.5,156.6,Valkyries @ Aces,2026-10-10T01:30:00Z,Fri 09:30pm,N/A,N/A,Peacock/NBCSN,,,10/9/2026,26.17,,,,No,ATL,26.17,32,59.54,40.46,59.54,26.17,2,1.9156,over,26.17,28.09,26.5,28.55,Push
Chelsea GrayPts+Rebs+Asts,Chelsea GrayPts+Rebs+Asts20.5,WNBA,237845,Chelsea Gray,G,LVA,Pts+Rebs+Asts,20.5,TRUE,10/9/2026,12/30/1899,pre_game,WNBA,goblin,https://static.prizepicks.com/images/players/WNBA/Chelsea_Gray_WNBA_player_GHqO0xzbwyTjQ6fOf5m0CHE4.webp,15548381,21.5,50.08,49.92,-7.89,50.08,Under,https://www.freeiconspng.com/img/1934,,Yes,-4.5,156.6,Valkyries @ Aces,2026-10-10T01:30:00Z,Fri 09:30pm,N/A,N/A,Peacock/NBCSN,,,10/9/2026,21.5,,,,No,ATL,26.17,32,49.47186208,50.52813792,50,21.5,12,-0.0325,under,21.5,21.47,21.24,0,Push
Veronica BurtonFantasyScore,Veronica BurtonFantasyScore20.5,WNBA,238261,Veronica Burton,G,GSV,Fantasy Score,20.5,TRUE,10/9/2026,12/30/1899,pre_game,WNBA,goblin,https://static.prizepicks.com/images/players/WNBA/Veronica_Burton_WNBA_player_PgQhWXIUPjwd5ndjpucEaD8E.webp,15563851,,,,,,Over,,,,,,Valkyries @ Aces,2026-10-10T01:30:00Z,Fri 09:30pm,N/A,N/A,Peacock/NBCSN,,,10/9/2026,24.61,,,,No,,24.61,31,64.67,35.33,64.67,24.61,,0,,24.61,24.61,23.78,24.55,Push
Gabby WilliamsPts+Asts,Gabby WilliamsPts+Asts19.5,WNBA,316568,Gabby Williams,F,GSV,Pts+Asts,19.5,TRUE,10/9/2026,12/30/1899,pre_game,WNBA,goblin,https://static.prizepicks.com/images/manual/Gabby Williams .png,15548078,22.5,49.74,50.26,-4.9,50.26,Over,https://www.freeiconspng.com/img/1934,,,,,Valkyries @ Aces,2026-10-10T01:30:00Z,Fri 09:30pm,N/A,N/A,Peacock/NBCSN,,,10/9/2026,22.5,,,,No,,31.53,30,51.01890705,48.98109295,50,22.5,,0,,22.5,22.5,21.75,0,Push
Gabby WilliamsPts+Rebs+Asts,Gabby WilliamsPts+Rebs+Asts19.5,WNBA,316568,Gabby Williams,F,GSV,Pts+Rebs+Asts,19.5,TRUE,10/9/2026,12/30/1899,pre_game,WNBA,goblin,https://static.prizepicks.com/images/manual/Gabby Williams .png,15548139,27.5,48.59,51.41,-6.4,51.41,Over,https://www.freeiconspng.com/img/1934,,,,,Valkyries @ Aces,2026-10-10T01:30:00Z,Fri 09:30pm,N/A,N/A,Peacock/NBCSN,,,10/9/2026,27.5,,,,No,,31.53,30,54.57513581,45.42486419,54.58,27.5,,0,,27.5,27.5,25.5,0,Push
Gabby WilliamsPts+Rebs,Gabby WilliamsPts+Rebs19.5,WNBA,316568,Gabby Williams,F,GSV,Pts+Rebs,19.5,TRUE,10/9/2026,12/30/1899,pre_game,WNBA,goblin,https://static.prizepicks.com/images/manual/Gabby Williams .png,15548159,23.5,49.74,50.26,-4.49,50.26,Over,https://www.freeiconspng.com/img/1934,,,,,Valkyries @ Aces,2026-10-10T01:30:00Z,Fri 09:30pm,N/A,N/A,Peacock/NBCSN,,,10/9/2026,23.5,,,,No,,31.53,30,51.85849386,48.14150614,50,23.5,,0,,23.5,23.5,22.5,0,Push
A'ja WilsonPoints,A'ja WilsonPoints19.5,WNBA,237843,A'ja Wilson,C,LVA,Points,19.5,TRUE,10/9/2026,12/30/1899,pre_game,WNBA,goblin,https://static.prizepicks.com/images/players/WNBA/A'ja_Wilson_WNBA_player_e1fzWnin9JBoRKYaugxyyP08.webp,15548192,27.5,48.08,51.92,-5.89,51.92,Over,https://www.freeiconspng.com/img/1934,,Yes,-4.5,156.6,Valkyries @ Aces,2026-10-10T01:30:00Z,Fri 09:30pm,N/A,N/A,Peacock/NBCSN,,,10/9/2026,27.5,,,,No,ATL,48.39,32,54.34563581,45.65436419,54.35,27.5,4,0.2078,over,27.5,27.71,25.94,27.5,Ideal Bet
Jackie YoungPts+Asts,Jackie YoungPts+Asts19.5,WNBA,237846,Jackie Young,G,LVA,Pts+Asts,19.5,TRUE,10/9/2026,12/30/1899,pre_game,WNBA,goblin,https://static.prizepicks.com/images/players/WNBA/Jackie_Young_WNBA_player_xMYZ7NbkZrdioerQcMdWBKG9.webp,15548256,25.5,49.93,50.07,-4.88,50.07,Over,https://www.freeiconspng.com/img/1934,,Yes,-4.5,156.6,Valkyries @ Aces,2026-10-10T01:30:00Z,Fri 09:30pm,N/A,N/A,Peacock/NBCSN,,,10/9/2026,25.5,,,,No,ATL,33.24,31,53.58748851,46.41251149,53.59,25.5,2,1.9156,over,25.5,27.42,24.48,0,Push
Jackie YoungPts+Rebs,Jackie YoungPts+Rebs19.5,WNBA,237846,Jackie Young,G,LVA,Pts+Rebs,19.5,TRUE,10/9/2026,12/30/1899,pre_game,WNBA,goblin,https://static.prizepicks.com/images/players/WNBA/Jackie_Young_WNBA_player_xMYZ7NbkZrdioerQcMdWBKG9.webp,15548259,23.5,49.6,50.4,-5.16,50.4,Over,https://www.freeiconspng.com/img/1934,,Yes,-4.5,156.6,Valkyries @ Aces,2026-10-10T01:30:00Z,Fri 09:30pm,N/A,N/A,Peacock/NBCSN,,,10/9/2026,23.5,,,,No,ATL,33.24,31,51.79549386,48.20450614,50,23.5,12,-0.0325,under,23.5,23.47,22.49,0,Push
Chelsea GrayPts+Rebs+Asts,Chelsea GrayPts+Rebs+Asts19.5,WNBA,237845,Chelsea Gray,G,LVA,Pts+Rebs+Asts,19.5,TRUE,10/9/2026,12/30/1899,pre_game,WNBA,goblin,https://static.prizepicks.com/images/players/WNBA/Chelsea_Gray_WNBA_player_GHqO0xzbwyTjQ6fOf5m0CHE4.webp,15548423,21.5,50.08,49.92,-7.89,50.08,Over,https://www.freeiconspng.com/img/1934,,Yes,-4.5,156.6,Valkyries @ Aces,2026-10-10T01:30:00Z,Fri 09:30pm,N/A,N/A,Peacock/NBCSN,,,10/9/2026,21.5,,,,No,ATL,26.17,32,50.32163079,49.67836921,50,21.5,12,-0.0325,under,21.5,21.47,20.99,0,Push
Gabby WilliamsPoints,Gabby WilliamsPoints18.5,WNBA,316568,Gabby Williams,F,GSV,Points,18.5,TRUE,10/9/2026,12/30/1899,pre_game,WNBA,goblin,https://static.prizepicks.com/images/manual/Gabby Williams .png,15548815,19.25,46.73,53.27,,53.27,Under,https://www.freeiconspng.com/img/1934,,,,,Valkyries @ Aces,2026-10-10T01:30:00Z,Fri 09:30pm,N/A,N/A,Peacock/NBCSN,,,10/9/2026,19.25,,,,No,,31.53,30,47.72279079,52.27720921,52.28,19.25,,0,,19.25,19.25,19.15,19.5,Push
Gabby WilliamsPoints,Gabby WilliamsPoints17.5,WNBA,316568,Gabby Williams,F,GSV,Points,17.5,TRUE,10/9/2026,12/30/1899,pre_game,WNBA,goblin,https://static.prizepicks.com/images/manual/Gabby Williams .png,15548167,19.25,46.73,53.27,,53.27,Under,https://www.freeiconspng.com/img/1934,,,,,Valkyries @ Aces,2026-10-10T01:30:00Z,Fri 09:30pm,N/A,N/A,Peacock/NBCSN,,,10/9/2026,19.25,,,,No,,31.53,30,48.60277105,51.39722895,50,19.25,,0,,19.25,19.25,18.95,19.5,Push
Jackie YoungPoints,Jackie YoungPoints17.5,WNBA,237846,Jackie Young,G,LVA,Points,17.5,TRUE,10/9/2026,12/30/1899,pre_game,WNBA,goblin,https://static.prizepicks.com/images/players/WNBA/Jackie_Young_WNBA_player_xMYZ7NbkZrdioerQcMdWBKG9.webp,15548282,19.5,47.11,52.89,-4.92,52.89,Under,https://www.freeiconspng.com/img/1934,,Yes,-4.5,156.6,Valkyries @ Aces,2026-10-10T01:30:00Z,Fri 09:30pm,N/A,N/A,Peacock/NBCSN,,,10/9/2026,19.5,,,,No,ATL,33.24,31,48.9961345,51.0038655,50,19.5,4,0.2078,over,19.5,19.71,19.14,19.5,Push
A'ja WilsonFGAttempted,A'ja WilsonFGAttempted17.5,WNBA,237843,A'ja Wilson,C,LVA,FG Attempted,17.5,TRUE,10/9/2026,12/30/1899,pre_game,WNBA,goblin,https://static.prizepicks.com/images/players/WNBA/A'ja_Wilson_WNBA_player_e1fzWnin9JBoRKYaugxyyP08.webp,15598516,,,,,,,,,Yes,-4.5,156.6,Valkyries @ Aces,2026-10-10T01:30:00Z,Fri 09:30pm,N/A,N/A,Peacock/NBCSN,,,10/9/2026,,,,,No,ATL,48.39,32,,,,0,2,1.9156,over,0,1.92,9.71,0,Push
Veronica BurtonPts+Rebs+Asts,Veronica BurtonPts+Rebs+Asts16.5,WNBA,238261,Veronica Burton,G,GSV,Pts+Rebs+Asts,16.5,TRUE,10/9/2026,12/30/1899,pre_game,WNBA,goblin,https://static.prizepicks.com/images/players/WNBA/Veronica_Burton_WNBA_player_PgQhWXIUPjwd5ndjpucEaD8E.webp,15548783,18.5,50.5,49.5,,50.5,Over,https://www.freeiconspng.com/img/1934,,,,,Valkyries @ Aces,2026-10-10T01:30:00Z,Fri 09:30pm,N/A,N/A,Peacock/NBCSN,,,10/9/2026,18.5,,,,No,,24.61,31,50.5277072,49.4722928,50,18.5,,0,,18.5,18.5,18,0,Push
Jackie YoungPoints,Jackie YoungPoints15.5,WNBA,237846,Jackie Young,G,LVA,Points,15.5,TRUE,10/9/2026,12/30/1899,pre_game,WNBA,goblin,https://static.prizepicks.com/images/players/WNBA/Jackie_Young_WNBA_player_xMYZ7NbkZrdioerQcMdWBKG9.webp,15596908,19.5,47.11,52.89,-4.92,52.89,Over,https://www.freeiconspng.com/img/1934,,Yes,-4.5,156.6,Valkyries @ Aces,2026-10-10T01:30:00Z,Fri 09:30pm,N/A,N/A,Peacock/NBCSN,,,10/9/2026,19.5,,,,No,ATL,33.24,31,50.83299395,49.16700605,50,19.5,4,0.2078,over,19.5,19.71,18.74,19.5,Best Bet
Kiah StokesFantasyScore,Kiah StokesFantasyScore15,WNBA,317423,Kiah Stokes,C,GSV,Fantasy Score,15,TRUE,10/9/2026,12/30/1899,pre_game,WNBA,goblin,https://static.prizepicks.com/images/players/WNBA/Kiah_Stokes_WNBA_player_ndf93Nxv7e15yD38rl5xBPni.webp,15563834,,,,,,Over,,,,,,Valkyries @ Aces,2026-10-10T01:30:00Z,Fri 09:30pm,N/A,N/A,Peacock/NBCSN,,,10/9/2026,20.32,,,,No,,20.32,21,67.97,32.03,67.97,20.32,,0,,20.32,20.32,19.2,20.05,Push
Gabby WilliamsPoints,Gabby WilliamsPoints14.5,WNBA,316568,Gabby Williams,F,GSV,Points,14.5,TRUE,10/9/2026,12/30/1899,pre_game,WNBA,goblin,https://static.prizepicks.com/images/manual/Gabby Williams .png,15547965,19.25,46.73,53.27,,53.27,Over,https://www.freeiconspng.com/img/1934,,,,,Valkyries @ Aces,2026-10-10T01:30:00Z,Fri 09:30pm,N/A,N/A,Peacock/NBCSN,,,10/9/2026,19.25,,,,No,,31.53,30,51.39175573,48.60824427,50,19.25,,0,,19.25,19.25,18.35,19.5,Best Bet
Jackie YoungPoints,Jackie YoungPoints14.5,WNBA,237846,Jackie Young,G,LVA,Points,14.5,TRUE,10/9/2026,12/30/1899,pre_game,WNBA,goblin,https://static.prizepicks.com/images/players/WNBA/Jackie_Young_WNBA_player_xMYZ7NbkZrdioerQcMdWBKG9.webp,15548032,19.5,47.11,52.89,-4.92,52.89,Over,https://www.freeiconspng.com/img/1934,,Yes,-4.5,156.6,Valkyries @ Aces,2026-10-10T01:30:00Z,Fri 09:30pm,N/A,N/A,Peacock/NBCSN,,,10/9/2026,19.5,,,,No,ATL,33.24,31,51.78834901,48.21165099,50,19.5,4,0.2078,over,19.5,19.71,18.54,19.5,Best Bet
Veronica BurtonPts+Asts,Veronica BurtonPts+Asts14.5,WNBA,238261,Veronica Burton,G,GSV,Pts+Asts,14.5,TRUE,10/9/2026,12/30/1899,pre_game,WNBA,goblin,https://static.prizepicks.com/images/players/WNBA/Veronica_Burton_WNBA_player_PgQhWXIUPjwd5ndjpucEaD8E.webp,15548088,15.5,48.5,51.5,-5.76,51.5,Under,https://www.freeiconspng.com/img/1934,,,,,Valkyries @ Aces,2026-10-10T01:30:00Z,Fri 09:30pm,N/A,N/A,Peacock/NBCSN,,,10/9/2026,15.5,,,,No,,24.61,31,48.68813207,51.31186793,50,15.5,,0,,15.5,15.5,15.25,0,Push
Veronica BurtonPts+Rebs+Asts,Veronica BurtonPts+Rebs+Asts14.5,WNBA,238261,Veronica Burton,G,GSV,Pts+Rebs+Asts,14.5,TRUE,10/9/2026,12/30/1899,pre_game,WNBA,goblin,https://static.prizepicks.com/images/players/WNBA/Veronica_Burton_WNBA_player_PgQhWXIUPjwd5ndjpucEaD8E.webp,15548101,18.5,50.5,49.5,,50.5,Over,https://www.freeiconspng.com/img/1934,,,,,Valkyries @ Aces,2026-10-10T01:30:00Z,Fri 09:30pm,N/A,N/A,Peacock/NBCSN,,,10/9/2026,18.5,,,,No,,24.61,31,52.40526267,47.59473733,52.41,18.5,,0,,18.5,18.5,17.5,0,Push
Chelsea GrayPts+Asts,Chelsea GrayPts+Asts14.5,WNBA,237845,Chelsea Gray,G,LVA,Pts+Asts,14.5,TRUE,10/9/2026,12/30/1899,pre_game,WNBA,goblin,https://static.prizepicks.com/images/players/WNBA/Chelsea_Gray_WNBA_player_GHqO0xzbwyTjQ6fOf5m0CHE4.webp,15548226,18.5,47.55,52.45,-5.88,52.45,Over,https://www.freeiconspng.com/img/1934,,Yes,-4.5,156.6,Valkyries @ Aces,2026-10-10T01:30:00Z,Fri 09:30pm,N/A,N/A,Peacock/NBCSN,,,10/9/2026,18.5,,,,No,ATL,26.17,32,51.07776267,48.92223733,50,18.5,2,1.9156,over,18.5,20.42,17.98,0,Push
Gabby WilliamsFGAttempted,Gabby WilliamsFGAttempted14.5,WNBA,316568,Gabby Williams,F,GSV,FG Attempted,14.5,TRUE,10/9/2026,12/30/1899,pre_game,WNBA,goblin,https://static.prizepicks.com/images/manual/Gabby Williams .png,15598522,,,,,,,,,,,,Valkyries @ Aces,2026-10-10T01:30:00Z,Fri 09:30pm,N/A,N/A,Peacock/NBCSN,,,10/9/2026,,,,,No,,31.53,30,,,,0,,0,,0,0,14.5,0,Push
Chelsea GrayPts+Rebs,Chelsea GrayPts+Rebs14.5,WNBA,237845,Chelsea Gray,G,LVA,Pts+Rebs,14.5,TRUE,10/9/2026,12/30/1899,pre_game,WNBA,goblin,https://static.prizepicks.com/images/players/WNBA/Chelsea_Gray_WNBA_player_GHqO0xzbwyTjQ6fOf5m0CHE4.webp,15601723,15.25,48.88,51.12,-5.4,51.12,Under,https://www.freeiconspng.com/img/1934,,Yes,-4.5,156.6,Valkyries @ Aces,2026-10-10T01:30:00Z,Fri 09:30pm,N/A,N/A,Peacock/NBCSN,,,10/9/2026,15.25,,,,No,ATL,26.17,32,48.61887019,51.38112981,50,15.25,12,-0.0325,under,15.25,15.22,15.05,0,Push
Jackie YoungPoints,Jackie YoungPoints13.5,WNBA,237846,Jackie Young,G,LVA,Points,13.5,TRUE,10/9/2026,12/30/1899,pre_game,WNBA,goblin,https://static.prizepicks.com/images/players/WNBA/Jackie_Young_WNBA_player_xMYZ7NbkZrdioerQcMdWBKG9.webp,15548235,19.5,47.11,52.89,-4.92,52.89,Over,https://www.freeiconspng.com/img/1934,,Yes,-4.5,156.6,Valkyries @ Aces,2026-10-10T01:30:00Z,Fri 09:30pm,N/A,N/A,Peacock/NBCSN,,,10/9/2026,19.5,,,,No,ATL,33.24,31,52.76840649,47.23159351,52.77,19.5,4,0.2078,over,19.5,19.71,18.34,19.5,Best Bet
Gabby WilliamsPoints,Gabby WilliamsPoints12.5,WNBA,316568,Gabby Williams,F,GSV,Points,12.5,TRUE,10/9/2026,12/30/1899,pre_game,WNBA,goblin,https://static.prizepicks.com/images/manual/Gabby Williams .png,15548120,19.25,46.73,53.27,,53.27,Over,https://www.freeiconspng.com/img/1934,,,,,Valkyries @ Aces,2026-10-10T01:30:00Z,Fri 09:30pm,N/A,N/A,Peacock/NBCSN,,,10/9/2026,19.25,,,,No,,31.53,30,53.3767941,46.6232059,53.38,19.25,,0,,19.25,19.25,17.95,19.5,Best Bet
Kayla ThorntonPts+Rebs+Asts,Kayla ThorntonPts+Rebs+Asts12.5,WNBA,238102,Kayla Thornton,F,GSV,Pts+Rebs+Asts,12.5,TRUE,10/9/2026,12/30/1899,pre_game,WNBA,goblin,https://static.prizepicks.com/images/players/WNBA/Kayla_Thornton_WNBA_player_LW0QKyGiDE0bVq5F3TkgEtm8.webp,15591104,12.5,52.42,47.58,-10.23,52.42,Over,https://www.freeiconspng.com/img/1934,,,,,Valkyries @ Aces,2026-10-10T01:30:00Z,Fri 09:30pm,N/A,N/A,Peacock/NBCSN,,,10/9/2026,12.5,,,,No,,18,28,52.42,47.58,52.42,12.5,,0,,12.5,12.5,12.5,0,Push
Jackie YoungFGAttempted,Jackie YoungFGAttempted12.5,WNBA,237846,Jackie Young,G,LVA,FG Attempted,12.5,TRUE,10/9/2026,12/30/1899,pre_game,WNBA,goblin,https://static.prizepicks.com/images/players/WNBA/Jackie_Young_WNBA_player_xMYZ7NbkZrdioerQcMdWBKG9.webp,15598526,,,,,,,,,Yes,-4.5,156.6,Valkyries @ Aces,2026-10-10T01:30:00Z,Fri 09:30pm,N/A,N/A,Peacock/NBCSN,,,10/9/2026,,,,,No,ATL,33.24,31,,,,0,2,1.9156,over,0,1.92,7.21,0,Push
Tiffany HayesFantasyScore,Tiffany HayesFantasyScore12,WNBA,238101,Tiffany Hayes,G,GSV,Fantasy Score,12,TRUE,10/9/2026,12/30/1899,pre_game,WNBA,goblin,https://static.prizepicks.com/images/players/WNBA/Tiffany_Hayes_WNBA_player_JZ73QF6RKriqG7DeqAWWKcDH.webp,15563831,,,,,,Over,,,,,,Valkyries @ Aces,2026-10-10T01:30:00Z,Fri 09:30pm,N/A,N/A,Peacock/NBCSN,,,10/9/2026,14.27,,,,No,,14.27,20,58.38,41.62,58.38,14.27,,0,,14.27,14.27,14.27,16.55,Push
A'ja WilsonRebs+Asts,A'ja WilsonRebs+Asts11.5,WNBA,237843,A'ja Wilson,C,LVA,Rebs+Asts,11.5,TRUE,10/9/2026,12/30/1899,pre_game,WNBA,goblin,https://static.prizepicks.com/images/players/WNBA/A'ja_Wilson_WNBA_player_e1fzWnin9JBoRKYaugxyyP08.webp,15548214,12.5,50.88,49.12,-5.64,50.88,Under,https://www.freeiconspng.com/img/1934,,Yes,-4.5,156.6,Valkyries @ Aces,2026-10-10T01:30:00Z,Fri 09:30pm,N/A,N/A,Peacock/NBCSN,,,10/9/2026,12.5,,,,No,ATL,48.39,32,49.70792354,50.29207646,50,12.5,12,-0.0325,under,12.5,12.47,12.24,0,Push
Kiah StokesPts+Rebs+Asts,Kiah StokesPts+Rebs+Asts11.5,WNBA,317423,Kiah Stokes,C,GSV,Pts+Rebs+Asts,11.5,TRUE,10/9/2026,12/30/1899,pre_game,WNBA,goblin,https://static.prizepicks.com/images/players/WNBA/Kiah_Stokes_WNBA_player_ndf93Nxv7e15yD38rl5xBPni.webp,15548387,11.88,50.89,49.11,,50.89,Under,https://www.freeiconspng.com/img/1934,,,,,Valkyries @ Aces,2026-10-10T01:30:00Z,Fri 09:30pm,N/A,N/A,Peacock/NBCSN,,,10/9/2026,11.88,,,,No,,20.32,21,49.06603363,50.93396637,50,11.88,,0,,11.88,11.88,11.79,0,Push
Kayla ThorntonPts+Rebs,Kayla ThorntonPts+Rebs11.5,WNBA,238102,Kayla Thornton,F,GSV,Pts+Rebs,11.5,TRUE,10/9/2026,12/30/1899,pre_game,WNBA,goblin,https://static.prizepicks.com/images/players/WNBA/Kayla_Thornton_WNBA_player_LW0QKyGiDE0bVq5F3TkgEtm8.webp,15550516,12.5,48.24,51.76,-5.5,51.76,Under,https://www.freeiconspng.com/img/1934,,,,,Valkyries @ Aces,2026-10-10T01:30:00Z,Fri 09:30pm,N/A,N/A,Peacock/NBCSN,,,10/9/2026,12.5,,,,No,,18,28,48.51992354,51.48007646,50,12.5,,0,,12.5,12.5,12.25,0,Push
Kayla ThorntonFantasyScore,Kayla ThorntonFantasyScore11,WNBA,238102,Kayla Thornton,F,GSV,Fantasy Score,11,TRUE,10/9/2026,12/30/1899,pre_game,WNBA,goblin,https://static.prizepicks.com/images/players/WNBA/Kayla_Thornton_WNBA_player_LW0QKyGiDE0bVq5F3TkgEtm8.webp,15563840,,,,,,Over,,,,,,Valkyries @ Aces,2026-10-10T01:30:00Z,Fri 09:30pm,N/A,N/A,Peacock/NBCSN,,,10/9/2026,18,,,,No,,18,28,72.26,27.74,72.26,18,,0,,18,18,16.11,15.55,Push
Tiffany HayesPts+Rebs+Asts,Tiffany HayesPts+Rebs+Asts10.5,WNBA,238101,Tiffany Hayes,G,GSV,Pts+Rebs+Asts,10.5,TRUE,10/9/2026,12/30/1899,pre_game,WNBA,goblin,https://static.prizepicks.com/images/players/WNBA/Tiffany_Hayes_WNBA_player_JZ73QF6RKriqG7DeqAWWKcDH.webp,15548776,12.94,48.55,51.45,-6.36,51.45,Over,https://www.freeiconspng.com/img/1934,,,,,Valkyries @ Aces,2026-10-10T01:30:00Z,Fri 09:30pm,N/A,N/A,Peacock/NBCSN,,,10/9/2026,12.94,,,,No,,14.27,20,50.15887595,49.84112405,50,12.94,,0,,12.94,12.94,12.33,0,Push
Kayla ThorntonPts+Rebs+Asts,Kayla ThorntonPts+Rebs+Asts10.5,WNBA,238102,Kayla Thornton,F,GSV,Pts+Rebs+Asts,10.5,TRUE,10/9/2026,12/30/1899,pre_game,WNBA,goblin,https://static.prizepicks.com/images/players/WNBA/Kayla_Thornton_WNBA_player_LW0QKyGiDE0bVq5F3TkgEtm8.webp,15548798,12.5,52.42,47.58,-10.23,52.42,Over,https://www.freeiconspng.com/img/1934,,,,,Valkyries @ Aces,2026-10-10T01:30:00Z,Fri 09:30pm,N/A,N/A,Peacock/NBCSN,,,10/9/2026,12.5,,,,No,,18,28,51.44017268,48.55982732,50,12.5,,0,,12.5,12.5,12,0,Push
Chelsea GrayPoints,Chelsea GrayPoints10.5,WNBA,237845,Chelsea Gray,G,LVA,Points,10.5,TRUE,10/9/2026,12/30/1899,pre_game,WNBA,goblin,https://static.prizepicks.com/images/players/WNBA/Chelsea_Gray_WNBA_player_GHqO0xzbwyTjQ6fOf5m0CHE4.webp,15596909,11.5,51.41,48.59,-9.22,51.41,Under,https://www.freeiconspng.com/img/1934,,Yes,-4.5,156.6,Valkyries @ Aces,2026-10-10T01:30:00Z,Fri 09:30pm,N/A,N/A,Peacock/NBCSN,,,10/9/2026,11.5,,,,No,ATL,26.17,32,49.92584579,50.07415421,50,11.5,4,0.2078,over,11.5,11.71,11.34,11.5,Push
Stephanie TalbotFantasyScore,Stephanie TalbotFantasyScore10,WNBA,317883,Stephanie Talbot,F,LVA,Fantasy Score,10,TRUE,10/9/2026,12/30/1899,pre_game,WNBA,goblin,https://static.prizepicks.com/images/players/WNBA/Stephanie_Talbot_WNBA_player_v6hnGHVjDs3ZNq5tDauoy5Dk.webp,15563853,,,,,,Over,,,Yes,-4.5,156.6,Valkyries @ Aces,2026-10-10T01:30:00Z,Fri 09:30pm,N/A,N/A,Peacock/NBCSN,,,10/9/2026,13.5,,,,No,ATL,13.5,20,64.44,35.56,64.44,13.5,2,1.9156,over,13.5,15.42,13.39,14.55,Push
Kiah StokesPts+Rebs,Kiah StokesPts+Rebs9.5,WNBA,317423,Kiah Stokes,C,GSV,Pts+Rebs,9.5,TRUE,10/9/2026,12/30/1899,pre_game,WNBA,goblin,https://static.prizepicks.com/images/players/WNBA/Kiah_Stokes_WNBA_player_ndf93Nxv7e15yD38rl5xBPni.webp,15547832,10.5,49.41,50.59,-35.9,50.59,Under,https://www.freeiconspng.com/img/1934,,,,,Valkyries @ Aces,2026-10-10T01:30:00Z,Fri 09:30pm,N/A,N/A,Peacock/NBCSN,,,10/9/2026,10.5,,,,No,,20.32,21,49.00292892,50.99707108,50,10.5,,0,,10.5,10.5,10.25,0,Push
Veronica BurtonPoints,Veronica BurtonPoints9.5,WNBA,238261,Veronica Burton,G,GSV,Points,9.5,TRUE,10/9/2026,12/30/1899,pre_game,WNBA,goblin,https://static.prizepicks.com/images/players/WNBA/Veronica_Burton_WNBA_player_PgQhWXIUPjwd5ndjpucEaD8E.webp,15547895,10.5,47.02,52.98,,52.98,Under,https://www.freeiconspng.com/img/1934,,,,,Valkyries @ Aces,2026-10-10T01:30:00Z,Fri 09:30pm,N/A,N/A,Peacock/NBCSN,,,10/9/2026,10.5,,,,No,,24.61,31,47.92742892,52.07257108,52.07,10.5,,0,,10.5,10.5,10.25,0,Push
A'ja WilsonRebounds,A'ja WilsonRebounds9.5,WNBA,237843,A'ja Wilson,C,LVA,Rebounds,9.5,TRUE,10/9/2026,12/30/1899,pre_game,WNBA,goblin,https://static.prizepicks.com/images/players/WNBA/A'ja_Wilson_WNBA_player_e1fzWnin9JBoRKYaugxyyP08.webp,15547898,10.29,45.91,54.09,,54.09,Under,https://www.freeiconspng.com/img/1934,,Yes,-4.5,156.6,Valkyries @ Aces,2026-10-10T01:30:00Z,Fri 09:30pm,N/A,N/A,Peacock/NBCSN,,,10/9/2026,10.29,,,,No,ATL,48.39,32,47.19559896,52.80440104,52.8,10.29,12,-0.0325,under,10.29,10.26,10.17,10.5,Push
Chelsea GrayPoints,Chelsea GrayPoints9.5,WNBA,237845,Chelsea Gray,G,LVA,Points,9.5,TRUE,10/9/2026,12/30/1899,pre_game,WNBA,goblin,https://static.prizepicks.com/images/players/WNBA/Chelsea_Gray_WNBA_player_GHqO0xzbwyTjQ6fOf5m0CHE4.webp,15547984,11.5,51.41,48.59,-9.22,51.41,Over,https://www.freeiconspng.com/img/1934,,Yes,-4.5,156.6,Valkyries @ Aces,2026-10-10T01:30:00Z,Fri 09:30pm,N/A,N/A,Peacock/NBCSN,,,10/9/2026,11.5,,,,No,ATL,26.17,32,50.9967607,49.0032393,50,11.5,4,0.2078,over,11.5,11.71,11.14,11.5,Best Bet
Veronica BurtonPts+Rebs,Veronica BurtonPts+Rebs9.5,WNBA,238261,Veronica Burton,G,GSV,Pts+Rebs,9.5,TRUE,10/9/2026,12/30/1899,pre_game,WNBA,goblin,https://static.prizepicks.com/images/players/WNBA/Veronica_Burton_WNBA_player_PgQhWXIUPjwd5ndjpucEaD8E.webp,15548071,13.5,50.4,49.6,-3.73,50.4,Over,https://www.freeiconspng.com/img/1934,,,,,Valkyries @ Aces,2026-10-10T01:30:00Z,Fri 09:30pm,N/A,N/A,Peacock/NBCSN,,,10/9/2026,13.5,,,,No,,24.61,31,52.66301717,47.33698283,52.66,13.5,,0,,13.5,13.5,12.5,0,Push
Kayla ThorntonPts+Rebs+Asts,Kayla ThorntonPts+Rebs+Asts9.5,WNBA,238102,Kayla Thornton,F,GSV,Pts+Rebs+Asts,9.5,TRUE,10/9/2026,12/30/1899,pre_game,WNBA,goblin,https://static.prizepicks.com/images/players/WNBA/Kayla_Thornton_WNBA_player_LW0QKyGiDE0bVq5F3TkgEtm8.webp,15548073,12.5,52.42,47.58,-10.23,52.42,Over,https://www.freeiconspng.com/img/1934,,,,,Valkyries @ Aces,2026-10-10T01:30:00Z,Fri 09:30pm,N/A,N/A,Peacock/NBCSN,,,10/9/2026,12.5,,,,No,,18,28,52.52326022,47.47673978,52.52,12.5,,0,,12.5,12.5,11.75,0,Push
Kayla ThorntonPts+Rebs,Kayla ThorntonPts+Rebs9.5,WNBA,238102,Kayla Thornton,F,GSV,Pts+Rebs,9.5,TRUE,10/9/2026,12/30/1899,pre_game,WNBA,goblin,https://static.prizepicks.com/images/players/WNBA/Kayla_Thornton_WNBA_player_LW0QKyGiDE0bVq5F3TkgEtm8.webp,15548080,12.5,48.24,51.76,-5.5,51.76,Over,https://www.freeiconspng.com/img/1934,,,,,Valkyries @ Aces,2026-10-10T01:30:00Z,Fri 09:30pm,N/A,N/A,Peacock/NBCSN,,,10/9/2026,12.5,,,,No,,18,28,50.64226022,49.35773978,50,12.5,,0,,12.5,12.5,11.75,0,Push
Kiah StokesPts+Rebs+Asts,Kiah StokesPts+Rebs+Asts9.5,WNBA,317423,Kiah Stokes,C,GSV,Pts+Rebs+Asts,9.5,TRUE,10/9/2026,12/30/1899,pre_game,WNBA,goblin,https://static.prizepicks.com/images/players/WNBA/Kiah_Stokes_WNBA_player_ndf93Nxv7e15yD38rl5xBPni.webp,15548087,11.88,50.89,49.11,,50.89,Over,https://www.freeiconspng.com/img/1934,,,,,Valkyries @ Aces,2026-10-10T01:30:00Z,Fri 09:30pm,N/A,N/A,Peacock/NBCSN,,,10/9/2026,11.88,,,,No,,20.32,21,51.17277351,48.82722649,50,11.88,,0,,11.88,11.88,11.29,0,Push
Jackie YoungRebs+Asts,Jackie YoungRebs+Asts9.5,WNBA,237846,Jackie Young,G,LVA,Rebs+Asts,9.5,TRUE,10/9/2026,12/30/1899,pre_game,WNBA,goblin,https://static.prizepicks.com/images/players/WNBA/Jackie_Young_WNBA_player_xMYZ7NbkZrdioerQcMdWBKG9.webp,15548193,10.5,50.07,49.93,-4.68,50.07,Under,https://www.freeiconspng.com/img/1934,,Yes,-4.5,156.6,Valkyries @ Aces,2026-10-10T01:30:00Z,Fri 09:30pm,N/A,N/A,Peacock/NBCSN,,,10/9/2026,10.5,,,,No,ATL,33.24,31,49.29992892,50.70007108,50,10.5,12,-0.0325,under,10.5,10.47,10.24,0,Push
A'ja WilsonRebs+Asts,A'ja WilsonRebs+Asts9.5,WNBA,237843,A'ja Wilson,C,LVA,Rebs+Asts,9.5,TRUE,10/9/2026,12/30/1899,pre_game,WNBA,goblin,https://static.prizepicks.com/images/players/WNBA/A'ja_Wilson_WNBA_player_e1fzWnin9JBoRKYaugxyyP08.webp,15548220,12.5,50.88,49.12,-5.64,50.88,Over,https://www.freeiconspng.com/img/1934,,Yes,-4.5,156.6,Valkyries @ Aces,2026-10-10T01:30:00Z,Fri 09:30pm,N/A,N/A,Peacock/NBCSN,,,10/9/2026,12.5,,,,No,ATL,48.39,32,51.83026022,48.16973978,50,12.5,12,-0.0325,under,12.5,12.47,11.74,0,Push
Chelsea GrayPts+Rebs,Chelsea GrayPts+Rebs9.5,WNBA,237845,Chelsea Gray,G,LVA,Pts+Rebs,9.5,TRUE,10/9/2026,12/30/1899,pre_game,WNBA,goblin,https://static.prizepicks.com/images/players/WNBA/Chelsea_Gray_WNBA_player_GHqO0xzbwyTjQ6fOf5m0CHE4.webp,15548231,15.25,48.88,51.12,-5.4,51.12,Over,https://www.freeiconspng.com/img/1934,,Yes,-4.5,156.6,Valkyries @ Aces,2026-10-10T01:30:00Z,Fri 09:30pm,N/A,N/A,Peacock/NBCSN,,,10/9/2026,15.25,,,,No,ATL,26.17,32,53.75491188,46.24508812,53.75,15.25,12,-0.0325,under,15.25,15.22,13.8,0,Push
Stephanie TalbotPts+Rebs+Asts,Stephanie TalbotPts+Rebs+Asts9.5,WNBA,317883,Stephanie Talbot,F,LVA,Pts+Rebs+Asts,9.5,TRUE,10/9/2026,12/30/1899,pre_game,WNBA,goblin,https://static.prizepicks.com/images/players/WNBA/Stephanie_Talbot_WNBA_player_v6hnGHVjDs3ZNq5tDauoy5Dk.webp,15548374,10.5,51.28,48.72,,51.28,Under,https://www.freeiconspng.com/img/1934,,Yes,-4.5,156.6,Valkyries @ Aces,2026-10-10T01:30:00Z,Fri 09:30pm,N/A,N/A,Peacock/NBCSN,,,10/9/2026,10.5,,,,No,ATL,13.5,20,49.84442892,50.15557108,50,10.5,12,-0.0325,under,10.5,10.47,10.24,0,Push
Tiffany HayesPts+Asts,Tiffany HayesPts+Asts9.5,WNBA,238101,Tiffany Hayes,G,GSV,Pts+Asts,9.5,TRUE,10/9/2026,12/30/1899,pre_game,WNBA,goblin,https://static.prizepicks.com/images/players/WNBA/Tiffany_Hayes_WNBA_player_JZ73QF6RKriqG7DeqAWWKcDH.webp,15548497,10.5,50.1,49.9,-7.91,50.1,Under,https://www.freeiconspng.com/img/1934,,,,,Valkyries @ Aces,2026-10-10T01:30:00Z,Fri 09:30pm,N/A,N/A,Peacock/NBCSN,,,10/9/2026,10.5,,,,No,,14.27,20,49.31342892,50.68657108,50,10.5,,0,,10.5,10.5,10.25,0,Push
Tiffany HayesPts+Rebs,Tiffany HayesPts+Rebs9.5,WNBA,238101,Tiffany Hayes,G,GSV,Pts+Rebs,9.5,TRUE,10/9/2026,12/30/1899,pre_game,WNBA,goblin,https://static.prizepicks.com/images/players/WNBA/Tiffany_Hayes_WNBA_player_JZ73QF6RKriqG7DeqAWWKcDH.webp,15548744,10.5,50.1,49.9,-7.91,50.1,Under,https://www.freeiconspng.com/img/1934,,,,,Valkyries @ Aces,2026-10-10T01:30:00Z,Fri 09:30pm,N/A,N/A,Peacock/NBCSN,,,10/9/2026,10.5,,,,No,,14.27,20,49.31342892,50.68657108,50,10.5,,0,,10.5,10.5,10.25,0,Push
Tiffany HayesPts+Rebs+Asts,Tiffany HayesPts+Rebs+Asts9.5,WNBA,238101,Tiffany Hayes,G,GSV,Pts+Rebs+Asts,9.5,TRUE,10/9/2026,12/30/1899,pre_game,WNBA,goblin,https://static.prizepicks.com/images/players/WNBA/Tiffany_Hayes_WNBA_player_JZ73QF6RKriqG7DeqAWWKcDH.webp,15548745,12.94,48.55,51.45,-6.36,51.45,Over,https://www.freeiconspng.com/img/1934,,,,,Valkyries @ Aces,2026-10-10T01:30:00Z,Fri 09:30pm,N/A,N/A,Peacock/NBCSN,,,10/9/2026,12.94,,,,No,,14.27,20,51.24615248,48.75384752,50,12.94,,0,,12.94,12.94,12.08,0,Push
Chelsea GrayFGAttempted,Chelsea GrayFGAttempted9.5,WNBA,237845,Chelsea Gray,G,LVA,FG Attempted,9.5,TRUE,10/9/2026,12/30/1899,pre_game,WNBA,goblin,https://static.prizepicks.com/images/players/WNBA/Chelsea_Gray_WNBA_player_GHqO0xzbwyTjQ6fOf5m0CHE4.webp,15598523,,,,,,,,,Yes,-4.5,156.6,Valkyries @ Aces,2026-10-10T01:30:00Z,Fri 09:30pm,N/A,N/A,Peacock/NBCSN,,,10/9/2026,,,,,No,ATL,26.17,32,,,,0,2,1.9156,over,0,1.92,5.71,0,Push
Jewell LoydFantasyScore,Jewell LoydFantasyScore9,WNBA,237844,Jewell Loyd,G,LVA,Fantasy Score,9,TRUE,10/9/2026,12/30/1899,pre_game,WNBA,goblin,https://static.prizepicks.com/images/players/WNBA/Jewell_Loyd_WNBA_player_kl6eTaXsduFI7E6eDj4QuueY.webp,15563854,,,,,,Over,,,Yes,-4.5,156.6,Valkyries @ Aces,2026-10-10T01:30:00Z,Fri 09:30pm,N/A,N/A,Peacock/NBCSN,,,10/9/2026,16.73,,,,No,ATL,16.73,28,73.5,26.5,73.5,16.73,2,1.9156,over,16.73,18.65,14.93,13.55,Push
Chelsea GrayRebs+Asts,Chelsea GrayRebs+Asts8.5,WNBA,237845,Chelsea Gray,G,LVA,Rebs+Asts,8.5,TRUE,10/9/2026,12/30/1899,pre_game,WNBA,goblin,https://static.prizepicks.com/images/players/WNBA/Chelsea_Gray_WNBA_player_GHqO0xzbwyTjQ6fOf5m0CHE4.webp,15548248,9.5,48.91,51.09,-5.81,51.09,Under,https://www.freeiconspng.com/img/1934,,Yes,-4.5,156.6,Valkyries @ Aces,2026-10-10T01:30:00Z,Fri 09:30pm,N/A,N/A,Peacock/NBCSN,,,10/9/2026,9.5,,,,No,ATL,26.17,32,48.75215285,51.24784715,50,9.5,12,-0.0325,under,9.5,9.47,9.24,0,Push
A'ja WilsonRebounds,A'ja WilsonRebounds8.5,WNBA,237843,A'ja Wilson,C,LVA,Rebounds,8.5,TRUE,10/9/2026,12/30/1899,pre_game,WNBA,goblin,https://static.prizepicks.com/images/players/WNBA/A'ja_Wilson_WNBA_player_e1fzWnin9JBoRKYaugxyyP08.webp,15548284,10.29,45.91,54.09,,54.09,Under,https://www.freeiconspng.com/img/1934,,Yes,-4.5,156.6,Valkyries @ Aces,2026-10-10T01:30:00Z,Fri 09:30pm,N/A,N/A,Peacock/NBCSN,,,10/9/2026,10.29,,,,No,ATL,48.39,32,48.29845126,51.70154874,50,10.29,12,-0.0325,under,10.29,10.26,9.97,10.5,Push
Stephanie TalbotPts+Rebs+Asts,Stephanie TalbotPts+Rebs+Asts8.5,WNBA,317883,Stephanie Talbot,F,LVA,Pts+Rebs+Asts,8.5,TRUE,10/9/2026,12/30/1899,pre_game,WNBA,goblin,https://static.prizepicks.com/images/players/WNBA/Stephanie_Talbot_WNBA_player_v6hnGHVjDs3ZNq5tDauoy5Dk.webp,15548775,10.5,51.28,48.72,,51.28,Over,https://www.freeiconspng.com/img/1934,,Yes,-4.5,156.6,Valkyries @ Aces,2026-10-10T01:30:00Z,Fri 09:30pm,N/A,N/A,Peacock/NBCSN,,,10/9/2026,10.5,,,,No,ATL,13.5,20,50.95069299,49.04930701,50,10.5,12,-0.0325,under,10.5,10.47,9.99,0,Push
Veronica BurtonPoints,Veronica BurtonPoints8.5,WNBA,238261,Veronica Burton,G,GSV,Points,8.5,TRUE,10/9/2026,12/30/1899,pre_game,WNBA,goblin,https://static.prizepicks.com/images/players/WNBA/Veronica_Burton_WNBA_player_PgQhWXIUPjwd5ndjpucEaD8E.webp,15548802,10.5,47.02,52.98,,52.98,Under,https://www.freeiconspng.com/img/1934,,,,,Valkyries @ Aces,2026-10-10T01:30:00Z,Fri 09:30pm,N/A,N/A,Peacock/NBCSN,,,10/9/2026,10.5,,,,No,,24.61,31,49.03369299,50.96630701,50,10.5,,0,,10.5,10.5,10,0,Push
Cecilia ZandalasiniPts+Rebs+Asts,Cecilia ZandalasiniPts+Rebs+Asts8.5,WNBA,249153,Cecilia Zandalasini,F,GSV,Pts+Rebs+Asts,8.5,TRUE,10/9/2026,12/30/1899,pre_game,WNBA,goblin,https://static.prizepicks.com/images/players/WNBA/Cecilia_Zandalasini_WNBA_player_J9EZms55fyBgGOFTRR36l10v.webp,15589536,9.69,51.94,48.06,,51.94,Over,https://www.freeiconspng.com/img/1934,,,,,Valkyries @ Aces,2026-10-10T01:30:00Z,Fri 09:30pm,N/A,N/A,Peacock/NBCSN,,,10/9/2026,9.69,,,,No,,11.81,17,50.3325579,49.6674421,50,9.69,,0,,9.69,9.69,9.39,0,Push
Chelsea GrayPoints,Chelsea GrayPoints8.5,WNBA,237845,Chelsea Gray,G,LVA,Points,8.5,TRUE,10/9/2026,12/30/1899,pre_game,WNBA,goblin,https://static.prizepicks.com/images/players/WNBA/Chelsea_Gray_WNBA_player_GHqO0xzbwyTjQ6fOf5m0CHE4.webp,15596906,11.5,51.41,48.59,-9.22,51.41,Over,https://www.freeiconspng.com/img/1934,,Yes,-4.5,156.6,Valkyries @ Aces,2026-10-10T01:30:00Z,Fri 09:30pm,N/A,N/A,Peacock/NBCSN,,,10/9/2026,11.5,,,,No,ATL,26.17,32,52.11665916,47.88334084,52.12,11.5,4,0.2078,over,11.5,11.71,10.94,11.5,Best Bet
A'ja WilsonRebounds,A'ja WilsonRebounds7.5,WNBA,237843,A'ja Wilson,C,LVA,Rebounds,7.5,TRUE,10/9/2026,12/30/1899,pre_game,WNBA,goblin,https://static.prizepicks.com/images/players/WNBA/A'ja_Wilson_WNBA_player_e1fzWnin9JBoRKYaugxyyP08.webp,15547899,10.29,45.91,54.09,,54.09,Under,https://www.freeiconspng.com/img/1934,,Yes,-4.5,156.6,Valkyries @ Aces,2026-10-10T01:30:00Z,Fri 09:30pm,N/A,N/A,Peacock/NBCSN,,,10/9/2026,10.29,,,,No,ATL,48.39,32,49.45719523,50.54280477,50,10.29,12,-0.0325,under,10.29,10.26,9.77,10.5,Push
Gabby WilliamsRebs+Asts,Gabby WilliamsRebs+Asts7.5,WNBA,316568,Gabby Williams,F,GSV,Rebs+Asts,7.5,TRUE,10/9/2026,12/30/1899,pre_game,WNBA,goblin,https://static.prizepicks.com/images/manual/Gabby Williams .png,15548052,7.5,54.07,45.93,-5.61,54.07,Over,https://www.freeiconspng.com/img/1934,,,,,Valkyries @ Aces,2026-10-10T01:30:00Z,Fri 09:30pm,N/A,N/A,Peacock/NBCSN,,,10/9/2026,7.5,,,,No,,31.53,30,54.07,45.93,54.07,7.5,,0,,7.5,7.5,7.5,0,Push
Veronica BurtonRebs+Asts,Veronica BurtonRebs+Asts7.5,WNBA,238261,Veronica Burton,G,GSV,Rebs+Asts,7.5,TRUE,10/9/2026,12/30/1899,pre_game,WNBA,goblin,https://static.prizepicks.com/images/players/WNBA/Veronica_Burton_WNBA_player_PgQhWXIUPjwd5ndjpucEaD8E.webp,15548089,8.5,49.17,50.83,-5.69,50.83,Under,https://www.freeiconspng.com/img/1934,,,,,Valkyries @ Aces,2026-10-10T01:30:00Z,Fri 09:30pm,N/A,N/A,Peacock/NBCSN,,,10/9/2026,8.5,,,,No,,24.61,31,48.83981015,51.16018985,50,8.5,,0,,8.5,8.5,8.25,0,Push
Kiah StokesRebs+Asts,Kiah StokesRebs+Asts7.5,WNBA,317423,Kiah Stokes,C,GSV,Rebs+Asts,7.5,TRUE,10/9/2026,12/30/1899,pre_game,WNBA,goblin,https://static.prizepicks.com/images/players/WNBA/Kiah_Stokes_WNBA_player_ndf93Nxv7e15yD38rl5xBPni.webp,15548151,9.5,46.38,53.62,-4.19,53.62,Under,https://www.freeiconspng.com/img/1934,,,,,Valkyries @ Aces,2026-10-10T01:30:00Z,Fri 09:30pm,N/A,N/A,Peacock/NBCSN,,,10/9/2026,9.5,,,,No,,20.32,21,48.75979132,51.24020868,50,9.5,,0,,9.5,9.5,9,0,Push
Veronica BurtonPoints,Veronica BurtonPoints7.5,WNBA,238261,Veronica Burton,G,GSV,Points,7.5,TRUE,10/9/2026,12/30/1899,pre_game,WNBA,goblin,https://static.prizepicks.com/images/players/WNBA/Veronica_Burton_WNBA_player_PgQhWXIUPjwd5ndjpucEaD8E.webp,15548152,10.5,47.02,52.98,,52.98,Over,https://www.freeiconspng.com/img/1934,,,,,Valkyries @ Aces,2026-10-10T01:30:00Z,Fri 09:30pm,N/A,N/A,Peacock/NBCSN,,,10/9/2026,10.5,,,,No,,24.61,31,50.1952718,49.8047282,50,10.5,,0,,10.5,10.5,9.75,0,Push
Jackie YoungRebs+Asts,Jackie YoungRebs+Asts7.5,WNBA,237846,Jackie Young,G,LVA,Rebs+Asts,7.5,TRUE,10/9/2026,12/30/1899,pre_game,WNBA,goblin,https://static.prizepicks.com/images/players/WNBA/Jackie_Young_WNBA_player_xMYZ7NbkZrdioerQcMdWBKG9.webp,15548234,10.5,50.07,49.93,-4.68,50.07,Over,https://www.freeiconspng.com/img/1934,,Yes,-4.5,156.6,Valkyries @ Aces,2026-10-10T01:30:00Z,Fri 09:30pm,N/A,N/A,Peacock/NBCSN,,,10/9/2026,10.5,,,,No,ATL,33.24,31,51.5677718,48.4322282,50,10.5,12,-0.0325,under,10.5,10.47,9.74,0,Push
Chelsea GrayRebs+Asts,Chelsea GrayRebs+Asts7.5,WNBA,237845,Chelsea Gray,G,LVA,Rebs+Asts,7.5,TRUE,10/9/2026,12/30/1899,pre_game,WNBA,goblin,https://static.prizepicks.com/images/players/WNBA/Chelsea_Gray_WNBA_player_GHqO0xzbwyTjQ6fOf5m0CHE4.webp,15548251,9.5,48.91,51.09,-5.81,51.09,Under,https://www.freeiconspng.com/img/1934,,Yes,-4.5,156.6,Valkyries @ Aces,2026-10-10T01:30:00Z,Fri 09:30pm,N/A,N/A,Peacock/NBCSN,,,10/9/2026,9.5,,,,No,ATL,26.17,32,49.89829132,50.10170868,50,9.5,12,-0.0325,under,9.5,9.47,8.99,0,Push
Chelsea GrayPoints,Chelsea GrayPoints7.5,WNBA,237845,Chelsea Gray,G,LVA,Points,7.5,TRUE,10/9/2026,12/30/1899,pre_game,WNBA,goblin,https://static.prizepicks.com/images/players/WNBA/Chelsea_Gray_WNBA_player_GHqO0xzbwyTjQ6fOf5m0CHE4.webp,15548268,11.5,51.41,48.59,-9.22,51.41,Over,https://www.freeiconspng.com/img/1934,,Yes,-4.5,156.6,Valkyries @ Aces,2026-10-10T01:30:00Z,Fri 09:30pm,N/A,N/A,Peacock/NBCSN,,,10/9/2026,11.5,,,,No,ATL,26.17,32,53.2888864,46.7111136,53.29,11.5,4,0.2078,over,11.5,11.71,10.74,11.5,Best Bet
Tiffany HayesPoints,Tiffany HayesPoints7.5,WNBA,238101,Tiffany Hayes,G,GSV,Points,7.5,TRUE,10/9/2026,12/30/1899,pre_game,WNBA,goblin,https://static.prizepicks.com/images/players/WNBA/Tiffany_Hayes_WNBA_player_JZ73QF6RKriqG7DeqAWWKcDH.webp,15548478,8.5,50.22,49.78,-8.03,50.22,Under,https://www.freeiconspng.com/img/1934,,,,,Valkyries @ Aces,2026-10-10T01:30:00Z,Fri 09:30pm,N/A,N/A,Peacock/NBCSN,,,10/9/2026,8.5,,,,No,,14.27,20,49.31231015,50.68768985,50,8.5,,0,,8.5,8.5,8.3,8.5,Push
Kiah StokesRebounds,Kiah StokesRebounds6.5,WNBA,317423,Kiah Stokes,C,GSV,Rebounds,6.5,TRUE,10/9/2026,12/30/1899,pre_game,WNBA,goblin,https://static.prizepicks.com/images/players/WNBA/Kiah_Stokes_WNBA_player_ndf93Nxv7e15yD38rl5xBPni.webp,15548168,7.5,51.78,48.22,-9.59,51.78,Under,https://www.freeiconspng.com/img/1934,,,,,Valkyries @ Aces,2026-10-10T01:30:00Z,Fri 09:30pm,N/A,N/A,Peacock/NBCSN,,,10/9/2026,7.5,,,,No,,20.32,21,49.98040531,50.01959469,50,7.5,,0,,7.5,7.5,7.3,7.5,Push
Stephanie TalbotPts+Asts,Stephanie TalbotPts+Asts6.5,WNBA,317883,Stephanie Talbot,F,LVA,Pts+Asts,6.5,TRUE,10/9/2026,12/30/1899,pre_game,WNBA,goblin,https://static.prizepicks.com/images/players/WNBA/Stephanie_Talbot_WNBA_player_v6hnGHVjDs3ZNq5tDauoy5Dk.webp,15548385,6.5,53.47,46.53,-3.98,53.47,Over,https://www.freeiconspng.com/img/1934,,Yes,-4.5,156.6,Valkyries @ Aces,2026-10-10T01:30:00Z,Fri 09:30pm,N/A,N/A,Peacock/NBCSN,,,10/9/2026,6.5,,,,No,ATL,13.5,20,53.47,46.53,53.47,6.5,2,1.9156,over,6.5,8.42,6.98,0,Push
Gabby WilliamsRebs+Asts,Gabby WilliamsRebs+Asts6.5,WNBA,316568,Gabby Williams,F,GSV,Rebs+Asts,6.5,TRUE,10/9/2026,12/30/1899,pre_game,WNBA,goblin,https://static.prizepicks.com/images/manual/Gabby Williams .png,15548749,7.5,54.07,45.93,-5.61,54.07,Over,https://www.freeiconspng.com/img/1934,,,,,Valkyries @ Aces,2026-10-10T01:30:00Z,Fri 09:30pm,N/A,N/A,Peacock/NBCSN,,,10/9/2026,7.5,,,,No,,31.53,30,51.01090531,48.98909469,50,7.5,,0,,7.5,7.5,7.25,0,Push
Tiffany HayesPoints,Tiffany HayesPoints6.5,WNBA,238101,Tiffany Hayes,G,GSV,Points,6.5,TRUE,10/9/2026,12/30/1899,pre_game,WNBA,goblin,https://static.prizepicks.com/images/players/WNBA/Tiffany_Hayes_WNBA_player_JZ73QF6RKriqG7DeqAWWKcDH.webp,15548768,8.5,50.22,49.78,-8.03,50.22,Over,https://www.freeiconspng.com/img/1934,,,,,Valkyries @ Aces,2026-10-10T01:30:00Z,Fri 09:30pm,N/A,N/A,Peacock/NBCSN,,,10/9/2026,8.5,,,,No,,14.27,20,50.50400358,49.49599642,50,8.5,,0,,8.5,8.5,8.1,8.5,Best Bet
Jewell LoydPoints,Jewell LoydPoints6.5,WNBA,237844,Jewell Loyd,G,LVA,Points,6.5,TRUE,10/9/2026,12/30/1899,pre_game,WNBA,goblin,https://static.prizepicks.com/images/players/WNBA/Jewell_Loyd_WNBA_player_kl6eTaXsduFI7E6eDj4QuueY.webp,15550520,7.5,48.01,51.99,-5.82,51.99,Under,https://www.freeiconspng.com/img/1934,,Yes,-4.5,156.6,Valkyries @ Aces,2026-10-10T01:30:00Z,Fri 09:30pm,N/A,N/A,Peacock/NBCSN,,,10/9/2026,7.5,,,,No,ATL,16.73,28,48.28390531,51.71609469,50,7.5,4,0.2078,over,7.5,7.71,7.34,7.5,Push
Kayla ThorntonPoints,Kayla ThorntonPoints6.5,WNBA,238102,Kayla Thornton,F,GSV,Points,6.5,TRUE,10/9/2026,12/30/1899,pre_game,WNBA,goblin,https://static.prizepicks.com/images/players/WNBA/Kayla_Thornton_WNBA_player_LW0QKyGiDE0bVq5F3TkgEtm8.webp,15563199,7.5,50.22,49.78,-3.71,50.22,Under,https://www.freeiconspng.com/img/1934,,,,,Valkyries @ Aces,2026-10-10T01:30:00Z,Fri 09:30pm,N/A,N/A,Peacock/NBCSN,,,10/9/2026,7.5,,,,No,,18,28,49.27840531,50.72159469,50,7.5,,0,,7.5,7.5,7.3,7.5,Push
Veronica BurtonFGAttempted,Veronica BurtonFGAttempted6.5,WNBA,238261,Veronica Burton,G,GSV,FG Attempted,6.5,TRUE,10/9/2026,12/30/1899,pre_game,WNBA,goblin,https://static.prizepicks.com/images/players/WNBA/Veronica_Burton_WNBA_player_PgQhWXIUPjwd5ndjpucEaD8E.webp,15598530,,,,,,,,,,,,Valkyries @ Aces,2026-10-10T01:30:00Z,Fri 09:30pm,N/A,N/A,Peacock/NBCSN,,,10/9/2026,,,,,No,,24.61,31,,,,0,,0,,0,0,6.5,0,Push
Jackie YoungAssists,Jackie YoungAssists5.5,WNBA,237846,Jackie Young,G,LVA,Assists,5.5,TRUE,10/9/2026,12/30/1899,pre_game,WNBA,goblin,https://static.prizepicks.com/images/players/WNBA/Jackie_Young_WNBA_player_xMYZ7NbkZrdioerQcMdWBKG9.webp,15547916,6.5,45.34,54.66,,54.66,Under,https://www.freeiconspng.com/img/1934,,Yes,-4.5,156.6,Valkyries @ Aces,2026-10-10T01:30:00Z,Fri 09:30pm,N/A,N/A,Peacock/NBCSN,,,10/9/2026,6.5,,,,No,ATL,33.24,31,47.0424761,52.9575239,52.96,6.5,8,-0.0047,under,6.5,6.5,6.3,6.5,Push
Chelsea GrayAssists,Chelsea GrayAssists5.5,WNBA,237845,Chelsea Gray,G,LVA,Assists,5.5,TRUE,10/9/2026,12/30/1899,pre_game,WNBA,goblin,https://static.prizepicks.com/images/players/WNBA/Chelsea_Gray_WNBA_player_GHqO0xzbwyTjQ6fOf5m0CHE4.webp,15547958,5.5,54.94,45.06,-6.6,54.94,Over,https://www.freeiconspng.com/img/1934,,Yes,-4.5,156.6,Valkyries @ Aces,2026-10-10T01:30:00Z,Fri 09:30pm,N/A,N/A,Peacock/NBCSN,,,10/9/2026,5.5,,,,No,ATL,26.17,32,54.94,45.06,54.94,5.5,8,-0.0047,under,5.5,5.5,5.5,5.5,Push
Kiah StokesRebounds,Kiah StokesRebounds5.5,WNBA,317423,Kiah Stokes,C,GSV,Rebounds,5.5,TRUE,10/9/2026,12/30/1899,pre_game,WNBA,goblin,https://static.prizepicks.com/images/players/WNBA/Kiah_Stokes_WNBA_player_ndf93Nxv7e15yD38rl5xBPni.webp,15547971,7.5,51.78,48.22,-9.59,51.78,Over,https://www.freeiconspng.com/img/1934,,,,,Valkyries @ Aces,2026-10-10T01:30:00Z,Fri 09:30pm,N/A,N/A,Peacock/NBCSN,,,10/9/2026,7.5,,,,No,,20.32,21,51.22497851,48.77502149,50,7.5,,0,,7.5,7.5,7.1,7.5,Best Bet
Kayla ThorntonPoints,Kayla ThorntonPoints5.5,WNBA,238102,Kayla Thornton,F,GSV,Points,5.5,TRUE,10/9/2026,12/30/1899,pre_game,WNBA,goblin,https://static.prizepicks.com/images/players/WNBA/Kayla_Thornton_WNBA_player_LW0QKyGiDE0bVq5F3TkgEtm8.webp,15548144,7.5,50.22,49.78,-3.71,50.22,Over,https://www.freeiconspng.com/img/1934,,,,,Valkyries @ Aces,2026-10-10T01:30:00Z,Fri 09:30pm,N/A,N/A,Peacock/NBCSN,,,10/9/2026,7.5,,,,No,,18,28,50.52297851,49.47702149,50,7.5,,0,,7.5,7.5,7.1,7.5,Best Bet
Cecilia ZandalasiniPoints,Cecilia ZandalasiniPoints5.5,WNBA,249153,Cecilia Zandalasini,F,GSV,Points,5.5,TRUE,10/9/2026,12/30/1899,pre_game,WNBA,goblin,https://static.prizepicks.com/images/players/WNBA/Cecilia_Zandalasini_WNBA_player_J9EZms55fyBgGOFTRR36l10v.webp,15548148,6.5,49.65,50.35,-7.46,50.35,Under,https://www.freeiconspng.com/img/1934,,,,,Valkyries @ Aces,2026-10-10T01:30:00Z,Fri 09:30pm,N/A,N/A,Peacock/NBCSN,,,10/9/2026,6.5,,,,No,,11.81,17,48.9819761,51.0180239,50,6.5,,0,,6.5,6.5,6.3,6.5,Push
Veronica BurtonPoints,Veronica BurtonPoints5.5,WNBA,238261,Veronica Burton,G,GSV,Points,5.5,TRUE,10/9/2026,12/30/1899,pre_game,WNBA,goblin,https://static.prizepicks.com/images/players/WNBA/Veronica_Burton_WNBA_player_PgQhWXIUPjwd5ndjpucEaD8E.webp,15548153,10.5,47.02,52.98,,52.98,Over,https://www.freeiconspng.com/img/1934,,,,,Valkyries @ Aces,2026-10-10T01:30:00Z,Fri 09:30pm,N/A,N/A,Peacock/NBCSN,,,10/9/2026,10.5,,,,No,,24.61,31,52.70363733,47.29636267,52.7,10.5,,0,,10.5,10.5,9.25,0,Push
Tiffany HayesPoints,Tiffany HayesPoints5.5,WNBA,238101,Tiffany Hayes,G,GSV,Points,5.5,TRUE,10/9/2026,12/30/1899,pre_game,WNBA,goblin,https://static.prizepicks.com/images/players/WNBA/Tiffany_Hayes_WNBA_player_JZ73QF6RKriqG7DeqAWWKcDH.webp,15548477,8.5,50.22,49.78,-8.03,50.22,Over,https://www.freeiconspng.com/img/1934,,,,,Valkyries @ Aces,2026-10-10T01:30:00Z,Fri 09:30pm,N/A,N/A,Peacock/NBCSN,,,10/9/2026,8.5,,,,No,,14.27,20,51.76926451,48.23073549,50,8.5,,0,,8.5,8.5,7.9,8.5,Best Bet
Jewell LoydPoints,Jewell LoydPoints5.5,WNBA,237844,Jewell Loyd,G,LVA,Points,5.5,TRUE,10/9/2026,12/30/1899,pre_game,WNBA,goblin,https://static.prizepicks.com/images/players/WNBA/Jewell_Loyd_WNBA_player_kl6eTaXsduFI7E6eDj4QuueY.webp,15548482,7.5,48.01,51.99,-5.82,51.99,Under,https://www.freeiconspng.com/img/1934,,Yes,-4.5,156.6,Valkyries @ Aces,2026-10-10T01:30:00Z,Fri 09:30pm,N/A,N/A,Peacock/NBCSN,,,10/9/2026,7.5,,,,No,ATL,16.73,28,49.52847851,50.47152149,50,7.5,4,0.2078,over,7.5,7.71,7.14,7.5,Push
Jackie Young3-PTAttempted,Jackie Young3-PTAttempted5.5,WNBA,237846,Jackie Young,G,LVA,3-PT Attempted,5.5,TRUE,10/9/2026,12/30/1899,pre_game,WNBA,goblin,https://static.prizepicks.com/images/players/WNBA/Jackie_Young_WNBA_player_xMYZ7NbkZrdioerQcMdWBKG9.webp,15598532,,,,,,,,,Yes,-4.5,156.6,Valkyries @ Aces,2026-10-10T01:30:00Z,Fri 09:30pm,N/A,N/A,Peacock/NBCSN,,,10/9/2026,,,,,No,ATL,33.24,31,,,,0,2,1.9156,over,0,1.92,3.71,0,Push
Gabby Williams3-PTAttempted,Gabby Williams3-PTAttempted5.5,WNBA,316568,Gabby Williams,F,GSV,3-PT Attempted,5.5,TRUE,10/9/2026,12/30/1899,pre_game,WNBA,goblin,https://static.prizepicks.com/images/manual/Gabby Williams .png,15598535,,,,,,,,,,,,Valkyries @ Aces,2026-10-10T01:30:00Z,Fri 09:30pm,N/A,N/A,Peacock/NBCSN,,,10/9/2026,,,,,No,,31.53,30,,,,0,,0,,0,0,5.5,0,Push
Tiffany HayesPoints,Tiffany HayesPoints4.5,WNBA,238101,Tiffany Hayes,G,GSV,Points,4.5,TRUE,10/9/2026,12/30/1899,pre_game,WNBA,goblin,https://static.prizepicks.com/images/players/WNBA/Tiffany_Hayes_WNBA_player_JZ73QF6RKriqG7DeqAWWKcDH.webp,15547887,8.5,50.22,49.78,-8.03,50.22,Over,https://www.freeiconspng.com/img/1934,,,,,Valkyries @ Aces,2026-10-10T01:30:00Z,Fri 09:30pm,N/A,N/A,Peacock/NBCSN,,,10/9/2026,8.5,,,,No,,14.27,20,53.11742115,46.88257885,53.12,8.5,,0,,8.5,8.5,7.7,8.5,Best Bet
Veronica BurtonAssists,Veronica BurtonAssists4.5,WNBA,238261,Veronica Burton,G,GSV,Assists,4.5,TRUE,10/9/2026,12/30/1899,pre_game,WNBA,goblin,https://static.prizepicks.com/images/players/WNBA/Veronica_Burton_WNBA_player_PgQhWXIUPjwd5ndjpucEaD8E.webp,15547896,4.5,53.95,46.05,-6.05,53.95,Over,https://www.freeiconspng.com/img/1934,,,,,Valkyries @ Aces,2026-10-10T01:30:00Z,Fri 09:30pm,N/A,N/A,Peacock/NBCSN,,,10/9/2026,4.5,,,,No,,24.61,31,53.95,46.05,53.95,4.5,,0,,4.5,4.5,4.5,0,Push
Cecilia ZandalasiniPoints,Cecilia ZandalasiniPoints4.5,WNBA,249153,Cecilia Zandalasini,F,GSV,Points,4.5,TRUE,10/9/2026,12/30/1899,pre_game,WNBA,goblin,https://static.prizepicks.com/images/players/WNBA/Cecilia_Zandalasini_WNBA_player_J9EZms55fyBgGOFTRR36l10v.webp,15547952,6.5,49.65,50.35,-7.46,50.35,Over,https://www.freeiconspng.com/img/1934,,,,,Valkyries @ Aces,2026-10-10T01:30:00Z,Fri 09:30pm,N/A,N/A,Peacock/NBCSN,,,10/9/2026,6.5,,,,No,,11.81,17,50.28920538,49.71079462,50,6.5,,0,,6.5,6.5,6.1,6.5,Best Bet
Stephanie TalbotPoints,Stephanie TalbotPoints4.5,WNBA,317883,Stephanie Talbot,F,LVA,Points,4.5,TRUE,10/9/2026,12/30/1899,pre_game,WNBA,goblin,https://static.prizepicks.com/images/players/WNBA/Stephanie_Talbot_WNBA_player_v6hnGHVjDs3ZNq5tDauoy5Dk.webp,15547954,5.5,48.85,51.15,-6.66,51.15,Under,https://www.freeiconspng.com/img/1934,,Yes,-4.5,156.6,Valkyries @ Aces,2026-10-10T01:30:00Z,Fri 09:30pm,N/A,N/A,Peacock/NBCSN,,,10/9/2026,5.5,,,,No,ATL,13.5,20,48.5737515,51.4262485,50,5.5,4,0.2078,over,5.5,5.71,5.34,5.5,Push
Kayla ThorntonPoints,Kayla ThorntonPoints4.5,WNBA,238102,Kayla Thornton,F,GSV,Points,4.5,TRUE,10/9/2026,12/30/1899,pre_game,WNBA,goblin,https://static.prizepicks.com/images/players/WNBA/Kayla_Thornton_WNBA_player_LW0QKyGiDE0bVq5F3TkgEtm8.webp,15547963,7.5,50.22,49.78,-3.71,50.22,Over,https://www.freeiconspng.com/img/1934,,,,,Valkyries @ Aces,2026-10-10T01:30:00Z,Fri 09:30pm,N/A,N/A,Peacock/NBCSN,,,10/9/2026,7.5,,,,No,,18,28,51.8548909,48.1451091,50,7.5,,0,,7.5,7.5,6.9,7.5,Best Bet
Jewell LoydPoints,Jewell LoydPoints4.5,WNBA,237844,Jewell Loyd,G,LVA,Points,4.5,TRUE,10/9/2026,12/30/1899,pre_game,WNBA,goblin,https://static.prizepicks.com/images/players/WNBA/Jewell_Loyd_WNBA_player_kl6eTaXsduFI7E6eDj4QuueY.webp,15548003,7.5,48.01,51.99,-5.82,51.99,Over,https://www.freeiconspng.com/img/1934,,Yes,-4.5,156.6,Valkyries @ Aces,2026-10-10T01:30:00Z,Fri 09:30pm,N/A,N/A,Peacock/NBCSN,,,10/9/2026,7.5,,,,No,ATL,16.73,28,50.8603909,49.1396091,50,7.5,4,0.2078,over,7.5,7.71,6.94,7.5,Best Bet
Kayla ThorntonPts+Asts,Kayla ThorntonPts+Asts4.5,WNBA,238102,Kayla Thornton,F,GSV,Pts+Asts,4.5,TRUE,10/9/2026,12/30/1899,pre_game,WNBA,goblin,https://static.prizepicks.com/images/players/WNBA/Kayla_Thornton_WNBA_player_LW0QKyGiDE0bVq5F3TkgEtm8.webp,15548077,8.5,49.7,50.3,-7.51,50.3,Over,https://www.freeiconspng.com/img/1934,,,,,Valkyries @ Aces,2026-10-10T01:30:00Z,Fri 09:30pm,N/A,N/A,Peacock/NBCSN,,,10/9/2026,8.5,,,,No,,18,28,52.88342115,47.11657885,52.88,8.5,,0,,8.5,8.5,7.5,0,Push
Cecilia ZandalasiniPts+Asts,Cecilia ZandalasiniPts+Asts4.5,WNBA,249153,Cecilia Zandalasini,F,GSV,Pts+Asts,4.5,TRUE,10/9/2026,12/30/1899,pre_game,WNBA,goblin,https://static.prizepicks.com/images/players/WNBA/Cecilia_Zandalasini_WNBA_player_J9EZms55fyBgGOFTRR36l10v.webp,15548102,7.5,50.5,49.5,,50.5,Over,https://www.freeiconspng.com/img/1934,,,,,Valkyries @ Aces,2026-10-10T01:30:00Z,Fri 09:30pm,N/A,N/A,Peacock/NBCSN,,,10/9/2026,7.5,,,,No,,11.81,17,51.9808909,48.0191091,50,7.5,,0,,7.5,7.5,6.75,0,Push
Cecilia ZandalasiniPts+Rebs,Cecilia ZandalasiniPts+Rebs4.5,WNBA,249153,Cecilia Zandalasini,F,GSV,Pts+Rebs,4.5,TRUE,10/9/2026,12/30/1899,pre_game,WNBA,goblin,https://static.prizepicks.com/images/players/WNBA/Cecilia_Zandalasini_WNBA_player_J9EZms55fyBgGOFTRR36l10v.webp,15548130,8.5,50.03,49.97,-7.84,50.03,Over,https://www.freeiconspng.com/img/1934,,,,,Valkyries @ Aces,2026-10-10T01:30:00Z,Fri 09:30pm,N/A,N/A,Peacock/NBCSN,,,10/9/2026,8.5,,,,No,,11.81,17,53.03192115,46.96807885,53.03,8.5,,0,,8.5,8.5,7.5,0,Push
Jackie YoungAssists,Jackie YoungAssists4.5,WNBA,237846,Jackie Young,G,LVA,Assists,4.5,TRUE,10/9/2026,12/30/1899,pre_game,WNBA,goblin,https://static.prizepicks.com/images/players/WNBA/Jackie_Young_WNBA_player_xMYZ7NbkZrdioerQcMdWBKG9.webp,15548186,6.5,45.34,54.66,,54.66,Under,https://www.freeiconspng.com/img/1934,,Yes,-4.5,156.6,Valkyries @ Aces,2026-10-10T01:30:00Z,Fri 09:30pm,N/A,N/A,Peacock/NBCSN,,,10/9/2026,6.5,,,,No,ATL,33.24,31,48.34970538,51.65029462,50,6.5,8,-0.0047,under,6.5,6.5,6.1,6.5,Push
Stephanie TalbotPts+Asts,Stephanie TalbotPts+Asts4.5,WNBA,317883,Stephanie Talbot,F,LVA,Pts+Asts,4.5,TRUE,10/9/2026,12/30/1899,pre_game,WNBA,goblin,https://static.prizepicks.com/images/players/WNBA/Stephanie_Talbot_WNBA_player_v6hnGHVjDs3ZNq5tDauoy5Dk.webp,15548213,6.5,53.47,46.53,-3.98,53.47,Over,https://www.freeiconspng.com/img/1934,,Yes,-4.5,156.6,Valkyries @ Aces,2026-10-10T01:30:00Z,Fri 09:30pm,N/A,N/A,Peacock/NBCSN,,,10/9/2026,6.5,,,,No,ATL,13.5,20,52.00820538,47.99179462,52.01,6.5,2,1.9156,over,6.5,8.42,6.48,0,Push
Chelsea GrayAssists,Chelsea GrayAssists4.5,WNBA,237845,Chelsea Gray,G,LVA,Assists,4.5,TRUE,10/9/2026,12/30/1899,pre_game,WNBA,goblin,https://static.prizepicks.com/images/players/WNBA/Chelsea_Gray_WNBA_player_GHqO0xzbwyTjQ6fOf5m0CHE4.webp,15548233,5.5,54.94,45.06,-6.6,54.94,Over,https://www.freeiconspng.com/img/1934,,Yes,-4.5,156.6,Valkyries @ Aces,2026-10-10T01:30:00Z,Fri 09:30pm,N/A,N/A,Peacock/NBCSN,,,10/9/2026,5.5,,,,No,ATL,26.17,32,51.3142515,48.6857485,50,5.5,8,-0.0047,under,5.5,5.5,5.3,5.5,Best Bet
Stephanie TalbotRebs+Asts,Stephanie TalbotRebs+Asts4.5,WNBA,317883,Stephanie Talbot,F,LVA,Rebs+Asts,4.5,TRUE,10/9/2026,12/30/1899,pre_game,WNBA,goblin,https://static.prizepicks.com/images/players/WNBA/Stephanie_Talbot_WNBA_player_v6hnGHVjDs3ZNq5tDauoy5Dk.webp,15548418,4.75,53.27,46.73,,53.27,Under,https://www.freeiconspng.com/img/1934,,Yes,-4.5,156.6,Valkyries @ Aces,2026-10-10T01:30:00Z,Fri 09:30pm,N/A,N/A,Peacock/NBCSN,,,10/9/2026,4.75,,,,No,ATL,13.5,20,48.39145878,51.60854122,50,4.75,12,-0.0325,under,4.75,4.72,4.68,0,Push
Chelsea Gray3-PTAttempted,Chelsea Gray3-PTAttempted4.5,WNBA,237845,Chelsea Gray,G,LVA,3-PT Attempted,4.5,TRUE,10/9/2026,12/30/1899,pre_game,WNBA,goblin,https://static.prizepicks.com/images/players/WNBA/Chelsea_Gray_WNBA_player_GHqO0xzbwyTjQ6fOf5m0CHE4.webp,15598533,,,,,,,,,Yes,-4.5,156.6,Valkyries @ Aces,2026-10-10T01:30:00Z,Fri 09:30pm,N/A,N/A,Peacock/NBCSN,,,10/9/2026,,,,,No,ATL,26.17,32,,,,0,2,1.9156,over,0,1.92,3.21,0,Push
Gabby WilliamsRebounds,Gabby WilliamsRebounds3.5,WNBA,316568,Gabby Williams,F,GSV,Rebounds,3.5,TRUE,10/9/2026,12/30/1899,pre_game,WNBA,goblin,https://static.prizepicks.com/images/manual/Gabby Williams .png,15547842,4.5,46.47,53.53,,53.53,Under,https://www.freeiconspng.com/img/1934,,,,,Valkyries @ Aces,2026-10-10T01:30:00Z,Fri 09:30pm,N/A,N/A,Peacock/NBCSN,,,10/9/2026,4.5,,,,No,,31.53,30,47.44242547,52.55757453,52.56,4.5,,0,,4.5,4.5,4.3,4.5,Push
Veronica BurtonAssists,Veronica BurtonAssists3.5,WNBA,238261,Veronica Burton,G,GSV,Assists,3.5,TRUE,10/9/2026,12/30/1899,pre_game,WNBA,goblin,https://static.prizepicks.com/images/players/WNBA/Veronica_Burton_WNBA_player_PgQhWXIUPjwd5ndjpucEaD8E.webp,15547882,4.5,53.95,46.05,-6.05,53.95,Over,https://www.freeiconspng.com/img/1934,,,,,Valkyries @ Aces,2026-10-10T01:30:00Z,Fri 09:30pm,N/A,N/A,Peacock/NBCSN,,,10/9/2026,4.5,,,,No,,24.61,31,50.80842547,49.19157453,50,4.5,,0,,4.5,4.5,4.25,0,Push
Jackie YoungRebounds,Jackie YoungRebounds3.5,WNBA,237846,Jackie Young,G,LVA,Rebounds,3.5,TRUE,10/9/2026,12/30/1899,pre_game,WNBA,goblin,https://static.prizepicks.com/images/players/WNBA/Jackie_Young_WNBA_player_xMYZ7NbkZrdioerQcMdWBKG9.webp,15547918,4.5,42.94,57.06,-5.9,57.06,Under,https://www.freeiconspng.com/img/1934,,Yes,-4.5,156.6,Valkyries @ Aces,2026-10-10T01:30:00Z,Fri 09:30pm,N/A,N/A,Peacock/NBCSN,,,10/9/2026,4.5,,,,No,ATL,33.24,31,45.85392547,54.14607453,54.15,4.5,12,-0.0325,under,4.5,4.47,4.29,4.5,Push
Kayla ThorntonRebounds,Kayla ThorntonRebounds3.5,WNBA,238102,Kayla Thornton,F,GSV,Rebounds,3.5,TRUE,10/9/2026,12/30/1899,pre_game,WNBA,goblin,https://static.prizepicks.com/images/players/WNBA/Kayla_Thornton_WNBA_player_LW0QKyGiDE0bVq5F3TkgEtm8.webp,15547986,4.5,48.08,51.92,,51.92,Under,https://www.freeiconspng.com/img/1934,,,,,Valkyries @ Aces,2026-10-10T01:30:00Z,Fri 09:30pm,N/A,N/A,Peacock/NBCSN,,,10/9/2026,4.5,,,,No,,18,28,48.16692547,51.83307453,50,4.5,,0,,4.5,4.5,4.3,4.5,Push
Tiffany HayesRebs+Asts,Tiffany HayesRebs+Asts3.5,WNBA,238101,Tiffany Hayes,G,GSV,Rebs+Asts,3.5,TRUE,10/9/2026,12/30/1899,pre_game,WNBA,goblin,https://static.prizepicks.com/images/players/WNBA/Tiffany_Hayes_WNBA_player_JZ73QF6RKriqG7DeqAWWKcDH.webp,15577462,4.5,42.65,57.35,-4.34,57.35,Under,https://www.freeiconspng.com/img/1934,,,,,Valkyries @ Aces,2026-10-10T01:30:00Z,Fri 09:30pm,N/A,N/A,Peacock/NBCSN,,,10/9/2026,4.5,,,,No,,14.27,20,45.72342547,54.27657453,54.28,4.5,,0,,4.5,4.5,4.25,0,Push
Chelsea GrayRebounds,Chelsea GrayRebounds2.5,WNBA,237845,Chelsea Gray,G,LVA,Rebounds,2.5,TRUE,10/9/2026,12/30/1899,pre_game,WNBA,goblin,https://static.prizepicks.com/images/players/WNBA/Chelsea_Gray_WNBA_player_GHqO0xzbwyTjQ6fOf5m0CHE4.webp,15547904,3.5,43.38,56.62,-3.38,56.62,Under,https://www.freeiconspng.com/img/1934,,Yes,-4.5,156.6,Valkyries @ Aces,2026-10-10T01:30:00Z,Fri 09:30pm,N/A,N/A,Peacock/NBCSN,,,10/9/2026,3.5,,,,No,ATL,26.17,32,45.9723721,54.0276279,54.03,3.5,12,-0.0325,under,3.5,3.47,3.29,3.5,Push
Veronica BurtonRebounds,Veronica BurtonRebounds2.5,WNBA,238261,Veronica Burton,G,GSV,Rebounds,2.5,TRUE,10/9/2026,12/30/1899,pre_game,WNBA,goblin,https://static.prizepicks.com/images/players/WNBA/Veronica_Burton_WNBA_player_PgQhWXIUPjwd5ndjpucEaD8E.webp,15548072,3.5,45.81,54.19,,54.19,Under,https://www.freeiconspng.com/img/1934,,,,,Valkyries @ Aces,2026-10-10T01:30:00Z,Fri 09:30pm,N/A,N/A,Peacock/NBCSN,,,10/9/2026,3.5,,,,No,,24.61,31,47.0658721,52.9341279,52.93,3.5,,0,,3.5,3.5,3.25,0,Push
Kayla ThorntonRebounds,Kayla ThorntonRebounds2.5,WNBA,238102,Kayla Thornton,F,GSV,Rebounds,2.5,TRUE,10/9/2026,12/30/1899,pre_game,WNBA,goblin,https://static.prizepicks.com/images/players/WNBA/Kayla_Thornton_WNBA_player_LW0QKyGiDE0bVq5F3TkgEtm8.webp,15548121,4.5,48.08,51.92,,51.92,Under,https://www.freeiconspng.com/img/1934,,,,,Valkyries @ Aces,2026-10-10T01:30:00Z,Fri 09:30pm,N/A,N/A,Peacock/NBCSN,,,10/9/2026,4.5,,,,No,,18,28,49.64717608,50.35282392,50,4.5,,0,,4.5,4.5,4.1,4.5,Push
Gabby WilliamsRebounds,Gabby WilliamsRebounds2.5,WNBA,316568,Gabby Williams,F,GSV,Rebounds,2.5,TRUE,10/9/2026,12/30/1899,pre_game,WNBA,goblin,https://static.prizepicks.com/images/manual/Gabby Williams .png,15548150,4.5,46.47,53.53,,53.53,Under,https://www.freeiconspng.com/img/1934,,,,,Valkyries @ Aces,2026-10-10T01:30:00Z,Fri 09:30pm,N/A,N/A,Peacock/NBCSN,,,10/9/2026,4.5,,,,No,,31.53,30,48.92267608,51.07732392,50,4.5,,0,,4.5,4.5,4.1,4.5,Push
Gabby WilliamsAssists,Gabby WilliamsAssists2.5,WNBA,316568,Gabby Williams,F,GSV,Assists,2.5,TRUE,10/9/2026,12/30/1899,pre_game,WNBA,goblin,https://static.prizepicks.com/images/manual/Gabby Williams .png,15548155,3.5,45.97,54.03,,54.03,Under,https://www.freeiconspng.com/img/1934,,,,,Valkyries @ Aces,2026-10-10T01:30:00Z,Fri 09:30pm,N/A,N/A,Peacock/NBCSN,,,10/9/2026,3.5,,,,No,,31.53,30,47.1378721,52.8621279,52.86,3.5,,0,,3.5,3.5,3.3,3.5,Push
Stephanie TalbotRebounds,Stephanie TalbotRebounds2.5,WNBA,317883,Stephanie Talbot,F,LVA,Rebounds,2.5,TRUE,10/9/2026,12/30/1899,pre_game,WNBA,goblin,https://static.prizepicks.com/images/players/WNBA/Stephanie_Talbot_WNBA_player_v6hnGHVjDs3ZNq5tDauoy5Dk.webp,15548218,3.5,51.15,48.85,,51.15,Under,https://www.freeiconspng.com/img/1934,,Yes,-4.5,156.6,Valkyries @ Aces,2026-10-10T01:30:00Z,Fri 09:30pm,N/A,N/A,Peacock/NBCSN,,,10/9/2026,3.5,,,,No,ATL,13.5,20,49.4688721,50.5311279,50,3.5,12,-0.0325,under,3.5,3.47,3.29,3.5,Push
Jackie YoungRebounds,Jackie YoungRebounds2.5,WNBA,237846,Jackie Young,G,LVA,Rebounds,2.5,TRUE,10/9/2026,12/30/1899,pre_game,WNBA,goblin,https://static.prizepicks.com/images/players/WNBA/Jackie_Young_WNBA_player_xMYZ7NbkZrdioerQcMdWBKG9.webp,15548280,4.5,42.94,57.06,-5.9,57.06,Under,https://www.freeiconspng.com/img/1934,,Yes,-4.5,156.6,Valkyries @ Aces,2026-10-10T01:30:00Z,Fri 09:30pm,N/A,N/A,Peacock/NBCSN,,,10/9/2026,4.5,,,,No,ATL,33.24,31,47.33417608,52.66582392,52.67,4.5,12,-0.0325,under,4.5,4.47,4.09,4.5,Push
A'ja WilsonBlks+Stls,A'ja WilsonBlks+Stls2.5,WNBA,237843,A'ja Wilson,C,LVA,Blks+Stls,2.5,TRUE,10/9/2026,12/30/1899,pre_game,WNBA,goblin,https://static.prizepicks.com/images/players/WNBA/A'ja_Wilson_WNBA_player_e1fzWnin9JBoRKYaugxyyP08.webp,15598017,,,,,,,,,Yes,-4.5,156.6,Valkyries @ Aces,2026-10-10T01:30:00Z,Fri 09:30pm,N/A,N/A,Peacock/NBCSN,,,10/9/2026,,,,,No,ATL,48.39,32,,,,0,2,1.9156,over,0,1.92,2.21,0,Push
Chelsea GrayFreeThrowsAttempted,Chelsea GrayFreeThrowsAttempted2.5,WNBA,237845,Chelsea Gray,G,LVA,Free Throws Attempted,2.5,TRUE,10/9/2026,12/30/1899,pre_game,WNBA,goblin,https://static.prizepicks.com/images/players/WNBA/Chelsea_Gray_WNBA_player_GHqO0xzbwyTjQ6fOf5m0CHE4.webp,15598527,,,,,,,,,Yes,-4.5,156.6,Valkyries @ Aces,2026-10-10T01:30:00Z,Fri 09:30pm,N/A,N/A,Peacock/NBCSN,,,10/9/2026,,,,,No,ATL,26.17,32,,,,0,2,1.9156,over,0,1.92,2.21,0,Push
Veronica Burton3-PTAttempted,Veronica Burton3-PTAttempted2.5,WNBA,238261,Veronica Burton,G,GSV,3-PT Attempted,2.5,TRUE,10/9/2026,12/30/1899,pre_game,WNBA,goblin,https://static.prizepicks.com/images/players/WNBA/Veronica_Burton_WNBA_player_PgQhWXIUPjwd5ndjpucEaD8E.webp,15599038,,,,,,,,,,,,Valkyries @ Aces,2026-10-10T01:30:00Z,Fri 09:30pm,N/A,N/A,Peacock/NBCSN,,,10/9/2026,,,,,No,,24.61,31,,,,0,,0,,0,0,2.5,0,Push
A'ja WilsonAssists,A'ja WilsonAssists1.5,WNBA,237843,A'ja Wilson,C,LVA,Assists,1.5,TRUE,10/9/2026,12/30/1899,pre_game,WNBA,goblin,https://static.prizepicks.com/images/players/WNBA/A'ja_Wilson_WNBA_player_e1fzWnin9JBoRKYaugxyyP08.webp,15547847,2.5,46.49,53.51,-4.3,53.51,Under,https://www.freeiconspng.com/img/1934,,Yes,-4.5,156.6,Valkyries @ Aces,2026-10-10T01:30:00Z,Fri 09:30pm,N/A,N/A,Peacock/NBCSN,,,10/9/2026,2.5,,,,No,ATL,48.39,32,47.25712594,52.74287406,52.74,2.5,8,-0.0047,under,2.5,2.5,2.3,2.5,Push
Cecilia ZandalasiniRebounds,Cecilia ZandalasiniRebounds1.5,WNBA,249153,Cecilia Zandalasini,F,GSV,Rebounds,1.5,TRUE,10/9/2026,12/30/1899,pre_game,WNBA,goblin,https://static.prizepicks.com/images/players/WNBA/Cecilia_Zandalasini_WNBA_player_J9EZms55fyBgGOFTRR36l10v.webp,15547857,1.5,59.05,40.95,-6.82,59.05,Over,https://www.freeiconspng.com/img/1934,,,,,Valkyries @ Aces,2026-10-10T01:30:00Z,Fri 09:30pm,N/A,N/A,Peacock/NBCSN,,,10/9/2026,1.5,,,,No,,11.81,17,59.05,40.95,59.05,1.5,,0,,1.5,1.5,1.7,2.5,Push
Jackie Young3-PTMade,Jackie Young3-PTMade1.5,WNBA,237846,Jackie Young,G,LVA,3-PT Made,1.5,TRUE,10/9/2026,12/30/1899,pre_game,WNBA,goblin,https://static.prizepicks.com/images/players/WNBA/Jackie_Young_WNBA_player_xMYZ7NbkZrdioerQcMdWBKG9.webp,15547866,,,,,,,,,Yes,-4.5,156.6,Valkyries @ Aces,2026-10-10T01:30:00Z,Fri 09:30pm,N/A,N/A,Peacock/NBCSN,,,10/9/2026,,,,,No,ATL,33.24,31,,,,0,2,1.9156,over,0,1.92,1.71,0,Push
Tiffany HayesAssists,Tiffany HayesAssists1.5,WNBA,238101,Tiffany Hayes,G,GSV,Assists,1.5,TRUE,10/9/2026,12/30/1899,pre_game,WNBA,goblin,https://static.prizepicks.com/images/players/WNBA/Tiffany_Hayes_WNBA_player_JZ73QF6RKriqG7DeqAWWKcDH.webp,15547894,1.88,49.78,50.22,-15.5,50.22,Under,https://www.freeiconspng.com/img/1934,,,,,Valkyries @ Aces,2026-10-10T01:30:00Z,Fri 09:30pm,N/A,N/A,Peacock/NBCSN,,,10/9/2026,1.88,,,,No,,14.27,20,47.60475815,52.39524185,52.4,1.88,,0,,1.88,1.88,1.73,1.5,Push
Gabby Williams3-PTMade,Gabby Williams3-PTMade1.5,WNBA,316568,Gabby Williams,F,GSV,3-PT Made,1.5,TRUE,10/9/2026,12/30/1899,pre_game,WNBA,goblin,https://static.prizepicks.com/images/manual/Gabby Williams .png,15547923,,,,,,,,,,,,Valkyries @ Aces,2026-10-10T01:30:00Z,Fri 09:30pm,N/A,N/A,Peacock/NBCSN,,,10/9/2026,,,,,No,,31.53,30,,,,0,,0,,0,0,1.5,0,Push
Tiffany HayesRebounds,Tiffany HayesRebounds1.5,WNBA,238101,Tiffany Hayes,G,GSV,Rebounds,1.5,TRUE,10/9/2026,12/30/1899,pre_game,WNBA,goblin,https://static.prizepicks.com/images/players/WNBA/Tiffany_Hayes_WNBA_player_JZ73QF6RKriqG7DeqAWWKcDH.webp,15548009,1.88,50.19,49.81,-15.09,50.19,Under,https://www.freeiconspng.com/img/1934,,,,,Valkyries @ Aces,2026-10-10T01:30:00Z,Fri 09:30pm,N/A,N/A,Peacock/NBCSN,,,10/9/2026,1.88,,,,No,,14.27,20,47.78925815,52.21074185,52.21,1.88,,0,,1.88,1.88,1.73,1.5,Push
Veronica BurtonRebounds,Veronica BurtonRebounds1.5,WNBA,238261,Veronica Burton,G,GSV,Rebounds,1.5,TRUE,10/9/2026,12/30/1899,pre_game,WNBA,goblin,https://static.prizepicks.com/images/players/WNBA/Veronica_Burton_WNBA_player_PgQhWXIUPjwd5ndjpucEaD8E.webp,15548404,3.5,45.81,54.19,,54.19,Under,https://www.freeiconspng.com/img/1934,,,,,Valkyries @ Aces,2026-10-10T01:30:00Z,Fri 09:30pm,N/A,N/A,Peacock/NBCSN,,,10/9/2026,3.5,,,,No,,24.61,31,48.67644958,51.32355042,50,3.5,,0,,3.5,3.5,3,0,Push
Chelsea GrayRebounds,Chelsea GrayRebounds1.5,WNBA,237845,Chelsea Gray,G,LVA,Rebounds,1.5,TRUE,10/9/2026,12/30/1899,pre_game,WNBA,goblin,https://static.prizepicks.com/images/players/WNBA/Chelsea_Gray_WNBA_player_GHqO0xzbwyTjQ6fOf5m0CHE4.webp,15548499,3.5,43.38,56.62,-3.38,56.62,Under,https://www.freeiconspng.com/img/1934,,Yes,-4.5,156.6,Valkyries @ Aces,2026-10-10T01:30:00Z,Fri 09:30pm,N/A,N/A,Peacock/NBCSN,,,10/9/2026,3.5,,,,No,ATL,26.17,32,47.58294958,52.41705042,52.42,3.5,12,-0.0325,under,3.5,3.47,3.09,3.5,Push
Kiah StokesOffensiveRebounds,Kiah StokesOffensiveRebounds1.5,WNBA,317423,Kiah Stokes,C,GSV,Offensive Rebounds,1.5,TRUE,10/9/2026,12/30/1899,pre_game,WNBA,goblin,https://static.prizepicks.com/images/players/WNBA/Kiah_Stokes_WNBA_player_ndf93Nxv7e15yD38rl5xBPni.webp,15597469,,,,,,,,,,,,Valkyries @ Aces,2026-10-10T01:30:00Z,Fri 09:30pm,N/A,N/A,Peacock/NBCSN,,,10/9/2026,,,,,No,,20.32,21,,,,0,,0,,0,0,1.5,0,Push
A'ja WilsonTurnovers,A'ja WilsonTurnovers1.5,WNBA,237843,A'ja Wilson,C,LVA,Turnovers,1.5,TRUE,10/9/2026,12/30/1899,pre_game,WNBA,goblin,https://static.prizepicks.com/images/players/WNBA/A'ja_Wilson_WNBA_player_e1fzWnin9JBoRKYaugxyyP08.webp,15598012,,,,,,,,,Yes,-4.5,156.6,Valkyries @ Aces,2026-10-10T01:30:00Z,Fri 09:30pm,N/A,N/A,Peacock/NBCSN,,,10/9/2026,,,,,No,ATL,48.39,32,,,,0,2,1.9156,over,0,1.92,1.71,0,Push
Veronica BurtonBlks+Stls,Veronica BurtonBlks+Stls1.5,WNBA,238261,Veronica Burton,G,GSV,Blks+Stls,1.5,TRUE,10/9/2026,12/30/1899,pre_game,WNBA,goblin,https://static.prizepicks.com/images/players/WNBA/Veronica_Burton_WNBA_player_PgQhWXIUPjwd5ndjpucEaD8E.webp,15598021,,,,,,,,,,,,Valkyries @ Aces,2026-10-10T01:30:00Z,Fri 09:30pm,N/A,N/A,Peacock/NBCSN,,,10/9/2026,,,,,No,,24.61,31,,,,0,,0,,0,0,1.5,0,Push
A'ja WilsonBlockedShots,A'ja WilsonBlockedShots1.5,WNBA,237843,A'ja Wilson,C,LVA,Blocked Shots,1.5,TRUE,10/9/2026,12/30/1899,pre_game,WNBA,goblin,https://static.prizepicks.com/images/players/WNBA/A'ja_Wilson_WNBA_player_e1fzWnin9JBoRKYaugxyyP08.webp,15598027,,,,,,,,,Yes,-4.5,156.6,Valkyries @ Aces,2026-10-10T01:30:00Z,Fri 09:30pm,N/A,N/A,Peacock/NBCSN,,,10/9/2026,,,,,No,ATL,48.39,32,,,,0,2,1.9156,over,0,1.92,1.71,0,Push
Jackie YoungTurnovers,Jackie YoungTurnovers1.5,WNBA,237846,Jackie Young,G,LVA,Turnovers,1.5,TRUE,10/9/2026,12/30/1899,pre_game,WNBA,goblin,https://static.prizepicks.com/images/players/WNBA/Jackie_Young_WNBA_player_xMYZ7NbkZrdioerQcMdWBKG9.webp,15598080,,,,,,,,,Yes,-4.5,156.6,Valkyries @ Aces,2026-10-10T01:30:00Z,Fri 09:30pm,N/A,N/A,Peacock/NBCSN,,,10/9/2026,,,,,No,ATL,33.24,31,,,,0,2,1.9156,over,0,1.92,1.71,0,Push
Chelsea GrayFreeThrowsMade,Chelsea GrayFreeThrowsMade1.5,WNBA,237845,Chelsea Gray,G,LVA,Free Throws Made,1.5,TRUE,10/9/2026,12/30/1899,pre_game,WNBA,goblin,https://static.prizepicks.com/images/players/WNBA/Chelsea_Gray_WNBA_player_GHqO0xzbwyTjQ6fOf5m0CHE4.webp,15598497,,,,,,,,,Yes,-4.5,156.6,Valkyries @ Aces,2026-10-10T01:30:00Z,Fri 09:30pm,N/A,N/A,Peacock/NBCSN,,,10/9/2026,,,,,No,ATL,26.17,32,,,,0,2,1.9156,over,0,1.92,1.71,0,Push
Cecilia Zandalasini3-PTMade,Cecilia Zandalasini3-PTMade0.5,WNBA,249153,Cecilia Zandalasini,F,GSV,3-PT Made,0.5,TRUE,10/9/2026,12/30/1899,pre_game,WNBA,goblin,https://static.prizepicks.com/images/players/WNBA/Cecilia_Zandalasini_WNBA_player_J9EZms55fyBgGOFTRR36l10v.webp,15547919,,,,,,,,,,,,Valkyries @ Aces,2026-10-10T01:30:00Z,Fri 09:30pm,N/A,N/A,Peacock/NBCSN,,,10/9/2026,,,,,No,,11.81,17,,,,0,,0,,0,0,0.5,0,Push
Chelsea Gray3-PTMade,Chelsea Gray3-PTMade0.5,WNBA,237845,Chelsea Gray,G,LVA,3-PT Made,0.5,TRUE,10/9/2026,12/30/1899,pre_game,WNBA,goblin,https://static.prizepicks.com/images/players/WNBA/Chelsea_Gray_WNBA_player_GHqO0xzbwyTjQ6fOf5m0CHE4.webp,15547927,,,,,,,,,Yes,-4.5,156.6,Valkyries @ Aces,2026-10-10T01:30:00Z,Fri 09:30pm,N/A,N/A,Peacock/NBCSN,,,10/9/2026,,,,,No,ATL,26.17,32,,,,0,2,1.9156,over,0,1.92,1.21,0,Push
A'ja Wilson3-PTMade,A'ja Wilson3-PTMade0.5,WNBA,237843,A'ja Wilson,C,LVA,3-PT Made,0.5,TRUE,10/9/2026,12/30/1899,pre_game,WNBA,goblin,https://static.prizepicks.com/images/players/WNBA/A'ja_Wilson_WNBA_player_e1fzWnin9JBoRKYaugxyyP08.webp,15547950,,,,,,,,,Yes,-4.5,156.6,Valkyries @ Aces,2026-10-10T01:30:00Z,Fri 09:30pm,N/A,N/A,Peacock/NBCSN,,,10/9/2026,,,,,No,ATL,48.39,32,,,,0,2,1.9156,over,0,1.92,1.21,0,Push
Tiffany Hayes3-PTMade,Tiffany Hayes3-PTMade0.5,WNBA,238101,Tiffany Hayes,G,GSV,3-PT Made,0.5,TRUE,10/9/2026,12/30/1899,pre_game,WNBA,goblin,https://static.prizepicks.com/images/players/WNBA/Tiffany_Hayes_WNBA_player_JZ73QF6RKriqG7DeqAWWKcDH.webp,15547961,,,,,,,,,,,,Valkyries @ Aces,2026-10-10T01:30:00Z,Fri 09:30pm,N/A,N/A,Peacock/NBCSN,,,10/9/2026,,,,,No,,14.27,20,,,,0,,0,,0,0,0.5,0,Push
Veronica Burton3-PTMade,Veronica Burton3-PTMade0.5,WNBA,238261,Veronica Burton,G,GSV,3-PT Made,0.5,TRUE,10/9/2026,12/30/1899,pre_game,WNBA,goblin,https://static.prizepicks.com/images/players/WNBA/Veronica_Burton_WNBA_player_PgQhWXIUPjwd5ndjpucEaD8E.webp,15547979,,,,,,,,,,,,Valkyries @ Aces,2026-10-10T01:30:00Z,Fri 09:30pm,N/A,N/A,Peacock/NBCSN,,,10/9/2026,,,,,No,,24.61,31,,,,0,,0,,0,0,0.5,0,Push
Jewell Loyd3-PTMade,Jewell Loyd3-PTMade0.5,WNBA,237844,Jewell Loyd,G,LVA,3-PT Made,0.5,TRUE,10/9/2026,12/30/1899,pre_game,WNBA,goblin,https://static.prizepicks.com/images/players/WNBA/Jewell_Loyd_WNBA_player_kl6eTaXsduFI7E6eDj4QuueY.webp,15548023,,,,,,,,,Yes,-4.5,156.6,Valkyries @ Aces,2026-10-10T01:30:00Z,Fri 09:30pm,N/A,N/A,Peacock/NBCSN,,,10/9/2026,,,,,No,ATL,16.73,28,,,,0,2,1.9156,over,0,1.92,1.21,0,Push
Kayla Thornton3-PTMade,Kayla Thornton3-PTMade0.5,WNBA,238102,Kayla Thornton,F,GSV,3-PT Made,0.5,TRUE,10/9/2026,12/30/1899,pre_game,WNBA,goblin,https://static.prizepicks.com/images/players/WNBA/Kayla_Thornton_WNBA_player_LW0QKyGiDE0bVq5F3TkgEtm8.webp,15548029,,,,,,,,,,,,Valkyries @ Aces,2026-10-10T01:30:00Z,Fri 09:30pm,N/A,N/A,Peacock/NBCSN,,,10/9/2026,,,,,No,,18,28,,,,0,,0,,0,0,0.5,0,Push
Kayla ThorntonAssists,Kayla ThorntonAssists0.5,WNBA,238102,Kayla Thornton,F,GSV,Assists,0.5,TRUE,10/9/2026,12/30/1899,pre_game,WNBA,goblin,https://static.prizepicks.com/images/players/WNBA/Kayla_Thornton_WNBA_player_LW0QKyGiDE0bVq5F3TkgEtm8.webp,15591108,,,,,,,https://www.freeiconspng.com/img/1934,,,,,Valkyries @ Aces,2026-10-10T01:30:00Z,Fri 09:30pm,N/A,N/A,Peacock/NBCSN,,,10/9/2026,,,,,No,,18,28,,,,0,,0,,0,0,0.5,0.5,Push
Stephanie Talbot3-PTMade,Stephanie Talbot3-PTMade0.5,WNBA,317883,Stephanie Talbot,F,LVA,3-PT Made,0.5,TRUE,10/9/2026,12/30/1899,pre_game,WNBA,goblin,https://static.prizepicks.com/images/players/WNBA/Stephanie_Talbot_WNBA_player_v6hnGHVjDs3ZNq5tDauoy5Dk.webp,15591367,,,,,,,,,Yes,-4.5,156.6,Valkyries @ Aces,2026-10-10T01:30:00Z,Fri 09:30pm,N/A,N/A,Peacock/NBCSN,,,10/9/2026,,,,,No,ATL,13.5,20,,,,0,2,1.9156,over,0,1.92,1.21,0,Push
Kayla ThorntonOffensiveRebounds,Kayla ThorntonOffensiveRebounds0.5,WNBA,238102,Kayla Thornton,F,GSV,Offensive Rebounds,0.5,TRUE,10/9/2026,12/30/1899,pre_game,WNBA,goblin,https://static.prizepicks.com/images/players/WNBA/Kayla_Thornton_WNBA_player_LW0QKyGiDE0bVq5F3TkgEtm8.webp,15597893,,,,,,,,,,,,Valkyries @ Aces,2026-10-10T01:30:00Z,Fri 09:30pm,N/A,N/A,Peacock/NBCSN,,,10/9/2026,,,,,No,,18,28,,,,0,,0,,0,0,0.5,0,Push
Veronica BurtonOffensiveRebounds,Veronica BurtonOffensiveRebounds0.5,WNBA,238261,Veronica Burton,G,GSV,Offensive Rebounds,0.5,TRUE,10/9/2026,12/30/1899,pre_game,WNBA,goblin,https://static.prizepicks.com/images/players/WNBA/Veronica_Burton_WNBA_player_PgQhWXIUPjwd5ndjpucEaD8E.webp,15597896,,,,,,,,,,,,Valkyries @ Aces,2026-10-10T01:30:00Z,Fri 09:30pm,N/A,N/A,Peacock/NBCSN,,,10/9/2026,,,,,No,,24.61,31,,,,0,,0,,0,0,0.5,0,Push
Jackie YoungBlks+Stls,Jackie YoungBlks+Stls0.5,WNBA,237846,Jackie Young,G,LVA,Blks+Stls,0.5,TRUE,10/9/2026,12/30/1899,pre_game,WNBA,goblin,https://static.prizepicks.com/images/players/WNBA/Jackie_Young_WNBA_player_xMYZ7NbkZrdioerQcMdWBKG9.webp,15598020,,,,,,,,,Yes,-4.5,156.6,Valkyries @ Aces,2026-10-10T01:30:00Z,Fri 09:30pm,N/A,N/A,Peacock/NBCSN,,,10/9/2026,,,,,No,ATL,33.24,31,,,,0,2,1.9156,over,0,1.92,1.21,0,Push
Gabby WilliamsTurnovers,Gabby WilliamsTurnovers0.5,WNBA,316568,Gabby Williams,F,GSV,Turnovers,0.5,TRUE,10/9/2026,12/30/1899,pre_game,WNBA,goblin,https://static.prizepicks.com/images/manual/Gabby Williams .png,15598079,,,,,,,,,,,,Valkyries @ Aces,2026-10-10T01:30:00Z,Fri 09:30pm,N/A,N/A,Peacock/NBCSN,,,10/9/2026,,,,,No,,31.53,30,,,,0,,0,,0,0,0.5,0,Push
Veronica BurtonTurnovers,Veronica BurtonTurnovers0.5,WNBA,238261,Veronica Burton,G,GSV,Turnovers,0.5,TRUE,10/9/2026,12/30/1899,pre_game,WNBA,goblin,https://static.prizepicks.com/images/players/WNBA/Veronica_Burton_WNBA_player_PgQhWXIUPjwd5ndjpucEaD8E.webp,15598081,,,,,,,,,,,,Valkyries @ Aces,2026-10-10T01:30:00Z,Fri 09:30pm,N/A,N/A,Peacock/NBCSN,,,10/9/2026,,,,,No,,24.61,31,,,,0,,0,,0,0,0.5,0,Push