Date,Start Time,Player Name,Stat Type,Line Score,Odds Type,Headshot URL,Data ID,Over %,Under %,No-Vig Over %,No-Vig Under %,True Point,Average Line,Average Over %,Average Under %,Average No-Vig Over %,Average No-Vig Under %,Percent Difference,Max No-Vig %,Bet Tag,Projection,Projection vs Line,Edge %,Correlates,Team,Game Short Title,Fav,O/U,Callout Bet Tag,Position
N/A,9/27/2026,Matthew Stafford,Pass Yards,243.5,standard,https://static.prizepicks.com/images/teams/nfl/NFL_team_OQJWWRmOVsNF455KMnABMEBU/9.webp,https://static.prizepicks.com/images/teams/nfl/NFL_team_OQJWWRmOVsNF455KMnABMEBU/9.webp,57.81,57.81,50,50,239.92,239.25,52.37,56.24,48.32,51.68,-1.68,51.68,Under,239.25,-4.25,51.78,Yes,,,,,,
N/A,9/27/2026,Matthew Stafford,Pass+Rush Yds,359.5,demon,https://static.prizepicks.com/images/teams/nfl/NFL_team_OQJWWRmOVsNF455KMnABMEBU/9.webp,https://static.prizepicks.com/images/teams/nfl/NFL_team_OQJWWRmOVsNF455KMnABMEBU/9.webp,57.81,57.81,50,50,234.52,239.75,48.91,58.02,45.75,54.25,-4.25,45.75,Over,239.75,-119.75,5.91,No,,,,,,
N/A,9/27/2026,Bo Nix,Pass+Rush Yds,349.5,demon,https://static.prizepicks.com/images/teams/nfl/NFL_team_0RiBCeMt7uQeqG9tfd1lfANf/10.webp,https://static.prizepicks.com/images/teams/nfl/NFL_team_0RiBCeMt7uQeqG9tfd1lfANf/10.webp,57.81,57.81,50,50,246.43,227.8,54.09,54.71,49.78,50.22,-0.22,49.78,Over,227.8,-121.7,9.88,No,,,,,,
N/A,9/27/2026,Matthew Stafford,Pass+Rush Yds,299.5,demon,https://static.prizepicks.com/images/teams/nfl/NFL_team_OQJWWRmOVsNF455KMnABMEBU/9.webp,https://static.prizepicks.com/images/teams/nfl/NFL_team_OQJWWRmOVsNF455KMnABMEBU/9.webp,57.81,57.81,50,50,234.52,239.75,48.91,58.02,45.75,54.25,-4.25,45.75,Over,239.75,-59.75,20.83,No,,,,,,
N/A,9/27/2026,Bo Nix,Pass Yards,275.5,demon,https://static.prizepicks.com/images/teams/nfl/NFL_team_0RiBCeMt7uQeqG9tfd1lfANf/10.webp,https://static.prizepicks.com/images/teams/nfl/NFL_team_0RiBCeMt7uQeqG9tfd1lfANf/10.webp,57.81,57.81,50,50,211.08,211.85,54.33,55.95,49.38,50.62,-0.62,49.38,Over,211.85,-63.65,21.03,No,,,,,,
N/A,9/27/2026,Bo Nix,Pass+Rush Yds,274.5,demon,https://static.prizepicks.com/images/teams/nfl/NFL_team_0RiBCeMt7uQeqG9tfd1lfANf/10.webp,https://static.prizepicks.com/images/teams/nfl/NFL_team_0RiBCeMt7uQeqG9tfd1lfANf/10.webp,57.81,57.81,50,50,246.43,227.8,54.09,54.71,49.78,50.22,-0.22,49.78,Over,227.8,-46.7,36.28,No,,,,,,
N/A,9/27/2026,Matthew Stafford,Pass Yards,262.5,demon,https://static.prizepicks.com/images/teams/nfl/NFL_team_OQJWWRmOVsNF455KMnABMEBU/9.webp,https://static.prizepicks.com/images/teams/nfl/NFL_team_OQJWWRmOVsNF455KMnABMEBU/9.webp,57.81,57.81,50,50,239.92,239.25,52.37,56.24,48.32,51.68,-1.68,48.32,Over,239.25,-23.25,38.89,No,,,,,,
N/A,9/27/2026,Matthew Stafford,Pass Yards,252.5,demon,https://static.prizepicks.com/images/teams/nfl/NFL_team_OQJWWRmOVsNF455KMnABMEBU/9.webp,https://static.prizepicks.com/images/teams/nfl/NFL_team_OQJWWRmOVsNF455KMnABMEBU/9.webp,57.81,57.81,50,50,239.92,239.25,52.37,56.24,48.32,51.68,-1.68,48.32,Over,239.25,-13.25,43.75,No,,,,,,
N/A,9/27/2026,Matthew Stafford,Pass Yards,249.5,demon,https://static.prizepicks.com/images/teams/nfl/NFL_team_OQJWWRmOVsNF455KMnABMEBU/9.webp,https://static.prizepicks.com/images/teams/nfl/NFL_team_OQJWWRmOVsNF455KMnABMEBU/9.webp,57.81,57.81,50,50,239.92,239.25,52.37,56.24,48.32,51.68,-1.68,48.32,Over,239.25,-10.25,45.23,No,,,,,,
N/A,9/27/2026,Bo Nix,Pass+Rush Yds,249.5,demon,https://static.prizepicks.com/images/teams/nfl/NFL_team_0RiBCeMt7uQeqG9tfd1lfANf/10.webp,https://static.prizepicks.com/images/teams/nfl/NFL_team_0RiBCeMt7uQeqG9tfd1lfANf/10.webp,57.81,57.81,50,50,246.43,227.8,54.09,54.71,49.78,50.22,-0.22,49.78,Over,227.8,-21.7,48.47,No,,,,,,
N/A,9/27/2026,Matthew Stafford,Pass+Rush Yds,249.5,demon,https://static.prizepicks.com/images/teams/nfl/NFL_team_OQJWWRmOVsNF455KMnABMEBU/9.webp,https://static.prizepicks.com/images/teams/nfl/NFL_team_OQJWWRmOVsNF455KMnABMEBU/9.webp,57.81,57.81,50,50,234.52,239.75,48.91,58.02,45.75,54.25,-4.25,45.75,Over,239.75,-9.75,42.57,No,,,,,,
N/A,9/27/2026,Matthew Stafford,Pass Yards,246.5,demon,https://static.prizepicks.com/images/teams/nfl/NFL_team_OQJWWRmOVsNF455KMnABMEBU/9.webp,https://static.prizepicks.com/images/teams/nfl/NFL_team_OQJWWRmOVsNF455KMnABMEBU/9.webp,57.81,57.81,50,50,239.92,239.25,52.37,56.24,48.32,51.68,-1.68,48.32,Over,239.25,-7.25,46.72,No,,,,,,
N/A,9/27/2026,Matthew Stafford,Pass+Rush Yds,244.5,standard,https://static.prizepicks.com/images/teams/nfl/NFL_team_OQJWWRmOVsNF455KMnABMEBU/9.webp,https://static.prizepicks.com/images/teams/nfl/NFL_team_OQJWWRmOVsNF455KMnABMEBU/9.webp,57.81,57.81,50,50,234.52,239.75,48.91,58.02,45.75,54.25,-4.25,54.25,Under,239.75,-4.75,54.96,Yes,,,,,,
N/A,9/27/2026,Matthew Stafford,Pass Yards,242.5,standard,https://static.prizepicks.com/images/teams/nfl/NFL_team_OQJWWRmOVsNF455KMnABMEBU/9.webp,https://static.prizepicks.com/images/teams/nfl/NFL_team_OQJWWRmOVsNF455KMnABMEBU/9.webp,57.81,57.81,50,50,239.92,239.25,52.37,56.24,48.32,51.68,-1.68,51.68,Under,239.25,-3.25,51.29,Yes,,,,,,
N/A,9/27/2026,Matthew Stafford,Pass+Rush Yds,239.5,goblin,https://static.prizepicks.com/images/teams/nfl/NFL_team_OQJWWRmOVsNF455KMnABMEBU/9.webp,https://static.prizepicks.com/images/teams/nfl/NFL_team_OQJWWRmOVsNF455KMnABMEBU/9.webp,57.81,57.81,50,50,234.52,239.75,48.91,58.02,45.75,54.25,-4.25,45.75,Over,239.75,0.25,47.52,Yes,,,,,,
N/A,9/27/2026,Matthew Stafford,Pass Yards,232.5,goblin,https://static.prizepicks.com/images/teams/nfl/NFL_team_OQJWWRmOVsNF455KMnABMEBU/9.webp,https://static.prizepicks.com/images/teams/nfl/NFL_team_OQJWWRmOVsNF455KMnABMEBU/9.webp,57.81,57.81,50,50,239.92,239.25,52.37,56.24,48.32,51.68,-1.68,48.32,Over,239.25,6.75,53.69,Yes,,,,,,
N/A,9/27/2026,Bo Nix,Pass+Rush Yds,230.5,standard,https://static.prizepicks.com/images/teams/nfl/NFL_team_0RiBCeMt7uQeqG9tfd1lfANf/10.webp,https://static.prizepicks.com/images/teams/nfl/NFL_team_0RiBCeMt7uQeqG9tfd1lfANf/10.webp,57.81,57.81,50,50,246.43,227.8,54.09,54.71,49.78,50.22,-0.22,50.22,Under,227.8,-2.7,42.11,Yes,,,,,,
N/A,9/27/2026,Bo Nix,Pass+Rush Yds,229.5,goblin,https://static.prizepicks.com/images/teams/nfl/NFL_team_0RiBCeMt7uQeqG9tfd1lfANf/10.webp,https://static.prizepicks.com/images/teams/nfl/NFL_team_0RiBCeMt7uQeqG9tfd1lfANf/10.webp,57.81,57.81,50,50,246.43,227.8,54.09,54.71,49.78,50.22,-0.22,49.78,Over,227.8,-1.7,58.38,No,,,,,,
N/A,9/27/2026,Bo Nix,Pass Yards,224.5,demon,https://static.prizepicks.com/images/teams/nfl/NFL_team_0RiBCeMt7uQeqG9tfd1lfANf/10.webp,https://static.prizepicks.com/images/teams/nfl/NFL_team_0RiBCeMt7uQeqG9tfd1lfANf/10.webp,57.81,57.81,50,50,211.08,211.85,54.33,55.95,49.38,50.62,-0.62,49.38,Over,211.85,-12.65,43.34,No,,,,,,
N/A,9/27/2026,Bo Nix,Pass Yards,221.5,demon,https://static.prizepicks.com/images/teams/nfl/NFL_team_0RiBCeMt7uQeqG9tfd1lfANf/10.webp,https://static.prizepicks.com/images/teams/nfl/NFL_team_0RiBCeMt7uQeqG9tfd1lfANf/10.webp,57.81,57.81,50,50,211.08,211.85,54.33,55.95,49.38,50.62,-0.62,49.38,Over,211.85,-9.65,44.82,No,,,,,,
N/A,9/27/2026,Bo Nix,Pass Yards,219.5,demon,https://static.prizepicks.com/images/teams/nfl/NFL_team_0RiBCeMt7uQeqG9tfd1lfANf/10.webp,https://static.prizepicks.com/images/teams/nfl/NFL_team_0RiBCeMt7uQeqG9tfd1lfANf/10.webp,57.81,57.81,50,50,211.08,211.85,54.33,55.95,49.38,50.62,-0.62,49.38,Over,211.85,-7.65,45.81,No,,,,,,
N/A,9/27/2026,Bo Nix,Pass Yards,213.5,standard,https://static.prizepicks.com/images/teams/nfl/NFL_team_0RiBCeMt7uQeqG9tfd1lfANf/10.webp,https://static.prizepicks.com/images/teams/nfl/NFL_team_0RiBCeMt7uQeqG9tfd1lfANf/10.webp,57.81,57.81,50,50,211.08,211.85,54.33,55.95,49.38,50.62,-0.62,50.62,Under,211.85,-1.65,51.21,Yes,,,,,,
N/A,9/27/2026,Matthew Stafford,Pass Yards,212.5,goblin,https://static.prizepicks.com/images/teams/nfl/NFL_team_OQJWWRmOVsNF455KMnABMEBU/9.webp,https://static.prizepicks.com/images/teams/nfl/NFL_team_OQJWWRmOVsNF455KMnABMEBU/9.webp,57.81,57.81,50,50,239.92,239.25,52.37,56.24,48.32,51.68,-1.68,48.32,Over,239.25,26.75,63.41,Yes,,,,,,
N/A,9/27/2026,Bo Nix,Pass Yards,205.5,goblin,https://static.prizepicks.com/images/teams/nfl/NFL_team_0RiBCeMt7uQeqG9tfd1lfANf/10.webp,https://static.prizepicks.com/images/teams/nfl/NFL_team_0RiBCeMt7uQeqG9tfd1lfANf/10.webp,57.81,57.81,50,50,211.08,211.85,54.33,55.95,49.38,50.62,-0.62,49.38,Over,211.85,6.35,52.78,Yes,,,,,,
N/A,9/27/2026,Bo Nix,Pass Yards,199.5,goblin,https://static.prizepicks.com/images/teams/nfl/NFL_team_0RiBCeMt7uQeqG9tfd1lfANf/10.webp,https://static.prizepicks.com/images/teams/nfl/NFL_team_0RiBCeMt7uQeqG9tfd1lfANf/10.webp,57.81,57.81,50,50,211.08,211.85,54.33,55.95,49.38,50.62,-0.62,49.38,Over,211.85,12.35,55.75,Yes,,,,,,
N/A,9/27/2026,Matthew Stafford,Pass+Rush Yds,199.5,goblin,https://static.prizepicks.com/images/teams/nfl/NFL_team_OQJWWRmOVsNF455KMnABMEBU/9.webp,https://static.prizepicks.com/images/teams/nfl/NFL_team_OQJWWRmOVsNF455KMnABMEBU/9.webp,57.81,57.81,50,50,234.52,239.75,48.91,58.02,45.75,54.25,-4.25,45.75,Over,239.75,40.25,66.92,Yes,,,,,,
N/A,9/27/2026,Bo Nix,Pass+Rush Yds,199.5,goblin,https://static.prizepicks.com/images/teams/nfl/NFL_team_0RiBCeMt7uQeqG9tfd1lfANf/10.webp,https://static.prizepicks.com/images/teams/nfl/NFL_team_0RiBCeMt7uQeqG9tfd1lfANf/10.webp,57.81,57.81,50,50,246.43,227.8,54.09,54.71,49.78,50.22,-0.22,49.78,Over,227.8,28.3,72.13,Yes,,,,,,
N/A,9/27/2026,Matthew Stafford,Pass Yards,199.5,goblin,https://static.prizepicks.com/images/teams/nfl/NFL_team_OQJWWRmOVsNF455KMnABMEBU/9.webp,https://static.prizepicks.com/images/teams/nfl/NFL_team_OQJWWRmOVsNF455KMnABMEBU/9.webp,57.81,57.81,50,50,239.92,239.25,52.37,56.24,48.32,51.68,-1.68,48.32,Over,239.25,39.75,69.33,Yes,,,,,,
N/A,9/27/2026,Matthew Stafford,Pass+Rush Yds,189.5,goblin,https://static.prizepicks.com/images/teams/nfl/NFL_team_OQJWWRmOVsNF455KMnABMEBU/9.webp,https://static.prizepicks.com/images/teams/nfl/NFL_team_OQJWWRmOVsNF455KMnABMEBU/9.webp,57.81,57.81,50,50,234.52,239.75,48.91,58.02,45.75,54.25,-4.25,45.75,Over,239.75,50.25,71.32,Yes,,,,,,
N/A,9/27/2026,Bo Nix,Pass Yards,174.5,goblin,https://static.prizepicks.com/images/teams/nfl/NFL_team_0RiBCeMt7uQeqG9tfd1lfANf/10.webp,https://static.prizepicks.com/images/teams/nfl/NFL_team_0RiBCeMt7uQeqG9tfd1lfANf/10.webp,57.81,57.81,50,50,211.08,211.85,54.33,55.95,49.38,50.62,-0.62,49.38,Over,211.85,37.35,67.63,Yes,,,,,,
N/A,9/27/2026,Matthew Stafford,Pass Yards,174.5,goblin,https://static.prizepicks.com/images/teams/nfl/NFL_team_OQJWWRmOVsNF455KMnABMEBU/9.webp,https://static.prizepicks.com/images/teams/nfl/NFL_team_OQJWWRmOVsNF455KMnABMEBU/9.webp,57.81,57.81,50,50,239.92,239.25,52.37,56.24,48.32,51.68,-1.68,48.32,Over,239.25,64.75,79.33,Yes,,,,,,
N/A,9/27/2026,Bo Nix,Pass+Rush Yds,174.5,goblin,https://static.prizepicks.com/images/teams/nfl/NFL_team_0RiBCeMt7uQeqG9tfd1lfANf/10.webp,https://static.prizepicks.com/images/teams/nfl/NFL_team_0RiBCeMt7uQeqG9tfd1lfANf/10.webp,57.81,57.81,50,50,246.43,227.8,54.09,54.71,49.78,50.22,-0.22,49.78,Over,227.8,53.3,81.57,Yes,,,,,,
N/A,9/27/2026,Davante Adams,Receiving Yards,150.5,demon,https://static.prizepicks.com/images/teams/nfl/NFL_team_OQJWWRmOVsNF455KMnABMEBU/17.webp,https://static.prizepicks.com/images/teams/nfl/NFL_team_OQJWWRmOVsNF455KMnABMEBU/17.webp,57.81,57.81,50,50,72.5,72.43,51.82,55.62,48.24,51.76,-1.76,48.24,Over,71.84,-78.66,2.56,No,,,,,,
N/A,9/27/2026,Bo Nix,Pass Yards,149.5,goblin,https://static.prizepicks.com/images/teams/nfl/NFL_team_0RiBCeMt7uQeqG9tfd1lfANf/10.webp,https://static.prizepicks.com/images/teams/nfl/NFL_team_0RiBCeMt7uQeqG9tfd1lfANf/10.webp,57.81,57.81,50,50,211.08,211.85,54.33,55.95,49.38,50.62,-0.62,49.38,Over,211.85,62.35,77.93,Yes,,,,,,
N/A,9/27/2026,Jaylen Waddle,Receiving Yards,139.5,demon,https://static.prizepicks.com/images/teams/nfl/NFL_team_0RiBCeMt7uQeqG9tfd1lfANf/17.webp,https://static.prizepicks.com/images/teams/nfl/NFL_team_0RiBCeMt7uQeqG9tfd1lfANf/17.webp,57.81,57.81,50,50,59.5,59.2,54.12,53.97,50.11,49.89,0.11,50.11,Over,59.2,-80.3,2.28,No,,,,,,
N/A,9/27/2026,Kyren Williams,Rush+Rec Yds,139.5,demon,https://static.prizepicks.com/images/teams/nfl/NFL_team_OQJWWRmOVsNF455KMnABMEBU/23.webp,https://static.prizepicks.com/images/teams/nfl/NFL_team_OQJWWRmOVsNF455KMnABMEBU/23.webp,57.81,57.81,50,50,69.97,70,54.57,57.35,48.97,51.03,-1.03,48.97,Over,70,-69.5,8.22,No,,,,,,
N/A,9/27/2026,Harrison Mevis + Wil Lutz,Field Goal Yards (Combo),129.5,standard,https://static.prizepicks.com/images/players/CMBO_group_KUnT3yGyOoP4Bm4eT3GrF7A6.webp,https://static.prizepicks.com/images/players/CMBO_group_KUnT3yGyOoP4Bm4eT3GrF7A6.webp,57.81,57.81,50,50,129.5,,,,,,,,,,,50,,,,,,,
N/A,9/27/2026,Kyren Williams,Rush Yards,124.5,demon,https://static.prizepicks.com/images/teams/nfl/NFL_team_OQJWWRmOVsNF455KMnABMEBU/23.webp,https://static.prizepicks.com/images/teams/nfl/NFL_team_OQJWWRmOVsNF455KMnABMEBU/23.webp,57.81,57.81,50,50,53.29,53,54.13,53.29,50.48,49.52,0.48,50.48,Over,53,-71.5,7.72,No,,,,,,
N/A,9/27/2026,Terrance Ferguson,Receiving Yards,124.5,demon,https://static.prizepicks.com/images/teams/nfl/NFL_team_OQJWWRmOVsNF455KMnABMEBU/18.webp,https://static.prizepicks.com/images/teams/nfl/NFL_team_OQJWWRmOVsNF455KMnABMEBU/18.webp,57.81,57.81,50,50,50.39,50.44,52.92,53.49,49.71,50.29,-0.29,49.71,Over,50.44,-74.06,3.2,No,,,,,,
N/A,9/27/2026,J.K. Dobbins,Rush Yards,124.5,demon,https://static.prizepicks.com/images/teams/nfl/NFL_team_0RiBCeMt7uQeqG9tfd1lfANf/27.webp,https://static.prizepicks.com/images/teams/nfl/NFL_team_0RiBCeMt7uQeqG9tfd1lfANf/27.webp,57.81,57.81,50,50,50.76,50.55,53.53,53.33,50.09,49.91,0.09,50.09,Over,50.55,-73.95,7.01,No,,,,,,
N/A,9/27/2026,RJ Harvey,Rush+Rec Yds,124.5,demon,https://static.prizepicks.com/images/teams/nfl/NFL_team_0RiBCeMt7uQeqG9tfd1lfANf/12.webp,https://static.prizepicks.com/images/teams/nfl/NFL_team_0RiBCeMt7uQeqG9tfd1lfANf/12.webp,57.81,57.81,50,50,40.97,41.77,54.85,54.84,50,50,0,50,Over,41.77,-82.73,4.74,No,,,,,,
N/A,9/27/2026,Blake Corum,Rush Yards,117.5,demon,https://static.prizepicks.com/images/teams/nfl/NFL_team_OQJWWRmOVsNF455KMnABMEBU/24.webp,https://static.prizepicks.com/images/teams/nfl/NFL_team_OQJWWRmOVsNF455KMnABMEBU/24.webp,57.81,57.81,50,50,47.76,47.27,53.57,53.27,50.15,49.85,0.15,50.15,Over,47.27,-70.23,8.15,No,,,,,,
N/A,9/27/2026,Courtland Sutton,Receiving Yards,109.5,demon,https://static.prizepicks.com/images/teams/nfl/NFL_team_0RiBCeMt7uQeqG9tfd1lfANf/14.webp,https://static.prizepicks.com/images/teams/nfl/NFL_team_0RiBCeMt7uQeqG9tfd1lfANf/14.webp,57.81,57.81,50,50,32.61,37.34,52.42,55.17,48.74,51.26,-1.26,48.74,Over,37.34,-72.16,2.73,No,,,,,,
N/A,9/27/2026,Kyren Williams,Rush+Rec Yds,99.5,demon,https://static.prizepicks.com/images/teams/nfl/NFL_team_OQJWWRmOVsNF455KMnABMEBU/23.webp,https://static.prizepicks.com/images/teams/nfl/NFL_team_OQJWWRmOVsNF455KMnABMEBU/23.webp,57.81,57.81,50,50,69.97,70,54.57,57.35,48.97,51.03,-1.03,48.97,Over,70,-29.5,27.74,No,,,,,,
N/A,9/27/2026,RJ Harvey,Rush+Rec Yds,99.5,demon,https://static.prizepicks.com/images/teams/nfl/NFL_team_0RiBCeMt7uQeqG9tfd1lfANf/12.webp,https://static.prizepicks.com/images/teams/nfl/NFL_team_0RiBCeMt7uQeqG9tfd1lfANf/12.webp,57.81,57.81,50,50,40.97,41.77,54.85,54.84,50,50,0,50,Over,41.77,-57.73,12.09,No,,,,,,
N/A,9/27/2026,Pat Bryant,Receiving Yards,87.5,demon,https://static.prizepicks.com/images/teams/nfl/NFL_team_0RiBCeMt7uQeqG9tfd1lfANf/13.webp,https://static.prizepicks.com/images/teams/nfl/NFL_team_0RiBCeMt7uQeqG9tfd1lfANf/13.webp,57.81,57.81,50,50,24.77,25.69,52.97,54.26,49.42,50.58,-0.58,49.42,Over,25.69,-61.81,5.84,No,,,,,,
N/A,9/27/2026,Jaylen Waddle,Receiving Yards,79.5,demon,https://static.prizepicks.com/images/teams/nfl/NFL_team_0RiBCeMt7uQeqG9tfd1lfANf/17.webp,https://static.prizepicks.com/images/teams/nfl/NFL_team_0RiBCeMt7uQeqG9tfd1lfANf/17.webp,57.81,57.81,50,50,59.5,59.2,54.12,53.97,50.11,49.89,0.11,50.11,Over,59.2,-20.3,30.85,No,,,,,,
N/A,9/27/2026,Davante Adams,Receiving Yards,79.5,demon,https://static.prizepicks.com/images/teams/nfl/NFL_team_OQJWWRmOVsNF455KMnABMEBU/17.webp,https://static.prizepicks.com/images/teams/nfl/NFL_team_OQJWWRmOVsNF455KMnABMEBU/17.webp,57.81,57.81,50,50,72.5,72.43,51.82,55.62,48.24,51.76,-1.76,48.24,Over,71.84,-7.66,43.05,No,,,,,,
N/A,9/27/2026,RJ Harvey,Receiving Yards,77.5,demon,https://static.prizepicks.com/images/teams/nfl/NFL_team_0RiBCeMt7uQeqG9tfd1lfANf/12.webp,https://static.prizepicks.com/images/teams/nfl/NFL_team_0RiBCeMt7uQeqG9tfd1lfANf/12.webp,57.81,57.81,50,50,17.5,17.75,53.45,53.38,50.03,49.97,0.03,50.03,Over,17.75,-59.75,6.68,No,,,,,,
N/A,9/27/2026,Davante Adams,Receiving Yards,76.5,demon,https://static.prizepicks.com/images/teams/nfl/NFL_team_OQJWWRmOVsNF455KMnABMEBU/17.webp,https://static.prizepicks.com/images/teams/nfl/NFL_team_OQJWWRmOVsNF455KMnABMEBU/17.webp,57.81,57.81,50,50,72.5,72.43,51.82,55.62,48.24,51.76,-1.76,48.24,Over,71.84,-4.66,46.02,No,,,,,,
N/A,9/27/2026,Kyren Williams,Rush+Rec Yds,74.5,demon,https://static.prizepicks.com/images/teams/nfl/NFL_team_OQJWWRmOVsNF455KMnABMEBU/23.webp,https://static.prizepicks.com/images/teams/nfl/NFL_team_OQJWWRmOVsNF455KMnABMEBU/23.webp,57.81,57.81,50,50,69.97,70,54.57,57.35,48.97,51.03,-1.03,48.97,Over,70,-4.5,46.39,No,,,,,,
N/A,9/27/2026,Kyren Williams,Receiving Yards,72.5,demon,https://static.prizepicks.com/images/teams/nfl/NFL_team_OQJWWRmOVsNF455KMnABMEBU/23.webp,https://static.prizepicks.com/images/teams/nfl/NFL_team_OQJWWRmOVsNF455KMnABMEBU/23.webp,57.81,57.81,50,50,13.34,12.5,53.89,53.39,50.23,49.77,0.23,50.23,Over,12.5,-60,6.96,No,,,,,,
N/A,9/27/2026,Davante Adams,Receiving Yards,72.5,demon,https://static.prizepicks.com/images/teams/nfl/NFL_team_OQJWWRmOVsNF455KMnABMEBU/17.webp,https://static.prizepicks.com/images/teams/nfl/NFL_team_OQJWWRmOVsNF455KMnABMEBU/17.webp,57.81,57.81,50,50,72.5,72.43,51.82,55.62,48.24,51.76,-1.76,48.24,Over,71.84,-0.66,50,No,,,,,,
N/A,9/27/2026,Evan Engram,Receiving Yards,71.5,demon,https://static.prizepicks.com/images/teams/nfl/NFL_team_0RiBCeMt7uQeqG9tfd1lfANf/1.webp,https://static.prizepicks.com/images/teams/nfl/NFL_team_0RiBCeMt7uQeqG9tfd1lfANf/1.webp,57.81,57.81,50,50,21.92,21.3,53.64,55.83,49.03,50.97,-0.97,49.03,Over,21.3,-50.2,10.76,No,,,,,,
N/A,9/27/2026,Davante Adams,Receiving Yards,71.5,standard,https://static.prizepicks.com/images/teams/nfl/NFL_team_OQJWWRmOVsNF455KMnABMEBU/17.webp,https://static.prizepicks.com/images/teams/nfl/NFL_team_OQJWWRmOVsNF455KMnABMEBU/17.webp,57.81,57.81,50,50,72.5,72.43,51.82,55.62,48.24,51.76,-1.76,51.76,Under,71.84,0.34,49,No,,,,,,
N/A,9/27/2026,RJ Harvey,Rush Yards,70.5,demon,https://static.prizepicks.com/images/teams/nfl/NFL_team_0RiBCeMt7uQeqG9tfd1lfANf/12.webp,https://static.prizepicks.com/images/teams/nfl/NFL_team_0RiBCeMt7uQeqG9tfd1lfANf/12.webp,57.81,57.81,50,50,19.5,19.82,53.87,53.69,50.08,49.92,0.08,50.08,Over,19.82,-50.68,15.39,No,,,,,,
N/A,9/27/2026,Jaylen Waddle,Receiving Yards,69.5,demon,https://static.prizepicks.com/images/teams/nfl/NFL_team_0RiBCeMt7uQeqG9tfd1lfANf/17.webp,https://static.prizepicks.com/images/teams/nfl/NFL_team_0RiBCeMt7uQeqG9tfd1lfANf/17.webp,57.81,57.81,50,50,59.5,59.2,54.12,53.97,50.11,49.89,0.11,50.11,Over,59.2,-10.3,40.13,No,,,,,,
N/A,9/27/2026,Kyren Williams,Rush Yards,69.5,demon,https://static.prizepicks.com/images/teams/nfl/NFL_team_OQJWWRmOVsNF455KMnABMEBU/23.webp,https://static.prizepicks.com/images/teams/nfl/NFL_team_OQJWWRmOVsNF455KMnABMEBU/23.webp,57.81,57.81,50,50,53.29,53,54.13,53.29,50.48,49.52,0.48,50.48,Over,53,-16.5,37.29,No,,,,,,
N/A,9/27/2026,Matthew Stafford,Longest Completion,69.5,demon,https://static.prizepicks.com/images/teams/nfl/NFL_team_OQJWWRmOVsNF455KMnABMEBU/9.webp,https://static.prizepicks.com/images/teams/nfl/NFL_team_OQJWWRmOVsNF455KMnABMEBU/9.webp,57.81,57.81,50,50,69.5,,,,,,,,,,,50,,,,,,,
N/A,9/27/2026,Bo Nix,Longest Completion,69.5,demon,https://static.prizepicks.com/images/teams/nfl/NFL_team_0RiBCeMt7uQeqG9tfd1lfANf/10.webp,https://static.prizepicks.com/images/teams/nfl/NFL_team_0RiBCeMt7uQeqG9tfd1lfANf/10.webp,57.81,57.81,50,50,69.5,,,,,,,,,,,50,,,,,,,
N/A,9/27/2026,Terrance Ferguson,Receiving Yards,69.5,demon,https://static.prizepicks.com/images/teams/nfl/NFL_team_OQJWWRmOVsNF455KMnABMEBU/18.webp,https://static.prizepicks.com/images/teams/nfl/NFL_team_OQJWWRmOVsNF455KMnABMEBU/18.webp,57.81,57.81,50,50,50.39,50.44,52.92,53.49,49.71,50.29,-0.29,49.71,Over,50.44,-19.06,31.64,No,,,,,,
N/A,9/27/2026,Kyren Williams,Rush+Rec Yds,69.5,standard,https://static.prizepicks.com/images/teams/nfl/NFL_team_OQJWWRmOVsNF455KMnABMEBU/23.webp,https://static.prizepicks.com/images/teams/nfl/NFL_team_OQJWWRmOVsNF455KMnABMEBU/23.webp,57.81,57.81,50,50,69.97,70,54.57,57.35,48.97,51.03,-1.03,51.03,Under,70,0.5,49.63,No,,,,,,
N/A,9/27/2026,J.K. Dobbins,Rush Yards,69.5,demon,https://static.prizepicks.com/images/teams/nfl/NFL_team_0RiBCeMt7uQeqG9tfd1lfANf/27.webp,https://static.prizepicks.com/images/teams/nfl/NFL_team_0RiBCeMt7uQeqG9tfd1lfANf/27.webp,57.81,57.81,50,50,50.76,50.55,53.53,53.33,50.09,49.91,0.09,50.09,Over,50.55,-18.95,35.39,No,,,,,,
N/A,9/27/2026,Jaylen Waddle,Receiving Yards,66.5,demon,https://static.prizepicks.com/images/teams/nfl/NFL_team_0RiBCeMt7uQeqG9tfd1lfANf/17.webp,https://static.prizepicks.com/images/teams/nfl/NFL_team_0RiBCeMt7uQeqG9tfd1lfANf/17.webp,57.81,57.81,50,50,59.5,59.2,54.12,53.97,50.11,49.89,0.11,50.11,Over,59.2,-7.3,43.05,No,,,,,,
N/A,9/27/2026,Davante Adams,Receiving Yards,66.5,goblin,https://static.prizepicks.com/images/teams/nfl/NFL_team_OQJWWRmOVsNF455KMnABMEBU/17.webp,https://static.prizepicks.com/images/teams/nfl/NFL_team_OQJWWRmOVsNF455KMnABMEBU/17.webp,57.81,57.81,50,50,72.5,72.43,51.82,55.62,48.24,51.76,-1.76,48.24,Over,71.84,5.34,55.96,Yes,,,,,,
N/A,9/27/2026,Bo Nix,Rush Yards,64.5,demon,https://static.prizepicks.com/images/teams/nfl/NFL_team_0RiBCeMt7uQeqG9tfd1lfANf/10.webp,https://static.prizepicks.com/images/teams/nfl/NFL_team_0RiBCeMt7uQeqG9tfd1lfANf/10.webp,57.81,57.81,50,50,16.29,15.95,53.86,53.47,50.17,49.83,0.17,50.17,Over,15.95,-48.55,16.75,No,,,,,,
N/A,9/27/2026,Jaylen Waddle,Receiving Yards,60.5,standard,https://static.prizepicks.com/images/teams/nfl/NFL_team_0RiBCeMt7uQeqG9tfd1lfANf/17.webp,https://static.prizepicks.com/images/teams/nfl/NFL_team_0RiBCeMt7uQeqG9tfd1lfANf/17.webp,57.81,57.81,50,50,59.5,59.2,54.12,53.97,50.11,49.89,0.11,50.11,Over,59.2,-1.3,49,No,,,,,,
N/A,9/27/2026,Kyren Williams,Rush Yards,59.5,demon,https://static.prizepicks.com/images/teams/nfl/NFL_team_OQJWWRmOVsNF455KMnABMEBU/23.webp,https://static.prizepicks.com/images/teams/nfl/NFL_team_OQJWWRmOVsNF455KMnABMEBU/23.webp,57.81,57.81,50,50,53.29,53,54.13,53.29,50.48,49.52,0.48,50.48,Over,53,-6.5,45.06,No,,,,,,
N/A,9/27/2026,Terrance Ferguson,Receiving Yards,59.5,demon,https://static.prizepicks.com/images/teams/nfl/NFL_team_OQJWWRmOVsNF455KMnABMEBU/18.webp,https://static.prizepicks.com/images/teams/nfl/NFL_team_OQJWWRmOVsNF455KMnABMEBU/18.webp,57.81,57.81,50,50,50.39,50.44,52.92,53.49,49.71,50.29,-0.29,49.71,Over,50.44,-9.06,40.99,No,,,,,,
N/A,9/27/2026,Colby Parkinson,Receiving Yards,59.5,demon,https://static.prizepicks.com/images/teams/nfl/NFL_team_OQJWWRmOVsNF455KMnABMEBU/84.webp,https://static.prizepicks.com/images/teams/nfl/NFL_team_OQJWWRmOVsNF455KMnABMEBU/84.webp,57.81,57.81,50,50,18.5,18,53.59,53.72,49.94,50.06,-0.06,49.94,Over,18,-41.5,15.27,No,,,,,,
N/A,9/27/2026,J.K. Dobbins,Rush Yards,59.5,demon,https://static.prizepicks.com/images/teams/nfl/NFL_team_0RiBCeMt7uQeqG9tfd1lfANf/27.webp,https://static.prizepicks.com/images/teams/nfl/NFL_team_0RiBCeMt7uQeqG9tfd1lfANf/27.webp,57.81,57.81,50,50,50.76,50.55,53.53,53.33,50.09,49.91,0.09,50.09,Over,50.55,-8.95,43.06,No,,,,,,
N/A,9/27/2026,Kyren Williams,Rush+Rec Yds,59.5,goblin,https://static.prizepicks.com/images/teams/nfl/NFL_team_OQJWWRmOVsNF455KMnABMEBU/23.webp,https://static.prizepicks.com/images/teams/nfl/NFL_team_OQJWWRmOVsNF455KMnABMEBU/23.webp,57.81,57.81,50,50,69.97,70,54.57,57.35,48.97,51.03,-1.03,48.97,Over,70,10.5,58.29,Yes,,,,,,
N/A,9/27/2026,Kyren Williams,Rush Yards,58.5,demon,https://static.prizepicks.com/images/teams/nfl/NFL_team_OQJWWRmOVsNF455KMnABMEBU/23.webp,https://static.prizepicks.com/images/teams/nfl/NFL_team_OQJWWRmOVsNF455KMnABMEBU/23.webp,57.81,57.81,50,50,53.29,53,54.13,53.29,50.48,49.52,0.48,50.48,Over,53,-5.5,45.85,No,,,,,,
N/A,9/27/2026,Blake Corum,Rush Yards,57.5,demon,https://static.prizepicks.com/images/teams/nfl/NFL_team_OQJWWRmOVsNF455KMnABMEBU/24.webp,https://static.prizepicks.com/images/teams/nfl/NFL_team_OQJWWRmOVsNF455KMnABMEBU/24.webp,57.81,57.81,50,50,47.76,47.27,53.57,53.27,50.15,49.85,0.15,50.15,Over,47.27,-10.23,42.28,No,,,,,,
N/A,9/27/2026,J.K. Dobbins,Rush Yards,57.5,demon,https://static.prizepicks.com/images/teams/nfl/NFL_team_0RiBCeMt7uQeqG9tfd1lfANf/27.webp,https://static.prizepicks.com/images/teams/nfl/NFL_team_0RiBCeMt7uQeqG9tfd1lfANf/27.webp,57.81,57.81,50,50,50.76,50.55,53.53,53.33,50.09,49.91,0.09,50.09,Over,50.55,-6.95,44.64,No,,,,,,
N/A,9/27/2026,Jaylen Waddle,Receiving Yards,56.5,goblin,https://static.prizepicks.com/images/teams/nfl/NFL_team_0RiBCeMt7uQeqG9tfd1lfANf/17.webp,https://static.prizepicks.com/images/teams/nfl/NFL_team_0RiBCeMt7uQeqG9tfd1lfANf/17.webp,57.81,57.81,50,50,59.5,59.2,54.12,53.97,50.11,49.89,0.11,50.11,Over,59.2,2.7,52.99,Yes,,,,,,
N/A,9/27/2026,Blake Corum,Rush Yards,56.5,demon,https://static.prizepicks.com/images/teams/nfl/NFL_team_OQJWWRmOVsNF455KMnABMEBU/24.webp,https://static.prizepicks.com/images/teams/nfl/NFL_team_OQJWWRmOVsNF455KMnABMEBU/24.webp,57.81,57.81,50,50,47.76,47.27,53.57,53.27,50.15,49.85,0.15,50.15,Over,47.27,-9.23,43.06,No,,,,,,
N/A,9/27/2026,Terrance Ferguson,Receiving Yards,56.5,demon,https://static.prizepicks.com/images/teams/nfl/NFL_team_OQJWWRmOVsNF455KMnABMEBU/18.webp,https://static.prizepicks.com/images/teams/nfl/NFL_team_OQJWWRmOVsNF455KMnABMEBU/18.webp,57.81,57.81,50,50,50.39,50.44,52.92,53.49,49.71,50.29,-0.29,49.71,Over,50.44,-6.06,43.93,No,,,,,,
N/A,9/27/2026,Kyren Williams,Rush Yards,54.5,standard,https://static.prizepicks.com/images/teams/nfl/NFL_team_OQJWWRmOVsNF455KMnABMEBU/23.webp,https://static.prizepicks.com/images/teams/nfl/NFL_team_OQJWWRmOVsNF455KMnABMEBU/23.webp,57.81,57.81,50,50,53.29,53,54.13,53.29,50.48,49.52,0.48,50.48,Over,53,-1.5,49.03,No,,,,,,
N/A,9/27/2026,J.K. Dobbins,Rush Yards,52.5,standard,https://static.prizepicks.com/images/teams/nfl/NFL_team_0RiBCeMt7uQeqG9tfd1lfANf/27.webp,https://static.prizepicks.com/images/teams/nfl/NFL_team_0RiBCeMt7uQeqG9tfd1lfANf/27.webp,57.81,57.81,50,50,50.76,50.55,53.53,53.33,50.09,49.91,0.09,50.09,Over,50.55,-1.95,48.61,No,,,,,,
N/A,9/27/2026,Blake Corum,Rush Yards,51.5,demon,https://static.prizepicks.com/images/teams/nfl/NFL_team_OQJWWRmOVsNF455KMnABMEBU/24.webp,https://static.prizepicks.com/images/teams/nfl/NFL_team_OQJWWRmOVsNF455KMnABMEBU/24.webp,57.81,57.81,50,50,47.76,47.27,53.57,53.27,50.15,49.85,0.15,50.15,Over,47.27,-4.23,47.02,No,,,,,,
N/A,9/27/2026,Terrance Ferguson,Receiving Yards,50.5,standard,https://static.prizepicks.com/images/teams/nfl/NFL_team_OQJWWRmOVsNF455KMnABMEBU/18.webp,https://static.prizepicks.com/images/teams/nfl/NFL_team_OQJWWRmOVsNF455KMnABMEBU/18.webp,57.81,57.81,50,50,50.39,50.44,52.92,53.49,49.71,50.29,-0.29,50.29,Under,50.44,-0.06,50.11,Yes,,,,,,
N/A,9/27/2026,Jaylen Waddle,Receiving Yards,49.5,goblin,https://static.prizepicks.com/images/teams/nfl/NFL_team_0RiBCeMt7uQeqG9tfd1lfANf/17.webp,https://static.prizepicks.com/images/teams/nfl/NFL_team_0RiBCeMt7uQeqG9tfd1lfANf/17.webp,57.81,57.81,50,50,59.5,59.2,54.12,53.97,50.11,49.89,0.11,50.11,Over,59.2,9.7,59.87,Yes,,,,,,
N/A,9/27/2026,Matthew Stafford,Longest Completion,49.5,demon,https://static.prizepicks.com/images/teams/nfl/NFL_team_OQJWWRmOVsNF455KMnABMEBU/9.webp,https://static.prizepicks.com/images/teams/nfl/NFL_team_OQJWWRmOVsNF455KMnABMEBU/9.webp,57.81,57.81,50,50,49.5,,,,,,,,,,,50,,,,,,,
N/A,9/27/2026,Pat Bryant,Receiving Yards,49.5,demon,https://static.prizepicks.com/images/teams/nfl/NFL_team_0RiBCeMt7uQeqG9tfd1lfANf/13.webp,https://static.prizepicks.com/images/teams/nfl/NFL_team_0RiBCeMt7uQeqG9tfd1lfANf/13.webp,57.81,57.81,50,50,24.77,25.69,52.97,54.26,49.42,50.58,-0.58,49.42,Over,25.69,-23.81,26.82,No,,,,,,
N/A,9/27/2026,Bo Nix,Longest Completion,49.5,demon,https://static.prizepicks.com/images/teams/nfl/NFL_team_0RiBCeMt7uQeqG9tfd1lfANf/10.webp,https://static.prizepicks.com/images/teams/nfl/NFL_team_0RiBCeMt7uQeqG9tfd1lfANf/10.webp,57.81,57.81,50,50,49.5,,,,,,,,,,,50,,,,,,,
N/A,9/27/2026,Courtland Sutton,Receiving Yards,49.5,demon,https://static.prizepicks.com/images/teams/nfl/NFL_team_0RiBCeMt7uQeqG9tfd1lfANf/14.webp,https://static.prizepicks.com/images/teams/nfl/NFL_team_0RiBCeMt7uQeqG9tfd1lfANf/14.webp,57.81,57.81,50,50,32.61,37.34,52.42,55.17,48.74,51.26,-1.26,48.74,Over,37.34,-12.16,33.64,No,,,,,,
N/A,9/27/2026,Kyren Williams,Rush Yards,49.5,goblin,https://static.prizepicks.com/images/teams/nfl/NFL_team_OQJWWRmOVsNF455KMnABMEBU/23.webp,https://static.prizepicks.com/images/teams/nfl/NFL_team_OQJWWRmOVsNF455KMnABMEBU/23.webp,57.81,57.81,50,50,53.29,53,54.13,53.29,50.48,49.52,0.48,50.48,Over,53,3.5,53.02,Yes,,,,,,
N/A,9/27/2026,Davante Adams,Receiving Yards,49.5,goblin,https://static.prizepicks.com/images/teams/nfl/NFL_team_OQJWWRmOVsNF455KMnABMEBU/17.webp,https://static.prizepicks.com/images/teams/nfl/NFL_team_OQJWWRmOVsNF455KMnABMEBU/17.webp,57.81,57.81,50,50,72.5,72.43,51.82,55.62,48.24,51.76,-1.76,48.24,Over,71.84,22.34,71.74,Yes,,,,,,
N/A,9/27/2026,RJ Harvey,Receiving Yards,49.5,demon,https://static.prizepicks.com/images/teams/nfl/NFL_team_0RiBCeMt7uQeqG9tfd1lfANf/12.webp,https://static.prizepicks.com/images/teams/nfl/NFL_team_0RiBCeMt7uQeqG9tfd1lfANf/12.webp,57.81,57.81,50,50,17.5,17.75,53.45,53.38,50.03,49.97,0.03,50.03,Over,17.75,-31.75,21.19,No,,,,,,
N/A,9/27/2026,Kyren Williams,Rush+Rec Yds,49.5,goblin,https://static.prizepicks.com/images/teams/nfl/NFL_team_OQJWWRmOVsNF455KMnABMEBU/23.webp,https://static.prizepicks.com/images/teams/nfl/NFL_team_OQJWWRmOVsNF455KMnABMEBU/23.webp,57.81,57.81,50,50,69.97,70,54.57,57.35,48.97,51.03,-1.03,48.97,Over,70,20.5,65.89,Yes,,,,,,
N/A,9/27/2026,Harrison Mevis + Wil Lutz,Longest FG Made Yds (Combo),49.5,standard,https://static.prizepicks.com/images/players/CMBO_group_KUnT3yGyOoP4Bm4eT3GrF7A6.webp,https://static.prizepicks.com/images/players/CMBO_group_KUnT3yGyOoP4Bm4eT3GrF7A6.webp,57.81,57.81,50,50,49.5,,,,,,,,,,,50,,,,,,,
N/A,9/27/2026,RJ Harvey,Rush+Rec Yds,49.5,demon,https://static.prizepicks.com/images/teams/nfl/NFL_team_0RiBCeMt7uQeqG9tfd1lfANf/12.webp,https://static.prizepicks.com/images/teams/nfl/NFL_team_0RiBCeMt7uQeqG9tfd1lfANf/12.webp,57.81,57.81,50,50,40.97,41.77,54.85,54.84,50,50,0,50,Over,41.77,-7.73,43.23,No,,,,,,
N/A,9/27/2026,J.K. Dobbins,Rush Yards,47.5,goblin,https://static.prizepicks.com/images/teams/nfl/NFL_team_0RiBCeMt7uQeqG9tfd1lfANf/27.webp,https://static.prizepicks.com/images/teams/nfl/NFL_team_0RiBCeMt7uQeqG9tfd1lfANf/27.webp,57.81,57.81,50,50,50.76,50.55,53.53,53.33,50.09,49.91,0.09,50.09,Over,50.55,3.05,52.6,Yes,,,,,,
N/A,9/27/2026,Blake Corum,Rush Yards,46.5,standard,https://static.prizepicks.com/images/teams/nfl/NFL_team_OQJWWRmOVsNF455KMnABMEBU/24.webp,https://static.prizepicks.com/images/teams/nfl/NFL_team_OQJWWRmOVsNF455KMnABMEBU/24.webp,57.81,57.81,50,50,47.76,47.27,53.57,53.27,50.15,49.85,0.15,50.15,Over,47.27,0.77,51.01,Yes,,,,,,
N/A,9/27/2026,Terrance Ferguson,Receiving Yards,46.5,goblin,https://static.prizepicks.com/images/teams/nfl/NFL_team_OQJWWRmOVsNF455KMnABMEBU/18.webp,https://static.prizepicks.com/images/teams/nfl/NFL_team_OQJWWRmOVsNF455KMnABMEBU/18.webp,57.81,57.81,50,50,50.39,50.44,52.92,53.49,49.71,50.29,-0.29,49.71,Over,50.44,3.94,53.87,Yes,,,,,,
N/A,9/27/2026,Matthew Stafford,Pass Attempts,45.5,demon,https://static.prizepicks.com/images/teams/nfl/NFL_team_OQJWWRmOVsNF455KMnABMEBU/9.webp,https://static.prizepicks.com/images/teams/nfl/NFL_team_OQJWWRmOVsNF455KMnABMEBU/9.webp,57.81,57.81,50,50,33.65,33.5,53.57,54.16,49.71,50.29,-0.29,49.71,Over,33.5,-12,2.47,No,,,,,,
N/A,9/27/2026,Bo Nix,Pass Attempts,45.5,demon,https://static.prizepicks.com/images/teams/nfl/NFL_team_0RiBCeMt7uQeqG9tfd1lfANf/10.webp,https://static.prizepicks.com/images/teams/nfl/NFL_team_0RiBCeMt7uQeqG9tfd1lfANf/10.webp,57.81,57.81,50,50,33.61,33.5,53.39,53.95,49.74,50.26,-0.26,49.74,Over,33.5,-12,2.43,No,,,,,,
N/A,9/27/2026,Blake Corum,Rush Yards,44.5,goblin,https://static.prizepicks.com/images/teams/nfl/NFL_team_OQJWWRmOVsNF455KMnABMEBU/24.webp,https://static.prizepicks.com/images/teams/nfl/NFL_team_OQJWWRmOVsNF455KMnABMEBU/24.webp,57.81,57.81,50,50,47.76,47.27,53.57,53.27,50.15,49.85,0.15,50.15,Over,47.27,2.77,52.6,Yes,,,,,,
N/A,9/27/2026,Courtland Sutton,Receiving Yards,42.5,demon,https://static.prizepicks.com/images/teams/nfl/NFL_team_0RiBCeMt7uQeqG9tfd1lfANf/14.webp,https://static.prizepicks.com/images/teams/nfl/NFL_team_0RiBCeMt7uQeqG9tfd1lfANf/14.webp,57.81,57.81,50,50,32.61,37.34,52.42,55.17,48.74,51.26,-1.26,48.74,Over,37.34,-5.16,40.24,No,,,,,,
N/A,9/27/2026,Kyren Williams,Rush Yards,39.5,goblin,https://static.prizepicks.com/images/teams/nfl/NFL_team_OQJWWRmOVsNF455KMnABMEBU/23.webp,https://static.prizepicks.com/images/teams/nfl/NFL_team_OQJWWRmOVsNF455KMnABMEBU/23.webp,57.81,57.81,50,50,53.29,53,54.13,53.29,50.48,49.52,0.48,50.48,Over,53,13.5,60.86,Yes,,,,,,
N/A,9/27/2026,Kyren Williams,Receiving Yards,39.5,demon,https://static.prizepicks.com/images/teams/nfl/NFL_team_OQJWWRmOVsNF455KMnABMEBU/23.webp,https://static.prizepicks.com/images/teams/nfl/NFL_team_OQJWWRmOVsNF455KMnABMEBU/23.webp,57.81,57.81,50,50,13.34,12.5,53.89,53.39,50.23,49.77,0.23,50.23,Over,12.5,-27,25.66,No,,,,,,
N/A,9/27/2026,Bo Nix,Longest Completion,39.5,demon,https://static.prizepicks.com/images/teams/nfl/NFL_team_0RiBCeMt7uQeqG9tfd1lfANf/10.webp,https://static.prizepicks.com/images/teams/nfl/NFL_team_0RiBCeMt7uQeqG9tfd1lfANf/10.webp,57.81,57.81,50,50,39.5,,,,,,,,,,,50,,,,,,,
N/A,9/27/2026,Pat Bryant,Receiving Yards,39.5,demon,https://static.prizepicks.com/images/teams/nfl/NFL_team_0RiBCeMt7uQeqG9tfd1lfANf/13.webp,https://static.prizepicks.com/images/teams/nfl/NFL_team_0RiBCeMt7uQeqG9tfd1lfANf/13.webp,57.81,57.81,50,50,24.77,25.69,52.97,54.26,49.42,50.58,-0.58,49.42,Over,25.69,-13.81,35.63,No,,,,,,
N/A,9/27/2026,Matthew Stafford,Longest Completion,39.5,demon,https://static.prizepicks.com/images/teams/nfl/NFL_team_OQJWWRmOVsNF455KMnABMEBU/9.webp,https://static.prizepicks.com/images/teams/nfl/NFL_team_OQJWWRmOVsNF455KMnABMEBU/9.webp,57.81,57.81,50,50,39.5,,,,,,,,,,,50,,,,,,,
N/A,9/27/2026,Evan Engram,Receiving Yards,39.5,demon,https://static.prizepicks.com/images/teams/nfl/NFL_team_0RiBCeMt7uQeqG9tfd1lfANf/1.webp,https://static.prizepicks.com/images/teams/nfl/NFL_team_0RiBCeMt7uQeqG9tfd1lfANf/1.webp,57.81,57.81,50,50,21.92,21.3,53.64,55.83,49.03,50.97,-0.97,49.03,Over,21.3,-18.2,33.01,No,,,,,,
N/A,9/27/2026,Courtland Sutton,Receiving Yards,39.5,demon,https://static.prizepicks.com/images/teams/nfl/NFL_team_0RiBCeMt7uQeqG9tfd1lfANf/14.webp,https://static.prizepicks.com/images/teams/nfl/NFL_team_0RiBCeMt7uQeqG9tfd1lfANf/14.webp,57.81,57.81,50,50,32.61,37.34,52.42,55.17,48.74,51.26,-1.26,48.74,Over,37.34,-2.16,43.16,No,,,,,,
N/A,9/27/2026,Bo Nix,Pass Attempts,39.5,demon,https://static.prizepicks.com/images/teams/nfl/NFL_team_0RiBCeMt7uQeqG9tfd1lfANf/10.webp,https://static.prizepicks.com/images/teams/nfl/NFL_team_0RiBCeMt7uQeqG9tfd1lfANf/10.webp,57.81,57.81,50,50,33.61,33.5,53.39,53.95,49.74,50.26,-0.26,49.74,Over,33.5,-6,15.47,No,,,,,,
N/A,9/27/2026,Matthew Stafford,Pass Attempts,39.5,demon,https://static.prizepicks.com/images/teams/nfl/NFL_team_OQJWWRmOVsNF455KMnABMEBU/9.webp,https://static.prizepicks.com/images/teams/nfl/NFL_team_OQJWWRmOVsNF455KMnABMEBU/9.webp,57.81,57.81,50,50,33.65,33.5,53.57,54.16,49.71,50.29,-0.29,49.71,Over,33.5,-6,15.64,No,,,,,,
N/A,9/27/2026,Terrance Ferguson,Receiving Yards,39.5,goblin,https://static.prizepicks.com/images/teams/nfl/NFL_team_OQJWWRmOVsNF455KMnABMEBU/18.webp,https://static.prizepicks.com/images/teams/nfl/NFL_team_OQJWWRmOVsNF455KMnABMEBU/18.webp,57.81,57.81,50,50,50.39,50.44,52.92,53.49,49.71,50.29,-0.29,49.71,Over,50.44,10.94,60.73,Yes,,,,,,
N/A,9/27/2026,Davante Adams,Receiving Yards,39.5,goblin,https://static.prizepicks.com/images/teams/nfl/NFL_team_OQJWWRmOVsNF455KMnABMEBU/17.webp,https://static.prizepicks.com/images/teams/nfl/NFL_team_OQJWWRmOVsNF455KMnABMEBU/17.webp,57.81,57.81,50,50,72.5,72.43,51.82,55.62,48.24,51.76,-1.76,48.24,Over,71.84,32.34,79.53,Yes,,,,,,
N/A,9/27/2026,Adam Trautman,Receiving Yards,39.5,demon,https://static.prizepicks.com/images/teams/nfl/NFL_team_0RiBCeMt7uQeqG9tfd1lfANf/82.webp,https://static.prizepicks.com/images/teams/nfl/NFL_team_0RiBCeMt7uQeqG9tfd1lfANf/82.webp,57.81,57.81,50,50,6.5,6.5,53.81,54.11,49.84,50.16,-0.16,49.84,Over,6.5,-33,20.47,No,,,,,,
N/A,9/27/2026,RJ Harvey,Receiving Yards,39.5,demon,https://static.prizepicks.com/images/teams/nfl/NFL_team_0RiBCeMt7uQeqG9tfd1lfANf/12.webp,https://static.prizepicks.com/images/teams/nfl/NFL_team_0RiBCeMt7uQeqG9tfd1lfANf/12.webp,57.81,57.81,50,50,17.5,17.75,53.45,53.38,50.03,49.97,0.03,50.03,Over,17.75,-21.75,29.12,No,,,,,,
N/A,9/27/2026,J.K. Dobbins,Rush Yards,39.5,goblin,https://static.prizepicks.com/images/teams/nfl/NFL_team_0RiBCeMt7uQeqG9tfd1lfANf/27.webp,https://static.prizepicks.com/images/teams/nfl/NFL_team_0RiBCeMt7uQeqG9tfd1lfANf/27.webp,57.81,57.81,50,50,50.76,50.55,53.53,53.33,50.09,49.91,0.09,50.09,Over,50.55,11.05,58.91,Yes,,,,,,
N/A,9/27/2026,RJ Harvey,Rush Yards,39.5,demon,https://static.prizepicks.com/images/teams/nfl/NFL_team_0RiBCeMt7uQeqG9tfd1lfANf/12.webp,https://static.prizepicks.com/images/teams/nfl/NFL_team_0RiBCeMt7uQeqG9tfd1lfANf/12.webp,57.81,57.81,50,50,19.5,19.82,53.87,53.69,50.08,49.92,0.08,50.08,Over,19.82,-19.68,34.46,No,,,,,,
N/A,9/27/2026,RJ Harvey,Rush+Rec Yds,39.5,standard,https://static.prizepicks.com/images/teams/nfl/NFL_team_0RiBCeMt7uQeqG9tfd1lfANf/12.webp,https://static.prizepicks.com/images/teams/nfl/NFL_team_0RiBCeMt7uQeqG9tfd1lfANf/12.webp,57.81,57.81,50,50,40.97,41.77,54.85,54.84,50,50,0,50,Under,41.77,2.27,48.83,No,,,,,,
N/A,9/27/2026,J.K. Dobbins,Longest Rush,39.5,demon,https://static.prizepicks.com/images/teams/nfl/NFL_team_0RiBCeMt7uQeqG9tfd1lfANf/27.webp,https://static.prizepicks.com/images/teams/nfl/NFL_team_0RiBCeMt7uQeqG9tfd1lfANf/27.webp,57.81,57.81,50,50,39.5,,,,,,,,,,,50,,,,,,,
N/A,9/27/2026,Kyren Williams,Longest Rush,39.5,demon,https://static.prizepicks.com/images/teams/nfl/NFL_team_OQJWWRmOVsNF455KMnABMEBU/23.webp,https://static.prizepicks.com/images/teams/nfl/NFL_team_OQJWWRmOVsNF455KMnABMEBU/23.webp,57.81,57.81,50,50,39.5,,,,,,,,,,,50,,,,,,,
N/A,9/27/2026,Courtland Sutton,Receiving Yards,37.5,standard,https://static.prizepicks.com/images/teams/nfl/NFL_team_0RiBCeMt7uQeqG9tfd1lfANf/14.webp,https://static.prizepicks.com/images/teams/nfl/NFL_team_0RiBCeMt7uQeqG9tfd1lfANf/14.webp,57.81,57.81,50,50,32.61,37.34,52.42,55.17,48.74,51.26,-1.26,51.26,Under,37.34,-0.16,54.86,Yes,,,,,,
N/A,9/27/2026,Matthew Stafford,Longest Completion,36.5,standard,https://static.prizepicks.com/images/teams/nfl/NFL_team_OQJWWRmOVsNF455KMnABMEBU/9.webp,https://static.prizepicks.com/images/teams/nfl/NFL_team_OQJWWRmOVsNF455KMnABMEBU/9.webp,57.81,57.81,50,50,36.5,,,,,,,,,,,50,,,,,,,
N/A,9/27/2026,Matthew Stafford,Pass Attempts,35.5,demon,https://static.prizepicks.com/images/teams/nfl/NFL_team_OQJWWRmOVsNF455KMnABMEBU/9.webp,https://static.prizepicks.com/images/teams/nfl/NFL_team_OQJWWRmOVsNF455KMnABMEBU/9.webp,57.81,57.81,50,50,33.65,33.5,53.57,54.16,49.71,50.29,-0.29,49.71,Over,33.5,-2,36.52,No,,,,,,
N/A,9/27/2026,Bo Nix,Longest Completion,34.5,standard,https://static.prizepicks.com/images/teams/nfl/NFL_team_0RiBCeMt7uQeqG9tfd1lfANf/10.webp,https://static.prizepicks.com/images/teams/nfl/NFL_team_0RiBCeMt7uQeqG9tfd1lfANf/10.webp,57.81,57.81,50,50,34.5,,,,,,,,,,,50,,,,,,,
N/A,9/27/2026,Bo Nix,Pass Attempts,34.5,demon,https://static.prizepicks.com/images/teams/nfl/NFL_team_0RiBCeMt7uQeqG9tfd1lfANf/10.webp,https://static.prizepicks.com/images/teams/nfl/NFL_team_0RiBCeMt7uQeqG9tfd1lfANf/10.webp,57.81,57.81,50,50,33.61,33.5,53.39,53.95,49.74,50.26,-0.26,49.74,Over,33.5,-1,42.8,No,,,,,,
N/A,9/27/2026,Matthew Stafford,Longest Completion,34.5,goblin,https://static.prizepicks.com/images/teams/nfl/NFL_team_OQJWWRmOVsNF455KMnABMEBU/9.webp,https://static.prizepicks.com/images/teams/nfl/NFL_team_OQJWWRmOVsNF455KMnABMEBU/9.webp,57.81,57.81,50,50,34.5,,,,,,,,,,,50,,,,,,,
N/A,9/27/2026,Blake Corum,Longest Rush,34.5,demon,https://static.prizepicks.com/images/teams/nfl/NFL_team_OQJWWRmOVsNF455KMnABMEBU/24.webp,https://static.prizepicks.com/images/teams/nfl/NFL_team_OQJWWRmOVsNF455KMnABMEBU/24.webp,57.81,57.81,50,50,34.5,,,,,,,,,,,50,,,,,,,
N/A,9/27/2026,Matthew Stafford,Pass Attempts,33.5,standard,https://static.prizepicks.com/images/teams/nfl/NFL_team_OQJWWRmOVsNF455KMnABMEBU/9.webp,https://static.prizepicks.com/images/teams/nfl/NFL_team_OQJWWRmOVsNF455KMnABMEBU/9.webp,57.81,57.81,50,50,33.65,33.5,53.57,54.16,49.71,50.29,-0.29,50.29,Under,33.5,0,50.12,No,,,,,,
N/A,9/27/2026,Bo Nix,Pass Attempts,33.5,standard,https://static.prizepicks.com/images/teams/nfl/NFL_team_0RiBCeMt7uQeqG9tfd1lfANf/10.webp,https://static.prizepicks.com/images/teams/nfl/NFL_team_0RiBCeMt7uQeqG9tfd1lfANf/10.webp,57.81,57.81,50,50,33.61,33.5,53.39,53.95,49.74,50.26,-0.26,50.26,Under,33.5,0,50.39,No,,,,,,
N/A,9/27/2026,Courtland Sutton,Receiving Yards,32.5,goblin,https://static.prizepicks.com/images/teams/nfl/NFL_team_0RiBCeMt7uQeqG9tfd1lfANf/14.webp,https://static.prizepicks.com/images/teams/nfl/NFL_team_0RiBCeMt7uQeqG9tfd1lfANf/14.webp,57.81,57.81,50,50,32.61,37.34,52.42,55.17,48.74,51.26,-1.26,48.74,Over,37.34,4.84,50.11,Yes,,,,,,
N/A,9/27/2026,Bo Nix,Pass Attempts,31.5,goblin,https://static.prizepicks.com/images/teams/nfl/NFL_team_0RiBCeMt7uQeqG9tfd1lfANf/10.webp,https://static.prizepicks.com/images/teams/nfl/NFL_team_0RiBCeMt7uQeqG9tfd1lfANf/10.webp,57.81,57.81,50,50,33.61,33.5,53.39,53.95,49.74,50.26,-0.26,49.74,Over,33.5,2,63.26,Yes,,,,,,
N/A,9/27/2026,Matthew Stafford,Pass Attempts,31.5,goblin,https://static.prizepicks.com/images/teams/nfl/NFL_team_OQJWWRmOVsNF455KMnABMEBU/9.webp,https://static.prizepicks.com/images/teams/nfl/NFL_team_OQJWWRmOVsNF455KMnABMEBU/9.webp,57.81,57.81,50,50,33.65,33.5,53.57,54.16,49.71,50.29,-0.29,49.71,Over,33.5,2,63.52,Yes,,,,,,
N/A,9/27/2026,Bo Nix,Pass Completions,31.5,demon,https://static.prizepicks.com/images/teams/nfl/NFL_team_0RiBCeMt7uQeqG9tfd1lfANf/10.webp,https://static.prizepicks.com/images/teams/nfl/NFL_team_0RiBCeMt7uQeqG9tfd1lfANf/10.webp,57.81,57.81,50,50,21.5,21.5,51.66,55.28,48.3,51.7,-1.7,48.3,Over,21.5,-10,2.02,No,,,,,,
N/A,9/27/2026,Matthew Stafford,Pass Completions,30.5,demon,https://static.prizepicks.com/images/teams/nfl/NFL_team_OQJWWRmOVsNF455KMnABMEBU/9.webp,https://static.prizepicks.com/images/teams/nfl/NFL_team_OQJWWRmOVsNF455KMnABMEBU/9.webp,57.81,57.81,50,50,21.12,20.73,54.49,53.56,50.5,49.5,0.5,50.5,Over,20.73,-9.77,2.58,No,,,,,,
N/A,9/27/2026,Jaylen Waddle,Receiving Yards,29.5,goblin,https://static.prizepicks.com/images/teams/nfl/NFL_team_0RiBCeMt7uQeqG9tfd1lfANf/17.webp,https://static.prizepicks.com/images/teams/nfl/NFL_team_0RiBCeMt7uQeqG9tfd1lfANf/17.webp,57.81,57.81,50,50,59.5,59.2,54.12,53.97,50.11,49.89,0.11,50.11,Over,59.2,29.7,77.34,Yes,,,,,,
N/A,9/27/2026,Blake Corum,Rush Yards,29.5,goblin,https://static.prizepicks.com/images/teams/nfl/NFL_team_OQJWWRmOVsNF455KMnABMEBU/24.webp,https://static.prizepicks.com/images/teams/nfl/NFL_team_OQJWWRmOVsNF455KMnABMEBU/24.webp,57.81,57.81,50,50,47.76,47.27,53.57,53.27,50.15,49.85,0.15,50.15,Over,47.27,17.77,64.25,Yes,,,,,,
N/A,9/27/2026,Kyren Williams,Rush Yards,29.5,goblin,https://static.prizepicks.com/images/teams/nfl/NFL_team_OQJWWRmOVsNF455KMnABMEBU/23.webp,https://static.prizepicks.com/images/teams/nfl/NFL_team_OQJWWRmOVsNF455KMnABMEBU/23.webp,57.81,57.81,50,50,53.29,53,54.13,53.29,50.48,49.52,0.48,50.48,Over,53,23.5,68.29,Yes,,,,,,
N/A,9/27/2026,Matthew Stafford,Longest Completion,29.5,goblin,https://static.prizepicks.com/images/teams/nfl/NFL_team_OQJWWRmOVsNF455KMnABMEBU/9.webp,https://static.prizepicks.com/images/teams/nfl/NFL_team_OQJWWRmOVsNF455KMnABMEBU/9.webp,57.81,57.81,50,50,29.5,,,,,,,,,,,50,,,,,,,
N/A,9/27/2026,Bo Nix,Pass Attempts,29.5,goblin,https://static.prizepicks.com/images/teams/nfl/NFL_team_0RiBCeMt7uQeqG9tfd1lfANf/10.webp,https://static.prizepicks.com/images/teams/nfl/NFL_team_0RiBCeMt7uQeqG9tfd1lfANf/10.webp,57.81,57.81,50,50,33.61,33.5,53.39,53.95,49.74,50.26,-0.26,49.74,Over,33.5,4,75.64,Yes,,,,,,
N/A,9/27/2026,Matthew Stafford,Pass Attempts,29.5,goblin,https://static.prizepicks.com/images/teams/nfl/NFL_team_OQJWWRmOVsNF455KMnABMEBU/9.webp,https://static.prizepicks.com/images/teams/nfl/NFL_team_OQJWWRmOVsNF455KMnABMEBU/9.webp,57.81,57.81,50,50,33.65,33.5,53.57,54.16,49.71,50.29,-0.29,49.71,Over,33.5,4,75.85,Yes,,,,,,
N/A,9/27/2026,Bo Nix,Rush Yards,29.5,demon,https://static.prizepicks.com/images/teams/nfl/NFL_team_0RiBCeMt7uQeqG9tfd1lfANf/10.webp,https://static.prizepicks.com/images/teams/nfl/NFL_team_0RiBCeMt7uQeqG9tfd1lfANf/10.webp,57.81,57.81,50,50,16.29,15.95,53.86,53.47,50.17,49.83,0.17,50.17,Over,15.95,-13.55,39.58,No,,,,,,
N/A,9/27/2026,Pat Bryant,Receiving Yards,29.5,demon,https://static.prizepicks.com/images/teams/nfl/NFL_team_0RiBCeMt7uQeqG9tfd1lfANf/13.webp,https://static.prizepicks.com/images/teams/nfl/NFL_team_0RiBCeMt7uQeqG9tfd1lfANf/13.webp,57.81,57.81,50,50,24.77,25.69,52.97,54.26,49.42,50.58,-0.58,49.42,Over,25.69,-3.81,45.29,No,,,,,,
N/A,9/27/2026,Bo Nix,Longest Completion,29.5,goblin,https://static.prizepicks.com/images/teams/nfl/NFL_team_0RiBCeMt7uQeqG9tfd1lfANf/10.webp,https://static.prizepicks.com/images/teams/nfl/NFL_team_0RiBCeMt7uQeqG9tfd1lfANf/10.webp,57.81,57.81,50,50,29.5,,,,,,,,,,,50,,,,,,,
N/A,9/27/2026,Colby Parkinson,Receiving Yards,29.5,demon,https://static.prizepicks.com/images/teams/nfl/NFL_team_OQJWWRmOVsNF455KMnABMEBU/84.webp,https://static.prizepicks.com/images/teams/nfl/NFL_team_OQJWWRmOVsNF455KMnABMEBU/84.webp,57.81,57.81,50,50,18.5,18,53.59,53.72,49.94,50.06,-0.06,49.94,Over,18,-11.5,39.17,No,,,,,,
N/A,9/27/2026,Evan Engram,Receiving Yards,29.5,demon,https://static.prizepicks.com/images/teams/nfl/NFL_team_0RiBCeMt7uQeqG9tfd1lfANf/1.webp,https://static.prizepicks.com/images/teams/nfl/NFL_team_0RiBCeMt7uQeqG9tfd1lfANf/1.webp,57.81,57.81,50,50,21.92,21.3,53.64,55.83,49.03,50.97,-0.97,49.03,Over,21.3,-8.2,42.49,No,,,,,,
N/A,9/27/2026,J.K. Dobbins,Rush Yards,29.5,goblin,https://static.prizepicks.com/images/teams/nfl/NFL_team_0RiBCeMt7uQeqG9tfd1lfANf/27.webp,https://static.prizepicks.com/images/teams/nfl/NFL_team_0RiBCeMt7uQeqG9tfd1lfANf/27.webp,57.81,57.81,50,50,50.76,50.55,53.53,53.33,50.09,49.91,0.09,50.09,Over,50.55,21.05,66.47,Yes,,,,,,
N/A,9/27/2026,RJ Harvey,Rush Yards,29.5,demon,https://static.prizepicks.com/images/teams/nfl/NFL_team_0RiBCeMt7uQeqG9tfd1lfANf/12.webp,https://static.prizepicks.com/images/teams/nfl/NFL_team_0RiBCeMt7uQeqG9tfd1lfANf/12.webp,57.81,57.81,50,50,19.5,19.82,53.87,53.69,50.08,49.92,0.08,50.08,Over,19.82,-9.68,42.07,No,,,,,,
N/A,9/27/2026,Adam Trautman,Receiving Yards,29.5,demon,https://static.prizepicks.com/images/teams/nfl/NFL_team_0RiBCeMt7uQeqG9tfd1lfANf/82.webp,https://static.prizepicks.com/images/teams/nfl/NFL_team_0RiBCeMt7uQeqG9tfd1lfANf/82.webp,57.81,57.81,50,50,6.5,6.5,53.81,54.11,49.84,50.16,-0.16,49.84,Over,6.5,-23,28.26,No,,,,,,
N/A,9/27/2026,RJ Harvey,Longest Rush,29.5,demon,https://static.prizepicks.com/images/teams/nfl/NFL_team_0RiBCeMt7uQeqG9tfd1lfANf/12.webp,https://static.prizepicks.com/images/teams/nfl/NFL_team_0RiBCeMt7uQeqG9tfd1lfANf/12.webp,57.81,57.81,50,50,29.5,,,,,,,,,,,50,,,,,,,
N/A,9/27/2026,Bo Nix,Pass Attempts,27.5,goblin,https://static.prizepicks.com/images/teams/nfl/NFL_team_0RiBCeMt7uQeqG9tfd1lfANf/10.webp,https://static.prizepicks.com/images/teams/nfl/NFL_team_0RiBCeMt7uQeqG9tfd1lfANf/10.webp,57.81,57.81,50,50,33.61,33.5,53.39,53.95,49.74,50.26,-0.26,49.74,Over,33.5,6,85.51,Yes,,,,,,
N/A,9/27/2026,Matthew Stafford,Pass Attempts,27.5,goblin,https://static.prizepicks.com/images/teams/nfl/NFL_team_OQJWWRmOVsNF455KMnABMEBU/9.webp,https://static.prizepicks.com/images/teams/nfl/NFL_team_OQJWWRmOVsNF455KMnABMEBU/9.webp,57.81,57.81,50,50,33.65,33.5,53.57,54.16,49.71,50.29,-0.29,49.71,Over,33.5,6,85.67,Yes,,,,,,
N/A,9/27/2026,Harrison Mevis + Wil Lutz,Shortest FG Made Yds (Combo),27.5,standard,https://static.prizepicks.com/images/players/CMBO_group_KUnT3yGyOoP4Bm4eT3GrF7A6.webp,https://static.prizepicks.com/images/players/CMBO_group_KUnT3yGyOoP4Bm4eT3GrF7A6.webp,57.81,57.81,50,50,27.5,,,,,,,,,,,50,,,,,,,
N/A,9/27/2026,Pat Bryant,Receiving Yards,25.5,standard,https://static.prizepicks.com/images/teams/nfl/NFL_team_0RiBCeMt7uQeqG9tfd1lfANf/13.webp,https://static.prizepicks.com/images/teams/nfl/NFL_team_0RiBCeMt7uQeqG9tfd1lfANf/13.webp,57.81,57.81,50,50,24.77,25.69,52.97,54.26,49.42,50.58,-0.58,50.58,Under,25.69,0.19,50.73,No,,,,,,
N/A,9/27/2026,Blake Corum,Rush Yards,24.5,goblin,https://static.prizepicks.com/images/teams/nfl/NFL_team_OQJWWRmOVsNF455KMnABMEBU/24.webp,https://static.prizepicks.com/images/teams/nfl/NFL_team_OQJWWRmOVsNF455KMnABMEBU/24.webp,57.81,57.81,50,50,47.76,47.27,53.57,53.27,50.15,49.85,0.15,50.15,Over,47.27,22.77,67.91,Yes,,,,,,
N/A,9/27/2026,Bo Nix,Rush Yards,24.5,demon,https://static.prizepicks.com/images/teams/nfl/NFL_team_0RiBCeMt7uQeqG9tfd1lfANf/10.webp,https://static.prizepicks.com/images/teams/nfl/NFL_team_0RiBCeMt7uQeqG9tfd1lfANf/10.webp,57.81,57.81,50,50,16.29,15.95,53.86,53.47,50.17,49.83,0.17,50.17,Over,15.95,-8.55,43.48,No,,,,,,
N/A,9/27/2026,Bo Nix,Pass Completions,24.5,demon,https://static.prizepicks.com/images/teams/nfl/NFL_team_0RiBCeMt7uQeqG9tfd1lfANf/10.webp,https://static.prizepicks.com/images/teams/nfl/NFL_team_0RiBCeMt7uQeqG9tfd1lfANf/10.webp,57.81,57.81,50,50,21.5,21.5,51.66,55.28,48.3,51.7,-1.7,48.3,Over,21.5,-3,25.2,No,,,,,,
N/A,9/27/2026,Matthew Stafford,Pass Completions,24.5,demon,https://static.prizepicks.com/images/teams/nfl/NFL_team_OQJWWRmOVsNF455KMnABMEBU/9.webp,https://static.prizepicks.com/images/teams/nfl/NFL_team_OQJWWRmOVsNF455KMnABMEBU/9.webp,57.81,57.81,50,50,21.12,20.73,54.49,53.56,50.5,49.5,0.5,50.5,Over,20.73,-3.77,22.58,No,,,,,,
N/A,9/27/2026,Evan Engram,Receiving Yards,24.5,demon,https://static.prizepicks.com/images/teams/nfl/NFL_team_0RiBCeMt7uQeqG9tfd1lfANf/1.webp,https://static.prizepicks.com/images/teams/nfl/NFL_team_0RiBCeMt7uQeqG9tfd1lfANf/1.webp,57.81,57.81,50,50,21.92,21.3,53.64,55.83,49.03,50.97,-0.97,49.03,Over,21.3,-3.2,47.43,No,,,,,,
N/A,9/27/2026,Bo Nix,Longest Completion,24.5,goblin,https://static.prizepicks.com/images/teams/nfl/NFL_team_0RiBCeMt7uQeqG9tfd1lfANf/10.webp,https://static.prizepicks.com/images/teams/nfl/NFL_team_0RiBCeMt7uQeqG9tfd1lfANf/10.webp,57.81,57.81,50,50,24.5,,,,,,,,,,,50,,,,,,,
N/A,9/27/2026,Terrance Ferguson,Receiving Yards,24.5,goblin,https://static.prizepicks.com/images/teams/nfl/NFL_team_OQJWWRmOVsNF455KMnABMEBU/18.webp,https://static.prizepicks.com/images/teams/nfl/NFL_team_OQJWWRmOVsNF455KMnABMEBU/18.webp,57.81,57.81,50,50,50.39,50.44,52.92,53.49,49.71,50.29,-0.29,49.71,Over,50.44,25.94,74.13,Yes,,,,,,
N/A,9/27/2026,RJ Harvey,Rush Yards,24.5,demon,https://static.prizepicks.com/images/teams/nfl/NFL_team_0RiBCeMt7uQeqG9tfd1lfANf/12.webp,https://static.prizepicks.com/images/teams/nfl/NFL_team_0RiBCeMt7uQeqG9tfd1lfANf/12.webp,57.81,57.81,50,50,19.5,19.82,53.87,53.69,50.08,49.92,0.08,50.08,Over,19.82,-4.68,46.02,No,,,,,,
N/A,9/27/2026,RJ Harvey,Receiving Yards,24.5,demon,https://static.prizepicks.com/images/teams/nfl/NFL_team_0RiBCeMt7uQeqG9tfd1lfANf/12.webp,https://static.prizepicks.com/images/teams/nfl/NFL_team_0RiBCeMt7uQeqG9tfd1lfANf/12.webp,57.81,57.81,50,50,17.5,17.75,53.45,53.38,50.03,49.97,0.03,50.03,Over,17.75,-6.75,43.05,No,,,,,,
N/A,9/27/2026,Bo Nix,Longest Rush,24.5,demon,https://static.prizepicks.com/images/teams/nfl/NFL_team_0RiBCeMt7uQeqG9tfd1lfANf/10.webp,https://static.prizepicks.com/images/teams/nfl/NFL_team_0RiBCeMt7uQeqG9tfd1lfANf/10.webp,57.81,57.81,50,50,24.5,,,,,,,,,,,50,,,,,,,
N/A,9/27/2026,RJ Harvey,Rush+Rec Yds,24.5,goblin,https://static.prizepicks.com/images/teams/nfl/NFL_team_0RiBCeMt7uQeqG9tfd1lfANf/12.webp,https://static.prizepicks.com/images/teams/nfl/NFL_team_0RiBCeMt7uQeqG9tfd1lfANf/12.webp,57.81,57.81,50,50,40.97,41.77,54.85,54.84,50,50,0,50,Over,41.77,17.27,62.91,Yes,,,,,,
N/A,9/27/2026,Bo Nix,Pass Completions,22.5,demon,https://static.prizepicks.com/images/teams/nfl/NFL_team_0RiBCeMt7uQeqG9tfd1lfANf/10.webp,https://static.prizepicks.com/images/teams/nfl/NFL_team_0RiBCeMt7uQeqG9tfd1lfANf/10.webp,57.81,57.81,50,50,21.5,21.5,51.66,55.28,48.3,51.7,-1.7,48.3,Over,21.5,-1,40.13,No,,,,,,
N/A,9/27/2026,Kyren Williams,Rush Yards in First 5 Attempts,21.5,standard,https://static.prizepicks.com/images/teams/nfl/NFL_team_OQJWWRmOVsNF455KMnABMEBU/23.webp,https://static.prizepicks.com/images/teams/nfl/NFL_team_OQJWWRmOVsNF455KMnABMEBU/23.webp,57.81,57.81,50,50,21.5,,,,,,,,,,,50,,,,,,,
N/A,9/27/2026,Matthew Stafford,Pass Completions,21.5,demon,https://static.prizepicks.com/images/teams/nfl/NFL_team_OQJWWRmOVsNF455KMnABMEBU/9.webp,https://static.prizepicks.com/images/teams/nfl/NFL_team_OQJWWRmOVsNF455KMnABMEBU/9.webp,57.81,57.81,50,50,21.12,20.73,54.49,53.56,50.5,49.5,0.5,50.5,Over,20.73,-0.77,45.27,No,,,,,,
N/A,9/27/2026,Evan Engram,Receiving Yards,21.5,standard,https://static.prizepicks.com/images/teams/nfl/NFL_team_0RiBCeMt7uQeqG9tfd1lfANf/1.webp,https://static.prizepicks.com/images/teams/nfl/NFL_team_0RiBCeMt7uQeqG9tfd1lfANf/1.webp,57.81,57.81,50,50,21.92,21.3,53.64,55.83,49.03,50.97,-0.97,50.97,Under,21.3,-0.2,49.58,Yes,,,,,,
N/A,9/27/2026,J.K. Dobbins,Rush Attempts,21.5,demon,https://static.prizepicks.com/images/teams/nfl/NFL_team_0RiBCeMt7uQeqG9tfd1lfANf/27.webp,https://static.prizepicks.com/images/teams/nfl/NFL_team_0RiBCeMt7uQeqG9tfd1lfANf/27.webp,57.81,57.81,50,50,12.72,12.5,54.98,52.82,51.01,48.99,1.01,51.01,Over,12.5,-9,1.13,No,,,,,,
N/A,9/27/2026,Bo Nix,Pass Completions,21,standard,https://static.prizepicks.com/images/teams/nfl/NFL_team_0RiBCeMt7uQeqG9tfd1lfANf/10.webp,https://static.prizepicks.com/images/teams/nfl/NFL_team_0RiBCeMt7uQeqG9tfd1lfANf/10.webp,57.81,57.81,50,50,21.5,21.5,51.66,55.28,48.3,51.7,-1.7,51.7,Under,21.5,0.5,51.44,No,,,,,,
N/A,9/27/2026,Matthew Stafford,Pass Completions,21,standard,https://static.prizepicks.com/images/teams/nfl/NFL_team_OQJWWRmOVsNF455KMnABMEBU/9.webp,https://static.prizepicks.com/images/teams/nfl/NFL_team_OQJWWRmOVsNF455KMnABMEBU/9.webp,57.81,57.81,50,50,21.12,20.73,54.49,53.56,50.5,49.5,0.5,50.5,Over,20.73,-0.27,45.27,No,,,,,,
N/A,9/27/2026,Blake Corum,Rush Yards in First 5 Attempts,20.5,standard,https://static.prizepicks.com/images/teams/nfl/NFL_team_OQJWWRmOVsNF455KMnABMEBU/24.webp,https://static.prizepicks.com/images/teams/nfl/NFL_team_OQJWWRmOVsNF455KMnABMEBU/24.webp,57.81,57.81,50,50,20.5,,,,,,,,,,,50,,,,,,,
N/A,9/27/2026,Kyren Williams,Rush Attempts,20.5,demon,https://static.prizepicks.com/images/teams/nfl/NFL_team_OQJWWRmOVsNF455KMnABMEBU/23.webp,https://static.prizepicks.com/images/teams/nfl/NFL_team_OQJWWRmOVsNF455KMnABMEBU/23.webp,57.81,57.81,50,50,12.46,12.5,52.09,54.64,48.8,51.2,-1.2,48.8,Over,12.5,-8,1.68,No,,,,,,
N/A,9/27/2026,Davante Adams,Fantasy Score,20.5,demon,https://static.prizepicks.com/images/teams/nfl/NFL_team_OQJWWRmOVsNF455KMnABMEBU/17.webp,https://static.prizepicks.com/images/teams/nfl/NFL_team_OQJWWRmOVsNF455KMnABMEBU/17.webp,57.81,57.81,50,50,15.43,15.43,27.65,72.35,27.65,72.35,-22.35,27.65,Over,15.49,-5.01,27.65,No,,,,,,
N/A,9/27/2026,RJ Harvey,Rush Yards,20.5,standard,https://static.prizepicks.com/images/teams/nfl/NFL_team_0RiBCeMt7uQeqG9tfd1lfANf/12.webp,https://static.prizepicks.com/images/teams/nfl/NFL_team_0RiBCeMt7uQeqG9tfd1lfANf/12.webp,57.81,57.81,50,50,19.5,19.82,53.87,53.69,50.08,49.92,0.08,50.08,Over,19.82,-0.68,49.2,No,,,,,,
N/A,9/27/2026,J.K. Dobbins,Rush Yards in First 5 Attempts,20.5,standard,https://static.prizepicks.com/images/teams/nfl/NFL_team_0RiBCeMt7uQeqG9tfd1lfANf/27.webp,https://static.prizepicks.com/images/teams/nfl/NFL_team_0RiBCeMt7uQeqG9tfd1lfANf/27.webp,57.81,57.81,50,50,20.5,,,,,,,,,,,50,,,,,,,
N/A,9/27/2026,Colby Parkinson,Receiving Yards,20.5,demon,https://static.prizepicks.com/images/teams/nfl/NFL_team_OQJWWRmOVsNF455KMnABMEBU/84.webp,https://static.prizepicks.com/images/teams/nfl/NFL_team_OQJWWRmOVsNF455KMnABMEBU/84.webp,57.81,57.81,50,50,18.5,18,53.59,53.72,49.94,50.06,-0.06,49.94,Over,18,-2.5,48.01,No,,,,,,
N/A,9/27/2026,Bo Nix,Fantasy Score,20,demon,https://static.prizepicks.com/images/teams/nfl/NFL_team_0RiBCeMt7uQeqG9tfd1lfANf/10.webp,https://static.prizepicks.com/images/teams/nfl/NFL_team_0RiBCeMt7uQeqG9tfd1lfANf/10.webp,57.81,57.81,50,50,15.29,15.29,32.03,67.97,32.03,67.97,-17.97,32.03,Over,15.29,-4.71,32.03,No,,,,,,
N/A,9/27/2026,Bo Nix,Rush Yards,19.5,demon,https://static.prizepicks.com/images/teams/nfl/NFL_team_0RiBCeMt7uQeqG9tfd1lfANf/10.webp,https://static.prizepicks.com/images/teams/nfl/NFL_team_0RiBCeMt7uQeqG9tfd1lfANf/10.webp,57.81,57.81,50,50,16.29,15.95,53.86,53.47,50.17,49.83,0.17,50.17,Over,15.95,-3.55,47.44,No,,,,,,
N/A,9/27/2026,Kyren Williams,Receiving Yards,19.5,demon,https://static.prizepicks.com/images/teams/nfl/NFL_team_OQJWWRmOVsNF455KMnABMEBU/23.webp,https://static.prizepicks.com/images/teams/nfl/NFL_team_OQJWWRmOVsNF455KMnABMEBU/23.webp,57.81,57.81,50,50,13.34,12.5,53.89,53.39,50.23,49.77,0.23,50.23,Over,12.5,-7,43.88,No,,,,,,
N/A,9/27/2026,Matthew Stafford,Pass Completions,19.5,goblin,https://static.prizepicks.com/images/teams/nfl/NFL_team_OQJWWRmOVsNF455KMnABMEBU/9.webp,https://static.prizepicks.com/images/teams/nfl/NFL_team_OQJWWRmOVsNF455KMnABMEBU/9.webp,57.81,57.81,50,50,21.12,20.73,54.49,53.56,50.5,49.5,0.5,50.5,Over,20.73,1.23,62.56,Yes,,,,,,
N/A,9/27/2026,Bo Nix,Pass Completions,19.5,goblin,https://static.prizepicks.com/images/teams/nfl/NFL_team_0RiBCeMt7uQeqG9tfd1lfANf/10.webp,https://static.prizepicks.com/images/teams/nfl/NFL_team_0RiBCeMt7uQeqG9tfd1lfANf/10.webp,57.81,57.81,50,50,21.5,21.5,51.66,55.28,48.3,51.7,-1.7,48.3,Over,21.5,2,65.6,Yes,,,,,,
N/A,9/27/2026,Blake Corum,Rush Attempts,19.5,demon,https://static.prizepicks.com/images/teams/nfl/NFL_team_OQJWWRmOVsNF455KMnABMEBU/24.webp,https://static.prizepicks.com/images/teams/nfl/NFL_team_OQJWWRmOVsNF455KMnABMEBU/24.webp,57.81,57.81,50,50,11.35,11.5,49.66,56.09,46.96,53.04,-3.04,46.96,Over,11.5,-8,1.26,No,,,,,,
N/A,9/27/2026,Blake Corum,Receiving Yards,19.5,demon,https://static.prizepicks.com/images/teams/nfl/NFL_team_OQJWWRmOVsNF455KMnABMEBU/24.webp,https://static.prizepicks.com/images/teams/nfl/NFL_team_OQJWWRmOVsNF455KMnABMEBU/24.webp,57.81,57.81,50,50,19.5,,,,,,,,,,,50,,,,,,,
N/A,9/27/2026,Evan Engram,Receiving Yards,19.5,goblin,https://static.prizepicks.com/images/teams/nfl/NFL_team_0RiBCeMt7uQeqG9tfd1lfANf/1.webp,https://static.prizepicks.com/images/teams/nfl/NFL_team_0RiBCeMt7uQeqG9tfd1lfANf/1.webp,57.81,57.81,50,50,21.92,21.3,53.64,55.83,49.03,50.97,-0.97,49.03,Over,21.3,1.8,52.41,Yes,,,,,,
N/A,9/27/2026,Courtland Sutton,Receiving Yards,19.5,goblin,https://static.prizepicks.com/images/teams/nfl/NFL_team_0RiBCeMt7uQeqG9tfd1lfANf/14.webp,https://static.prizepicks.com/images/teams/nfl/NFL_team_0RiBCeMt7uQeqG9tfd1lfANf/14.webp,57.81,57.81,50,50,32.61,37.34,52.42,55.17,48.74,51.26,-1.26,48.74,Over,37.34,17.84,62.84,Yes,,,,,,
N/A,9/27/2026,Pat Bryant,Receiving Yards,19.5,goblin,https://static.prizepicks.com/images/teams/nfl/NFL_team_0RiBCeMt7uQeqG9tfd1lfANf/13.webp,https://static.prizepicks.com/images/teams/nfl/NFL_team_0RiBCeMt7uQeqG9tfd1lfANf/13.webp,57.81,57.81,50,50,24.77,25.69,52.97,54.26,49.42,50.58,-0.58,49.42,Over,25.69,6.19,55.24,Yes,,,,,,
N/A,9/27/2026,Adam Trautman,Receiving Yards,19.5,demon,https://static.prizepicks.com/images/teams/nfl/NFL_team_0RiBCeMt7uQeqG9tfd1lfANf/82.webp,https://static.prizepicks.com/images/teams/nfl/NFL_team_0RiBCeMt7uQeqG9tfd1lfANf/82.webp,57.81,57.81,50,50,6.5,6.5,53.81,54.11,49.84,50.16,-0.16,49.84,Over,6.5,-13,37.26,No,,,,,,
N/A,9/27/2026,Kyren Williams,Longest Rush,19.5,demon,https://static.prizepicks.com/images/teams/nfl/NFL_team_OQJWWRmOVsNF455KMnABMEBU/23.webp,https://static.prizepicks.com/images/teams/nfl/NFL_team_OQJWWRmOVsNF455KMnABMEBU/23.webp,57.81,57.81,50,50,19.5,,,,,,,,,,,50,,,,,,,
N/A,9/27/2026,Blake Corum,Longest Rush,19.5,demon,https://static.prizepicks.com/images/teams/nfl/NFL_team_OQJWWRmOVsNF455KMnABMEBU/24.webp,https://static.prizepicks.com/images/teams/nfl/NFL_team_OQJWWRmOVsNF455KMnABMEBU/24.webp,57.81,57.81,50,50,19.5,,,,,,,,,,,50,,,,,,,
N/A,9/27/2026,J.K. Dobbins,Receiving Yards,19.5,demon,https://static.prizepicks.com/images/teams/nfl/NFL_team_0RiBCeMt7uQeqG9tfd1lfANf/27.webp,https://static.prizepicks.com/images/teams/nfl/NFL_team_0RiBCeMt7uQeqG9tfd1lfANf/27.webp,57.81,57.81,50,50,19.5,,,,,,,,,,,50,,,,,,,
N/A,9/27/2026,J.K. Dobbins,Longest Rush,19.5,demon,https://static.prizepicks.com/images/teams/nfl/NFL_team_0RiBCeMt7uQeqG9tfd1lfANf/27.webp,https://static.prizepicks.com/images/teams/nfl/NFL_team_0RiBCeMt7uQeqG9tfd1lfANf/27.webp,57.81,57.81,50,50,19.5,,,,,,,,,,,50,,,,,,,
N/A,9/27/2026,Bo Nix,Longest Rush,19.5,demon,https://static.prizepicks.com/images/teams/nfl/NFL_team_0RiBCeMt7uQeqG9tfd1lfANf/10.webp,https://static.prizepicks.com/images/teams/nfl/NFL_team_0RiBCeMt7uQeqG9tfd1lfANf/10.webp,57.81,57.81,50,50,19.5,,,,,,,,,,,50,,,,,,,
N/A,9/27/2026,RJ Harvey,Longest Rush,19.5,demon,https://static.prizepicks.com/images/teams/nfl/NFL_team_0RiBCeMt7uQeqG9tfd1lfANf/12.webp,https://static.prizepicks.com/images/teams/nfl/NFL_team_0RiBCeMt7uQeqG9tfd1lfANf/12.webp,57.81,57.81,50,50,19.5,,,,,,,,,,,50,,,,,,,
N/A,9/27/2026,Colby Parkinson,Receiving Yards,19.5,demon,https://static.prizepicks.com/images/teams/nfl/NFL_team_OQJWWRmOVsNF455KMnABMEBU/84.webp,https://static.prizepicks.com/images/teams/nfl/NFL_team_OQJWWRmOVsNF455KMnABMEBU/84.webp,57.81,57.81,50,50,18.5,18,53.59,53.72,49.94,50.06,-0.06,49.94,Over,18,-1.5,49,No,,,,,,
N/A,9/27/2026,Matthew Stafford,Pass Completions,18.5,goblin,https://static.prizepicks.com/images/teams/nfl/NFL_team_OQJWWRmOVsNF455KMnABMEBU/9.webp,https://static.prizepicks.com/images/teams/nfl/NFL_team_OQJWWRmOVsNF455KMnABMEBU/9.webp,57.81,57.81,50,50,21.12,20.73,54.49,53.56,50.5,49.5,0.5,50.5,Over,20.73,2.23,70.72,Yes,,,,,,
N/A,9/27/2026,Jaylen Waddle,Fantasy Score,17.5,demon,https://static.prizepicks.com/images/teams/nfl/NFL_team_0RiBCeMt7uQeqG9tfd1lfANf/17.webp,https://static.prizepicks.com/images/teams/nfl/NFL_team_0RiBCeMt7uQeqG9tfd1lfANf/17.webp,57.81,57.81,50,50,11.96,11.96,26.55,73.45,26.55,73.45,-23.45,26.55,Over,11.96,-5.54,26.55,No,,,,,,
N/A,9/27/2026,Bo Nix,Pass Completions,17.5,goblin,https://static.prizepicks.com/images/teams/nfl/NFL_team_0RiBCeMt7uQeqG9tfd1lfANf/10.webp,https://static.prizepicks.com/images/teams/nfl/NFL_team_0RiBCeMt7uQeqG9tfd1lfANf/10.webp,57.81,57.81,50,50,21.5,21.5,51.66,55.28,48.3,51.7,-1.7,48.3,Over,21.5,4,80.35,Yes,,,,,,
N/A,9/27/2026,Matthew Stafford,Pass Completions,17.5,goblin,https://static.prizepicks.com/images/teams/nfl/NFL_team_OQJWWRmOVsNF455KMnABMEBU/9.webp,https://static.prizepicks.com/images/teams/nfl/NFL_team_OQJWWRmOVsNF455KMnABMEBU/9.webp,57.81,57.81,50,50,21.12,20.73,54.49,53.56,50.5,49.5,0.5,50.5,Over,20.73,3.23,78.06,Yes,,,,,,
N/A,9/27/2026,Colby Parkinson,Receiving Yards,17.5,standard,https://static.prizepicks.com/images/teams/nfl/NFL_team_OQJWWRmOVsNF455KMnABMEBU/84.webp,https://static.prizepicks.com/images/teams/nfl/NFL_team_OQJWWRmOVsNF455KMnABMEBU/84.webp,57.81,57.81,50,50,18.5,18,53.59,53.72,49.94,50.06,-0.06,50.06,Under,18,0.5,49,No,,,,,,
N/A,9/27/2026,Bo Nix,Fantasy Score,17,standard,https://static.prizepicks.com/images/teams/nfl/NFL_team_0RiBCeMt7uQeqG9tfd1lfANf/10.webp,https://static.prizepicks.com/images/teams/nfl/NFL_team_0RiBCeMt7uQeqG9tfd1lfANf/10.webp,57.81,57.81,50,50,15.29,15.29,45.27,54.73,45.27,54.73,-4.73,54.73,Under,15.29,-1.71,54.73,Yes,,,,,,
N/A,9/27/2026,Matthew Stafford,Fantasy Score,17,standard,https://static.prizepicks.com/images/teams/nfl/NFL_team_OQJWWRmOVsNF455KMnABMEBU/9.webp,https://static.prizepicks.com/images/teams/nfl/NFL_team_OQJWWRmOVsNF455KMnABMEBU/9.webp,57.81,57.81,50,50,15.12,15.12,44.81,55.19,44.81,55.19,-5.19,55.19,Under,15.12,-1.88,55.19,Yes,,,,,,
N/A,9/27/2026,Bo Nix,Rush Yards,16.5,standard,https://static.prizepicks.com/images/teams/nfl/NFL_team_0RiBCeMt7uQeqG9tfd1lfANf/10.webp,https://static.prizepicks.com/images/teams/nfl/NFL_team_0RiBCeMt7uQeqG9tfd1lfANf/10.webp,57.81,57.81,50,50,16.29,15.95,53.86,53.47,50.17,49.83,0.17,50.17,Over,15.95,-0.55,49.83,No,,,,,,
N/A,9/27/2026,RJ Harvey,Receiving Yards,16.5,standard,https://static.prizepicks.com/images/teams/nfl/NFL_team_0RiBCeMt7uQeqG9tfd1lfANf/12.webp,https://static.prizepicks.com/images/teams/nfl/NFL_team_0RiBCeMt7uQeqG9tfd1lfANf/12.webp,57.81,57.81,50,50,17.5,17.75,53.45,53.38,50.03,49.97,0.03,50.03,Over,17.75,1.25,51,Yes,,,,,,
N/A,9/27/2026,Kyren Williams,Fantasy Score,16,demon,https://static.prizepicks.com/images/teams/nfl/NFL_team_OQJWWRmOVsNF455KMnABMEBU/23.webp,https://static.prizepicks.com/images/teams/nfl/NFL_team_OQJWWRmOVsNF455KMnABMEBU/23.webp,57.81,57.81,50,50,11.75,11.75,32.11,67.89,32.11,67.89,-17.89,32.11,Over,11.75,-4.25,32.11,No,,,,,,
N/A,9/27/2026,Davante Adams,Fantasy Score,15.5,standard,https://static.prizepicks.com/images/teams/nfl/NFL_team_OQJWWRmOVsNF455KMnABMEBU/17.webp,https://static.prizepicks.com/images/teams/nfl/NFL_team_OQJWWRmOVsNF455KMnABMEBU/17.webp,57.81,57.81,50,50,15.43,15.43,49.8,50.2,49.8,50.2,-0.2,50.2,Under,15.49,-0.01,50.2,Yes,,,,,,
N/A,9/27/2026,Matthew Stafford,Rush Yards,14.5,demon,https://static.prizepicks.com/images/teams/nfl/NFL_team_OQJWWRmOVsNF455KMnABMEBU/9.webp,https://static.prizepicks.com/images/teams/nfl/NFL_team_OQJWWRmOVsNF455KMnABMEBU/9.webp,57.81,57.81,50,50,0.45,0.5,45.46,59.8,43.19,56.81,-6.81,43.19,Over,0.5,-14,38.94,No,,,,,,
N/A,9/27/2026,Kyren Williams,Rush Attempts,14.5,demon,https://static.prizepicks.com/images/teams/nfl/NFL_team_OQJWWRmOVsNF455KMnABMEBU/23.webp,https://static.prizepicks.com/images/teams/nfl/NFL_team_OQJWWRmOVsNF455KMnABMEBU/23.webp,57.81,57.81,50,50,12.46,12.5,52.09,54.64,48.8,51.2,-1.2,48.8,Over,12.5,-2,27.11,No,,,,,,
N/A,9/27/2026,Blake Corum,Rush Attempts,14.5,demon,https://static.prizepicks.com/images/teams/nfl/NFL_team_OQJWWRmOVsNF455KMnABMEBU/24.webp,https://static.prizepicks.com/images/teams/nfl/NFL_team_OQJWWRmOVsNF455KMnABMEBU/24.webp,57.81,57.81,50,50,11.35,11.5,49.66,56.09,46.96,53.04,-3.04,46.96,Over,11.5,-3,17.26,No,,,,,,
N/A,9/27/2026,Courtland Sutton,Receiving Yards,14.5,goblin,https://static.prizepicks.com/images/teams/nfl/NFL_team_0RiBCeMt7uQeqG9tfd1lfANf/14.webp,https://static.prizepicks.com/images/teams/nfl/NFL_team_0RiBCeMt7uQeqG9tfd1lfANf/14.webp,57.81,57.81,50,50,32.61,37.34,52.42,55.17,48.74,51.26,-1.26,48.74,Over,37.34,22.84,67.46,Yes,,,,,,
N/A,9/27/2026,Pat Bryant,Receiving Yards,14.5,goblin,https://static.prizepicks.com/images/teams/nfl/NFL_team_0RiBCeMt7uQeqG9tfd1lfANf/13.webp,https://static.prizepicks.com/images/teams/nfl/NFL_team_0RiBCeMt7uQeqG9tfd1lfANf/13.webp,57.81,57.81,50,50,24.77,25.69,52.97,54.26,49.42,50.58,-0.58,49.42,Over,25.69,11.19,60.13,Yes,,,,,,
N/A,9/27/2026,Kyren Williams,Longest Rush,14.5,demon,https://static.prizepicks.com/images/teams/nfl/NFL_team_OQJWWRmOVsNF455KMnABMEBU/23.webp,https://static.prizepicks.com/images/teams/nfl/NFL_team_OQJWWRmOVsNF455KMnABMEBU/23.webp,57.81,57.81,50,50,14.5,,,,,,,,,,,50,,,,,,,
N/A,9/27/2026,Blake Corum,Longest Rush,14.5,demon,https://static.prizepicks.com/images/teams/nfl/NFL_team_OQJWWRmOVsNF455KMnABMEBU/24.webp,https://static.prizepicks.com/images/teams/nfl/NFL_team_OQJWWRmOVsNF455KMnABMEBU/24.webp,57.81,57.81,50,50,14.5,,,,,,,,,,,50,,,,,,,
N/A,9/27/2026,Evan Engram,Receiving Yards,14.5,goblin,https://static.prizepicks.com/images/teams/nfl/NFL_team_0RiBCeMt7uQeqG9tfd1lfANf/1.webp,https://static.prizepicks.com/images/teams/nfl/NFL_team_0RiBCeMt7uQeqG9tfd1lfANf/1.webp,57.81,57.81,50,50,21.92,21.3,53.64,55.83,49.03,50.97,-0.97,49.03,Over,21.3,6.8,57.36,Yes,,,,,,
N/A,9/27/2026,J.K. Dobbins,Rush Attempts,14.5,demon,https://static.prizepicks.com/images/teams/nfl/NFL_team_0RiBCeMt7uQeqG9tfd1lfANf/27.webp,https://static.prizepicks.com/images/teams/nfl/NFL_team_0RiBCeMt7uQeqG9tfd1lfANf/27.webp,57.81,57.81,50,50,12.72,12.5,54.98,52.82,51.01,48.99,1.01,51.01,Over,12.5,-2,29.66,No,,,,,,
N/A,9/27/2026,Kyren Williams,Receiving Yards,14.5,demon,https://static.prizepicks.com/images/teams/nfl/NFL_team_OQJWWRmOVsNF455KMnABMEBU/23.webp,https://static.prizepicks.com/images/teams/nfl/NFL_team_OQJWWRmOVsNF455KMnABMEBU/23.webp,57.81,57.81,50,50,13.34,12.5,53.89,53.39,50.23,49.77,0.23,50.23,Over,12.5,-2,48.84,No,,,,,,
N/A,9/27/2026,RJ Harvey,Rush Yards,14.5,goblin,https://static.prizepicks.com/images/teams/nfl/NFL_team_0RiBCeMt7uQeqG9tfd1lfANf/12.webp,https://static.prizepicks.com/images/teams/nfl/NFL_team_0RiBCeMt7uQeqG9tfd1lfANf/12.webp,57.81,57.81,50,50,19.5,19.82,53.87,53.69,50.08,49.92,0.08,50.08,Over,19.82,5.32,53.98,Yes,,,,,,
N/A,9/27/2026,J.K. Dobbins,Longest Rush,14.5,demon,https://static.prizepicks.com/images/teams/nfl/NFL_team_0RiBCeMt7uQeqG9tfd1lfANf/27.webp,https://static.prizepicks.com/images/teams/nfl/NFL_team_0RiBCeMt7uQeqG9tfd1lfANf/27.webp,57.81,57.81,50,50,14.5,,,,,,,,,,,50,,,,,,,
N/A,9/27/2026,RJ Harvey,Longest Rush,14.5,demon,https://static.prizepicks.com/images/teams/nfl/NFL_team_0RiBCeMt7uQeqG9tfd1lfANf/12.webp,https://static.prizepicks.com/images/teams/nfl/NFL_team_0RiBCeMt7uQeqG9tfd1lfANf/12.webp,57.81,57.81,50,50,14.5,,,,,,,,,,,50,,,,,,,
N/A,9/27/2026,RJ Harvey,Receiving Yards,14.5,goblin,https://static.prizepicks.com/images/teams/nfl/NFL_team_0RiBCeMt7uQeqG9tfd1lfANf/12.webp,https://static.prizepicks.com/images/teams/nfl/NFL_team_0RiBCeMt7uQeqG9tfd1lfANf/12.webp,57.81,57.81,50,50,17.5,17.75,53.45,53.38,50.03,49.97,0.03,50.03,Over,17.75,3.25,52.99,Yes,,,,,,
N/A,9/27/2026,Bo Nix,Longest Rush,14.5,demon,https://static.prizepicks.com/images/teams/nfl/NFL_team_0RiBCeMt7uQeqG9tfd1lfANf/10.webp,https://static.prizepicks.com/images/teams/nfl/NFL_team_0RiBCeMt7uQeqG9tfd1lfANf/10.webp,57.81,57.81,50,50,14.5,,,,,,,,,,,50,,,,,,,
N/A,9/27/2026,Colby Parkinson,Receiving Yards,14.5,goblin,https://static.prizepicks.com/images/teams/nfl/NFL_team_OQJWWRmOVsNF455KMnABMEBU/84.webp,https://static.prizepicks.com/images/teams/nfl/NFL_team_OQJWWRmOVsNF455KMnABMEBU/84.webp,57.81,57.81,50,50,18.5,18,53.59,53.72,49.94,50.06,-0.06,49.94,Over,18,3.5,53.98,Yes,,,,,,
N/A,9/27/2026,Blake Corum,Longest Rush,13.5,standard,https://static.prizepicks.com/images/teams/nfl/NFL_team_OQJWWRmOVsNF455KMnABMEBU/24.webp,https://static.prizepicks.com/images/teams/nfl/NFL_team_OQJWWRmOVsNF455KMnABMEBU/24.webp,57.81,57.81,50,50,13.5,,,,,,,,,,,50,,,,,,,
N/A,9/27/2026,Kyren Williams,Rush Attempts,13.5,demon,https://static.prizepicks.com/images/teams/nfl/NFL_team_OQJWWRmOVsNF455KMnABMEBU/23.webp,https://static.prizepicks.com/images/teams/nfl/NFL_team_OQJWWRmOVsNF455KMnABMEBU/23.webp,57.81,57.81,50,50,12.46,12.5,52.09,54.64,48.8,51.2,-1.2,48.8,Over,12.5,-1,36.78,No,,,,,,
N/A,9/27/2026,Terrance Ferguson,Fantasy Score,13.5,demon,https://static.prizepicks.com/images/teams/nfl/NFL_team_OQJWWRmOVsNF455KMnABMEBU/18.webp,https://static.prizepicks.com/images/teams/nfl/NFL_team_OQJWWRmOVsNF455KMnABMEBU/18.webp,57.81,57.81,50,50,9.91,9.91,34.66,65.34,34.66,65.34,-15.34,34.66,Over,9.91,-3.59,34.66,No,,,,,,
N/A,9/27/2026,J.K. Dobbins,Longest Rush,13.5,standard,https://static.prizepicks.com/images/teams/nfl/NFL_team_0RiBCeMt7uQeqG9tfd1lfANf/27.webp,https://static.prizepicks.com/images/teams/nfl/NFL_team_0RiBCeMt7uQeqG9tfd1lfANf/27.webp,57.81,57.81,50,50,13.5,,,,,,,,,,,50,,,,,,,
N/A,9/27/2026,J.K. Dobbins,Rush Attempts,13.5,demon,https://static.prizepicks.com/images/teams/nfl/NFL_team_0RiBCeMt7uQeqG9tfd1lfANf/27.webp,https://static.prizepicks.com/images/teams/nfl/NFL_team_0RiBCeMt7uQeqG9tfd1lfANf/27.webp,57.81,57.81,50,50,12.72,12.5,54.98,52.82,51.01,48.99,1.01,51.01,Over,12.5,-1,39.62,No,,,,,,
N/A,9/27/2026,Bo Nix,Fantasy Score,13,goblin,https://static.prizepicks.com/images/teams/nfl/NFL_team_0RiBCeMt7uQeqG9tfd1lfANf/10.webp,https://static.prizepicks.com/images/teams/nfl/NFL_team_0RiBCeMt7uQeqG9tfd1lfANf/10.webp,57.81,57.81,50,50,15.29,15.29,63.49,36.51,63.49,36.51,13.49,63.49,Over,15.29,2.29,63.49,Yes,,,,,,
N/A,9/27/2026,Courtland Sutton,Fantasy Score,13,demon,https://static.prizepicks.com/images/teams/nfl/NFL_team_0RiBCeMt7uQeqG9tfd1lfANf/14.webp,https://static.prizepicks.com/images/teams/nfl/NFL_team_0RiBCeMt7uQeqG9tfd1lfANf/14.webp,57.81,57.81,50,50,8.26,8.26,29.24,70.76,29.24,70.76,-20.76,29.24,Over,8.26,-4.74,29.24,No,,,,,,
N/A,9/27/2026,Jaylen Waddle,Fantasy Score,12.5,standard,https://static.prizepicks.com/images/teams/nfl/NFL_team_0RiBCeMt7uQeqG9tfd1lfANf/17.webp,https://static.prizepicks.com/images/teams/nfl/NFL_team_0RiBCeMt7uQeqG9tfd1lfANf/17.webp,57.81,57.81,50,50,11.96,11.96,48.48,51.52,48.48,51.52,-1.52,51.52,Under,11.96,-0.54,51.52,Yes,,,,,,
N/A,9/27/2026,Kyren Williams,Longest Rush,12.5,standard,https://static.prizepicks.com/images/teams/nfl/NFL_team_OQJWWRmOVsNF455KMnABMEBU/23.webp,https://static.prizepicks.com/images/teams/nfl/NFL_team_OQJWWRmOVsNF455KMnABMEBU/23.webp,57.81,57.81,50,50,12.5,,,,,,,,,,,50,,,,,,,
N/A,9/27/2026,Kyren Williams,Receiving Yards,12.5,standard,https://static.prizepicks.com/images/teams/nfl/NFL_team_OQJWWRmOVsNF455KMnABMEBU/23.webp,https://static.prizepicks.com/images/teams/nfl/NFL_team_OQJWWRmOVsNF455KMnABMEBU/23.webp,57.81,57.81,50,50,13.34,12.5,53.89,53.39,50.23,49.77,0.23,50.23,Over,12.5,0,50.84,No,,,,,,
N/A,9/27/2026,Kyren Williams,Rush Attempts,12.5,standard,https://static.prizepicks.com/images/teams/nfl/NFL_team_OQJWWRmOVsNF455KMnABMEBU/23.webp,https://static.prizepicks.com/images/teams/nfl/NFL_team_OQJWWRmOVsNF455KMnABMEBU/23.webp,57.81,57.81,50,50,12.46,12.5,52.09,54.64,48.8,51.2,-1.2,51.2,Under,12.5,0,52.35,No,,,,,,
N/A,9/27/2026,Bo Nix,Rush Attempts,12.5,demon,https://static.prizepicks.com/images/teams/nfl/NFL_team_0RiBCeMt7uQeqG9tfd1lfANf/10.webp,https://static.prizepicks.com/images/teams/nfl/NFL_team_0RiBCeMt7uQeqG9tfd1lfANf/10.webp,57.81,57.81,50,50,4.72,4.5,53.71,53.73,49.98,50.02,-0.02,49.98,Over,4.5,-8,0.12,No,,,,,,
N/A,9/27/2026,Kyren Williams,Fantasy Score,12.5,standard,https://static.prizepicks.com/images/teams/nfl/NFL_team_OQJWWRmOVsNF455KMnABMEBU/23.webp,https://static.prizepicks.com/images/teams/nfl/NFL_team_OQJWWRmOVsNF455KMnABMEBU/23.webp,57.81,57.81,50,50,11.75,11.75,47.89,52.11,47.89,52.11,-2.11,52.11,Under,11.75,-0.75,52.11,Yes,,,,,,
N/A,9/27/2026,J.K. Dobbins,Fantasy Score,12.5,demon,https://static.prizepicks.com/images/teams/nfl/NFL_team_0RiBCeMt7uQeqG9tfd1lfANf/27.webp,https://static.prizepicks.com/images/teams/nfl/NFL_team_0RiBCeMt7uQeqG9tfd1lfANf/27.webp,57.81,57.81,50,50,,,,,,,,,,,,,,,,,,,
N/A,9/27/2026,J.K. Dobbins,Rush Attempts,12.5,standard,https://static.prizepicks.com/images/teams/nfl/NFL_team_0RiBCeMt7uQeqG9tfd1lfANf/27.webp,https://static.prizepicks.com/images/teams/nfl/NFL_team_0RiBCeMt7uQeqG9tfd1lfANf/27.webp,57.81,57.81,50,50,12.72,12.5,54.98,52.82,51.01,48.99,1.01,51.01,Over,12.5,0,50.58,No,,,,,,
N/A,9/27/2026,Kyren Williams,Rush Attempts,11.5,goblin,https://static.prizepicks.com/images/teams/nfl/NFL_team_OQJWWRmOVsNF455KMnABMEBU/23.webp,https://static.prizepicks.com/images/teams/nfl/NFL_team_OQJWWRmOVsNF455KMnABMEBU/23.webp,57.81,57.81,50,50,12.46,12.5,52.09,54.64,48.8,51.2,-1.2,48.8,Over,12.5,1,58.99,Yes,,,,,,
N/A,9/27/2026,Kyren Williams,Longest Rush,11.5,goblin,https://static.prizepicks.com/images/teams/nfl/NFL_team_OQJWWRmOVsNF455KMnABMEBU/23.webp,https://static.prizepicks.com/images/teams/nfl/NFL_team_OQJWWRmOVsNF455KMnABMEBU/23.webp,57.81,57.81,50,50,11.5,,,,,,,,,,,50,,,,,,,
N/A,9/27/2026,Blake Corum,Rush Attempts,11.5,demon,https://static.prizepicks.com/images/teams/nfl/NFL_team_OQJWWRmOVsNF455KMnABMEBU/24.webp,https://static.prizepicks.com/images/teams/nfl/NFL_team_OQJWWRmOVsNF455KMnABMEBU/24.webp,57.81,57.81,50,50,11.35,11.5,49.66,56.09,46.96,53.04,-3.04,46.96,Over,11.5,0,46.24,No,,,,,,
N/A,9/27/2026,J.K. Dobbins,Rush Attempts,11.5,goblin,https://static.prizepicks.com/images/teams/nfl/NFL_team_0RiBCeMt7uQeqG9tfd1lfANf/27.webp,https://static.prizepicks.com/images/teams/nfl/NFL_team_0RiBCeMt7uQeqG9tfd1lfANf/27.webp,57.81,57.81,50,50,12.72,12.5,54.98,52.82,51.01,48.99,1.01,51.01,Over,12.5,1,61.78,Yes,,,,,,
N/A,9/27/2026,RJ Harvey,Rush Attempts,11.5,demon,https://static.prizepicks.com/images/teams/nfl/NFL_team_0RiBCeMt7uQeqG9tfd1lfANf/12.webp,https://static.prizepicks.com/images/teams/nfl/NFL_team_0RiBCeMt7uQeqG9tfd1lfANf/12.webp,57.81,57.81,50,50,5.94,5.5,57.76,48.08,54.58,45.42,4.58,54.58,Over,5.5,-6,1.88,No,,,,,,
N/A,9/27/2026,Blake Corum,Rush Attempts,11,standard,https://static.prizepicks.com/images/teams/nfl/NFL_team_OQJWWRmOVsNF455KMnABMEBU/24.webp,https://static.prizepicks.com/images/teams/nfl/NFL_team_OQJWWRmOVsNF455KMnABMEBU/24.webp,57.81,57.81,50,50,11.35,11.5,49.66,56.09,46.96,53.04,-3.04,53.04,Under,11.5,0.5,53.76,No,,,,,,
N/A,9/27/2026,Davante Adams,Fantasy Score,11,goblin,https://static.prizepicks.com/images/teams/nfl/NFL_team_OQJWWRmOVsNF455KMnABMEBU/17.webp,https://static.prizepicks.com/images/teams/nfl/NFL_team_OQJWWRmOVsNF455KMnABMEBU/17.webp,57.81,57.81,50,50,15.43,15.43,70,30,70,30,20,70,Over,15.49,4.49,70,Yes,,,,,,
N/A,9/27/2026,RJ Harvey,Fantasy Score,11,demon,https://static.prizepicks.com/images/teams/nfl/NFL_team_0RiBCeMt7uQeqG9tfd1lfANf/12.webp,https://static.prizepicks.com/images/teams/nfl/NFL_team_0RiBCeMt7uQeqG9tfd1lfANf/12.webp,57.81,57.81,50,50,7.71,7.71,35.44,64.56,35.44,64.56,-14.56,35.44,Over,7.71,-3.29,35.44,No,,,,,,
N/A,9/27/2026,Blake Corum,Fantasy Score,10.5,demon,https://static.prizepicks.com/images/teams/nfl/NFL_team_OQJWWRmOVsNF455KMnABMEBU/24.webp,https://static.prizepicks.com/images/teams/nfl/NFL_team_OQJWWRmOVsNF455KMnABMEBU/24.webp,57.81,57.81,50,50,,,,,,,,,,,,,,,,,,,
N/A,9/27/2026,Kyren Williams,Rush Attempts,10.5,goblin,https://static.prizepicks.com/images/teams/nfl/NFL_team_OQJWWRmOVsNF455KMnABMEBU/23.webp,https://static.prizepicks.com/images/teams/nfl/NFL_team_OQJWWRmOVsNF455KMnABMEBU/23.webp,57.81,57.81,50,50,12.46,12.5,52.09,54.64,48.8,51.2,-1.2,48.8,Over,12.5,2,69.91,Yes,,,,,,
N/A,9/27/2026,Terrance Ferguson,Fantasy Score,10.5,standard,https://static.prizepicks.com/images/teams/nfl/NFL_team_OQJWWRmOVsNF455KMnABMEBU/18.webp,https://static.prizepicks.com/images/teams/nfl/NFL_team_OQJWWRmOVsNF455KMnABMEBU/18.webp,57.81,57.81,50,50,9.91,9.91,48.34,51.66,48.34,51.66,-1.66,51.66,Under,9.91,-0.59,51.66,Yes,,,,,,
N/A,9/27/2026,Davante Adams,Receptions,10.5,demon,https://static.prizepicks.com/images/teams/nfl/NFL_team_OQJWWRmOVsNF455KMnABMEBU/17.webp,https://static.prizepicks.com/images/teams/nfl/NFL_team_OQJWWRmOVsNF455KMnABMEBU/17.webp,57.81,57.81,50,50,5.66,5.5,54.84,52.39,51.16,48.84,1.16,51.16,Over,5.56,-4.94,3.01,No,,,,,,
N/A,9/27/2026,J.K. Dobbins,Rush Attempts,10.5,goblin,https://static.prizepicks.com/images/teams/nfl/NFL_team_0RiBCeMt7uQeqG9tfd1lfANf/27.webp,https://static.prizepicks.com/images/teams/nfl/NFL_team_0RiBCeMt7uQeqG9tfd1lfANf/27.webp,57.81,57.81,50,50,12.72,12.5,54.98,52.82,51.01,48.99,1.01,51.01,Over,12.5,2,72.35,Yes,,,,,,
N/A,9/27/2026,RJ Harvey,Rush Yards,10.5,goblin,https://static.prizepicks.com/images/teams/nfl/NFL_team_0RiBCeMt7uQeqG9tfd1lfANf/12.webp,https://static.prizepicks.com/images/teams/nfl/NFL_team_0RiBCeMt7uQeqG9tfd1lfANf/12.webp,57.81,57.81,50,50,19.5,19.82,53.87,53.69,50.08,49.92,0.08,50.08,Over,19.82,9.32,57.14,Yes,,,,,,
N/A,9/27/2026,Pat Bryant,Fantasy Score,10,demon,https://static.prizepicks.com/images/teams/nfl/NFL_team_0RiBCeMt7uQeqG9tfd1lfANf/13.webp,https://static.prizepicks.com/images/teams/nfl/NFL_team_0RiBCeMt7uQeqG9tfd1lfANf/13.webp,57.81,57.81,50,50,6.43,6.43,33.84,66.16,33.84,66.16,-16.16,33.84,Over,6.43,-3.57,33.84,No,,,,,,
N/A,9/27/2026,Jaylen Waddle,Receptions,9.5,demon,https://static.prizepicks.com/images/teams/nfl/NFL_team_0RiBCeMt7uQeqG9tfd1lfANf/17.webp,https://static.prizepicks.com/images/teams/nfl/NFL_team_0RiBCeMt7uQeqG9tfd1lfANf/17.webp,57.81,57.81,50,50,5,4.81,55.58,52.12,51.71,48.29,1.71,51.71,Over,4.81,-4.69,3.18,No,,,,,,
N/A,9/27/2026,Bo Nix,Rush Yards,9.5,goblin,https://static.prizepicks.com/images/teams/nfl/NFL_team_0RiBCeMt7uQeqG9tfd1lfANf/10.webp,https://static.prizepicks.com/images/teams/nfl/NFL_team_0RiBCeMt7uQeqG9tfd1lfANf/10.webp,57.81,57.81,50,50,16.29,15.95,53.86,53.47,50.17,49.83,0.17,50.17,Over,15.95,6.45,55.4,Yes,,,,,,
N/A,9/27/2026,Kyren Williams,Rush Attempts,9.5,goblin,https://static.prizepicks.com/images/teams/nfl/NFL_team_OQJWWRmOVsNF455KMnABMEBU/23.webp,https://static.prizepicks.com/images/teams/nfl/NFL_team_OQJWWRmOVsNF455KMnABMEBU/23.webp,57.81,57.81,50,50,12.46,12.5,52.09,54.64,48.8,51.2,-1.2,48.8,Over,12.5,3,79.55,Yes,,,,,,
N/A,9/27/2026,Blake Corum,Rush Attempts,9.5,goblin,https://static.prizepicks.com/images/teams/nfl/NFL_team_OQJWWRmOVsNF455KMnABMEBU/24.webp,https://static.prizepicks.com/images/teams/nfl/NFL_team_OQJWWRmOVsNF455KMnABMEBU/24.webp,57.81,57.81,50,50,11.35,11.5,49.66,56.09,46.96,53.04,-3.04,46.96,Over,11.5,2,69.62,Yes,,,,,,
N/A,9/27/2026,Bo Nix,Rush Attempts,9.5,demon,https://static.prizepicks.com/images/teams/nfl/NFL_team_0RiBCeMt7uQeqG9tfd1lfANf/10.webp,https://static.prizepicks.com/images/teams/nfl/NFL_team_0RiBCeMt7uQeqG9tfd1lfANf/10.webp,57.81,57.81,50,50,4.72,4.5,53.71,53.73,49.98,50.02,-0.02,49.98,Over,4.5,-5,2.28,No,,,,,,
N/A,9/27/2026,Evan Engram,Fantasy Score,9.5,demon,https://static.prizepicks.com/images/teams/nfl/NFL_team_0RiBCeMt7uQeqG9tfd1lfANf/1.webp,https://static.prizepicks.com/images/teams/nfl/NFL_team_0RiBCeMt7uQeqG9tfd1lfANf/1.webp,57.81,57.81,50,50,5.45,5.45,32.61,67.39,32.61,67.39,-17.39,32.61,Over,5.45,-4.05,32.61,No,,,,,,
N/A,9/27/2026,Matthew Stafford,Rush Yards,9.5,demon,https://static.prizepicks.com/images/teams/nfl/NFL_team_OQJWWRmOVsNF455KMnABMEBU/9.webp,https://static.prizepicks.com/images/teams/nfl/NFL_team_OQJWWRmOVsNF455KMnABMEBU/9.webp,57.81,57.81,50,50,0.45,0.5,45.46,59.8,43.19,56.81,-6.81,43.19,Over,0.5,-9,42.82,No,,,,,,
N/A,9/27/2026,Evan Engram,Receiving Yards,9.5,goblin,https://static.prizepicks.com/images/teams/nfl/NFL_team_0RiBCeMt7uQeqG9tfd1lfANf/1.webp,https://static.prizepicks.com/images/teams/nfl/NFL_team_0RiBCeMt7uQeqG9tfd1lfANf/1.webp,57.81,57.81,50,50,21.92,21.3,53.64,55.83,49.03,50.97,-0.97,49.03,Over,21.3,11.8,62.19,Yes,,,,,,
N/A,9/27/2026,Pat Bryant,Receiving Yards,9.5,goblin,https://static.prizepicks.com/images/teams/nfl/NFL_team_0RiBCeMt7uQeqG9tfd1lfANf/13.webp,https://static.prizepicks.com/images/teams/nfl/NFL_team_0RiBCeMt7uQeqG9tfd1lfANf/13.webp,57.81,57.81,50,50,24.77,25.69,52.97,54.26,49.42,50.58,-0.58,49.42,Over,25.69,16.19,64.87,Yes,,,,,,
N/A,9/27/2026,Kyren Williams,Longest Rush,9.5,goblin,https://static.prizepicks.com/images/teams/nfl/NFL_team_OQJWWRmOVsNF455KMnABMEBU/23.webp,https://static.prizepicks.com/images/teams/nfl/NFL_team_OQJWWRmOVsNF455KMnABMEBU/23.webp,57.81,57.81,50,50,9.5,,,,,,,,,,,50,,,,,,,
N/A,9/27/2026,Blake Corum,Longest Rush,9.5,goblin,https://static.prizepicks.com/images/teams/nfl/NFL_team_OQJWWRmOVsNF455KMnABMEBU/24.webp,https://static.prizepicks.com/images/teams/nfl/NFL_team_OQJWWRmOVsNF455KMnABMEBU/24.webp,57.81,57.81,50,50,9.5,,,,,,,,,,,50,,,,,,,
N/A,9/27/2026,RJ Harvey,Rush Attempts,9.5,demon,https://static.prizepicks.com/images/teams/nfl/NFL_team_0RiBCeMt7uQeqG9tfd1lfANf/12.webp,https://static.prizepicks.com/images/teams/nfl/NFL_team_0RiBCeMt7uQeqG9tfd1lfANf/12.webp,57.81,57.81,50,50,5.94,5.5,57.76,48.08,54.58,45.42,4.58,54.58,Over,5.5,-4,7.99,No,,,,,,
N/A,9/27/2026,J.K. Dobbins,Rush Attempts,9.5,goblin,https://static.prizepicks.com/images/teams/nfl/NFL_team_0RiBCeMt7uQeqG9tfd1lfANf/27.webp,https://static.prizepicks.com/images/teams/nfl/NFL_team_0RiBCeMt7uQeqG9tfd1lfANf/27.webp,57.81,57.81,50,50,12.72,12.5,54.98,52.82,51.01,48.99,1.01,51.01,Over,12.5,3,81.49,Yes,,,,,,
N/A,9/27/2026,Terrance Ferguson,Receptions,9.5,demon,https://static.prizepicks.com/images/teams/nfl/NFL_team_OQJWWRmOVsNF455KMnABMEBU/18.webp,https://static.prizepicks.com/images/teams/nfl/NFL_team_OQJWWRmOVsNF455KMnABMEBU/18.webp,57.81,57.81,50,50,4,3.97,53.81,52.78,50.51,49.49,0.51,50.51,Over,3.97,-5.53,0.81,No,,,,,,
N/A,9/27/2026,Kyren Williams,Receiving Yards,9.5,goblin,https://static.prizepicks.com/images/teams/nfl/NFL_team_OQJWWRmOVsNF455KMnABMEBU/23.webp,https://static.prizepicks.com/images/teams/nfl/NFL_team_OQJWWRmOVsNF455KMnABMEBU/23.webp,57.81,57.81,50,50,13.34,12.5,53.89,53.39,50.23,49.77,0.23,50.23,Over,12.5,3,53.82,Yes,,,,,,
N/A,9/27/2026,RJ Harvey,Rush Yards,9.5,goblin,https://static.prizepicks.com/images/teams/nfl/NFL_team_0RiBCeMt7uQeqG9tfd1lfANf/12.webp,https://static.prizepicks.com/images/teams/nfl/NFL_team_0RiBCeMt7uQeqG9tfd1lfANf/12.webp,57.81,57.81,50,50,19.5,19.82,53.87,53.69,50.08,49.92,0.08,50.08,Over,19.82,10.32,57.93,Yes,,,,,,
N/A,9/27/2026,J.K. Dobbins,Longest Rush,9.5,goblin,https://static.prizepicks.com/images/teams/nfl/NFL_team_0RiBCeMt7uQeqG9tfd1lfANf/27.webp,https://static.prizepicks.com/images/teams/nfl/NFL_team_0RiBCeMt7uQeqG9tfd1lfANf/27.webp,57.81,57.81,50,50,9.5,,,,,,,,,,,50,,,,,,,
N/A,9/27/2026,RJ Harvey,Receiving Yards,9.5,goblin,https://static.prizepicks.com/images/teams/nfl/NFL_team_0RiBCeMt7uQeqG9tfd1lfANf/12.webp,https://static.prizepicks.com/images/teams/nfl/NFL_team_0RiBCeMt7uQeqG9tfd1lfANf/12.webp,57.81,57.81,50,50,17.5,17.75,53.45,53.38,50.03,49.97,0.03,50.03,Over,17.75,8.25,57.93,Yes,,,,,,
N/A,9/27/2026,Adam Trautman,Receiving Yards,9.5,demon,https://static.prizepicks.com/images/teams/nfl/NFL_team_0RiBCeMt7uQeqG9tfd1lfANf/82.webp,https://static.prizepicks.com/images/teams/nfl/NFL_team_0RiBCeMt7uQeqG9tfd1lfANf/82.webp,57.81,57.81,50,50,6.5,6.5,53.81,54.11,49.84,50.16,-0.16,49.84,Over,6.5,-3,47.01,No,,,,,,
N/A,9/27/2026,Colby Parkinson,Receiving Yards,9.5,goblin,https://static.prizepicks.com/images/teams/nfl/NFL_team_OQJWWRmOVsNF455KMnABMEBU/84.webp,https://static.prizepicks.com/images/teams/nfl/NFL_team_OQJWWRmOVsNF455KMnABMEBU/84.webp,57.81,57.81,50,50,18.5,18,53.59,53.72,49.94,50.06,-0.06,49.94,Over,18,8.5,58.9,Yes,,,,,,
N/A,9/27/2026,Jaylen Waddle,Fantasy Score,9,goblin,https://static.prizepicks.com/images/teams/nfl/NFL_team_0RiBCeMt7uQeqG9tfd1lfANf/17.webp,https://static.prizepicks.com/images/teams/nfl/NFL_team_0RiBCeMt7uQeqG9tfd1lfANf/17.webp,57.81,57.81,50,50,11.96,11.96,64.57,35.43,64.57,35.43,14.57,64.57,Over,11.96,2.96,64.57,Yes,,,,,,
N/A,9/27/2026,Kyren Williams,Fantasy Score,9,goblin,https://static.prizepicks.com/images/teams/nfl/NFL_team_OQJWWRmOVsNF455KMnABMEBU/23.webp,https://static.prizepicks.com/images/teams/nfl/NFL_team_OQJWWRmOVsNF455KMnABMEBU/23.webp,57.81,57.81,50,50,11.75,11.75,64.01,35.99,64.01,35.99,14.01,64.01,Over,11.75,2.75,64.01,Yes,,,,,,
N/A,9/27/2026,Colby Parkinson,Fantasy Score,9,demon,https://static.prizepicks.com/images/teams/nfl/NFL_team_OQJWWRmOVsNF455KMnABMEBU/84.webp,https://static.prizepicks.com/images/teams/nfl/NFL_team_OQJWWRmOVsNF455KMnABMEBU/84.webp,57.81,57.81,50,50,5.8,5.8,35.68,64.32,35.68,64.32,-14.32,35.68,Over,5.8,-3.2,35.68,No,,,,,,
N/A,9/27/2026,Davante Adams,Rec Targets,9,standard,https://static.prizepicks.com/images/teams/nfl/NFL_team_OQJWWRmOVsNF455KMnABMEBU/17.webp,https://static.prizepicks.com/images/teams/nfl/NFL_team_OQJWWRmOVsNF455KMnABMEBU/17.webp,57.81,57.81,50,50,9,,,,,,,,,,,50,,,,,,,
N/A,9/27/2026,Bo Nix,Longest Rush,8.5,standard,https://static.prizepicks.com/images/teams/nfl/NFL_team_0RiBCeMt7uQeqG9tfd1lfANf/10.webp,https://static.prizepicks.com/images/teams/nfl/NFL_team_0RiBCeMt7uQeqG9tfd1lfANf/10.webp,57.81,57.81,50,50,8.5,,,,,,,,,,,50,,,,,,,
N/A,9/27/2026,Courtland Sutton,Fantasy Score,8.5,standard,https://static.prizepicks.com/images/teams/nfl/NFL_team_0RiBCeMt7uQeqG9tfd1lfANf/14.webp,https://static.prizepicks.com/images/teams/nfl/NFL_team_0RiBCeMt7uQeqG9tfd1lfANf/14.webp,57.81,57.81,50,50,8.26,8.26,49.32,50.68,49.32,50.68,-0.68,50.68,Under,8.26,-0.24,50.68,Yes,,,,,,
N/A,9/27/2026,J.K. Dobbins,Fantasy Score,8.5,standard,https://static.prizepicks.com/images/teams/nfl/NFL_team_0RiBCeMt7uQeqG9tfd1lfANf/27.webp,https://static.prizepicks.com/images/teams/nfl/NFL_team_0RiBCeMt7uQeqG9tfd1lfANf/27.webp,57.81,57.81,50,50,,,,,,,,,,,,,,,,,,,
N/A,9/27/2026,RJ Harvey,Longest Rush,8.5,standard,https://static.prizepicks.com/images/teams/nfl/NFL_team_0RiBCeMt7uQeqG9tfd1lfANf/12.webp,https://static.prizepicks.com/images/teams/nfl/NFL_team_0RiBCeMt7uQeqG9tfd1lfANf/12.webp,57.81,57.81,50,50,8.5,,,,,,,,,,,50,,,,,,,
N/A,9/27/2026,Harrison Mevis,Fantasy Score,8.5,standard,https://static.prizepicks.com/images/teams/nfl/NFL_team_OQJWWRmOVsNF455KMnABMEBU/92.webp,https://static.prizepicks.com/images/teams/nfl/NFL_team_OQJWWRmOVsNF455KMnABMEBU/92.webp,57.81,57.81,50,50,,,,,,,,,,,,,,,,,,,
N/A,9/27/2026,RJ Harvey,Fantasy Score,8,standard,https://static.prizepicks.com/images/teams/nfl/NFL_team_0RiBCeMt7uQeqG9tfd1lfANf/12.webp,https://static.prizepicks.com/images/teams/nfl/NFL_team_0RiBCeMt7uQeqG9tfd1lfANf/12.webp,57.81,57.81,50,50,7.71,7.71,49.18,50.82,49.18,50.82,-0.82,50.82,Under,7.71,-0.29,50.82,Yes,,,,,,
N/A,9/27/2026,Wil Lutz,Fantasy Score,8,standard,https://static.prizepicks.com/images/teams/nfl/NFL_team_0RiBCeMt7uQeqG9tfd1lfANf/3.webp,https://static.prizepicks.com/images/teams/nfl/NFL_team_0RiBCeMt7uQeqG9tfd1lfANf/3.webp,57.81,57.81,50,50,,,,,,,,,,,,,,,,,,,
N/A,9/27/2026,Jaylen Waddle,Receptions,7.5,demon,https://static.prizepicks.com/images/teams/nfl/NFL_team_0RiBCeMt7uQeqG9tfd1lfANf/17.webp,https://static.prizepicks.com/images/teams/nfl/NFL_team_0RiBCeMt7uQeqG9tfd1lfANf/17.webp,57.81,57.81,50,50,5,4.81,55.58,52.12,51.71,48.29,1.71,51.71,Over,4.81,-2.69,13.34,No,,,,,,
N/A,9/27/2026,Blake Corum,Fantasy Score,7.5,standard,https://static.prizepicks.com/images/teams/nfl/NFL_team_OQJWWRmOVsNF455KMnABMEBU/24.webp,https://static.prizepicks.com/images/teams/nfl/NFL_team_OQJWWRmOVsNF455KMnABMEBU/24.webp,57.81,57.81,50,50,,,,,,,,,,,,,,,,,,,
N/A,9/27/2026,Courtland Sutton,Receptions,7.5,demon,https://static.prizepicks.com/images/teams/nfl/NFL_team_0RiBCeMt7uQeqG9tfd1lfANf/14.webp,https://static.prizepicks.com/images/teams/nfl/NFL_team_0RiBCeMt7uQeqG9tfd1lfANf/14.webp,57.81,57.81,50,50,3.56,3.5,49.16,56.7,46.44,53.56,-3.56,46.44,Over,3.5,-4,2.91,No,,,,,,
N/A,9/27/2026,Davante Adams,Receptions,7.5,demon,https://static.prizepicks.com/images/teams/nfl/NFL_team_OQJWWRmOVsNF455KMnABMEBU/17.webp,https://static.prizepicks.com/images/teams/nfl/NFL_team_OQJWWRmOVsNF455KMnABMEBU/17.webp,57.81,57.81,50,50,5.66,5.5,54.84,52.39,51.16,48.84,1.16,51.16,Over,5.56,-1.94,21.07,No,,,,,,
N/A,9/27/2026,Blake Corum,Rush Attempts,7.5,goblin,https://static.prizepicks.com/images/teams/nfl/NFL_team_OQJWWRmOVsNF455KMnABMEBU/24.webp,https://static.prizepicks.com/images/teams/nfl/NFL_team_OQJWWRmOVsNF455KMnABMEBU/24.webp,57.81,57.81,50,50,11.35,11.5,49.66,56.09,46.96,53.04,-3.04,46.96,Over,11.5,4,87.8,Yes,,,,,,
N/A,9/27/2026,Jaylen Waddle,Rec Targets,7,standard,https://static.prizepicks.com/images/teams/nfl/NFL_team_0RiBCeMt7uQeqG9tfd1lfANf/17.webp,https://static.prizepicks.com/images/teams/nfl/NFL_team_0RiBCeMt7uQeqG9tfd1lfANf/17.webp,57.81,57.81,50,50,7,,,,,,,,,,,50,,,,,,,
N/A,9/27/2026,Pat Bryant,Fantasy Score,6.5,standard,https://static.prizepicks.com/images/teams/nfl/NFL_team_0RiBCeMt7uQeqG9tfd1lfANf/13.webp,https://static.prizepicks.com/images/teams/nfl/NFL_team_0RiBCeMt7uQeqG9tfd1lfANf/13.webp,57.81,57.81,50,50,6.43,6.43,49.8,50.2,49.8,50.2,-0.2,50.2,Under,6.43,-0.07,50.2,Yes,,,,,,
N/A,9/27/2026,Terrance Ferguson,Fantasy Score,6.5,goblin,https://static.prizepicks.com/images/teams/nfl/NFL_team_OQJWWRmOVsNF455KMnABMEBU/18.webp,https://static.prizepicks.com/images/teams/nfl/NFL_team_OQJWWRmOVsNF455KMnABMEBU/18.webp,57.81,57.81,50,50,9.91,9.91,66.6,33.4,66.6,33.4,16.6,66.6,Over,9.91,3.41,66.6,Yes,,,,,,
N/A,9/27/2026,Adam Trautman,Receiving Yards,6.5,standard,https://static.prizepicks.com/images/teams/nfl/NFL_team_0RiBCeMt7uQeqG9tfd1lfANf/82.webp,https://static.prizepicks.com/images/teams/nfl/NFL_team_0RiBCeMt7uQeqG9tfd1lfANf/82.webp,57.81,57.81,50,50,6.5,6.5,53.81,54.11,49.84,50.16,-0.16,50.16,Under,6.5,0,50,No,,,,,,
N/A,9/27/2026,Colby Parkinson,Receptions,6.5,demon,https://static.prizepicks.com/images/teams/nfl/NFL_team_OQJWWRmOVsNF455KMnABMEBU/84.webp,https://static.prizepicks.com/images/teams/nfl/NFL_team_OQJWWRmOVsNF455KMnABMEBU/84.webp,57.81,57.81,50,50,2.75,2.5,54.6,53.54,50.49,49.51,0.49,50.49,Over,2.5,-4,2.24,No,,,,,,
N/A,9/27/2026,Pat Bryant,Receptions,6.5,demon,https://static.prizepicks.com/images/teams/nfl/NFL_team_0RiBCeMt7uQeqG9tfd1lfANf/13.webp,https://static.prizepicks.com/images/teams/nfl/NFL_team_0RiBCeMt7uQeqG9tfd1lfANf/13.webp,57.81,57.81,50,50,2.87,2.5,56.97,48.8,53.86,46.14,3.86,53.86,Over,2.5,-4,2.74,No,,,,,,
N/A,9/27/2026,Evan Engram,Receptions,6.5,demon,https://static.prizepicks.com/images/teams/nfl/NFL_team_0RiBCeMt7uQeqG9tfd1lfANf/1.webp,https://static.prizepicks.com/images/teams/nfl/NFL_team_0RiBCeMt7uQeqG9tfd1lfANf/1.webp,57.81,57.81,50,50,2.82,2.5,55.52,51.02,52.12,47.88,2.12,52.12,Over,2.5,-4,2.52,No,,,,,,
N/A,9/27/2026,RJ Harvey,Receptions,6.5,demon,https://static.prizepicks.com/images/teams/nfl/NFL_team_0RiBCeMt7uQeqG9tfd1lfANf/12.webp,https://static.prizepicks.com/images/teams/nfl/NFL_team_0RiBCeMt7uQeqG9tfd1lfANf/12.webp,57.81,57.81,50,50,2.87,2.5,58.38,47.36,55.21,44.79,5.21,55.21,Over,2.5,-4,2.74,No,,,,,,
N/A,9/27/2026,Davante Adams,Receptions,6.5,demon,https://static.prizepicks.com/images/teams/nfl/NFL_team_OQJWWRmOVsNF455KMnABMEBU/17.webp,https://static.prizepicks.com/images/teams/nfl/NFL_team_OQJWWRmOVsNF455KMnABMEBU/17.webp,57.81,57.81,50,50,5.66,5.5,54.84,52.39,51.16,48.84,1.16,51.16,Over,5.56,-0.94,33.93,No,,,,,,
N/A,9/27/2026,RJ Harvey,Rush Attempts,6.5,demon,https://static.prizepicks.com/images/teams/nfl/NFL_team_0RiBCeMt7uQeqG9tfd1lfANf/12.webp,https://static.prizepicks.com/images/teams/nfl/NFL_team_0RiBCeMt7uQeqG9tfd1lfANf/12.webp,57.81,57.81,50,50,5.94,5.5,57.76,48.08,54.58,45.42,4.58,54.58,Over,5.5,-1,38.41,No,,,,,,
N/A,9/27/2026,Evan Engram,Fantasy Score,6,standard,https://static.prizepicks.com/images/teams/nfl/NFL_team_0RiBCeMt7uQeqG9tfd1lfANf/1.webp,https://static.prizepicks.com/images/teams/nfl/NFL_team_0RiBCeMt7uQeqG9tfd1lfANf/1.webp,57.81,57.81,50,50,5.45,5.45,48.45,51.55,48.45,51.55,-1.55,51.55,Under,5.45,-0.55,51.55,Yes,,,,,,
N/A,9/27/2026,Colby Parkinson,Fantasy Score,6,standard,https://static.prizepicks.com/images/teams/nfl/NFL_team_OQJWWRmOVsNF455KMnABMEBU/84.webp,https://static.prizepicks.com/images/teams/nfl/NFL_team_OQJWWRmOVsNF455KMnABMEBU/84.webp,57.81,57.81,50,50,5.8,5.8,49.44,50.56,49.44,50.56,-0.56,50.56,Under,5.8,-0.2,50.56,Yes,,,,,,
N/A,9/27/2026,J.K. Dobbins,Fantasy Score,6,goblin,https://static.prizepicks.com/images/teams/nfl/NFL_team_0RiBCeMt7uQeqG9tfd1lfANf/27.webp,https://static.prizepicks.com/images/teams/nfl/NFL_team_0RiBCeMt7uQeqG9tfd1lfANf/27.webp,57.81,57.81,50,50,,,,,,,,,,,,,,,,,,,
N/A,9/27/2026,Terrance Ferguson,Rec Targets,6,standard,https://static.prizepicks.com/images/teams/nfl/NFL_team_OQJWWRmOVsNF455KMnABMEBU/18.webp,https://static.prizepicks.com/images/teams/nfl/NFL_team_OQJWWRmOVsNF455KMnABMEBU/18.webp,57.81,57.81,50,50,6,,,,,,,,,,,50,,,,,,,
N/A,9/27/2026,Jaylen Waddle,Receptions,5.5,demon,https://static.prizepicks.com/images/teams/nfl/NFL_team_0RiBCeMt7uQeqG9tfd1lfANf/17.webp,https://static.prizepicks.com/images/teams/nfl/NFL_team_0RiBCeMt7uQeqG9tfd1lfANf/17.webp,57.81,57.81,50,50,5,4.81,55.58,52.12,51.71,48.29,1.71,51.71,Over,4.81,-0.69,38.4,No,,,,,,
N/A,9/27/2026,Bo Nix,Rush Attempts,5.5,demon,https://static.prizepicks.com/images/teams/nfl/NFL_team_0RiBCeMt7uQeqG9tfd1lfANf/10.webp,https://static.prizepicks.com/images/teams/nfl/NFL_team_0RiBCeMt7uQeqG9tfd1lfANf/10.webp,57.81,57.81,50,50,4.72,4.5,53.71,53.73,49.98,50.02,-0.02,49.98,Over,4.5,-1,33.5,No,,,,,,
N/A,9/27/2026,Kyren Williams,Receptions,5.5,demon,https://static.prizepicks.com/images/teams/nfl/NFL_team_OQJWWRmOVsNF455KMnABMEBU/23.webp,https://static.prizepicks.com/images/teams/nfl/NFL_team_OQJWWRmOVsNF455KMnABMEBU/23.webp,57.81,57.81,50,50,2.27,2.5,43.06,62.7,40.72,59.28,-9.28,40.72,Over,2.5,-3,2.84,No,,,,,,
N/A,9/27/2026,Courtland Sutton,Fantasy Score,5.5,goblin,https://static.prizepicks.com/images/teams/nfl/NFL_team_0RiBCeMt7uQeqG9tfd1lfANf/14.webp,https://static.prizepicks.com/images/teams/nfl/NFL_team_0RiBCeMt7uQeqG9tfd1lfANf/14.webp,57.81,57.81,50,50,8.26,8.26,63.16,36.84,63.16,36.84,13.16,63.16,Over,8.26,2.76,63.16,Yes,,,,,,
N/A,9/27/2026,Courtland Sutton,Rec Targets,5.5,standard,https://static.prizepicks.com/images/teams/nfl/NFL_team_0RiBCeMt7uQeqG9tfd1lfANf/14.webp,https://static.prizepicks.com/images/teams/nfl/NFL_team_0RiBCeMt7uQeqG9tfd1lfANf/14.webp,57.81,57.81,50,50,5.5,,,,,,,,,,,50,,,,,,,
N/A,9/27/2026,Terrance Ferguson,Receptions,5.5,demon,https://static.prizepicks.com/images/teams/nfl/NFL_team_OQJWWRmOVsNF455KMnABMEBU/18.webp,https://static.prizepicks.com/images/teams/nfl/NFL_team_OQJWWRmOVsNF455KMnABMEBU/18.webp,57.81,57.81,50,50,4,3.97,53.81,52.78,50.51,49.49,0.51,50.51,Over,3.97,-1.53,21.49,No,,,,,,
N/A,9/27/2026,Davante Adams,Receptions,5.5,standard,https://static.prizepicks.com/images/teams/nfl/NFL_team_OQJWWRmOVsNF455KMnABMEBU/17.webp,https://static.prizepicks.com/images/teams/nfl/NFL_team_OQJWWRmOVsNF455KMnABMEBU/17.webp,57.81,57.81,50,50,5.66,5.5,54.84,52.39,51.16,48.84,1.16,51.16,Over,5.56,0.06,49.83,Yes,,,,,,
N/A,9/27/2026,RJ Harvey,Receptions,5.5,demon,https://static.prizepicks.com/images/teams/nfl/NFL_team_0RiBCeMt7uQeqG9tfd1lfANf/12.webp,https://static.prizepicks.com/images/teams/nfl/NFL_team_0RiBCeMt7uQeqG9tfd1lfANf/12.webp,57.81,57.81,50,50,2.87,2.5,58.38,47.36,55.21,44.79,5.21,55.21,Over,2.5,-3,7.14,No,,,,,,
N/A,9/27/2026,RJ Harvey,Rush Attempts,5.5,goblin,https://static.prizepicks.com/images/teams/nfl/NFL_team_0RiBCeMt7uQeqG9tfd1lfANf/12.webp,https://static.prizepicks.com/images/teams/nfl/NFL_team_0RiBCeMt7uQeqG9tfd1lfANf/12.webp,57.81,57.81,50,50,5.94,5.5,57.76,48.08,54.58,45.42,4.58,54.58,Over,5.5,0,54.46,No,,,,,,
N/A,9/27/2026,Troy Franklin,Receiving Yards,5.5,standard,https://static.prizepicks.com/images/teams/nfl/NFL_team_0RiBCeMt7uQeqG9tfd1lfANf/11.webp,https://static.prizepicks.com/images/teams/nfl/NFL_team_0RiBCeMt7uQeqG9tfd1lfANf/11.webp,57.81,57.81,50,50,5.5,5.5,57.81,57.81,50,50,0,50,Under,5.5,0,50,No,,,,,,
N/A,9/27/2026,Jaylen Waddle,Receptions,5,standard,https://static.prizepicks.com/images/teams/nfl/NFL_team_0RiBCeMt7uQeqG9tfd1lfANf/17.webp,https://static.prizepicks.com/images/teams/nfl/NFL_team_0RiBCeMt7uQeqG9tfd1lfANf/17.webp,57.81,57.81,50,50,5,4.81,55.58,52.12,51.71,48.29,1.71,51.71,Over,4.81,-0.19,38.4,No,,,,,,
N/A,9/27/2026,Blake Corum,Fantasy Score,5,goblin,https://static.prizepicks.com/images/teams/nfl/NFL_team_OQJWWRmOVsNF455KMnABMEBU/24.webp,https://static.prizepicks.com/images/teams/nfl/NFL_team_OQJWWRmOVsNF455KMnABMEBU/24.webp,57.81,57.81,50,50,,,,,,,,,,,,,,,,,,,
N/A,9/27/2026,RJ Harvey,Fantasy Score,5,goblin,https://static.prizepicks.com/images/teams/nfl/NFL_team_0RiBCeMt7uQeqG9tfd1lfANf/12.webp,https://static.prizepicks.com/images/teams/nfl/NFL_team_0RiBCeMt7uQeqG9tfd1lfANf/12.webp,57.81,57.81,50,50,7.71,7.71,63.02,36.98,63.02,36.98,13.02,63.02,Over,7.71,2.71,63.02,Yes,,,,,,
N/A,9/27/2026,Jaylen Waddle,Receptions,4.5,goblin,https://static.prizepicks.com/images/teams/nfl/NFL_team_0RiBCeMt7uQeqG9tfd1lfANf/17.webp,https://static.prizepicks.com/images/teams/nfl/NFL_team_0RiBCeMt7uQeqG9tfd1lfANf/17.webp,57.81,57.81,50,50,5,4.81,55.58,52.12,51.71,48.29,1.71,51.71,Over,4.81,0.31,55.95,Yes,,,,,,
N/A,9/27/2026,Matthew Stafford,Rush Yards,4.5,demon,https://static.prizepicks.com/images/teams/nfl/NFL_team_OQJWWRmOVsNF455KMnABMEBU/9.webp,https://static.prizepicks.com/images/teams/nfl/NFL_team_OQJWWRmOVsNF455KMnABMEBU/9.webp,57.81,57.81,50,50,0.45,0.5,45.46,59.8,43.19,56.81,-6.81,43.19,Over,0.5,-4,46.77,No,,,,,,
N/A,9/27/2026,Courtland Sutton,Receptions,4.5,demon,https://static.prizepicks.com/images/teams/nfl/NFL_team_0RiBCeMt7uQeqG9tfd1lfANf/14.webp,https://static.prizepicks.com/images/teams/nfl/NFL_team_0RiBCeMt7uQeqG9tfd1lfANf/14.webp,57.81,57.81,50,50,3.56,3.5,49.16,56.7,46.44,53.56,-3.56,46.44,Over,3.5,-1,28.59,No,,,,,,
N/A,9/27/2026,Bo Nix,Rush Attempts,4.5,standard,https://static.prizepicks.com/images/teams/nfl/NFL_team_0RiBCeMt7uQeqG9tfd1lfANf/10.webp,https://static.prizepicks.com/images/teams/nfl/NFL_team_0RiBCeMt7uQeqG9tfd1lfANf/10.webp,57.81,57.81,50,50,4.72,4.5,53.71,53.73,49.98,50.02,-0.02,50.02,Under,4.5,0,49.09,No,,,,,,
N/A,9/27/2026,Pat Bryant,Receptions,4.5,demon,https://static.prizepicks.com/images/teams/nfl/NFL_team_0RiBCeMt7uQeqG9tfd1lfANf/13.webp,https://static.prizepicks.com/images/teams/nfl/NFL_team_0RiBCeMt7uQeqG9tfd1lfANf/13.webp,57.81,57.81,50,50,2.87,2.5,56.97,48.8,53.86,46.14,3.86,53.86,Over,2.5,-2,16.34,No,,,,,,
N/A,9/27/2026,Evan Engram,Receptions,4.5,demon,https://static.prizepicks.com/images/teams/nfl/NFL_team_0RiBCeMt7uQeqG9tfd1lfANf/1.webp,https://static.prizepicks.com/images/teams/nfl/NFL_team_0RiBCeMt7uQeqG9tfd1lfANf/1.webp,57.81,57.81,50,50,2.82,2.5,55.52,51.02,52.12,47.88,2.12,52.12,Over,2.5,-2,15.55,No,,,,,,
N/A,9/27/2026,Davante Adams,Receptions,4.5,goblin,https://static.prizepicks.com/images/teams/nfl/NFL_team_OQJWWRmOVsNF455KMnABMEBU/17.webp,https://static.prizepicks.com/images/teams/nfl/NFL_team_OQJWWRmOVsNF455KMnABMEBU/17.webp,57.81,57.81,50,50,5.66,5.5,54.84,52.39,51.16,48.84,1.16,51.16,Over,5.56,1.06,66.69,Yes,,,,,,
N/A,9/27/2026,Terrance Ferguson,Receptions,4.5,demon,https://static.prizepicks.com/images/teams/nfl/NFL_team_OQJWWRmOVsNF455KMnABMEBU/18.webp,https://static.prizepicks.com/images/teams/nfl/NFL_team_OQJWWRmOVsNF455KMnABMEBU/18.webp,57.81,57.81,50,50,4,3.97,53.81,52.78,50.51,49.49,0.51,50.51,Over,3.97,-0.53,37.12,No,,,,,,
N/A,9/27/2026,Kyren Williams,Receiving Yards,4.5,goblin,https://static.prizepicks.com/images/teams/nfl/NFL_team_OQJWWRmOVsNF455KMnABMEBU/23.webp,https://static.prizepicks.com/images/teams/nfl/NFL_team_OQJWWRmOVsNF455KMnABMEBU/23.webp,57.81,57.81,50,50,13.34,12.5,53.89,53.39,50.23,49.77,0.23,50.23,Over,12.5,8,58.75,Yes,,,,,,
N/A,9/27/2026,RJ Harvey,Receiving Yards,4.5,goblin,https://static.prizepicks.com/images/teams/nfl/NFL_team_0RiBCeMt7uQeqG9tfd1lfANf/12.webp,https://static.prizepicks.com/images/teams/nfl/NFL_team_0RiBCeMt7uQeqG9tfd1lfANf/12.webp,57.81,57.81,50,50,17.5,17.75,53.45,53.38,50.03,49.97,0.03,50.03,Over,17.75,13.25,62.74,Yes,,,,,,
N/A,9/27/2026,RJ Harvey,Rush Attempts,4.5,goblin,https://static.prizepicks.com/images/teams/nfl/NFL_team_0RiBCeMt7uQeqG9tfd1lfANf/12.webp,https://static.prizepicks.com/images/teams/nfl/NFL_team_0RiBCeMt7uQeqG9tfd1lfANf/12.webp,57.81,57.81,50,50,5.94,5.5,57.76,48.08,54.58,45.42,4.58,54.58,Over,5.5,1,70.68,Yes,,,,,,
N/A,9/27/2026,Colby Parkinson,Receptions,4.5,demon,https://static.prizepicks.com/images/teams/nfl/NFL_team_OQJWWRmOVsNF455KMnABMEBU/84.webp,https://static.prizepicks.com/images/teams/nfl/NFL_team_OQJWWRmOVsNF455KMnABMEBU/84.webp,57.81,57.81,50,50,2.75,2.5,54.6,53.54,50.49,49.51,0.49,50.49,Over,2.5,-2,14.46,No,,,,,,
N/A,9/27/2026,Colby Parkinson,Receiving Yards,4.5,goblin,https://static.prizepicks.com/images/teams/nfl/NFL_team_OQJWWRmOVsNF455KMnABMEBU/84.webp,https://static.prizepicks.com/images/teams/nfl/NFL_team_OQJWWRmOVsNF455KMnABMEBU/84.webp,57.81,57.81,50,50,18.5,18,53.59,53.72,49.94,50.06,-0.06,49.94,Over,18,13.5,63.68,Yes,,,,,,
N/A,9/27/2026,Adam Trautman,Receiving Yards,4.5,goblin,https://static.prizepicks.com/images/teams/nfl/NFL_team_0RiBCeMt7uQeqG9tfd1lfANf/82.webp,https://static.prizepicks.com/images/teams/nfl/NFL_team_0RiBCeMt7uQeqG9tfd1lfANf/82.webp,57.81,57.81,50,50,6.5,6.5,53.81,54.11,49.84,50.16,-0.16,49.84,Over,6.5,2,51.99,Yes,,,,,,
N/A,9/27/2026,Terrance Ferguson,Receptions,4,standard,https://static.prizepicks.com/images/teams/nfl/NFL_team_OQJWWRmOVsNF455KMnABMEBU/18.webp,https://static.prizepicks.com/images/teams/nfl/NFL_team_OQJWWRmOVsNF455KMnABMEBU/18.webp,57.81,57.81,50,50,4,3.97,53.81,52.78,50.51,49.49,0.51,50.51,Over,3.97,-0.03,37.12,No,,,,,,
N/A,9/27/2026,Pat Bryant,Rec Targets,4,standard,https://static.prizepicks.com/images/teams/nfl/NFL_team_0RiBCeMt7uQeqG9tfd1lfANf/13.webp,https://static.prizepicks.com/images/teams/nfl/NFL_team_0RiBCeMt7uQeqG9tfd1lfANf/13.webp,57.81,57.81,50,50,4,,,,,,,,,,,50,,,,,,,
N/A,9/27/2026,Jaylen Waddle,Receptions,3.5,goblin,https://static.prizepicks.com/images/teams/nfl/NFL_team_0RiBCeMt7uQeqG9tfd1lfANf/17.webp,https://static.prizepicks.com/images/teams/nfl/NFL_team_0RiBCeMt7uQeqG9tfd1lfANf/17.webp,57.81,57.81,50,50,5,4.81,55.58,52.12,51.71,48.29,1.71,51.71,Over,4.81,1.31,73.5,Yes,,,,,,
N/A,9/27/2026,Bo Nix,Pass TDs,3.5,demon,https://static.prizepicks.com/images/teams/nfl/NFL_team_0RiBCeMt7uQeqG9tfd1lfANf/10.webp,https://static.prizepicks.com/images/teams/nfl/NFL_team_0RiBCeMt7uQeqG9tfd1lfANf/10.webp,57.81,57.81,50,50,1.26,1.5,43.9,62.28,41.35,58.65,-8.65,41.35,Over,1.5,-2,3.92,No,,,,,,
N/A,9/27/2026,Matthew Stafford,Pass TDs,3.5,demon,https://static.prizepicks.com/images/teams/nfl/NFL_team_OQJWWRmOVsNF455KMnABMEBU/9.webp,https://static.prizepicks.com/images/teams/nfl/NFL_team_OQJWWRmOVsNF455KMnABMEBU/9.webp,57.81,57.81,50,50,1.46,1.5,53.36,54.48,49.47,50.53,-0.53,49.47,Over,1.5,-2,6.07,No,,,,,,
N/A,9/27/2026,Bo Nix,Rush Attempts,3.5,goblin,https://static.prizepicks.com/images/teams/nfl/NFL_team_0RiBCeMt7uQeqG9tfd1lfANf/10.webp,https://static.prizepicks.com/images/teams/nfl/NFL_team_0RiBCeMt7uQeqG9tfd1lfANf/10.webp,57.81,57.81,50,50,4.72,4.5,53.71,53.73,49.98,50.02,-0.02,49.98,Over,4.5,1,69.35,Yes,,,,,,
N/A,9/27/2026,Kyren Williams,Receptions,3.5,demon,https://static.prizepicks.com/images/teams/nfl/NFL_team_OQJWWRmOVsNF455KMnABMEBU/23.webp,https://static.prizepicks.com/images/teams/nfl/NFL_team_OQJWWRmOVsNF455KMnABMEBU/23.webp,57.81,57.81,50,50,2.27,2.5,43.06,62.7,40.72,59.28,-9.28,40.72,Over,2.5,-1,19.46,No,,,,,,
N/A,9/27/2026,Evan Engram,Receptions,3.5,demon,https://static.prizepicks.com/images/teams/nfl/NFL_team_0RiBCeMt7uQeqG9tfd1lfANf/1.webp,https://static.prizepicks.com/images/teams/nfl/NFL_team_0RiBCeMt7uQeqG9tfd1lfANf/1.webp,57.81,57.81,50,50,2.82,2.5,55.52,51.02,52.12,47.88,2.12,52.12,Over,2.5,-1,31.25,No,,,,,,
N/A,9/27/2026,Pat Bryant,Receptions,3.5,demon,https://static.prizepicks.com/images/teams/nfl/NFL_team_0RiBCeMt7uQeqG9tfd1lfANf/13.webp,https://static.prizepicks.com/images/teams/nfl/NFL_team_0RiBCeMt7uQeqG9tfd1lfANf/13.webp,57.81,57.81,50,50,2.87,2.5,56.97,48.8,53.86,46.14,3.86,53.86,Over,2.5,-1,32.37,No,,,,,,
N/A,9/27/2026,Pat Bryant,Fantasy Score,3.5,goblin,https://static.prizepicks.com/images/teams/nfl/NFL_team_0RiBCeMt7uQeqG9tfd1lfANf/13.webp,https://static.prizepicks.com/images/teams/nfl/NFL_team_0RiBCeMt7uQeqG9tfd1lfANf/13.webp,57.81,57.81,50,50,6.43,6.43,63.61,36.39,63.61,36.39,13.61,63.61,Over,6.43,2.93,63.61,Yes,,,,,,
N/A,9/27/2026,Evan Engram,Fantasy Score,3.5,goblin,https://static.prizepicks.com/images/teams/nfl/NFL_team_0RiBCeMt7uQeqG9tfd1lfANf/1.webp,https://static.prizepicks.com/images/teams/nfl/NFL_team_0RiBCeMt7uQeqG9tfd1lfANf/1.webp,57.81,57.81,50,50,5.45,5.45,60.08,39.92,60.08,39.92,10.08,60.08,Over,5.45,1.95,60.08,Yes,,,,,,
N/A,9/27/2026,Courtland Sutton,Receptions,3.5,demon,https://static.prizepicks.com/images/teams/nfl/NFL_team_0RiBCeMt7uQeqG9tfd1lfANf/14.webp,https://static.prizepicks.com/images/teams/nfl/NFL_team_0RiBCeMt7uQeqG9tfd1lfANf/14.webp,57.81,57.81,50,50,3.56,3.5,49.16,56.7,46.44,53.56,-3.56,46.44,Over,3.5,0,47.63,No,,,,,,
N/A,9/27/2026,Davante Adams,Receptions,3.5,goblin,https://static.prizepicks.com/images/teams/nfl/NFL_team_OQJWWRmOVsNF455KMnABMEBU/17.webp,https://static.prizepicks.com/images/teams/nfl/NFL_team_OQJWWRmOVsNF455KMnABMEBU/17.webp,57.81,57.81,50,50,5.66,5.5,54.84,52.39,51.16,48.84,1.16,51.16,Over,5.56,2.06,81.58,Yes,,,,,,
N/A,9/27/2026,Terrance Ferguson,Receptions,3.5,goblin,https://static.prizepicks.com/images/teams/nfl/NFL_team_OQJWWRmOVsNF455KMnABMEBU/18.webp,https://static.prizepicks.com/images/teams/nfl/NFL_team_OQJWWRmOVsNF455KMnABMEBU/18.webp,57.81,57.81,50,50,4,3.97,53.81,52.78,50.51,49.49,0.51,50.51,Over,3.97,0.47,56.65,Yes,,,,,,
N/A,9/27/2026,Colby Parkinson,Receptions,3.5,demon,https://static.prizepicks.com/images/teams/nfl/NFL_team_OQJWWRmOVsNF455KMnABMEBU/84.webp,https://static.prizepicks.com/images/teams/nfl/NFL_team_OQJWWRmOVsNF455KMnABMEBU/84.webp,57.81,57.81,50,50,2.75,2.5,54.6,53.54,50.49,49.51,0.49,50.49,Over,2.5,-1,29.7,No,,,,,,
N/A,9/27/2026,Adam Trautman,Receptions,3.5,demon,https://static.prizepicks.com/images/teams/nfl/NFL_team_0RiBCeMt7uQeqG9tfd1lfANf/82.webp,https://static.prizepicks.com/images/teams/nfl/NFL_team_0RiBCeMt7uQeqG9tfd1lfANf/82.webp,57.81,57.81,50,50,0.96,0.5,66.95,39.25,63.03,36.97,13.03,63.03,Over,0.5,-3,1.66,No,,,,,,
N/A,9/27/2026,Evan Engram,Rec Targets,3.5,standard,https://static.prizepicks.com/images/teams/nfl/NFL_team_0RiBCeMt7uQeqG9tfd1lfANf/1.webp,https://static.prizepicks.com/images/teams/nfl/NFL_team_0RiBCeMt7uQeqG9tfd1lfANf/1.webp,57.81,57.81,50,50,3.5,,,,,,,,,,,50,,,,,,,
N/A,9/27/2026,RJ Harvey,Receptions,3.5,demon,https://static.prizepicks.com/images/teams/nfl/NFL_team_0RiBCeMt7uQeqG9tfd1lfANf/12.webp,https://static.prizepicks.com/images/teams/nfl/NFL_team_0RiBCeMt7uQeqG9tfd1lfANf/12.webp,57.81,57.81,50,50,2.87,2.5,58.38,47.36,55.21,44.79,5.21,55.21,Over,2.5,-1,32.37,No,,,,,,
N/A,9/27/2026,RJ Harvey,Rec Targets,3.5,standard,https://static.prizepicks.com/images/teams/nfl/NFL_team_0RiBCeMt7uQeqG9tfd1lfANf/12.webp,https://static.prizepicks.com/images/teams/nfl/NFL_team_0RiBCeMt7uQeqG9tfd1lfANf/12.webp,57.81,57.81,50,50,3.5,,,,,,,,,,,50,,,,,,,
N/A,9/27/2026,RJ Harvey,Rush Attempts,3.5,goblin,https://static.prizepicks.com/images/teams/nfl/NFL_team_0RiBCeMt7uQeqG9tfd1lfANf/12.webp,https://static.prizepicks.com/images/teams/nfl/NFL_team_0RiBCeMt7uQeqG9tfd1lfANf/12.webp,57.81,57.81,50,50,5.94,5.5,57.76,48.08,54.58,45.42,4.58,54.58,Over,5.5,2,84.34,Yes,,,,,,
N/A,9/27/2026,Colby Parkinson,Rec Targets,3.5,standard,https://static.prizepicks.com/images/teams/nfl/NFL_team_OQJWWRmOVsNF455KMnABMEBU/84.webp,https://static.prizepicks.com/images/teams/nfl/NFL_team_OQJWWRmOVsNF455KMnABMEBU/84.webp,57.81,57.81,50,50,3.5,,,,,,,,,,,50,,,,,,,
N/A,9/27/2026,Colby Parkinson,Fantasy Score,3,goblin,https://static.prizepicks.com/images/teams/nfl/NFL_team_OQJWWRmOVsNF455KMnABMEBU/84.webp,https://static.prizepicks.com/images/teams/nfl/NFL_team_OQJWWRmOVsNF455KMnABMEBU/84.webp,57.81,57.81,50,50,5.8,5.8,63.26,36.74,63.26,36.74,13.26,63.26,Over,5.8,2.8,63.26,Yes,,,,,,
N/A,9/27/2026,Matthew Stafford,Pass TDs,2.5,demon,https://static.prizepicks.com/images/teams/nfl/NFL_team_OQJWWRmOVsNF455KMnABMEBU/9.webp,https://static.prizepicks.com/images/teams/nfl/NFL_team_OQJWWRmOVsNF455KMnABMEBU/9.webp,57.81,57.81,50,50,1.46,1.5,53.36,54.48,49.47,50.53,-0.53,49.47,Over,1.5,-1,18.12,No,,,,,,
N/A,9/27/2026,Bo Nix,INT,2.5,demon,https://static.prizepicks.com/images/teams/nfl/NFL_team_0RiBCeMt7uQeqG9tfd1lfANf/10.webp,https://static.prizepicks.com/images/teams/nfl/NFL_team_0RiBCeMt7uQeqG9tfd1lfANf/10.webp,57.81,57.81,50,50,0.72,0.5,55.11,52.52,51.22,48.78,1.22,51.22,Over,0.5,-2,3.66,No,,,,,,
N/A,9/27/2026,Kyren Williams,Receptions,2.5,demon,https://static.prizepicks.com/images/teams/nfl/NFL_team_OQJWWRmOVsNF455KMnABMEBU/23.webp,https://static.prizepicks.com/images/teams/nfl/NFL_team_OQJWWRmOVsNF455KMnABMEBU/23.webp,57.81,57.81,50,50,2.27,2.5,43.06,62.7,40.72,59.28,-9.28,40.72,Over,2.5,0,39.6,No,,,,,,
N/A,9/27/2026,Evan Engram,Receptions,2.5,standard,https://static.prizepicks.com/images/teams/nfl/NFL_team_0RiBCeMt7uQeqG9tfd1lfANf/1.webp,https://static.prizepicks.com/images/teams/nfl/NFL_team_0RiBCeMt7uQeqG9tfd1lfANf/1.webp,57.81,57.81,50,50,2.82,2.5,55.52,51.02,52.12,47.88,2.12,52.12,Over,2.5,0,53.53,No,,,,,,
N/A,9/27/2026,Pat Bryant,Receptions,2.5,goblin,https://static.prizepicks.com/images/teams/nfl/NFL_team_0RiBCeMt7uQeqG9tfd1lfANf/13.webp,https://static.prizepicks.com/images/teams/nfl/NFL_team_0RiBCeMt7uQeqG9tfd1lfANf/13.webp,57.81,57.81,50,50,2.87,2.5,56.97,48.8,53.86,46.14,3.86,53.86,Over,2.5,0,54.71,No,,,,,,
N/A,9/27/2026,Bo Nix,Rush Attempts,2.5,goblin,https://static.prizepicks.com/images/teams/nfl/NFL_team_0RiBCeMt7uQeqG9tfd1lfANf/10.webp,https://static.prizepicks.com/images/teams/nfl/NFL_team_0RiBCeMt7uQeqG9tfd1lfANf/10.webp,57.81,57.81,50,50,4.72,4.5,53.71,53.73,49.98,50.02,-0.02,49.98,Over,4.5,2,84.97,Yes,,,,,,
N/A,9/27/2026,Matthew Stafford,INT,2.5,demon,https://static.prizepicks.com/images/teams/nfl/NFL_team_OQJWWRmOVsNF455KMnABMEBU/9.webp,https://static.prizepicks.com/images/teams/nfl/NFL_team_OQJWWRmOVsNF455KMnABMEBU/9.webp,57.81,57.81,50,50,0.67,0.5,52.64,54.98,48.89,51.11,-1.11,48.89,Over,0.5,-2,3.06,No,,,,,,
N/A,9/27/2026,Courtland Sutton,Receptions,2.5,goblin,https://static.prizepicks.com/images/teams/nfl/NFL_team_0RiBCeMt7uQeqG9tfd1lfANf/14.webp,https://static.prizepicks.com/images/teams/nfl/NFL_team_0RiBCeMt7uQeqG9tfd1lfANf/14.webp,57.81,57.81,50,50,3.56,3.5,49.16,56.7,46.44,53.56,-3.56,46.44,Over,3.5,1,69.01,Yes,,,,,,
N/A,9/27/2026,Colby Parkinson,Receptions,2.5,standard,https://static.prizepicks.com/images/teams/nfl/NFL_team_OQJWWRmOVsNF455KMnABMEBU/84.webp,https://static.prizepicks.com/images/teams/nfl/NFL_team_OQJWWRmOVsNF455KMnABMEBU/84.webp,57.81,57.81,50,50,2.75,2.5,54.6,53.54,50.49,49.51,0.49,50.49,Over,2.5,0,51.85,No,,,,,,
N/A,9/27/2026,Terrance Ferguson,Receptions,2.5,goblin,https://static.prizepicks.com/images/teams/nfl/NFL_team_OQJWWRmOVsNF455KMnABMEBU/18.webp,https://static.prizepicks.com/images/teams/nfl/NFL_team_OQJWWRmOVsNF455KMnABMEBU/18.webp,57.81,57.81,50,50,4,3.97,53.81,52.78,50.51,49.49,0.51,50.51,Over,3.97,1.47,76.19,Yes,,,,,,
N/A,9/27/2026,Kyren Williams,Rec Targets,2.5,standard,https://static.prizepicks.com/images/teams/nfl/NFL_team_OQJWWRmOVsNF455KMnABMEBU/23.webp,https://static.prizepicks.com/images/teams/nfl/NFL_team_OQJWWRmOVsNF455KMnABMEBU/23.webp,57.81,57.81,50,50,2.5,,,,,,,,,,,50,,,,,,,
N/A,9/27/2026,RJ Harvey,Receptions,2.5,goblin,https://static.prizepicks.com/images/teams/nfl/NFL_team_0RiBCeMt7uQeqG9tfd1lfANf/12.webp,https://static.prizepicks.com/images/teams/nfl/NFL_team_0RiBCeMt7uQeqG9tfd1lfANf/12.webp,57.81,57.81,50,50,2.87,2.5,58.38,47.36,55.21,44.79,5.21,55.21,Over,2.5,0,54.71,No,,,,,,
N/A,9/27/2026,Adam Trautman,Receptions,2.5,demon,https://static.prizepicks.com/images/teams/nfl/NFL_team_0RiBCeMt7uQeqG9tfd1lfANf/82.webp,https://static.prizepicks.com/images/teams/nfl/NFL_team_0RiBCeMt7uQeqG9tfd1lfANf/82.webp,57.81,57.81,50,50,0.96,0.5,66.95,39.25,63.03,36.97,13.03,63.03,Over,0.5,-2,7.31,No,,,,,,
N/A,9/27/2026,Aaron Donald,Sacks,2.5,demon,https://static.prizepicks.com/images/teams/nfl/NFL_team_OQJWWRmOVsNF455KMnABMEBU/99.webp,https://static.prizepicks.com/images/teams/nfl/NFL_team_OQJWWRmOVsNF455KMnABMEBU/99.webp,57.81,57.81,50,50,0.5,0.5,28.15,79.11,26.24,73.76,-23.76,26.24,Over,0.5,-2,1.44,No,,,,,,
N/A,9/27/2026,Kyren Williams,Receptions,2,standard,https://static.prizepicks.com/images/teams/nfl/NFL_team_OQJWWRmOVsNF455KMnABMEBU/23.webp,https://static.prizepicks.com/images/teams/nfl/NFL_team_OQJWWRmOVsNF455KMnABMEBU/23.webp,57.81,57.81,50,50,2.27,2.5,43.06,62.7,40.72,59.28,-9.28,59.28,Under,2.5,0.5,60.4,No,,,,,,
N/A,9/27/2026,Matthew Stafford,Pass TDs,1.5,standard,https://static.prizepicks.com/images/teams/nfl/NFL_team_OQJWWRmOVsNF455KMnABMEBU/9.webp,https://static.prizepicks.com/images/teams/nfl/NFL_team_OQJWWRmOVsNF455KMnABMEBU/9.webp,57.81,57.81,50,50,1.46,1.5,53.36,54.48,49.47,50.53,-0.53,50.53,Under,1.5,0,57.13,No,,,,,,
N/A,9/27/2026,Bo Nix,Pass TDs,1.5,demon,https://static.prizepicks.com/images/teams/nfl/NFL_team_0RiBCeMt7uQeqG9tfd1lfANf/10.webp,https://static.prizepicks.com/images/teams/nfl/NFL_team_0RiBCeMt7uQeqG9tfd1lfANf/10.webp,57.81,57.81,50,50,1.26,1.5,43.9,62.28,41.35,58.65,-8.65,41.35,Over,1.5,0,35.89,No,,,,,,
N/A,9/27/2026,Matthew Stafford,INT,1.5,demon,https://static.prizepicks.com/images/teams/nfl/NFL_team_OQJWWRmOVsNF455KMnABMEBU/9.webp,https://static.prizepicks.com/images/teams/nfl/NFL_team_OQJWWRmOVsNF455KMnABMEBU/9.webp,57.81,57.81,50,50,0.67,0.5,52.64,54.98,48.89,51.11,-1.11,48.89,Over,0.5,-1,14.54,No,,,,,,
N/A,9/27/2026,Bo Nix,INT,1.5,demon,https://static.prizepicks.com/images/teams/nfl/NFL_team_0RiBCeMt7uQeqG9tfd1lfANf/10.webp,https://static.prizepicks.com/images/teams/nfl/NFL_team_0RiBCeMt7uQeqG9tfd1lfANf/10.webp,57.81,57.81,50,50,0.72,0.5,55.11,52.52,51.22,48.78,1.22,51.22,Over,0.5,-1,16.28,No,,,,,,
N/A,9/27/2026,Bo Nix,Pass+Rush+Rec TDs,1.5,standard,https://static.prizepicks.com/images/teams/nfl/NFL_team_0RiBCeMt7uQeqG9tfd1lfANf/10.webp,https://static.prizepicks.com/images/teams/nfl/NFL_team_0RiBCeMt7uQeqG9tfd1lfANf/10.webp,57.81,57.81,50,50,1.5,,,,,,,,,,,44.22,,,,,,,
N/A,9/27/2026,Kyren Williams,Receptions,1.5,goblin,https://static.prizepicks.com/images/teams/nfl/NFL_team_OQJWWRmOVsNF455KMnABMEBU/23.webp,https://static.prizepicks.com/images/teams/nfl/NFL_team_OQJWWRmOVsNF455KMnABMEBU/23.webp,57.81,57.81,50,50,2.27,2.5,43.06,62.7,40.72,59.28,-9.28,40.72,Over,2.5,1,66.22,Yes,,,,,,
N/A,9/27/2026,Blake Corum,Receptions,1.5,demon,https://static.prizepicks.com/images/teams/nfl/NFL_team_OQJWWRmOVsNF455KMnABMEBU/24.webp,https://static.prizepicks.com/images/teams/nfl/NFL_team_OQJWWRmOVsNF455KMnABMEBU/24.webp,57.81,57.81,50,50,0.69,0.5,57.81,57.81,50,50,0,50,Over,0.5,-1,15.23,No,,,,,,
N/A,9/27/2026,Matthew Stafford,Rush Attempts,1.5,demon,https://static.prizepicks.com/images/teams/nfl/NFL_team_OQJWWRmOVsNF455KMnABMEBU/9.webp,https://static.prizepicks.com/images/teams/nfl/NFL_team_OQJWWRmOVsNF455KMnABMEBU/9.webp,57.81,57.81,50,50,1.67,1.5,54.65,59.3,48.34,51.66,-1.66,48.34,Over,1.5,0,49.74,No,,,,,,
N/A,9/27/2026,Evan Engram,Receptions,1.5,goblin,https://static.prizepicks.com/images/teams/nfl/NFL_team_0RiBCeMt7uQeqG9tfd1lfANf/1.webp,https://static.prizepicks.com/images/teams/nfl/NFL_team_0RiBCeMt7uQeqG9tfd1lfANf/1.webp,57.81,57.81,50,50,2.82,2.5,55.52,51.02,52.12,47.88,2.12,52.12,Over,2.5,1,77.23,Yes,,,,,,
N/A,9/27/2026,Pat Bryant,Receptions,1.5,goblin,https://static.prizepicks.com/images/teams/nfl/NFL_team_0RiBCeMt7uQeqG9tfd1lfANf/13.webp,https://static.prizepicks.com/images/teams/nfl/NFL_team_0RiBCeMt7uQeqG9tfd1lfANf/13.webp,57.81,57.81,50,50,2.87,2.5,56.97,48.8,53.86,46.14,3.86,53.86,Over,2.5,1,78.06,Yes,,,,,,
N/A,9/27/2026,Colby Parkinson,Receptions,1.5,goblin,https://static.prizepicks.com/images/teams/nfl/NFL_team_OQJWWRmOVsNF455KMnABMEBU/84.webp,https://static.prizepicks.com/images/teams/nfl/NFL_team_OQJWWRmOVsNF455KMnABMEBU/84.webp,57.81,57.81,50,50,2.75,2.5,54.6,53.54,50.49,49.51,0.49,50.49,Over,2.5,1,76.03,Yes,,,,,,
N/A,9/27/2026,Adam Trautman,Receptions,1.5,demon,https://static.prizepicks.com/images/teams/nfl/NFL_team_0RiBCeMt7uQeqG9tfd1lfANf/82.webp,https://static.prizepicks.com/images/teams/nfl/NFL_team_0RiBCeMt7uQeqG9tfd1lfANf/82.webp,57.81,57.81,50,50,0.96,0.5,66.95,39.25,63.03,36.97,13.03,63.03,Over,0.5,-1,24.95,No,,,,,,
N/A,9/27/2026,Jonah Elliss,Sacks,1.5,demon,https://static.prizepicks.com/images/teams/nfl/NFL_team_0RiBCeMt7uQeqG9tfd1lfANf/52.webp,https://static.prizepicks.com/images/teams/nfl/NFL_team_0RiBCeMt7uQeqG9tfd1lfANf/52.webp,57.81,57.81,50,50,0.5,0.5,21.45,85.84,20,80,-30,20,Over,0.5,-1,9.02,No,,,,,,
N/A,9/27/2026,Malcolm Roach,Sacks,1.5,demon,https://static.prizepicks.com/images/teams/nfl/NFL_team_0RiBCeMt7uQeqG9tfd1lfANf/97.webp,https://static.prizepicks.com/images/teams/nfl/NFL_team_0RiBCeMt7uQeqG9tfd1lfANf/97.webp,57.81,57.81,50,50,0.5,0.5,24.19,83.46,22.46,77.54,-27.54,22.46,Over,0.5,-1,9.02,No,,,,,,
N/A,9/27/2026,RJ Harvey,Receptions,1.5,goblin,https://static.prizepicks.com/images/teams/nfl/NFL_team_0RiBCeMt7uQeqG9tfd1lfANf/12.webp,https://static.prizepicks.com/images/teams/nfl/NFL_team_0RiBCeMt7uQeqG9tfd1lfANf/12.webp,57.81,57.81,50,50,2.87,2.5,58.38,47.36,55.21,44.79,5.21,55.21,Over,2.5,1,78.06,Yes,,,,,,
N/A,9/27/2026,J.K. Dobbins,Receptions,1.5,demon,https://static.prizepicks.com/images/teams/nfl/NFL_team_0RiBCeMt7uQeqG9tfd1lfANf/27.webp,https://static.prizepicks.com/images/teams/nfl/NFL_team_0RiBCeMt7uQeqG9tfd1lfANf/27.webp,57.81,57.81,50,50,0.69,0.5,57.81,57.81,50,50,0,50,Over,0.5,-1,15.23,No,,,,,,
N/A,9/27/2026,Kobie Turner,Sacks,1.5,demon,https://static.prizepicks.com/images/teams/nfl/NFL_team_OQJWWRmOVsNF455KMnABMEBU/91.webp,https://static.prizepicks.com/images/teams/nfl/NFL_team_OQJWWRmOVsNF455KMnABMEBU/91.webp,57.81,57.81,50,50,0.5,0.5,24.4,83.01,22.71,77.29,-27.29,22.71,Over,0.5,-1,9.02,No,,,,,,
N/A,9/27/2026,Braden Fiske,Sacks,1.5,demon,https://static.prizepicks.com/images/teams/nfl/NFL_team_OQJWWRmOVsNF455KMnABMEBU/55.webp,https://static.prizepicks.com/images/teams/nfl/NFL_team_OQJWWRmOVsNF455KMnABMEBU/55.webp,57.81,57.81,50,50,0.5,0.5,17.76,89.19,16.6,83.4,-33.4,16.6,Over,0.5,-1,9.02,No,,,,,,
N/A,9/27/2026,Byron Young,Sacks,1.5,demon,https://static.prizepicks.com/images/teams/nfl/NFL_team_OQJWWRmOVsNF455KMnABMEBU/0.webp,https://static.prizepicks.com/images/teams/nfl/NFL_team_OQJWWRmOVsNF455KMnABMEBU/0.webp,57.81,57.81,50,50,0.5,0.5,37.18,70.74,34.44,65.56,-15.56,34.44,Over,0.5,-1,9.02,No,,,,,,
N/A,9/27/2026,Adam Trautman,Rec Targets,1.5,standard,https://static.prizepicks.com/images/teams/nfl/NFL_team_0RiBCeMt7uQeqG9tfd1lfANf/82.webp,https://static.prizepicks.com/images/teams/nfl/NFL_team_0RiBCeMt7uQeqG9tfd1lfANf/82.webp,57.81,57.81,50,50,1.5,,,,,,,,,,,50,,,,,,,
N/A,9/27/2026,Josaiah Stewart,Sacks,1.5,demon,https://static.prizepicks.com/images/teams/nfl/NFL_team_OQJWWRmOVsNF455KMnABMEBU/10.webp,https://static.prizepicks.com/images/teams/nfl/NFL_team_OQJWWRmOVsNF455KMnABMEBU/10.webp,57.81,57.81,50,50,0.5,0.5,17.55,89.36,16.41,83.59,-33.59,16.41,Over,0.5,-1,9.02,No,,,,,,
N/A,9/27/2026,Matthew Stafford,Rush Yards,0.5,demon,https://static.prizepicks.com/images/teams/nfl/NFL_team_OQJWWRmOVsNF455KMnABMEBU/9.webp,https://static.prizepicks.com/images/teams/nfl/NFL_team_OQJWWRmOVsNF455KMnABMEBU/9.webp,57.81,57.81,50,50,0.45,0.5,45.46,59.8,43.19,56.81,-6.81,43.19,Over,0.5,0,49.96,No,,,,,,
N/A,9/27/2026,Matthew Stafford,Pass TDs,0.5,goblin,https://static.prizepicks.com/images/teams/nfl/NFL_team_OQJWWRmOVsNF455KMnABMEBU/9.webp,https://static.prizepicks.com/images/teams/nfl/NFL_team_OQJWWRmOVsNF455KMnABMEBU/9.webp,57.81,57.81,50,50,1.46,1.5,53.36,54.48,49.47,50.53,-0.53,49.47,Over,1.5,1,76.78,Yes,,,,,,
N/A,9/27/2026,Bo Nix,Pass TDs,0.5,goblin,https://static.prizepicks.com/images/teams/nfl/NFL_team_0RiBCeMt7uQeqG9tfd1lfANf/10.webp,https://static.prizepicks.com/images/teams/nfl/NFL_team_0RiBCeMt7uQeqG9tfd1lfANf/10.webp,57.81,57.81,50,50,1.26,1.5,43.9,62.28,41.35,58.65,-8.65,41.35,Over,1.5,1,71.63,Yes,,,,,,
N/A,9/27/2026,Matthew Stafford,INT,0.5,standard,https://static.prizepicks.com/images/teams/nfl/NFL_team_OQJWWRmOVsNF455KMnABMEBU/9.webp,https://static.prizepicks.com/images/teams/nfl/NFL_team_OQJWWRmOVsNF455KMnABMEBU/9.webp,57.81,57.81,50,50,0.67,0.5,52.64,54.98,48.89,51.11,-1.11,51.11,Under,0.5,0,51.17,No,,,,,,
N/A,9/27/2026,Jaylen Waddle,Rush Yards,0.5,demon,https://static.prizepicks.com/images/teams/nfl/NFL_team_0RiBCeMt7uQeqG9tfd1lfANf/17.webp,https://static.prizepicks.com/images/teams/nfl/NFL_team_0RiBCeMt7uQeqG9tfd1lfANf/17.webp,57.81,57.81,50,50,0.5,,,,,,,,,,,50,,,,,,,
N/A,9/27/2026,Jaylen Waddle,Rush Attempts,0.5,demon,https://static.prizepicks.com/images/teams/nfl/NFL_team_0RiBCeMt7uQeqG9tfd1lfANf/17.webp,https://static.prizepicks.com/images/teams/nfl/NFL_team_0RiBCeMt7uQeqG9tfd1lfANf/17.webp,57.81,57.81,50,50,0.5,,,,,,,,,,,39.35,,,,,,,
N/A,9/27/2026,Bo Nix,INT,0.5,standard,https://static.prizepicks.com/images/teams/nfl/NFL_team_0RiBCeMt7uQeqG9tfd1lfANf/10.webp,https://static.prizepicks.com/images/teams/nfl/NFL_team_0RiBCeMt7uQeqG9tfd1lfANf/10.webp,57.81,57.81,50,50,0.72,0.5,55.11,52.52,51.22,48.78,1.22,51.22,Over,0.5,0,51.32,No,,,,,,
N/A,9/27/2026,Pat Bryant,Rush Yards,0.5,demon,https://static.prizepicks.com/images/teams/nfl/NFL_team_0RiBCeMt7uQeqG9tfd1lfANf/13.webp,https://static.prizepicks.com/images/teams/nfl/NFL_team_0RiBCeMt7uQeqG9tfd1lfANf/13.webp,57.81,57.81,50,50,0.5,,,,,,,,,,,50,,,,,,,
N/A,9/27/2026,Pat Bryant,Rush Attempts,0.5,demon,https://static.prizepicks.com/images/teams/nfl/NFL_team_0RiBCeMt7uQeqG9tfd1lfANf/13.webp,https://static.prizepicks.com/images/teams/nfl/NFL_team_0RiBCeMt7uQeqG9tfd1lfANf/13.webp,57.81,57.81,50,50,0.5,,,,,,,,,,,39.35,,,,,,,
N/A,9/27/2026,Blake Corum,Receiving Yards,0.5,demon,https://static.prizepicks.com/images/teams/nfl/NFL_team_OQJWWRmOVsNF455KMnABMEBU/24.webp,https://static.prizepicks.com/images/teams/nfl/NFL_team_OQJWWRmOVsNF455KMnABMEBU/24.webp,57.81,57.81,50,50,0.5,,,,,,,,,,,50,,,,,,,
N/A,9/27/2026,Blake Corum,Receptions,0.5,standard,https://static.prizepicks.com/images/teams/nfl/NFL_team_OQJWWRmOVsNF455KMnABMEBU/24.webp,https://static.prizepicks.com/images/teams/nfl/NFL_team_OQJWWRmOVsNF455KMnABMEBU/24.webp,57.81,57.81,50,50,0.69,0.5,57.81,57.81,50,50,0,50,Under,0.5,0,50.16,No,,,,,,
N/A,9/27/2026,Pat Surtain II,Sacks,0.5,demon,https://static.prizepicks.com/images/teams/nfl/NFL_team_0RiBCeMt7uQeqG9tfd1lfANf/2.webp,https://static.prizepicks.com/images/teams/nfl/NFL_team_0RiBCeMt7uQeqG9tfd1lfANf/2.webp,57.81,57.81,50,50,0.5,,,,,,,,,,,39.35,,,,,,,
N/A,9/27/2026,Talanoa Hufanga,Sacks,0.5,demon,https://static.prizepicks.com/images/teams/nfl/NFL_team_0RiBCeMt7uQeqG9tfd1lfANf/9.webp,https://static.prizepicks.com/images/teams/nfl/NFL_team_0RiBCeMt7uQeqG9tfd1lfANf/9.webp,57.81,57.81,50,50,0.5,,,,,,,,,,,39.35,,,,,,,
N/A,9/27/2026,Alex Singleton,Sacks,0.5,demon,https://static.prizepicks.com/images/teams/nfl/NFL_team_0RiBCeMt7uQeqG9tfd1lfANf/49.webp,https://static.prizepicks.com/images/teams/nfl/NFL_team_0RiBCeMt7uQeqG9tfd1lfANf/49.webp,57.81,57.81,50,50,0.5,,,,,,,,,,,39.35,,,,,,,
N/A,9/27/2026,Riley Moss,Sacks,0.5,demon,https://static.prizepicks.com/images/teams/nfl/NFL_team_0RiBCeMt7uQeqG9tfd1lfANf/21.webp,https://static.prizepicks.com/images/teams/nfl/NFL_team_0RiBCeMt7uQeqG9tfd1lfANf/21.webp,57.81,57.81,50,50,0.5,,,,,,,,,,,39.35,,,,,,,
N/A,9/27/2026,Brandon Jones,Sacks,0.5,demon,https://static.prizepicks.com/images/teams/nfl/NFL_team_0RiBCeMt7uQeqG9tfd1lfANf/22.webp,https://static.prizepicks.com/images/teams/nfl/NFL_team_0RiBCeMt7uQeqG9tfd1lfANf/22.webp,57.81,57.81,50,50,0.5,,,,,,,,,,,39.35,,,,,,,
N/A,9/27/2026,Justin Strnad,Sacks,0.5,demon,https://static.prizepicks.com/images/teams/nfl/NFL_team_0RiBCeMt7uQeqG9tfd1lfANf/40.webp,https://static.prizepicks.com/images/teams/nfl/NFL_team_0RiBCeMt7uQeqG9tfd1lfANf/40.webp,57.81,57.81,50,50,0.5,,,,,,,,,,,39.35,,,,,,,
N/A,9/27/2026,Jonah Elliss,Sacks,0.5,demon,https://static.prizepicks.com/images/teams/nfl/NFL_team_0RiBCeMt7uQeqG9tfd1lfANf/52.webp,https://static.prizepicks.com/images/teams/nfl/NFL_team_0RiBCeMt7uQeqG9tfd1lfANf/52.webp,57.81,57.81,50,50,0.5,0.5,21.45,85.84,20,80,-30,20,Over,0.5,0,39.35,No,,,,,,
N/A,9/27/2026,Zach Allen,Sacks,0.5,demon,https://static.prizepicks.com/images/teams/nfl/NFL_team_0RiBCeMt7uQeqG9tfd1lfANf/99.webp,https://static.prizepicks.com/images/teams/nfl/NFL_team_0RiBCeMt7uQeqG9tfd1lfANf/99.webp,57.81,57.81,50,50,0.5,0.42,32.36,74.94,30.18,69.82,-19.82,30.18,Over,0.42,-0.08,39.35,No,,,,,,
N/A,9/27/2026,Nik Bonitto,Sacks,0.5,demon,https://static.prizepicks.com/images/teams/nfl/NFL_team_0RiBCeMt7uQeqG9tfd1lfANf/15.webp,https://static.prizepicks.com/images/teams/nfl/NFL_team_0RiBCeMt7uQeqG9tfd1lfANf/15.webp,57.81,57.81,50,50,0.5,0.5,37.19,70.47,34.54,65.46,-15.46,34.54,Over,0.5,0,39.35,No,,,,,,
N/A,9/27/2026,D.J. Jones,Sacks,0.5,demon,https://static.prizepicks.com/images/teams/nfl/NFL_team_0RiBCeMt7uQeqG9tfd1lfANf/93.webp,https://static.prizepicks.com/images/teams/nfl/NFL_team_0RiBCeMt7uQeqG9tfd1lfANf/93.webp,57.81,57.81,50,50,0.15,0.5,14.65,91.72,13.77,86.23,-36.23,13.77,Over,0.5,0,13.93,No,,,,,,
N/A,9/27/2026,Malcolm Roach,Sacks,0.5,demon,https://static.prizepicks.com/images/teams/nfl/NFL_team_0RiBCeMt7uQeqG9tfd1lfANf/97.webp,https://static.prizepicks.com/images/teams/nfl/NFL_team_0RiBCeMt7uQeqG9tfd1lfANf/97.webp,57.81,57.81,50,50,0.5,0.5,24.19,83.46,22.46,77.54,-27.54,22.46,Over,0.5,0,39.35,No,,,,,,
N/A,9/27/2026,J.K. Dobbins,Receiving Yards,0.5,demon,https://static.prizepicks.com/images/teams/nfl/NFL_team_0RiBCeMt7uQeqG9tfd1lfANf/27.webp,https://static.prizepicks.com/images/teams/nfl/NFL_team_0RiBCeMt7uQeqG9tfd1lfANf/27.webp,57.81,57.81,50,50,0.5,,,,,,,,,,,50,,,,,,,
N/A,9/27/2026,Adam Trautman,Receptions,0.5,goblin,https://static.prizepicks.com/images/teams/nfl/NFL_team_0RiBCeMt7uQeqG9tfd1lfANf/82.webp,https://static.prizepicks.com/images/teams/nfl/NFL_team_0RiBCeMt7uQeqG9tfd1lfANf/82.webp,57.81,57.81,50,50,0.96,0.5,66.95,39.25,63.03,36.97,13.03,63.03,Over,0.5,0,61.71,No,,,,,,
N/A,9/27/2026,Aaron Donald,Sacks,0.5,demon,https://static.prizepicks.com/images/teams/nfl/NFL_team_OQJWWRmOVsNF455KMnABMEBU/99.webp,https://static.prizepicks.com/images/teams/nfl/NFL_team_OQJWWRmOVsNF455KMnABMEBU/99.webp,57.81,57.81,50,50,0.5,0.5,28.15,79.11,26.24,73.76,-23.76,26.24,Over,0.5,0,39.35,No,,,,,,
N/A,9/27/2026,J.K. Dobbins,Receptions,0.5,standard,https://static.prizepicks.com/images/teams/nfl/NFL_team_0RiBCeMt7uQeqG9tfd1lfANf/27.webp,https://static.prizepicks.com/images/teams/nfl/NFL_team_0RiBCeMt7uQeqG9tfd1lfANf/27.webp,57.81,57.81,50,50,0.69,0.5,57.81,57.81,50,50,0,50,Under,0.5,0,50.16,No,,,,,,
N/A,9/27/2026,Kobie Turner,Sacks,0.5,demon,https://static.prizepicks.com/images/teams/nfl/NFL_team_OQJWWRmOVsNF455KMnABMEBU/91.webp,https://static.prizepicks.com/images/teams/nfl/NFL_team_OQJWWRmOVsNF455KMnABMEBU/91.webp,57.81,57.81,50,50,0.5,0.5,24.4,83.01,22.71,77.29,-27.29,22.71,Over,0.5,0,39.35,No,,,,,,
N/A,9/27/2026,Braden Fiske,Sacks,0.5,demon,https://static.prizepicks.com/images/teams/nfl/NFL_team_OQJWWRmOVsNF455KMnABMEBU/55.webp,https://static.prizepicks.com/images/teams/nfl/NFL_team_OQJWWRmOVsNF455KMnABMEBU/55.webp,57.81,57.81,50,50,0.5,0.5,17.76,89.19,16.6,83.4,-33.4,16.6,Over,0.5,0,39.35,No,,,,,,
N/A,9/27/2026,Nate Adkins,Receiving Yards,0.5,standard,https://static.prizepicks.com/images/teams/nfl/NFL_team_0RiBCeMt7uQeqG9tfd1lfANf/45.webp,https://static.prizepicks.com/images/teams/nfl/NFL_team_0RiBCeMt7uQeqG9tfd1lfANf/45.webp,57.81,57.81,50,50,0.5,0.5,57.81,57.81,50,50,0,50,Under,0.5,0,50,No,,,,,,
N/A,9/27/2026,Poona Ford,Sacks,0.5,demon,https://static.prizepicks.com/images/teams/nfl/NFL_team_OQJWWRmOVsNF455KMnABMEBU/97.webp,https://static.prizepicks.com/images/teams/nfl/NFL_team_OQJWWRmOVsNF455KMnABMEBU/97.webp,57.81,57.81,50,50,0.5,0.5,10.32,95.12,9.79,90.21,-40.21,9.79,Over,0.5,0,39.35,No,,,,,,
N/A,9/27/2026,Nate Landman,Sacks,0.5,demon,https://static.prizepicks.com/images/teams/nfl/NFL_team_OQJWWRmOVsNF455KMnABMEBU/53.webp,https://static.prizepicks.com/images/teams/nfl/NFL_team_OQJWWRmOVsNF455KMnABMEBU/53.webp,57.81,57.81,50,50,0.5,0.5,11.11,94.55,10.52,89.48,-39.48,10.52,Over,0.5,0,39.35,No,,,,,,
N/A,9/27/2026,Josaiah Stewart,Sacks,0.5,demon,https://static.prizepicks.com/images/teams/nfl/NFL_team_OQJWWRmOVsNF455KMnABMEBU/10.webp,https://static.prizepicks.com/images/teams/nfl/NFL_team_OQJWWRmOVsNF455KMnABMEBU/10.webp,57.81,57.81,50,50,0.5,0.5,17.55,89.36,16.41,83.59,-33.59,16.41,Over,0.5,0,39.35,No,,,,,,
N/A,9/27/2026,Nik Bonitto,Sacks,0.25,demon,https://static.prizepicks.com/images/teams/nfl/NFL_team_0RiBCeMt7uQeqG9tfd1lfANf/15.webp,https://static.prizepicks.com/images/teams/nfl/NFL_team_0RiBCeMt7uQeqG9tfd1lfANf/15.webp,57.81,57.81,50,50,0.5,0.5,37.19,70.47,34.54,65.46,-15.46,34.54,Over,0.5,0.25,39.35,Yes,,,,,,
N/A,9/27/2026,Zach Allen,Sacks,0.25,demon,https://static.prizepicks.com/images/teams/nfl/NFL_team_0RiBCeMt7uQeqG9tfd1lfANf/99.webp,https://static.prizepicks.com/images/teams/nfl/NFL_team_0RiBCeMt7uQeqG9tfd1lfANf/99.webp,57.81,57.81,50,50,0.5,0.42,32.36,74.94,30.18,69.82,-19.82,30.18,Over,0.42,0.17,39.35,Yes,,,,,,
N/A,9/27/2026,Poona Ford,Sacks,0.25,demon,https://static.prizepicks.com/images/teams/nfl/NFL_team_OQJWWRmOVsNF455KMnABMEBU/97.webp,https://static.prizepicks.com/images/teams/nfl/NFL_team_OQJWWRmOVsNF455KMnABMEBU/97.webp,57.81,57.81,50,50,0.5,0.5,10.32,95.12,9.79,90.21,-40.21,9.79,Over,0.5,0.25,39.35,Yes,,,,,,
N/A,9/27/2026,Nate Landman,Sacks,0.25,demon,https://static.prizepicks.com/images/teams/nfl/NFL_team_OQJWWRmOVsNF455KMnABMEBU/53.webp,https://static.prizepicks.com/images/teams/nfl/NFL_team_OQJWWRmOVsNF455KMnABMEBU/53.webp,57.81,57.81,50,50,0.5,0.5,11.11,94.55,10.52,89.48,-39.48,10.52,Over,0.5,0.25,39.35,Yes,,,,,,
N/A,9/27/2026,Byron Young,Sacks,0.25,demon,https://static.prizepicks.com/images/teams/nfl/NFL_team_OQJWWRmOVsNF455KMnABMEBU/0.webp,https://static.prizepicks.com/images/teams/nfl/NFL_team_OQJWWRmOVsNF455KMnABMEBU/0.webp,57.81,57.81,50,50,0.5,0.5,37.18,70.74,34.44,65.56,-15.56,34.44,Over,0.5,0.25,39.35,Yes,,,,,,
N/A,9/27/2026,Matthew Stafford,Rush Yards,-0.5,goblin,https://static.prizepicks.com/images/teams/nfl/NFL_team_OQJWWRmOVsNF455KMnABMEBU/9.webp,https://static.prizepicks.com/images/teams/nfl/NFL_team_OQJWWRmOVsNF455KMnABMEBU/9.webp,57.81,57.81,50,50,0.45,0.5,45.46,59.8,43.19,56.81,-6.81,43.19,Over,0.5,1,50.76,Yes,,,,,,
N/A,9/28/2026,Jalen Hurts,Pass+Rush Yds,349.5,demon,https://static.prizepicks.com/images/teams/nfl/NFL_team_ram7VKb86QoDRToIZOIN8rH/1.webp,https://static.prizepicks.com/images/teams/nfl/NFL_team_ram7VKb86QoDRToIZOIN8rH/1.webp,57.81,57.81,50,50,258.99,241.82,53.55,54.12,49.73,50.27,-0.27,49.73,Over,241.74,-107.76,12.89,No,,,,,,
N/A,9/28/2026,Jalen Hurts,Pass Yards,344.5,demon,https://static.prizepicks.com/images/teams/nfl/NFL_team_ram7VKb86QoDRToIZOIN8rH/1.webp,https://static.prizepicks.com/images/teams/nfl/NFL_team_ram7VKb86QoDRToIZOIN8rH/1.webp,57.81,57.81,50,50,217.5,217.44,53.46,54.21,49.64,50.36,-0.36,49.64,Over,217.33,-127.17,5.62,No,,,,,,
N/A,9/28/2026,Case Keenum,Pass Yards,307.5,demon,https://static.prizepicks.com/images/teams/nfl/NFL_team_0YfEnoemuc9kqhqIkdwEcnPK/11.webp,https://static.prizepicks.com/images/teams/nfl/NFL_team_0YfEnoemuc9kqhqIkdwEcnPK/11.webp,57.81,57.81,50,50,166.5,166.83,54.17,54.12,50.03,49.97,0.03,50.03,Over,166.83,-140.67,3.9,No,,,,,,
N/A,9/28/2026,Jalen Hurts,Pass+Rush Yds,299.5,demon,https://static.prizepicks.com/images/teams/nfl/NFL_team_ram7VKb86QoDRToIZOIN8rH/1.webp,https://static.prizepicks.com/images/teams/nfl/NFL_team_ram7VKb86QoDRToIZOIN8rH/1.webp,57.81,57.81,50,50,258.99,241.82,53.55,54.12,49.73,50.27,-0.27,49.73,Over,241.74,-57.76,30.63,No,,,,,,
N/A,9/28/2026,Case Keenum,Pass+Rush Yds,274.5,demon,https://static.prizepicks.com/images/teams/nfl/NFL_team_0YfEnoemuc9kqhqIkdwEcnPK/11.webp,https://static.prizepicks.com/images/teams/nfl/NFL_team_0YfEnoemuc9kqhqIkdwEcnPK/11.webp,57.81,57.81,50,50,274.5,,,,,,,,,,,50,,,,,,,
N/A,9/28/2026,Jalen Hurts,Pass Yards,249.5,demon,https://static.prizepicks.com/images/teams/nfl/NFL_team_ram7VKb86QoDRToIZOIN8rH/1.webp,https://static.prizepicks.com/images/teams/nfl/NFL_team_ram7VKb86QoDRToIZOIN8rH/1.webp,57.81,57.81,50,50,217.5,217.44,53.46,54.21,49.64,50.36,-0.36,49.64,Over,217.33,-32.17,34.46,No,,,,,,
N/A,9/28/2026,Jalen Hurts,Pass+Rush Yds,249.5,demon,https://static.prizepicks.com/images/teams/nfl/NFL_team_ram7VKb86QoDRToIZOIN8rH/1.webp,https://static.prizepicks.com/images/teams/nfl/NFL_team_ram7VKb86QoDRToIZOIN8rH/1.webp,57.81,57.81,50,50,258.99,241.82,53.55,54.12,49.73,50.27,-0.27,49.73,Over,241.74,-7.76,54.72,No,,,,,,
N/A,9/28/2026,Jalen Hurts,Pass+Rush Yds,243.5,standard,https://static.prizepicks.com/images/teams/nfl/NFL_team_ram7VKb86QoDRToIZOIN8rH/1.webp,https://static.prizepicks.com/images/teams/nfl/NFL_team_ram7VKb86QoDRToIZOIN8rH/1.webp,57.81,57.81,50,50,258.99,241.82,53.55,54.12,49.73,50.27,-0.27,50.27,Under,241.74,-1.76,42.32,Yes,,,,,,
N/A,9/28/2026,Jalen Hurts,Pass+Rush Yds,229.5,goblin,https://static.prizepicks.com/images/teams/nfl/NFL_team_ram7VKb86QoDRToIZOIN8rH/1.webp,https://static.prizepicks.com/images/teams/nfl/NFL_team_ram7VKb86QoDRToIZOIN8rH/1.webp,57.81,57.81,50,50,258.99,241.82,53.55,54.12,49.73,50.27,-0.27,49.73,Over,241.74,12.24,64.38,Yes,,,,,,
N/A,9/28/2026,Jalen Hurts,Pass Yards,229.5,demon,https://static.prizepicks.com/images/teams/nfl/NFL_team_ram7VKb86QoDRToIZOIN8rH/1.webp,https://static.prizepicks.com/images/teams/nfl/NFL_team_ram7VKb86QoDRToIZOIN8rH/1.webp,57.81,57.81,50,50,217.5,217.44,53.46,54.21,49.64,50.36,-0.36,49.64,Over,217.33,-12.17,44.04,No,,,,,,
N/A,9/28/2026,Jalen Hurts,Pass Yards,224.5,demon,https://static.prizepicks.com/images/teams/nfl/NFL_team_ram7VKb86QoDRToIZOIN8rH/1.webp,https://static.prizepicks.com/images/teams/nfl/NFL_team_ram7VKb86QoDRToIZOIN8rH/1.webp,57.81,57.81,50,50,217.5,217.44,53.46,54.21,49.64,50.36,-0.36,49.64,Over,217.33,-7.17,46.51,No,,,,,,
N/A,9/28/2026,Case Keenum,Pass Yards,224.5,demon,https://static.prizepicks.com/images/teams/nfl/NFL_team_0YfEnoemuc9kqhqIkdwEcnPK/11.webp,https://static.prizepicks.com/images/teams/nfl/NFL_team_0YfEnoemuc9kqhqIkdwEcnPK/11.webp,57.81,57.81,50,50,166.5,166.83,54.17,54.12,50.03,49.97,0.03,50.03,Over,166.83,-57.67,23.42,No,,,,,,
N/A,9/28/2026,Case Keenum,Pass+Rush Yds,224.5,demon,https://static.prizepicks.com/images/teams/nfl/NFL_team_0YfEnoemuc9kqhqIkdwEcnPK/11.webp,https://static.prizepicks.com/images/teams/nfl/NFL_team_0YfEnoemuc9kqhqIkdwEcnPK/11.webp,57.81,57.81,50,50,224.5,,,,,,,,,,,50,,,,,,,
N/A,9/28/2026,Jalen Hurts,Pass Yards,219.5,standard,https://static.prizepicks.com/images/teams/nfl/NFL_team_ram7VKb86QoDRToIZOIN8rH/1.webp,https://static.prizepicks.com/images/teams/nfl/NFL_team_ram7VKb86QoDRToIZOIN8rH/1.webp,57.81,57.81,50,50,217.5,217.44,53.46,54.21,49.64,50.36,-0.36,50.36,Under,217.33,-2.17,51,Yes,,,,,,
N/A,9/28/2026,Jalen Hurts,Pass Yards,209.5,goblin,https://static.prizepicks.com/images/teams/nfl/NFL_team_ram7VKb86QoDRToIZOIN8rH/1.webp,https://static.prizepicks.com/images/teams/nfl/NFL_team_ram7VKb86QoDRToIZOIN8rH/1.webp,57.81,57.81,50,50,217.5,217.44,53.46,54.21,49.64,50.36,-0.36,49.64,Over,217.33,7.83,53.98,Yes,,,,,,
N/A,9/28/2026,Jalen Hurts,Pass+Rush Yds,199.5,goblin,https://static.prizepicks.com/images/teams/nfl/NFL_team_ram7VKb86QoDRToIZOIN8rH/1.webp,https://static.prizepicks.com/images/teams/nfl/NFL_team_ram7VKb86QoDRToIZOIN8rH/1.webp,57.81,57.81,50,50,258.99,241.82,53.55,54.12,49.73,50.27,-0.27,49.73,Over,241.74,42.24,77.14,Yes,,,,,,
N/A,9/28/2026,Jalen Hurts,Pass Yards,199.5,goblin,https://static.prizepicks.com/images/teams/nfl/NFL_team_ram7VKb86QoDRToIZOIN8rH/1.webp,https://static.prizepicks.com/images/teams/nfl/NFL_team_ram7VKb86QoDRToIZOIN8rH/1.webp,57.81,57.81,50,50,217.5,217.44,53.46,54.21,49.64,50.36,-0.36,49.64,Over,217.33,17.83,58.9,Yes,,,,,,
N/A,9/28/2026,Case Keenum,Pass+Rush Yds,199.5,demon,https://static.prizepicks.com/images/teams/nfl/NFL_team_0YfEnoemuc9kqhqIkdwEcnPK/11.webp,https://static.prizepicks.com/images/teams/nfl/NFL_team_0YfEnoemuc9kqhqIkdwEcnPK/11.webp,57.81,57.81,50,50,199.5,,,,,,,,,,,50,,,,,,,
N/A,9/28/2026,Jalen Hurts,Pass+Rush Yds,189.5,goblin,https://static.prizepicks.com/images/teams/nfl/NFL_team_ram7VKb86QoDRToIZOIN8rH/1.webp,https://static.prizepicks.com/images/teams/nfl/NFL_team_ram7VKb86QoDRToIZOIN8rH/1.webp,57.81,57.81,50,50,258.99,241.82,53.55,54.12,49.73,50.27,-0.27,49.73,Over,241.74,52.24,80.75,Yes,,,,,,
N/A,9/28/2026,Case Keenum,Pass Yards,179.5,demon,https://static.prizepicks.com/images/teams/nfl/NFL_team_0YfEnoemuc9kqhqIkdwEcnPK/11.webp,https://static.prizepicks.com/images/teams/nfl/NFL_team_0YfEnoemuc9kqhqIkdwEcnPK/11.webp,57.81,57.81,50,50,166.5,166.83,54.17,54.12,50.03,49.97,0.03,50.03,Over,166.83,-12.67,43.55,No,,,,,,
N/A,9/28/2026,Case Keenum,Pass+Rush Yds,177.5,standard,https://static.prizepicks.com/images/teams/nfl/NFL_team_0YfEnoemuc9kqhqIkdwEcnPK/11.webp,https://static.prizepicks.com/images/teams/nfl/NFL_team_0YfEnoemuc9kqhqIkdwEcnPK/11.webp,57.81,57.81,50,50,177.5,,,,,,,,,,,50,,,,,,,
N/A,9/28/2026,Jalen Hurts,Pass Yards,174.5,goblin,https://static.prizepicks.com/images/teams/nfl/NFL_team_ram7VKb86QoDRToIZOIN8rH/1.webp,https://static.prizepicks.com/images/teams/nfl/NFL_team_ram7VKb86QoDRToIZOIN8rH/1.webp,57.81,57.81,50,50,217.5,217.44,53.46,54.21,49.64,50.36,-0.36,49.64,Over,217.33,42.83,70.45,Yes,,,,,,
N/A,9/28/2026,Case Keenum,Pass Yards,174.5,demon,https://static.prizepicks.com/images/teams/nfl/NFL_team_0YfEnoemuc9kqhqIkdwEcnPK/11.webp,https://static.prizepicks.com/images/teams/nfl/NFL_team_0YfEnoemuc9kqhqIkdwEcnPK/11.webp,57.81,57.81,50,50,166.5,166.83,54.17,54.12,50.03,49.97,0.03,50.03,Over,166.83,-7.67,46.02,No,,,,,,
N/A,9/28/2026,Case Keenum,Pass+Rush Yds,174.5,goblin,https://static.prizepicks.com/images/teams/nfl/NFL_team_0YfEnoemuc9kqhqIkdwEcnPK/11.webp,https://static.prizepicks.com/images/teams/nfl/NFL_team_0YfEnoemuc9kqhqIkdwEcnPK/11.webp,57.81,57.81,50,50,174.5,,,,,,,,,,,50,,,,,,,
N/A,9/28/2026,Case Keenum,Pass Yards,165.5,standard,https://static.prizepicks.com/images/teams/nfl/NFL_team_0YfEnoemuc9kqhqIkdwEcnPK/11.webp,https://static.prizepicks.com/images/teams/nfl/NFL_team_0YfEnoemuc9kqhqIkdwEcnPK/11.webp,57.81,57.81,50,50,166.5,166.83,54.17,54.12,50.03,49.97,0.03,50.03,Over,166.83,1.33,50.5,Yes,,,,,,
N/A,9/28/2026,Saquon Barkley,Rush+Rec Yds,159.5,demon,https://static.prizepicks.com/images/teams/nfl/NFL_team_ram7VKb86QoDRToIZOIN8rH/26.webp,https://static.prizepicks.com/images/teams/nfl/NFL_team_ram7VKb86QoDRToIZOIN8rH/26.webp,57.81,57.81,50,50,88.5,88.77,54.42,54.08,50.16,49.84,0.16,50.16,Over,86.98,-72.52,7.78,No,,,,,,
N/A,9/28/2026,Jalen Hurts,Pass Yards,159.5,goblin,https://static.prizepicks.com/images/teams/nfl/NFL_team_ram7VKb86QoDRToIZOIN8rH/1.webp,https://static.prizepicks.com/images/teams/nfl/NFL_team_ram7VKb86QoDRToIZOIN8rH/1.webp,57.81,57.81,50,50,217.5,217.44,53.46,54.21,49.64,50.36,-0.36,49.64,Over,217.33,57.83,76.58,Yes,,,,,,
N/A,9/28/2026,Case Keenum,Pass Yards,159.5,goblin,https://static.prizepicks.com/images/teams/nfl/NFL_team_0YfEnoemuc9kqhqIkdwEcnPK/11.webp,https://static.prizepicks.com/images/teams/nfl/NFL_team_0YfEnoemuc9kqhqIkdwEcnPK/11.webp,57.81,57.81,50,50,166.5,166.83,54.17,54.12,50.03,49.97,0.03,50.03,Over,166.83,7.33,53.49,Yes,,,,,,
N/A,9/28/2026,Saquon Barkley,Rush Yards,151.5,demon,https://static.prizepicks.com/images/teams/nfl/NFL_team_ram7VKb86QoDRToIZOIN8rH/26.webp,https://static.prizepicks.com/images/teams/nfl/NFL_team_ram7VKb86QoDRToIZOIN8rH/26.webp,57.81,57.81,50,50,71.5,71.57,53.78,53.99,49.9,50.1,-0.1,49.9,Over,71.67,-79.83,5.48,No,,,,,,
N/A,9/28/2026,DeVonta Smith,Receiving Yards,150.5,demon,https://static.prizepicks.com/images/teams/nfl/NFL_team_ram7VKb86QoDRToIZOIN8rH/6.webp,https://static.prizepicks.com/images/teams/nfl/NFL_team_ram7VKb86QoDRToIZOIN8rH/6.webp,57.81,57.81,50,50,72.5,72.14,53.47,55.51,49.11,50.89,-0.89,49.11,Over,72.03,-78.47,2.56,No,,,,,,
N/A,9/28/2026,Saquon Barkley,Rush+Rec Yds,149.5,demon,https://static.prizepicks.com/images/teams/nfl/NFL_team_ram7VKb86QoDRToIZOIN8rH/26.webp,https://static.prizepicks.com/images/teams/nfl/NFL_team_ram7VKb86QoDRToIZOIN8rH/26.webp,57.81,57.81,50,50,88.5,88.77,54.42,54.08,50.16,49.84,0.16,50.16,Over,86.98,-62.52,11.12,No,,,,,,
N/A,9/28/2026,Case Keenum,Pass Yards,149.5,goblin,https://static.prizepicks.com/images/teams/nfl/NFL_team_0YfEnoemuc9kqhqIkdwEcnPK/11.webp,https://static.prizepicks.com/images/teams/nfl/NFL_team_0YfEnoemuc9kqhqIkdwEcnPK/11.webp,57.81,57.81,50,50,166.5,166.83,54.17,54.12,50.03,49.97,0.03,50.03,Over,166.83,17.33,58.41,Yes,,,,,,
N/A,9/28/2026,D'Andre Swift,Rush+Rec Yds,149.5,demon,https://static.prizepicks.com/images/teams/nfl/NFL_team_0YfEnoemuc9kqhqIkdwEcnPK/4.webp,https://static.prizepicks.com/images/teams/nfl/NFL_team_0YfEnoemuc9kqhqIkdwEcnPK/4.webp,57.81,57.81,50,50,76.5,76.25,54.25,54.07,50.08,49.92,0.08,50.08,Over,76.25,-73.25,7.21,No,,,,,,
N/A,9/28/2026,Case Keenum,Pass+Rush Yds,149.5,goblin,https://static.prizepicks.com/images/teams/nfl/NFL_team_0YfEnoemuc9kqhqIkdwEcnPK/11.webp,https://static.prizepicks.com/images/teams/nfl/NFL_team_0YfEnoemuc9kqhqIkdwEcnPK/11.webp,57.81,57.81,50,50,149.5,,,,,,,,,,,50,,,,,,,
N/A,9/28/2026,D'Andre Swift,Rush Yards,130.5,demon,https://static.prizepicks.com/images/teams/nfl/NFL_team_0YfEnoemuc9kqhqIkdwEcnPK/4.webp,https://static.prizepicks.com/images/teams/nfl/NFL_team_0YfEnoemuc9kqhqIkdwEcnPK/4.webp,57.81,57.81,50,50,61.29,60.5,54.07,53.2,50.41,49.59,0.41,50.41,Over,60.5,-70,8.31,No,,,,,,
N/A,9/28/2026,Dontayvion Wicks,Receiving Yards,124.5,demon,https://static.prizepicks.com/images/teams/nfl/NFL_team_ram7VKb86QoDRToIZOIN8rH/13.webp,https://static.prizepicks.com/images/teams/nfl/NFL_team_ram7VKb86QoDRToIZOIN8rH/13.webp,57.81,57.81,50,50,42.5,42.5,53.19,54.94,49.21,50.79,-0.79,49.21,Over,42.5,-82,2.02,No,,,,,,
N/A,9/28/2026,Case Keenum,Pass Yards,124.5,goblin,https://static.prizepicks.com/images/teams/nfl/NFL_team_0YfEnoemuc9kqhqIkdwEcnPK/11.webp,https://static.prizepicks.com/images/teams/nfl/NFL_team_0YfEnoemuc9kqhqIkdwEcnPK/11.webp,57.81,57.81,50,50,166.5,166.83,54.17,54.12,50.03,49.97,0.03,50.03,Over,166.83,42.33,70.02,Yes,,,,,,
N/A,9/28/2026,Jake Elliott + Cairo Santos,Field Goal Yards (Combo),119.5,standard,https://static.prizepicks.com/images/players/CMBO_group_20XlBpFrVD5awTVnqIPEuECM.webp,https://static.prizepicks.com/images/players/CMBO_group_20XlBpFrVD5awTVnqIPEuECM.webp,57.81,57.81,50,50,119.5,,,,,,,,,,,50,,,,,,,
N/A,9/28/2026,Kyle Monangai,Rush Yards,117.5,demon,https://static.prizepicks.com/images/teams/nfl/NFL_team_0YfEnoemuc9kqhqIkdwEcnPK/25.webp,https://static.prizepicks.com/images/teams/nfl/NFL_team_0YfEnoemuc9kqhqIkdwEcnPK/25.webp,57.81,57.81,50,50,37.97,38.5,53.35,54.21,49.59,50.41,-0.41,49.59,Over,38.5,-79,5.58,No,,,,,,
N/A,9/28/2026,Colston Loveland,Receiving Yards,116.5,demon,https://static.prizepicks.com/images/teams/nfl/NFL_team_0YfEnoemuc9kqhqIkdwEcnPK/84.webp,https://static.prizepicks.com/images/teams/nfl/NFL_team_0YfEnoemuc9kqhqIkdwEcnPK/84.webp,57.81,57.81,50,50,31.42,34.76,54.23,54.68,49.82,50.18,-0.18,49.82,Over,34.76,-81.74,1.67,No,,,,,,
N/A,9/28/2026,Luther Burden III,Receiving Yards,105.5,demon,https://static.prizepicks.com/images/teams/nfl/NFL_team_0YfEnoemuc9kqhqIkdwEcnPK/10.webp,https://static.prizepicks.com/images/teams/nfl/NFL_team_0YfEnoemuc9kqhqIkdwEcnPK/10.webp,57.81,57.81,50,50,35.92,35.44,53.84,54.21,49.85,50.15,-0.15,49.85,Over,35.46,-70.04,4.1,No,,,,,,
N/A,9/28/2026,Rome Odunze,Receiving Yards,105.5,demon,https://static.prizepicks.com/images/teams/nfl/NFL_team_0YfEnoemuc9kqhqIkdwEcnPK/15.webp,https://static.prizepicks.com/images/teams/nfl/NFL_team_0YfEnoemuc9kqhqIkdwEcnPK/15.webp,57.81,57.81,50,50,25.71,25.94,54.11,53.84,50.14,49.86,0.14,50.14,Over,25.94,-79.56,2.3,No,,,,,,
N/A,9/28/2026,DeVonta Smith,Receiving Yards,99.5,demon,https://static.prizepicks.com/images/teams/nfl/NFL_team_ram7VKb86QoDRToIZOIN8rH/6.webp,https://static.prizepicks.com/images/teams/nfl/NFL_team_ram7VKb86QoDRToIZOIN8rH/6.webp,57.81,57.81,50,50,72.5,72.14,53.47,55.51,49.11,50.89,-0.89,49.11,Over,72.03,-27.47,24.98,No,,,,,,
N/A,9/28/2026,Saquon Barkley,Rush Yards,99.5,demon,https://static.prizepicks.com/images/teams/nfl/NFL_team_ram7VKb86QoDRToIZOIN8rH/26.webp,https://static.prizepicks.com/images/teams/nfl/NFL_team_ram7VKb86QoDRToIZOIN8rH/26.webp,57.81,57.81,50,50,71.5,71.57,53.78,53.99,49.9,50.1,-0.1,49.9,Over,71.67,-27.83,28.77,No,,,,,,
N/A,9/28/2026,Saquon Barkley,Rush+Rec Yds,99.5,demon,https://static.prizepicks.com/images/teams/nfl/NFL_team_ram7VKb86QoDRToIZOIN8rH/26.webp,https://static.prizepicks.com/images/teams/nfl/NFL_team_ram7VKb86QoDRToIZOIN8rH/26.webp,57.81,57.81,50,50,88.5,88.77,54.42,54.08,50.16,49.84,0.16,50.16,Over,86.98,-12.52,41.29,No,,,,,,
N/A,9/28/2026,Case Keenum,Pass Yards,99.5,goblin,https://static.prizepicks.com/images/teams/nfl/NFL_team_0YfEnoemuc9kqhqIkdwEcnPK/11.webp,https://static.prizepicks.com/images/teams/nfl/NFL_team_0YfEnoemuc9kqhqIkdwEcnPK/11.webp,57.81,57.81,50,50,166.5,166.83,54.17,54.12,50.03,49.97,0.03,50.03,Over,166.83,67.33,79.88,Yes,,,,,,
N/A,9/28/2026,D'Andre Swift,Rush+Rec Yds,99.5,demon,https://static.prizepicks.com/images/teams/nfl/NFL_team_0YfEnoemuc9kqhqIkdwEcnPK/4.webp,https://static.prizepicks.com/images/teams/nfl/NFL_team_0YfEnoemuc9kqhqIkdwEcnPK/4.webp,57.81,57.81,50,50,76.5,76.25,54.25,54.07,50.08,49.92,0.08,50.08,Over,76.25,-23.25,32.28,No,,,,,,
N/A,9/28/2026,Makai Lemon,Receiving Yards,97.5,demon,https://static.prizepicks.com/images/teams/nfl/NFL_team_ram7VKb86QoDRToIZOIN8rH/9.webp,https://static.prizepicks.com/images/teams/nfl/NFL_team_ram7VKb86QoDRToIZOIN8rH/9.webp,57.81,57.81,50,50,26.5,26.5,54,55.36,49.42,50.58,-0.58,49.42,Over,26.5,-71,3.79,No,,,,,,
N/A,9/28/2026,DeVonta Smith,Receiving Yards,89.5,demon,https://static.prizepicks.com/images/teams/nfl/NFL_team_ram7VKb86QoDRToIZOIN8rH/6.webp,https://static.prizepicks.com/images/teams/nfl/NFL_team_ram7VKb86QoDRToIZOIN8rH/6.webp,57.81,57.81,50,50,72.5,72.14,53.47,55.51,49.11,50.89,-0.89,49.11,Over,72.03,-17.47,33.54,No,,,,,,
N/A,9/28/2026,Saquon Barkley,Rush Yards,89.5,demon,https://static.prizepicks.com/images/teams/nfl/NFL_team_ram7VKb86QoDRToIZOIN8rH/26.webp,https://static.prizepicks.com/images/teams/nfl/NFL_team_ram7VKb86QoDRToIZOIN8rH/26.webp,57.81,57.81,50,50,71.5,71.57,53.78,53.99,49.9,50.1,-0.1,49.9,Over,71.67,-17.83,35.94,No,,,,,,
N/A,9/28/2026,D'Andre Swift,Rush Yards,89.5,demon,https://static.prizepicks.com/images/teams/nfl/NFL_team_0YfEnoemuc9kqhqIkdwEcnPK/4.webp,https://static.prizepicks.com/images/teams/nfl/NFL_team_0YfEnoemuc9kqhqIkdwEcnPK/4.webp,57.81,57.81,50,50,61.29,60.5,54.07,53.2,50.41,49.59,0.41,50.41,Over,60.5,-29,28.63,No,,,,,,
N/A,9/28/2026,Saquon Barkley,Rush+Rec Yds,87.5,standard,https://static.prizepicks.com/images/teams/nfl/NFL_team_ram7VKb86QoDRToIZOIN8rH/26.webp,https://static.prizepicks.com/images/teams/nfl/NFL_team_ram7VKb86QoDRToIZOIN8rH/26.webp,57.81,57.81,50,50,88.5,88.77,54.42,54.08,50.16,49.84,0.16,50.16,Over,86.98,-0.52,50.8,No,,,,,,
N/A,9/28/2026,Kalif Raymond,Receiving Yards,84.5,demon,https://static.prizepicks.com/images/teams/nfl/NFL_team_0YfEnoemuc9kqhqIkdwEcnPK/14.webp,https://static.prizepicks.com/images/teams/nfl/NFL_team_0YfEnoemuc9kqhqIkdwEcnPK/14.webp,57.81,57.81,50,50,23.87,24.5,53.93,53.82,50.05,49.95,0.05,50.05,Over,24.5,-60,6.48,No,,,,,,
N/A,9/28/2026,Jalen Hurts,Rush Yards,84.5,demon,https://static.prizepicks.com/images/teams/nfl/NFL_team_ram7VKb86QoDRToIZOIN8rH/1.webp,https://static.prizepicks.com/images/teams/nfl/NFL_team_ram7VKb86QoDRToIZOIN8rH/1.webp,57.81,57.81,50,50,24.5,24.38,53.63,54.03,49.81,50.19,-0.19,49.81,Over,24.4,-60.1,11.51,No,,,,,,
N/A,9/28/2026,Zach Ertz,Receiving Yards,80.5,demon,https://static.prizepicks.com/images/teams/nfl/NFL_team_ram7VKb86QoDRToIZOIN8rH/86.webp,https://static.prizepicks.com/images/teams/nfl/NFL_team_ram7VKb86QoDRToIZOIN8rH/86.webp,57.81,57.81,50,50,11.5,11.3,50.93,57.54,46.94,53.06,-3.06,46.94,Over,11.3,-69.2,4.23,No,,,,,,
N/A,9/28/2026,Saquon Barkley,Rush+Rec Yds,79.5,goblin,https://static.prizepicks.com/images/teams/nfl/NFL_team_ram7VKb86QoDRToIZOIN8rH/26.webp,https://static.prizepicks.com/images/teams/nfl/NFL_team_ram7VKb86QoDRToIZOIN8rH/26.webp,57.81,57.81,50,50,88.5,88.77,54.42,54.08,50.16,49.84,0.16,50.16,Over,86.98,7.48,57.14,Yes,,,,,,
N/A,9/28/2026,Saquon Barkley,Rush Yards,79.5,demon,https://static.prizepicks.com/images/teams/nfl/NFL_team_ram7VKb86QoDRToIZOIN8rH/26.webp,https://static.prizepicks.com/images/teams/nfl/NFL_team_ram7VKb86QoDRToIZOIN8rH/26.webp,57.81,57.81,50,50,71.5,71.57,53.78,53.99,49.9,50.1,-0.1,49.9,Over,71.67,-7.83,43.64,No,,,,,,
N/A,9/28/2026,DeVonta Smith,Receiving Yards,79.5,demon,https://static.prizepicks.com/images/teams/nfl/NFL_team_ram7VKb86QoDRToIZOIN8rH/6.webp,https://static.prizepicks.com/images/teams/nfl/NFL_team_ram7VKb86QoDRToIZOIN8rH/6.webp,57.81,57.81,50,50,72.5,72.14,53.47,55.51,49.11,50.89,-0.89,49.11,Over,72.03,-7.47,43.05,No,,,,,,
N/A,9/28/2026,D'Andre Swift,Rush Yards,79.5,demon,https://static.prizepicks.com/images/teams/nfl/NFL_team_0YfEnoemuc9kqhqIkdwEcnPK/4.webp,https://static.prizepicks.com/images/teams/nfl/NFL_team_0YfEnoemuc9kqhqIkdwEcnPK/4.webp,57.81,57.81,50,50,61.29,60.5,54.07,53.2,50.41,49.59,0.41,50.41,Over,60.5,-19,35.79,No,,,,,,
N/A,9/28/2026,D'Andre Swift,Rush+Rec Yds,79.5,demon,https://static.prizepicks.com/images/teams/nfl/NFL_team_0YfEnoemuc9kqhqIkdwEcnPK/4.webp,https://static.prizepicks.com/images/teams/nfl/NFL_team_0YfEnoemuc9kqhqIkdwEcnPK/4.webp,57.81,57.81,50,50,76.5,76.25,54.25,54.07,50.08,49.92,0.08,50.08,Over,76.25,-3.25,47.61,No,,,,,,
N/A,9/28/2026,D'Andre Swift,Rush+Rec Yds,75.5,standard,https://static.prizepicks.com/images/teams/nfl/NFL_team_0YfEnoemuc9kqhqIkdwEcnPK/4.webp,https://static.prizepicks.com/images/teams/nfl/NFL_team_0YfEnoemuc9kqhqIkdwEcnPK/4.webp,57.81,57.81,50,50,76.5,76.25,54.25,54.07,50.08,49.92,0.08,50.08,Over,76.25,0.75,50.8,Yes,,,,,,
N/A,9/28/2026,Saquon Barkley,Receiving Yards,73.5,demon,https://static.prizepicks.com/images/teams/nfl/NFL_team_ram7VKb86QoDRToIZOIN8rH/26.webp,https://static.prizepicks.com/images/teams/nfl/NFL_team_ram7VKb86QoDRToIZOIN8rH/26.webp,57.81,57.81,50,50,12.02,13.56,53.15,55.41,48.99,51.01,-1.01,48.99,Over,13.49,-60.01,6.21,No,,,,,,
N/A,9/28/2026,DeVonta Smith,Receiving Yards,72.5,standard,https://static.prizepicks.com/images/teams/nfl/NFL_team_ram7VKb86QoDRToIZOIN8rH/6.webp,https://static.prizepicks.com/images/teams/nfl/NFL_team_ram7VKb86QoDRToIZOIN8rH/6.webp,57.81,57.81,50,50,72.5,72.14,53.47,55.51,49.11,50.89,-0.89,50.89,Under,72.03,-0.47,50,Yes,,,,,,
N/A,9/28/2026,Saquon Barkley,Rush Yards,71.5,standard,https://static.prizepicks.com/images/teams/nfl/NFL_team_ram7VKb86QoDRToIZOIN8rH/26.webp,https://static.prizepicks.com/images/teams/nfl/NFL_team_ram7VKb86QoDRToIZOIN8rH/26.webp,57.81,57.81,50,50,71.5,71.57,53.78,53.99,49.9,50.1,-0.1,50.1,Under,71.67,0.17,50,No,,,,,,
N/A,9/28/2026,D'Andre Swift,Receiving Yards,70.5,demon,https://static.prizepicks.com/images/teams/nfl/NFL_team_0YfEnoemuc9kqhqIkdwEcnPK/4.webp,https://static.prizepicks.com/images/teams/nfl/NFL_team_0YfEnoemuc9kqhqIkdwEcnPK/4.webp,57.81,57.81,50,50,10.5,10.5,54.32,53.54,50.36,49.64,0.36,50.36,Over,10.5,-60,6.68,No,,,,,,
N/A,9/28/2026,Jalen Hurts,Longest Completion,69.5,demon,https://static.prizepicks.com/images/teams/nfl/NFL_team_ram7VKb86QoDRToIZOIN8rH/1.webp,https://static.prizepicks.com/images/teams/nfl/NFL_team_ram7VKb86QoDRToIZOIN8rH/1.webp,57.81,57.81,50,50,69.5,,,,,,,,,,,50,,,,,,,
N/A,9/28/2026,DeVonta Smith,Receiving Yards,69.5,goblin,https://static.prizepicks.com/images/teams/nfl/NFL_team_ram7VKb86QoDRToIZOIN8rH/6.webp,https://static.prizepicks.com/images/teams/nfl/NFL_team_ram7VKb86QoDRToIZOIN8rH/6.webp,57.81,57.81,50,50,72.5,72.14,53.47,55.51,49.11,50.89,-0.89,49.11,Over,72.03,2.53,52.99,Yes,,,,,,
N/A,9/28/2026,Dontayvion Wicks,Receiving Yards,69.5,demon,https://static.prizepicks.com/images/teams/nfl/NFL_team_ram7VKb86QoDRToIZOIN8rH/13.webp,https://static.prizepicks.com/images/teams/nfl/NFL_team_ram7VKb86QoDRToIZOIN8rH/13.webp,57.81,57.81,50,50,42.5,42.5,53.19,54.94,49.21,50.79,-0.79,49.21,Over,42.5,-27,24.98,No,,,,,,
N/A,9/28/2026,Saquon Barkley,Rush+Rec Yds,69.5,goblin,https://static.prizepicks.com/images/teams/nfl/NFL_team_ram7VKb86QoDRToIZOIN8rH/26.webp,https://static.prizepicks.com/images/teams/nfl/NFL_team_ram7VKb86QoDRToIZOIN8rH/26.webp,57.81,57.81,50,50,88.5,88.77,54.42,54.08,50.16,49.84,0.16,50.16,Over,86.98,17.48,64.8,Yes,,,,,,
N/A,9/28/2026,Saquon Barkley,Rush Yards,69.5,goblin,https://static.prizepicks.com/images/teams/nfl/NFL_team_ram7VKb86QoDRToIZOIN8rH/26.webp,https://static.prizepicks.com/images/teams/nfl/NFL_team_ram7VKb86QoDRToIZOIN8rH/26.webp,57.81,57.81,50,50,71.5,71.57,53.78,53.99,49.9,50.1,-0.1,49.9,Over,71.67,2.17,51.6,Yes,,,,,,
N/A,9/28/2026,D'Andre Swift,Rush Yards,69.5,demon,https://static.prizepicks.com/images/teams/nfl/NFL_team_0YfEnoemuc9kqhqIkdwEcnPK/4.webp,https://static.prizepicks.com/images/teams/nfl/NFL_team_0YfEnoemuc9kqhqIkdwEcnPK/4.webp,57.81,57.81,50,50,61.29,60.5,54.07,53.2,50.41,49.59,0.41,50.41,Over,60.5,-9,43.48,No,,,,,,
N/A,9/28/2026,D'Andre Swift,Rush+Rec Yds,69.5,goblin,https://static.prizepicks.com/images/teams/nfl/NFL_team_0YfEnoemuc9kqhqIkdwEcnPK/4.webp,https://static.prizepicks.com/images/teams/nfl/NFL_team_0YfEnoemuc9kqhqIkdwEcnPK/4.webp,57.81,57.81,50,50,76.5,76.25,54.25,54.07,50.08,49.92,0.08,50.08,Over,76.25,6.75,55.57,Yes,,,,,,
N/A,9/28/2026,D'Andre Swift,Rush Yards,61.5,standard,https://static.prizepicks.com/images/teams/nfl/NFL_team_0YfEnoemuc9kqhqIkdwEcnPK/4.webp,https://static.prizepicks.com/images/teams/nfl/NFL_team_0YfEnoemuc9kqhqIkdwEcnPK/4.webp,57.81,57.81,50,50,61.29,60.5,54.07,53.2,50.41,49.59,0.41,50.41,Over,60.5,-1,49.83,No,,,,,,
N/A,9/28/2026,Luther Burden III,Receiving Yards,59.5,demon,https://static.prizepicks.com/images/teams/nfl/NFL_team_0YfEnoemuc9kqhqIkdwEcnPK/10.webp,https://static.prizepicks.com/images/teams/nfl/NFL_team_0YfEnoemuc9kqhqIkdwEcnPK/10.webp,57.81,57.81,50,50,35.92,35.44,53.84,54.21,49.85,50.15,-0.15,49.85,Over,35.46,-24.04,27.78,No,,,,,,
N/A,9/28/2026,Dontayvion Wicks,Receiving Yards,59.5,demon,https://static.prizepicks.com/images/teams/nfl/NFL_team_ram7VKb86QoDRToIZOIN8rH/13.webp,https://static.prizepicks.com/images/teams/nfl/NFL_team_ram7VKb86QoDRToIZOIN8rH/13.webp,57.81,57.81,50,50,42.5,42.5,53.19,54.94,49.21,50.79,-0.79,49.21,Over,42.5,-17,33.54,No,,,,,,
N/A,9/28/2026,Saquon Barkley,Rush+Rec Yds,59.5,goblin,https://static.prizepicks.com/images/teams/nfl/NFL_team_ram7VKb86QoDRToIZOIN8rH/26.webp,https://static.prizepicks.com/images/teams/nfl/NFL_team_ram7VKb86QoDRToIZOIN8rH/26.webp,57.81,57.81,50,50,88.5,88.77,54.42,54.08,50.16,49.84,0.16,50.16,Over,86.98,27.48,71.9,Yes,,,,,,
N/A,9/28/2026,Colston Loveland,Receiving Yards,59.5,demon,https://static.prizepicks.com/images/teams/nfl/NFL_team_0YfEnoemuc9kqhqIkdwEcnPK/84.webp,https://static.prizepicks.com/images/teams/nfl/NFL_team_0YfEnoemuc9kqhqIkdwEcnPK/84.webp,57.81,57.81,50,50,31.42,34.76,54.23,54.68,49.82,50.18,-0.18,49.82,Over,34.76,-24.74,24.13,No,,,,,,
N/A,9/28/2026,Kyle Monangai,Rush Yards,59.5,demon,https://static.prizepicks.com/images/teams/nfl/NFL_team_0YfEnoemuc9kqhqIkdwEcnPK/25.webp,https://static.prizepicks.com/images/teams/nfl/NFL_team_0YfEnoemuc9kqhqIkdwEcnPK/25.webp,57.81,57.81,50,50,37.97,38.5,53.35,54.21,49.59,50.41,-0.41,49.59,Over,38.5,-21,33.34,No,,,,,,
N/A,9/28/2026,D'Andre Swift,Rush+Rec Yds,59.5,goblin,https://static.prizepicks.com/images/teams/nfl/NFL_team_0YfEnoemuc9kqhqIkdwEcnPK/4.webp,https://static.prizepicks.com/images/teams/nfl/NFL_team_0YfEnoemuc9kqhqIkdwEcnPK/4.webp,57.81,57.81,50,50,76.5,76.25,54.25,54.07,50.08,49.92,0.08,50.08,Over,76.25,16.75,63.31,Yes,,,,,,
N/A,9/28/2026,Case Keenum,Longest Completion,59.5,demon,https://static.prizepicks.com/images/teams/nfl/NFL_team_0YfEnoemuc9kqhqIkdwEcnPK/11.webp,https://static.prizepicks.com/images/teams/nfl/NFL_team_0YfEnoemuc9kqhqIkdwEcnPK/11.webp,57.81,57.81,50,50,59.5,,,,,,,,,,,50,,,,,,,
N/A,9/28/2026,D'Andre Swift,Rush Yards,50.5,goblin,https://static.prizepicks.com/images/teams/nfl/NFL_team_0YfEnoemuc9kqhqIkdwEcnPK/4.webp,https://static.prizepicks.com/images/teams/nfl/NFL_team_0YfEnoemuc9kqhqIkdwEcnPK/4.webp,57.81,57.81,50,50,61.29,60.5,54.07,53.2,50.41,49.59,0.41,50.41,Over,60.5,10,58.54,Yes,,,,,,
N/A,9/28/2026,Luther Burden III,Receiving Yards,49.5,demon,https://static.prizepicks.com/images/teams/nfl/NFL_team_0YfEnoemuc9kqhqIkdwEcnPK/10.webp,https://static.prizepicks.com/images/teams/nfl/NFL_team_0YfEnoemuc9kqhqIkdwEcnPK/10.webp,57.81,57.81,50,50,35.92,35.44,53.84,54.21,49.85,50.15,-0.15,49.85,Over,35.46,-14.04,36.71,No,,,,,,
N/A,9/28/2026,Colston Loveland,Receiving Yards,49.5,demon,https://static.prizepicks.com/images/teams/nfl/NFL_team_0YfEnoemuc9kqhqIkdwEcnPK/84.webp,https://static.prizepicks.com/images/teams/nfl/NFL_team_0YfEnoemuc9kqhqIkdwEcnPK/84.webp,57.81,57.81,50,50,31.42,34.76,54.23,54.68,49.82,50.18,-0.18,49.82,Over,34.76,-14.74,32.56,No,,,,,,
N/A,9/28/2026,Rome Odunze,Receiving Yards,49.5,demon,https://static.prizepicks.com/images/teams/nfl/NFL_team_0YfEnoemuc9kqhqIkdwEcnPK/15.webp,https://static.prizepicks.com/images/teams/nfl/NFL_team_0YfEnoemuc9kqhqIkdwEcnPK/15.webp,57.81,57.81,50,50,25.71,25.94,54.11,53.84,50.14,49.86,0.14,50.14,Over,25.94,-23.56,27.6,No,,,,,,
N/A,9/28/2026,DeVonta Smith,Receiving Yards,49.5,goblin,https://static.prizepicks.com/images/teams/nfl/NFL_team_ram7VKb86QoDRToIZOIN8rH/6.webp,https://static.prizepicks.com/images/teams/nfl/NFL_team_ram7VKb86QoDRToIZOIN8rH/6.webp,57.81,57.81,50,50,72.5,72.14,53.47,55.51,49.11,50.89,-0.89,49.11,Over,72.03,22.53,71.74,Yes,,,,,,
N/A,9/28/2026,Jalen Hurts,Longest Completion,49.5,demon,https://static.prizepicks.com/images/teams/nfl/NFL_team_ram7VKb86QoDRToIZOIN8rH/1.webp,https://static.prizepicks.com/images/teams/nfl/NFL_team_ram7VKb86QoDRToIZOIN8rH/1.webp,57.81,57.81,50,50,49.5,,,,,,,,,,,50,,,,,,,
N/A,9/28/2026,Makai Lemon,Receiving Yards,49.5,demon,https://static.prizepicks.com/images/teams/nfl/NFL_team_ram7VKb86QoDRToIZOIN8rH/9.webp,https://static.prizepicks.com/images/teams/nfl/NFL_team_ram7VKb86QoDRToIZOIN8rH/9.webp,57.81,57.81,50,50,26.5,26.5,54,55.36,49.42,50.58,-0.58,49.42,Over,26.5,-23,28.26,No,,,,,,
N/A,9/28/2026,Jalen Hurts,Rush Yards,49.5,demon,https://static.prizepicks.com/images/teams/nfl/NFL_team_ram7VKb86QoDRToIZOIN8rH/1.webp,https://static.prizepicks.com/images/teams/nfl/NFL_team_ram7VKb86QoDRToIZOIN8rH/1.webp,57.81,57.81,50,50,24.5,24.38,53.63,54.03,49.81,50.19,-0.19,49.81,Over,24.4,-25.1,30.85,No,,,,,,
N/A,9/28/2026,Saquon Barkley,Rush Yards,49.5,goblin,https://static.prizepicks.com/images/teams/nfl/NFL_team_ram7VKb86QoDRToIZOIN8rH/26.webp,https://static.prizepicks.com/images/teams/nfl/NFL_team_ram7VKb86QoDRToIZOIN8rH/26.webp,57.81,57.81,50,50,71.5,71.57,53.78,53.99,49.9,50.1,-0.1,49.9,Over,71.67,22.17,67,Yes,,,,,,
N/A,9/28/2026,Dontayvion Wicks,Receiving Yards,49.5,demon,https://static.prizepicks.com/images/teams/nfl/NFL_team_ram7VKb86QoDRToIZOIN8rH/13.webp,https://static.prizepicks.com/images/teams/nfl/NFL_team_ram7VKb86QoDRToIZOIN8rH/13.webp,57.81,57.81,50,50,42.5,42.5,53.19,54.94,49.21,50.79,-0.79,49.21,Over,42.5,-7,43.05,No,,,,,,
N/A,9/28/2026,Johnny Mundt,Receiving Yards,49.5,demon,https://static.prizepicks.com/images/teams/nfl/NFL_team_ram7VKb86QoDRToIZOIN8rH/83.webp,https://static.prizepicks.com/images/teams/nfl/NFL_team_ram7VKb86QoDRToIZOIN8rH/83.webp,57.81,57.81,50,50,12.5,12.5,57.81,57.81,50,50,0,50,Over,12.5,-37,17.75,No,,,,,,
N/A,9/28/2026,Kyle Monangai,Rush Yards,49.5,demon,https://static.prizepicks.com/images/teams/nfl/NFL_team_0YfEnoemuc9kqhqIkdwEcnPK/25.webp,https://static.prizepicks.com/images/teams/nfl/NFL_team_0YfEnoemuc9kqhqIkdwEcnPK/25.webp,57.81,57.81,50,50,37.97,38.5,53.35,54.21,49.59,50.41,-0.41,49.59,Over,38.5,-11,40.88,No,,,,,,
N/A,9/28/2026,D'Andre Swift,Rush+Rec Yds,49.5,goblin,https://static.prizepicks.com/images/teams/nfl/NFL_team_0YfEnoemuc9kqhqIkdwEcnPK/4.webp,https://static.prizepicks.com/images/teams/nfl/NFL_team_0YfEnoemuc9kqhqIkdwEcnPK/4.webp,57.81,57.81,50,50,76.5,76.25,54.25,54.07,50.08,49.92,0.08,50.08,Over,76.25,26.75,70.54,Yes,,,,,,
N/A,9/28/2026,Jake Elliott + Cairo Santos,Longest FG Made Yds (Combo),49.5,standard,https://static.prizepicks.com/images/players/CMBO_group_20XlBpFrVD5awTVnqIPEuECM.webp,https://static.prizepicks.com/images/players/CMBO_group_20XlBpFrVD5awTVnqIPEuECM.webp,57.81,57.81,50,50,49.5,,,,,,,,,,,50,,,,,,,
N/A,9/28/2026,Cole Kmet,Receiving Yards,49.5,demon,https://static.prizepicks.com/images/teams/nfl/NFL_team_0YfEnoemuc9kqhqIkdwEcnPK/85.webp,https://static.prizepicks.com/images/teams/nfl/NFL_team_0YfEnoemuc9kqhqIkdwEcnPK/85.webp,57.81,57.81,50,50,9.29,9.5,54.18,53.69,50.22,49.78,0.22,50.22,Over,9.5,-40,15.74,No,,,,,,
N/A,9/28/2026,Case Keenum,Longest Completion,49.5,demon,https://static.prizepicks.com/images/teams/nfl/NFL_team_0YfEnoemuc9kqhqIkdwEcnPK/11.webp,https://static.prizepicks.com/images/teams/nfl/NFL_team_0YfEnoemuc9kqhqIkdwEcnPK/11.webp,57.81,57.81,50,50,49.5,,,,,,,,,,,50,,,,,,,
N/A,9/28/2026,Saquon Barkley,Rush Yards,44.5,goblin,https://static.prizepicks.com/images/teams/nfl/NFL_team_ram7VKb86QoDRToIZOIN8rH/26.webp,https://static.prizepicks.com/images/teams/nfl/NFL_team_ram7VKb86QoDRToIZOIN8rH/26.webp,57.81,57.81,50,50,71.5,71.57,53.78,53.99,49.9,50.1,-0.1,49.9,Over,71.67,27.17,70.54,Yes,,,,,,
N/A,9/28/2026,Kyle Monangai,Rush Yards,44.5,demon,https://static.prizepicks.com/images/teams/nfl/NFL_team_0YfEnoemuc9kqhqIkdwEcnPK/25.webp,https://static.prizepicks.com/images/teams/nfl/NFL_team_0YfEnoemuc9kqhqIkdwEcnPK/25.webp,57.81,57.81,50,50,37.97,38.5,53.35,54.21,49.59,50.41,-0.41,49.59,Over,38.5,-6,44.8,No,,,,,,
N/A,9/28/2026,Dontayvion Wicks,Receiving Yards,42.5,standard,https://static.prizepicks.com/images/teams/nfl/NFL_team_ram7VKb86QoDRToIZOIN8rH/13.webp,https://static.prizepicks.com/images/teams/nfl/NFL_team_ram7VKb86QoDRToIZOIN8rH/13.webp,57.81,57.81,50,50,42.5,42.5,53.19,54.94,49.21,50.79,-0.79,50.79,Under,42.5,0,50,No,,,,,,
N/A,9/28/2026,Case Keenum,Pass Attempts,41.5,demon,https://static.prizepicks.com/images/teams/nfl/NFL_team_0YfEnoemuc9kqhqIkdwEcnPK/11.webp,https://static.prizepicks.com/images/teams/nfl/NFL_team_0YfEnoemuc9kqhqIkdwEcnPK/11.webp,57.81,57.81,50,50,28.96,28.5,56,51.88,51.93,48.07,1.93,51.93,Over,28.5,-13,1.34,No,,,,,,
N/A,9/28/2026,Luther Burden III,Receiving Yards,39.5,demon,https://static.prizepicks.com/images/teams/nfl/NFL_team_0YfEnoemuc9kqhqIkdwEcnPK/10.webp,https://static.prizepicks.com/images/teams/nfl/NFL_team_0YfEnoemuc9kqhqIkdwEcnPK/10.webp,57.81,57.81,50,50,35.92,35.44,53.84,54.21,49.85,50.15,-0.15,49.85,Over,35.46,-4.04,46.43,No,,,,,,
N/A,9/28/2026,Colston Loveland,Receiving Yards,39.5,demon,https://static.prizepicks.com/images/teams/nfl/NFL_team_0YfEnoemuc9kqhqIkdwEcnPK/84.webp,https://static.prizepicks.com/images/teams/nfl/NFL_team_0YfEnoemuc9kqhqIkdwEcnPK/84.webp,57.81,57.81,50,50,31.42,34.76,54.23,54.68,49.82,50.18,-0.18,49.82,Over,34.76,-4.74,42,No,,,,,,
N/A,9/28/2026,Rome Odunze,Receiving Yards,39.5,demon,https://static.prizepicks.com/images/teams/nfl/NFL_team_0YfEnoemuc9kqhqIkdwEcnPK/15.webp,https://static.prizepicks.com/images/teams/nfl/NFL_team_0YfEnoemuc9kqhqIkdwEcnPK/15.webp,57.81,57.81,50,50,25.71,25.94,54.11,53.84,50.14,49.86,0.14,50.14,Over,25.94,-13.56,36.51,No,,,,,,
N/A,9/28/2026,Kalif Raymond,Receiving Yards,39.5,demon,https://static.prizepicks.com/images/teams/nfl/NFL_team_0YfEnoemuc9kqhqIkdwEcnPK/14.webp,https://static.prizepicks.com/images/teams/nfl/NFL_team_0YfEnoemuc9kqhqIkdwEcnPK/14.webp,57.81,57.81,50,50,23.87,24.5,53.93,53.82,50.05,49.95,0.05,50.05,Over,24.5,-15,34.8,No,,,,,,
N/A,9/28/2026,Jalen Hurts,Longest Completion,39.5,demon,https://static.prizepicks.com/images/teams/nfl/NFL_team_ram7VKb86QoDRToIZOIN8rH/1.webp,https://static.prizepicks.com/images/teams/nfl/NFL_team_ram7VKb86QoDRToIZOIN8rH/1.webp,57.81,57.81,50,50,39.5,,,,,,,,,,,50,,,,,,,
N/A,9/28/2026,Makai Lemon,Receiving Yards,39.5,demon,https://static.prizepicks.com/images/teams/nfl/NFL_team_ram7VKb86QoDRToIZOIN8rH/9.webp,https://static.prizepicks.com/images/teams/nfl/NFL_team_ram7VKb86QoDRToIZOIN8rH/9.webp,57.81,57.81,50,50,26.5,26.5,54,55.36,49.42,50.58,-0.58,49.42,Over,26.5,-13,37.26,No,,,,,,
N/A,9/28/2026,Jalen Hurts,Rush Yards,39.5,demon,https://static.prizepicks.com/images/teams/nfl/NFL_team_ram7VKb86QoDRToIZOIN8rH/1.webp,https://static.prizepicks.com/images/teams/nfl/NFL_team_ram7VKb86QoDRToIZOIN8rH/1.webp,57.81,57.81,50,50,24.5,24.38,53.63,54.03,49.81,50.19,-0.19,49.81,Over,24.4,-15.1,38.21,No,,,,,,
N/A,9/28/2026,Saquon Barkley,Receiving Yards,39.5,demon,https://static.prizepicks.com/images/teams/nfl/NFL_team_ram7VKb86QoDRToIZOIN8rH/26.webp,https://static.prizepicks.com/images/teams/nfl/NFL_team_ram7VKb86QoDRToIZOIN8rH/26.webp,57.81,57.81,50,50,12.02,13.56,53.15,55.41,48.99,51.01,-1.01,48.99,Over,13.49,-26.01,24.6,No,,,,,,
N/A,9/28/2026,DeVonta Smith,Receiving Yards,39.5,goblin,https://static.prizepicks.com/images/teams/nfl/NFL_team_ram7VKb86QoDRToIZOIN8rH/6.webp,https://static.prizepicks.com/images/teams/nfl/NFL_team_ram7VKb86QoDRToIZOIN8rH/6.webp,57.81,57.81,50,50,72.5,72.14,53.47,55.51,49.11,50.89,-0.89,49.11,Over,72.03,32.53,79.53,Yes,,,,,,
N/A,9/28/2026,Jalen Hurts,Pass Attempts,39.5,demon,https://static.prizepicks.com/images/teams/nfl/NFL_team_ram7VKb86QoDRToIZOIN8rH/1.webp,https://static.prizepicks.com/images/teams/nfl/NFL_team_ram7VKb86QoDRToIZOIN8rH/1.webp,57.81,57.81,50,50,27.61,27.5,54.19,54.67,49.77,50.23,-0.23,49.77,Over,27.54,-11.96,1.56,No,,,,,,
N/A,9/28/2026,Dontayvion Wicks,Receiving Yards,39.5,goblin,https://static.prizepicks.com/images/teams/nfl/NFL_team_ram7VKb86QoDRToIZOIN8rH/13.webp,https://static.prizepicks.com/images/teams/nfl/NFL_team_ram7VKb86QoDRToIZOIN8rH/13.webp,57.81,57.81,50,50,42.5,42.5,53.19,54.94,49.21,50.79,-0.79,49.21,Over,42.5,3,52.99,Yes,,,,,,
N/A,9/28/2026,D'Andre Swift,Receiving Yards,39.5,demon,https://static.prizepicks.com/images/teams/nfl/NFL_team_0YfEnoemuc9kqhqIkdwEcnPK/4.webp,https://static.prizepicks.com/images/teams/nfl/NFL_team_0YfEnoemuc9kqhqIkdwEcnPK/4.webp,57.81,57.81,50,50,10.5,10.5,54.32,53.54,50.36,49.64,0.36,50.36,Over,10.5,-29,23.42,No,,,,,,
N/A,9/28/2026,Johnny Mundt,Receiving Yards,39.5,demon,https://static.prizepicks.com/images/teams/nfl/NFL_team_ram7VKb86QoDRToIZOIN8rH/83.webp,https://static.prizepicks.com/images/teams/nfl/NFL_team_ram7VKb86QoDRToIZOIN8rH/83.webp,57.81,57.81,50,50,12.5,12.5,57.81,57.81,50,50,0,50,Over,12.5,-27,24.98,No,,,,,,
N/A,9/28/2026,Saquon Barkley,Longest Rush,39.5,demon,https://static.prizepicks.com/images/teams/nfl/NFL_team_ram7VKb86QoDRToIZOIN8rH/26.webp,https://static.prizepicks.com/images/teams/nfl/NFL_team_ram7VKb86QoDRToIZOIN8rH/26.webp,57.81,57.81,50,50,39.5,,,,,,,,,,,50,,,,,,,
N/A,9/28/2026,D'Andre Swift,Rush Yards,39.5,goblin,https://static.prizepicks.com/images/teams/nfl/NFL_team_0YfEnoemuc9kqhqIkdwEcnPK/4.webp,https://static.prizepicks.com/images/teams/nfl/NFL_team_0YfEnoemuc9kqhqIkdwEcnPK/4.webp,57.81,57.81,50,50,61.29,60.5,54.07,53.2,50.41,49.59,0.41,50.41,Over,60.5,21,66.85,Yes,,,,,,
N/A,9/28/2026,D'Andre Swift,Longest Rush,39.5,demon,https://static.prizepicks.com/images/teams/nfl/NFL_team_0YfEnoemuc9kqhqIkdwEcnPK/4.webp,https://static.prizepicks.com/images/teams/nfl/NFL_team_0YfEnoemuc9kqhqIkdwEcnPK/4.webp,57.81,57.81,50,50,39.5,,,,,,,,,,,50,,,,,,,
N/A,9/28/2026,Case Keenum,Longest Completion,39.5,demon,https://static.prizepicks.com/images/teams/nfl/NFL_team_0YfEnoemuc9kqhqIkdwEcnPK/11.webp,https://static.prizepicks.com/images/teams/nfl/NFL_team_0YfEnoemuc9kqhqIkdwEcnPK/11.webp,57.81,57.81,50,50,39.5,,,,,,,,,,,50,,,,,,,
N/A,9/28/2026,Kyle Monangai,Rush Yards,37.5,standard,https://static.prizepicks.com/images/teams/nfl/NFL_team_0YfEnoemuc9kqhqIkdwEcnPK/25.webp,https://static.prizepicks.com/images/teams/nfl/NFL_team_0YfEnoemuc9kqhqIkdwEcnPK/25.webp,57.81,57.81,50,50,37.97,38.5,53.35,54.21,49.59,50.41,-0.41,50.41,Under,38.5,1,49.63,No,,,,,,
N/A,9/28/2026,Jalen Hurts,Longest Completion,37.5,standard,https://static.prizepicks.com/images/teams/nfl/NFL_team_ram7VKb86QoDRToIZOIN8rH/1.webp,https://static.prizepicks.com/images/teams/nfl/NFL_team_ram7VKb86QoDRToIZOIN8rH/1.webp,57.81,57.81,50,50,37.5,,,,,,,,,,,50,,,,,,,
N/A,9/28/2026,Makai Lemon,Receiving Yards,37.5,demon,https://static.prizepicks.com/images/teams/nfl/NFL_team_ram7VKb86QoDRToIZOIN8rH/9.webp,https://static.prizepicks.com/images/teams/nfl/NFL_team_ram7VKb86QoDRToIZOIN8rH/9.webp,57.81,57.81,50,50,26.5,26.5,54,55.36,49.42,50.58,-0.58,49.42,Over,26.5,-11,39.17,No,,,,,,
N/A,9/28/2026,Colston Loveland,Receiving Yards,35.5,standard,https://static.prizepicks.com/images/teams/nfl/NFL_team_0YfEnoemuc9kqhqIkdwEcnPK/84.webp,https://static.prizepicks.com/images/teams/nfl/NFL_team_0YfEnoemuc9kqhqIkdwEcnPK/84.webp,57.81,57.81,50,50,31.42,34.76,54.23,54.68,49.82,50.18,-0.18,50.18,Under,34.76,-0.74,54.06,Yes,,,,,,
N/A,9/28/2026,Luther Burden III,Receiving Yards,35.5,standard,https://static.prizepicks.com/images/teams/nfl/NFL_team_0YfEnoemuc9kqhqIkdwEcnPK/10.webp,https://static.prizepicks.com/images/teams/nfl/NFL_team_0YfEnoemuc9kqhqIkdwEcnPK/10.webp,57.81,57.81,50,50,35.92,35.44,53.84,54.21,49.85,50.15,-0.15,50.15,Under,35.46,-0.04,49.58,Yes,,,,,,
N/A,9/28/2026,Jalen Hurts,Longest Completion,34.5,goblin,https://static.prizepicks.com/images/teams/nfl/NFL_team_ram7VKb86QoDRToIZOIN8rH/1.webp,https://static.prizepicks.com/images/teams/nfl/NFL_team_ram7VKb86QoDRToIZOIN8rH/1.webp,57.81,57.81,50,50,34.5,,,,,,,,,,,50,,,,,,,
N/A,9/28/2026,Kalif Raymond,Receiving Yards,34.5,demon,https://static.prizepicks.com/images/teams/nfl/NFL_team_0YfEnoemuc9kqhqIkdwEcnPK/14.webp,https://static.prizepicks.com/images/teams/nfl/NFL_team_0YfEnoemuc9kqhqIkdwEcnPK/14.webp,57.81,57.81,50,50,23.87,24.5,53.93,53.82,50.05,49.95,0.05,50.05,Over,24.5,-10,39.52,No,,,,,,
N/A,9/28/2026,Kyle Monangai,Rush Yards,34.5,goblin,https://static.prizepicks.com/images/teams/nfl/NFL_team_0YfEnoemuc9kqhqIkdwEcnPK/25.webp,https://static.prizepicks.com/images/teams/nfl/NFL_team_0YfEnoemuc9kqhqIkdwEcnPK/25.webp,57.81,57.81,50,50,37.97,38.5,53.35,54.21,49.59,50.41,-0.41,49.59,Over,38.5,4,52.77,Yes,,,,,,
N/A,9/28/2026,D'Andre Swift,Rush Yards,34.5,goblin,https://static.prizepicks.com/images/teams/nfl/NFL_team_0YfEnoemuc9kqhqIkdwEcnPK/4.webp,https://static.prizepicks.com/images/teams/nfl/NFL_team_0YfEnoemuc9kqhqIkdwEcnPK/4.webp,57.81,57.81,50,50,61.29,60.5,54.07,53.2,50.41,49.59,0.41,50.41,Over,60.5,26,70.4,Yes,,,,,,
N/A,9/28/2026,Jalen Hurts,Pass Attempts,31.5,demon,https://static.prizepicks.com/images/teams/nfl/NFL_team_ram7VKb86QoDRToIZOIN8rH/1.webp,https://static.prizepicks.com/images/teams/nfl/NFL_team_ram7VKb86QoDRToIZOIN8rH/1.webp,57.81,57.81,50,50,27.61,27.5,54.19,54.67,49.77,50.23,-0.23,49.77,Over,27.54,-3.96,22.51,No,,,,,,
N/A,9/28/2026,Colston Loveland,Receiving Yards,30.5,goblin,https://static.prizepicks.com/images/teams/nfl/NFL_team_0YfEnoemuc9kqhqIkdwEcnPK/84.webp,https://static.prizepicks.com/images/teams/nfl/NFL_team_0YfEnoemuc9kqhqIkdwEcnPK/84.webp,57.81,57.81,50,50,31.42,34.76,54.23,54.68,49.82,50.18,-0.18,49.82,Over,34.76,4.26,50.92,Yes,,,,,,
N/A,9/28/2026,Rome Odunze,Receiving Yards,29.5,demon,https://static.prizepicks.com/images/teams/nfl/NFL_team_0YfEnoemuc9kqhqIkdwEcnPK/15.webp,https://static.prizepicks.com/images/teams/nfl/NFL_team_0YfEnoemuc9kqhqIkdwEcnPK/15.webp,57.81,57.81,50,50,25.71,25.94,54.11,53.84,50.14,49.86,0.14,50.14,Over,25.94,-3.56,46.23,No,,,,,,
N/A,9/28/2026,Jalen Hurts,Longest Completion,29.5,goblin,https://static.prizepicks.com/images/teams/nfl/NFL_team_ram7VKb86QoDRToIZOIN8rH/1.webp,https://static.prizepicks.com/images/teams/nfl/NFL_team_ram7VKb86QoDRToIZOIN8rH/1.webp,57.81,57.81,50,50,29.5,,,,,,,,,,,50,,,,,,,
N/A,9/28/2026,Saquon Barkley,Receiving Yards,29.5,demon,https://static.prizepicks.com/images/teams/nfl/NFL_team_ram7VKb86QoDRToIZOIN8rH/26.webp,https://static.prizepicks.com/images/teams/nfl/NFL_team_ram7VKb86QoDRToIZOIN8rH/26.webp,57.81,57.81,50,50,12.02,13.56,53.15,55.41,48.99,51.01,-1.01,48.99,Over,13.49,-16.01,33.11,No,,,,,,
N/A,9/28/2026,Jalen Hurts,Pass Attempts,29.5,demon,https://static.prizepicks.com/images/teams/nfl/NFL_team_ram7VKb86QoDRToIZOIN8rH/1.webp,https://static.prizepicks.com/images/teams/nfl/NFL_team_ram7VKb86QoDRToIZOIN8rH/1.webp,57.81,57.81,50,50,27.61,27.5,54.19,54.67,49.77,50.23,-0.23,49.77,Over,27.54,-1.96,34.93,No,,,,,,
N/A,9/28/2026,Jalen Hurts,Rush Yards,29.5,demon,https://static.prizepicks.com/images/teams/nfl/NFL_team_ram7VKb86QoDRToIZOIN8rH/1.webp,https://static.prizepicks.com/images/teams/nfl/NFL_team_ram7VKb86QoDRToIZOIN8rH/1.webp,57.81,57.81,50,50,24.5,24.38,53.63,54.03,49.81,50.19,-0.19,49.81,Over,24.4,-5.1,46.02,No,,,,,,
N/A,9/28/2026,Kalif Raymond,Receiving Yards,29.5,demon,https://static.prizepicks.com/images/teams/nfl/NFL_team_0YfEnoemuc9kqhqIkdwEcnPK/14.webp,https://static.prizepicks.com/images/teams/nfl/NFL_team_0YfEnoemuc9kqhqIkdwEcnPK/14.webp,57.81,57.81,50,50,23.87,24.5,53.93,53.82,50.05,49.95,0.05,50.05,Over,24.5,-5,44.4,No,,,,,,
N/A,9/28/2026,Johnny Mundt,Receiving Yards,29.5,demon,https://static.prizepicks.com/images/teams/nfl/NFL_team_ram7VKb86QoDRToIZOIN8rH/83.webp,https://static.prizepicks.com/images/teams/nfl/NFL_team_ram7VKb86QoDRToIZOIN8rH/83.webp,57.81,57.81,50,50,12.5,12.5,57.81,57.81,50,50,0,50,Over,12.5,-17,33.54,No,,,,,,
N/A,9/28/2026,Kyle Monangai,Rush Yards,29.5,goblin,https://static.prizepicks.com/images/teams/nfl/NFL_team_0YfEnoemuc9kqhqIkdwEcnPK/25.webp,https://static.prizepicks.com/images/teams/nfl/NFL_team_0YfEnoemuc9kqhqIkdwEcnPK/25.webp,57.81,57.81,50,50,37.97,38.5,53.35,54.21,49.59,50.41,-0.41,49.59,Over,38.5,9,56.73,Yes,,,,,,
N/A,9/28/2026,Kyle Monangai,Receiving Yards,29.5,demon,https://static.prizepicks.com/images/teams/nfl/NFL_team_0YfEnoemuc9kqhqIkdwEcnPK/25.webp,https://static.prizepicks.com/images/teams/nfl/NFL_team_0YfEnoemuc9kqhqIkdwEcnPK/25.webp,57.81,57.81,50,50,6.5,6.5,57.81,57.81,50,50,0,50,Over,6.5,-23,28.26,No,,,,,,
N/A,9/28/2026,Will Shipley,Receiving Yards,29.5,demon,https://static.prizepicks.com/images/teams/nfl/NFL_team_ram7VKb86QoDRToIZOIN8rH/28.webp,https://static.prizepicks.com/images/teams/nfl/NFL_team_ram7VKb86QoDRToIZOIN8rH/28.webp,57.81,57.81,50,50,3.5,3.5,57.81,57.81,50,50,0,50,Over,3.5,-26,25.78,No,,,,,,
N/A,9/28/2026,Case Keenum,Pass Completions,29.5,demon,https://static.prizepicks.com/images/teams/nfl/NFL_team_0YfEnoemuc9kqhqIkdwEcnPK/11.webp,https://static.prizepicks.com/images/teams/nfl/NFL_team_0YfEnoemuc9kqhqIkdwEcnPK/11.webp,57.81,57.81,50,50,17.76,17.5,52.74,54.2,49.32,50.68,-0.68,49.32,Over,17.5,-12,0.5,No,,,,,,
N/A,9/28/2026,Case Keenum,Pass Attempts,29.5,demon,https://static.prizepicks.com/images/teams/nfl/NFL_team_0YfEnoemuc9kqhqIkdwEcnPK/11.webp,https://static.prizepicks.com/images/teams/nfl/NFL_team_0YfEnoemuc9kqhqIkdwEcnPK/11.webp,57.81,57.81,50,50,28.96,28.5,56,51.88,51.93,48.07,1.93,51.93,Over,28.5,-1,44.79,No,,,,,,
N/A,9/28/2026,Zach Ertz,Receiving Yards,29.5,demon,https://static.prizepicks.com/images/teams/nfl/NFL_team_ram7VKb86QoDRToIZOIN8rH/86.webp,https://static.prizepicks.com/images/teams/nfl/NFL_team_ram7VKb86QoDRToIZOIN8rH/86.webp,57.81,57.81,50,50,11.5,11.3,50.93,57.54,46.94,53.06,-3.06,46.94,Over,11.3,-18.2,32.64,No,,,,,,
N/A,9/28/2026,Luther Burden III,Receiving Yards,29.5,goblin,https://static.prizepicks.com/images/teams/nfl/NFL_team_0YfEnoemuc9kqhqIkdwEcnPK/10.webp,https://static.prizepicks.com/images/teams/nfl/NFL_team_0YfEnoemuc9kqhqIkdwEcnPK/10.webp,57.81,57.81,50,50,35.92,35.44,53.84,54.21,49.85,50.15,-0.15,49.85,Over,35.46,5.96,56.38,Yes,,,,,,
N/A,9/28/2026,Jalen Hurts,Longest Rush,29.5,demon,https://static.prizepicks.com/images/teams/nfl/NFL_team_ram7VKb86QoDRToIZOIN8rH/1.webp,https://static.prizepicks.com/images/teams/nfl/NFL_team_ram7VKb86QoDRToIZOIN8rH/1.webp,57.81,57.81,50,50,29.5,,,,,,,,,,,50,,,,,,,
N/A,9/28/2026,Kyle Monangai,Longest Rush,29.5,demon,https://static.prizepicks.com/images/teams/nfl/NFL_team_0YfEnoemuc9kqhqIkdwEcnPK/25.webp,https://static.prizepicks.com/images/teams/nfl/NFL_team_0YfEnoemuc9kqhqIkdwEcnPK/25.webp,57.81,57.81,50,50,29.5,,,,,,,,,,,50,,,,,,,
N/A,9/28/2026,Case Keenum,Longest Completion,29.5,standard,https://static.prizepicks.com/images/teams/nfl/NFL_team_0YfEnoemuc9kqhqIkdwEcnPK/11.webp,https://static.prizepicks.com/images/teams/nfl/NFL_team_0YfEnoemuc9kqhqIkdwEcnPK/11.webp,57.81,57.81,50,50,29.5,,,,,,,,,,,50,,,,,,,
N/A,9/28/2026,Case Keenum,Pass Attempts,28.5,standard,https://static.prizepicks.com/images/teams/nfl/NFL_team_0YfEnoemuc9kqhqIkdwEcnPK/11.webp,https://static.prizepicks.com/images/teams/nfl/NFL_team_0YfEnoemuc9kqhqIkdwEcnPK/11.webp,57.81,57.81,50,50,28.96,28.5,56,51.88,51.93,48.07,1.93,51.93,Over,28.5,0,52.17,No,,,,,,
N/A,9/28/2026,Jake Elliott + Cairo Santos,Shortest FG Made Yds (Combo),28.5,standard,https://static.prizepicks.com/images/players/CMBO_group_20XlBpFrVD5awTVnqIPEuECM.webp,https://static.prizepicks.com/images/players/CMBO_group_20XlBpFrVD5awTVnqIPEuECM.webp,57.81,57.81,50,50,28.5,,,,,,,,,,,50,,,,,,,
N/A,9/28/2026,Jalen Hurts,Pass Attempts,27.5,standard,https://static.prizepicks.com/images/teams/nfl/NFL_team_ram7VKb86QoDRToIZOIN8rH/1.webp,https://static.prizepicks.com/images/teams/nfl/NFL_team_ram7VKb86QoDRToIZOIN8rH/1.webp,57.81,57.81,50,50,27.61,27.5,54.19,54.67,49.77,50.23,-0.23,50.23,Under,27.54,0.04,50.44,No,,,,,,
N/A,9/28/2026,Jalen Hurts,Pass Completions,27.5,demon,https://static.prizepicks.com/images/teams/nfl/NFL_team_ram7VKb86QoDRToIZOIN8rH/1.webp,https://static.prizepicks.com/images/teams/nfl/NFL_team_ram7VKb86QoDRToIZOIN8rH/1.webp,57.81,57.81,50,50,17.65,17.79,53.89,54.63,49.68,50.32,-0.32,49.68,Over,17.95,-9.55,1.38,No,,,,,,
N/A,9/28/2026,Case Keenum,Pass Attempts,27.5,goblin,https://static.prizepicks.com/images/teams/nfl/NFL_team_0YfEnoemuc9kqhqIkdwEcnPK/11.webp,https://static.prizepicks.com/images/teams/nfl/NFL_team_0YfEnoemuc9kqhqIkdwEcnPK/11.webp,57.81,57.81,50,50,28.96,28.5,56,51.88,51.93,48.07,1.93,51.93,Over,28.5,1,59.57,Yes,,,,,,
N/A,9/28/2026,Rome Odunze,Receiving Yards,26.5,standard,https://static.prizepicks.com/images/teams/nfl/NFL_team_0YfEnoemuc9kqhqIkdwEcnPK/15.webp,https://static.prizepicks.com/images/teams/nfl/NFL_team_0YfEnoemuc9kqhqIkdwEcnPK/15.webp,57.81,57.81,50,50,25.71,25.94,54.11,53.84,50.14,49.86,0.14,50.14,Over,25.94,-0.56,49.21,No,,,,,,
N/A,9/28/2026,Makai Lemon,Receiving Yards,26.5,standard,https://static.prizepicks.com/images/teams/nfl/NFL_team_ram7VKb86QoDRToIZOIN8rH/9.webp,https://static.prizepicks.com/images/teams/nfl/NFL_team_ram7VKb86QoDRToIZOIN8rH/9.webp,57.81,57.81,50,50,26.5,26.5,54,55.36,49.42,50.58,-0.58,50.58,Under,26.5,0,50,No,,,,,,
N/A,9/28/2026,Saquon Barkley,Rush Attempts,25.5,demon,https://static.prizepicks.com/images/teams/nfl/NFL_team_ram7VKb86QoDRToIZOIN8rH/26.webp,https://static.prizepicks.com/images/teams/nfl/NFL_team_ram7VKb86QoDRToIZOIN8rH/26.webp,57.81,57.81,50,50,17.65,17.5,54.38,53.82,50.27,49.73,0.27,50.27,Over,17.56,-7.94,3.69,No,,,,,,
N/A,9/28/2026,Jalen Hurts,Pass Attempts,25.5,goblin,https://static.prizepicks.com/images/teams/nfl/NFL_team_ram7VKb86QoDRToIZOIN8rH/1.webp,https://static.prizepicks.com/images/teams/nfl/NFL_team_ram7VKb86QoDRToIZOIN8rH/1.webp,57.81,57.81,50,50,27.61,27.5,54.19,54.67,49.77,50.23,-0.23,49.77,Over,27.54,2.04,64.6,Yes,,,,,,
N/A,9/28/2026,Case Keenum,Pass Attempts,25.5,goblin,https://static.prizepicks.com/images/teams/nfl/NFL_team_0YfEnoemuc9kqhqIkdwEcnPK/11.webp,https://static.prizepicks.com/images/teams/nfl/NFL_team_0YfEnoemuc9kqhqIkdwEcnPK/11.webp,57.81,57.81,50,50,28.96,28.5,56,51.88,51.93,48.07,1.93,51.93,Over,28.5,3,73.39,Yes,,,,,,
N/A,9/28/2026,Jalen Hurts,Rush Yards,24.5,standard,https://static.prizepicks.com/images/teams/nfl/NFL_team_ram7VKb86QoDRToIZOIN8rH/1.webp,https://static.prizepicks.com/images/teams/nfl/NFL_team_ram7VKb86QoDRToIZOIN8rH/1.webp,57.81,57.81,50,50,24.5,24.38,53.63,54.03,49.81,50.19,-0.19,50.19,Under,24.4,-0.1,50,Yes,,,,,,
N/A,9/28/2026,Kalif Raymond,Receiving Yards,24.5,standard,https://static.prizepicks.com/images/teams/nfl/NFL_team_0YfEnoemuc9kqhqIkdwEcnPK/14.webp,https://static.prizepicks.com/images/teams/nfl/NFL_team_0YfEnoemuc9kqhqIkdwEcnPK/14.webp,57.81,57.81,50,50,23.87,24.5,53.93,53.82,50.05,49.95,0.05,50.05,Over,24.5,0,49.37,No,,,,,,
N/A,9/28/2026,Makai Lemon,Receiving Yards,24.5,goblin,https://static.prizepicks.com/images/teams/nfl/NFL_team_ram7VKb86QoDRToIZOIN8rH/9.webp,https://static.prizepicks.com/images/teams/nfl/NFL_team_ram7VKb86QoDRToIZOIN8rH/9.webp,57.81,57.81,50,50,26.5,26.5,54,55.36,49.42,50.58,-0.58,49.42,Over,26.5,2,51.99,Yes,,,,,,
N/A,9/28/2026,Saquon Barkley,Longest Rush,24.5,demon,https://static.prizepicks.com/images/teams/nfl/NFL_team_ram7VKb86QoDRToIZOIN8rH/26.webp,https://static.prizepicks.com/images/teams/nfl/NFL_team_ram7VKb86QoDRToIZOIN8rH/26.webp,57.81,57.81,50,50,24.5,,,,,,,,,,,50,,,,,,,
N/A,9/28/2026,Jalen Hurts,Pass Attempts,24.5,goblin,https://static.prizepicks.com/images/teams/nfl/NFL_team_ram7VKb86QoDRToIZOIN8rH/1.webp,https://static.prizepicks.com/images/teams/nfl/NFL_team_ram7VKb86QoDRToIZOIN8rH/1.webp,57.81,57.81,50,50,27.61,27.5,54.19,54.67,49.77,50.23,-0.23,49.77,Over,27.54,3.04,71.6,Yes,,,,,,
N/A,9/28/2026,D'Andre Swift,Longest Rush,24.5,demon,https://static.prizepicks.com/images/teams/nfl/NFL_team_0YfEnoemuc9kqhqIkdwEcnPK/4.webp,https://static.prizepicks.com/images/teams/nfl/NFL_team_0YfEnoemuc9kqhqIkdwEcnPK/4.webp,57.81,57.81,50,50,24.5,,,,,,,,,,,50,,,,,,,
N/A,9/28/2026,Jalen Hurts,Pass Attempts,23.5,goblin,https://static.prizepicks.com/images/teams/nfl/NFL_team_ram7VKb86QoDRToIZOIN8rH/1.webp,https://static.prizepicks.com/images/teams/nfl/NFL_team_ram7VKb86QoDRToIZOIN8rH/1.webp,57.81,57.81,50,50,27.61,27.5,54.19,54.67,49.77,50.23,-0.23,49.77,Over,27.54,4.04,77.94,Yes,,,,,,
N/A,9/28/2026,D'Andre Swift,Rush Attempts,23.5,demon,https://static.prizepicks.com/images/teams/nfl/NFL_team_0YfEnoemuc9kqhqIkdwEcnPK/4.webp,https://static.prizepicks.com/images/teams/nfl/NFL_team_0YfEnoemuc9kqhqIkdwEcnPK/4.webp,57.81,57.81,50,50,15.02,14.5,54.71,52.63,50.98,49.02,0.98,50.98,Over,14.5,-9,1.97,No,,,,,,
N/A,9/28/2026,Case Keenum,Pass Attempts,23.5,goblin,https://static.prizepicks.com/images/teams/nfl/NFL_team_0YfEnoemuc9kqhqIkdwEcnPK/11.webp,https://static.prizepicks.com/images/teams/nfl/NFL_team_0YfEnoemuc9kqhqIkdwEcnPK/11.webp,57.81,57.81,50,50,28.96,28.5,56,51.88,51.93,48.07,1.93,51.93,Over,28.5,5,84.54,Yes,,,,,,
N/A,9/28/2026,Jalen Hurts,Fantasy Score,22.5,demon,https://static.prizepicks.com/images/teams/nfl/NFL_team_ram7VKb86QoDRToIZOIN8rH/1.webp,https://static.prizepicks.com/images/teams/nfl/NFL_team_ram7VKb86QoDRToIZOIN8rH/1.webp,57.81,57.81,50,50,17.83,17.83,30.92,69.08,30.92,69.08,-19.08,30.92,Over,18.24,-4.26,30.92,No,,,,,,
N/A,9/28/2026,Case Keenum,Pass Completions,21.5,demon,https://static.prizepicks.com/images/teams/nfl/NFL_team_0YfEnoemuc9kqhqIkdwEcnPK/11.webp,https://static.prizepicks.com/images/teams/nfl/NFL_team_0YfEnoemuc9kqhqIkdwEcnPK/11.webp,57.81,57.81,50,50,17.76,17.5,52.74,54.2,49.32,50.68,-0.68,49.32,Over,17.5,-4,18.48,No,,,,,,
N/A,9/28/2026,D'Andre Swift,Rush Yards in First 5 Attempts,20.5,standard,https://static.prizepicks.com/images/teams/nfl/NFL_team_0YfEnoemuc9kqhqIkdwEcnPK/4.webp,https://static.prizepicks.com/images/teams/nfl/NFL_team_0YfEnoemuc9kqhqIkdwEcnPK/4.webp,57.81,57.81,50,50,20.5,,,,,,,,,,,50,,,,,,,
N/A,9/28/2026,DeVonta Smith,Fantasy Score,20.5,demon,https://static.prizepicks.com/images/teams/nfl/NFL_team_ram7VKb86QoDRToIZOIN8rH/6.webp,https://static.prizepicks.com/images/teams/nfl/NFL_team_ram7VKb86QoDRToIZOIN8rH/6.webp,57.81,57.81,50,50,14.79,14.79,25.4,74.6,25.4,74.6,-24.6,25.4,Over,15.08,-5.42,25.4,No,,,,,,
N/A,9/28/2026,Saquon Barkley,Rush Yards in First 5 Attempts,20.5,standard,https://static.prizepicks.com/images/teams/nfl/NFL_team_ram7VKb86QoDRToIZOIN8rH/26.webp,https://static.prizepicks.com/images/teams/nfl/NFL_team_ram7VKb86QoDRToIZOIN8rH/26.webp,57.81,57.81,50,50,20.5,,,,,,,,,,,50,,,,,,,
N/A,9/28/2026,D'Andre Swift,Rush Attempts,19.5,demon,https://static.prizepicks.com/images/teams/nfl/NFL_team_0YfEnoemuc9kqhqIkdwEcnPK/4.webp,https://static.prizepicks.com/images/teams/nfl/NFL_team_0YfEnoemuc9kqhqIkdwEcnPK/4.webp,57.81,57.81,50,50,15.02,14.5,54.71,52.63,50.98,49.02,0.98,50.98,Over,14.5,-5,12.59,No,,,,,,
N/A,9/28/2026,Luther Burden III,Receiving Yards,19.5,goblin,https://static.prizepicks.com/images/teams/nfl/NFL_team_0YfEnoemuc9kqhqIkdwEcnPK/10.webp,https://static.prizepicks.com/images/teams/nfl/NFL_team_0YfEnoemuc9kqhqIkdwEcnPK/10.webp,57.81,57.81,50,50,35.92,35.44,53.84,54.21,49.85,50.15,-0.15,49.85,Over,35.46,15.96,65.93,Yes,,,,,,
N/A,9/28/2026,Kalif Raymond,Receiving Yards,19.5,goblin,https://static.prizepicks.com/images/teams/nfl/NFL_team_0YfEnoemuc9kqhqIkdwEcnPK/14.webp,https://static.prizepicks.com/images/teams/nfl/NFL_team_0YfEnoemuc9kqhqIkdwEcnPK/14.webp,57.81,57.81,50,50,23.87,24.5,53.93,53.82,50.05,49.95,0.05,50.05,Over,24.5,5,54.35,Yes,,,,,,
N/A,9/28/2026,Rome Odunze,Receiving Yards,19.5,goblin,https://static.prizepicks.com/images/teams/nfl/NFL_team_0YfEnoemuc9kqhqIkdwEcnPK/15.webp,https://static.prizepicks.com/images/teams/nfl/NFL_team_0YfEnoemuc9kqhqIkdwEcnPK/15.webp,57.81,57.81,50,50,25.71,25.94,54.11,53.84,50.14,49.86,0.14,50.14,Over,25.94,6.44,56.17,Yes,,,,,,
N/A,9/28/2026,Colston Loveland,Receiving Yards,19.5,goblin,https://static.prizepicks.com/images/teams/nfl/NFL_team_0YfEnoemuc9kqhqIkdwEcnPK/84.webp,https://static.prizepicks.com/images/teams/nfl/NFL_team_0YfEnoemuc9kqhqIkdwEcnPK/84.webp,57.81,57.81,50,50,31.42,34.76,54.23,54.68,49.82,50.18,-0.18,49.82,Over,34.76,15.26,61.71,Yes,,,,,,
N/A,9/28/2026,Jalen Hurts,Pass Completions,19.5,demon,https://static.prizepicks.com/images/teams/nfl/NFL_team_ram7VKb86QoDRToIZOIN8rH/1.webp,https://static.prizepicks.com/images/teams/nfl/NFL_team_ram7VKb86QoDRToIZOIN8rH/1.webp,57.81,57.81,50,50,17.65,17.79,53.89,54.63,49.68,50.32,-0.32,49.68,Over,17.95,-1.55,31.84,No,,,,,,
N/A,9/28/2026,Makai Lemon,Receiving Yards,19.5,goblin,https://static.prizepicks.com/images/teams/nfl/NFL_team_ram7VKb86QoDRToIZOIN8rH/9.webp,https://static.prizepicks.com/images/teams/nfl/NFL_team_ram7VKb86QoDRToIZOIN8rH/9.webp,57.81,57.81,50,50,26.5,26.5,54,55.36,49.42,50.58,-0.58,49.42,Over,26.5,7,56.95,Yes,,,,,,
N/A,9/28/2026,Jalen Hurts,Rush Yards,19.5,goblin,https://static.prizepicks.com/images/teams/nfl/NFL_team_ram7VKb86QoDRToIZOIN8rH/1.webp,https://static.prizepicks.com/images/teams/nfl/NFL_team_ram7VKb86QoDRToIZOIN8rH/1.webp,57.81,57.81,50,50,24.5,24.38,53.63,54.03,49.81,50.19,-0.19,49.81,Over,24.4,4.9,53.98,Yes,,,,,,
N/A,9/28/2026,Dontayvion Wicks,Receiving Yards,19.5,goblin,https://static.prizepicks.com/images/teams/nfl/NFL_team_ram7VKb86QoDRToIZOIN8rH/13.webp,https://static.prizepicks.com/images/teams/nfl/NFL_team_ram7VKb86QoDRToIZOIN8rH/13.webp,57.81,57.81,50,50,42.5,42.5,53.19,54.94,49.21,50.79,-0.79,49.21,Over,42.5,23,71.74,Yes,,,,,,
N/A,9/28/2026,Saquon Barkley,Rush Attempts,19.5,demon,https://static.prizepicks.com/images/teams/nfl/NFL_team_ram7VKb86QoDRToIZOIN8rH/26.webp,https://static.prizepicks.com/images/teams/nfl/NFL_team_ram7VKb86QoDRToIZOIN8rH/26.webp,57.81,57.81,50,50,17.65,17.5,54.38,53.82,50.27,49.73,0.27,50.27,Over,17.56,-1.94,31.84,No,,,,,,
N/A,9/28/2026,Saquon Barkley,Receiving Yards,19.5,demon,https://static.prizepicks.com/images/teams/nfl/NFL_team_ram7VKb86QoDRToIZOIN8rH/26.webp,https://static.prizepicks.com/images/teams/nfl/NFL_team_ram7VKb86QoDRToIZOIN8rH/26.webp,57.81,57.81,50,50,12.02,13.56,53.15,55.41,48.99,51.01,-1.01,48.99,Over,13.49,-6.01,42.58,No,,,,,,
N/A,9/28/2026,D'Andre Swift,Receiving Yards,19.5,demon,https://static.prizepicks.com/images/teams/nfl/NFL_team_0YfEnoemuc9kqhqIkdwEcnPK/4.webp,https://static.prizepicks.com/images/teams/nfl/NFL_team_0YfEnoemuc9kqhqIkdwEcnPK/4.webp,57.81,57.81,50,50,10.5,10.5,54.32,53.54,50.36,49.64,0.36,50.36,Over,10.5,-9,41.1,No,,,,,,
N/A,9/28/2026,Johnny Mundt,Receiving Yards,19.5,demon,https://static.prizepicks.com/images/teams/nfl/NFL_team_ram7VKb86QoDRToIZOIN8rH/83.webp,https://static.prizepicks.com/images/teams/nfl/NFL_team_ram7VKb86QoDRToIZOIN8rH/83.webp,57.81,57.81,50,50,12.5,12.5,57.81,57.81,50,50,0,50,Over,12.5,-7,43.05,No,,,,,,
N/A,9/28/2026,Saquon Barkley,Longest Rush,19.5,demon,https://static.prizepicks.com/images/teams/nfl/NFL_team_ram7VKb86QoDRToIZOIN8rH/26.webp,https://static.prizepicks.com/images/teams/nfl/NFL_team_ram7VKb86QoDRToIZOIN8rH/26.webp,57.81,57.81,50,50,19.5,,,,,,,,,,,50,,,,,,,
N/A,9/28/2026,Zach Ertz,Receiving Yards,19.5,demon,https://static.prizepicks.com/images/teams/nfl/NFL_team_ram7VKb86QoDRToIZOIN8rH/86.webp,https://static.prizepicks.com/images/teams/nfl/NFL_team_ram7VKb86QoDRToIZOIN8rH/86.webp,57.81,57.81,50,50,11.5,11.3,50.93,57.54,46.94,53.06,-3.06,46.94,Over,11.3,-8.2,42.07,No,,,,,,
N/A,9/28/2026,Kyle Monangai,Receiving Yards,19.5,demon,https://static.prizepicks.com/images/teams/nfl/NFL_team_0YfEnoemuc9kqhqIkdwEcnPK/25.webp,https://static.prizepicks.com/images/teams/nfl/NFL_team_0YfEnoemuc9kqhqIkdwEcnPK/25.webp,57.81,57.81,50,50,6.5,6.5,57.81,57.81,50,50,0,50,Over,6.5,-13,37.26,No,,,,,,
N/A,9/28/2026,Will Shipley,Receiving Yards,19.5,demon,https://static.prizepicks.com/images/teams/nfl/NFL_team_ram7VKb86QoDRToIZOIN8rH/28.webp,https://static.prizepicks.com/images/teams/nfl/NFL_team_ram7VKb86QoDRToIZOIN8rH/28.webp,57.81,57.81,50,50,3.5,3.5,57.81,57.81,50,50,0,50,Over,3.5,-16,34.46,No,,,,,,
N/A,9/28/2026,Case Keenum,Pass Completions,19.5,demon,https://static.prizepicks.com/images/teams/nfl/NFL_team_0YfEnoemuc9kqhqIkdwEcnPK/11.webp,https://static.prizepicks.com/images/teams/nfl/NFL_team_0YfEnoemuc9kqhqIkdwEcnPK/11.webp,57.81,57.81,50,50,17.76,17.5,52.74,54.2,49.32,50.68,-0.68,49.32,Over,17.5,-2,32.8,No,,,,,,
N/A,9/28/2026,D'Andre Swift,Longest Rush,19.5,demon,https://static.prizepicks.com/images/teams/nfl/NFL_team_0YfEnoemuc9kqhqIkdwEcnPK/4.webp,https://static.prizepicks.com/images/teams/nfl/NFL_team_0YfEnoemuc9kqhqIkdwEcnPK/4.webp,57.81,57.81,50,50,19.5,,,,,,,,,,,50,,,,,,,
N/A,9/28/2026,Kyle Monangai,Longest Rush,19.5,demon,https://static.prizepicks.com/images/teams/nfl/NFL_team_0YfEnoemuc9kqhqIkdwEcnPK/25.webp,https://static.prizepicks.com/images/teams/nfl/NFL_team_0YfEnoemuc9kqhqIkdwEcnPK/25.webp,57.81,57.81,50,50,19.5,,,,,,,,,,,50,,,,,,,
N/A,9/28/2026,Jalen Hurts,Longest Rush,19.5,demon,https://static.prizepicks.com/images/teams/nfl/NFL_team_ram7VKb86QoDRToIZOIN8rH/1.webp,https://static.prizepicks.com/images/teams/nfl/NFL_team_ram7VKb86QoDRToIZOIN8rH/1.webp,57.81,57.81,50,50,19.5,,,,,,,,,,,50,,,,,,,
N/A,9/28/2026,Case Keenum,Longest Completion,19.5,goblin,https://static.prizepicks.com/images/teams/nfl/NFL_team_0YfEnoemuc9kqhqIkdwEcnPK/11.webp,https://static.prizepicks.com/images/teams/nfl/NFL_team_0YfEnoemuc9kqhqIkdwEcnPK/11.webp,57.81,57.81,50,50,19.5,,,,,,,,,,,50,,,,,,,
N/A,9/28/2026,Saquon Barkley,Fantasy Score,19,demon,https://static.prizepicks.com/images/teams/nfl/NFL_team_ram7VKb86QoDRToIZOIN8rH/26.webp,https://static.prizepicks.com/images/teams/nfl/NFL_team_ram7VKb86QoDRToIZOIN8rH/26.webp,57.81,57.81,50,50,13.63,13.63,26.95,73.05,26.95,73.05,-23.05,26.95,Over,13.75,-5.25,26.95,No,,,,,,
N/A,9/28/2026,Jalen Hurts,Fantasy Score,18.5,standard,https://static.prizepicks.com/images/teams/nfl/NFL_team_ram7VKb86QoDRToIZOIN8rH/1.webp,https://static.prizepicks.com/images/teams/nfl/NFL_team_ram7VKb86QoDRToIZOIN8rH/1.webp,57.81,57.81,50,50,17.83,17.83,48.19,51.81,48.19,51.81,-1.81,51.81,Under,18.24,-0.26,51.81,Yes,,,,,,
N/A,9/28/2026,Saquon Barkley,Rush Attempts,18.5,demon,https://static.prizepicks.com/images/teams/nfl/NFL_team_ram7VKb86QoDRToIZOIN8rH/26.webp,https://static.prizepicks.com/images/teams/nfl/NFL_team_ram7VKb86QoDRToIZOIN8rH/26.webp,57.81,57.81,50,50,17.65,17.5,54.38,53.82,50.27,49.73,0.27,50.27,Over,17.56,-0.94,40.5,No,,,,,,
N/A,9/28/2026,Jalen Hurts,Pass Completions,18.5,demon,https://static.prizepicks.com/images/teams/nfl/NFL_team_ram7VKb86QoDRToIZOIN8rH/1.webp,https://static.prizepicks.com/images/teams/nfl/NFL_team_ram7VKb86QoDRToIZOIN8rH/1.webp,57.81,57.81,50,50,17.65,17.79,53.89,54.63,49.68,50.32,-0.32,49.68,Over,17.95,-0.55,40.5,No,,,,,,
N/A,9/28/2026,Kyle Monangai,Rush Attempts,17.5,demon,https://static.prizepicks.com/images/teams/nfl/NFL_team_0YfEnoemuc9kqhqIkdwEcnPK/25.webp,https://static.prizepicks.com/images/teams/nfl/NFL_team_0YfEnoemuc9kqhqIkdwEcnPK/25.webp,57.81,57.81,50,50,9.87,9.5,54.48,54.19,50.19,49.81,0.19,50.19,Over,9.5,-8,1.27,No,,,,,,
N/A,9/28/2026,Jalen Hurts,Pass Completions,17.5,standard,https://static.prizepicks.com/images/teams/nfl/NFL_team_ram7VKb86QoDRToIZOIN8rH/1.webp,https://static.prizepicks.com/images/teams/nfl/NFL_team_ram7VKb86QoDRToIZOIN8rH/1.webp,57.81,57.81,50,50,17.65,17.79,53.89,54.63,49.68,50.32,-0.32,50.32,Under,17.95,0.45,50.17,No,,,,,,
N/A,9/28/2026,Saquon Barkley,Rush Attempts,17.5,standard,https://static.prizepicks.com/images/teams/nfl/NFL_team_ram7VKb86QoDRToIZOIN8rH/26.webp,https://static.prizepicks.com/images/teams/nfl/NFL_team_ram7VKb86QoDRToIZOIN8rH/26.webp,57.81,57.81,50,50,17.65,17.5,54.38,53.82,50.27,49.73,0.27,50.27,Over,17.56,0.06,49.83,Yes,,,,,,
N/A,9/28/2026,Kyle Monangai,Rush Yards,17.5,goblin,https://static.prizepicks.com/images/teams/nfl/NFL_team_0YfEnoemuc9kqhqIkdwEcnPK/25.webp,https://static.prizepicks.com/images/teams/nfl/NFL_team_0YfEnoemuc9kqhqIkdwEcnPK/25.webp,57.81,57.81,50,50,37.97,38.5,53.35,54.21,49.59,50.41,-0.41,49.59,Over,38.5,21,65.89,Yes,,,,,,
N/A,9/28/2026,Case Keenum,Pass Completions,17,standard,https://static.prizepicks.com/images/teams/nfl/NFL_team_0YfEnoemuc9kqhqIkdwEcnPK/11.webp,https://static.prizepicks.com/images/teams/nfl/NFL_team_0YfEnoemuc9kqhqIkdwEcnPK/11.webp,57.81,57.81,50,50,17.76,17.5,52.74,54.2,49.32,50.68,-0.68,50.68,Under,17.5,0.5,49.12,No,,,,,,
N/A,9/28/2026,Saquon Barkley,Rush Attempts,16.5,goblin,https://static.prizepicks.com/images/teams/nfl/NFL_team_ram7VKb86QoDRToIZOIN8rH/26.webp,https://static.prizepicks.com/images/teams/nfl/NFL_team_ram7VKb86QoDRToIZOIN8rH/26.webp,57.81,57.81,50,50,17.65,17.5,54.38,53.82,50.27,49.73,0.27,50.27,Over,17.56,1.06,59.34,Yes,,,,,,
N/A,9/28/2026,D'Andre Swift,Fantasy Score,15.5,demon,https://static.prizepicks.com/images/teams/nfl/NFL_team_0YfEnoemuc9kqhqIkdwEcnPK/4.webp,https://static.prizepicks.com/images/teams/nfl/NFL_team_0YfEnoemuc9kqhqIkdwEcnPK/4.webp,57.81,57.81,50,50,11.38,11.38,31.59,68.41,31.59,68.41,-18.41,31.59,Over,11.38,-4.12,31.59,No,,,,,,
N/A,9/28/2026,Jalen Hurts,Pass Completions,15.5,goblin,https://static.prizepicks.com/images/teams/nfl/NFL_team_ram7VKb86QoDRToIZOIN8rH/1.webp,https://static.prizepicks.com/images/teams/nfl/NFL_team_ram7VKb86QoDRToIZOIN8rH/1.webp,57.81,57.81,50,50,17.65,17.79,53.89,54.63,49.68,50.32,-0.32,49.68,Over,17.95,2.45,68.51,Yes,,,,,,
N/A,9/28/2026,Saquon Barkley,Longest Rush,15.5,standard,https://static.prizepicks.com/images/teams/nfl/NFL_team_ram7VKb86QoDRToIZOIN8rH/26.webp,https://static.prizepicks.com/images/teams/nfl/NFL_team_ram7VKb86QoDRToIZOIN8rH/26.webp,57.81,57.81,50,50,15.5,,,,,,,,,,,50,,,,,,,
N/A,9/28/2026,D'Andre Swift,Rush Attempts,15.5,demon,https://static.prizepicks.com/images/teams/nfl/NFL_team_0YfEnoemuc9kqhqIkdwEcnPK/4.webp,https://static.prizepicks.com/images/teams/nfl/NFL_team_0YfEnoemuc9kqhqIkdwEcnPK/4.webp,57.81,57.81,50,50,15.02,14.5,54.71,52.63,50.98,49.02,0.98,50.98,Over,14.5,-1,43.4,No,,,,,,
N/A,9/28/2026,Case Keenum,Pass Completions,15.5,goblin,https://static.prizepicks.com/images/teams/nfl/NFL_team_0YfEnoemuc9kqhqIkdwEcnPK/11.webp,https://static.prizepicks.com/images/teams/nfl/NFL_team_0YfEnoemuc9kqhqIkdwEcnPK/11.webp,57.81,57.81,50,50,17.76,17.5,52.74,54.2,49.32,50.68,-0.68,49.32,Over,17.5,2,69.41,Yes,,,,,,
N/A,9/28/2026,DeVonta Smith,Fantasy Score,15,standard,https://static.prizepicks.com/images/teams/nfl/NFL_team_ram7VKb86QoDRToIZOIN8rH/6.webp,https://static.prizepicks.com/images/teams/nfl/NFL_team_ram7VKb86QoDRToIZOIN8rH/6.webp,57.81,57.81,50,50,14.79,14.79,49.41,50.59,49.41,50.59,-0.59,50.59,Under,15.08,0.08,50.59,No,,,,,,
N/A,9/28/2026,Jalen Hurts,Pass Completions,14.5,goblin,https://static.prizepicks.com/images/teams/nfl/NFL_team_ram7VKb86QoDRToIZOIN8rH/1.webp,https://static.prizepicks.com/images/teams/nfl/NFL_team_ram7VKb86QoDRToIZOIN8rH/1.webp,57.81,57.81,50,50,17.65,17.79,53.89,54.63,49.68,50.32,-0.32,49.68,Over,17.95,3.45,76.81,Yes,,,,,,
N/A,9/28/2026,Jalen Hurts,Fantasy Score,14.5,goblin,https://static.prizepicks.com/images/teams/nfl/NFL_team_ram7VKb86QoDRToIZOIN8rH/1.webp,https://static.prizepicks.com/images/teams/nfl/NFL_team_ram7VKb86QoDRToIZOIN8rH/1.webp,57.81,57.81,50,50,17.83,17.83,65.8,34.2,65.8,34.2,15.8,65.8,Over,18.24,3.74,65.8,Yes,,,,,,
N/A,9/28/2026,D'Andre Swift,Rush Attempts,14.5,standard,https://static.prizepicks.com/images/teams/nfl/NFL_team_0YfEnoemuc9kqhqIkdwEcnPK/4.webp,https://static.prizepicks.com/images/teams/nfl/NFL_team_0YfEnoemuc9kqhqIkdwEcnPK/4.webp,57.81,57.81,50,50,15.02,14.5,54.71,52.63,50.98,49.02,0.98,50.98,Over,14.5,0,53.64,No,,,,,,
N/A,9/28/2026,Jalen Hurts,Rush Yards,14.5,goblin,https://static.prizepicks.com/images/teams/nfl/NFL_team_ram7VKb86QoDRToIZOIN8rH/1.webp,https://static.prizepicks.com/images/teams/nfl/NFL_team_ram7VKb86QoDRToIZOIN8rH/1.webp,57.81,57.81,50,50,24.5,24.38,53.63,54.03,49.81,50.19,-0.19,49.81,Over,24.4,9.9,57.93,Yes,,,,,,
N/A,9/28/2026,Dontayvion Wicks,Receiving Yards,14.5,goblin,https://static.prizepicks.com/images/teams/nfl/NFL_team_ram7VKb86QoDRToIZOIN8rH/13.webp,https://static.prizepicks.com/images/teams/nfl/NFL_team_ram7VKb86QoDRToIZOIN8rH/13.webp,57.81,57.81,50,50,42.5,42.5,53.19,54.94,49.21,50.79,-0.79,49.21,Over,42.5,28,75.8,Yes,,,,,,
N/A,9/28/2026,Saquon Barkley,Rush Attempts,14.5,goblin,https://static.prizepicks.com/images/teams/nfl/NFL_team_ram7VKb86QoDRToIZOIN8rH/26.webp,https://static.prizepicks.com/images/teams/nfl/NFL_team_ram7VKb86QoDRToIZOIN8rH/26.webp,57.81,57.81,50,50,17.65,17.5,54.38,53.82,50.27,49.73,0.27,50.27,Over,17.56,3.06,76.81,Yes,,,,,,
N/A,9/28/2026,Jalen Hurts,Rush Attempts,14.5,demon,https://static.prizepicks.com/images/teams/nfl/NFL_team_ram7VKb86QoDRToIZOIN8rH/1.webp,https://static.prizepicks.com/images/teams/nfl/NFL_team_ram7VKb86QoDRToIZOIN8rH/1.webp,57.81,57.81,50,50,6.45,6.5,52.32,55.16,48.68,51.32,-1.32,48.68,Over,6.53,-7.97,0.28,No,,,,,,
N/A,9/28/2026,Luther Burden III,Receiving Yards,14.5,goblin,https://static.prizepicks.com/images/teams/nfl/NFL_team_0YfEnoemuc9kqhqIkdwEcnPK/10.webp,https://static.prizepicks.com/images/teams/nfl/NFL_team_0YfEnoemuc9kqhqIkdwEcnPK/10.webp,57.81,57.81,50,50,35.92,35.44,53.84,54.21,49.85,50.15,-0.15,49.85,Over,35.46,20.96,70.38,Yes,,,,,,
N/A,9/28/2026,Colston Loveland,Receiving Yards,14.5,goblin,https://static.prizepicks.com/images/teams/nfl/NFL_team_0YfEnoemuc9kqhqIkdwEcnPK/84.webp,https://static.prizepicks.com/images/teams/nfl/NFL_team_0YfEnoemuc9kqhqIkdwEcnPK/84.webp,57.81,57.81,50,50,31.42,34.76,54.23,54.68,49.82,50.18,-0.18,49.82,Over,34.76,20.26,66.39,Yes,,,,,,
N/A,9/28/2026,Kalif Raymond,Receiving Yards,14.5,goblin,https://static.prizepicks.com/images/teams/nfl/NFL_team_0YfEnoemuc9kqhqIkdwEcnPK/14.webp,https://static.prizepicks.com/images/teams/nfl/NFL_team_0YfEnoemuc9kqhqIkdwEcnPK/14.webp,57.81,57.81,50,50,23.87,24.5,53.93,53.82,50.05,49.95,0.05,50.05,Over,24.5,10,59.26,Yes,,,,,,
N/A,9/28/2026,Rome Odunze,Receiving Yards,14.5,goblin,https://static.prizepicks.com/images/teams/nfl/NFL_team_0YfEnoemuc9kqhqIkdwEcnPK/15.webp,https://static.prizepicks.com/images/teams/nfl/NFL_team_0YfEnoemuc9kqhqIkdwEcnPK/15.webp,57.81,57.81,50,50,25.71,25.94,54.11,53.84,50.14,49.86,0.14,50.14,Over,25.94,11.44,61.04,Yes,,,,,,
N/A,9/28/2026,Zach Ertz,Receiving Yards,14.5,demon,https://static.prizepicks.com/images/teams/nfl/NFL_team_ram7VKb86QoDRToIZOIN8rH/86.webp,https://static.prizepicks.com/images/teams/nfl/NFL_team_ram7VKb86QoDRToIZOIN8rH/86.webp,57.81,57.81,50,50,11.5,11.3,50.93,57.54,46.94,53.06,-3.06,46.94,Over,11.3,-3.2,47.01,No,,,,,,
N/A,9/28/2026,D'Andre Swift,Receiving Yards,14.5,demon,https://static.prizepicks.com/images/teams/nfl/NFL_team_0YfEnoemuc9kqhqIkdwEcnPK/4.webp,https://static.prizepicks.com/images/teams/nfl/NFL_team_0YfEnoemuc9kqhqIkdwEcnPK/4.webp,57.81,57.81,50,50,10.5,10.5,54.32,53.54,50.36,49.64,0.36,50.36,Over,10.5,-4,46.02,No,,,,,,
N/A,9/28/2026,Kyle Monangai,Longest Rush,14.5,demon,https://static.prizepicks.com/images/teams/nfl/NFL_team_0YfEnoemuc9kqhqIkdwEcnPK/25.webp,https://static.prizepicks.com/images/teams/nfl/NFL_team_0YfEnoemuc9kqhqIkdwEcnPK/25.webp,57.81,57.81,50,50,14.5,,,,,,,,,,,50,,,,,,,
N/A,9/28/2026,Case Keenum,Pass Completions,14.5,goblin,https://static.prizepicks.com/images/teams/nfl/NFL_team_0YfEnoemuc9kqhqIkdwEcnPK/11.webp,https://static.prizepicks.com/images/teams/nfl/NFL_team_0YfEnoemuc9kqhqIkdwEcnPK/11.webp,57.81,57.81,50,50,17.76,17.5,52.74,54.2,49.32,50.68,-0.68,49.32,Over,17.5,3,77.58,Yes,,,,,,
N/A,9/28/2026,Jalen Hurts,Longest Rush,14.5,demon,https://static.prizepicks.com/images/teams/nfl/NFL_team_ram7VKb86QoDRToIZOIN8rH/1.webp,https://static.prizepicks.com/images/teams/nfl/NFL_team_ram7VKb86QoDRToIZOIN8rH/1.webp,57.81,57.81,50,50,14.5,,,,,,,,,,,50,,,,,,,
N/A,9/28/2026,Saquon Barkley,Fantasy Score,14,standard,https://static.prizepicks.com/images/teams/nfl/NFL_team_ram7VKb86QoDRToIZOIN8rH/26.webp,https://static.prizepicks.com/images/teams/nfl/NFL_team_ram7VKb86QoDRToIZOIN8rH/26.webp,57.81,57.81,50,50,13.63,13.63,48.96,51.04,48.96,51.04,-1.04,51.04,Under,13.75,-0.25,51.04,Yes,,,,,,
N/A,9/28/2026,D'Andre Swift,Longest Rush,13.5,standard,https://static.prizepicks.com/images/teams/nfl/NFL_team_0YfEnoemuc9kqhqIkdwEcnPK/4.webp,https://static.prizepicks.com/images/teams/nfl/NFL_team_0YfEnoemuc9kqhqIkdwEcnPK/4.webp,57.81,57.81,50,50,13.5,,,,,,,,,,,50,,,,,,,
N/A,9/28/2026,Saquon Barkley,Receiving Yards,13.5,standard,https://static.prizepicks.com/images/teams/nfl/NFL_team_ram7VKb86QoDRToIZOIN8rH/26.webp,https://static.prizepicks.com/images/teams/nfl/NFL_team_ram7VKb86QoDRToIZOIN8rH/26.webp,57.81,57.81,50,50,12.02,13.56,53.15,55.41,48.99,51.01,-1.01,51.01,Under,13.49,-0.01,51.48,Yes,,,,,,
N/A,9/28/2026,Saquon Barkley,Rush Attempts,13.5,goblin,https://static.prizepicks.com/images/teams/nfl/NFL_team_ram7VKb86QoDRToIZOIN8rH/26.webp,https://static.prizepicks.com/images/teams/nfl/NFL_team_ram7VKb86QoDRToIZOIN8rH/26.webp,57.81,57.81,50,50,17.65,17.5,54.38,53.82,50.27,49.73,0.27,50.27,Over,17.56,4.06,83.87,Yes,,,,,,
N/A,9/28/2026,D'Andre Swift,Rush Attempts,13.5,goblin,https://static.prizepicks.com/images/teams/nfl/NFL_team_0YfEnoemuc9kqhqIkdwEcnPK/4.webp,https://static.prizepicks.com/images/teams/nfl/NFL_team_0YfEnoemuc9kqhqIkdwEcnPK/4.webp,57.81,57.81,50,50,15.02,14.5,54.71,52.63,50.98,49.02,0.98,50.98,Over,14.5,1,63.87,Yes,,,,,,
N/A,9/28/2026,Case Keenum,Pass Completions,13.5,goblin,https://static.prizepicks.com/images/teams/nfl/NFL_team_0YfEnoemuc9kqhqIkdwEcnPK/11.webp,https://static.prizepicks.com/images/teams/nfl/NFL_team_0YfEnoemuc9kqhqIkdwEcnPK/11.webp,57.81,57.81,50,50,17.76,17.5,52.74,54.2,49.32,50.68,-0.68,49.32,Over,17.5,4,84.48,Yes,,,,,,
N/A,9/28/2026,Jalen Hurts,Pass Completions,13.5,goblin,https://static.prizepicks.com/images/teams/nfl/NFL_team_ram7VKb86QoDRToIZOIN8rH/1.webp,https://static.prizepicks.com/images/teams/nfl/NFL_team_ram7VKb86QoDRToIZOIN8rH/1.webp,57.81,57.81,50,50,17.65,17.79,53.89,54.63,49.68,50.32,-0.32,49.68,Over,17.95,4.45,83.87,Yes,,,,,,
N/A,9/28/2026,Luther Burden III,Fantasy Score,13,demon,https://static.prizepicks.com/images/teams/nfl/NFL_team_0YfEnoemuc9kqhqIkdwEcnPK/10.webp,https://static.prizepicks.com/images/teams/nfl/NFL_team_0YfEnoemuc9kqhqIkdwEcnPK/10.webp,57.81,57.81,50,50,7.83,7.83,28.21,71.79,28.21,71.79,-21.79,28.21,Over,8.73,-4.27,28.21,No,,,,,,
N/A,9/28/2026,Dontayvion Wicks,Fantasy Score,13,demon,https://static.prizepicks.com/images/teams/nfl/NFL_team_ram7VKb86QoDRToIZOIN8rH/13.webp,https://static.prizepicks.com/images/teams/nfl/NFL_team_ram7VKb86QoDRToIZOIN8rH/13.webp,57.81,57.81,50,50,8.79,8.79,31.37,68.63,31.37,68.63,-18.63,31.37,Over,8.79,-4.21,31.37,No,,,,,,
N/A,9/28/2026,Johnny Mundt,Receiving Yards,12.5,standard,https://static.prizepicks.com/images/teams/nfl/NFL_team_ram7VKb86QoDRToIZOIN8rH/83.webp,https://static.prizepicks.com/images/teams/nfl/NFL_team_ram7VKb86QoDRToIZOIN8rH/83.webp,57.81,57.81,50,50,12.5,12.5,57.81,57.81,50,50,0,50,Under,12.5,0,50,No,,,,,,
N/A,9/28/2026,D'Andre Swift,Rush Attempts,12.5,goblin,https://static.prizepicks.com/images/teams/nfl/NFL_team_0YfEnoemuc9kqhqIkdwEcnPK/4.webp,https://static.prizepicks.com/images/teams/nfl/NFL_team_0YfEnoemuc9kqhqIkdwEcnPK/4.webp,57.81,57.81,50,50,15.02,14.5,54.71,52.63,50.98,49.02,0.98,50.98,Over,14.5,2,73.4,Yes,,,,,,
N/A,9/28/2026,Colston Loveland,Fantasy Score,12,demon,https://static.prizepicks.com/images/teams/nfl/NFL_team_0YfEnoemuc9kqhqIkdwEcnPK/84.webp,https://static.prizepicks.com/images/teams/nfl/NFL_team_0YfEnoemuc9kqhqIkdwEcnPK/84.webp,57.81,57.81,50,50,8.09,8.09,32.97,67.03,32.97,67.03,-17.03,32.97,Over,8.09,-3.91,32.97,No,,,,,,
N/A,9/28/2026,Kyle Monangai,Fantasy Score,12,demon,https://static.prizepicks.com/images/teams/nfl/NFL_team_0YfEnoemuc9kqhqIkdwEcnPK/25.webp,https://static.prizepicks.com/images/teams/nfl/NFL_team_0YfEnoemuc9kqhqIkdwEcnPK/25.webp,57.81,57.81,50,50,,,,,,,,,,,,,,,,,,,
N/A,9/28/2026,Kyle Monangai,Longest Rush,11.5,standard,https://static.prizepicks.com/images/teams/nfl/NFL_team_0YfEnoemuc9kqhqIkdwEcnPK/25.webp,https://static.prizepicks.com/images/teams/nfl/NFL_team_0YfEnoemuc9kqhqIkdwEcnPK/25.webp,57.81,57.81,50,50,11.5,,,,,,,,,,,50,,,,,,,
N/A,9/28/2026,D'Andre Swift,Fantasy Score,11.5,standard,https://static.prizepicks.com/images/teams/nfl/NFL_team_0YfEnoemuc9kqhqIkdwEcnPK/4.webp,https://static.prizepicks.com/images/teams/nfl/NFL_team_0YfEnoemuc9kqhqIkdwEcnPK/4.webp,57.81,57.81,50,50,11.38,11.38,49.66,50.34,49.66,50.34,-0.34,50.34,Under,11.38,-0.12,50.34,Yes,,,,,,
N/A,9/28/2026,Jalen Hurts,Longest Rush,11.5,standard,https://static.prizepicks.com/images/teams/nfl/NFL_team_ram7VKb86QoDRToIZOIN8rH/1.webp,https://static.prizepicks.com/images/teams/nfl/NFL_team_ram7VKb86QoDRToIZOIN8rH/1.webp,57.81,57.81,50,50,11.5,,,,,,,,,,,50,,,,,,,
N/A,9/28/2026,D'Andre Swift,Rush Attempts,11.5,goblin,https://static.prizepicks.com/images/teams/nfl/NFL_team_0YfEnoemuc9kqhqIkdwEcnPK/4.webp,https://static.prizepicks.com/images/teams/nfl/NFL_team_0YfEnoemuc9kqhqIkdwEcnPK/4.webp,57.81,57.81,50,50,15.02,14.5,54.71,52.63,50.98,49.02,0.98,50.98,Over,14.5,3,81.66,Yes,,,,,,
N/A,9/28/2026,Kyle Monangai,Rush Attempts,11.5,demon,https://static.prizepicks.com/images/teams/nfl/NFL_team_0YfEnoemuc9kqhqIkdwEcnPK/25.webp,https://static.prizepicks.com/images/teams/nfl/NFL_team_0YfEnoemuc9kqhqIkdwEcnPK/25.webp,57.81,57.81,50,50,9.87,9.5,54.48,54.19,50.19,49.81,0.19,50.19,Over,9.5,-2,28.85,No,,,,,,
N/A,9/28/2026,DeVonta Smith,Fantasy Score,11,goblin,https://static.prizepicks.com/images/teams/nfl/NFL_team_ram7VKb86QoDRToIZOIN8rH/6.webp,https://static.prizepicks.com/images/teams/nfl/NFL_team_ram7VKb86QoDRToIZOIN8rH/6.webp,57.81,57.81,50,50,14.79,14.79,67.57,32.43,67.57,32.43,17.57,67.57,Over,15.08,4.08,67.57,Yes,,,,,,
N/A,9/28/2026,Saquon Barkley,Fantasy Score,11,goblin,https://static.prizepicks.com/images/teams/nfl/NFL_team_ram7VKb86QoDRToIZOIN8rH/26.webp,https://static.prizepicks.com/images/teams/nfl/NFL_team_ram7VKb86QoDRToIZOIN8rH/26.webp,57.81,57.81,50,50,13.63,13.63,62.81,37.19,62.81,37.19,12.81,62.81,Over,13.75,2.75,62.81,Yes,,,,,,
N/A,9/28/2026,Kyle Monangai,Rush Attempts,10.5,demon,https://static.prizepicks.com/images/teams/nfl/NFL_team_0YfEnoemuc9kqhqIkdwEcnPK/25.webp,https://static.prizepicks.com/images/teams/nfl/NFL_team_0YfEnoemuc9kqhqIkdwEcnPK/25.webp,57.81,57.81,50,50,9.87,9.5,54.48,54.19,50.19,49.81,0.19,50.19,Over,9.5,-1,40.07,No,,,,,,
N/A,9/28/2026,D'Andre Swift,Receiving Yards,10.5,standard,https://static.prizepicks.com/images/teams/nfl/NFL_team_0YfEnoemuc9kqhqIkdwEcnPK/4.webp,https://static.prizepicks.com/images/teams/nfl/NFL_team_0YfEnoemuc9kqhqIkdwEcnPK/4.webp,57.81,57.81,50,50,10.5,10.5,54.32,53.54,50.36,49.64,0.36,50.36,Over,10.5,0,50,No,,,,,,
N/A,9/28/2026,DeVonta Smith,Receptions,10.5,demon,https://static.prizepicks.com/images/teams/nfl/NFL_team_ram7VKb86QoDRToIZOIN8rH/6.webp,https://static.prizepicks.com/images/teams/nfl/NFL_team_ram7VKb86QoDRToIZOIN8rH/6.webp,57.81,57.81,50,50,5.62,5.5,53.77,53.56,50.09,49.91,0.09,50.09,Over,5.54,-4.96,2.88,No,,,,,,
N/A,9/28/2026,Zach Ertz,Receiving Yards,10.5,standard,https://static.prizepicks.com/images/teams/nfl/NFL_team_ram7VKb86QoDRToIZOIN8rH/86.webp,https://static.prizepicks.com/images/teams/nfl/NFL_team_ram7VKb86QoDRToIZOIN8rH/86.webp,57.81,57.81,50,50,11.5,11.3,50.93,57.54,46.94,53.06,-3.06,53.06,Under,11.3,0.8,49,No,,,,,,
N/A,9/28/2026,Rome Odunze,Fantasy Score,10,demon,https://static.prizepicks.com/images/teams/nfl/NFL_team_0YfEnoemuc9kqhqIkdwEcnPK/15.webp,https://static.prizepicks.com/images/teams/nfl/NFL_team_0YfEnoemuc9kqhqIkdwEcnPK/15.webp,57.81,57.81,50,50,5.47,5.47,30.57,69.43,30.57,69.43,-19.43,30.57,Over,5.47,-4.53,30.57,No,,,,,,
N/A,9/28/2026,Kalif Raymond,Fantasy Score,10,demon,https://static.prizepicks.com/images/teams/nfl/NFL_team_0YfEnoemuc9kqhqIkdwEcnPK/14.webp,https://static.prizepicks.com/images/teams/nfl/NFL_team_0YfEnoemuc9kqhqIkdwEcnPK/14.webp,57.81,57.81,50,50,5.6,5.6,30.9,69.1,30.9,69.1,-19.1,30.9,Over,5.6,-4.4,30.9,No,,,,,,
N/A,9/28/2026,Makai Lemon,Fantasy Score,10,demon,https://static.prizepicks.com/images/teams/nfl/NFL_team_ram7VKb86QoDRToIZOIN8rH/9.webp,https://static.prizepicks.com/images/teams/nfl/NFL_team_ram7VKb86QoDRToIZOIN8rH/9.webp,57.81,57.81,50,50,6.3,6.3,33.51,66.49,33.51,66.49,-16.49,33.51,Over,6.3,-3.7,33.51,No,,,,,,
N/A,9/28/2026,Luther Burden III,Receptions,9.5,demon,https://static.prizepicks.com/images/teams/nfl/NFL_team_0YfEnoemuc9kqhqIkdwEcnPK/10.webp,https://static.prizepicks.com/images/teams/nfl/NFL_team_0YfEnoemuc9kqhqIkdwEcnPK/10.webp,57.81,57.81,50,50,3.85,3.5,55.24,52.15,51.46,48.54,1.46,51.46,Over,3.55,-5.95,0.63,No,,,,,,
N/A,9/28/2026,Jalen Hurts,Rush Attempts,9.5,demon,https://static.prizepicks.com/images/teams/nfl/NFL_team_ram7VKb86QoDRToIZOIN8rH/1.webp,https://static.prizepicks.com/images/teams/nfl/NFL_team_ram7VKb86QoDRToIZOIN8rH/1.webp,57.81,57.81,50,50,6.45,6.5,52.32,55.16,48.68,51.32,-1.32,48.68,Over,6.53,-2.97,11.84,No,,,,,,
N/A,9/28/2026,Saquon Barkley,Receiving Yards,9.5,goblin,https://static.prizepicks.com/images/teams/nfl/NFL_team_ram7VKb86QoDRToIZOIN8rH/26.webp,https://static.prizepicks.com/images/teams/nfl/NFL_team_ram7VKb86QoDRToIZOIN8rH/26.webp,57.81,57.81,50,50,12.02,13.56,53.15,55.41,48.99,51.01,-1.01,48.99,Over,13.49,3.99,52.51,Yes,,,,,,
N/A,9/28/2026,Makai Lemon,Receiving Yards,9.5,goblin,https://static.prizepicks.com/images/teams/nfl/NFL_team_ram7VKb86QoDRToIZOIN8rH/9.webp,https://static.prizepicks.com/images/teams/nfl/NFL_team_ram7VKb86QoDRToIZOIN8rH/9.webp,57.81,57.81,50,50,26.5,26.5,54,55.36,49.42,50.58,-0.58,49.42,Over,26.5,17,66.46,Yes,,,,,,
N/A,9/28/2026,Kalif Raymond,Receiving Yards,9.5,goblin,https://static.prizepicks.com/images/teams/nfl/NFL_team_0YfEnoemuc9kqhqIkdwEcnPK/14.webp,https://static.prizepicks.com/images/teams/nfl/NFL_team_0YfEnoemuc9kqhqIkdwEcnPK/14.webp,57.81,57.81,50,50,23.87,24.5,53.93,53.82,50.05,49.95,0.05,50.05,Over,24.5,15,64.03,Yes,,,,,,
N/A,9/28/2026,Rome Odunze,Receiving Yards,9.5,goblin,https://static.prizepicks.com/images/teams/nfl/NFL_team_0YfEnoemuc9kqhqIkdwEcnPK/15.webp,https://static.prizepicks.com/images/teams/nfl/NFL_team_0YfEnoemuc9kqhqIkdwEcnPK/15.webp,57.81,57.81,50,50,25.71,25.94,54.11,53.84,50.14,49.86,0.14,50.14,Over,25.94,16.44,65.74,Yes,,,,,,
N/A,9/28/2026,Cole Kmet,Receiving Yards,9.5,standard,https://static.prizepicks.com/images/teams/nfl/NFL_team_0YfEnoemuc9kqhqIkdwEcnPK/85.webp,https://static.prizepicks.com/images/teams/nfl/NFL_team_0YfEnoemuc9kqhqIkdwEcnPK/85.webp,57.81,57.81,50,50,9.29,9.5,54.18,53.69,50.22,49.78,0.22,50.22,Over,9.5,0,49.79,No,,,,,,
N/A,9/28/2026,Saquon Barkley,Longest Rush,9.5,goblin,https://static.prizepicks.com/images/teams/nfl/NFL_team_ram7VKb86QoDRToIZOIN8rH/26.webp,https://static.prizepicks.com/images/teams/nfl/NFL_team_ram7VKb86QoDRToIZOIN8rH/26.webp,57.81,57.81,50,50,9.5,,,,,,,,,,,50,,,,,,,
N/A,9/28/2026,D'Andre Swift,Longest Rush,9.5,goblin,https://static.prizepicks.com/images/teams/nfl/NFL_team_0YfEnoemuc9kqhqIkdwEcnPK/4.webp,https://static.prizepicks.com/images/teams/nfl/NFL_team_0YfEnoemuc9kqhqIkdwEcnPK/4.webp,57.81,57.81,50,50,9.5,,,,,,,,,,,50,,,,,,,
N/A,9/28/2026,Kyle Monangai,Longest Rush,9.5,goblin,https://static.prizepicks.com/images/teams/nfl/NFL_team_0YfEnoemuc9kqhqIkdwEcnPK/25.webp,https://static.prizepicks.com/images/teams/nfl/NFL_team_0YfEnoemuc9kqhqIkdwEcnPK/25.webp,57.81,57.81,50,50,9.5,,,,,,,,,,,50,,,,,,,
N/A,9/28/2026,Jalen Hurts,Longest Rush,9.5,goblin,https://static.prizepicks.com/images/teams/nfl/NFL_team_ram7VKb86QoDRToIZOIN8rH/1.webp,https://static.prizepicks.com/images/teams/nfl/NFL_team_ram7VKb86QoDRToIZOIN8rH/1.webp,57.81,57.81,50,50,9.5,,,,,,,,,,,50,,,,,,,
N/A,9/28/2026,Dontayvion Wicks,Fantasy Score,9,standard,https://static.prizepicks.com/images/teams/nfl/NFL_team_ram7VKb86QoDRToIZOIN8rH/13.webp,https://static.prizepicks.com/images/teams/nfl/NFL_team_ram7VKb86QoDRToIZOIN8rH/13.webp,57.81,57.81,50,50,8.79,8.79,49.41,50.59,49.41,50.59,-0.59,50.59,Under,8.79,-0.21,50.59,Yes,,,,,,
N/A,9/28/2026,Kyle Monangai,Rush Attempts,8.5,goblin,https://static.prizepicks.com/images/teams/nfl/NFL_team_0YfEnoemuc9kqhqIkdwEcnPK/25.webp,https://static.prizepicks.com/images/teams/nfl/NFL_team_0YfEnoemuc9kqhqIkdwEcnPK/25.webp,57.81,57.81,50,50,9.87,9.5,54.48,54.19,50.19,49.81,0.19,50.19,Over,9.5,1,65.24,Yes,,,,,,
N/A,9/28/2026,Luther Burden III,Fantasy Score,8.5,standard,https://static.prizepicks.com/images/teams/nfl/NFL_team_0YfEnoemuc9kqhqIkdwEcnPK/10.webp,https://static.prizepicks.com/images/teams/nfl/NFL_team_0YfEnoemuc9kqhqIkdwEcnPK/10.webp,57.81,57.81,50,50,7.83,7.83,48.11,51.89,48.11,51.89,-1.89,51.89,Under,8.73,0.23,51.89,No,,,,,,
N/A,9/28/2026,Colston Loveland,Fantasy Score,8.5,standard,https://static.prizepicks.com/images/teams/nfl/NFL_team_0YfEnoemuc9kqhqIkdwEcnPK/84.webp,https://static.prizepicks.com/images/teams/nfl/NFL_team_0YfEnoemuc9kqhqIkdwEcnPK/84.webp,57.81,57.81,50,50,8.09,8.09,48.85,51.15,48.85,51.15,-1.15,51.15,Under,8.09,-0.41,51.15,Yes,,,,,,
N/A,9/28/2026,Colston Loveland,Receptions,8.5,demon,https://static.prizepicks.com/images/teams/nfl/NFL_team_0YfEnoemuc9kqhqIkdwEcnPK/84.webp,https://static.prizepicks.com/images/teams/nfl/NFL_team_0YfEnoemuc9kqhqIkdwEcnPK/84.webp,57.81,57.81,50,50,3.69,3.5,52.81,54.96,48.99,51.01,-1.01,48.99,Over,3.5,-5,1.35,No,,,,,,
N/A,9/28/2026,Jake Elliott,Fantasy Score,8.5,standard,https://static.prizepicks.com/images/teams/nfl/NFL_team_ram7VKb86QoDRToIZOIN8rH/4.webp,https://static.prizepicks.com/images/teams/nfl/NFL_team_ram7VKb86QoDRToIZOIN8rH/4.webp,57.81,57.81,50,50,,,,,,,,,,,,,,,,,,,
N/A,9/28/2026,DeVonta Smith,Rec Targets,8,standard,https://static.prizepicks.com/images/teams/nfl/NFL_team_ram7VKb86QoDRToIZOIN8rH/6.webp,https://static.prizepicks.com/images/teams/nfl/NFL_team_ram7VKb86QoDRToIZOIN8rH/6.webp,57.81,57.81,50,50,8,,,,,,,,,,,50,,,,,,,
N/A,9/28/2026,D'Andre Swift,Fantasy Score,8,goblin,https://static.prizepicks.com/images/teams/nfl/NFL_team_0YfEnoemuc9kqhqIkdwEcnPK/4.webp,https://static.prizepicks.com/images/teams/nfl/NFL_team_0YfEnoemuc9kqhqIkdwEcnPK/4.webp,57.81,57.81,50,50,11.38,11.38,65.66,34.34,65.66,34.34,15.66,65.66,Over,11.38,3.38,65.66,Yes,,,,,,
N/A,9/28/2026,Kyle Monangai,Fantasy Score,8,standard,https://static.prizepicks.com/images/teams/nfl/NFL_team_0YfEnoemuc9kqhqIkdwEcnPK/25.webp,https://static.prizepicks.com/images/teams/nfl/NFL_team_0YfEnoemuc9kqhqIkdwEcnPK/25.webp,57.81,57.81,50,50,,,,,,,,,,,,,,,,,,,
N/A,9/28/2026,Kalif Raymond,Receptions,7.5,demon,https://static.prizepicks.com/images/teams/nfl/NFL_team_0YfEnoemuc9kqhqIkdwEcnPK/14.webp,https://static.prizepicks.com/images/teams/nfl/NFL_team_0YfEnoemuc9kqhqIkdwEcnPK/14.webp,57.81,57.81,50,50,2.98,2.5,60.15,46.08,56.63,43.38,6.63,56.63,Over,2.5,-5,1.15,No,,,,,,
N/A,9/28/2026,DeVonta Smith,Receptions,7.5,demon,https://static.prizepicks.com/images/teams/nfl/NFL_team_ram7VKb86QoDRToIZOIN8rH/6.webp,https://static.prizepicks.com/images/teams/nfl/NFL_team_ram7VKb86QoDRToIZOIN8rH/6.webp,57.81,57.81,50,50,5.62,5.5,53.77,53.56,50.09,49.91,0.09,50.09,Over,5.54,-1.96,20.56,No,,,,,,
N/A,9/28/2026,Dontayvion Wicks,Receptions,7.5,demon,https://static.prizepicks.com/images/teams/nfl/NFL_team_ram7VKb86QoDRToIZOIN8rH/13.webp,https://static.prizepicks.com/images/teams/nfl/NFL_team_ram7VKb86QoDRToIZOIN8rH/13.webp,57.81,57.81,50,50,3.28,3.5,43.56,62.75,40.97,59.03,-9.03,40.97,Over,3.5,-4,1.92,No,,,,,,
N/A,9/28/2026,Jalen Hurts,Rush Attempts,7.5,demon,https://static.prizepicks.com/images/teams/nfl/NFL_team_ram7VKb86QoDRToIZOIN8rH/1.webp,https://static.prizepicks.com/images/teams/nfl/NFL_team_ram7VKb86QoDRToIZOIN8rH/1.webp,57.81,57.81,50,50,6.45,6.5,52.32,55.16,48.68,51.32,-1.32,48.68,Over,6.53,-0.97,31.99,No,,,,,,
N/A,9/28/2026,Kyle Monangai,Rush Attempts,7.5,goblin,https://static.prizepicks.com/images/teams/nfl/NFL_team_0YfEnoemuc9kqhqIkdwEcnPK/25.webp,https://static.prizepicks.com/images/teams/nfl/NFL_team_0YfEnoemuc9kqhqIkdwEcnPK/25.webp,57.81,57.81,50,50,9.87,9.5,54.48,54.19,50.19,49.81,0.19,50.19,Over,9.5,2,76.78,Yes,,,,,,
N/A,9/28/2026,Cairo Santos,Fantasy Score,7,standard,https://static.prizepicks.com/images/teams/nfl/NFL_team_0YfEnoemuc9kqhqIkdwEcnPK/8.webp,https://static.prizepicks.com/images/teams/nfl/NFL_team_0YfEnoemuc9kqhqIkdwEcnPK/8.webp,57.81,57.81,50,50,,,,,,,,,,,,,,,,,,,
N/A,9/28/2026,Jalen Hurts,Rush Attempts,6.5,standard,https://static.prizepicks.com/images/teams/nfl/NFL_team_ram7VKb86QoDRToIZOIN8rH/1.webp,https://static.prizepicks.com/images/teams/nfl/NFL_team_ram7VKb86QoDRToIZOIN8rH/1.webp,57.81,57.81,50,50,6.45,6.5,52.32,55.16,48.68,51.32,-1.32,51.32,Under,6.53,0.03,53.44,No,,,,,,
N/A,9/28/2026,Makai Lemon,Fantasy Score,6.5,standard,https://static.prizepicks.com/images/teams/nfl/NFL_team_ram7VKb86QoDRToIZOIN8rH/9.webp,https://static.prizepicks.com/images/teams/nfl/NFL_team_ram7VKb86QoDRToIZOIN8rH/9.webp,57.81,57.81,50,50,6.3,6.3,49.44,50.56,49.44,50.56,-0.56,50.56,Under,6.3,-0.2,50.56,Yes,,,,,,
N/A,9/28/2026,DeVonta Smith,Receptions,6.5,demon,https://static.prizepicks.com/images/teams/nfl/NFL_team_ram7VKb86QoDRToIZOIN8rH/6.webp,https://static.prizepicks.com/images/teams/nfl/NFL_team_ram7VKb86QoDRToIZOIN8rH/6.webp,57.81,57.81,50,50,5.62,5.5,53.77,53.56,50.09,49.91,0.09,50.09,Over,5.54,-0.96,33.29,No,,,,,,
N/A,9/28/2026,Makai Lemon,Receptions,6.5,demon,https://static.prizepicks.com/images/teams/nfl/NFL_team_ram7VKb86QoDRToIZOIN8rH/9.webp,https://static.prizepicks.com/images/teams/nfl/NFL_team_ram7VKb86QoDRToIZOIN8rH/9.webp,57.81,57.81,50,50,2.69,2.5,54.48,52.94,50.73,49.27,0.73,50.73,Over,2.5,-4,2.02,No,,,,,,
N/A,9/28/2026,Rome Odunze,Receptions,6.5,demon,https://static.prizepicks.com/images/teams/nfl/NFL_team_0YfEnoemuc9kqhqIkdwEcnPK/15.webp,https://static.prizepicks.com/images/teams/nfl/NFL_team_0YfEnoemuc9kqhqIkdwEcnPK/15.webp,57.81,57.81,50,50,2.59,2.5,49.14,57.33,46.15,53.85,-3.85,46.15,Over,2.5,-4,1.69,No,,,,,,
N/A,9/28/2026,Zach Ertz,Receptions,6.5,demon,https://static.prizepicks.com/images/teams/nfl/NFL_team_ram7VKb86QoDRToIZOIN8rH/86.webp,https://static.prizepicks.com/images/teams/nfl/NFL_team_ram7VKb86QoDRToIZOIN8rH/86.webp,57.81,57.81,50,50,1.6,1.5,49.16,57.38,46.13,53.87,-3.87,46.13,Over,1.5,-5,0.13,No,,,,,,
N/A,9/28/2026,Cole Kmet,Fantasy Score,6.5,demon,https://static.prizepicks.com/images/teams/nfl/NFL_team_0YfEnoemuc9kqhqIkdwEcnPK/85.webp,https://static.prizepicks.com/images/teams/nfl/NFL_team_0YfEnoemuc9kqhqIkdwEcnPK/85.webp,57.81,57.81,50,50,3.35,3.35,35.81,64.19,35.81,64.19,-14.19,35.81,Over,3.35,-3.15,35.81,No,,,,,,
N/A,9/28/2026,Kyle Monangai,Receiving Yards,6.5,standard,https://static.prizepicks.com/images/teams/nfl/NFL_team_0YfEnoemuc9kqhqIkdwEcnPK/25.webp,https://static.prizepicks.com/images/teams/nfl/NFL_team_0YfEnoemuc9kqhqIkdwEcnPK/25.webp,57.81,57.81,50,50,6.5,6.5,57.81,57.81,50,50,0,50,Under,6.5,0,50,No,,,,,,
N/A,9/28/2026,Kyle Monangai,Rush Attempts,6.5,goblin,https://static.prizepicks.com/images/teams/nfl/NFL_team_0YfEnoemuc9kqhqIkdwEcnPK/25.webp,https://static.prizepicks.com/images/teams/nfl/NFL_team_0YfEnoemuc9kqhqIkdwEcnPK/25.webp,57.81,57.81,50,50,9.87,9.5,54.48,54.19,50.19,49.81,0.19,50.19,Over,9.5,3,86.14,Yes,,,,,,
N/A,9/28/2026,Rome Odunze,Fantasy Score,6,standard,https://static.prizepicks.com/images/teams/nfl/NFL_team_0YfEnoemuc9kqhqIkdwEcnPK/15.webp,https://static.prizepicks.com/images/teams/nfl/NFL_team_0YfEnoemuc9kqhqIkdwEcnPK/15.webp,57.81,57.81,50,50,5.47,5.47,48.51,51.49,48.51,51.49,-1.49,51.49,Under,5.47,-0.53,51.49,Yes,,,,,,
N/A,9/28/2026,Kalif Raymond,Fantasy Score,6,standard,https://static.prizepicks.com/images/teams/nfl/NFL_team_0YfEnoemuc9kqhqIkdwEcnPK/14.webp,https://static.prizepicks.com/images/teams/nfl/NFL_team_0YfEnoemuc9kqhqIkdwEcnPK/14.webp,57.81,57.81,50,50,5.6,5.6,48.87,51.13,48.87,51.13,-1.13,51.13,Under,5.6,-0.4,51.13,Yes,,,,,,
N/A,9/28/2026,Zach Ertz,Fantasy Score,6,demon,https://static.prizepicks.com/images/teams/nfl/NFL_team_ram7VKb86QoDRToIZOIN8rH/86.webp,https://static.prizepicks.com/images/teams/nfl/NFL_team_ram7VKb86QoDRToIZOIN8rH/86.webp,57.81,57.81,50,50,3.02,3.02,37.15,62.85,37.15,62.85,-12.85,37.15,Over,3.02,-2.98,37.15,No,,,,,,
N/A,9/28/2026,Colston Loveland,Receptions,5.5,demon,https://static.prizepicks.com/images/teams/nfl/NFL_team_0YfEnoemuc9kqhqIkdwEcnPK/84.webp,https://static.prizepicks.com/images/teams/nfl/NFL_team_0YfEnoemuc9kqhqIkdwEcnPK/84.webp,57.81,57.81,50,50,3.69,3.5,52.81,54.96,48.99,51.01,-1.01,48.99,Over,3.5,-2,16.85,No,,,,,,
N/A,9/28/2026,Luther Burden III,Receptions,5.5,demon,https://static.prizepicks.com/images/teams/nfl/NFL_team_0YfEnoemuc9kqhqIkdwEcnPK/10.webp,https://static.prizepicks.com/images/teams/nfl/NFL_team_0YfEnoemuc9kqhqIkdwEcnPK/10.webp,57.81,57.81,50,50,3.85,3.5,55.24,52.15,51.46,48.54,1.46,51.46,Over,3.55,-1.95,19.19,No,,,,,,
N/A,9/28/2026,Luther Burden III,Fantasy Score,5.5,goblin,https://static.prizepicks.com/images/teams/nfl/NFL_team_0YfEnoemuc9kqhqIkdwEcnPK/10.webp,https://static.prizepicks.com/images/teams/nfl/NFL_team_0YfEnoemuc9kqhqIkdwEcnPK/10.webp,57.81,57.81,50,50,7.83,7.83,62.01,37.99,62.01,37.99,12.01,62.01,Over,8.73,3.23,62.01,Yes,,,,,,
N/A,9/28/2026,Colston Loveland,Fantasy Score,5.5,goblin,https://static.prizepicks.com/images/teams/nfl/NFL_team_0YfEnoemuc9kqhqIkdwEcnPK/84.webp,https://static.prizepicks.com/images/teams/nfl/NFL_team_0YfEnoemuc9kqhqIkdwEcnPK/84.webp,57.81,57.81,50,50,8.09,8.09,62.7,37.3,62.7,37.3,12.7,62.7,Over,8.09,2.59,62.7,Yes,,,,,,
N/A,9/28/2026,DeVonta Smith,Receptions,5.5,standard,https://static.prizepicks.com/images/teams/nfl/NFL_team_ram7VKb86QoDRToIZOIN8rH/6.webp,https://static.prizepicks.com/images/teams/nfl/NFL_team_ram7VKb86QoDRToIZOIN8rH/6.webp,57.81,57.81,50,50,5.62,5.5,53.77,53.56,50.09,49.91,0.09,50.09,Over,5.54,0.04,49.15,Yes,,,,,,
N/A,9/28/2026,Dontayvion Wicks,Fantasy Score,5.5,goblin,https://static.prizepicks.com/images/teams/nfl/NFL_team_ram7VKb86QoDRToIZOIN8rH/13.webp,https://static.prizepicks.com/images/teams/nfl/NFL_team_ram7VKb86QoDRToIZOIN8rH/13.webp,57.81,57.81,50,50,8.79,8.79,65.43,34.57,65.43,34.57,15.43,65.43,Over,8.79,3.29,65.43,Yes,,,,,,
N/A,9/28/2026,Makai Lemon,Receptions,5.5,demon,https://static.prizepicks.com/images/teams/nfl/NFL_team_ram7VKb86QoDRToIZOIN8rH/9.webp,https://static.prizepicks.com/images/teams/nfl/NFL_team_ram7VKb86QoDRToIZOIN8rH/9.webp,57.81,57.81,50,50,2.69,2.5,54.48,52.94,50.73,49.27,0.73,50.73,Over,2.5,-3,5.59,No,,,,,,
N/A,9/28/2026,Saquon Barkley,Receptions,5.5,demon,https://static.prizepicks.com/images/teams/nfl/NFL_team_ram7VKb86QoDRToIZOIN8rH/26.webp,https://static.prizepicks.com/images/teams/nfl/NFL_team_ram7VKb86QoDRToIZOIN8rH/26.webp,57.81,57.81,50,50,2.4,2.5,44.82,61.59,42.12,57.88,-7.88,42.12,Over,2.47,-3.03,3.57,No,,,,,,
N/A,9/28/2026,Jalen Hurts,Rush Attempts,5.5,goblin,https://static.prizepicks.com/images/teams/nfl/NFL_team_ram7VKb86QoDRToIZOIN8rH/1.webp,https://static.prizepicks.com/images/teams/nfl/NFL_team_ram7VKb86QoDRToIZOIN8rH/1.webp,57.81,57.81,50,50,6.45,6.5,52.32,55.16,48.68,51.32,-1.32,48.68,Over,6.53,1.03,62.36,Yes,,,,,,
N/A,9/28/2026,D'Andre Swift,Receptions,5.5,demon,https://static.prizepicks.com/images/teams/nfl/NFL_team_0YfEnoemuc9kqhqIkdwEcnPK/4.webp,https://static.prizepicks.com/images/teams/nfl/NFL_team_0YfEnoemuc9kqhqIkdwEcnPK/4.webp,57.81,57.81,50,50,1.98,1.5,59.79,46.36,56.32,43.68,6.32,56.32,Over,1.5,-4,1.59,No,,,,,,
N/A,9/28/2026,Kyle Monangai,Fantasy Score,5.5,goblin,https://static.prizepicks.com/images/teams/nfl/NFL_team_0YfEnoemuc9kqhqIkdwEcnPK/25.webp,https://static.prizepicks.com/images/teams/nfl/NFL_team_0YfEnoemuc9kqhqIkdwEcnPK/25.webp,57.81,57.81,50,50,,,,,,,,,,,,,,,,,,,
N/A,9/28/2026,Dontayvion Wicks,Rec Targets,5,standard,https://static.prizepicks.com/images/teams/nfl/NFL_team_ram7VKb86QoDRToIZOIN8rH/13.webp,https://static.prizepicks.com/images/teams/nfl/NFL_team_ram7VKb86QoDRToIZOIN8rH/13.webp,57.81,57.81,50,50,5,,,,,,,,,,,50,,,,,,,
N/A,9/28/2026,Luther Burden III,Rec Targets,5,standard,https://static.prizepicks.com/images/teams/nfl/NFL_team_0YfEnoemuc9kqhqIkdwEcnPK/10.webp,https://static.prizepicks.com/images/teams/nfl/NFL_team_0YfEnoemuc9kqhqIkdwEcnPK/10.webp,57.81,57.81,50,50,5,,,,,,,,,,,50,,,,,,,
N/A,9/28/2026,Colston Loveland,Rec Targets,5,standard,https://static.prizepicks.com/images/teams/nfl/NFL_team_0YfEnoemuc9kqhqIkdwEcnPK/84.webp,https://static.prizepicks.com/images/teams/nfl/NFL_team_0YfEnoemuc9kqhqIkdwEcnPK/84.webp,57.81,57.81,50,50,5,,,,,,,,,,,50,,,,,,,
N/A,9/28/2026,Dontayvion Wicks,Receptions,4.5,demon,https://static.prizepicks.com/images/teams/nfl/NFL_team_ram7VKb86QoDRToIZOIN8rH/13.webp,https://static.prizepicks.com/images/teams/nfl/NFL_team_ram7VKb86QoDRToIZOIN8rH/13.webp,57.81,57.81,50,50,3.28,3.5,43.56,62.75,40.97,59.03,-9.03,40.97,Over,3.5,-1,23.38,No,,,,,,
N/A,9/28/2026,Saquon Barkley,Receiving Yards,4.5,goblin,https://static.prizepicks.com/images/teams/nfl/NFL_team_ram7VKb86QoDRToIZOIN8rH/26.webp,https://static.prizepicks.com/images/teams/nfl/NFL_team_ram7VKb86QoDRToIZOIN8rH/26.webp,57.81,57.81,50,50,12.02,13.56,53.15,55.41,48.99,51.01,-1.01,48.99,Over,13.49,8.99,57.46,Yes,,,,,,
N/A,9/28/2026,DeVonta Smith,Receptions,4.5,goblin,https://static.prizepicks.com/images/teams/nfl/NFL_team_ram7VKb86QoDRToIZOIN8rH/6.webp,https://static.prizepicks.com/images/teams/nfl/NFL_team_ram7VKb86QoDRToIZOIN8rH/6.webp,57.81,57.81,50,50,5.62,5.5,53.77,53.56,50.09,49.91,0.09,50.09,Over,5.54,1.04,66.09,Yes,,,,,,
N/A,9/28/2026,Jalen Hurts,Rush Attempts,4.5,goblin,https://static.prizepicks.com/images/teams/nfl/NFL_team_ram7VKb86QoDRToIZOIN8rH/1.webp,https://static.prizepicks.com/images/teams/nfl/NFL_team_ram7VKb86QoDRToIZOIN8rH/1.webp,57.81,57.81,50,50,6.45,6.5,52.32,55.16,48.68,51.32,-1.32,48.68,Over,6.53,2.03,77.07,Yes,,,,,,
N/A,9/28/2026,Luther Burden III,Receptions,4.5,demon,https://static.prizepicks.com/images/teams/nfl/NFL_team_0YfEnoemuc9kqhqIkdwEcnPK/10.webp,https://static.prizepicks.com/images/teams/nfl/NFL_team_0YfEnoemuc9kqhqIkdwEcnPK/10.webp,57.81,57.81,50,50,3.85,3.5,55.24,52.15,51.46,48.54,1.46,51.46,Over,3.55,-0.95,34.19,No,,,,,,
N/A,9/28/2026,Colston Loveland,Receptions,4.5,demon,https://static.prizepicks.com/images/teams/nfl/NFL_team_0YfEnoemuc9kqhqIkdwEcnPK/84.webp,https://static.prizepicks.com/images/teams/nfl/NFL_team_0YfEnoemuc9kqhqIkdwEcnPK/84.webp,57.81,57.81,50,50,3.69,3.5,52.81,54.96,48.99,51.01,-1.01,48.99,Over,3.5,-1,31.09,No,,,,,,
N/A,9/28/2026,Kalif Raymond,Receptions,4.5,demon,https://static.prizepicks.com/images/teams/nfl/NFL_team_0YfEnoemuc9kqhqIkdwEcnPK/14.webp,https://static.prizepicks.com/images/teams/nfl/NFL_team_0YfEnoemuc9kqhqIkdwEcnPK/14.webp,57.81,57.81,50,50,2.98,2.5,60.15,46.08,56.63,43.38,6.63,56.63,Over,2.5,-2,18.14,No,,,,,,
N/A,9/28/2026,Rome Odunze,Rec Targets,4.5,standard,https://static.prizepicks.com/images/teams/nfl/NFL_team_0YfEnoemuc9kqhqIkdwEcnPK/15.webp,https://static.prizepicks.com/images/teams/nfl/NFL_team_0YfEnoemuc9kqhqIkdwEcnPK/15.webp,57.81,57.81,50,50,4.5,,,,,,,,,,,50,,,,,,,
N/A,9/28/2026,D'Andre Swift,Receiving Yards,4.5,goblin,https://static.prizepicks.com/images/teams/nfl/NFL_team_0YfEnoemuc9kqhqIkdwEcnPK/4.webp,https://static.prizepicks.com/images/teams/nfl/NFL_team_0YfEnoemuc9kqhqIkdwEcnPK/4.webp,57.81,57.81,50,50,10.5,10.5,54.32,53.54,50.36,49.64,0.36,50.36,Over,10.5,6,55.96,Yes,,,,,,
N/A,9/28/2026,Cole Kmet,Receiving Yards,4.5,goblin,https://static.prizepicks.com/images/teams/nfl/NFL_team_0YfEnoemuc9kqhqIkdwEcnPK/85.webp,https://static.prizepicks.com/images/teams/nfl/NFL_team_0YfEnoemuc9kqhqIkdwEcnPK/85.webp,57.81,57.81,50,50,9.29,9.5,54.18,53.69,50.22,49.78,0.22,50.22,Over,9.5,5,54.77,Yes,,,,,,
N/A,9/28/2026,Cole Kmet,Receptions,4.5,demon,https://static.prizepicks.com/images/teams/nfl/NFL_team_0YfEnoemuc9kqhqIkdwEcnPK/85.webp,https://static.prizepicks.com/images/teams/nfl/NFL_team_0YfEnoemuc9kqhqIkdwEcnPK/85.webp,57.81,57.81,50,50,1.7,1.5,52.8,54.74,49.08,50.92,-0.92,49.08,Over,1.5,-3,2.96,No,,,,,,
N/A,9/28/2026,Zach Ertz,Receiving Yards,4.5,goblin,https://static.prizepicks.com/images/teams/nfl/NFL_team_ram7VKb86QoDRToIZOIN8rH/86.webp,https://static.prizepicks.com/images/teams/nfl/NFL_team_ram7VKb86QoDRToIZOIN8rH/86.webp,57.81,57.81,50,50,11.5,11.3,50.93,57.54,46.94,53.06,-3.06,46.94,Over,11.3,6.8,56.95,Yes,,,,,,
N/A,9/28/2026,Rome Odunze,Fantasy Score,4,goblin,https://static.prizepicks.com/images/teams/nfl/NFL_team_0YfEnoemuc9kqhqIkdwEcnPK/15.webp,https://static.prizepicks.com/images/teams/nfl/NFL_team_0YfEnoemuc9kqhqIkdwEcnPK/15.webp,57.81,57.81,50,50,5.47,5.47,57.84,42.16,57.84,42.16,7.84,57.84,Over,5.47,1.47,57.84,Yes,,,,,,
N/A,9/28/2026,Kalif Raymond,Rec Targets,4,standard,https://static.prizepicks.com/images/teams/nfl/NFL_team_0YfEnoemuc9kqhqIkdwEcnPK/14.webp,https://static.prizepicks.com/images/teams/nfl/NFL_team_0YfEnoemuc9kqhqIkdwEcnPK/14.webp,57.81,57.81,50,50,4,,,,,,,,,,,50,,,,,,,
N/A,9/28/2026,Makai Lemon,Rec Targets,4,standard,https://static.prizepicks.com/images/teams/nfl/NFL_team_ram7VKb86QoDRToIZOIN8rH/9.webp,https://static.prizepicks.com/images/teams/nfl/NFL_team_ram7VKb86QoDRToIZOIN8rH/9.webp,57.81,57.81,50,50,4,,,,,,,,,,,50,,,,,,,
N/A,9/28/2026,Kalif Raymond,Receptions,3.5,demon,https://static.prizepicks.com/images/teams/nfl/NFL_team_0YfEnoemuc9kqhqIkdwEcnPK/14.webp,https://static.prizepicks.com/images/teams/nfl/NFL_team_0YfEnoemuc9kqhqIkdwEcnPK/14.webp,57.81,57.81,50,50,2.98,2.5,60.15,46.08,56.63,43.38,6.63,56.63,Over,2.5,-1,34.83,No,,,,,,
N/A,9/28/2026,Rome Odunze,Receptions,3.5,demon,https://static.prizepicks.com/images/teams/nfl/NFL_team_0YfEnoemuc9kqhqIkdwEcnPK/15.webp,https://static.prizepicks.com/images/teams/nfl/NFL_team_0YfEnoemuc9kqhqIkdwEcnPK/15.webp,57.81,57.81,50,50,2.59,2.5,49.14,57.33,46.15,53.85,-3.85,46.15,Over,2.5,-1,26.18,No,,,,,,
N/A,9/28/2026,Kalif Raymond,Fantasy Score,3.5,goblin,https://static.prizepicks.com/images/teams/nfl/NFL_team_0YfEnoemuc9kqhqIkdwEcnPK/14.webp,https://static.prizepicks.com/images/teams/nfl/NFL_team_0YfEnoemuc9kqhqIkdwEcnPK/14.webp,57.81,57.81,50,50,5.6,5.6,60.48,39.52,60.48,39.52,10.48,60.48,Over,5.6,2.1,60.48,Yes,,,,,,
N/A,9/28/2026,DeVonta Smith,Receptions,3.5,goblin,https://static.prizepicks.com/images/teams/nfl/NFL_team_ram7VKb86QoDRToIZOIN8rH/6.webp,https://static.prizepicks.com/images/teams/nfl/NFL_team_ram7VKb86QoDRToIZOIN8rH/6.webp,57.81,57.81,50,50,5.62,5.5,53.77,53.56,50.09,49.91,0.09,50.09,Over,5.54,2.04,81.15,Yes,,,,,,
N/A,9/28/2026,Dontayvion Wicks,Receptions,3.5,demon,https://static.prizepicks.com/images/teams/nfl/NFL_team_ram7VKb86QoDRToIZOIN8rH/13.webp,https://static.prizepicks.com/images/teams/nfl/NFL_team_ram7VKb86QoDRToIZOIN8rH/13.webp,57.81,57.81,50,50,3.28,3.5,43.56,62.75,40.97,59.03,-9.03,40.97,Over,3.5,0,41.52,No,,,,,,
N/A,9/28/2026,Makai Lemon,Receptions,3.5,demon,https://static.prizepicks.com/images/teams/nfl/NFL_team_ram7VKb86QoDRToIZOIN8rH/9.webp,https://static.prizepicks.com/images/teams/nfl/NFL_team_ram7VKb86QoDRToIZOIN8rH/9.webp,57.81,57.81,50,50,2.69,2.5,54.48,52.94,50.73,49.27,0.73,50.73,Over,2.5,-1,28.37,No,,,,,,
N/A,9/28/2026,Makai Lemon,Fantasy Score,3.5,goblin,https://static.prizepicks.com/images/teams/nfl/NFL_team_ram7VKb86QoDRToIZOIN8rH/9.webp,https://static.prizepicks.com/images/teams/nfl/NFL_team_ram7VKb86QoDRToIZOIN8rH/9.webp,57.81,57.81,50,50,6.3,6.3,63.26,36.74,63.26,36.74,13.26,63.26,Over,6.3,2.8,63.26,Yes,,,,,,
N/A,9/28/2026,Luther Burden III,Receptions,3.5,standard,https://static.prizepicks.com/images/teams/nfl/NFL_team_0YfEnoemuc9kqhqIkdwEcnPK/10.webp,https://static.prizepicks.com/images/teams/nfl/NFL_team_0YfEnoemuc9kqhqIkdwEcnPK/10.webp,57.81,57.81,50,50,3.85,3.5,55.24,52.15,51.46,48.54,1.46,51.46,Over,3.55,0.05,53.67,Yes,,,,,,
N/A,9/28/2026,Jalen Hurts,Pass TDs,3.5,demon,https://static.prizepicks.com/images/teams/nfl/NFL_team_ram7VKb86QoDRToIZOIN8rH/1.webp,https://static.prizepicks.com/images/teams/nfl/NFL_team_ram7VKb86QoDRToIZOIN8rH/1.webp,57.81,57.81,50,50,1.26,1.5,43.89,62.35,41.31,58.69,-8.69,41.31,Over,1.44,-2.06,3.92,No,,,,,,
N/A,9/28/2026,Saquon Barkley,Receptions,3.5,demon,https://static.prizepicks.com/images/teams/nfl/NFL_team_ram7VKb86QoDRToIZOIN8rH/26.webp,https://static.prizepicks.com/images/teams/nfl/NFL_team_ram7VKb86QoDRToIZOIN8rH/26.webp,57.81,57.81,50,50,2.4,2.5,44.82,61.59,42.12,57.88,-7.88,42.12,Over,2.47,-1.03,22.13,No,,,,,,
N/A,9/28/2026,D'Andre Swift,Receptions,3.5,demon,https://static.prizepicks.com/images/teams/nfl/NFL_team_0YfEnoemuc9kqhqIkdwEcnPK/4.webp,https://static.prizepicks.com/images/teams/nfl/NFL_team_0YfEnoemuc9kqhqIkdwEcnPK/4.webp,57.81,57.81,50,50,1.98,1.5,59.79,46.36,56.32,43.68,6.32,56.32,Over,1.5,-2,13.93,No,,,,,,
N/A,9/28/2026,Colston Loveland,Receptions,3.5,standard,https://static.prizepicks.com/images/teams/nfl/NFL_team_0YfEnoemuc9kqhqIkdwEcnPK/84.webp,https://static.prizepicks.com/images/teams/nfl/NFL_team_0YfEnoemuc9kqhqIkdwEcnPK/84.webp,57.81,57.81,50,50,3.69,3.5,52.81,54.96,48.99,51.01,-1.01,51.01,Under,3.5,0,49.62,No,,,,,,
N/A,9/28/2026,Johnny Mundt,Receptions,3.5,demon,https://static.prizepicks.com/images/teams/nfl/NFL_team_ram7VKb86QoDRToIZOIN8rH/83.webp,https://static.prizepicks.com/images/teams/nfl/NFL_team_ram7VKb86QoDRToIZOIN8rH/83.webp,57.81,57.81,50,50,1.68,1.5,57.81,57.81,50,50,0,50,Over,1.5,-2,9.02,No,,,,,,
N/A,9/28/2026,Zach Ertz,Fantasy Score,3.5,standard,https://static.prizepicks.com/images/teams/nfl/NFL_team_ram7VKb86QoDRToIZOIN8rH/86.webp,https://static.prizepicks.com/images/teams/nfl/NFL_team_ram7VKb86QoDRToIZOIN8rH/86.webp,57.81,57.81,50,50,3.02,3.02,48.65,51.35,48.65,51.35,-1.35,51.35,Under,3.02,-0.48,51.35,Yes,,,,,,
N/A,9/28/2026,Cole Kmet,Fantasy Score,3.5,standard,https://static.prizepicks.com/images/teams/nfl/NFL_team_0YfEnoemuc9kqhqIkdwEcnPK/85.webp,https://static.prizepicks.com/images/teams/nfl/NFL_team_0YfEnoemuc9kqhqIkdwEcnPK/85.webp,57.81,57.81,50,50,3.35,3.35,49.58,50.42,49.58,50.42,-0.42,50.42,Under,3.35,-0.15,50.42,Yes,,,,,,
N/A,9/28/2026,Kyle Monangai,Receptions,3.5,demon,https://static.prizepicks.com/images/teams/nfl/NFL_team_0YfEnoemuc9kqhqIkdwEcnPK/25.webp,https://static.prizepicks.com/images/teams/nfl/NFL_team_0YfEnoemuc9kqhqIkdwEcnPK/25.webp,57.81,57.81,50,50,3.5,,,,,,,,,,,46.34,,,,,,,
N/A,9/28/2026,Will Shipley,Receiving Yards,3.5,standard,https://static.prizepicks.com/images/teams/nfl/NFL_team_ram7VKb86QoDRToIZOIN8rH/28.webp,https://static.prizepicks.com/images/teams/nfl/NFL_team_ram7VKb86QoDRToIZOIN8rH/28.webp,57.81,57.81,50,50,3.5,3.5,57.81,57.81,50,50,0,50,Under,3.5,0,50,No,,,,,,
N/A,9/28/2026,Dontayvion Wicks,Receptions,3,standard,https://static.prizepicks.com/images/teams/nfl/NFL_team_ram7VKb86QoDRToIZOIN8rH/13.webp,https://static.prizepicks.com/images/teams/nfl/NFL_team_ram7VKb86QoDRToIZOIN8rH/13.webp,57.81,57.81,50,50,3.28,3.5,43.56,62.75,40.97,59.03,-9.03,59.03,Under,3.5,0.5,58.48,No,,,,,,
N/A,9/28/2026,D'Andre Swift,Receptions,2.5,demon,https://static.prizepicks.com/images/teams/nfl/NFL_team_0YfEnoemuc9kqhqIkdwEcnPK/4.webp,https://static.prizepicks.com/images/teams/nfl/NFL_team_0YfEnoemuc9kqhqIkdwEcnPK/4.webp,57.81,57.81,50,50,1.98,1.5,59.79,46.36,56.32,43.68,6.32,56.32,Over,1.5,-1,31.79,No,,,,,,
N/A,9/28/2026,Rome Odunze,Receptions,2.5,demon,https://static.prizepicks.com/images/teams/nfl/NFL_team_0YfEnoemuc9kqhqIkdwEcnPK/15.webp,https://static.prizepicks.com/images/teams/nfl/NFL_team_0YfEnoemuc9kqhqIkdwEcnPK/15.webp,57.81,57.81,50,50,2.59,2.5,49.14,57.33,46.15,53.85,-3.85,46.15,Over,2.5,0,47.91,No,,,,,,
N/A,9/28/2026,Dontayvion Wicks,Receptions,2.5,goblin,https://static.prizepicks.com/images/teams/nfl/NFL_team_ram7VKb86QoDRToIZOIN8rH/13.webp,https://static.prizepicks.com/images/teams/nfl/NFL_team_ram7VKb86QoDRToIZOIN8rH/13.webp,57.81,57.81,50,50,3.28,3.5,43.56,62.75,40.97,59.03,-9.03,40.97,Over,3.5,1,63.65,Yes,,,,,,
N/A,9/28/2026,Makai Lemon,Receptions,2.5,standard,https://static.prizepicks.com/images/teams/nfl/NFL_team_ram7VKb86QoDRToIZOIN8rH/9.webp,https://static.prizepicks.com/images/teams/nfl/NFL_team_ram7VKb86QoDRToIZOIN8rH/9.webp,57.81,57.81,50,50,2.69,2.5,54.48,52.94,50.73,49.27,0.73,50.73,Over,2.5,0,50.39,No,,,,,,
N/A,9/28/2026,Colston Loveland,Receptions,2.5,goblin,https://static.prizepicks.com/images/teams/nfl/NFL_team_0YfEnoemuc9kqhqIkdwEcnPK/84.webp,https://static.prizepicks.com/images/teams/nfl/NFL_team_0YfEnoemuc9kqhqIkdwEcnPK/84.webp,57.81,57.81,50,50,3.69,3.5,52.81,54.96,48.99,51.01,-1.01,48.99,Over,3.5,1,71.29,Yes,,,,,,
N/A,9/28/2026,Saquon Barkley,Receptions,2.5,demon,https://static.prizepicks.com/images/teams/nfl/NFL_team_ram7VKb86QoDRToIZOIN8rH/26.webp,https://static.prizepicks.com/images/teams/nfl/NFL_team_ram7VKb86QoDRToIZOIN8rH/26.webp,57.81,57.81,50,50,2.4,2.5,44.82,61.59,42.12,57.88,-7.88,42.12,Over,2.47,-0.03,43.03,No,,,,,,
N/A,9/28/2026,Saquon Barkley,Rec Targets,2.5,standard,https://static.prizepicks.com/images/teams/nfl/NFL_team_ram7VKb86QoDRToIZOIN8rH/26.webp,https://static.prizepicks.com/images/teams/nfl/NFL_team_ram7VKb86QoDRToIZOIN8rH/26.webp,57.81,57.81,50,50,2.5,,,,,,,,,,,50,,,,,,,
N/A,9/28/2026,Jalen Hurts,INT,2.5,demon,https://static.prizepicks.com/images/teams/nfl/NFL_team_ram7VKb86QoDRToIZOIN8rH/1.webp,https://static.prizepicks.com/images/teams/nfl/NFL_team_ram7VKb86QoDRToIZOIN8rH/1.webp,57.81,57.81,50,50,0.52,0.5,43.99,63.27,41.02,58.98,-8.98,41.02,Over,0.51,-1.99,1.59,No,,,,,,
N/A,9/28/2026,Kalif Raymond,Receptions,2.5,goblin,https://static.prizepicks.com/images/teams/nfl/NFL_team_0YfEnoemuc9kqhqIkdwEcnPK/14.webp,https://static.prizepicks.com/images/teams/nfl/NFL_team_0YfEnoemuc9kqhqIkdwEcnPK/14.webp,57.81,57.81,50,50,2.98,2.5,60.15,46.08,56.63,43.38,6.63,56.63,Over,2.5,0,57.23,No,,,,,,
N/A,9/28/2026,Luther Burden III,Receptions,2.5,goblin,https://static.prizepicks.com/images/teams/nfl/NFL_team_0YfEnoemuc9kqhqIkdwEcnPK/10.webp,https://static.prizepicks.com/images/teams/nfl/NFL_team_0YfEnoemuc9kqhqIkdwEcnPK/10.webp,57.81,57.81,50,50,3.85,3.5,55.24,52.15,51.46,48.54,1.46,51.46,Over,3.55,1.05,73.91,Yes,,,,,,
N/A,9/28/2026,Zach Ertz,Receptions,2.5,demon,https://static.prizepicks.com/images/teams/nfl/NFL_team_ram7VKb86QoDRToIZOIN8rH/86.webp,https://static.prizepicks.com/images/teams/nfl/NFL_team_ram7VKb86QoDRToIZOIN8rH/86.webp,57.81,57.81,50,50,1.6,1.5,49.16,57.38,46.13,53.87,-3.87,46.13,Over,1.5,-1,21.66,No,,,,,,
N/A,9/28/2026,Case Keenum,Pass TDs,2.5,demon,https://static.prizepicks.com/images/teams/nfl/NFL_team_0YfEnoemuc9kqhqIkdwEcnPK/11.webp,https://static.prizepicks.com/images/teams/nfl/NFL_team_0YfEnoemuc9kqhqIkdwEcnPK/11.webp,57.81,57.81,50,50,0.65,0.5,68.69,38.34,64.18,35.82,14.18,64.18,Over,0.5,-2,2.83,No,,,,,,
N/A,9/28/2026,Case Keenum,INT,2.5,demon,https://static.prizepicks.com/images/teams/nfl/NFL_team_0YfEnoemuc9kqhqIkdwEcnPK/11.webp,https://static.prizepicks.com/images/teams/nfl/NFL_team_0YfEnoemuc9kqhqIkdwEcnPK/11.webp,57.81,57.81,50,50,0.77,0.5,57.47,49.49,53.73,46.27,3.73,53.73,Over,0.5,-2,4.32,No,,,,,,
N/A,9/28/2026,Cole Kmet,Receptions,2.5,demon,https://static.prizepicks.com/images/teams/nfl/NFL_team_0YfEnoemuc9kqhqIkdwEcnPK/85.webp,https://static.prizepicks.com/images/teams/nfl/NFL_team_0YfEnoemuc9kqhqIkdwEcnPK/85.webp,57.81,57.81,50,50,1.7,1.5,52.8,54.74,49.08,50.92,-0.92,49.08,Over,1.5,-1,24.28,No,,,,,,
N/A,9/28/2026,D'Andre Swift,Rec Targets,2,standard,https://static.prizepicks.com/images/teams/nfl/NFL_team_0YfEnoemuc9kqhqIkdwEcnPK/4.webp,https://static.prizepicks.com/images/teams/nfl/NFL_team_0YfEnoemuc9kqhqIkdwEcnPK/4.webp,57.81,57.81,50,50,2,,,,,,,,,,,50,,,,,,,
N/A,9/28/2026,Rome Odunze,Receptions,1.5,goblin,https://static.prizepicks.com/images/teams/nfl/NFL_team_0YfEnoemuc9kqhqIkdwEcnPK/15.webp,https://static.prizepicks.com/images/teams/nfl/NFL_team_0YfEnoemuc9kqhqIkdwEcnPK/15.webp,57.81,57.81,50,50,2.59,2.5,49.14,57.33,46.15,53.85,-3.85,46.15,Over,2.5,1,73.07,Yes,,,,,,
N/A,9/28/2026,Jalen Hurts,Pass TDs,1.5,demon,https://static.prizepicks.com/images/teams/nfl/NFL_team_ram7VKb86QoDRToIZOIN8rH/1.webp,https://static.prizepicks.com/images/teams/nfl/NFL_team_ram7VKb86QoDRToIZOIN8rH/1.webp,57.81,57.81,50,50,1.26,1.5,43.89,62.35,41.31,58.69,-8.69,41.31,Over,1.44,-0.06,35.89,No,,,,,,
N/A,9/28/2026,Makai Lemon,Receptions,1.5,goblin,https://static.prizepicks.com/images/teams/nfl/NFL_team_ram7VKb86QoDRToIZOIN8rH/9.webp,https://static.prizepicks.com/images/teams/nfl/NFL_team_ram7VKb86QoDRToIZOIN8rH/9.webp,57.81,57.81,50,50,2.69,2.5,54.48,52.94,50.73,49.27,0.73,50.73,Over,2.5,1,74.95,Yes,,,,,,
N/A,9/28/2026,Kalif Raymond,Receptions,1.5,goblin,https://static.prizepicks.com/images/teams/nfl/NFL_team_0YfEnoemuc9kqhqIkdwEcnPK/14.webp,https://static.prizepicks.com/images/teams/nfl/NFL_team_0YfEnoemuc9kqhqIkdwEcnPK/14.webp,57.81,57.81,50,50,2.98,2.5,60.15,46.08,56.63,43.38,6.63,56.63,Over,2.5,1,79.78,Yes,,,,,,
N/A,9/28/2026,Dontayvion Wicks,Receptions,1.5,goblin,https://static.prizepicks.com/images/teams/nfl/NFL_team_ram7VKb86QoDRToIZOIN8rH/13.webp,https://static.prizepicks.com/images/teams/nfl/NFL_team_ram7VKb86QoDRToIZOIN8rH/13.webp,57.81,57.81,50,50,3.28,3.5,43.56,62.75,40.97,59.03,-9.03,40.97,Over,3.5,2,83.9,Yes,,,,,,
N/A,9/28/2026,Saquon Barkley,Receptions,1.5,goblin,https://static.prizepicks.com/images/teams/nfl/NFL_team_ram7VKb86QoDRToIZOIN8rH/26.webp,https://static.prizepicks.com/images/teams/nfl/NFL_team_ram7VKb86QoDRToIZOIN8rH/26.webp,57.81,57.81,50,50,2.4,2.5,44.82,61.59,42.12,57.88,-7.88,42.12,Over,2.47,0.97,69.16,Yes,,,,,,
N/A,9/28/2026,D'Andre Swift,Receptions,1.5,goblin,https://static.prizepicks.com/images/teams/nfl/NFL_team_0YfEnoemuc9kqhqIkdwEcnPK/4.webp,https://static.prizepicks.com/images/teams/nfl/NFL_team_0YfEnoemuc9kqhqIkdwEcnPK/4.webp,57.81,57.81,50,50,1.98,1.5,59.79,46.36,56.32,43.68,6.32,56.32,Over,1.5,0,58.86,No,,,,,,
N/A,9/28/2026,Johnny Mundt,Receptions,1.5,standard,https://static.prizepicks.com/images/teams/nfl/NFL_team_ram7VKb86QoDRToIZOIN8rH/83.webp,https://static.prizepicks.com/images/teams/nfl/NFL_team_ram7VKb86QoDRToIZOIN8rH/83.webp,57.81,57.81,50,50,1.68,1.5,57.81,57.81,50,50,0,50,Under,1.5,0,49.95,No,,,,,,
N/A,9/28/2026,Jalen Hurts,Pass+Rush+Rec TDs,1.5,goblin,https://static.prizepicks.com/images/teams/nfl/NFL_team_ram7VKb86QoDRToIZOIN8rH/1.webp,https://static.prizepicks.com/images/teams/nfl/NFL_team_ram7VKb86QoDRToIZOIN8rH/1.webp,57.81,57.81,50,50,1.5,,,,,,,,,1.81,0.31,44.22,,,,,,,
N/A,9/28/2026,Zach Ertz,Fantasy Score,1.5,goblin,https://static.prizepicks.com/images/teams/nfl/NFL_team_ram7VKb86QoDRToIZOIN8rH/86.webp,https://static.prizepicks.com/images/teams/nfl/NFL_team_ram7VKb86QoDRToIZOIN8rH/86.webp,57.81,57.81,50,50,3.02,3.02,57.98,42.02,57.98,42.02,7.98,57.98,Over,3.02,1.52,57.98,Yes,,,,,,
N/A,9/28/2026,Cole Kmet,Receptions,1.5,standard,https://static.prizepicks.com/images/teams/nfl/NFL_team_0YfEnoemuc9kqhqIkdwEcnPK/85.webp,https://static.prizepicks.com/images/teams/nfl/NFL_team_0YfEnoemuc9kqhqIkdwEcnPK/85.webp,57.81,57.81,50,50,1.7,1.5,52.8,54.74,49.08,50.92,-0.92,50.92,Under,1.5,0,49.32,No,,,,,,
N/A,9/28/2026,Kyle Monangai,Receptions,1.5,demon,https://static.prizepicks.com/images/teams/nfl/NFL_team_0YfEnoemuc9kqhqIkdwEcnPK/25.webp,https://static.prizepicks.com/images/teams/nfl/NFL_team_0YfEnoemuc9kqhqIkdwEcnPK/25.webp,57.81,57.81,50,50,1.5,,,,,,,,,,,44.22,,,,,,,
N/A,9/28/2026,Case Keenum,Pass TDs,1.5,demon,https://static.prizepicks.com/images/teams/nfl/NFL_team_0YfEnoemuc9kqhqIkdwEcnPK/11.webp,https://static.prizepicks.com/images/teams/nfl/NFL_team_0YfEnoemuc9kqhqIkdwEcnPK/11.webp,57.81,57.81,50,50,0.65,0.5,68.69,38.34,64.18,35.82,14.18,64.18,Over,0.5,-1,13.86,No,,,,,,
N/A,9/28/2026,Will Shipley,Receptions,1.5,demon,https://static.prizepicks.com/images/teams/nfl/NFL_team_ram7VKb86QoDRToIZOIN8rH/28.webp,https://static.prizepicks.com/images/teams/nfl/NFL_team_ram7VKb86QoDRToIZOIN8rH/28.webp,57.81,57.81,50,50,1.5,,,,,,,,,,,44.22,,,,,,,
N/A,9/28/2026,Case Keenum,INT,1.5,demon,https://static.prizepicks.com/images/teams/nfl/NFL_team_0YfEnoemuc9kqhqIkdwEcnPK/11.webp,https://static.prizepicks.com/images/teams/nfl/NFL_team_0YfEnoemuc9kqhqIkdwEcnPK/11.webp,57.81,57.81,50,50,0.77,0.5,57.47,49.49,53.73,46.27,3.73,53.73,Over,0.5,-1,18.05,No,,,,,,
N/A,9/28/2026,Zach Ertz,Receptions,1.5,demon,https://static.prizepicks.com/images/teams/nfl/NFL_team_ram7VKb86QoDRToIZOIN8rH/86.webp,https://static.prizepicks.com/images/teams/nfl/NFL_team_ram7VKb86QoDRToIZOIN8rH/86.webp,57.81,57.81,50,50,1.6,1.5,49.16,57.38,46.13,53.87,-3.87,46.13,Over,1.5,0,47.51,No,,,,,,
N/A,9/28/2026,Jalen Hurts,INT,0.5,demon,https://static.prizepicks.com/images/teams/nfl/NFL_team_ram7VKb86QoDRToIZOIN8rH/1.webp,https://static.prizepicks.com/images/teams/nfl/NFL_team_ram7VKb86QoDRToIZOIN8rH/1.webp,57.81,57.81,50,50,0.52,0.5,43.99,63.27,41.02,58.98,-8.98,41.02,Over,0.51,0.01,40.55,Yes,,,,,,
N/A,9/28/2026,Jalen Hurts,Pass TDs,0.5,goblin,https://static.prizepicks.com/images/teams/nfl/NFL_team_ram7VKb86QoDRToIZOIN8rH/1.webp,https://static.prizepicks.com/images/teams/nfl/NFL_team_ram7VKb86QoDRToIZOIN8rH/1.webp,57.81,57.81,50,50,1.26,1.5,43.89,62.35,41.31,58.69,-8.69,41.31,Over,1.44,0.94,71.63,Yes,,,,,,
N/A,9/28/2026,D'Andre Swift,Receptions,0.5,goblin,https://static.prizepicks.com/images/teams/nfl/NFL_team_0YfEnoemuc9kqhqIkdwEcnPK/4.webp,https://static.prizepicks.com/images/teams/nfl/NFL_team_0YfEnoemuc9kqhqIkdwEcnPK/4.webp,57.81,57.81,50,50,1.98,1.5,59.79,46.36,56.32,43.68,6.32,56.32,Over,1.5,1,86.19,Yes,,,,,,
N/A,9/28/2026,Case Keenum,Pass TDs,0.5,goblin,https://static.prizepicks.com/images/teams/nfl/NFL_team_0YfEnoemuc9kqhqIkdwEcnPK/11.webp,https://static.prizepicks.com/images/teams/nfl/NFL_team_0YfEnoemuc9kqhqIkdwEcnPK/11.webp,57.81,57.81,50,50,0.65,0.5,68.69,38.34,64.18,35.82,14.18,64.18,Over,0.5,0,47.8,No,,,,,,
N/A,9/28/2026,Will Shipley,Receptions,0.5,goblin,https://static.prizepicks.com/images/teams/nfl/NFL_team_ram7VKb86QoDRToIZOIN8rH/28.webp,https://static.prizepicks.com/images/teams/nfl/NFL_team_ram7VKb86QoDRToIZOIN8rH/28.webp,57.81,57.81,50,50,0.5,,,,,,,,,,,39.35,,,,,,,
N/A,9/28/2026,Case Keenum,INT,0.5,goblin,https://static.prizepicks.com/images/teams/nfl/NFL_team_0YfEnoemuc9kqhqIkdwEcnPK/11.webp,https://static.prizepicks.com/images/teams/nfl/NFL_team_0YfEnoemuc9kqhqIkdwEcnPK/11.webp,57.81,57.81,50,50,0.77,0.5,57.47,49.49,53.73,46.27,3.73,53.73,Over,0.5,0,53.7,No,,,,,,
N/A,9/28/2026,Zach Ertz,Receptions,0.5,goblin,https://static.prizepicks.com/images/teams/nfl/NFL_team_ram7VKb86QoDRToIZOIN8rH/86.webp,https://static.prizepicks.com/images/teams/nfl/NFL_team_ram7VKb86QoDRToIZOIN8rH/86.webp,57.81,57.81,50,50,1.6,1.5,49.16,57.38,46.13,53.87,-3.87,46.13,Over,1.5,1,79.81,Yes,,,,,,
N/A,9/28/2026,Cole Kmet,Receptions,0.5,goblin,https://static.prizepicks.com/images/teams/nfl/NFL_team_0YfEnoemuc9kqhqIkdwEcnPK/85.webp,https://static.prizepicks.com/images/teams/nfl/NFL_team_0YfEnoemuc9kqhqIkdwEcnPK/85.webp,57.81,57.81,50,50,1.7,1.5,52.8,54.74,49.08,50.92,-0.92,49.08,Over,1.5,1,81.73,Yes,,,,,,
N/A,10/4/2026,Jordan Love,Pass Yards,239.5,standard,https://static.prizepicks.com/images/teams/nfl/NFL_team_TNRemwB6F1YIPVNSdLRHtofD/10.webp,https://static.prizepicks.com/images/teams/nfl/NFL_team_TNRemwB6F1YIPVNSdLRHtofD/10.webp,57.81,57.81,50,50,239.5,,,,,,,,,,,50,,,,,,,
N/A,10/4/2026,Christian Watson,Receiving Yards,70.5,standard,https://static.prizepicks.com/images/teams/nfl/NFL_team_TNRemwB6F1YIPVNSdLRHtofD/9.webp,https://static.prizepicks.com/images/teams/nfl/NFL_team_TNRemwB6F1YIPVNSdLRHtofD/9.webp,57.81,57.81,50,50,70.5,,,,,,,,,68.2,-2.3,50,,,,,,,
N/A,10/4/2026,Matthew Golden,Receiving Yards,59.5,standard,https://static.prizepicks.com/images/teams/nfl/NFL_team_TNRemwB6F1YIPVNSdLRHtofD/0.webp,https://static.prizepicks.com/images/teams/nfl/NFL_team_TNRemwB6F1YIPVNSdLRHtofD/0.webp,57.81,57.81,50,50,59.5,,,,,,,,,,,50,,,,,,,
N/A,10/5/2026,Michael Penix Jr.,Pass Yards,212.5,standard,https://static.prizepicks.com/images/teams/nfl/NFL_team_bhOH9sstI1oREOahYn8bXg69/9.webp,https://static.prizepicks.com/images/teams/nfl/NFL_team_bhOH9sstI1oREOahYn8bXg69/9.webp,57.81,57.81,50,50,212.5,,,,,,,,,,,50,,,,,,,
N/A,10/5/2026,Bijan Robinson,Rush Yards,83.5,standard,https://static.prizepicks.com/images/teams/nfl/NFL_team_bhOH9sstI1oREOahYn8bXg69/7.webp,https://static.prizepicks.com/images/teams/nfl/NFL_team_bhOH9sstI1oREOahYn8bXg69/7.webp,57.81,57.81,50,50,83.5,,,,,,,,,77.9,-5.6,50,,,,,,,
N/A,10/5/2026,Drake London,Receiving Yards,72.5,standard,https://static.prizepicks.com/images/teams/nfl/NFL_team_bhOH9sstI1oREOahYn8bXg69/5.webp,https://static.prizepicks.com/images/teams/nfl/NFL_team_bhOH9sstI1oREOahYn8bXg69/5.webp,57.81,57.81,50,50,72.5,,,,,,,,,,,50,,,,,,,
N/A,10/5/2026,Bijan Robinson,Receiving Yards,36.5,standard,https://static.prizepicks.com/images/teams/nfl/NFL_team_bhOH9sstI1oREOahYn8bXg69/7.webp,https://static.prizepicks.com/images/teams/nfl/NFL_team_bhOH9sstI1oREOahYn8bXg69/7.webp,57.81,57.81,50,50,36.5,,,,,,,,,38.1,1.6,50,,,,,,,
