Source,Sport,Player ID,Player Name,Position,Team,Stat Type,Line Score,Adjusted Odds,Implied Probability,Date,Start Time (CST),Status,League,Odds Type,Headshot URL,Data ID,Average Line,Average No-Vig Over %,Average No-Vig Under %,Percent Difference,Max No-Vig %,Bet Tag,Player Image,Game Start Time,Fav,Spread,O/U,Game Short Title,Scheduled At,Match Progress,Venue Name,Venue Type,Broadcasts,Max No-Vig % Price,True Price,Date,True Point Average Line,EST. Return Date,Injury Status,Comment,Starter,Opp,PrizePicks,Opportunities,Edge % Over,Edge % Under,Edge %,DvP Projection,DVP Rank,Opp +/-,DVP Bet,Average Projected,DVP Adjusted,Total Projection,Underdog Line,Callout Bet Tag
PrizePicks,Soccer,336381,James Trafford,Goalkeeper,Leeds,Goalie Fantasy Score,9.5,N/A,,10/9/2026,11:30:00 PM,pre_game,EPL,standard,https://static.prizepicks.com/images/manual/James Trafford.png,15590783,,,,,,Under,https://static.prizepicks.com/images/manual/James Trafford.png,11:30 PM,England,-1.7,2.6,,11:30 PM,,,,,,,,,,,,,,,,,,,,,,,0,0,0,,Push
PrizePicks,Soccer,336381,James Trafford,Goalkeeper,Leeds,Goalie Saves,4,N/A,,10/9/2026,11:30:00 PM,pre_game,EPL,standard,https://static.prizepicks.com/images/manual/James Trafford.png,15524960,4.5,48.033,51.967,,,Under,https://static.prizepicks.com/images/manual/James Trafford.png,11:30 PM,England,-1.7,2.6,,11:30 PM,,,,,,,,4.50,,,,,,,,48.6231,51.3769,48.6,,,,,4.5,4.5,4.5,4.5,Push
PrizePicks,Soccer,319494,Viktor Gyökeres,Attacker,Arsenal,Shots,3,N/A,,10/9/2026,11:30:00 PM,pre_game,EPL,standard,https://static.prizepicks.com/images/manual/ViktorGyökeres.webp,15590957,2.5,56.56,43.44,,,Over,https://static.prizepicks.com/images/manual/ViktorGyökeres.webp,11:30 PM,Netherlands,-0.8,2.6,Netherlands vs Sweden,11:30 PM,,Houston Stadium,,,,,,2.50,,,,,,,,54.592,45.408,54.6,,,,,2.5,2.5,2.5,2.5,Push
PrizePicks,Soccer,319189,Kai Havertz,Attacker,Arsenal,Shots,3,N/A,,10/9/2026,11:30:00 PM,pre_game,EPL,standard,https://static.prizepicks.com/images/manual/KaiHavertz.webp,15590962,,,,,,,https://static.prizepicks.com/images/manual/KaiHavertz.webp,11:30 PM,Germany,-1.2,2.6,Germany vs Ivory Coast,11:30 PM,,Toronto Stadium,,,,,,,,,,,,,,,,,,,,,0,0,0,,Push
PrizePicks,Soccer,319482,Eberechi Eze,Midfielder,Arsenal,Shots,3,N/A,,10/9/2026,11:30:00 PM,pre_game,EPL,standard,https://static.prizepicks.com/images/players/soccer/4wic6z72nwmhkheme209fcmp5.webp,15590992,2.5,54.201,45.799,,,Over,https://static.prizepicks.com/images/players/soccer/4wic6z72nwmhkheme209fcmp5.webp,11:30 PM,England,-1.7,2.6,,11:30 PM,,,,,,,,2.50,,,,,,,,52.9407,47.0593,52.9,,,,,2.5,2.5,2.5,2.5,Push
PrizePicks,Soccer,319492,Martin Ødegaard,Midfielder,Arsenal,Shots,2,N/A,,10/9/2026,11:30:00 PM,pre_game,EPL,standard,https://static.prizepicks.com/images/manual/odegaard.png,15591012,,,,,,,https://static.prizepicks.com/images/manual/odegaard.png,11:30 PM,,,,,11:30 PM,,,,,,,,,,,,,,,,,,,,,,,0,0,0,,Push
PrizePicks,Soccer,319611,David Raya,Goalkeeper,Arsenal,Goalie Saves,1.5,N/A,,10/9/2026,11:30:00 PM,pre_game,EPL,standard,https://static.prizepicks.com/images/players/soccer/4iijb6llnz28unsz4rirr3umt.webp,15524949,1.5,63.968,36.032,,,Over,https://static.prizepicks.com/images/players/soccer/4iijb6llnz28unsz4rirr3umt.webp,11:30 PM,Spain,-2.5,3.3,,11:30 PM,,,,,,,,1.50,,,,,,,,63.968,36.032,64.0,,,,,1.5,1.5,1.5,1.5,Push
PrizePicks,Soccer,319481,Declan Rice,Midfielder,Arsenal,Passes Attempted,69.5,N/A,,10/9/2026,11:30:00 PM,pre_game,EPL,standard,https://static.prizepicks.com/images/players/soccer/6jgocc12bori2wygyu07c082x.webp,15564768,,,,,,,https://static.prizepicks.com/images/players/soccer/6jgocc12bori2wygyu07c082x.webp,11:30 PM,England,-1.7,2.6,,11:30 PM,,,,,,,,,,,,,,,,,,,,,,,0,0,0,,Push
PrizePicks,Soccer,319486,Gabriel Magalhães,Defender,Arsenal,Passes Attempted,60.5,N/A,,10/9/2026,11:30:00 PM,pre_game,EPL,standard,https://static.prizepicks.com/images/manual/gabriel.png,15565271,,,,,,,https://static.prizepicks.com/images/manual/gabriel.png,11:30 PM,,,,,11:30 PM,,,,,,,,,,,,,,,,,,,,,,,0,0,0,,Push
PrizePicks,Soccer,319492,Martin Ødegaard,Midfielder,Arsenal,Passes Attempted,52.5,N/A,,10/9/2026,11:30:00 PM,pre_game,EPL,standard,https://static.prizepicks.com/images/manual/odegaard.png,15565145,,,,,,,https://static.prizepicks.com/images/manual/odegaard.png,11:30 PM,,,,,11:30 PM,,,,,,,,,,,,,,,,,,,,,,,0,0,0,,Push
PrizePicks,Soccer,334455,Tarik Muharemovic,Defender,Leeds,Passes Attempted,45.5,N/A,,10/9/2026,11:30:00 PM,pre_game,EPL,standard,https://static.prizepicks.com/images/manual/Tarik Muharemovic.png,15565404,,,,,,,https://static.prizepicks.com/images/manual/Tarik Muharemovic.png,11:30 PM,,,,,11:30 PM,,,,,,,,,,,,,,,,,,,,,,,0,0,0,,Push
PrizePicks,Soccer,319315,Ethan Ampadu,Midfielder,Leeds,Passes Attempted,42.5,N/A,,10/9/2026,11:30:00 PM,pre_game,EPL,standard,https://static.prizepicks.com/images/players/soccer/f1ma05bi3t1hfbflylx5d9tyh.webp,15565024,,,,,,,https://static.prizepicks.com/images/players/soccer/f1ma05bi3t1hfbflylx5d9tyh.webp,11:30 PM,,,,,11:30 PM,,,,,,,,,,,,,,,,,,,,,,,0,0,0,,Push
PrizePicks,Soccer,319611,David Raya,Goalkeeper,Arsenal,Passes Attempted,33.5,N/A,,10/9/2026,11:30:00 PM,pre_game,EPL,standard,https://static.prizepicks.com/images/players/soccer/4iijb6llnz28unsz4rirr3umt.webp,15564907,,,,,,,https://static.prizepicks.com/images/players/soccer/4iijb6llnz28unsz4rirr3umt.webp,11:30 PM,Spain,-2.5,3.3,,11:30 PM,,,,,,,,,,,,,,,,,,,,,,,0,0,0,,Push
PrizePicks,Soccer,319179,Bukayo Saka,Attacker,Arsenal,Passes Attempted,30.5,N/A,,10/9/2026,11:30:00 PM,pre_game,EPL,standard,https://static.prizepicks.com/images/manual/saka.png,15565328,,,,,,,https://static.prizepicks.com/images/manual/saka.png,11:30 PM,England,-1.7,2.6,,11:30 PM,,,,,,,,,,,,,,,,,,,,,,,0,0,0,,Push
PrizePicks,Soccer,319309,Anton Stach,Midfielder,Leeds,Passes Attempted,29.5,N/A,,10/9/2026,11:30:00 PM,pre_game,EPL,standard,https://static.prizepicks.com/images/players/soccer/az7owi5t4bclkamjsjuyxzv1l.webp,15564886,,,,,,,https://static.prizepicks.com/images/players/soccer/az7owi5t4bclkamjsjuyxzv1l.webp,11:30 PM,,,,,11:30 PM,,,,,,,,,,,,,,,,,,,,,,,0,0,0,,Push
PrizePicks,Soccer,319189,Kai Havertz,Attacker,Arsenal,Passes Attempted,23.5,N/A,,10/9/2026,11:30:00 PM,pre_game,EPL,standard,https://static.prizepicks.com/images/manual/KaiHavertz.webp,15565003,,,,,,,https://static.prizepicks.com/images/manual/KaiHavertz.webp,11:30 PM,Germany,-1.2,2.6,Germany vs Ivory Coast,11:30 PM,,Toronto Stadium,,,,,,,,,,,,,,,,,,,,,0,0,0,,Push
PrizePicks,Soccer,319179,Bukayo Saka,Attacker,Arsenal,Outfield Fantasy Score,17.5,N/A,,10/9/2026,11:30:00 PM,pre_game,EPL,standard,https://static.prizepicks.com/images/manual/saka.png,15565376,,,,,,Under,https://static.prizepicks.com/images/manual/saka.png,11:30 PM,England,-1.7,2.6,,11:30 PM,,,,,,,,,,,,,,,,,,,,,,,0,0,0,,Push
PrizePicks,Soccer,319189,Kai Havertz,Attacker,Arsenal,Outfield Fantasy Score,15.5,N/A,,10/9/2026,11:30:00 PM,pre_game,EPL,standard,https://static.prizepicks.com/images/manual/KaiHavertz.webp,15565013,,,,,,Under,https://static.prizepicks.com/images/manual/KaiHavertz.webp,11:30 PM,Germany,-1.2,2.6,Germany vs Ivory Coast,11:30 PM,,Toronto Stadium,,,,,,,,,,,,,,,,,,,,,0,0,0,,Push
PrizePicks,Soccer,319481,Declan Rice,Midfielder,Arsenal,Outfield Fantasy Score,13.5,N/A,,10/9/2026,11:30:00 PM,pre_game,EPL,standard,https://static.prizepicks.com/images/players/soccer/6jgocc12bori2wygyu07c082x.webp,15564945,,,,,,Under,https://static.prizepicks.com/images/players/soccer/6jgocc12bori2wygyu07c082x.webp,11:30 PM,England,-1.7,2.6,,11:30 PM,,,,,,,,,,,,,,,,,,,,,,,0,0,0,,Push
PrizePicks,Soccer,319421,Dominic Calvert-Lewin,Attacker,Leeds,Passes Attempted,13.5,N/A,,10/9/2026,11:30:00 PM,pre_game,EPL,standard,https://static.prizepicks.com/images/players/soccer/374kcix9j7e1cob4uxmfncwyd.webp,15564972,,,,,,,https://static.prizepicks.com/images/players/soccer/374kcix9j7e1cob4uxmfncwyd.webp,11:30 PM,,,,,11:30 PM,,,,,,,,,,,,,,,,,,,,,,,0,0,0,,Push
PrizePicks,Soccer,319492,Martin Ødegaard,Midfielder,Arsenal,Outfield Fantasy Score,12.5,N/A,,10/9/2026,11:30:00 PM,pre_game,EPL,standard,https://static.prizepicks.com/images/manual/odegaard.png,15565230,,,,,,Under,https://static.prizepicks.com/images/manual/odegaard.png,11:30 PM,,,,,11:30 PM,,,,,,,,,,,,,,,,,,,,,,,0,0,0,,Push
PrizePicks,Soccer,319309,Anton Stach,Midfielder,Leeds,Outfield Fantasy Score,11.5,N/A,,10/9/2026,11:30:00 PM,pre_game,EPL,standard,https://static.prizepicks.com/images/players/soccer/az7owi5t4bclkamjsjuyxzv1l.webp,15564817,,,,,,Under,https://static.prizepicks.com/images/players/soccer/az7owi5t4bclkamjsjuyxzv1l.webp,11:30 PM,,,,,11:30 PM,,,,,,,,,,,,,,,,,,,,,,,0,0,0,,Push
PrizePicks,Soccer,334455,Tarik Muharemovic,Defender,Leeds,Outfield Fantasy Score,11.5,N/A,,10/9/2026,11:30:00 PM,pre_game,EPL,standard,https://static.prizepicks.com/images/manual/Tarik Muharemovic.png,15565401,,,,,,Under,https://static.prizepicks.com/images/manual/Tarik Muharemovic.png,11:30 PM,,,,,11:30 PM,,,,,,,,,,,,,,,,,,,,,,,0,0,0,,Push
PrizePicks,Soccer,319611,David Raya,Goalkeeper,Arsenal,Goalie Fantasy Score,11.5,N/A,,10/9/2026,11:30:00 PM,pre_game,EPL,standard,https://static.prizepicks.com/images/players/soccer/4iijb6llnz28unsz4rirr3umt.webp,15565604,,,,,,Under,https://static.prizepicks.com/images/players/soccer/4iijb6llnz28unsz4rirr3umt.webp,11:30 PM,Spain,-2.5,3.3,,11:30 PM,,,,,,,,,,,,,,,,,,,,,,,0,0,0,,Push
PrizePicks,Soccer,319486,Gabriel Magalhães,Defender,Arsenal,Outfield Fantasy Score,11,N/A,,10/9/2026,11:30:00 PM,pre_game,EPL,standard,https://static.prizepicks.com/images/manual/gabriel.png,15565199,,,,,,Under,https://static.prizepicks.com/images/manual/gabriel.png,11:30 PM,,,,,11:30 PM,,,,,,,,,,,,,,,,,,,,,,,0,0,0,,Push
PrizePicks,Soccer,319315,Ethan Ampadu,Midfielder,Leeds,Outfield Fantasy Score,7.5,N/A,,10/9/2026,11:30:00 PM,pre_game,EPL,standard,https://static.prizepicks.com/images/players/soccer/f1ma05bi3t1hfbflylx5d9tyh.webp,15565066,,,,,,Under,https://static.prizepicks.com/images/players/soccer/f1ma05bi3t1hfbflylx5d9tyh.webp,11:30 PM,,,,,11:30 PM,,,,,,,,,,,,,,,,,,,,,,,0,0,0,,Push
PrizePicks,Soccer,334455,Tarik Muharemovic,Defender,Leeds,Clearances,7.5,N/A,,10/9/2026,11:30:00 PM,pre_game,EPL,standard,https://static.prizepicks.com/images/manual/Tarik Muharemovic.png,15565286,,,,,,,https://static.prizepicks.com/images/manual/Tarik Muharemovic.png,11:30 PM,,,,,11:30 PM,,,,,,,,,,,,,,,,,,,,,,,0,0,0,,Push
PrizePicks,Soccer,319310,Ao Tanaka,Midfielder,Leeds,Outfield Fantasy Score,7.5,N/A,,10/9/2026,11:30:00 PM,pre_game,EPL,standard,https://static.prizepicks.com/images/players/soccer/28ucbvor6b0yxreoieehudfc9.webp,15565489,,,,,,Under,https://static.prizepicks.com/images/players/soccer/28ucbvor6b0yxreoieehudfc9.webp,11:30 PM,Tunisia,1.1,2.5,,11:30 PM,,,,,,,,,,,,,,,,,,,,,,,0,0,0,,Push
PrizePicks,Soccer,349933,David Raya + James Trafford,Goalkeeper,Arsenal/Leeds,Goalie Saves (Combo),6,N/A,,10/9/2026,11:30:00 PM,pre_game,EPL,standard,https://static.prizepicks.com/images/manual/David Raya + James Trafford.png,15551628,,,,,,,https://static.prizepicks.com/images/manual/David Raya + James Trafford.png,11:30 PM,,,,,11:30 PM,,,,,,,,,,,,,,,,,,,,,,,0,0,0,,Push
PrizePicks,Soccer,319309,Anton Stach,Midfielder,Leeds,Crosses,5.5,N/A,,10/9/2026,11:30:00 PM,pre_game,EPL,standard,https://static.prizepicks.com/images/players/soccer/az7owi5t4bclkamjsjuyxzv1l.webp,15564765,,,,,,,https://static.prizepicks.com/images/players/soccer/az7owi5t4bclkamjsjuyxzv1l.webp,11:30 PM,,,,,11:30 PM,,,,,,,,,,,,,,,,,,,,,,,0,0,0,,Push
PrizePicks,Soccer,319486,Gabriel Magalhães,Defender,Arsenal,Clearances,5.5,N/A,,10/9/2026,11:30:00 PM,pre_game,EPL,standard,https://static.prizepicks.com/images/manual/gabriel.png,15565204,,,,,,,https://static.prizepicks.com/images/manual/gabriel.png,11:30 PM,,,,,11:30 PM,,,,,,,,,,,,,,,,,,,,,,,0,0,0,,Push
PrizePicks,Soccer,319179,Bukayo Saka,Attacker,Arsenal,Crosses,4,N/A,,10/9/2026,11:30:00 PM,pre_game,EPL,standard,https://static.prizepicks.com/images/manual/saka.png,15565372,,,,,,,https://static.prizepicks.com/images/manual/saka.png,11:30 PM,England,-1.7,2.6,,11:30 PM,,,,,,,,,,,,,,,,,,,,,,,0,0,0,,Push
PrizePicks,Soccer,319179,Bukayo Saka,Attacker,Arsenal,Shots,3.5,N/A,,10/9/2026,11:30:00 PM,pre_game,EPL,standard,https://static.prizepicks.com/images/manual/saka.png,15490112,2.5,58.819,41.181,,,Over,https://static.prizepicks.com/images/manual/saka.png,11:30 PM,England,-1.7,2.6,,11:30 PM,,,,,,,,2.50,,,,,,,,55.2914,44.7086,55.3,,,,,2.5,2.5,2.5,2.5,Push
PrizePicks,Soccer,319179,Bukayo Saka,Attacker,Arsenal,Attempted Dribbles,3.5,N/A,,10/9/2026,11:30:00 PM,pre_game,EPL,standard,https://static.prizepicks.com/images/manual/saka.png,15565336,,,,,,,https://static.prizepicks.com/images/manual/saka.png,11:30 PM,England,-1.7,2.6,,11:30 PM,,,,,,,,,,,,,,,,,,,,,,,0,0,0,,Push
PrizePicks,Soccer,319492,Martin Ødegaard,Midfielder,Arsenal,Shots Assisted,3,N/A,,10/9/2026,11:30:00 PM,pre_game,EPL,standard,https://static.prizepicks.com/images/manual/odegaard.png,15565208,,,,,,,https://static.prizepicks.com/images/manual/odegaard.png,11:30 PM,,,,,11:30 PM,,,,,,,,,,,,,,,,,,,,,,,0,0,0,,Push
PrizePicks,Soccer,349933,David Raya + James Trafford,Goalkeeper,Arsenal/Leeds,Goals Allowed (Combo),2.5,N/A,,10/9/2026,11:30:00 PM,pre_game,EPL,standard,https://static.prizepicks.com/images/manual/David Raya + James Trafford.png,15551629,,,,,,,https://static.prizepicks.com/images/manual/David Raya + James Trafford.png,11:30 PM,,,,,11:30 PM,,,,,,,,,,,,,,,,,,,,,,,0,0,0,,Push
PrizePicks,Soccer,319492,Martin Ødegaard,Midfielder,Arsenal,Attempted Dribbles,2,N/A,,10/9/2026,11:30:00 PM,pre_game,EPL,standard,https://static.prizepicks.com/images/manual/odegaard.png,15565152,,,,,,,https://static.prizepicks.com/images/manual/odegaard.png,11:30 PM,,,,,11:30 PM,,,,,,,,,,,,,,,,,,,,,,,0,0,0,,Push
PrizePicks,Soccer,319189,Kai Havertz,Attacker,Arsenal,Clearances,0.5,N/A,,10/9/2026,11:30:00 PM,pre_game,EPL,standard,https://static.prizepicks.com/images/manual/KaiHavertz.webp,15565079,,,,,,,https://static.prizepicks.com/images/manual/KaiHavertz.webp,11:30 PM,Germany,-1.2,2.6,Germany vs Ivory Coast,11:30 PM,,Toronto Stadium,,,,,,,,,,,,,,,,,,,,,0,0,0,,Push
PrizePicks,Soccer,319189,Kai Havertz,Attacker,Arsenal,Attempted Dribbles,0.5,TRUE,,10/9/2026,11:30:00 PM,pre_game,EPL,standard,https://static.prizepicks.com/images/manual/KaiHavertz.webp,15565081,,,,,,,https://static.prizepicks.com/images/manual/KaiHavertz.webp,11:30 PM,Germany,-1.2,2.6,Germany vs Ivory Coast,11:30 PM,,Toronto Stadium,,,,,,,,,,,,,,,,,,,,,0,0,0,,Push
PrizePicks,Soccer,319189,Kai Havertz,Attacker,Arsenal,Shots Assisted,0.5,TRUE,,10/9/2026,11:30:00 PM,pre_game,EPL,standard,https://static.prizepicks.com/images/manual/KaiHavertz.webp,15565122,,,,,,,https://static.prizepicks.com/images/manual/KaiHavertz.webp,11:30 PM,Germany,-1.2,2.6,Germany vs Ivory Coast,11:30 PM,,Toronto Stadium,,,,,,,,,,,,,,,,,,,,,0,0,0,,Push
PrizePicks,Soccer,319310,Ao Tanaka,Midfielder,Leeds,Attempted Dribbles,0.5,N/A,,10/9/2026,11:30:00 PM,pre_game,EPL,standard,https://static.prizepicks.com/images/players/soccer/28ucbvor6b0yxreoieehudfc9.webp,15565498,,,,,,,https://static.prizepicks.com/images/players/soccer/28ucbvor6b0yxreoieehudfc9.webp,11:30 PM,Tunisia,1.1,2.5,,11:30 PM,,,,,,,,,,,,,,,,,,,,,,,0,0,0,,Push
PrizePicks,Soccer,319310,Ao Tanaka,Midfielder,Leeds,Shots Assisted,0.5,N/A,,10/9/2026,11:30:00 PM,pre_game,EPL,standard,https://static.prizepicks.com/images/players/soccer/28ucbvor6b0yxreoieehudfc9.webp,15565526,,,,,,,https://static.prizepicks.com/images/players/soccer/28ucbvor6b0yxreoieehudfc9.webp,11:30 PM,Tunisia,1.1,2.5,,11:30 PM,,,,,,,,,,,,,,,,,,,,,,,0,0,0,,Push
PrizePicks,Soccer,319617,Caoimhín Kelleher,Goalkeeper,Brentford,Goalie Fantasy Score,10.5,N/A,,10/10/2026,2:00:00 AM,pre_game,EPL,standard,https://static.prizepicks.com/images/players/soccer/dpw4s6nbkfcrjlqxxgf9j5yhh.webp,15591666,,,,,,Under,https://static.prizepicks.com/images/players/soccer/dpw4s6nbkfcrjlqxxgf9j5yhh.webp,2:00 AM,,,,,2:00 AM,,,,,,,,,,,,,,,,,,,,,,,0,0,0,,Push
PrizePicks,Soccer,337167,Zion Suzuki,Goalkeeper,Villa,Goalie Fantasy Score,10.5,N/A,,10/10/2026,2:00:00 AM,pre_game,EPL,standard,https://static.prizepicks.com/images/manual/Zion Suzuki.png,15591674,,,,,,Over,https://static.prizepicks.com/images/manual/Zion Suzuki.png,2:00 AM,Tunisia,1.1,2.5,Tunisia vs Japan,2:00 AM,,Estadio Monterrey,,,,,,9.90,,,,,,,,51.89,48.11,51.9,,,,,9.9,9.9,9.9,,Push
PrizePicks,Soccer,337167,Zion Suzuki,Goalkeeper,Villa,Goalie Saves,3,N/A,,10/10/2026,2:00:00 AM,pre_game,EPL,standard,https://static.prizepicks.com/images/manual/Zion Suzuki.png,15525170,2.5,62.489,37.511,,,Over,https://static.prizepicks.com/images/manual/Zion Suzuki.png,2:00 AM,Tunisia,1.1,2.5,Tunisia vs Japan,2:00 AM,,Estadio Monterrey,,,,,,2.50,,,,,,,,58.7423,41.2577,58.7,,,,,2.5,2.5,2.5,2.5,Push
PrizePicks,Soccer,319617,Caoimhín Kelleher,Goalkeeper,Brentford,Goalie Saves,3,N/A,,10/10/2026,2:00:00 AM,pre_game,EPL,standard,https://static.prizepicks.com/images/players/soccer/dpw4s6nbkfcrjlqxxgf9j5yhh.webp,15525200,3.5,47.381,52.619,,,Under,https://static.prizepicks.com/images/players/soccer/dpw4s6nbkfcrjlqxxgf9j5yhh.webp,2:00 AM,,,,,2:00 AM,,,,,,,,3.50,,,,,,,,48.1667,51.8333,48.2,,,,,3.5,3.5,3.5,3.5,Push
PrizePicks,Soccer,339480,Nicolas Jackson,Attacker,Villa,Shots,2.5,N/A,,10/10/2026,2:00:00 AM,pre_game,EPL,standard,https://static.prizepicks.com/images/manual/Nicolas Jackson.png,15591744,2.5,47.21,52.79,,,Under,https://static.prizepicks.com/images/manual/Nicolas Jackson.png,2:00 AM,Norway,-0.6,2.5,,2:00 AM,,,,,,,,2.50,,,,,,,,47.21,52.79,52.8,,,,,2.5,2.5,2.5,2.5,Best Bet
PrizePicks,Soccer,335074,Tammy Abraham,Attacker,Villa,Shots,2.5,N/A,,10/10/2026,2:00:00 AM,pre_game,EPL,standard,https://static.prizepicks.com/images/manual/Tammy Abraham.png,15591756,,,,,,,https://static.prizepicks.com/images/manual/Tammy Abraham.png,2:00 AM,,,,,2:00 AM,,,,,,,,,,,,,,,,,,,,,,,0,0,0,,Push
PrizePicks,Soccer,319823,Bart Verbruggen,Goalkeeper,Brighton,Goalie Fantasy Score,10.5,N/A,,10/10/2026,2:00:00 AM,pre_game,EPL,standard,https://static.prizepicks.com/images/players/soccer/3wwi5vf2l1qbz7e5zdjoy8yga.webp,15591680,,,,,,Over,https://static.prizepicks.com/images/players/soccer/3wwi5vf2l1qbz7e5zdjoy8yga.webp,2:00 AM,Netherlands,-0.8,2.6,Netherlands vs Sweden,2:00 AM,,Houston Stadium,,,,,,10.00,,,,,,,,51.775,48.225,51.8,,,,,10,10,10,,Push
PrizePicks,Soccer,319222,Robin Roefs,Goalkeeper,Sunderland,Goalie Saves,3,N/A,,10/10/2026,2:00:00 AM,pre_game,EPL,standard,https://static.prizepicks.com/images/players/soccer/6h0fuh0aamz86pf25qebm0fvu.webp,15525404,3.5,50.586,49.414,,,Over,https://static.prizepicks.com/images/players/soccer/6h0fuh0aamz86pf25qebm0fvu.webp,2:00 AM,Netherlands,-0.8,2.6,,2:00 AM,,,,,,,,3.50,,,,,,,,50.4102,49.5898,50.4,,,,,3.5,3.5,3.5,3.5,Best Bet
PrizePicks,Soccer,319823,Bart Verbruggen,Goalkeeper,Brighton,Goalie Saves,2.5,N/A,,10/10/2026,2:00:00 AM,pre_game,EPL,standard,https://static.prizepicks.com/images/players/soccer/3wwi5vf2l1qbz7e5zdjoy8yga.webp,15525403,2.5,60.53,39.47,,,Over,https://static.prizepicks.com/images/players/soccer/3wwi5vf2l1qbz7e5zdjoy8yga.webp,2:00 AM,Netherlands,-0.8,2.6,Netherlands vs Sweden,2:00 AM,,Houston Stadium,,,,,,2.50,,,,,,,,60.53,39.47,60.5,,,,,2.5,2.5,2.5,2.5,Push
PrizePicks,Soccer,319397,Charalampos Kostoulas,Attacker,Brighton,Shots,2.5,N/A,,10/10/2026,2:00:00 AM,pre_game,EPL,standard,https://static.prizepicks.com/images/manual/Charalampos Kostoulas.png,15591849,2.5,48.619,51.381,,,Push,https://static.prizepicks.com/images/manual/Charalampos Kostoulas.png,2:00 AM,,,,,2:00 AM,,,,,,,,2.50,,,,,,,,48.619,51.381,50.0,,,,,2.5,2.5,2.5,2.5,Push
PrizePicks,Soccer,334961,Issa Diop,Defender,Ipswich,Outfield Fantasy Score,9.5,N/A,,10/10/2026,2:00:00 AM,pre_game,EPL,standard,https://static.prizepicks.com/images/manual/Issa Diop.webp,15598257,,,,,,Under,https://static.prizepicks.com/images/manual/Issa Diop.webp,2:00 AM,Scotland,0.9,2.4,,2:00 AM,,,,,,,,,,,,,,,,,,,,,,,0,0,0,,Push
PrizePicks,Soccer,337858,Christian Walton,Goalkeeper,Ipswich,Goalie Saves,3,N/A,,10/10/2026,2:00:00 AM,pre_game,EPL,standard,https://static.prizepicks.com/images/manual/Christian Walton.png,15529097,2.5,62.827,37.173,,,Over,https://static.prizepicks.com/images/manual/Christian Walton.png,2:00 AM,,,,,2:00 AM,,,,,,,,2.50,,,,,,,,58.9789,41.0211,59.0,,,,,2.5,2.5,2.5,2.5,Push
PrizePicks,Soccer,319821,Bernd Leno,Goalkeeper,Fulham,Goalie Saves,3,N/A,,10/10/2026,2:00:00 AM,pre_game,EPL,standard,https://static.prizepicks.com/images/players/soccer/2f79rc4i712sxstahjkq6pxp1.webp,15529166,2.5,63.968,36.032,,,Over,https://static.prizepicks.com/images/players/soccer/2f79rc4i712sxstahjkq6pxp1.webp,2:00 AM,,,,,2:00 AM,,,,,,,,2.50,,,,,,,,59.7776,40.2224,59.8,,,,,2.5,2.5,2.5,2.5,Push
PrizePicks,Soccer,335508,Gonzalo García,Attacker,Fulham,Shots,3,N/A,,10/10/2026,2:00:00 AM,pre_game,EPL,standard,https://static.prizepicks.com/images/players/soccer/4o9d3hpjlicgce9gtbewyzhn8.webp,15591803,2.5,59.963,40.037,,,Over,https://static.prizepicks.com/images/players/soccer/4o9d3hpjlicgce9gtbewyzhn8.webp,2:00 AM,,,,,2:00 AM,,,,,,,,2.50,,,,,,,,56.9741,43.0259,57.0,,,,,2.5,2.5,2.5,2.5,Push
PrizePicks,Soccer,335824,Julio Enciso,Midfielder,Ipswich,Shots,3,N/A,,10/10/2026,2:00:00 AM,pre_game,EPL,standard,https://static.prizepicks.com/images/manual/JulioEnciso.webp,15591806,2.5,64.746,35.254,,,Over,https://static.prizepicks.com/images/manual/JulioEnciso.webp,2:00 AM,,,,,2:00 AM,,,,,,,,2.50,,,,,,,,60.3222,39.6778,60.3,,,,,2.5,2.5,2.5,2.5,Push
PrizePicks,Soccer,340819,Zian Flemming,Attacker,Ipswich,Shots,2.5,N/A,,10/10/2026,2:00:00 AM,pre_game,EPL,standard,https://static.prizepicks.com/images/manual/Zian Flemming.png,15591805,,,,,,,https://static.prizepicks.com/images/manual/Zian Flemming.png,2:00 AM,,,,,2:00 AM,,,,,,,,,,,,,,,,,,,,,,,0,0,0,,Push
PrizePicks,Soccer,319159,Alex Iwobi,Attacker,Fulham,Shots,1.5,N/A,,10/10/2026,2:00:00 AM,pre_game,EPL,standard,https://static.prizepicks.com/images/players/soccer/8kb5h8df97ju107n9ibigo1cl.webp,15591807,1.5,53.554,46.446,,,Over,https://static.prizepicks.com/images/players/soccer/8kb5h8df97ju107n9ibigo1cl.webp,2:00 AM,,,,,2:00 AM,,,,,,,,1.50,,,,,,,,53.554,46.446,53.6,,,,,1.5,1.5,1.5,1.5,Push
PrizePicks,Soccer,339947,Emiliano Martínez,Goalkeeper,Chelsea,Goalie Saves,3,N/A,,10/10/2026,2:00:00 AM,pre_game,EPL,standard,https://static.prizepicks.com/images/manual/Emiliano Martínez Chelsea.png,15529071,,,,,,,https://static.prizepicks.com/images/manual/Emiliano Martínez Chelsea.png,2:00 AM,,,,,2:00 AM,,,,,,,,,,,,,,,,,,,,,,,0,0,0,,Push
PrizePicks,Soccer,319350,Djordje Petrovic,Goalkeeper,Bournemouth,Goalie Saves,3,N/A,,10/10/2026,2:00:00 AM,pre_game,EPL,standard,https://static.prizepicks.com/images/players/soccer/bcfzovs0pj9urgv9r0ykjnlrd.webp,15529074,,,,,,,https://static.prizepicks.com/images/players/soccer/bcfzovs0pj9urgv9r0ykjnlrd.webp,2:00 AM,,,,,2:00 AM,,,,,,,,,,,,,,,,,,,,,,,0,0,0,,Push
PrizePicks,Soccer,319205,Cole Palmer,Midfielder,Chelsea,Shots,3,N/A,,10/10/2026,2:00:00 AM,pre_game,EPL,standard,https://static.prizepicks.com/images/players/soccer/dl10343h8yopcgerzur5samwa.webp,15591643,,,,,,,https://static.prizepicks.com/images/players/soccer/dl10343h8yopcgerzur5samwa.webp,2:00 AM,,,,,2:00 AM,,,,,,,,,,,,,,,,,,,,,,,0,0,0,,Push
PrizePicks,Soccer,335629,Morgan Rogers,Midfielder,Chelsea,Shots,2.5,N/A,,10/10/2026,2:00:00 AM,pre_game,EPL,standard,https://static.prizepicks.com/images/players/soccer/SCR_team_mbukzpTksp7Kv80dQi4PgruY_2eayhzdix8knmn810sbngsdt5.webp,15591648,,,,,,,https://static.prizepicks.com/images/players/soccer/SCR_team_mbukzpTksp7Kv80dQi4PgruY_2eayhzdix8knmn810sbngsdt5.webp,2:00 AM,England,-1.7,2.6,,2:00 AM,,,,,,,,,,,,,,,,,,,,,,,0,0,0,,Push
PrizePicks,Soccer,335081,Victor Lindelöf,Defender,Villa,Passes Attempted,54.5,N/A,,10/10/2026,2:00:00 AM,pre_game,EPL,standard,https://static.prizepicks.com/images/players/soccer/SCR_team_eTYgIX64k7tLRTHjGtWxMikD_a3ms8havadt1y9x381l325txx.webp,15567251,,,,,,,https://static.prizepicks.com/images/players/soccer/SCR_team_eTYgIX64k7tLRTHjGtWxMikD_a3ms8havadt1y9x381l325txx.webp,2:00 AM,Netherlands,-0.8,2.6,Netherlands vs Sweden,2:00 AM,,Houston Stadium,,,,,,,,,,,,,,,,,,,,,0,0,0,,Push
PrizePicks,Soccer,319272,Kristoffer Ajer,Defender,Brentford,Passes Attempted,45.5,N/A,,10/10/2026,2:00:00 AM,pre_game,EPL,standard,https://static.prizepicks.com/images/players/soccer/SCR_team_rRAvKUlGvSP8DVx9tVWgzs42_32bvxwhceid2xdcfx6cd8a8d1.webp,15567585,,,,,,,https://static.prizepicks.com/images/players/soccer/SCR_team_rRAvKUlGvSP8DVx9tVWgzs42_32bvxwhceid2xdcfx6cd8a8d1.webp,2:00 AM,Norway,-0.6,2.5,,2:00 AM,,,,,,,,,,,,,,,,,,,,,,,0,0,0,,Push
PrizePicks,Soccer,337167,Zion Suzuki,Goalkeeper,Villa,Passes Attempted,37.5,N/A,,10/10/2026,2:00:00 AM,pre_game,EPL,standard,https://static.prizepicks.com/images/manual/Zion Suzuki.png,15568320,,,,,,,https://static.prizepicks.com/images/manual/Zion Suzuki.png,2:00 AM,Tunisia,1.1,2.5,Tunisia vs Japan,2:00 AM,,Estadio Monterrey,,,,,,,,,,,,,,,,,,,,,0,0,0,,Push
PrizePicks,Soccer,319617,Caoimhín Kelleher,Goalkeeper,Brentford,Passes Attempted,34.5,N/A,,10/10/2026,2:00:00 AM,pre_game,EPL,standard,https://static.prizepicks.com/images/players/soccer/dpw4s6nbkfcrjlqxxgf9j5yhh.webp,15591667,,,,,,,https://static.prizepicks.com/images/players/soccer/dpw4s6nbkfcrjlqxxgf9j5yhh.webp,2:00 AM,,,,,2:00 AM,,,,,,,,,,,,,,,,,,,,,,,0,0,0,,Push
PrizePicks,Soccer,335078,Emiliano Buendía,Midfielder,Villa,Passes Attempted,30.5,N/A,,10/10/2026,2:00:00 AM,pre_game,EPL,standard,https://static.prizepicks.com/images/players/soccer/l0qqn9tlgov91p5d1zzdupcl.webp,15566881,,,,,,,https://static.prizepicks.com/images/players/soccer/l0qqn9tlgov91p5d1zzdupcl.webp,2:00 AM,,,,,2:00 AM,,,,,,,,,,,,,,,,,,,,,,,0,0,0,,Push
PrizePicks,Soccer,334721,John McGinn,Midfielder,Villa,Passes Attempted,25.5,N/A,,10/10/2026,2:00:00 AM,pre_game,EPL,standard,https://static.prizepicks.com/images/players/soccer/btvuam6p4391am219taqtcted.webp,15567824,,,,,,,https://static.prizepicks.com/images/players/soccer/btvuam6p4391am219taqtcted.webp,2:00 AM,Scotland,0.9,2.4,Scotland vs Morocco,2:00 AM,,Boston Stadium,,,,,,,,,,,,,,,,,,,,,0,0,0,,Push
PrizePicks,Soccer,319267,Igor Thiago,Attacker,Brentford,Passes Attempted,20.5,N/A,,10/10/2026,2:00:00 AM,pre_game,EPL,standard,https://static.prizepicks.com/images/manual/Igor Thiago.webp,15566572,,,,,,,https://static.prizepicks.com/images/manual/Igor Thiago.webp,2:00 AM,,,,,2:00 AM,,,,,,,,,,,,,,,,,,,,,,,0,0,0,,Push
PrizePicks,Soccer,319270,Kevin Schade,Midfielder,Brentford,Passes Attempted,20.5,N/A,,10/10/2026,2:00:00 AM,pre_game,EPL,standard,https://static.prizepicks.com/images/players/soccer/1h3mduwlaf89ebwtqxuegsodm.webp,15567345,,,,,,,https://static.prizepicks.com/images/players/soccer/1h3mduwlaf89ebwtqxuegsodm.webp,2:00 AM,,,,,2:00 AM,,,,,,,,,,,,,,,,,,,,,,,0,0,0,,Push
PrizePicks,Soccer,319270,Kevin Schade,Midfielder,Brentford,Outfield Fantasy Score,13.5,N/A,,10/10/2026,2:00:00 AM,pre_game,EPL,standard,https://static.prizepicks.com/images/players/soccer/1h3mduwlaf89ebwtqxuegsodm.webp,15567340,,,,,,Under,https://static.prizepicks.com/images/players/soccer/1h3mduwlaf89ebwtqxuegsodm.webp,2:00 AM,,,,,2:00 AM,,,,,,,,,,,,,,,,,,,,,,,0,0,0,,Push
PrizePicks,Soccer,319540,Keane Lewis-Potter,Attacker,Brentford,Outfield Fantasy Score,12.5,N/A,,10/10/2026,2:00:00 AM,pre_game,EPL,standard,https://static.prizepicks.com/images/players/soccer/7j36oy8n0tu8ps0haqb4es48a.webp,15567572,,,,,,Under,https://static.prizepicks.com/images/players/soccer/7j36oy8n0tu8ps0haqb4es48a.webp,2:00 AM,,,,,2:00 AM,,,,,,,,,,,,,,,,,,,,,,,0,0,0,,Push
PrizePicks,Soccer,319267,Igor Thiago,Attacker,Brentford,Outfield Fantasy Score,10.5,N/A,,10/10/2026,2:00:00 AM,pre_game,EPL,standard,https://static.prizepicks.com/images/manual/Igor Thiago.webp,15566550,,,,,,Under,https://static.prizepicks.com/images/manual/Igor Thiago.webp,2:00 AM,,,,,2:00 AM,,,,,,,,,,,,,,,,,,,,,,,0,0,0,,Push
PrizePicks,Soccer,334721,John McGinn,Midfielder,Villa,Outfield Fantasy Score,10.5,N/A,,10/10/2026,2:00:00 AM,pre_game,EPL,standard,https://static.prizepicks.com/images/players/soccer/btvuam6p4391am219taqtcted.webp,15567854,,,,,,Under,https://static.prizepicks.com/images/players/soccer/btvuam6p4391am219taqtcted.webp,2:00 AM,Scotland,0.9,2.4,Scotland vs Morocco,2:00 AM,,Boston Stadium,,,,,,,,,,,,,,,,,,,,,0,0,0,,Push
PrizePicks,Soccer,335081,Victor Lindelöf,Defender,Villa,Outfield Fantasy Score,9,N/A,,10/10/2026,2:00:00 AM,pre_game,EPL,standard,https://static.prizepicks.com/images/players/soccer/SCR_team_eTYgIX64k7tLRTHjGtWxMikD_a3ms8havadt1y9x381l325txx.webp,15567225,,,,,,Under,https://static.prizepicks.com/images/players/soccer/SCR_team_eTYgIX64k7tLRTHjGtWxMikD_a3ms8havadt1y9x381l325txx.webp,2:00 AM,Netherlands,-0.8,2.6,Netherlands vs Sweden,2:00 AM,,Houston Stadium,,,,,,,,,,,,,,,,,,,,,0,0,0,,Push
PrizePicks,Soccer,319272,Kristoffer Ajer,Defender,Brentford,Clearances,6.5,N/A,,10/10/2026,2:00:00 AM,pre_game,EPL,standard,https://static.prizepicks.com/images/players/soccer/SCR_team_rRAvKUlGvSP8DVx9tVWgzs42_32bvxwhceid2xdcfx6cd8a8d1.webp,15567555,,,,,,,https://static.prizepicks.com/images/players/soccer/SCR_team_rRAvKUlGvSP8DVx9tVWgzs42_32bvxwhceid2xdcfx6cd8a8d1.webp,2:00 AM,Norway,-0.6,2.5,,2:00 AM,,,,,,,,,,,,,,,,,,,,,,,0,0,0,,Push
PrizePicks,Soccer,349943,Zion Suzuki + Caoimhín Kelleher,Goalkeeper,Villa/Brentford,Goalie Saves (Combo),6,N/A,,10/10/2026,2:00:00 AM,pre_game,EPL,standard,https://static.prizepicks.com/images/manual/Zion Suzuki + Caoimhín Kelleher.png,15552170,,,,,,,https://static.prizepicks.com/images/manual/Zion Suzuki + Caoimhín Kelleher.png,2:00 AM,,,,,2:00 AM,,,,,,,,,,,,,,,,,,,,,,,0,0,0,,Push
PrizePicks,Soccer,335081,Victor Lindelöf,Defender,Villa,Clearances,5,N/A,,10/10/2026,2:00:00 AM,pre_game,EPL,standard,https://static.prizepicks.com/images/players/soccer/SCR_team_eTYgIX64k7tLRTHjGtWxMikD_a3ms8havadt1y9x381l325txx.webp,15567214,,,,,,,https://static.prizepicks.com/images/players/soccer/SCR_team_eTYgIX64k7tLRTHjGtWxMikD_a3ms8havadt1y9x381l325txx.webp,2:00 AM,Netherlands,-0.8,2.6,Netherlands vs Sweden,2:00 AM,,Houston Stadium,,,,,,,,,,,,,,,,,,,,,0,0,0,,Push
PrizePicks,Soccer,319540,Keane Lewis-Potter,Attacker,Brentford,Crosses,4.5,N/A,,10/10/2026,2:00:00 AM,pre_game,EPL,standard,https://static.prizepicks.com/images/players/soccer/7j36oy8n0tu8ps0haqb4es48a.webp,15567570,,,,,,,https://static.prizepicks.com/images/players/soccer/7j36oy8n0tu8ps0haqb4es48a.webp,2:00 AM,,,,,2:00 AM,,,,,,,,,,,,,,,,,,,,,,,0,0,0,,Push
PrizePicks,Soccer,334721,John McGinn,Midfielder,Villa,Crosses,4.5,N/A,,10/10/2026,2:00:00 AM,pre_game,EPL,standard,https://static.prizepicks.com/images/players/soccer/btvuam6p4391am219taqtcted.webp,15567853,,,,,,,https://static.prizepicks.com/images/players/soccer/btvuam6p4391am219taqtcted.webp,2:00 AM,Scotland,0.9,2.4,Scotland vs Morocco,2:00 AM,,Boston Stadium,,,,,,,,,,,,,,,,,,,,,0,0,0,,Push
PrizePicks,Soccer,319270,Kevin Schade,Midfielder,Brentford,Attempted Dribbles,2.5,N/A,,10/10/2026,2:00:00 AM,pre_game,EPL,standard,https://static.prizepicks.com/images/players/soccer/1h3mduwlaf89ebwtqxuegsodm.webp,15567375,,,,,,,https://static.prizepicks.com/images/players/soccer/1h3mduwlaf89ebwtqxuegsodm.webp,2:00 AM,,,,,2:00 AM,,,,,,,,,,,,,,,,,,,,,,,0,0,0,,Push
PrizePicks,Soccer,319274,Mikkel Damsgaard,Midfielder,Brentford,Shots On Target,0.5,TRUE,,10/10/2026,2:00:00 AM,pre_game,EPL,standard,https://static.prizepicks.com/images/manual/Mikkel Damsgaard.png,15441966,,,,,,,https://static.prizepicks.com/images/manual/Mikkel Damsgaard.png,2:00 AM,,,,,2:00 AM,,,,,,,,,,,,,,,,,,,,,,,0,0,0,,Push
PrizePicks,Soccer,319267,Igor Thiago,Attacker,Brentford,Shots Assisted,0.5,N/A,,10/10/2026,2:00:00 AM,pre_game,EPL,standard,https://static.prizepicks.com/images/manual/Igor Thiago.webp,15566542,,,,,,,https://static.prizepicks.com/images/manual/Igor Thiago.webp,2:00 AM,,,,,2:00 AM,,,,,,,,,,,,,,,,,,,,,,,0,0,0,,Push
PrizePicks,Soccer,319270,Kevin Schade,Midfielder,Brentford,Shots Assisted,0.5,N/A,,10/10/2026,2:00:00 AM,pre_game,EPL,standard,https://static.prizepicks.com/images/players/soccer/1h3mduwlaf89ebwtqxuegsodm.webp,15567377,,,,,,,https://static.prizepicks.com/images/players/soccer/1h3mduwlaf89ebwtqxuegsodm.webp,2:00 AM,,,,,2:00 AM,,,,,,,,,,,,,,,,,,,,,,,0,0,0,,Push
PrizePicks,Soccer,319599,Lewis Dunk,Defender,Brighton,Passes Attempted,83.5,N/A,,10/10/2026,2:00:00 AM,pre_game,EPL,standard,https://static.prizepicks.com/images/players/soccer/jagvvzc7329tf2c64mnc251.webp,15564903,,,,,,,https://static.prizepicks.com/images/players/soccer/jagvvzc7329tf2c64mnc251.webp,2:00 AM,,,,,2:00 AM,,,,,,,,,,,,,,,,,,,,,,,0,0,0,,Push
PrizePicks,Soccer,319359,Pascal Groß,Midfielder,Brighton,Passes Attempted,63.5,N/A,,10/10/2026,2:00:00 AM,pre_game,EPL,standard,https://static.prizepicks.com/images/manual/Pascal Groß.png,15565581,,,,,,,https://static.prizepicks.com/images/manual/Pascal Groß.png,2:00 AM,,,,,2:00 AM,,,,,,,,,,,,,,,,,,,,,,,0,0,0,,Push
PrizePicks,Soccer,319499,Granit Xhaka,Midfielder,Sunderland,Passes Attempted,55.5,N/A,,10/10/2026,2:00:00 AM,pre_game,EPL,standard,https://static.prizepicks.com/images/players/soccer/6264xjr1y00yu7b9j2pknalzp.webp,15565072,,,,,,,https://static.prizepicks.com/images/players/soccer/6264xjr1y00yu7b9j2pknalzp.webp,2:00 AM,Switzerland,-0.6,2.5,,2:00 AM,,,,,,,,,,,,,,,,,,,,,,,0,0,0,,Push
PrizePicks,Soccer,319823,Bart Verbruggen,Goalkeeper,Brighton,Passes Attempted,39.5,N/A,,10/10/2026,2:00:00 AM,pre_game,EPL,standard,https://static.prizepicks.com/images/players/soccer/3wwi5vf2l1qbz7e5zdjoy8yga.webp,15591682,,,,,,,https://static.prizepicks.com/images/players/soccer/3wwi5vf2l1qbz7e5zdjoy8yga.webp,2:00 AM,Netherlands,-0.8,2.6,Netherlands vs Sweden,2:00 AM,,Houston Stadium,,,,,,,,,,,,,,,,,,,,,0,0,0,,Push
PrizePicks,Soccer,319222,Robin Roefs,Goalkeeper,Sunderland,Passes Attempted,35.5,N/A,,10/10/2026,2:00:00 AM,pre_game,EPL,standard,https://static.prizepicks.com/images/players/soccer/6h0fuh0aamz86pf25qebm0fvu.webp,15565810,,,,,,,https://static.prizepicks.com/images/players/soccer/6h0fuh0aamz86pf25qebm0fvu.webp,2:00 AM,Netherlands,-0.8,2.6,,2:00 AM,,,,,,,,,,,,,,,,,,,,,,,0,0,0,,Push
PrizePicks,Soccer,319210,Enzo Le Fée,Midfielder,Sunderland,Passes Attempted,32.5,N/A,,10/10/2026,2:00:00 AM,pre_game,EPL,standard,https://static.prizepicks.com/images/players/soccer/44o5mjglkzqxctz07ust9bcru.webp,15565801,,,,,,,https://static.prizepicks.com/images/players/soccer/44o5mjglkzqxctz07ust9bcru.webp,2:00 AM,,,,,2:00 AM,,,,,,,,,,,,,,,,,,,,,,,0,0,0,,Push
PrizePicks,Soccer,319247,Diego Gómez,Midfielder,Brighton,Passes Attempted,30.5,N/A,,10/10/2026,2:00:00 AM,pre_game,EPL,standard,https://static.prizepicks.com/images/players/soccer/bqbt9eix8zlp6rxzxofl6rjmc.webp,15564788,,,,,,,https://static.prizepicks.com/images/players/soccer/bqbt9eix8zlp6rxzxofl6rjmc.webp,2:00 AM,,,,,2:00 AM,,,,,,,,,,,,,,,,,,,,,,,0,0,0,,Push
PrizePicks,Soccer,319397,Charalampos Kostoulas,Attacker,Brighton,Passes Attempted,20.5,N/A,,10/10/2026,2:00:00 AM,pre_game,EPL,standard,https://static.prizepicks.com/images/manual/Charalampos Kostoulas.png,15565474,,,,,,,https://static.prizepicks.com/images/manual/Charalampos Kostoulas.png,2:00 AM,,,,,2:00 AM,,,,,,,,,,,,,,,,,,,,,,,0,0,0,,Push
PrizePicks,Soccer,319359,Pascal Groß,Midfielder,Brighton,Outfield Fantasy Score,18.5,N/A,,10/10/2026,2:00:00 AM,pre_game,EPL,standard,https://static.prizepicks.com/images/manual/Pascal Groß.png,15565583,,,,,,Under,https://static.prizepicks.com/images/manual/Pascal Groß.png,2:00 AM,,,,,2:00 AM,,,,,,,,,,,,,,,,,,,,,,,0,0,0,,Push
PrizePicks,Soccer,319397,Charalampos Kostoulas,Attacker,Brighton,Outfield Fantasy Score,16.5,N/A,,10/10/2026,2:00:00 AM,pre_game,EPL,standard,https://static.prizepicks.com/images/manual/Charalampos Kostoulas.png,15565430,,,,,,Under,https://static.prizepicks.com/images/manual/Charalampos Kostoulas.png,2:00 AM,,,,,2:00 AM,,,,,,,,,,,,,,,,,,,,,,,0,0,0,,Push
PrizePicks,Soccer,319247,Diego Gómez,Midfielder,Brighton,Outfield Fantasy Score,13.5,N/A,,10/10/2026,2:00:00 AM,pre_game,EPL,standard,https://static.prizepicks.com/images/players/soccer/bqbt9eix8zlp6rxzxofl6rjmc.webp,15564708,,,,,,Under,https://static.prizepicks.com/images/players/soccer/bqbt9eix8zlp6rxzxofl6rjmc.webp,2:00 AM,,,,,2:00 AM,,,,,,,,,,,,,,,,,,,,,,,0,0,0,,Push
PrizePicks,Soccer,319210,Enzo Le Fée,Midfielder,Sunderland,Outfield Fantasy Score,13.5,N/A,,10/10/2026,2:00:00 AM,pre_game,EPL,standard,https://static.prizepicks.com/images/players/soccer/44o5mjglkzqxctz07ust9bcru.webp,15565811,,,,,,Under,https://static.prizepicks.com/images/players/soccer/44o5mjglkzqxctz07ust9bcru.webp,2:00 AM,,,,,2:00 AM,,,,,,,,,,,,,,,,,,,,,,,0,0,0,,Push
PrizePicks,Soccer,319599,Lewis Dunk,Defender,Brighton,Outfield Fantasy Score,10.5,N/A,,10/10/2026,2:00:00 AM,pre_game,EPL,standard,https://static.prizepicks.com/images/players/soccer/jagvvzc7329tf2c64mnc251.webp,15564984,,,,,,Under,https://static.prizepicks.com/images/players/soccer/jagvvzc7329tf2c64mnc251.webp,2:00 AM,,,,,2:00 AM,,,,,,,,,,,,,,,,,,,,,,,0,0,0,,Push
PrizePicks,Soccer,319222,Robin Roefs,Goalkeeper,Sunderland,Goalie Fantasy Score,9.5,N/A,,10/10/2026,2:00:00 AM,pre_game,EPL,standard,https://static.prizepicks.com/images/players/soccer/6h0fuh0aamz86pf25qebm0fvu.webp,15565858,,,,,,Under,https://static.prizepicks.com/images/players/soccer/6h0fuh0aamz86pf25qebm0fvu.webp,2:00 AM,Netherlands,-0.8,2.6,,2:00 AM,,,,,,,,,,,,,,,,,,,,,,,0,0,0,,Push
PrizePicks,Soccer,319359,Pascal Groß,Midfielder,Brighton,Crosses,7.5,N/A,,10/10/2026,2:00:00 AM,pre_game,EPL,standard,https://static.prizepicks.com/images/manual/Pascal Groß.png,15565549,,,,,,,https://static.prizepicks.com/images/manual/Pascal Groß.png,2:00 AM,,,,,2:00 AM,,,,,,,,,,,,,,,,,,,,,,,0,0,0,,Push
PrizePicks,Soccer,349936,Robin Roefs + Bart Verbruggen,Goalkeeper,Sunderland/Brighton,Goalie Saves (Combo),5.5,N/A,,10/10/2026,2:00:00 AM,pre_game,EPL,standard,https://static.prizepicks.com/images/players/CMBO_group_iLXpL53SkThadpU90dzlIy9p.webp,15552072,,,,,,,https://static.prizepicks.com/images/players/CMBO_group_iLXpL53SkThadpU90dzlIy9p.webp,2:00 AM,,,,,2:00 AM,,,,,,,,,,,,,,,,,,,,,,,0,0,0,,Push
PrizePicks,Soccer,335073,Luka Vuskovic,Defender,Brighton,Clearances,5.5,N/A,,10/10/2026,2:00:00 AM,pre_game,EPL,standard,https://static.prizepicks.com/images/manual/Luka Vuskovic.png,15565055,,,,,,,https://static.prizepicks.com/images/manual/Luka Vuskovic.png,2:00 AM,Panama,1.2,2.5,,2:00 AM,,,,,,,,,,,,,,,,,,,,,,,0,0,0,,Push
PrizePicks,Soccer,341573,Kevin Danso,Defender,Sunderland,Clearances,5.5,N/A,,10/10/2026,2:00:00 AM,pre_game,EPL,standard,https://static.prizepicks.com/images/manual/Kevin Danso.png,15565256,,,,,,,https://static.prizepicks.com/images/manual/Kevin Danso.png,2:00 AM,Argentina,-1.1,2.5,,2:00 AM,,,,,,,,,,,,,,,,,,,,,,,0,0,0,,Push
PrizePicks,Soccer,319499,Granit Xhaka,Midfielder,Sunderland,Crosses,4.5,N/A,,10/10/2026,2:00:00 AM,pre_game,EPL,standard,https://static.prizepicks.com/images/players/soccer/6264xjr1y00yu7b9j2pknalzp.webp,15565069,,,,,,,https://static.prizepicks.com/images/players/soccer/6264xjr1y00yu7b9j2pknalzp.webp,2:00 AM,Switzerland,-0.6,2.5,,2:00 AM,,,,,,,,,,,,,,,,,,,,,,,0,0,0,,Push
PrizePicks,Soccer,349936,Robin Roefs + Bart Verbruggen,Goalkeeper,Sunderland/Brighton,Goals Allowed (Combo),2.5,N/A,,10/10/2026,2:00:00 AM,pre_game,EPL,standard,https://static.prizepicks.com/images/players/CMBO_group_iLXpL53SkThadpU90dzlIy9p.webp,15552073,,,,,,,https://static.prizepicks.com/images/players/CMBO_group_iLXpL53SkThadpU90dzlIy9p.webp,2:00 AM,,,,,2:00 AM,,,,,,,,,,,,,,,,,,,,,,,0,0,0,,Push
PrizePicks,Soccer,319359,Pascal Groß,Midfielder,Brighton,Shots Assisted,2.5,N/A,,10/10/2026,2:00:00 AM,pre_game,EPL,standard,https://static.prizepicks.com/images/manual/Pascal Groß.png,15565585,,,,,,,https://static.prizepicks.com/images/manual/Pascal Groß.png,2:00 AM,,,,,2:00 AM,,,,,,,,,,,,,,,,,,,,,,,0,0,0,,Push
PrizePicks,Soccer,319499,Granit Xhaka,Midfielder,Sunderland,Shots Assisted,2,N/A,,10/10/2026,2:00:00 AM,pre_game,EPL,standard,https://static.prizepicks.com/images/players/soccer/6264xjr1y00yu7b9j2pknalzp.webp,15565110,,,,,,,https://static.prizepicks.com/images/players/soccer/6264xjr1y00yu7b9j2pknalzp.webp,2:00 AM,Switzerland,-0.6,2.5,,2:00 AM,,,,,,,,,,,,,,,,,,,,,,,0,0,0,,Push
PrizePicks,Soccer,319247,Diego Gómez,Midfielder,Brighton,Attempted Dribbles,1.5,N/A,,10/10/2026,2:00:00 AM,pre_game,EPL,standard,https://static.prizepicks.com/images/players/soccer/bqbt9eix8zlp6rxzxofl6rjmc.webp,15564752,,,,,,,https://static.prizepicks.com/images/players/soccer/bqbt9eix8zlp6rxzxofl6rjmc.webp,2:00 AM,,,,,2:00 AM,,,,,,,,,,,,,,,,,,,,,,,0,0,0,,Push
PrizePicks,Soccer,319499,Granit Xhaka,Midfielder,Sunderland,Attempted Dribbles,1.5,TRUE,,10/10/2026,2:00:00 AM,pre_game,EPL,standard,https://static.prizepicks.com/images/players/soccer/6264xjr1y00yu7b9j2pknalzp.webp,15565115,,,,,,,https://static.prizepicks.com/images/players/soccer/6264xjr1y00yu7b9j2pknalzp.webp,2:00 AM,Switzerland,-0.6,2.5,,2:00 AM,,,,,,,,,,,,,,,,,,,,,,,0,0,0,,Push
PrizePicks,Soccer,319247,Diego Gómez,Midfielder,Brighton,Clearances,0.5,N/A,,10/10/2026,2:00:00 AM,pre_game,EPL,standard,https://static.prizepicks.com/images/players/soccer/bqbt9eix8zlp6rxzxofl6rjmc.webp,15564738,,,,,,,https://static.prizepicks.com/images/players/soccer/bqbt9eix8zlp6rxzxofl6rjmc.webp,2:00 AM,,,,,2:00 AM,,,,,,,,,,,,,,,,,,,,,,,0,0,0,,Push
PrizePicks,Soccer,319564,Sander Berge,Midfielder,Fulham,Passes Attempted,57.5,N/A,,10/10/2026,2:00:00 AM,pre_game,EPL,standard,https://static.prizepicks.com/images/manual/Sander Berge.png,15566499,,,,,,,https://static.prizepicks.com/images/manual/Sander Berge.png,2:00 AM,Norway,-0.6,2.5,,2:00 AM,,,,,,,,,,,,,,,,,,,,,,,0,0,0,,Push
PrizePicks,Soccer,334961,Issa Diop,Defender,Ipswich,Passes Attempted,55.5,N/A,,10/10/2026,2:00:00 AM,pre_game,EPL,standard,https://static.prizepicks.com/images/manual/Issa Diop.webp,15568312,,,,,,,https://static.prizepicks.com/images/manual/Issa Diop.webp,2:00 AM,Scotland,0.9,2.4,,2:00 AM,,,,,,,,,,,,,,,,,,,,,,,0,0,0,,Push
PrizePicks,Soccer,319161,Antonee Robinson,Defender,Fulham,Passes Attempted,47.5,N/A,,10/10/2026,2:00:00 AM,pre_game,EPL,standard,https://static.prizepicks.com/images/players/soccer/bgc1psqiv7vagmphfl920nbah.webp,15567482,,,,,,,https://static.prizepicks.com/images/players/soccer/bgc1psqiv7vagmphfl920nbah.webp,2:00 AM,USA,-2.6,2.6,,2:00 AM,,,,,,,,,,,,,,,,,,,,,,,0,0,0,,Push
PrizePicks,Soccer,319821,Bernd Leno,Goalkeeper,Fulham,Passes Attempted,39.5,N/A,,10/10/2026,2:00:00 AM,pre_game,EPL,standard,https://static.prizepicks.com/images/players/soccer/2f79rc4i712sxstahjkq6pxp1.webp,15595660,,,,,,,https://static.prizepicks.com/images/players/soccer/2f79rc4i712sxstahjkq6pxp1.webp,2:00 AM,,,,,2:00 AM,,,,,,,,,,,,,,,,,,,,,,,0,0,0,,Push
PrizePicks,Soccer,335824,Julio Enciso,Midfielder,Ipswich,Passes Attempted,25.5,N/A,,10/10/2026,2:00:00 AM,pre_game,EPL,standard,https://static.prizepicks.com/images/manual/JulioEnciso.webp,15567656,,,,,,,https://static.prizepicks.com/images/manual/JulioEnciso.webp,2:00 AM,,,,,2:00 AM,,,,,,,,,,,,,,,,,,,,,,,0,0,0,,Push
PrizePicks,Soccer,319175,Oscar Bobb,Midfielder,Fulham,Passes Attempted,24.5,N/A,,10/10/2026,2:00:00 AM,pre_game,EPL,standard,https://static.prizepicks.com/images/manual/Oscar_Bobb-.png,15567500,,,,,,,https://static.prizepicks.com/images/manual/Oscar_Bobb-.png,2:00 AM,Norway,-0.6,2.5,,2:00 AM,,,,,,,,,,,,,,,,,,,,,,,0,0,0,,Push
PrizePicks,Soccer,335508,Gonzalo García,Attacker,Fulham,Passes Attempted,18.5,N/A,,10/10/2026,2:00:00 AM,pre_game,EPL,standard,https://static.prizepicks.com/images/players/soccer/4o9d3hpjlicgce9gtbewyzhn8.webp,15567947,,,,,,,https://static.prizepicks.com/images/players/soccer/4o9d3hpjlicgce9gtbewyzhn8.webp,2:00 AM,,,,,2:00 AM,,,,,,,,,,,,,,,,,,,,,,,0,0,0,,Push
PrizePicks,Soccer,335824,Julio Enciso,Midfielder,Ipswich,Outfield Fantasy Score,14.5,N/A,,10/10/2026,2:00:00 AM,pre_game,EPL,standard,https://static.prizepicks.com/images/manual/JulioEnciso.webp,15567655,,,,,,Under,https://static.prizepicks.com/images/manual/JulioEnciso.webp,2:00 AM,,,,,2:00 AM,,,,,,,,,,,,,,,,,,,,,,,0,0,0,,Push
PrizePicks,Soccer,319161,Antonee Robinson,Defender,Fulham,Outfield Fantasy Score,11.5,N/A,,10/10/2026,2:00:00 AM,pre_game,EPL,standard,https://static.prizepicks.com/images/players/soccer/bgc1psqiv7vagmphfl920nbah.webp,15567493,,,,,,Under,https://static.prizepicks.com/images/players/soccer/bgc1psqiv7vagmphfl920nbah.webp,2:00 AM,USA,-2.6,2.6,,2:00 AM,,,,,,,,,,,,,,,,,,,,,,,0,0,0,,Push
PrizePicks,Soccer,335508,Gonzalo García,Attacker,Fulham,Outfield Fantasy Score,9.5,N/A,,10/10/2026,2:00:00 AM,pre_game,EPL,standard,https://static.prizepicks.com/images/players/soccer/4o9d3hpjlicgce9gtbewyzhn8.webp,15567930,,,,,,Under,https://static.prizepicks.com/images/players/soccer/4o9d3hpjlicgce9gtbewyzhn8.webp,2:00 AM,,,,,2:00 AM,,,,,,,,,,,,,,,,,,,,,,,0,0,0,,Push
PrizePicks,Soccer,337858,Christian Walton,Goalkeeper,Ipswich,Goalie Fantasy Score,9.5,N/A,,10/10/2026,2:00:00 AM,pre_game,EPL,standard,https://static.prizepicks.com/images/manual/Christian Walton.png,15577326,,,,,,Under,https://static.prizepicks.com/images/manual/Christian Walton.png,2:00 AM,,,,,2:00 AM,,,,,,,,,,,,,,,,,,,,,,,0,0,0,,Push
PrizePicks,Soccer,319821,Bernd Leno,Goalkeeper,Fulham,Goalie Fantasy Score,9.5,N/A,,10/10/2026,2:00:00 AM,pre_game,EPL,standard,https://static.prizepicks.com/images/players/soccer/2f79rc4i712sxstahjkq6pxp1.webp,15595661,,,,,,Under,https://static.prizepicks.com/images/players/soccer/2f79rc4i712sxstahjkq6pxp1.webp,2:00 AM,,,,,2:00 AM,,,,,,,,,,,,,,,,,,,,,,,0,0,0,,Push
PrizePicks,Soccer,349938,Christian Walton + Bernd Leno,Goalkeeper,Ipswich/Fulham,Goalie Saves (Combo),6,N/A,,10/10/2026,2:00:00 AM,pre_game,EPL,standard,https://static.prizepicks.com/images/manual/Christian%20Walton%20+%20Bernd%20Leno.png,15552119,,,,,,,https://static.prizepicks.com/images/manual/Christian%20Walton%20+%20Bernd%20Leno.png,2:00 AM,,,,,2:00 AM,,,,,,,,,,,,,,,,,,,,,,,0,0,0,,Push
PrizePicks,Soccer,334961,Issa Diop,Defender,Ipswich,Clearances,5,N/A,,10/10/2026,2:00:00 AM,pre_game,EPL,standard,https://static.prizepicks.com/images/manual/Issa Diop.webp,15568311,,,,,,,https://static.prizepicks.com/images/manual/Issa Diop.webp,2:00 AM,Scotland,0.9,2.4,,2:00 AM,,,,,,,,,,,,,,,,,,,,,,,0,0,0,,Push
PrizePicks,Soccer,319161,Antonee Robinson,Defender,Fulham,Crosses,3.5,N/A,,10/10/2026,2:00:00 AM,pre_game,EPL,standard,https://static.prizepicks.com/images/players/soccer/bgc1psqiv7vagmphfl920nbah.webp,15567492,,,,,,,https://static.prizepicks.com/images/players/soccer/bgc1psqiv7vagmphfl920nbah.webp,2:00 AM,USA,-2.6,2.6,,2:00 AM,,,,,,,,,,,,,,,,,,,,,,,0,0,0,,Push
PrizePicks,Soccer,349938,Christian Walton + Bernd Leno,Goalkeeper,Ipswich/Fulham,Goals Allowed (Combo),2.5,N/A,,10/10/2026,2:00:00 AM,pre_game,EPL,standard,https://static.prizepicks.com/images/manual/Christian%20Walton%20+%20Bernd%20Leno.png,15552120,,,,,,,https://static.prizepicks.com/images/manual/Christian%20Walton%20+%20Bernd%20Leno.png,2:00 AM,,,,,2:00 AM,,,,,,,,,,,,,,,,,,,,,,,0,0,0,,Push
PrizePicks,Soccer,319161,Antonee Robinson,Defender,Fulham,Shots Assisted,1.5,N/A,,10/10/2026,2:00:00 AM,pre_game,EPL,standard,https://static.prizepicks.com/images/players/soccer/bgc1psqiv7vagmphfl920nbah.webp,15567444,,,,,,,https://static.prizepicks.com/images/players/soccer/bgc1psqiv7vagmphfl920nbah.webp,2:00 AM,USA,-2.6,2.6,,2:00 AM,,,,,,,,,,,,,,,,,,,,,,,0,0,0,,Push
PrizePicks,Soccer,319161,Antonee Robinson,Defender,Fulham,Attempted Dribbles,1.5,N/A,,10/10/2026,2:00:00 AM,pre_game,EPL,standard,https://static.prizepicks.com/images/players/soccer/bgc1psqiv7vagmphfl920nbah.webp,15567451,,,,,,,https://static.prizepicks.com/images/players/soccer/bgc1psqiv7vagmphfl920nbah.webp,2:00 AM,USA,-2.6,2.6,,2:00 AM,,,,,,,,,,,,,,,,,,,,,,,0,0,0,,Push
PrizePicks,Soccer,319214,Levi Colwill,Defender,Chelsea,Passes Attempted,64.5,N/A,,10/10/2026,2:00:00 AM,pre_game,EPL,standard,https://static.prizepicks.com/images/players/soccer/SCR_team_qHj1W4O6uw2agDB8BZ1g7Eki_573hlc6devy50gjotyav9ql4a.webp,15566077,,,,,,,https://static.prizepicks.com/images/players/soccer/SCR_team_qHj1W4O6uw2agDB8BZ1g7Eki_573hlc6devy50gjotyav9ql4a.webp,2:00 AM,,,,,2:00 AM,,,,,,,,,,,,,,,,,,,,,,,0,0,0,,Push
PrizePicks,Soccer,319330,Adrien Truffert,Defender,Bournemouth,Passes Attempted,37.5,N/A,,10/10/2026,2:00:00 AM,pre_game,EPL,standard,https://static.prizepicks.com/images/players/soccer/SCR_team_hpPWv7FxpZTkeCyFVtRMOKuj_92qqdiryqd8juqdjq8585476y.webp,15566505,,,,,,,https://static.prizepicks.com/images/players/soccer/SCR_team_hpPWv7FxpZTkeCyFVtRMOKuj_92qqdiryqd8juqdjq8585476y.webp,2:00 AM,,,,,2:00 AM,,,,,,,,,,,,,,,,,,,,,,,0,0,0,,Push
PrizePicks,Soccer,319350,Djordje Petrovic,Goalkeeper,Bournemouth,Passes Attempted,34.5,N/A,,10/10/2026,2:00:00 AM,pre_game,EPL,standard,https://static.prizepicks.com/images/players/soccer/bcfzovs0pj9urgv9r0ykjnlrd.webp,15569460,,,,,,,https://static.prizepicks.com/images/players/soccer/bcfzovs0pj9urgv9r0ykjnlrd.webp,2:00 AM,,,,,2:00 AM,,,,,,,,,,,,,,,,,,,,,,,0,0,0,,Push
PrizePicks,Soccer,319205,Cole Palmer,Midfielder,Chelsea,Passes Attempted,33.5,N/A,,10/10/2026,2:00:00 AM,pre_game,EPL,standard,https://static.prizepicks.com/images/players/soccer/dl10343h8yopcgerzur5samwa.webp,15566134,,,,,,,https://static.prizepicks.com/images/players/soccer/dl10343h8yopcgerzur5samwa.webp,2:00 AM,,,,,2:00 AM,,,,,,,,,,,,,,,,,,,,,,,0,0,0,,Push
PrizePicks,Soccer,319501,Pedro Neto,Attacker,Chelsea,Passes Attempted,28.5,N/A,,10/10/2026,2:00:00 AM,pre_game,EPL,standard,https://static.prizepicks.com/images/players/soccer/6psklvi66inwws7buzf16yjft.webp,15565508,,,,,,,https://static.prizepicks.com/images/players/soccer/6psklvi66inwws7buzf16yjft.webp,2:00 AM,Portugal,-1.8,2.6,,2:00 AM,,,,,,,,,,,,,,,,,,,,,,,0,0,0,,Push
PrizePicks,Soccer,335629,Morgan Rogers,Midfielder,Chelsea,Passes Attempted,28.5,N/A,,10/10/2026,2:00:00 AM,pre_game,EPL,standard,https://static.prizepicks.com/images/players/soccer/SCR_team_mbukzpTksp7Kv80dQi4PgruY_2eayhzdix8knmn810sbngsdt5.webp,15565826,,,,,,,https://static.prizepicks.com/images/players/soccer/SCR_team_mbukzpTksp7Kv80dQi4PgruY_2eayhzdix8knmn810sbngsdt5.webp,2:00 AM,England,-1.7,2.6,,2:00 AM,,,,,,,,,,,,,,,,,,,,,,,0,0,0,,Push
PrizePicks,Soccer,319443,Evanilson,Attacker,Bournemouth,Passes Attempted,19.5,N/A,,10/10/2026,2:00:00 AM,pre_game,EPL,standard,https://static.prizepicks.com/images/players/soccer/2wl0uylmkzi2ls7v4amgaa1yi.webp,15566126,,,,,,,https://static.prizepicks.com/images/players/soccer/2wl0uylmkzi2ls7v4amgaa1yi.webp,2:00 AM,,,,,2:00 AM,,,,,,,,,,,,,,,,,,,,,,,0,0,0,,Push
PrizePicks,Soccer,319554,Rayan,Attacker,Bournemouth,Passes Attempted,18.5,N/A,,10/10/2026,2:00:00 AM,pre_game,EPL,standard,https://static.prizepicks.com/images/manual/RayanBournemouth.png,15565889,,,,,,,https://static.prizepicks.com/images/manual/RayanBournemouth.png,2:00 AM,,,,,2:00 AM,,,,,,,,,,,,,,,,,,,,,,,0,0,0,,Push
PrizePicks,Soccer,335629,Morgan Rogers,Midfielder,Chelsea,Outfield Fantasy Score,16,N/A,,10/10/2026,2:00:00 AM,pre_game,EPL,standard,https://static.prizepicks.com/images/players/soccer/SCR_team_mbukzpTksp7Kv80dQi4PgruY_2eayhzdix8knmn810sbngsdt5.webp,15565861,,,,,,Under,https://static.prizepicks.com/images/players/soccer/SCR_team_mbukzpTksp7Kv80dQi4PgruY_2eayhzdix8knmn810sbngsdt5.webp,2:00 AM,England,-1.7,2.6,,2:00 AM,,,,,,,,,,,,,,,,,,,,,,,0,0,0,,Push
PrizePicks,Soccer,319205,Cole Palmer,Midfielder,Chelsea,Outfield Fantasy Score,14.5,N/A,,10/10/2026,2:00:00 AM,pre_game,EPL,standard,https://static.prizepicks.com/images/players/soccer/dl10343h8yopcgerzur5samwa.webp,15566138,,,,,,Under,https://static.prizepicks.com/images/players/soccer/dl10343h8yopcgerzur5samwa.webp,2:00 AM,,,,,2:00 AM,,,,,,,,,,,,,,,,,,,,,,,0,0,0,,Push
PrizePicks,Soccer,319330,Adrien Truffert,Defender,Bournemouth,Outfield Fantasy Score,13.5,N/A,,10/10/2026,2:00:00 AM,pre_game,EPL,standard,https://static.prizepicks.com/images/players/soccer/SCR_team_hpPWv7FxpZTkeCyFVtRMOKuj_92qqdiryqd8juqdjq8585476y.webp,15566501,,,,,,Under,https://static.prizepicks.com/images/players/soccer/SCR_team_hpPWv7FxpZTkeCyFVtRMOKuj_92qqdiryqd8juqdjq8585476y.webp,2:00 AM,,,,,2:00 AM,,,,,,,,,,,,,,,,,,,,,,,0,0,0,,Push
PrizePicks,Soccer,319501,Pedro Neto,Attacker,Chelsea,Outfield Fantasy Score,12.5,N/A,,10/10/2026,2:00:00 AM,pre_game,EPL,standard,https://static.prizepicks.com/images/players/soccer/6psklvi66inwws7buzf16yjft.webp,15565465,,,,,,Under,https://static.prizepicks.com/images/players/soccer/6psklvi66inwws7buzf16yjft.webp,2:00 AM,Portugal,-1.8,2.6,,2:00 AM,,,,,,,,,,,,,,,,,,,,,,,0,0,0,,Push
PrizePicks,Soccer,319554,Rayan,Attacker,Bournemouth,Outfield Fantasy Score,10.5,N/A,,10/10/2026,2:00:00 AM,pre_game,EPL,standard,https://static.prizepicks.com/images/manual/RayanBournemouth.png,15565937,,,,,,Under,https://static.prizepicks.com/images/manual/RayanBournemouth.png,2:00 AM,,,,,2:00 AM,,,,,,,,,,,,,,,,,,,,,,,0,0,0,,Push
PrizePicks,Soccer,319350,Djordje Petrovic,Goalkeeper,Bournemouth,Goalie Fantasy Score,9.5,N/A,,10/10/2026,2:00:00 AM,pre_game,EPL,standard,https://static.prizepicks.com/images/players/soccer/bcfzovs0pj9urgv9r0ykjnlrd.webp,15569461,,,,,,Under,https://static.prizepicks.com/images/players/soccer/bcfzovs0pj9urgv9r0ykjnlrd.webp,2:00 AM,,,,,2:00 AM,,,,,,,,,,,,,,,,,,,,,,,0,0,0,,Push
PrizePicks,Soccer,339947,Emiliano Martínez,Goalkeeper,Chelsea,Goalie Fantasy Score,9.5,N/A,,10/10/2026,2:00:00 AM,pre_game,EPL,standard,https://static.prizepicks.com/images/manual/Emiliano Martínez Chelsea.png,15577327,,,,,,Under,https://static.prizepicks.com/images/manual/Emiliano Martínez Chelsea.png,2:00 AM,,,,,2:00 AM,,,,,,,,,,,,,,,,,,,,,,,0,0,0,,Push
PrizePicks,Soccer,319443,Evanilson,Attacker,Bournemouth,Outfield Fantasy Score,8.5,N/A,,10/10/2026,2:00:00 AM,pre_game,EPL,standard,https://static.prizepicks.com/images/players/soccer/2wl0uylmkzi2ls7v4amgaa1yi.webp,15566144,,,,,,Under,https://static.prizepicks.com/images/players/soccer/2wl0uylmkzi2ls7v4amgaa1yi.webp,2:00 AM,,,,,2:00 AM,,,,,,,,,,,,,,,,,,,,,,,0,0,0,,Push
PrizePicks,Soccer,319339,James Hill,Defender,Bournemouth,Clearances,6.5,N/A,,10/10/2026,2:00:00 AM,pre_game,EPL,standard,https://static.prizepicks.com/images/players/soccer/9ea8t509bssf2bhp1n5xxvrl6.webp,15566710,,,,,,,https://static.prizepicks.com/images/players/soccer/9ea8t509bssf2bhp1n5xxvrl6.webp,2:00 AM,,,,,2:00 AM,,,,,,,,,,,,,,,,,,,,,,,0,0,0,,Push
PrizePicks,Soccer,349941,Emiliano Martínez + Djordje Petrovic,Goalkeeper,Chelsea/Bournemouth,Goalie Saves (Combo),6,N/A,,10/10/2026,2:00:00 AM,pre_game,EPL,standard,https://static.prizepicks.com/images/manual/Emiliano%20Marti%CC%81nez%20+%20Djordje%20Petrovic.png,15552156,,,,,,,https://static.prizepicks.com/images/manual/Emiliano%20Marti%CC%81nez%20+%20Djordje%20Petrovic.png,2:00 AM,,,,,2:00 AM,,,,,,,,,,,,,,,,,,,,,,,0,0,0,,Push
PrizePicks,Soccer,319501,Pedro Neto,Attacker,Chelsea,Crosses,4.5,N/A,,10/10/2026,2:00:00 AM,pre_game,EPL,standard,https://static.prizepicks.com/images/players/soccer/6psklvi66inwws7buzf16yjft.webp,15565464,,,,,,,https://static.prizepicks.com/images/players/soccer/6psklvi66inwws7buzf16yjft.webp,2:00 AM,Portugal,-1.8,2.6,,2:00 AM,,,,,,,,,,,,,,,,,,,,,,,0,0,0,,Push
PrizePicks,Soccer,319214,Levi Colwill,Defender,Chelsea,Clearances,4.5,N/A,,10/10/2026,2:00:00 AM,pre_game,EPL,standard,https://static.prizepicks.com/images/players/soccer/SCR_team_qHj1W4O6uw2agDB8BZ1g7Eki_573hlc6devy50gjotyav9ql4a.webp,15566104,,,,,,,https://static.prizepicks.com/images/players/soccer/SCR_team_qHj1W4O6uw2agDB8BZ1g7Eki_573hlc6devy50gjotyav9ql4a.webp,2:00 AM,,,,,2:00 AM,,,,,,,,,,,,,,,,,,,,,,,0,0,0,,Push
PrizePicks,Soccer,335629,Morgan Rogers,Midfielder,Chelsea,Attempted Dribbles,3.5,N/A,,10/10/2026,2:00:00 AM,pre_game,EPL,standard,https://static.prizepicks.com/images/players/soccer/SCR_team_mbukzpTksp7Kv80dQi4PgruY_2eayhzdix8knmn810sbngsdt5.webp,15565791,,,,,,,https://static.prizepicks.com/images/players/soccer/SCR_team_mbukzpTksp7Kv80dQi4PgruY_2eayhzdix8knmn810sbngsdt5.webp,2:00 AM,England,-1.7,2.6,,2:00 AM,,,,,,,,,,,,,,,,,,,,,,,0,0,0,,Push
PrizePicks,Soccer,319205,Cole Palmer,Midfielder,Chelsea,Attempted Dribbles,3,N/A,,10/10/2026,2:00:00 AM,pre_game,EPL,standard,https://static.prizepicks.com/images/players/soccer/dl10343h8yopcgerzur5samwa.webp,15566189,,,,,,,https://static.prizepicks.com/images/players/soccer/dl10343h8yopcgerzur5samwa.webp,2:00 AM,,,,,2:00 AM,,,,,,,,,,,,,,,,,,,,,,,0,0,0,,Push
PrizePicks,Soccer,319205,Cole Palmer,Midfielder,Chelsea,Shots Assisted,2,N/A,,10/10/2026,2:00:00 AM,pre_game,EPL,standard,https://static.prizepicks.com/images/players/soccer/dl10343h8yopcgerzur5samwa.webp,15566198,,,,,,,https://static.prizepicks.com/images/players/soccer/dl10343h8yopcgerzur5samwa.webp,2:00 AM,,,,,2:00 AM,,,,,,,,,,,,,,,,,,,,,,,0,0,0,,Push
PrizePicks,Soccer,319446,Marcus Tavernier,Midfielder,Bournemouth,Attempted Dribbles,1.5,N/A,,10/10/2026,2:00:00 AM,pre_game,EPL,standard,https://static.prizepicks.com/images/players/soccer/b3gobhr43y8oxpafvp4f8rgmh.webp,15565972,,,,,,,https://static.prizepicks.com/images/players/soccer/b3gobhr43y8oxpafvp4f8rgmh.webp,2:00 AM,,,,,2:00 AM,,,,,,,,,,,,,,,,,,,,,,,0,0,0,,Push
PrizePicks,Soccer,319330,Adrien Truffert,Defender,Bournemouth,Attempted Dribbles,1.5,N/A,,10/10/2026,2:00:00 AM,pre_game,EPL,standard,https://static.prizepicks.com/images/players/soccer/SCR_team_hpPWv7FxpZTkeCyFVtRMOKuj_92qqdiryqd8juqdjq8585476y.webp,15566516,,,,,,,https://static.prizepicks.com/images/players/soccer/SCR_team_hpPWv7FxpZTkeCyFVtRMOKuj_92qqdiryqd8juqdjq8585476y.webp,2:00 AM,,,,,2:00 AM,,,,,,,,,,,,,,,,,,,,,,,0,0,0,,Push
PrizePicks,Soccer,319257,Senne Lammens,Goalkeeper,Man Utd,Goalie Fantasy Score,10.5,N/A,,10/10/2026,4:30:00 AM,pre_game,EPL,standard,https://static.prizepicks.com/images/manual/Senne_Lammens.png,15591689,,,,,,Under,https://static.prizepicks.com/images/manual/Senne_Lammens.png,4:30 AM,Belgium,-1.3,2.5,,4:30 AM,,,,,,,,,,,,,,,,,,,,,,,0,0,0,,Push
PrizePicks,Soccer,319352,Antonín Kinsky,Goalkeeper,Spurs,Goalie Saves,3.5,N/A,,10/10/2026,4:30:00 AM,pre_game,EPL,standard,https://static.prizepicks.com/images/players/soccer/5qc2hwkixcdpfbq6qmfpxvey2.webp,15529417,4.5,45.926,54.074,,,Under,https://static.prizepicks.com/images/players/soccer/5qc2hwkixcdpfbq6qmfpxvey2.webp,4:30 AM,,,,,4:30 AM,,,,,,,,4.50,,,,,,,,47.5556,52.4444,47.6,,,,,4.5,4.5,4.5,4.5,Push
PrizePicks,Soccer,319409,Matheus Cunha,Attacker,Man Utd,Shots,3,N/A,,10/10/2026,4:30:00 AM,pre_game,EPL,standard,https://static.prizepicks.com/images/manual/MatheusCunha.webp,15591871,2.5,56.196,43.804,,,Over,https://static.prizepicks.com/images/manual/MatheusCunha.webp,4:30 AM,Brazil,-2.5,3.4,,4:30 AM,,,,,,,,2.50,,,,,,,,54.3372,45.6628,54.3,,,,,2.5,2.5,2.5,2.5,Push
PrizePicks,Soccer,334998,Marcus Rashford,Attacker,Man Utd,Shots,3,N/A,,10/10/2026,4:30:00 AM,pre_game,EPL,standard,https://static.prizepicks.com/images/manual/rashford.png,15591872,2.5,56.897,43.103,,,Over,https://static.prizepicks.com/images/manual/rashford.png,4:30 AM,England,-1.7,2.6,,4:30 AM,,,,,,,,2.50,,,,,,,,54.8279,45.1721,54.8,,,,,2.5,2.5,2.5,2.5,Push
PrizePicks,Soccer,319395,Bryan Mbeumo,Attacker,Man Utd,Shots,3,N/A,,10/10/2026,4:30:00 AM,pre_game,EPL,standard,https://static.prizepicks.com/images/players/soccer/v78uhwxgzojcec8lsdvucusp.webp,15591873,2.5,53.592,46.408,,,Over,https://static.prizepicks.com/images/players/soccer/v78uhwxgzojcec8lsdvucusp.webp,4:30 AM,,,,,4:30 AM,,,,,,,,2.50,,,,,,,,52.5144,47.4856,52.5,,,,,2.5,2.5,2.5,2.5,Push
PrizePicks,Soccer,319006,Bruno Fernandes,Midfielder,Man Utd,Shots,3,N/A,,10/10/2026,4:30:00 AM,pre_game,EPL,standard,https://static.prizepicks.com/images/players/soccer/3vtjjrqof5z2tjj84ehadqc45.webp,15591874,2.5,49.359,50.641,,,Under,https://static.prizepicks.com/images/players/soccer/3vtjjrqof5z2tjj84ehadqc45.webp,4:30 AM,Portugal,-1.8,2.6,,4:30 AM,,,,,,,,2.50,,,,,,,,49.5513,50.4487,49.6,,,,,2.5,2.5,2.5,2.5,Best Bet
PrizePicks,Soccer,339007,Omar Marmoush,Attacker,Spurs,Shots,2.5,N/A,,10/10/2026,4:30:00 AM,pre_game,EPL,standard,https://static.prizepicks.com/images/manual/Omar Marmoush.png,15591875,2.5,46.632,53.368,,,Under,https://static.prizepicks.com/images/manual/Omar Marmoush.png,4:30 AM,New Zealand,0.9,2.5,New Zealand vs Egypt,4:30 AM,,BC Place Vancouver,,,,,,2.50,,,,,,,,46.632,53.368,53.4,,,,,2.5,2.5,2.5,2.5,Best Bet
PrizePicks,Soccer,319556,Dominic Solanke,Attacker,Spurs,Shots,2,N/A,,10/10/2026,4:30:00 AM,pre_game,EPL,standard,https://static.prizepicks.com/images/players/soccer/dvj6rdi2k0td95oxldbj6e28l.webp,15591876,1.5,55.528,44.472,,,Over,https://static.prizepicks.com/images/players/soccer/dvj6rdi2k0td95oxldbj6e28l.webp,4:30 AM,,,,,4:30 AM,,,,,,,,1.50,,,,,,,,53.8696,46.1304,53.9,,,,,1.5,1.5,1.5,1.5,Push
PrizePicks,Soccer,338173,Sávio,Attacker,Spurs,Shots,2,N/A,,10/10/2026,4:30:00 AM,pre_game,EPL,standard,https://static.prizepicks.com/images/manual/Sávio.png,15591877,,,,,,,https://static.prizepicks.com/images/manual/Sávio.png,4:30 AM,,,,,4:30 AM,,,,,,,,,,,,,,,,,,,,,,,0,0,0,,Push
PrizePicks,Soccer,319151,Micky van de Ven,Defender,Spurs,Passes Attempted,62.5,N/A,,10/10/2026,4:30:00 AM,pre_game,EPL,standard,https://static.prizepicks.com/images/players/soccer/dodddfi0l5i36vlgbaybhzeqy.webp,15601095,,,,,,,https://static.prizepicks.com/images/players/soccer/dodddfi0l5i36vlgbaybhzeqy.webp,4:30 AM,Netherlands,-0.8,2.6,Netherlands vs Sweden,4:30 AM,,Houston Stadium,,,,,,,,,,,,,,,,,,,,,0,0,0,,Push
PrizePicks,Soccer,319006,Bruno Fernandes,Midfielder,Man Utd,Passes Attempted,55.5,N/A,,10/10/2026,4:30:00 AM,pre_game,EPL,standard,https://static.prizepicks.com/images/players/soccer/3vtjjrqof5z2tjj84ehadqc45.webp,15566394,,,,,,,https://static.prizepicks.com/images/players/soccer/3vtjjrqof5z2tjj84ehadqc45.webp,4:30 AM,Portugal,-1.8,2.6,,4:30 AM,,,,,,,,,,,,,,,,,,,,,,,0,0,0,,Push
PrizePicks,Soccer,319360,Harry Maguire,Defender,Man Utd,Passes Attempted,53.5,N/A,,10/10/2026,4:30:00 AM,pre_game,EPL,standard,https://static.prizepicks.com/images/players/soccer/1vz038uyzmq8saskeeo0qhm8l.webp,15565947,,,,,,,https://static.prizepicks.com/images/players/soccer/1vz038uyzmq8saskeeo0qhm8l.webp,4:30 AM,,,,,4:30 AM,,,,,,,,,,,,,,,,,,,,,,,0,0,0,,Push
PrizePicks,Soccer,334508,Sandro Tonali,Midfielder,Spurs,Passes Attempted,50.5,N/A,,10/10/2026,4:30:00 AM,pre_game,EPL,standard,https://static.prizepicks.com/images/players/soccer/9sxg58hszjq17avxgumftdu22.webp,15567137,,,,,,,https://static.prizepicks.com/images/players/soccer/9sxg58hszjq17avxgumftdu22.webp,4:30 AM,,,,,4:30 AM,,,,,,,,,,,,,,,,,,,,,,,0,0,0,,Push
PrizePicks,Soccer,319352,Antonín Kinsky,Goalkeeper,Spurs,Passes Attempted,35.5,N/A,,10/10/2026,4:30:00 AM,pre_game,EPL,standard,https://static.prizepicks.com/images/players/soccer/5qc2hwkixcdpfbq6qmfpxvey2.webp,15568341,,,,,,,https://static.prizepicks.com/images/players/soccer/5qc2hwkixcdpfbq6qmfpxvey2.webp,4:30 AM,,,,,4:30 AM,,,,,,,,,,,,,,,,,,,,,,,0,0,0,,Push
PrizePicks,Soccer,338173,Sávio,Attacker,Spurs,Passes Attempted,30.5,N/A,,10/10/2026,4:30:00 AM,pre_game,EPL,standard,https://static.prizepicks.com/images/manual/Sávio.png,15566415,,,,,,,https://static.prizepicks.com/images/manual/Sávio.png,4:30 AM,,,,,4:30 AM,,,,,,,,,,,,,,,,,,,,,,,0,0,0,,Push
PrizePicks,Soccer,319395,Bryan Mbeumo,Attacker,Man Utd,Passes Attempted,27.5,N/A,,10/10/2026,4:30:00 AM,pre_game,EPL,standard,https://static.prizepicks.com/images/players/soccer/v78uhwxgzojcec8lsdvucusp.webp,15565859,,,,,,,https://static.prizepicks.com/images/players/soccer/v78uhwxgzojcec8lsdvucusp.webp,4:30 AM,,,,,4:30 AM,,,,,,,,,,,,,,,,,,,,,,,0,0,0,,Push
PrizePicks,Soccer,319409,Matheus Cunha,Attacker,Man Utd,Passes Attempted,27.5,N/A,,10/10/2026,4:30:00 AM,pre_game,EPL,standard,https://static.prizepicks.com/images/manual/MatheusCunha.webp,15566362,,,,,,,https://static.prizepicks.com/images/manual/MatheusCunha.webp,4:30 AM,Brazil,-2.5,3.4,,4:30 AM,,,,,,,,,,,,,,,,,,,,,,,0,0,0,,Push
PrizePicks,Soccer,319257,Senne Lammens,Goalkeeper,Man Utd,Passes Attempted,24.5,N/A,,10/10/2026,4:30:00 AM,pre_game,EPL,standard,https://static.prizepicks.com/images/manual/Senne_Lammens.png,15591690,,,,,,,https://static.prizepicks.com/images/manual/Senne_Lammens.png,4:30 AM,Belgium,-1.3,2.5,,4:30 AM,,,,,,,,,,,,,,,,,,,,,,,0,0,0,,Push
PrizePicks,Soccer,339007,Omar Marmoush,Attacker,Spurs,Passes Attempted,18.5,N/A,,10/10/2026,4:30:00 AM,pre_game,EPL,standard,https://static.prizepicks.com/images/manual/Omar Marmoush.png,15565757,,,,,,,https://static.prizepicks.com/images/manual/Omar Marmoush.png,4:30 AM,New Zealand,0.9,2.5,New Zealand vs Egypt,4:30 AM,,BC Place Vancouver,,,,,,,,,,,,,,,,,,,,,0,0,0,,Push
PrizePicks,Soccer,319006,Bruno Fernandes,Midfielder,Man Utd,Outfield Fantasy Score,16.5,N/A,,10/10/2026,4:30:00 AM,pre_game,EPL,standard,https://static.prizepicks.com/images/players/soccer/3vtjjrqof5z2tjj84ehadqc45.webp,15566442,,,,,,Under,https://static.prizepicks.com/images/players/soccer/3vtjjrqof5z2tjj84ehadqc45.webp,4:30 AM,Portugal,-1.8,2.6,,4:30 AM,,,,,,,,,,,,,,,,,,,,,,,0,0,0,,Push
PrizePicks,Soccer,319395,Bryan Mbeumo,Attacker,Man Utd,Outfield Fantasy Score,15.5,N/A,,10/10/2026,4:30:00 AM,pre_game,EPL,standard,https://static.prizepicks.com/images/players/soccer/v78uhwxgzojcec8lsdvucusp.webp,15565830,,,,,,Under,https://static.prizepicks.com/images/players/soccer/v78uhwxgzojcec8lsdvucusp.webp,4:30 AM,,,,,4:30 AM,,,,,,,,,,,,,,,,,,,,,,,0,0,0,,Push
PrizePicks,Soccer,338173,Sávio,Attacker,Spurs,Outfield Fantasy Score,15.5,N/A,,10/10/2026,4:30:00 AM,pre_game,EPL,standard,https://static.prizepicks.com/images/manual/Sávio.png,15566429,,,,,,Under,https://static.prizepicks.com/images/manual/Sávio.png,4:30 AM,,,,,4:30 AM,,,,,,,,,,,,,,,,,,,,,,,0,0,0,,Push
PrizePicks,Soccer,319409,Matheus Cunha,Attacker,Man Utd,Outfield Fantasy Score,13.5,N/A,,10/10/2026,4:30:00 AM,pre_game,EPL,standard,https://static.prizepicks.com/images/manual/MatheusCunha.webp,15566325,,,,,,Under,https://static.prizepicks.com/images/manual/MatheusCunha.webp,4:30 AM,Brazil,-2.5,3.4,,4:30 AM,,,,,,,,,,,,,,,,,,,,,,,0,0,0,,Push
PrizePicks,Soccer,334508,Sandro Tonali,Midfielder,Spurs,Outfield Fantasy Score,9.5,N/A,,10/10/2026,4:30:00 AM,pre_game,EPL,standard,https://static.prizepicks.com/images/players/soccer/9sxg58hszjq17avxgumftdu22.webp,15567133,,,,,,Under,https://static.prizepicks.com/images/players/soccer/9sxg58hszjq17avxgumftdu22.webp,4:30 AM,,,,,4:30 AM,,,,,,,,,,,,,,,,,,,,,,,0,0,0,,Push
PrizePicks,Soccer,319352,Antonín Kinsky,Goalkeeper,Spurs,Goalie Fantasy Score,9.5,N/A,,10/10/2026,4:30:00 AM,pre_game,EPL,standard,https://static.prizepicks.com/images/players/soccer/5qc2hwkixcdpfbq6qmfpxvey2.webp,15568340,,,,,,Under,https://static.prizepicks.com/images/players/soccer/5qc2hwkixcdpfbq6qmfpxvey2.webp,4:30 AM,,,,,4:30 AM,,,,,,,,,,,,,,,,,,,,,,,0,0,0,,Push
PrizePicks,Soccer,339007,Omar Marmoush,Attacker,Spurs,Outfield Fantasy Score,8.5,N/A,,10/10/2026,4:30:00 AM,pre_game,EPL,standard,https://static.prizepicks.com/images/manual/Omar Marmoush.png,15565754,,,,,,Under,https://static.prizepicks.com/images/manual/Omar Marmoush.png,4:30 AM,New Zealand,0.9,2.5,New Zealand vs Egypt,4:30 AM,,BC Place Vancouver,,,,,,,,,,,,,,,,,,,,,0,0,0,,Push
PrizePicks,Soccer,338173,Sávio,Attacker,Spurs,Attempted Dribbles,7.5,N/A,,10/10/2026,4:30:00 AM,pre_game,EPL,standard,https://static.prizepicks.com/images/manual/Sávio.png,15566461,,,,,,,https://static.prizepicks.com/images/manual/Sávio.png,4:30 AM,,,,,4:30 AM,,,,,,,,,,,,,,,,,,,,,,,0,0,0,,Push
PrizePicks,Soccer,319006,Bruno Fernandes,Midfielder,Man Utd,Crosses,6.5,N/A,,10/10/2026,4:30:00 AM,pre_game,EPL,standard,https://static.prizepicks.com/images/players/soccer/3vtjjrqof5z2tjj84ehadqc45.webp,15566388,,,,,,,https://static.prizepicks.com/images/players/soccer/3vtjjrqof5z2tjj84ehadqc45.webp,4:30 AM,Portugal,-1.8,2.6,,4:30 AM,,,,,,,,,,,,,,,,,,,,,,,0,0,0,,Push
PrizePicks,Soccer,349945,Senne Lammens + Antonín Kinsky,Goalkeeper,Man Utd/Spurs,Goalie Saves (Combo),6,N/A,,10/10/2026,4:30:00 AM,pre_game,EPL,standard,https://static.prizepicks.com/images/players/CMBO_group_e5VomjOVBvI3R5hY0hX59AXq.webp,15552289,,,,,,,https://static.prizepicks.com/images/players/CMBO_group_e5VomjOVBvI3R5hY0hX59AXq.webp,4:30 AM,,,,,4:30 AM,,,,,,,,,,,,,,,,,,,,,,,0,0,0,,Push
PrizePicks,Soccer,338173,Sávio,Attacker,Spurs,Crosses,5.5,N/A,,10/10/2026,4:30:00 AM,pre_game,EPL,standard,https://static.prizepicks.com/images/manual/Sávio.png,15566419,,,,,,,https://static.prizepicks.com/images/manual/Sávio.png,4:30 AM,,,,,4:30 AM,,,,,,,,,,,,,,,,,,,,,,,0,0,0,,Push
PrizePicks,Soccer,319360,Harry Maguire,Defender,Man Utd,Clearances,5,N/A,,10/10/2026,4:30:00 AM,pre_game,EPL,standard,https://static.prizepicks.com/images/players/soccer/1vz038uyzmq8saskeeo0qhm8l.webp,15565908,,,,,,,https://static.prizepicks.com/images/players/soccer/1vz038uyzmq8saskeeo0qhm8l.webp,4:30 AM,,,,,4:30 AM,,,,,,,,,,,,,,,,,,,,,,,0,0,0,,Push
PrizePicks,Soccer,339007,Omar Marmoush,Attacker,Spurs,Attempted Dribbles,3.5,N/A,,10/10/2026,4:30:00 AM,pre_game,EPL,standard,https://static.prizepicks.com/images/manual/Omar Marmoush.png,15565742,,,,,,,https://static.prizepicks.com/images/manual/Omar Marmoush.png,4:30 AM,New Zealand,0.9,2.5,New Zealand vs Egypt,4:30 AM,,BC Place Vancouver,,,,,,,,,,,,,,,,,,,,,0,0,0,,Push
PrizePicks,Soccer,319395,Bryan Mbeumo,Attacker,Man Utd,Attempted Dribbles,3,N/A,,10/10/2026,4:30:00 AM,pre_game,EPL,standard,https://static.prizepicks.com/images/players/soccer/v78uhwxgzojcec8lsdvucusp.webp,15565845,,,,,,,https://static.prizepicks.com/images/players/soccer/v78uhwxgzojcec8lsdvucusp.webp,4:30 AM,,,,,4:30 AM,,,,,,,,,,,,,,,,,,,,,,,0,0,0,,Push
PrizePicks,Soccer,319257,Senne Lammens,Goalkeeper,Man Utd,Goalie Saves,2.5,N/A,,10/10/2026,4:30:00 AM,pre_game,EPL,standard,https://static.prizepicks.com/images/manual/Senne_Lammens.png,15484328,2.5,56.458,43.542,,,Over,https://static.prizepicks.com/images/manual/Senne_Lammens.png,4:30 AM,Belgium,-1.3,2.5,,4:30 AM,,,,,,,,2.50,,,,,,,,56.458,43.542,56.5,,,,,2.5,2.5,2.5,2.5,Push
PrizePicks,Soccer,319006,Bruno Fernandes,Midfielder,Man Utd,Shots Assisted,2.5,N/A,,10/10/2026,4:30:00 AM,pre_game,EPL,standard,https://static.prizepicks.com/images/players/soccer/3vtjjrqof5z2tjj84ehadqc45.webp,15566392,,,,,,,https://static.prizepicks.com/images/players/soccer/3vtjjrqof5z2tjj84ehadqc45.webp,4:30 AM,Portugal,-1.8,2.6,,4:30 AM,,,,,,,,,,,,,,,,,,,,,,,0,0,0,,Push
PrizePicks,Soccer,338173,Sávio,Attacker,Spurs,Shots Assisted,2.5,N/A,,10/10/2026,4:30:00 AM,pre_game,EPL,standard,https://static.prizepicks.com/images/manual/Sávio.png,15566454,,,,,,,https://static.prizepicks.com/images/manual/Sávio.png,4:30 AM,,,,,4:30 AM,,,,,,,,,,,,,,,,,,,,,,,0,0,0,,Push
PrizePicks,Soccer,336378,Konstantinos Tzolakis,Goalkeeper,Hull,Goalie Fantasy Score,9.5,N/A,,10/11/2026,1:00:00 AM,pre_game,EPL,standard,https://static.prizepicks.com/images/manual/Konstantinos Tzolakis.png,15591692,,,,,,Under,https://static.prizepicks.com/images/manual/Konstantinos Tzolakis.png,1:00 AM,,,,,1:00 AM,,,,,,,,,,,,,,,,,,,,,,,0,0,0,,Push
PrizePicks,Soccer,336378,Konstantinos Tzolakis,Goalkeeper,Hull,Goalie Saves,3,N/A,,10/11/2026,1:00:00 AM,pre_game,EPL,standard,https://static.prizepicks.com/images/manual/Konstantinos Tzolakis.png,15530273,,,,,,,https://static.prizepicks.com/images/manual/Konstantinos Tzolakis.png,1:00 AM,,,,,1:00 AM,,,,,,,,,,,,,,,,,,,,,,,0,0,0,,Push
PrizePicks,Soccer,319383,Thierno Barry,Attacker,Everton,Shots,2.5,N/A,,10/11/2026,1:00:00 AM,pre_game,EPL,standard,https://static.prizepicks.com/images/players/soccer/1wileoy8mxtd2t1b106uhwzro.webp,15602331,2.5,44.031,55.969,,,Under,https://static.prizepicks.com/images/players/soccer/1wileoy8mxtd2t1b106uhwzro.webp,1:00 AM,,,,,1:00 AM,,,,,,,,2.50,,,,,,,,44.031,55.969,56.0,,,,,2.5,2.5,2.5,2.5,Ideal Bet
PrizePicks,Soccer,336380,Matz Sels,Goalkeeper,Forest,Goalie Saves,3,N/A,,10/11/2026,1:00:00 AM,pre_game,EPL,standard,https://static.prizepicks.com/images/players/soccer/2vgr8c97x4b2e51tyvvixusid.webp,15530283,,,,,,,https://static.prizepicks.com/images/players/soccer/2vgr8c97x4b2e51tyvvixusid.webp,1:00 AM,,,,,1:00 AM,,,,,,,,,,,,,,,,,,,,,,,0,0,0,,Push
PrizePicks,Soccer,336386,Dean Henderson,Goalkeeper,Palace,Goalie Saves,3,N/A,,10/11/2026,1:00:00 AM,pre_game,EPL,standard,https://static.prizepicks.com/images/players/soccer/5z8ycnd0smdkumi5fgtzf7c9h.webp,15530285,,,,,,,https://static.prizepicks.com/images/players/soccer/5z8ycnd0smdkumi5fgtzf7c9h.webp,1:00 AM,England,-1.7,2.6,,1:00 AM,,,,,,,,,,,,,,,,,,,,,,,0,0,0,,Push
PrizePicks,Soccer,334683,Jørgen Strand Larsen,Attacker,Palace,Shots,2.5,N/A,,10/11/2026,1:00:00 AM,pre_game,EPL,standard,https://static.prizepicks.com/images/manual/Jørgen Strand Larsen.png,15602261,,,,,,,https://static.prizepicks.com/images/manual/Jørgen Strand Larsen.png,1:00 AM,,,,,1:00 AM,,,,,,,,,,,,,,,,,,,,,,,0,0,0,,Push
PrizePicks,Soccer,334460,Morgan Gibbs-White,Midfielder,Forest,Shots,2.5,N/A,,10/11/2026,1:00:00 AM,pre_game,EPL,standard,https://static.prizepicks.com/images/players/soccer/55yy0p6johtu9nxk90zsfctt5.webp,15602265,1.5,60.03,39.97,,,Over,https://static.prizepicks.com/images/players/soccer/55yy0p6johtu9nxk90zsfctt5.webp,1:00 AM,,,,,1:00 AM,,,,,,,,1.50,,,,,,,,56.018,43.982,56.0,,,,,1.5,1.5,1.5,1.5,Push
PrizePicks,Soccer,319826,Jordan Pickford,Goalkeeper,Everton,Goalie Fantasy Score,10.5,N/A,,10/11/2026,1:00:00 AM,pre_game,EPL,standard,https://static.prizepicks.com/images/players/soccer/e8dina16u5kt5ho4u5igtmimt.webp,15587948,,,,,,Under,https://static.prizepicks.com/images/players/soccer/e8dina16u5kt5ho4u5igtmimt.webp,1:00 AM,England,-1.7,2.6,,1:00 AM,,,,,,,,,,,,,,,,,,,,,,,0,0,0,,Push
PrizePicks,Soccer,349947,Konstantinos Tzolakis + Jordan Pickford,Goalkeeper,Hull/Everton,Goalie Saves (Combo),5.5,N/A,,10/11/2026,1:00:00 AM,pre_game,EPL,standard,https://static.prizepicks.com/images/manual/Konstantinos Tzolakis + Jordan Pickford.png,15552383,,,,,,,https://static.prizepicks.com/images/manual/Konstantinos Tzolakis + Jordan Pickford.png,1:00 AM,,,,,1:00 AM,,,,,,,,,,,,,,,,,,,,,,,0,0,0,,Push
PrizePicks,Soccer,319826,Jordan Pickford,Goalkeeper,Everton,Goalie Saves,2.5,N/A,,10/11/2026,1:00:00 AM,pre_game,EPL,standard,https://static.prizepicks.com/images/players/soccer/e8dina16u5kt5ho4u5igtmimt.webp,15494884,,,,,,,https://static.prizepicks.com/images/players/soccer/e8dina16u5kt5ho4u5igtmimt.webp,1:00 AM,England,-1.7,2.6,,1:00 AM,,,,,,,,,,,,,,,,,,,,,,,0,0,0,,Push
PrizePicks,Soccer,319149,Kiernan Dewsbury-Hall,Midfielder,Everton,Shots,2.5,N/A,,10/11/2026,1:00:00 AM,pre_game,EPL,standard,https://static.prizepicks.com/images/players/soccer/2bkp1lcaxmvwoanxwo0775cdl.webp,15495070,1.5,53.84,46.16,,,Over,https://static.prizepicks.com/images/players/soccer/2bkp1lcaxmvwoanxwo0775cdl.webp,1:00 AM,,,,,1:00 AM,,,,,,,,1.50,,,,,,,,52.304,47.696,52.3,,,,,1.5,1.5,1.5,1.5,Push
PrizePicks,Soccer,349947,Konstantinos Tzolakis + Jordan Pickford,Goalkeeper,Hull/Everton,Goals Allowed (Combo),2.5,N/A,,10/11/2026,1:00:00 AM,pre_game,EPL,standard,https://static.prizepicks.com/images/manual/Konstantinos Tzolakis + Jordan Pickford.png,15552384,,,,,,,https://static.prizepicks.com/images/manual/Konstantinos Tzolakis + Jordan Pickford.png,1:00 AM,,,,,1:00 AM,,,,,,,,,,,,,,,,,,,,,,,0,0,0,,Push
PrizePicks,Soccer,349947,Konstantinos Tzolakis + Jordan Pickford,Goalkeeper,Hull/Everton,Goals Allowed in First 30 Minutes,0.5,N/A,,10/11/2026,1:00:00 AM,pre_game,EPL,standard,https://static.prizepicks.com/images/manual/Konstantinos Tzolakis + Jordan Pickford.png,15552380,,,,,,,https://static.prizepicks.com/images/manual/Konstantinos Tzolakis + Jordan Pickford.png,1:00 AM,,,,,1:00 AM,,,,,,,,,,,,,,,,,,,,,,,0,0,0,,Push
PrizePicks,Soccer,336386,Dean Henderson,Goalkeeper,Palace,Goalie Fantasy Score,9.5,N/A,,10/11/2026,1:00:00 AM,pre_game,EPL,standard,https://static.prizepicks.com/images/players/soccer/5z8ycnd0smdkumi5fgtzf7c9h.webp,15573949,,,,,,Under,https://static.prizepicks.com/images/players/soccer/5z8ycnd0smdkumi5fgtzf7c9h.webp,1:00 AM,England,-1.7,2.6,,1:00 AM,,,,,,,,,,,,,,,,,,,,,,,0,0,0,,Push
PrizePicks,Soccer,336380,Matz Sels,Goalkeeper,Forest,Goalie Fantasy Score,9.5,N/A,,10/11/2026,1:00:00 AM,pre_game,EPL,standard,https://static.prizepicks.com/images/players/soccer/2vgr8c97x4b2e51tyvvixusid.webp,15591026,,,,,,Under,https://static.prizepicks.com/images/players/soccer/2vgr8c97x4b2e51tyvvixusid.webp,1:00 AM,,,,,1:00 AM,,,,,,,,,,,,,,,,,,,,,,,0,0,0,,Push
PrizePicks,Soccer,349949,Dean Henderson + Matz Sels,Goalkeeper,Palace/Forest,Goalie Saves (Combo),6,N/A,,10/11/2026,1:00:00 AM,pre_game,EPL,standard,https://static.prizepicks.com/images/players/CMBO_group_rW7rJ1RZtE4wDvlnRByB6QqZ.webp,15552717,,,,,,,https://static.prizepicks.com/images/players/CMBO_group_rW7rJ1RZtE4wDvlnRByB6QqZ.webp,1:00 AM,,,,,1:00 AM,,,,,,,,,,,,,,,,,,,,,,,0,0,0,,Push
PrizePicks,Soccer,334510,Ismaïla Sarr,Attacker,Palace,Shots,2.5,N/A,,10/11/2026,1:00:00 AM,pre_game,EPL,standard,https://static.prizepicks.com/images/players/soccer/44s112hd02w1i2ucvai9jy7e1.webp,15495722,,,,,,,https://static.prizepicks.com/images/players/soccer/44s112hd02w1i2ucvai9jy7e1.webp,1:00 AM,Norway,-0.6,2.5,,1:00 AM,,,,,,,,,,,,,,,,,,,,,,,0,0,0,,Push
PrizePicks,Soccer,334465,Dan Ndoye,Attacker,Forest,Shots,2.5,N/A,,10/11/2026,1:00:00 AM,pre_game,EPL,standard,https://static.prizepicks.com/images/players/soccer/ex10o77wnk1exp9tj1t1rqj56.webp,15495842,2.5,39.222,60.778,,,Under,https://static.prizepicks.com/images/players/soccer/ex10o77wnk1exp9tj1t1rqj56.webp,1:00 AM,Switzerland,-0.6,2.5,,1:00 AM,,,,,,,,2.50,,,,,,,,39.222,60.778,60.8,,,,,2.5,2.5,2.5,2.5,Ideal Bet
PrizePicks,Soccer,349949,Dean Henderson + Matz Sels,Goalkeeper,Palace/Forest,Goals Allowed (Combo),2.5,N/A,,10/11/2026,1:00:00 AM,pre_game,EPL,standard,https://static.prizepicks.com/images/players/CMBO_group_rW7rJ1RZtE4wDvlnRByB6QqZ.webp,15552718,,,,,,,https://static.prizepicks.com/images/players/CMBO_group_rW7rJ1RZtE4wDvlnRByB6QqZ.webp,1:00 AM,,,,,1:00 AM,,,,,,,,,,,,,,,,,,,,,,,0,0,0,,Push
PrizePicks,Soccer,349949,Dean Henderson + Matz Sels,Goalkeeper,Palace/Forest,Goals Allowed in First 30 Minutes,0.5,N/A,,10/11/2026,1:00:00 AM,pre_game,EPL,standard,https://static.prizepicks.com/images/players/CMBO_group_rW7rJ1RZtE4wDvlnRByB6QqZ.webp,15552716,,,,,,,https://static.prizepicks.com/images/players/CMBO_group_rW7rJ1RZtE4wDvlnRByB6QqZ.webp,1:00 AM,,,,,1:00 AM,,,,,,,,,,,,,,,,,,,,,,,0,0,0,,Push
PrizePicks,Soccer,319362,Erling Haaland,Attacker,Man City,Shots,3.5,N/A,,10/11/2026,3:30:00 AM,pre_game,EPL,standard,https://static.prizepicks.com/images/players/soccer/atzboo800gv7gic2rgvgo0kq1.webp,15591912,2.5,58.924,41.076,,,Over,https://static.prizepicks.com/images/players/soccer/atzboo800gv7gic2rgvgo0kq1.webp,3:30 AM,,,,,3:30 AM,,,,,,,,2.50,,,,,,,,55.3544,44.6456,55.4,,,,,2.5,2.5,2.5,2.5,Push
PrizePicks,Soccer,319616,Alisson Becker,Goalkeeper,Liverpool,Goalie Saves,3,N/A,,10/11/2026,3:30:00 AM,pre_game,EPL,standard,https://static.prizepicks.com/images/players/soccer/53d0pvr7ylvfhp6p749iniqc5.webp,15530286,,,,,,,https://static.prizepicks.com/images/players/soccer/53d0pvr7ylvfhp6p749iniqc5.webp,3:30 AM,,,,,3:30 AM,,,,,,,,,,,,,,,,,,,,,,,0,0,0,,Push
PrizePicks,Soccer,319614,Gianluigi Donnarumma,Goalkeeper,Man City,Goalie Saves,3,N/A,,10/11/2026,3:30:00 AM,pre_game,EPL,standard,https://static.prizepicks.com/images/manual/Gianluigi_Donnarumma-.png,15530287,2.5,62.489,37.511,,,Over,https://static.prizepicks.com/images/manual/Gianluigi_Donnarumma-.png,3:30 AM,,,,,3:30 AM,,,,,,,,2.50,,,,,,,,58.7423,41.2577,58.7,,,,,2.5,2.5,2.5,2.5,Push
PrizePicks,Soccer,319536,Alexander Isak,Attacker,Liverpool,Shots,2.5,N/A,,10/11/2026,3:30:00 AM,pre_game,EPL,standard,https://static.prizepicks.com/images/manual/Alexander Isak Liverpool.png,15591934,,,,,,,https://static.prizepicks.com/images/manual/Alexander Isak Liverpool.png,3:30 AM,Netherlands,-0.8,2.6,Netherlands vs Sweden,3:30 AM,,Houston Stadium,,,,,,,,,,,,,,,,,,,,,0,0,0,,Push
PrizePicks,Soccer,340175,Bradley Barcola,Attacker,Liverpool,Shots,2,N/A,,10/11/2026,3:30:00 AM,pre_game,EPL,standard,https://static.prizepicks.com/images/manual/Bradley Barcola.png,15591935,1.5,54.517,45.483,,,Over,https://static.prizepicks.com/images/manual/Bradley Barcola.png,3:30 AM,France,-2.5,3.4,,3:30 AM,,,,,,,,1.50,,,,,,,,53.1619,46.8381,53.2,,,,,1.5,1.5,1.5,1.5,Push
PrizePicks,Soccer,319231,Antoine Semenyo,Attacker,Man City,Shots,2,N/A,,10/11/2026,3:30:00 AM,pre_game,EPL,standard,https://static.prizepicks.com/images/manual/Antoine_Semenyo.png,15591956,1.5,56.652,43.348,,,Over,https://static.prizepicks.com/images/manual/Antoine_Semenyo.png,3:30 AM,England,-1.7,2.6,,3:30 AM,,,,,,,,1.50,,,,,,,,54.6564,45.3436,54.7,,,,,1.5,1.5,1.5,1.5,Push
PrizePicks,Soccer,319239,Rayan Cherki,Midfielder,Man City,Shots,2,N/A,,10/11/2026,3:30:00 AM,pre_game,EPL,standard,https://static.prizepicks.com/images/players/soccer/1ehcji0j9s8b0qsj8v5zinjvu.webp,15592250,1.5,59.409,40.591,,,Over,https://static.prizepicks.com/images/players/soccer/1ehcji0j9s8b0qsj8v5zinjvu.webp,3:30 AM,France,-2.5,3.4,,3:30 AM,,,,,,,,1.50,,,,,,,,56.5863,43.4137,56.6,,,,,1.5,1.5,1.5,1.5,Push
PrizePicks,Soccer,319263,Dominik Szoboszlai,Midfielder,Liverpool,Shots,2,N/A,,10/11/2026,3:30:00 AM,pre_game,EPL,standard,https://static.prizepicks.com/images/players/soccer/avh60ensgiwz1qalvn1bbqkfd.webp,15592251,2.5,56.458,43.542,,,Over,https://static.prizepicks.com/images/players/soccer/avh60ensgiwz1qalvn1bbqkfd.webp,3:30 AM,,,,,3:30 AM,,,,,,,,2.50,,,,,,,,54.5206,45.4794,54.5,,,,,2.5,2.5,2.5,2.5,Ideal Bet
PrizePicks,Soccer,319362,Erling Haaland,Attacker,Man City,Shots On Target,1.5,N/A,,10/11/2026,3:30:00 AM,pre_game,EPL,standard,https://static.prizepicks.com/images/players/soccer/atzboo800gv7gic2rgvgo0kq1.webp,15591928,,,,,,,https://static.prizepicks.com/images/players/soccer/atzboo800gv7gic2rgvgo0kq1.webp,3:30 AM,,,,,3:30 AM,,,,,,,,,,,,,,,,,,,,,,,0,0,0,,Push
PrizePicks,Soccer,319231,Antoine Semenyo,Attacker,Man City,Shots On Target,0.5,N/A,,10/11/2026,3:30:00 AM,pre_game,EPL,standard,https://static.prizepicks.com/images/manual/Antoine_Semenyo.png,15592252,,,,,,,https://static.prizepicks.com/images/manual/Antoine_Semenyo.png,3:30 AM,England,-1.7,2.6,,3:30 AM,,,,,,,,,,,,,,,,,,,,,,,0,0,0,,Push
PrizePicks,Soccer,319614,Gianluigi Donnarumma,Goalkeeper,Man City,Goalie Fantasy Score,9.5,N/A,,10/11/2026,3:30:00 AM,pre_game,EPL,standard,https://static.prizepicks.com/images/manual/Gianluigi_Donnarumma-.png,15568347,,,,,,Under,https://static.prizepicks.com/images/manual/Gianluigi_Donnarumma-.png,3:30 AM,,,,,3:30 AM,,,,,,,,,,,,,,,,,,,,,,,0,0,0,,Push
PrizePicks,Soccer,319616,Alisson Becker,Goalkeeper,Liverpool,Goalie Fantasy Score,9.5,N/A,,10/11/2026,3:30:00 AM,pre_game,EPL,standard,https://static.prizepicks.com/images/players/soccer/53d0pvr7ylvfhp6p749iniqc5.webp,15568358,,,,,,Under,https://static.prizepicks.com/images/players/soccer/53d0pvr7ylvfhp6p749iniqc5.webp,3:30 AM,,,,,3:30 AM,,,,,,,,,,,,,,,,,,,,,,,0,0,0,,Push
PrizePicks,Soccer,349951,Alisson Becker + Gianluigi Donnarumma,Goalkeeper,Liverpool/Man City,Goalie Saves (Combo),6,N/A,,10/11/2026,3:30:00 AM,pre_game,EPL,standard,https://static.prizepicks.com/images/players/CMBO_group_HfTyDvcuwhtIYMjhnrE0XEqh.webp,15552752,,,,,,,https://static.prizepicks.com/images/players/CMBO_group_HfTyDvcuwhtIYMjhnrE0XEqh.webp,3:30 AM,,,,,3:30 AM,,,,,,,,,,,,,,,,,,,,,,,0,0,0,,Push
PrizePicks,Soccer,349951,Alisson Becker + Gianluigi Donnarumma,Goalkeeper,Liverpool/Man City,Goals Allowed (Combo),3,N/A,,10/11/2026,3:30:00 AM,pre_game,EPL,standard,https://static.prizepicks.com/images/players/CMBO_group_HfTyDvcuwhtIYMjhnrE0XEqh.webp,15552753,,,,,,,https://static.prizepicks.com/images/players/CMBO_group_HfTyDvcuwhtIYMjhnrE0XEqh.webp,3:30 AM,,,,,3:30 AM,,,,,,,,,,,,,,,,,,,,,,,0,0,0,,Push
PrizePicks,Soccer,319482,Eberechi Eze,Midfielder,Arsenal,Shots,7.5,TRUE,,10/9/2026,11:30:00 PM,pre_game,EPL,demon,https://static.prizepicks.com/images/players/soccer/4wic6z72nwmhkheme209fcmp5.webp,15490052,2.5,54.201,45.799,,,Over,https://static.prizepicks.com/images/players/soccer/4wic6z72nwmhkheme209fcmp5.webp,11:30 PM,England,-1.7,2.6,,11:30 PM,,,,,,,,2.50,,,,,,,,51.6804,48.3196,51.7,,,,,2.5,2.5,2.5,2.5,Push
PrizePicks,Soccer,319182,Noni Madueke,Attacker,Arsenal,Shots,7.5,TRUE,,10/9/2026,11:30:00 PM,pre_game,EPL,demon,https://static.prizepicks.com/images/manual/NoniMadueke.webp,15490111,,,,,,Over,https://static.prizepicks.com/images/manual/NoniMadueke.webp,11:30 PM,England,-1.7,2.6,,11:30 PM,,,,,,,,,,,,,,,,,,,,,,,0,0,0,,Push
PrizePicks,Soccer,319494,Viktor Gyökeres,Attacker,Arsenal,Shots,7.5,TRUE,,10/9/2026,11:30:00 PM,pre_game,EPL,demon,https://static.prizepicks.com/images/manual/ViktorGyökeres.webp,15490158,2.5,56.56,43.44,,,Over,https://static.prizepicks.com/images/manual/ViktorGyökeres.webp,11:30 PM,Netherlands,-0.8,2.6,Netherlands vs Sweden,11:30 PM,,Houston Stadium,,,,,,2.50,,,,,,,,52.624,47.376,52.6,,,,,2.5,2.5,2.5,2.5,Push
PrizePicks,Soccer,319179,Bukayo Saka,Attacker,Arsenal,Shots,6.5,TRUE,,10/9/2026,11:30:00 PM,pre_game,EPL,demon,https://static.prizepicks.com/images/manual/saka.png,15489994,2.5,58.819,41.181,,,Over,https://static.prizepicks.com/images/manual/saka.png,11:30 PM,England,-1.7,2.6,,11:30 PM,,,,,,,,2.50,,,,,,,,53.5276,46.4724,53.5,,,,,2.5,2.5,2.5,2.5,Push
PrizePicks,Soccer,319492,Martin Ødegaard,Midfielder,Arsenal,Shots,6.5,TRUE,,10/9/2026,11:30:00 PM,pre_game,EPL,demon,https://static.prizepicks.com/images/manual/odegaard.png,15490157,,,,,,Over,https://static.prizepicks.com/images/manual/odegaard.png,11:30 PM,,,,,11:30 PM,,,,,,,,,,,,,,,,,,,,,,,0,0,0,,Push
PrizePicks,Soccer,319189,Kai Havertz,Attacker,Arsenal,Shots,6.5,TRUE,,10/9/2026,11:30:00 PM,pre_game,EPL,demon,https://static.prizepicks.com/images/manual/KaiHavertz.webp,15490160,,,,,,Over,https://static.prizepicks.com/images/manual/KaiHavertz.webp,11:30 PM,Germany,-1.2,2.6,Germany vs Ivory Coast,11:30 PM,,Toronto Stadium,,,,,,,,,,,,,,,,,,,,,0,0,0,,Push
PrizePicks,Soccer,336381,James Trafford,Goalkeeper,Leeds,Goalie Saves,6.5,TRUE,,10/9/2026,11:30:00 PM,pre_game,EPL,demon,https://static.prizepicks.com/images/manual/James Trafford.png,15493239,4.5,48.033,51.967,,,Over,https://static.prizepicks.com/images/manual/James Trafford.png,11:30 PM,England,-1.7,2.6,,11:30 PM,,,,,,,,4.50,,,,,,,,49.2132,50.7868,49.2,,,,,4.5,4.5,4.5,4.5,Push
PrizePicks,Soccer,334165,Christos Tzolis,Attacker,Arsenal,Shots,6.5,TRUE,,10/9/2026,11:30:00 PM,pre_game,EPL,demon,https://static.prizepicks.com/images/manual/Christos Tzolis.png,15519157,,,,,,Over,https://static.prizepicks.com/images/manual/Christos Tzolis.png,11:30 PM,,,,,11:30 PM,,,,,,,,,,,,,,,,,,,,,,,0,0,0,,Push
PrizePicks,Soccer,319191,Max Dowman,Midfielder,Arsenal,Shots,5.5,TRUE,,10/9/2026,11:30:00 PM,pre_game,EPL,demon,https://static.prizepicks.com/images/manual/Max Dowman.png,15490074,,,,,,Over,https://static.prizepicks.com/images/manual/Max Dowman.png,11:30 PM,,,,,11:30 PM,,,,,,,,,,,,,,,,,,,,,,,0,0,0,,Push
PrizePicks,Soccer,319425,Lukas Nmecha,Attacker,Leeds,Shots,5.5,TRUE,,10/9/2026,11:30:00 PM,pre_game,EPL,demon,https://static.prizepicks.com/images/players/soccer/embn1jhcly07i6pjcvcdiavo5.webp,15490143,,,,,,Over,https://static.prizepicks.com/images/players/soccer/embn1jhcly07i6pjcvcdiavo5.webp,11:30 PM,,,,,11:30 PM,,,,,,,,,,,,,,,,,,,,,,,0,0,0,,Push
PrizePicks,Soccer,319195,Riccardo Calafiori,Defender,Arsenal,Shots,5.5,TRUE,,10/9/2026,11:30:00 PM,pre_game,EPL,demon,https://static.prizepicks.com/images/players/soccer/dhs8pujk55ewcis7y5alchu22.webp,15490153,,,,,,Over,https://static.prizepicks.com/images/players/soccer/dhs8pujk55ewcis7y5alchu22.webp,11:30 PM,,,,,11:30 PM,,,,,,,,,,,,,,,,,,,,,,,0,0,0,,Push
PrizePicks,Soccer,319192,Mikel Merino,Midfielder,Arsenal,Shots,5.5,TRUE,,10/9/2026,11:30:00 PM,pre_game,EPL,demon,https://static.prizepicks.com/images/players/soccer/atigcsq78g14w82lwvay26aj9.webp,15490170,,,,,,Over,https://static.prizepicks.com/images/players/soccer/atigcsq78g14w82lwvay26aj9.webp,11:30 PM,Spain,-2.5,3.3,,11:30 PM,,,,,,,,,,,,,,,,,,,,,,,0,0,0,,Push
PrizePicks,Soccer,319486,Gabriel Magalhães,Defender,Arsenal,Shots,4.5,TRUE,,10/9/2026,11:30:00 PM,pre_game,EPL,demon,https://static.prizepicks.com/images/manual/gabriel.png,15490002,,,,,,Over,https://static.prizepicks.com/images/manual/gabriel.png,11:30 PM,,,,,11:30 PM,,,,,,,,,,,,,,,,,,,,,,,0,0,0,,Push
PrizePicks,Soccer,334454,Harry Wilson,Attacker,Leeds,Shots,4.5,TRUE,,10/9/2026,11:30:00 PM,pre_game,EPL,demon,https://static.prizepicks.com/images/manual/Harry Wilson.png,15490012,,,,,,Over,https://static.prizepicks.com/images/manual/Harry Wilson.png,11:30 PM,,,,,11:30 PM,,,,,,,,,,,,,,,,,,,,,,,0,0,0,,Push
PrizePicks,Soccer,319421,Dominic Calvert-Lewin,Attacker,Leeds,Shots,4.5,TRUE,,10/9/2026,11:30:00 PM,pre_game,EPL,demon,https://static.prizepicks.com/images/players/soccer/374kcix9j7e1cob4uxmfncwyd.webp,15490040,1.5,50.213,49.787,,,Over,https://static.prizepicks.com/images/players/soccer/374kcix9j7e1cob4uxmfncwyd.webp,11:30 PM,,,,,11:30 PM,,,,,,,,1.50,,,,,,,,50.0852,49.9148,50.1,,,,,1.5,1.5,1.5,1.5,Push
PrizePicks,Soccer,319309,Anton Stach,Midfielder,Leeds,Shots,4.5,TRUE,,10/9/2026,11:30:00 PM,pre_game,EPL,demon,https://static.prizepicks.com/images/players/soccer/az7owi5t4bclkamjsjuyxzv1l.webp,15490045,1.5,39.619,60.381,,,Over,https://static.prizepicks.com/images/players/soccer/az7owi5t4bclkamjsjuyxzv1l.webp,11:30 PM,,,,,11:30 PM,,,,,,,,1.50,,,,,,,,45.8476,54.1524,45.9,,,,,1.5,1.5,1.5,1.5,Push
PrizePicks,Soccer,319380,Noah Okafor,Attacker,Leeds,Shots,4.5,TRUE,,10/9/2026,11:30:00 PM,pre_game,EPL,demon,https://static.prizepicks.com/images/players/soccer/SCR_team_BXAQ6h7d56jpaUvyZKqAxtLW_aqlu9i7yzmnmyzwuw6u93j6y1.webp,15490053,1.5,34.659,65.341,,,Over,https://static.prizepicks.com/images/players/soccer/SCR_team_BXAQ6h7d56jpaUvyZKqAxtLW_aqlu9i7yzmnmyzwuw6u93j6y1.webp,11:30 PM,Switzerland,-0.6,2.5,,11:30 PM,,,,,,,,1.50,,,,,,,,43.8636,56.1364,43.9,,,,,1.5,1.5,1.5,1.5,Push
PrizePicks,Soccer,334932,Bruno Guimarães,Midfielder,Arsenal,Shots,4.5,TRUE,,10/9/2026,11:30:00 PM,pre_game,EPL,demon,https://static.prizepicks.com/images/manual/Bruno Guimarães.png,15490124,1.5,38.689,61.311,,,Over,https://static.prizepicks.com/images/manual/Bruno Guimarães.png,11:30 PM,Brazil,-2.5,3.4,Brazil vs Haiti,11:30 PM,,Philadelphia Stadium,,,,,,1.50,,,,,,,,45.4756,54.5244,45.5,,,,,1.5,1.5,1.5,1.5,Push
PrizePicks,Soccer,319312,Brenden Aaronson,Midfielder,Leeds,Shots,4.5,TRUE,,10/9/2026,11:30:00 PM,pre_game,EPL,demon,https://static.prizepicks.com/images/players/soccer/8rrcscn29rs1gk8mi1pwpu92i.webp,15490130,,,,,,Over,https://static.prizepicks.com/images/players/soccer/8rrcscn29rs1gk8mi1pwpu92i.webp,11:30 PM,,,,,11:30 PM,,,,,,,,,,,,,,,,,,,,,,,0,0,0,,Push
PrizePicks,Soccer,319611,David Raya,Goalkeeper,Arsenal,Goalie Saves,4.5,TRUE,,10/9/2026,11:30:00 PM,pre_game,EPL,demon,https://static.prizepicks.com/images/players/soccer/4iijb6llnz28unsz4rirr3umt.webp,15493236,1.5,63.968,36.032,,,Over,https://static.prizepicks.com/images/players/soccer/4iijb6llnz28unsz4rirr3umt.webp,11:30 PM,Spain,-2.5,3.3,,11:30 PM,,,,,,,,1.50,,,,,,,,55.5872,44.4128,55.6,,,,,1.5,1.5,1.5,1.5,Push
PrizePicks,Soccer,336381,James Trafford,Goalkeeper,Leeds,Goalie Saves,4.5,TRUE,,10/9/2026,11:30:00 PM,pre_game,EPL,demon,https://static.prizepicks.com/images/manual/James Trafford.png,15493238,4.5,48.033,51.967,,,Over,https://static.prizepicks.com/images/manual/James Trafford.png,11:30 PM,England,-1.7,2.6,,11:30 PM,,,,,,,,4.50,,,,,,,,48.033,51.967,48.0,,,,,4.5,4.5,4.5,4.5,Push
PrizePicks,Soccer,319179,Bukayo Saka,Attacker,Arsenal,Shots,4.5,TRUE,,10/9/2026,11:30:00 PM,pre_game,EPL,demon,https://static.prizepicks.com/images/manual/saka.png,15508982,2.5,58.819,41.181,,,Over,https://static.prizepicks.com/images/manual/saka.png,11:30 PM,England,-1.7,2.6,,11:30 PM,,,,,,,,2.50,,,,,,,,53.5276,46.4724,53.5,,,,,2.5,2.5,2.5,2.5,Push
PrizePicks,Soccer,319494,Viktor Gyökeres,Attacker,Arsenal,Shots On Target,3.5,TRUE,,10/9/2026,11:30:00 PM,pre_game,EPL,demon,https://static.prizepicks.com/images/manual/ViktorGyökeres.webp,15441907,1.5,48.53,51.47,-39.7,51.47,Over,https://static.prizepicks.com/images/manual/ViktorGyökeres.webp,11:30 PM,Netherlands,-0.8,2.6,Netherlands vs Sweden,11:30 PM,,Houston Stadium,,,,,,1.50,,,,,,,,49.412,50.588,49.4,,,,,1.5,1.5,1.5,,Push
PrizePicks,Soccer,344652,Theo Julienne,Midfielder,Arsenal,Shots,3.5,TRUE,,10/9/2026,11:30:00 PM,pre_game,EPL,demon,N/A,15489924,,,,,,Over,N/A,11:30 PM,,,,,11:30 PM,,,,,,,,,,,,,,,,,,,,,,,0,0,0,,Push
PrizePicks,Soccer,319571,Piero Hincapié,Defender,Arsenal,Shots,3.5,TRUE,,10/9/2026,11:30:00 PM,pre_game,EPL,demon,https://static.prizepicks.com/images/manual/Piero Hincapié.png,15489954,,,,,,Over,https://static.prizepicks.com/images/manual/Piero Hincapié.png,11:30 PM,Ecuador,-2.4,3.3,Ecuador vs Curacao,11:30 PM,,Kansas City Stadium,,,,,,,,,,,,,,,,,,,,,0,0,0,,Push
PrizePicks,Soccer,319482,Eberechi Eze,Midfielder,Arsenal,Shots,3.5,TRUE,,10/9/2026,11:30:00 PM,pre_game,EPL,demon,https://static.prizepicks.com/images/players/soccer/4wic6z72nwmhkheme209fcmp5.webp,15489957,2.5,54.201,45.799,,,Over,https://static.prizepicks.com/images/players/soccer/4wic6z72nwmhkheme209fcmp5.webp,11:30 PM,England,-1.7,2.6,,11:30 PM,,,,,,,,2.50,,,,,,,,52.5206,47.4794,52.5,,,,,2.5,2.5,2.5,2.5,Push
PrizePicks,Soccer,319493,Martín Zubimendi,Midfielder,Arsenal,Shots,3.5,TRUE,,10/9/2026,11:30:00 PM,pre_game,EPL,demon,https://static.prizepicks.com/images/players/soccer/80aqmv4ht6rs1812qrr5j8kix.webp,15489960,,,,,,Over,https://static.prizepicks.com/images/players/soccer/80aqmv4ht6rs1812qrr5j8kix.webp,11:30 PM,,,,,11:30 PM,,,,,,,,,,,,,,,,,,,,,,,0,0,0,,Push
PrizePicks,Soccer,319310,Ao Tanaka,Midfielder,Leeds,Tackles,3.5,TRUE,,10/9/2026,11:30:00 PM,pre_game,EPL,demon,https://static.prizepicks.com/images/players/soccer/28ucbvor6b0yxreoieehudfc9.webp,15489980,,,,,,Over,https://static.prizepicks.com/images/players/soccer/28ucbvor6b0yxreoieehudfc9.webp,11:30 PM,Tunisia,1.1,2.5,,11:30 PM,,,,,,,,,,,,,,,,,,,,,,,0,0,0,,Push
PrizePicks,Soccer,319420,Daniel James,Attacker,Leeds,Shots,3.5,TRUE,,10/9/2026,11:30:00 PM,pre_game,EPL,demon,https://static.prizepicks.com/images/players/soccer/dkwkmrmpb7rq4e660efcu5hat.webp,15489998,,,,,,Over,https://static.prizepicks.com/images/players/soccer/dkwkmrmpb7rq4e660efcu5hat.webp,11:30 PM,,,,,11:30 PM,,,,,,,,,,,,,,,,,,,,,,,0,0,0,,Push
PrizePicks,Soccer,319182,Noni Madueke,Attacker,Arsenal,Shots,3.5,TRUE,,10/9/2026,11:30:00 PM,pre_game,EPL,demon,https://static.prizepicks.com/images/manual/NoniMadueke.webp,15490008,,,,,,Over,https://static.prizepicks.com/images/manual/NoniMadueke.webp,11:30 PM,England,-1.7,2.6,,11:30 PM,,,,,,,,,,,,,,,,,,,,,,,0,0,0,,Push
PrizePicks,Soccer,319183,Cristhian Mosquera,Defender,Arsenal,Shots,3.5,TRUE,,10/9/2026,11:30:00 PM,pre_game,EPL,demon,https://static.prizepicks.com/images/players/soccer/6o76owze8y78ue9sb49g8kyz8.webp,15490014,,,,,,Over,https://static.prizepicks.com/images/players/soccer/6o76owze8y78ue9sb49g8kyz8.webp,11:30 PM,,,,,11:30 PM,,,,,,,,,,,,,,,,,,,,,,,0,0,0,,Push
PrizePicks,Soccer,319531,James Justin,Defender,Leeds,Tackles,3.5,TRUE,,10/9/2026,11:30:00 PM,pre_game,EPL,demon,https://static.prizepicks.com/images/players/soccer/SCR_team_BXAQ6h7d56jpaUvyZKqAxtLW_6icypdqtfk2k81ax0i49j5xpl.webp,15490032,,,,,,Over,https://static.prizepicks.com/images/players/soccer/SCR_team_BXAQ6h7d56jpaUvyZKqAxtLW_6icypdqtfk2k81ax0i49j5xpl.webp,11:30 PM,,,,,11:30 PM,,,,,,,,,,,,,,,,,,,,,,,0,0,0,,Push
PrizePicks,Soccer,319190,Marli Salmon,Defender,Arsenal,Shots,3.5,TRUE,,10/9/2026,11:30:00 PM,pre_game,EPL,demon,https://static.prizepicks.com/images/manual/Marli Salmon.png,15490047,,,,,,Over,https://static.prizepicks.com/images/manual/Marli Salmon.png,11:30 PM,,,,,11:30 PM,,,,,,,,,,,,,,,,,,,,,,,0,0,0,,Push
PrizePicks,Soccer,319492,Martin Ødegaard,Midfielder,Arsenal,Shots,3.5,TRUE,,10/9/2026,11:30:00 PM,pre_game,EPL,demon,https://static.prizepicks.com/images/manual/odegaard.png,15490062,,,,,,Over,https://static.prizepicks.com/images/manual/odegaard.png,11:30 PM,,,,,11:30 PM,,,,,,,,,,,,,,,,,,,,,,,0,0,0,,Push
PrizePicks,Soccer,319481,Declan Rice,Midfielder,Arsenal,Shots,3.5,TRUE,,10/9/2026,11:30:00 PM,pre_game,EPL,demon,https://static.prizepicks.com/images/players/soccer/6jgocc12bori2wygyu07c082x.webp,15490070,1.5,42.553,57.447,,,Over,https://static.prizepicks.com/images/players/soccer/6jgocc12bori2wygyu07c082x.webp,11:30 PM,England,-1.7,2.6,,11:30 PM,,,,,,,,1.50,,,,,,,,47.0212,52.9788,47.0,,,,,1.5,1.5,1.5,1.5,Push
PrizePicks,Soccer,319191,Max Dowman,Midfielder,Arsenal,Shots,3.5,TRUE,,10/9/2026,11:30:00 PM,pre_game,EPL,demon,https://static.prizepicks.com/images/manual/Max Dowman.png,15490078,,,,,,Over,https://static.prizepicks.com/images/manual/Max Dowman.png,11:30 PM,,,,,11:30 PM,,,,,,,,,,,,,,,,,,,,,,,0,0,0,,Push
PrizePicks,Soccer,319189,Kai Havertz,Attacker,Arsenal,Shots On Target,3.5,TRUE,,10/9/2026,11:30:00 PM,pre_game,EPL,demon,https://static.prizepicks.com/images/manual/KaiHavertz.webp,15490090,,,,,,Over,https://static.prizepicks.com/images/manual/KaiHavertz.webp,11:30 PM,Germany,-1.2,2.6,Germany vs Ivory Coast,11:30 PM,,Toronto Stadium,,,,,,,,,,,,,,,,,,,,,0,0,0,,Push
PrizePicks,Soccer,319179,Bukayo Saka,Attacker,Arsenal,Shots On Target,3.5,TRUE,,10/9/2026,11:30:00 PM,pre_game,EPL,demon,https://static.prizepicks.com/images/manual/saka.png,15490114,1.5,38.26,61.74,-2.8,61.74,Over,https://static.prizepicks.com/images/manual/saka.png,11:30 PM,England,-1.7,2.6,,11:30 PM,,,,,,,,1.50,,,,,,,,45.304,54.696,45.3,,,,,1.5,1.5,1.5,,Push
PrizePicks,Soccer,319426,Sean Longstaff,Midfielder,Leeds,Shots,3.5,TRUE,,10/9/2026,11:30:00 PM,pre_game,EPL,demon,https://static.prizepicks.com/images/players/soccer/9pv566tidfz21e00y4t0mbap5.webp,15490119,,,,,,Over,https://static.prizepicks.com/images/players/soccer/9pv566tidfz21e00y4t0mbap5.webp,11:30 PM,,,,,11:30 PM,,,,,,,,,,,,,,,,,,,,,,,0,0,0,,Push
PrizePicks,Soccer,319193,Myles Lewis-Skelly,Defender,Arsenal,Shots,3.5,TRUE,,10/9/2026,11:30:00 PM,pre_game,EPL,demon,https://static.prizepicks.com/images/players/soccer/azt1lhru9cgyb64h4h4fffrx0.webp,15490134,,,,,,Over,https://static.prizepicks.com/images/players/soccer/azt1lhru9cgyb64h4h4fffrx0.webp,11:30 PM,,,,,11:30 PM,,,,,,,,,,,,,,,,,,,,,,,0,0,0,,Push
PrizePicks,Soccer,319182,Noni Madueke,Attacker,Arsenal,Shots On Target,3.5,TRUE,,10/9/2026,11:30:00 PM,pre_game,EPL,demon,https://static.prizepicks.com/images/manual/NoniMadueke.webp,15490139,0.5,56.11,43.89,-3.57,56.11,Over,https://static.prizepicks.com/images/manual/NoniMadueke.webp,11:30 PM,England,-1.7,2.6,,11:30 PM,,,,,,,,0.50,,,,,,,,52.444,47.556,52.4,,,,,0.5,0.5,0.5,,Push
PrizePicks,Soccer,319426,Sean Longstaff,Midfielder,Leeds,Tackles,3.5,TRUE,,10/9/2026,11:30:00 PM,pre_game,EPL,demon,https://static.prizepicks.com/images/players/soccer/9pv566tidfz21e00y4t0mbap5.webp,15490140,,,,,,Over,https://static.prizepicks.com/images/players/soccer/9pv566tidfz21e00y4t0mbap5.webp,11:30 PM,,,,,11:30 PM,,,,,,,,,,,,,,,,,,,,,,,0,0,0,,Push
PrizePicks,Soccer,319309,Anton Stach,Midfielder,Leeds,Tackles,3.5,TRUE,,10/9/2026,11:30:00 PM,pre_game,EPL,demon,https://static.prizepicks.com/images/players/soccer/az7owi5t4bclkamjsjuyxzv1l.webp,15490154,,,,,,Over,https://static.prizepicks.com/images/players/soccer/az7owi5t4bclkamjsjuyxzv1l.webp,11:30 PM,,,,,11:30 PM,,,,,,,,,,,,,,,,,,,,,,,0,0,0,,Push
PrizePicks,Soccer,344651,Ife Ibrahim,Midfielder,Arsenal,Shots,3.5,TRUE,,10/9/2026,11:30:00 PM,pre_game,EPL,demon,N/A,15490178,,,,,,Over,N/A,11:30 PM,,,,,11:30 PM,,,,,,,,,,,,,,,,,,,,,,,0,0,0,,Push
PrizePicks,Soccer,319189,Kai Havertz,Attacker,Arsenal,Shots,3.5,TRUE,,10/9/2026,11:30:00 PM,pre_game,EPL,demon,https://static.prizepicks.com/images/manual/KaiHavertz.webp,15508983,,,,,,Over,https://static.prizepicks.com/images/manual/KaiHavertz.webp,11:30 PM,Germany,-1.2,2.6,Germany vs Ivory Coast,11:30 PM,,Toronto Stadium,,,,,,,,,,,,,,,,,,,,,0,0,0,,Push
PrizePicks,Soccer,334165,Christos Tzolis,Attacker,Arsenal,Shots,3.5,TRUE,,10/9/2026,11:30:00 PM,pre_game,EPL,demon,https://static.prizepicks.com/images/manual/Christos Tzolis.png,15519191,,,,,,Over,https://static.prizepicks.com/images/manual/Christos Tzolis.png,11:30 PM,,,,,11:30 PM,,,,,,,,,,,,,,,,,,,,,,,0,0,0,,Push
PrizePicks,Soccer,319494,Viktor Gyökeres,Attacker,Arsenal,Shots On Target,2.5,TRUE,,10/9/2026,11:30:00 PM,pre_game,EPL,demon,https://static.prizepicks.com/images/manual/ViktorGyökeres.webp,15441863,1.5,48.53,51.47,-39.7,51.47,Over,https://static.prizepicks.com/images/manual/ViktorGyökeres.webp,11:30 PM,Netherlands,-0.8,2.6,Netherlands vs Sweden,11:30 PM,,Houston Stadium,,,,,,1.50,,,,,,,,49.118,50.882,49.1,,,,,1.5,1.5,1.5,,Push
PrizePicks,Soccer,319423,Jayden Bogle,Defender,Leeds,Fouls,2.5,TRUE,,10/9/2026,11:30:00 PM,pre_game,EPL,demon,https://static.prizepicks.com/images/players/soccer/dwumn5qew7ae53givnx2p892h.webp,15489846,1.5,44.182,55.818,,,Over,https://static.prizepicks.com/images/players/soccer/dwumn5qew7ae53givnx2p892h.webp,11:30 PM,,,,,11:30 PM,,,,,,,,1.50,,,,,,,,46.5092,53.4908,46.5,,,,,1.5,1.5,1.5,1.5,Push
PrizePicks,Soccer,319421,Dominic Calvert-Lewin,Attacker,Leeds,Fouls,2.5,TRUE,,10/9/2026,11:30:00 PM,pre_game,EPL,demon,https://static.prizepicks.com/images/players/soccer/374kcix9j7e1cob4uxmfncwyd.webp,15489861,,,,,,Over,https://static.prizepicks.com/images/players/soccer/374kcix9j7e1cob4uxmfncwyd.webp,11:30 PM,,,,,11:30 PM,,,,,,,,,,,,,,,,,,,,,,,0,0,0,,Push
PrizePicks,Soccer,344652,Theo Julienne,Midfielder,Arsenal,Tackles,2.5,TRUE,,10/9/2026,11:30:00 PM,pre_game,EPL,demon,N/A,15489870,,,,,,Over,N/A,11:30 PM,,,,,11:30 PM,,,,,,,,,,,,,,,,,,,,,,,0,0,0,,Push
PrizePicks,Soccer,319192,Mikel Merino,Midfielder,Arsenal,Fouls,2.5,TRUE,,10/9/2026,11:30:00 PM,pre_game,EPL,demon,https://static.prizepicks.com/images/players/soccer/atigcsq78g14w82lwvay26aj9.webp,15489882,,,,,,Over,https://static.prizepicks.com/images/players/soccer/atigcsq78g14w82lwvay26aj9.webp,11:30 PM,Spain,-2.5,3.3,,11:30 PM,,,,,,,,,,,,,,,,,,,,,,,0,0,0,,Push
PrizePicks,Soccer,319528,Gabriel Gudmundsson,Defender,Leeds,Tackles,2.5,TRUE,,10/9/2026,11:30:00 PM,pre_game,EPL,demon,https://static.prizepicks.com/images/players/soccer/fij46jr9fq43444gr1y8tl9l.webp,15489888,,,,,,Over,https://static.prizepicks.com/images/players/soccer/fij46jr9fq43444gr1y8tl9l.webp,11:30 PM,Netherlands,-0.8,2.6,,11:30 PM,,,,,,,,,,,,,,,,,,,,,,,0,0,0,,Push
PrizePicks,Soccer,319192,Mikel Merino,Midfielder,Arsenal,Tackles,2.5,TRUE,,10/9/2026,11:30:00 PM,pre_game,EPL,demon,https://static.prizepicks.com/images/players/soccer/atigcsq78g14w82lwvay26aj9.webp,15489890,,,,,,Over,https://static.prizepicks.com/images/players/soccer/atigcsq78g14w82lwvay26aj9.webp,11:30 PM,Spain,-2.5,3.3,,11:30 PM,,,,,,,,,,,,,,,,,,,,,,,0,0,0,,Push
PrizePicks,Soccer,319315,Ethan Ampadu,Midfielder,Leeds,Fouls,2.5,TRUE,,10/9/2026,11:30:00 PM,pre_game,EPL,demon,https://static.prizepicks.com/images/players/soccer/f1ma05bi3t1hfbflylx5d9tyh.webp,15489906,,,,,,Over,https://static.prizepicks.com/images/players/soccer/f1ma05bi3t1hfbflylx5d9tyh.webp,11:30 PM,,,,,11:30 PM,,,,,,,,,,,,,,,,,,,,,,,0,0,0,,Push
PrizePicks,Soccer,319192,Mikel Merino,Midfielder,Arsenal,Shots On Target,2.5,TRUE,,10/9/2026,11:30:00 PM,pre_game,EPL,demon,https://static.prizepicks.com/images/players/soccer/atigcsq78g14w82lwvay26aj9.webp,15489917,0.5,50.66,49.34,-2.83,50.66,Over,https://static.prizepicks.com/images/players/soccer/atigcsq78g14w82lwvay26aj9.webp,11:30 PM,Spain,-2.5,3.3,,11:30 PM,,,,,,,,0.50,,,,,,,,50.264,49.736,50.3,,,,,0.5,0.5,0.5,,Push
PrizePicks,Soccer,319531,James Justin,Defender,Leeds,Shots,2.5,TRUE,,10/9/2026,11:30:00 PM,pre_game,EPL,demon,https://static.prizepicks.com/images/players/soccer/SCR_team_BXAQ6h7d56jpaUvyZKqAxtLW_6icypdqtfk2k81ax0i49j5xpl.webp,15489926,,,,,,Over,https://static.prizepicks.com/images/players/soccer/SCR_team_BXAQ6h7d56jpaUvyZKqAxtLW_6icypdqtfk2k81ax0i49j5xpl.webp,11:30 PM,,,,,11:30 PM,,,,,,,,,,,,,,,,,,,,,,,0,0,0,,Push
PrizePicks,Soccer,319532,Rhys Chadwick,Midfielder,Leeds,Shots,2.5,TRUE,,10/9/2026,11:30:00 PM,pre_game,EPL,demon,https://static.prizepicks.com/images/manual/Rhys Chadwick.png,15489933,,,,,,Over,https://static.prizepicks.com/images/manual/Rhys Chadwick.png,11:30 PM,,,,,11:30 PM,,,,,,,,,,,,,,,,,,,,,,,0,0,0,,Push
PrizePicks,Soccer,319309,Anton Stach,Midfielder,Leeds,Fouls,2.5,TRUE,,10/9/2026,11:30:00 PM,pre_game,EPL,demon,https://static.prizepicks.com/images/players/soccer/az7owi5t4bclkamjsjuyxzv1l.webp,15489937,1.5,53.13,46.87,,,Over,https://static.prizepicks.com/images/players/soccer/az7owi5t4bclkamjsjuyxzv1l.webp,11:30 PM,,,,,11:30 PM,,,,,,,,1.50,,,,,,,,51.878,48.122,51.9,,,,,1.5,1.5,1.5,1.5,Push
PrizePicks,Soccer,334932,Bruno Guimarães,Midfielder,Arsenal,Tackles,2.5,TRUE,,10/9/2026,11:30:00 PM,pre_game,EPL,demon,https://static.prizepicks.com/images/manual/Bruno Guimarães.png,15489944,,,,,,Over,https://static.prizepicks.com/images/manual/Bruno Guimarães.png,11:30 PM,Brazil,-2.5,3.4,Brazil vs Haiti,11:30 PM,,Philadelphia Stadium,,,,,,,,,,,,,,,,,,,,,0,0,0,,Push
PrizePicks,Soccer,319489,Jurriën Timber,Defender,Arsenal,Tackles,2.5,TRUE,,10/9/2026,11:30:00 PM,pre_game,EPL,demon,https://static.prizepicks.com/images/players/soccer/aqlakf0mo95rlktf6xdbaegh5.webp,15489951,,,,,,Over,https://static.prizepicks.com/images/players/soccer/aqlakf0mo95rlktf6xdbaegh5.webp,11:30 PM,,,,,11:30 PM,,,,,,,,,,,,,,,,,,,,,,,0,0,0,,Push
PrizePicks,Soccer,319179,Bukayo Saka,Attacker,Arsenal,Tackles,2.5,TRUE,,10/9/2026,11:30:00 PM,pre_game,EPL,demon,https://static.prizepicks.com/images/manual/saka.png,15489962,,,,,,Over,https://static.prizepicks.com/images/manual/saka.png,11:30 PM,England,-1.7,2.6,,11:30 PM,,,,,,,,,,,,,,,,,,,,,,,0,0,0,,Push
PrizePicks,Soccer,319421,Dominic Calvert-Lewin,Attacker,Leeds,Shots,2.5,TRUE,,10/9/2026,11:30:00 PM,pre_game,EPL,demon,https://static.prizepicks.com/images/players/soccer/374kcix9j7e1cob4uxmfncwyd.webp,15489965,1.5,50.213,49.787,,,Over,https://static.prizepicks.com/images/players/soccer/374kcix9j7e1cob4uxmfncwyd.webp,11:30 PM,,,,,11:30 PM,,,,,,,,1.50,,,,,,,,50.1278,49.8722,50.1,,,,,1.5,1.5,1.5,1.5,Push
PrizePicks,Soccer,319492,Martin Ødegaard,Midfielder,Arsenal,Shots On Target,2.5,TRUE,,10/9/2026,11:30:00 PM,pre_game,EPL,demon,https://static.prizepicks.com/images/manual/odegaard.png,15489967,0.5,56.38,43.63,-35.88,56.38,Over,https://static.prizepicks.com/images/manual/odegaard.png,11:30 PM,,,,,11:30 PM,,,,,,,,0.50,,,,,,,,52.552,47.448,52.6,,,,,0.5,0.5,0.5,,Push
PrizePicks,Soccer,336242,Nico Elvedi,Defender,Leeds,Tackles,2.5,TRUE,,10/9/2026,11:30:00 PM,pre_game,EPL,demon,https://static.prizepicks.com/images/manual/Nico Elvedi.png,15489968,,,,,,Over,https://static.prizepicks.com/images/manual/Nico Elvedi.png,11:30 PM,Switzerland,-0.6,2.5,,11:30 PM,,,,,,,,,,,,,,,,,,,,,,,0,0,0,,Push
PrizePicks,Soccer,319529,Ilia Gruev,Midfielder,Leeds,Shots,2.5,TRUE,,10/9/2026,11:30:00 PM,pre_game,EPL,demon,https://static.prizepicks.com/images/players/soccer/dr0kn3srxtg7nuw99gjoim7e1.webp,15489969,,,,,,Over,https://static.prizepicks.com/images/players/soccer/dr0kn3srxtg7nuw99gjoim7e1.webp,11:30 PM,,,,,11:30 PM,,,,,,,,,,,,,,,,,,,,,,,0,0,0,,Push
PrizePicks,Soccer,319492,Martin Ødegaard,Midfielder,Arsenal,Tackles,2.5,TRUE,,10/9/2026,11:30:00 PM,pre_game,EPL,demon,https://static.prizepicks.com/images/manual/odegaard.png,15489982,,,,,,Over,https://static.prizepicks.com/images/manual/odegaard.png,11:30 PM,,,,,11:30 PM,,,,,,,,,,,,,,,,,,,,,,,0,0,0,,Push
PrizePicks,Soccer,334163,Ben White,Defender,Arsenal,Tackles,2.5,TRUE,,10/9/2026,11:30:00 PM,pre_game,EPL,demon,https://static.prizepicks.com/images/players/soccer/cnmlhoum9aahwqruxgmz2gcfd.webp,15489986,,,,,,Over,https://static.prizepicks.com/images/players/soccer/cnmlhoum9aahwqruxgmz2gcfd.webp,11:30 PM,,,,,11:30 PM,,,,,,,,,,,,,,,,,,,,,,,0,0,0,,Push
PrizePicks,Soccer,319420,Daniel James,Attacker,Leeds,Shots,2.5,TRUE,,10/9/2026,11:30:00 PM,pre_game,EPL,demon,https://static.prizepicks.com/images/players/soccer/dkwkmrmpb7rq4e660efcu5hat.webp,15489993,,,,,,Over,https://static.prizepicks.com/images/players/soccer/dkwkmrmpb7rq4e660efcu5hat.webp,11:30 PM,,,,,11:30 PM,,,,,,,,,,,,,,,,,,,,,,,0,0,0,,Push
PrizePicks,Soccer,319380,Noah Okafor,Attacker,Leeds,Tackles,2.5,TRUE,,10/9/2026,11:30:00 PM,pre_game,EPL,demon,https://static.prizepicks.com/images/players/soccer/SCR_team_BXAQ6h7d56jpaUvyZKqAxtLW_aqlu9i7yzmnmyzwuw6u93j6y1.webp,15489997,,,,,,Over,https://static.prizepicks.com/images/players/soccer/SCR_team_BXAQ6h7d56jpaUvyZKqAxtLW_aqlu9i7yzmnmyzwuw6u93j6y1.webp,11:30 PM,Switzerland,-0.6,2.5,,11:30 PM,,,,,,,,,,,,,,,,,,,,,,,0,0,0,,Push
PrizePicks,Soccer,319315,Ethan Ampadu,Midfielder,Leeds,Tackles,2.5,TRUE,,10/9/2026,11:30:00 PM,pre_game,EPL,demon,https://static.prizepicks.com/images/players/soccer/f1ma05bi3t1hfbflylx5d9tyh.webp,15490004,,,,,,Over,https://static.prizepicks.com/images/players/soccer/f1ma05bi3t1hfbflylx5d9tyh.webp,11:30 PM,,,,,11:30 PM,,,,,,,,,,,,,,,,,,,,,,,0,0,0,,Push
PrizePicks,Soccer,319425,Lukas Nmecha,Attacker,Leeds,Shots On Target,2.5,TRUE,,10/9/2026,11:30:00 PM,pre_game,EPL,demon,https://static.prizepicks.com/images/players/soccer/embn1jhcly07i6pjcvcdiavo5.webp,15490017,,,,,,Over,https://static.prizepicks.com/images/players/soccer/embn1jhcly07i6pjcvcdiavo5.webp,11:30 PM,,,,,11:30 PM,,,,,,,,,,,,,,,,,,,,,,,0,0,0,,Push
PrizePicks,Soccer,319530,Jaka Bijol,Defender,Leeds,Shots,2.5,TRUE,,10/9/2026,11:30:00 PM,pre_game,EPL,demon,https://static.prizepicks.com/images/players/soccer/ah0f7tonnst92d8q91j1wll62.webp,15490026,,,,,,Over,https://static.prizepicks.com/images/players/soccer/ah0f7tonnst92d8q91j1wll62.webp,11:30 PM,,,,,11:30 PM,,,,,,,,,,,,,,,,,,,,,,,0,0,0,,Push
PrizePicks,Soccer,337842,Ezri Konsa,Defender,Arsenal,Shots,2.5,TRUE,,10/9/2026,11:30:00 PM,pre_game,EPL,demon,https://static.prizepicks.com/images/manual/Ezri Konsa.png,15490031,,,,,,Over,https://static.prizepicks.com/images/manual/Ezri Konsa.png,11:30 PM,England,-1.7,2.6,,11:30 PM,,,,,,,,,,,,,,,,,,,,,,,0,0,0,,Push
PrizePicks,Soccer,319193,Myles Lewis-Skelly,Defender,Arsenal,Tackles,2.5,TRUE,,10/9/2026,11:30:00 PM,pre_game,EPL,demon,https://static.prizepicks.com/images/players/soccer/azt1lhru9cgyb64h4h4fffrx0.webp,15490033,,,,,,Over,https://static.prizepicks.com/images/players/soccer/azt1lhru9cgyb64h4h4fffrx0.webp,11:30 PM,,,,,11:30 PM,,,,,,,,,,,,,,,,,,,,,,,0,0,0,,Push
PrizePicks,Soccer,344651,Ife Ibrahim,Midfielder,Arsenal,Tackles,2.5,TRUE,,10/9/2026,11:30:00 PM,pre_game,EPL,demon,N/A,15490054,,,,,,Over,N/A,11:30 PM,,,,,11:30 PM,,,,,,,,,,,,,,,,,,,,,,,0,0,0,,Push
PrizePicks,Soccer,319493,Martín Zubimendi,Midfielder,Arsenal,Tackles,2.5,TRUE,,10/9/2026,11:30:00 PM,pre_game,EPL,demon,https://static.prizepicks.com/images/players/soccer/80aqmv4ht6rs1812qrr5j8kix.webp,15490079,,,,,,Over,https://static.prizepicks.com/images/players/soccer/80aqmv4ht6rs1812qrr5j8kix.webp,11:30 PM,,,,,11:30 PM,,,,,,,,,,,,,,,,,,,,,,,0,0,0,,Push
PrizePicks,Soccer,319532,Rhys Chadwick,Midfielder,Leeds,Tackles,2.5,TRUE,,10/9/2026,11:30:00 PM,pre_game,EPL,demon,https://static.prizepicks.com/images/manual/Rhys Chadwick.png,15490084,,,,,,Over,https://static.prizepicks.com/images/manual/Rhys Chadwick.png,11:30 PM,,,,,11:30 PM,,,,,,,,,,,,,,,,,,,,,,,0,0,0,,Push
PrizePicks,Soccer,319421,Dominic Calvert-Lewin,Attacker,Leeds,Shots On Target,2.5,TRUE,,10/9/2026,11:30:00 PM,pre_game,EPL,demon,https://static.prizepicks.com/images/players/soccer/374kcix9j7e1cob4uxmfncwyd.webp,15490092,,,,,,Over,https://static.prizepicks.com/images/players/soccer/374kcix9j7e1cob4uxmfncwyd.webp,11:30 PM,,,,,11:30 PM,,,,,,,,,,,,,,,,,,,,,,,0,0,0,,Push
PrizePicks,Soccer,340884,Melvin Bard,Defender,Leeds,Shots,2.5,TRUE,,10/9/2026,11:30:00 PM,pre_game,EPL,demon,https://static.prizepicks.com/images/manual/0a3aa66f9881292a.webp,15490093,,,,,,Over,https://static.prizepicks.com/images/manual/0a3aa66f9881292a.webp,11:30 PM,,,,,11:30 PM,,,,,,,,,,,,,,,,,,,,,,,0,0,0,,Push
PrizePicks,Soccer,319529,Ilia Gruev,Midfielder,Leeds,Tackles,2.5,TRUE,,10/9/2026,11:30:00 PM,pre_game,EPL,demon,https://static.prizepicks.com/images/players/soccer/dr0kn3srxtg7nuw99gjoim7e1.webp,15490095,,,,,,Over,https://static.prizepicks.com/images/players/soccer/dr0kn3srxtg7nuw99gjoim7e1.webp,11:30 PM,,,,,11:30 PM,,,,,,,,,,,,,,,,,,,,,,,0,0,0,,Push
PrizePicks,Soccer,319312,Brenden Aaronson,Midfielder,Leeds,Tackles,2.5,TRUE,,10/9/2026,11:30:00 PM,pre_game,EPL,demon,https://static.prizepicks.com/images/players/soccer/8rrcscn29rs1gk8mi1pwpu92i.webp,15490101,,,,,,Over,https://static.prizepicks.com/images/players/soccer/8rrcscn29rs1gk8mi1pwpu92i.webp,11:30 PM,,,,,11:30 PM,,,,,,,,,,,,,,,,,,,,,,,0,0,0,,Push
PrizePicks,Soccer,319315,Ethan Ampadu,Midfielder,Leeds,Shots,2.5,TRUE,,10/9/2026,11:30:00 PM,pre_game,EPL,demon,https://static.prizepicks.com/images/players/soccer/f1ma05bi3t1hfbflylx5d9tyh.webp,15490107,,,,,,Over,https://static.prizepicks.com/images/players/soccer/f1ma05bi3t1hfbflylx5d9tyh.webp,11:30 PM,,,,,11:30 PM,,,,,,,,,,,,,,,,,,,,,,,0,0,0,,Push
PrizePicks,Soccer,334163,Ben White,Defender,Arsenal,Shots,2.5,TRUE,,10/9/2026,11:30:00 PM,pre_game,EPL,demon,https://static.prizepicks.com/images/players/soccer/cnmlhoum9aahwqruxgmz2gcfd.webp,15490135,,,,,,Over,https://static.prizepicks.com/images/players/soccer/cnmlhoum9aahwqruxgmz2gcfd.webp,11:30 PM,,,,,11:30 PM,,,,,,,,,,,,,,,,,,,,,,,0,0,0,,Push
PrizePicks,Soccer,319425,Lukas Nmecha,Attacker,Leeds,Shots,2.5,TRUE,,10/9/2026,11:30:00 PM,pre_game,EPL,demon,https://static.prizepicks.com/images/players/soccer/embn1jhcly07i6pjcvcdiavo5.webp,15490141,,,,,,Over,https://static.prizepicks.com/images/players/soccer/embn1jhcly07i6pjcvcdiavo5.webp,11:30 PM,,,,,11:30 PM,,,,,,,,,,,,,,,,,,,,,,,0,0,0,,Push
PrizePicks,Soccer,340884,Melvin Bard,Defender,Leeds,Tackles,2.5,TRUE,,10/9/2026,11:30:00 PM,pre_game,EPL,demon,https://static.prizepicks.com/images/manual/0a3aa66f9881292a.webp,15490146,,,,,,Over,https://static.prizepicks.com/images/manual/0a3aa66f9881292a.webp,11:30 PM,,,,,11:30 PM,,,,,,,,,,,,,,,,,,,,,,,0,0,0,,Push
PrizePicks,Soccer,319183,Cristhian Mosquera,Defender,Arsenal,Tackles,2.5,TRUE,,10/9/2026,11:30:00 PM,pre_game,EPL,demon,https://static.prizepicks.com/images/players/soccer/6o76owze8y78ue9sb49g8kyz8.webp,15490147,,,,,,Over,https://static.prizepicks.com/images/players/soccer/6o76owze8y78ue9sb49g8kyz8.webp,11:30 PM,,,,,11:30 PM,,,,,,,,,,,,,,,,,,,,,,,0,0,0,,Push
PrizePicks,Soccer,319528,Gabriel Gudmundsson,Defender,Leeds,Shots,2.5,TRUE,,10/9/2026,11:30:00 PM,pre_game,EPL,demon,https://static.prizepicks.com/images/players/soccer/fij46jr9fq43444gr1y8tl9l.webp,15490148,,,,,,Over,https://static.prizepicks.com/images/players/soccer/fij46jr9fq43444gr1y8tl9l.webp,11:30 PM,Netherlands,-0.8,2.6,,11:30 PM,,,,,,,,,,,,,,,,,,,,,,,0,0,0,,Push
PrizePicks,Soccer,319191,Max Dowman,Midfielder,Arsenal,Shots On Target,2.5,TRUE,,10/9/2026,11:30:00 PM,pre_game,EPL,demon,https://static.prizepicks.com/images/manual/Max Dowman.png,15490164,0.5,55.3,44.7,-35.42,55.3,Over,https://static.prizepicks.com/images/manual/Max Dowman.png,11:30 PM,,,,,11:30 PM,,,,,,,,0.50,,,,,,,,52.12,47.88,52.1,,,,,0.5,0.5,0.5,,Push
PrizePicks,Soccer,319310,Ao Tanaka,Midfielder,Leeds,Shots,2.5,TRUE,,10/9/2026,11:30:00 PM,pre_game,EPL,demon,https://static.prizepicks.com/images/players/soccer/28ucbvor6b0yxreoieehudfc9.webp,15490166,,,,,,Over,https://static.prizepicks.com/images/players/soccer/28ucbvor6b0yxreoieehudfc9.webp,11:30 PM,Tunisia,1.1,2.5,,11:30 PM,,,,,,,,,,,,,,,,,,,,,,,0,0,0,,Push
PrizePicks,Soccer,319195,Riccardo Calafiori,Defender,Arsenal,Tackles,2.5,TRUE,,10/9/2026,11:30:00 PM,pre_game,EPL,demon,https://static.prizepicks.com/images/players/soccer/dhs8pujk55ewcis7y5alchu22.webp,15490169,,,,,,Over,https://static.prizepicks.com/images/players/soccer/dhs8pujk55ewcis7y5alchu22.webp,11:30 PM,,,,,11:30 PM,,,,,,,,,,,,,,,,,,,,,,,0,0,0,,Push
PrizePicks,Soccer,319195,Riccardo Calafiori,Defender,Arsenal,Shots,2.5,TRUE,,10/9/2026,11:30:00 PM,pre_game,EPL,demon,https://static.prizepicks.com/images/players/soccer/dhs8pujk55ewcis7y5alchu22.webp,15490176,,,,,,Over,https://static.prizepicks.com/images/players/soccer/dhs8pujk55ewcis7y5alchu22.webp,11:30 PM,,,,,11:30 PM,,,,,,,,,,,,,,,,,,,,,,,0,0,0,,Push
PrizePicks,Soccer,319611,David Raya,Goalkeeper,Arsenal,Goalie Saves,2.5,TRUE,,10/9/2026,11:30:00 PM,pre_game,EPL,demon,https://static.prizepicks.com/images/players/soccer/4iijb6llnz28unsz4rirr3umt.webp,15493237,1.5,63.968,36.032,,,Over,https://static.prizepicks.com/images/players/soccer/4iijb6llnz28unsz4rirr3umt.webp,11:30 PM,Spain,-2.5,3.3,,11:30 PM,,,,,,,,1.50,,,,,,,,58.3808,41.6192,58.4,,,,,1.5,1.5,1.5,1.5,Push
PrizePicks,Soccer,334454,Harry Wilson,Attacker,Leeds,Shots,2.5,TRUE,,10/9/2026,11:30:00 PM,pre_game,EPL,demon,https://static.prizepicks.com/images/manual/Harry Wilson.png,15508981,,,,,,Over,https://static.prizepicks.com/images/manual/Harry Wilson.png,11:30 PM,,,,,11:30 PM,,,,,,,,,,,,,,,,,,,,,,,0,0,0,,Push
PrizePicks,Soccer,319530,Jaka Bijol,Defender,Leeds,Tackles,2.5,TRUE,,10/9/2026,11:30:00 PM,pre_game,EPL,demon,https://static.prizepicks.com/images/players/soccer/ah0f7tonnst92d8q91j1wll62.webp,15514043,,,,,,Over,https://static.prizepicks.com/images/players/soccer/ah0f7tonnst92d8q91j1wll62.webp,11:30 PM,,,,,11:30 PM,,,,,,,,,,,,,,,,,,,,,,,0,0,0,,Push
PrizePicks,Soccer,340821,Jean-Mattéo Bahoya,Attacker,Leeds,Shots,2.5,TRUE,,10/9/2026,11:30:00 PM,pre_game,EPL,demon,https://static.prizepicks.com/images/manual/791bafe25a9d9e1c.webp,15519152,,,,,,Over,https://static.prizepicks.com/images/manual/791bafe25a9d9e1c.webp,11:30 PM,,,,,11:30 PM,,,,,,,,,,,,,,,,,,,,,,,0,0,0,,Push
PrizePicks,Soccer,337842,Ezri Konsa,Defender,Arsenal,Tackles,2.5,TRUE,,10/9/2026,11:30:00 PM,pre_game,EPL,demon,https://static.prizepicks.com/images/manual/Ezri Konsa.png,15519165,,,,,,Over,https://static.prizepicks.com/images/manual/Ezri Konsa.png,11:30 PM,England,-1.7,2.6,,11:30 PM,,,,,,,,,,,,,,,,,,,,,,,0,0,0,,Push
PrizePicks,Soccer,334165,Christos Tzolis,Attacker,Arsenal,Shots On Target,2.5,TRUE,,10/9/2026,11:30:00 PM,pre_game,EPL,demon,https://static.prizepicks.com/images/manual/Christos Tzolis.png,15519180,,,,,,Over,https://static.prizepicks.com/images/manual/Christos Tzolis.png,11:30 PM,,,,,11:30 PM,,,,,,,,,,,,,,,,,,,,,,,0,0,0,,Push
PrizePicks,Soccer,319489,Jurriën Timber,Defender,Arsenal,Shots,2.5,TRUE,,10/9/2026,11:30:00 PM,pre_game,EPL,demon,https://static.prizepicks.com/images/players/soccer/aqlakf0mo95rlktf6xdbaegh5.webp,15519190,,,,,,Over,https://static.prizepicks.com/images/players/soccer/aqlakf0mo95rlktf6xdbaegh5.webp,11:30 PM,,,,,11:30 PM,,,,,,,,,,,,,,,,,,,,,,,0,0,0,,Push
PrizePicks,Soccer,340821,Jean-Mattéo Bahoya,Attacker,Leeds,Tackles,2.5,TRUE,,10/9/2026,11:30:00 PM,pre_game,EPL,demon,https://static.prizepicks.com/images/manual/791bafe25a9d9e1c.webp,15525992,,,,,,Over,https://static.prizepicks.com/images/manual/791bafe25a9d9e1c.webp,11:30 PM,,,,,11:30 PM,,,,,,,,,,,,,,,,,,,,,,,0,0,0,,Push
PrizePicks,Soccer,319423,Jayden Bogle,Defender,Leeds,Tackles,2.5,TRUE,,10/9/2026,11:30:00 PM,pre_game,EPL,demon,https://static.prizepicks.com/images/players/soccer/dwumn5qew7ae53givnx2p892h.webp,15526299,,,,,,Over,https://static.prizepicks.com/images/players/soccer/dwumn5qew7ae53givnx2p892h.webp,11:30 PM,,,,,11:30 PM,,,,,,,,,,,,,,,,,,,,,,,0,0,0,,Push
PrizePicks,Soccer,319481,Declan Rice,Midfielder,Arsenal,Tackles,2.5,TRUE,,10/9/2026,11:30:00 PM,pre_game,EPL,demon,https://static.prizepicks.com/images/players/soccer/6jgocc12bori2wygyu07c082x.webp,15526300,,,,,,Over,https://static.prizepicks.com/images/players/soccer/6jgocc12bori2wygyu07c082x.webp,11:30 PM,England,-1.7,2.6,,11:30 PM,,,,,,,,,,,,,,,,,,,,,,,0,0,0,,Push
PrizePicks,Soccer,334455,Tarik Muharemovic,Defender,Leeds,Tackles,2.5,TRUE,,10/9/2026,11:30:00 PM,pre_game,EPL,demon,https://static.prizepicks.com/images/manual/Tarik Muharemovic.png,15526301,,,,,,Over,https://static.prizepicks.com/images/manual/Tarik Muharemovic.png,11:30 PM,,,,,11:30 PM,,,,,,,,,,,,,,,,,,,,,,,0,0,0,,Push
PrizePicks,Soccer,319571,Piero Hincapié,Defender,Arsenal,Tackles,2.5,TRUE,,10/9/2026,11:30:00 PM,pre_game,EPL,demon,https://static.prizepicks.com/images/manual/Piero Hincapié.png,15548171,,,,,,Over,https://static.prizepicks.com/images/manual/Piero Hincapié.png,11:30 PM,Ecuador,-2.4,3.3,Ecuador vs Curacao,11:30 PM,,Kansas City Stadium,,,,,,,,,,,,,,,,,,,,,0,0,0,,Push
PrizePicks,Soccer,319189,Kai Havertz,Attacker,Arsenal,Goals,1.5,TRUE,,10/9/2026,11:30:00 PM,pre_game,EPL,demon,https://static.prizepicks.com/images/manual/KaiHavertz.webp,15407573,,,,,,Over,https://static.prizepicks.com/images/manual/KaiHavertz.webp,11:30 PM,Germany,-1.2,2.6,Germany vs Ivory Coast,11:30 PM,,Toronto Stadium,,,,,,,,,,,,,,,,,,,,,0,0,0,,Push
PrizePicks,Soccer,319494,Viktor Gyökeres,Attacker,Arsenal,Goals,1.5,TRUE,,10/9/2026,11:30:00 PM,pre_game,EPL,demon,https://static.prizepicks.com/images/manual/ViktorGyökeres.webp,15407578,0.5,48.31,51.69,-5.21,51.69,Over,https://static.prizepicks.com/images/manual/ViktorGyökeres.webp,11:30 PM,Netherlands,-0.8,2.6,Netherlands vs Sweden,11:30 PM,,Houston Stadium,,,,,,0.50,,,,,,,,48.986,51.014,49.0,,,,,0.5,0.5,0.5,0.5,Push
PrizePicks,Soccer,319179,Bukayo Saka,Attacker,Arsenal,Goals,1.5,TRUE,,10/9/2026,11:30:00 PM,pre_game,EPL,demon,https://static.prizepicks.com/images/manual/saka.png,15408723,0.5,39.74,60.26,-2.57,60.26,Over,https://static.prizepicks.com/images/manual/saka.png,11:30 PM,England,-1.7,2.6,,11:30 PM,,,,,,,,0.50,,,,,,,,43.844,56.156,43.8,,,,,0.5,0.5,0.5,0.5,Push
PrizePicks,Soccer,319182,Noni Madueke,Attacker,Arsenal,Goals,1.5,TRUE,,10/9/2026,11:30:00 PM,pre_game,EPL,demon,https://static.prizepicks.com/images/manual/NoniMadueke.webp,15408724,,#NUM!,#NUM!,,,Over,https://static.prizepicks.com/images/manual/NoniMadueke.webp,11:30 PM,England,-1.7,2.6,,11:30 PM,,,,,,,,,,,,,,,,,,,,,,,0,0,0,,Push
PrizePicks,Soccer,319189,Kai Havertz,Attacker,Arsenal,Shots On Target,1.5,TRUE,,10/9/2026,11:30:00 PM,pre_game,EPL,demon,https://static.prizepicks.com/images/manual/KaiHavertz.webp,15440581,,,,,,Over,https://static.prizepicks.com/images/manual/KaiHavertz.webp,11:30 PM,Germany,-1.2,2.6,Germany vs Ivory Coast,11:30 PM,,Toronto Stadium,,,,,,,,,,,,,,,,,,,,,0,0,0,,Push
PrizePicks,Soccer,319179,Bukayo Saka,Attacker,Arsenal,Shots On Target,1.5,TRUE,,10/9/2026,11:30:00 PM,pre_game,EPL,demon,https://static.prizepicks.com/images/manual/saka.png,15440590,1.5,38.26,61.74,-2.8,61.74,Over,https://static.prizepicks.com/images/manual/saka.png,11:30 PM,England,-1.7,2.6,,11:30 PM,,,,,,,,1.50,,,,,,,,38.26,61.74,38.3,,,,,1.5,1.5,1.5,,Push
PrizePicks,Soccer,319421,Dominic Calvert-Lewin,Attacker,Leeds,Shots On Target,1.5,TRUE,,10/9/2026,11:30:00 PM,pre_game,EPL,demon,https://static.prizepicks.com/images/players/soccer/374kcix9j7e1cob4uxmfncwyd.webp,15441858,,,,,,Over,https://static.prizepicks.com/images/players/soccer/374kcix9j7e1cob4uxmfncwyd.webp,11:30 PM,,,,,11:30 PM,,,,,,,,,,,,,,,,,,,,,,,0,0,0,,Push
PrizePicks,Soccer,319182,Noni Madueke,Attacker,Arsenal,Shots On Target,1.5,TRUE,,10/9/2026,11:30:00 PM,pre_game,EPL,demon,https://static.prizepicks.com/images/manual/NoniMadueke.webp,15441859,0.5,56.11,43.89,-3.57,56.11,Over,https://static.prizepicks.com/images/manual/NoniMadueke.webp,11:30 PM,England,-1.7,2.6,,11:30 PM,,,,,,,,0.50,,,,,,,,53.666,46.334,53.7,,,,,0.5,0.5,0.5,,Push
PrizePicks,Soccer,319425,Lukas Nmecha,Attacker,Leeds,Shots On Target,1.5,TRUE,,10/9/2026,11:30:00 PM,pre_game,EPL,demon,https://static.prizepicks.com/images/players/soccer/embn1jhcly07i6pjcvcdiavo5.webp,15441860,,,,,,Over,https://static.prizepicks.com/images/players/soccer/embn1jhcly07i6pjcvcdiavo5.webp,11:30 PM,,,,,11:30 PM,,,,,,,,,,,,,,,,,,,,,,,0,0,0,,Push
PrizePicks,Soccer,319191,Max Dowman,Midfielder,Arsenal,Shots On Target,1.5,TRUE,,10/9/2026,11:30:00 PM,pre_game,EPL,demon,https://static.prizepicks.com/images/manual/Max Dowman.png,15441861,0.5,55.3,44.7,-35.42,55.3,Over,https://static.prizepicks.com/images/manual/Max Dowman.png,11:30 PM,,,,,11:30 PM,,,,,,,,0.50,,,,,,,,53.18,46.82,53.2,,,,,0.5,0.5,0.5,,Push
PrizePicks,Soccer,334932,Bruno Guimarães,Midfielder,Arsenal,Shots On Target,1.5,TRUE,,10/9/2026,11:30:00 PM,pre_game,EPL,demon,https://static.prizepicks.com/images/manual/Bruno Guimarães.png,15441869,,,,,,Over,https://static.prizepicks.com/images/manual/Bruno Guimarães.png,11:30 PM,Brazil,-2.5,3.4,Brazil vs Haiti,11:30 PM,,Philadelphia Stadium,,,,,,,,,,,,,,,,,,,,,0,0,0,,Push
PrizePicks,Soccer,319492,Martin Ødegaard,Midfielder,Arsenal,Shots On Target,1.5,TRUE,,10/9/2026,11:30:00 PM,pre_game,EPL,demon,https://static.prizepicks.com/images/manual/odegaard.png,15441871,0.5,56.38,43.63,-35.88,56.38,Over,https://static.prizepicks.com/images/manual/odegaard.png,11:30 PM,,,,,11:30 PM,,,,,,,,0.50,,,,,,,,53.828,46.172,53.8,,,,,0.5,0.5,0.5,,Push
PrizePicks,Soccer,319482,Eberechi Eze,Midfielder,Arsenal,Shots On Target,1.5,TRUE,,10/9/2026,11:30:00 PM,pre_game,EPL,demon,https://static.prizepicks.com/images/players/soccer/4wic6z72nwmhkheme209fcmp5.webp,15441875,0.5,57.37,42.63,-3.72,57.37,Over,https://static.prizepicks.com/images/players/soccer/4wic6z72nwmhkheme209fcmp5.webp,11:30 PM,England,-1.7,2.6,,11:30 PM,,,,,,,,0.50,,,,,,,,54.422,45.578,54.4,,,,,0.5,0.5,0.5,,Push
PrizePicks,Soccer,319380,Noah Okafor,Attacker,Leeds,Shots On Target,1.5,TRUE,,10/9/2026,11:30:00 PM,pre_game,EPL,demon,https://static.prizepicks.com/images/players/soccer/SCR_team_BXAQ6h7d56jpaUvyZKqAxtLW_aqlu9i7yzmnmyzwuw6u93j6y1.webp,15441912,,,,,,Over,https://static.prizepicks.com/images/players/soccer/SCR_team_BXAQ6h7d56jpaUvyZKqAxtLW_aqlu9i7yzmnmyzwuw6u93j6y1.webp,11:30 PM,Switzerland,-0.6,2.5,,11:30 PM,,,,,,,,,,,,,,,,,,,,,,,0,0,0,,Push
PrizePicks,Soccer,319309,Anton Stach,Midfielder,Leeds,Shots,1.5,TRUE,,10/9/2026,11:30:00 PM,pre_game,EPL,demon,https://static.prizepicks.com/images/players/soccer/az7owi5t4bclkamjsjuyxzv1l.webp,15480584,1.5,39.619,60.381,,,Over,https://static.prizepicks.com/images/players/soccer/az7owi5t4bclkamjsjuyxzv1l.webp,11:30 PM,,,,,11:30 PM,,,,,,,,1.50,,,,,,,,39.619,60.381,39.6,,,,,1.5,1.5,1.5,1.5,Push
PrizePicks,Soccer,319380,Noah Okafor,Attacker,Leeds,Shots,1.5,TRUE,,10/9/2026,11:30:00 PM,pre_game,EPL,demon,https://static.prizepicks.com/images/players/soccer/SCR_team_BXAQ6h7d56jpaUvyZKqAxtLW_aqlu9i7yzmnmyzwuw6u93j6y1.webp,15480585,1.5,34.659,65.341,,,Over,https://static.prizepicks.com/images/players/soccer/SCR_team_BXAQ6h7d56jpaUvyZKqAxtLW_aqlu9i7yzmnmyzwuw6u93j6y1.webp,11:30 PM,Switzerland,-0.6,2.5,,11:30 PM,,,,,,,,1.50,,,,,,,,34.659,65.341,34.7,,,,,1.5,1.5,1.5,1.5,Push
PrizePicks,Soccer,334932,Bruno Guimarães,Midfielder,Arsenal,Shots,1.5,TRUE,,10/9/2026,11:30:00 PM,pre_game,EPL,demon,https://static.prizepicks.com/images/manual/Bruno Guimarães.png,15480618,1.5,38.689,61.311,,,Over,https://static.prizepicks.com/images/manual/Bruno Guimarães.png,11:30 PM,Brazil,-2.5,3.4,Brazil vs Haiti,11:30 PM,,Philadelphia Stadium,,,,,,1.50,,,,,,,,38.689,61.311,38.7,,,,,1.5,1.5,1.5,1.5,Push
PrizePicks,Soccer,319481,Declan Rice,Midfielder,Arsenal,Shots,1.5,TRUE,,10/9/2026,11:30:00 PM,pre_game,EPL,demon,https://static.prizepicks.com/images/players/soccer/6jgocc12bori2wygyu07c082x.webp,15480619,1.5,42.553,57.447,,,Over,https://static.prizepicks.com/images/players/soccer/6jgocc12bori2wygyu07c082x.webp,11:30 PM,England,-1.7,2.6,,11:30 PM,,,,,,,,1.50,,,,,,,,42.553,57.447,42.6,,,,,1.5,1.5,1.5,1.5,Push
PrizePicks,Soccer,337842,Ezri Konsa,Defender,Arsenal,Fouls,1.5,TRUE,,10/9/2026,11:30:00 PM,pre_game,EPL,demon,https://static.prizepicks.com/images/manual/Ezri Konsa.png,15489839,,,,,,Over,https://static.prizepicks.com/images/manual/Ezri Konsa.png,11:30 PM,England,-1.7,2.6,,11:30 PM,,,,,,,,,,,,,,,,,,,,,,,0,0,0,,Push
PrizePicks,Soccer,319380,Noah Okafor,Attacker,Leeds,Fouls,1.5,TRUE,,10/9/2026,11:30:00 PM,pre_game,EPL,demon,https://static.prizepicks.com/images/players/soccer/SCR_team_BXAQ6h7d56jpaUvyZKqAxtLW_aqlu9i7yzmnmyzwuw6u93j6y1.webp,15489841,,,,,,Over,https://static.prizepicks.com/images/players/soccer/SCR_team_BXAQ6h7d56jpaUvyZKqAxtLW_aqlu9i7yzmnmyzwuw6u93j6y1.webp,11:30 PM,Switzerland,-0.6,2.5,,11:30 PM,,,,,,,,,,,,,,,,,,,,,,,0,0,0,,Push
PrizePicks,Soccer,319489,Jurriën Timber,Defender,Arsenal,Fouls,1.5,TRUE,,10/9/2026,11:30:00 PM,pre_game,EPL,demon,https://static.prizepicks.com/images/players/soccer/aqlakf0mo95rlktf6xdbaegh5.webp,15489850,,,,,,Over,https://static.prizepicks.com/images/players/soccer/aqlakf0mo95rlktf6xdbaegh5.webp,11:30 PM,,,,,11:30 PM,,,,,,,,,,,,,,,,,,,,,,,0,0,0,,Push
PrizePicks,Soccer,319532,Rhys Chadwick,Midfielder,Leeds,Fouls,1.5,TRUE,,10/9/2026,11:30:00 PM,pre_game,EPL,demon,https://static.prizepicks.com/images/manual/Rhys Chadwick.png,15489853,,,,,,Over,https://static.prizepicks.com/images/manual/Rhys Chadwick.png,11:30 PM,,,,,11:30 PM,,,,,,,,,,,,,,,,,,,,,,,0,0,0,,Push
PrizePicks,Soccer,319486,Gabriel Magalhães,Defender,Arsenal,Fouls,1.5,TRUE,,10/9/2026,11:30:00 PM,pre_game,EPL,demon,https://static.prizepicks.com/images/manual/gabriel.png,15489854,,,,,,Over,https://static.prizepicks.com/images/manual/gabriel.png,11:30 PM,,,,,11:30 PM,,,,,,,,,,,,,,,,,,,,,,,0,0,0,,Push
PrizePicks,Soccer,344652,Theo Julienne,Midfielder,Arsenal,Fouls,1.5,TRUE,,10/9/2026,11:30:00 PM,pre_game,EPL,demon,N/A,15489855,,,,,,Over,N/A,11:30 PM,,,,,11:30 PM,,,,,,,,,,,,,,,,,,,,,,,0,0,0,,Push
PrizePicks,Soccer,334454,Harry Wilson,Attacker,Leeds,Fouls,1.5,TRUE,,10/9/2026,11:30:00 PM,pre_game,EPL,demon,https://static.prizepicks.com/images/manual/Harry Wilson.png,15489857,,,,,,Over,https://static.prizepicks.com/images/manual/Harry Wilson.png,11:30 PM,,,,,11:30 PM,,,,,,,,,,,,,,,,,,,,,,,0,0,0,,Push
PrizePicks,Soccer,334455,Tarik Muharemovic,Defender,Leeds,Fouls,1.5,TRUE,,10/9/2026,11:30:00 PM,pre_game,EPL,demon,https://static.prizepicks.com/images/manual/Tarik Muharemovic.png,15489874,,,,,,Over,https://static.prizepicks.com/images/manual/Tarik Muharemovic.png,11:30 PM,,,,,11:30 PM,,,,,,,,,,,,,,,,,,,,,,,0,0,0,,Push
PrizePicks,Soccer,319190,Marli Salmon,Defender,Arsenal,Fouls,1.5,TRUE,,10/9/2026,11:30:00 PM,pre_game,EPL,demon,https://static.prizepicks.com/images/manual/Marli Salmon.png,15489889,,,,,,Over,https://static.prizepicks.com/images/manual/Marli Salmon.png,11:30 PM,,,,,11:30 PM,,,,,,,,,,,,,,,,,,,,,,,0,0,0,,Push
PrizePicks,Soccer,319312,Brenden Aaronson,Midfielder,Leeds,Fouls,1.5,TRUE,,10/9/2026,11:30:00 PM,pre_game,EPL,demon,https://static.prizepicks.com/images/players/soccer/8rrcscn29rs1gk8mi1pwpu92i.webp,15489899,,,,,,Over,https://static.prizepicks.com/images/players/soccer/8rrcscn29rs1gk8mi1pwpu92i.webp,11:30 PM,,,,,11:30 PM,,,,,,,,,,,,,,,,,,,,,,,0,0,0,,Push
PrizePicks,Soccer,344651,Ife Ibrahim,Midfielder,Arsenal,Shots On Target,1.5,TRUE,,10/9/2026,11:30:00 PM,pre_game,EPL,demon,N/A,15489900,,,,,,Over,N/A,11:30 PM,,,,,11:30 PM,,,,,,,,,,,,,,,,,,,,,,,0,0,0,,Push
PrizePicks,Soccer,344652,Theo Julienne,Midfielder,Arsenal,Shots On Target,1.5,TRUE,,10/9/2026,11:30:00 PM,pre_game,EPL,demon,N/A,15489904,,,,,,Over,N/A,11:30 PM,,,,,11:30 PM,,,,,,,,,,,,,,,,,,,,,,,0,0,0,,Push
PrizePicks,Soccer,319494,Viktor Gyökeres,Attacker,Arsenal,Tackles,1.5,TRUE,,10/9/2026,11:30:00 PM,pre_game,EPL,demon,https://static.prizepicks.com/images/manual/ViktorGyökeres.webp,15489913,,,,,,Over,https://static.prizepicks.com/images/manual/ViktorGyökeres.webp,11:30 PM,Netherlands,-0.8,2.6,Netherlands vs Sweden,11:30 PM,,Houston Stadium,,,,,,,,,,,,,,,,,,,,,0,0,0,,Push
PrizePicks,Soccer,319482,Eberechi Eze,Midfielder,Arsenal,Fouls,1.5,TRUE,,10/9/2026,11:30:00 PM,pre_game,EPL,demon,https://static.prizepicks.com/images/players/soccer/4wic6z72nwmhkheme209fcmp5.webp,15489914,,,,,,Over,https://static.prizepicks.com/images/players/soccer/4wic6z72nwmhkheme209fcmp5.webp,11:30 PM,England,-1.7,2.6,,11:30 PM,,,,,,,,,,,,,,,,,,,,,,,0,0,0,,Push
PrizePicks,Soccer,319312,Brenden Aaronson,Midfielder,Leeds,Shots On Target,1.5,TRUE,,10/9/2026,11:30:00 PM,pre_game,EPL,demon,https://static.prizepicks.com/images/players/soccer/8rrcscn29rs1gk8mi1pwpu92i.webp,15489921,,,,,,Over,https://static.prizepicks.com/images/players/soccer/8rrcscn29rs1gk8mi1pwpu92i.webp,11:30 PM,,,,,11:30 PM,,,,,,,,,,,,,,,,,,,,,,,0,0,0,,Push
PrizePicks,Soccer,319179,Bukayo Saka,Attacker,Arsenal,Fouls,1.5,TRUE,,10/9/2026,11:30:00 PM,pre_game,EPL,demon,https://static.prizepicks.com/images/manual/saka.png,15489922,1.5,39.514,60.486,,,Over,https://static.prizepicks.com/images/manual/saka.png,11:30 PM,England,-1.7,2.6,,11:30 PM,,,,,,,,1.50,,,,,,,,39.514,60.486,39.5,,,,,1.5,1.5,1.5,1.5,Push
PrizePicks,Soccer,319193,Myles Lewis-Skelly,Defender,Arsenal,Shots,1.5,TRUE,,10/9/2026,11:30:00 PM,pre_game,EPL,demon,https://static.prizepicks.com/images/players/soccer/azt1lhru9cgyb64h4h4fffrx0.webp,15489927,,,,,,Over,https://static.prizepicks.com/images/players/soccer/azt1lhru9cgyb64h4h4fffrx0.webp,11:30 PM,,,,,11:30 PM,,,,,,,,,,,,,,,,,,,,,,,0,0,0,,Push
PrizePicks,Soccer,334454,Harry Wilson,Attacker,Leeds,Shots On Target,1.5,TRUE,,10/9/2026,11:30:00 PM,pre_game,EPL,demon,https://static.prizepicks.com/images/manual/Harry Wilson.png,15489929,,,,,,Over,https://static.prizepicks.com/images/manual/Harry Wilson.png,11:30 PM,,,,,11:30 PM,,,,,,,,,,,,,,,,,,,,,,,0,0,0,,Push
PrizePicks,Soccer,340821,Jean-Mattéo Bahoya,Attacker,Leeds,Shots On Target,1.5,TRUE,,10/9/2026,11:30:00 PM,pre_game,EPL,demon,https://static.prizepicks.com/images/manual/791bafe25a9d9e1c.webp,15489930,,,,,,Over,https://static.prizepicks.com/images/manual/791bafe25a9d9e1c.webp,11:30 PM,,,,,11:30 PM,,,,,,,,,,,,,,,,,,,,,,,0,0,0,,Push
PrizePicks,Soccer,319486,Gabriel Magalhães,Defender,Arsenal,Shots On Target,1.5,TRUE,,10/9/2026,11:30:00 PM,pre_game,EPL,demon,https://static.prizepicks.com/images/manual/gabriel.png,15489934,,#NUM!,#NUM!,,,Over,https://static.prizepicks.com/images/manual/gabriel.png,11:30 PM,,,,,11:30 PM,,,,,,,,,,,,,,,,,,,,,,,0,0,0,,Push
PrizePicks,Soccer,319420,Daniel James,Attacker,Leeds,Shots On Target,1.5,TRUE,,10/9/2026,11:30:00 PM,pre_game,EPL,demon,https://static.prizepicks.com/images/players/soccer/dkwkmrmpb7rq4e660efcu5hat.webp,15489935,,,,,,Over,https://static.prizepicks.com/images/players/soccer/dkwkmrmpb7rq4e660efcu5hat.webp,11:30 PM,,,,,11:30 PM,,,,,,,,,,,,,,,,,,,,,,,0,0,0,,Push
PrizePicks,Soccer,340884,Melvin Bard,Defender,Leeds,Fouls,1.5,TRUE,,10/9/2026,11:30:00 PM,pre_game,EPL,demon,https://static.prizepicks.com/images/manual/0a3aa66f9881292a.webp,15489936,,,,,,Over,https://static.prizepicks.com/images/manual/0a3aa66f9881292a.webp,11:30 PM,,,,,11:30 PM,,,,,,,,,,,,,,,,,,,,,,,0,0,0,,Push
PrizePicks,Soccer,319182,Noni Madueke,Attacker,Arsenal,Fouls,1.5,TRUE,,10/9/2026,11:30:00 PM,pre_game,EPL,demon,https://static.prizepicks.com/images/manual/NoniMadueke.webp,15489942,,,,,,Over,https://static.prizepicks.com/images/manual/NoniMadueke.webp,11:30 PM,England,-1.7,2.6,,11:30 PM,,,,,,,,,,,,,,,,,,,,,,,0,0,0,,Push
PrizePicks,Soccer,334454,Harry Wilson,Attacker,Leeds,Tackles,1.5,TRUE,,10/9/2026,11:30:00 PM,pre_game,EPL,demon,https://static.prizepicks.com/images/manual/Harry Wilson.png,15489946,,,,,,Over,https://static.prizepicks.com/images/manual/Harry Wilson.png,11:30 PM,,,,,11:30 PM,,,,,,,,,,,,,,,,,,,,,,,0,0,0,,Push
PrizePicks,Soccer,334163,Ben White,Defender,Arsenal,Fouls,1.5,TRUE,,10/9/2026,11:30:00 PM,pre_game,EPL,demon,https://static.prizepicks.com/images/players/soccer/cnmlhoum9aahwqruxgmz2gcfd.webp,15489948,,,,,,Over,https://static.prizepicks.com/images/players/soccer/cnmlhoum9aahwqruxgmz2gcfd.webp,11:30 PM,,,,,11:30 PM,,,,,,,,,,,,,,,,,,,,,,,0,0,0,,Push
PrizePicks,Soccer,319182,Noni Madueke,Attacker,Arsenal,Tackles,1.5,TRUE,,10/9/2026,11:30:00 PM,pre_game,EPL,demon,https://static.prizepicks.com/images/manual/NoniMadueke.webp,15489955,,,,,,Over,https://static.prizepicks.com/images/manual/NoniMadueke.webp,11:30 PM,England,-1.7,2.6,,11:30 PM,,,,,,,,,,,,,,,,,,,,,,,0,0,0,,Push
PrizePicks,Soccer,319420,Daniel James,Attacker,Leeds,Fouls,1.5,TRUE,,10/9/2026,11:30:00 PM,pre_game,EPL,demon,https://static.prizepicks.com/images/players/soccer/dkwkmrmpb7rq4e660efcu5hat.webp,15489959,,,,,,Over,https://static.prizepicks.com/images/players/soccer/dkwkmrmpb7rq4e660efcu5hat.webp,11:30 PM,,,,,11:30 PM,,,,,,,,,,,,,,,,,,,,,,,0,0,0,,Push
PrizePicks,Soccer,319529,Ilia Gruev,Midfielder,Leeds,Shots,1.5,TRUE,,10/9/2026,11:30:00 PM,pre_game,EPL,demon,https://static.prizepicks.com/images/players/soccer/dr0kn3srxtg7nuw99gjoim7e1.webp,15489964,,,,,,Over,https://static.prizepicks.com/images/players/soccer/dr0kn3srxtg7nuw99gjoim7e1.webp,11:30 PM,,,,,11:30 PM,,,,,,,,,,,,,,,,,,,,,,,0,0,0,,Push
PrizePicks,Soccer,337842,Ezri Konsa,Defender,Arsenal,Shots,1.5,TRUE,,10/9/2026,11:30:00 PM,pre_game,EPL,demon,https://static.prizepicks.com/images/manual/Ezri Konsa.png,15489966,,,,,,Over,https://static.prizepicks.com/images/manual/Ezri Konsa.png,11:30 PM,England,-1.7,2.6,,11:30 PM,,,,,,,,,,,,,,,,,,,,,,,0,0,0,,Push
PrizePicks,Soccer,319426,Sean Longstaff,Midfielder,Leeds,Shots,1.5,TRUE,,10/9/2026,11:30:00 PM,pre_game,EPL,demon,https://static.prizepicks.com/images/players/soccer/9pv566tidfz21e00y4t0mbap5.webp,15489972,,,,,,Over,https://static.prizepicks.com/images/players/soccer/9pv566tidfz21e00y4t0mbap5.webp,11:30 PM,,,,,11:30 PM,,,,,,,,,,,,,,,,,,,,,,,0,0,0,,Push
PrizePicks,Soccer,319190,Marli Salmon,Defender,Arsenal,Shots,1.5,TRUE,,10/9/2026,11:30:00 PM,pre_game,EPL,demon,https://static.prizepicks.com/images/manual/Marli Salmon.png,15489976,,,,,,Over,https://static.prizepicks.com/images/manual/Marli Salmon.png,11:30 PM,,,,,11:30 PM,,,,,,,,,,,,,,,,,,,,,,,0,0,0,,Push
PrizePicks,Soccer,344651,Ife Ibrahim,Midfielder,Arsenal,Fouls,1.5,TRUE,,10/9/2026,11:30:00 PM,pre_game,EPL,demon,N/A,15489979,,,,,,Over,N/A,11:30 PM,,,,,11:30 PM,,,,,,,,,,,,,,,,,,,,,,,0,0,0,,Push
PrizePicks,Soccer,336242,Nico Elvedi,Defender,Leeds,Shots,1.5,TRUE,,10/9/2026,11:30:00 PM,pre_game,EPL,demon,https://static.prizepicks.com/images/manual/Nico Elvedi.png,15489984,,,,,,Over,https://static.prizepicks.com/images/manual/Nico Elvedi.png,11:30 PM,Switzerland,-0.6,2.5,,11:30 PM,,,,,,,,,,,,,,,,,,,,,,,0,0,0,,Push
PrizePicks,Soccer,319310,Ao Tanaka,Midfielder,Leeds,Shots On Target,1.5,TRUE,,10/9/2026,11:30:00 PM,pre_game,EPL,demon,https://static.prizepicks.com/images/players/soccer/28ucbvor6b0yxreoieehudfc9.webp,15489985,,,,,,Over,https://static.prizepicks.com/images/players/soccer/28ucbvor6b0yxreoieehudfc9.webp,11:30 PM,Tunisia,1.1,2.5,,11:30 PM,,,,,,,,,,,,,,,,,,,,,,,0,0,0,,Push
PrizePicks,Soccer,319482,Eberechi Eze,Midfielder,Arsenal,Tackles,1.5,TRUE,,10/9/2026,11:30:00 PM,pre_game,EPL,demon,https://static.prizepicks.com/images/players/soccer/4wic6z72nwmhkheme209fcmp5.webp,15489989,,,,,,Over,https://static.prizepicks.com/images/players/soccer/4wic6z72nwmhkheme209fcmp5.webp,11:30 PM,England,-1.7,2.6,,11:30 PM,,,,,,,,,,,,,,,,,,,,,,,0,0,0,,Push
PrizePicks,Soccer,319195,Riccardo Calafiori,Defender,Arsenal,Fouls,1.5,TRUE,,10/9/2026,11:30:00 PM,pre_game,EPL,demon,https://static.prizepicks.com/images/players/soccer/dhs8pujk55ewcis7y5alchu22.webp,15489996,,,,,,Over,https://static.prizepicks.com/images/players/soccer/dhs8pujk55ewcis7y5alchu22.webp,11:30 PM,,,,,11:30 PM,,,,,,,,,,,,,,,,,,,,,,,0,0,0,,Push
PrizePicks,Soccer,319189,Kai Havertz,Attacker,Arsenal,Tackles,1.5,TRUE,,10/9/2026,11:30:00 PM,pre_game,EPL,demon,https://static.prizepicks.com/images/manual/KaiHavertz.webp,15490000,,,,,,Over,https://static.prizepicks.com/images/manual/KaiHavertz.webp,11:30 PM,Germany,-1.2,2.6,Germany vs Ivory Coast,11:30 PM,,Toronto Stadium,,,,,,,,,,,,,,,,,,,,,0,0,0,,Push
PrizePicks,Soccer,319191,Max Dowman,Midfielder,Arsenal,Fouls,1.5,TRUE,,10/9/2026,11:30:00 PM,pre_game,EPL,demon,https://static.prizepicks.com/images/manual/Max Dowman.png,15490003,,,,,,Over,https://static.prizepicks.com/images/manual/Max Dowman.png,11:30 PM,,,,,11:30 PM,,,,,,,,,,,,,,,,,,,,,,,0,0,0,,Push
PrizePicks,Soccer,319423,Jayden Bogle,Defender,Leeds,Shots On Target,1.5,TRUE,,10/9/2026,11:30:00 PM,pre_game,EPL,demon,https://static.prizepicks.com/images/players/soccer/dwumn5qew7ae53givnx2p892h.webp,15490007,,,,,,Over,https://static.prizepicks.com/images/players/soccer/dwumn5qew7ae53givnx2p892h.webp,11:30 PM,,,,,11:30 PM,,,,,,,,,,,,,,,,,,,,,,,0,0,0,,Push
PrizePicks,Soccer,319190,Marli Salmon,Defender,Arsenal,Tackles,1.5,TRUE,,10/9/2026,11:30:00 PM,pre_game,EPL,demon,https://static.prizepicks.com/images/manual/Marli Salmon.png,15490009,,,,,,Over,https://static.prizepicks.com/images/manual/Marli Salmon.png,11:30 PM,,,,,11:30 PM,,,,,,,,,,,,,,,,,,,,,,,0,0,0,,Push
PrizePicks,Soccer,319531,James Justin,Defender,Leeds,Shots,1.5,TRUE,,10/9/2026,11:30:00 PM,pre_game,EPL,demon,https://static.prizepicks.com/images/players/soccer/SCR_team_BXAQ6h7d56jpaUvyZKqAxtLW_6icypdqtfk2k81ax0i49j5xpl.webp,15490010,,,,,,Over,https://static.prizepicks.com/images/players/soccer/SCR_team_BXAQ6h7d56jpaUvyZKqAxtLW_6icypdqtfk2k81ax0i49j5xpl.webp,11:30 PM,,,,,11:30 PM,,,,,,,,,,,,,,,,,,,,,,,0,0,0,,Push
PrizePicks,Soccer,319183,Cristhian Mosquera,Defender,Arsenal,Shots,1.5,TRUE,,10/9/2026,11:30:00 PM,pre_game,EPL,demon,https://static.prizepicks.com/images/players/soccer/6o76owze8y78ue9sb49g8kyz8.webp,15490018,,,,,,Over,https://static.prizepicks.com/images/players/soccer/6o76owze8y78ue9sb49g8kyz8.webp,11:30 PM,,,,,11:30 PM,,,,,,,,,,,,,,,,,,,,,,,0,0,0,,Push
PrizePicks,Soccer,319492,Martin Ødegaard,Midfielder,Arsenal,Fouls,1.5,TRUE,,10/9/2026,11:30:00 PM,pre_game,EPL,demon,https://static.prizepicks.com/images/manual/odegaard.png,15490020,,,,,,Over,https://static.prizepicks.com/images/manual/odegaard.png,11:30 PM,,,,,11:30 PM,,,,,,,,,,,,,,,,,,,,,,,0,0,0,,Push
PrizePicks,Soccer,319183,Cristhian Mosquera,Defender,Arsenal,Shots On Target,1.5,TRUE,,10/9/2026,11:30:00 PM,pre_game,EPL,demon,https://static.prizepicks.com/images/players/soccer/6o76owze8y78ue9sb49g8kyz8.webp,15490024,,#NUM!,#NUM!,,,Over,https://static.prizepicks.com/images/players/soccer/6o76owze8y78ue9sb49g8kyz8.webp,11:30 PM,,,,,11:30 PM,,,,,,,,,,,,,,,,,,,,,,,0,0,0,,Push
PrizePicks,Soccer,319193,Myles Lewis-Skelly,Defender,Arsenal,Shots On Target,1.5,TRUE,,10/9/2026,11:30:00 PM,pre_game,EPL,demon,https://static.prizepicks.com/images/players/soccer/azt1lhru9cgyb64h4h4fffrx0.webp,15490025,,#NUM!,#NUM!,,,Over,https://static.prizepicks.com/images/players/soccer/azt1lhru9cgyb64h4h4fffrx0.webp,11:30 PM,,,,,11:30 PM,,,,,,,,,,,,,,,,,,,,,,,0,0,0,,Push
PrizePicks,Soccer,319532,Rhys Chadwick,Midfielder,Leeds,Shots,1.5,TRUE,,10/9/2026,11:30:00 PM,pre_game,EPL,demon,https://static.prizepicks.com/images/manual/Rhys Chadwick.png,15490029,,,,,,Over,https://static.prizepicks.com/images/manual/Rhys Chadwick.png,11:30 PM,,,,,11:30 PM,,,,,,,,,,,,,,,,,,,,,,,0,0,0,,Push
PrizePicks,Soccer,319529,Ilia Gruev,Midfielder,Leeds,Fouls,1.5,TRUE,,10/9/2026,11:30:00 PM,pre_game,EPL,demon,https://static.prizepicks.com/images/players/soccer/dr0kn3srxtg7nuw99gjoim7e1.webp,15490030,,,,,,Over,https://static.prizepicks.com/images/players/soccer/dr0kn3srxtg7nuw99gjoim7e1.webp,11:30 PM,,,,,11:30 PM,,,,,,,,,,,,,,,,,,,,,,,0,0,0,,Push
PrizePicks,Soccer,344652,Theo Julienne,Midfielder,Arsenal,Shots,1.5,TRUE,,10/9/2026,11:30:00 PM,pre_game,EPL,demon,N/A,15490034,,,,,,Over,N/A,11:30 PM,,,,,11:30 PM,,,,,,,,,,,,,,,,,,,,,,,0,0,0,,Push
PrizePicks,Soccer,337842,Ezri Konsa,Defender,Arsenal,Shots On Target,1.5,TRUE,,10/9/2026,11:30:00 PM,pre_game,EPL,demon,https://static.prizepicks.com/images/manual/Ezri Konsa.png,15490037,,,,,,Over,https://static.prizepicks.com/images/manual/Ezri Konsa.png,11:30 PM,England,-1.7,2.6,,11:30 PM,,,,,,,,,,,,,,,,,,,,,,,0,0,0,,Push
PrizePicks,Soccer,319571,Piero Hincapié,Defender,Arsenal,Shots,1.5,TRUE,,10/9/2026,11:30:00 PM,pre_game,EPL,demon,https://static.prizepicks.com/images/manual/Piero Hincapié.png,15490043,,,,,,Over,https://static.prizepicks.com/images/manual/Piero Hincapié.png,11:30 PM,Ecuador,-2.4,3.3,Ecuador vs Curacao,11:30 PM,,Kansas City Stadium,,,,,,,,,,,,,,,,,,,,,0,0,0,,Push
PrizePicks,Soccer,319192,Mikel Merino,Midfielder,Arsenal,Shots On Target,1.5,TRUE,,10/9/2026,11:30:00 PM,pre_game,EPL,demon,https://static.prizepicks.com/images/players/soccer/atigcsq78g14w82lwvay26aj9.webp,15490049,0.5,50.66,49.34,-2.83,50.66,Over,https://static.prizepicks.com/images/players/soccer/atigcsq78g14w82lwvay26aj9.webp,11:30 PM,Spain,-2.5,3.3,,11:30 PM,,,,,,,,0.50,,,,,,,,50.396,49.604,50.4,,,,,0.5,0.5,0.5,,Push
PrizePicks,Soccer,319531,James Justin,Defender,Leeds,Fouls,1.5,TRUE,,10/9/2026,11:30:00 PM,pre_game,EPL,demon,https://static.prizepicks.com/images/players/soccer/SCR_team_BXAQ6h7d56jpaUvyZKqAxtLW_6icypdqtfk2k81ax0i49j5xpl.webp,15490050,,,,,,Over,https://static.prizepicks.com/images/players/soccer/SCR_team_BXAQ6h7d56jpaUvyZKqAxtLW_6icypdqtfk2k81ax0i49j5xpl.webp,11:30 PM,,,,,11:30 PM,,,,,,,,,,,,,,,,,,,,,,,0,0,0,,Push
PrizePicks,Soccer,340821,Jean-Mattéo Bahoya,Attacker,Leeds,Fouls,1.5,TRUE,,10/9/2026,11:30:00 PM,pre_game,EPL,demon,https://static.prizepicks.com/images/manual/791bafe25a9d9e1c.webp,15490055,,,,,,Over,https://static.prizepicks.com/images/manual/791bafe25a9d9e1c.webp,11:30 PM,,,,,11:30 PM,,,,,,,,,,,,,,,,,,,,,,,0,0,0,,Push
PrizePicks,Soccer,319493,Martín Zubimendi,Midfielder,Arsenal,Shots On Target,1.5,TRUE,,10/9/2026,11:30:00 PM,pre_game,EPL,demon,https://static.prizepicks.com/images/players/soccer/80aqmv4ht6rs1812qrr5j8kix.webp,15490056,,,,,,Over,https://static.prizepicks.com/images/players/soccer/80aqmv4ht6rs1812qrr5j8kix.webp,11:30 PM,,,,,11:30 PM,,,,,,,,,,,,,,,,,,,,,,,0,0,0,,Push
PrizePicks,Soccer,319571,Piero Hincapié,Defender,Arsenal,Fouls,1.5,TRUE,,10/9/2026,11:30:00 PM,pre_game,EPL,demon,https://static.prizepicks.com/images/manual/Piero Hincapié.png,15490060,,,,,,Over,https://static.prizepicks.com/images/manual/Piero Hincapié.png,11:30 PM,Ecuador,-2.4,3.3,Ecuador vs Curacao,11:30 PM,,Kansas City Stadium,,,,,,,,,,,,,,,,,,,,,0,0,0,,Push
PrizePicks,Soccer,319489,Jurriën Timber,Defender,Arsenal,Shots,1.5,TRUE,,10/9/2026,11:30:00 PM,pre_game,EPL,demon,https://static.prizepicks.com/images/players/soccer/aqlakf0mo95rlktf6xdbaegh5.webp,15490064,,,,,,Over,https://static.prizepicks.com/images/players/soccer/aqlakf0mo95rlktf6xdbaegh5.webp,11:30 PM,,,,,11:30 PM,,,,,,,,,,,,,,,,,,,,,,,0,0,0,,Push
PrizePicks,Soccer,336242,Nico Elvedi,Defender,Leeds,Fouls,1.5,TRUE,,10/9/2026,11:30:00 PM,pre_game,EPL,demon,https://static.prizepicks.com/images/manual/Nico Elvedi.png,15490065,,,,,,Over,https://static.prizepicks.com/images/manual/Nico Elvedi.png,11:30 PM,Switzerland,-0.6,2.5,,11:30 PM,,,,,,,,,,,,,,,,,,,,,,,0,0,0,,Push
PrizePicks,Soccer,319426,Sean Longstaff,Midfielder,Leeds,Shots On Target,1.5,TRUE,,10/9/2026,11:30:00 PM,pre_game,EPL,demon,https://static.prizepicks.com/images/players/soccer/9pv566tidfz21e00y4t0mbap5.webp,15490066,,,,,,Over,https://static.prizepicks.com/images/players/soccer/9pv566tidfz21e00y4t0mbap5.webp,11:30 PM,,,,,11:30 PM,,,,,,,,,,,,,,,,,,,,,,,0,0,0,,Push
PrizePicks,Soccer,319489,Jurriën Timber,Defender,Arsenal,Shots On Target,1.5,TRUE,,10/9/2026,11:30:00 PM,pre_game,EPL,demon,https://static.prizepicks.com/images/players/soccer/aqlakf0mo95rlktf6xdbaegh5.webp,15490069,,#NUM!,#NUM!,,,Over,https://static.prizepicks.com/images/players/soccer/aqlakf0mo95rlktf6xdbaegh5.webp,11:30 PM,,,,,11:30 PM,,,,,,,,,,,,,,,,,,,,,,,0,0,0,,Push
PrizePicks,Soccer,319528,Gabriel Gudmundsson,Defender,Leeds,Fouls,1.5,TRUE,,10/9/2026,11:30:00 PM,pre_game,EPL,demon,https://static.prizepicks.com/images/players/soccer/fij46jr9fq43444gr1y8tl9l.webp,15490076,,,,,,Over,https://static.prizepicks.com/images/players/soccer/fij46jr9fq43444gr1y8tl9l.webp,11:30 PM,Netherlands,-0.8,2.6,,11:30 PM,,,,,,,,,,,,,,,,,,,,,,,0,0,0,,Push
PrizePicks,Soccer,319421,Dominic Calvert-Lewin,Attacker,Leeds,Tackles,1.5,TRUE,,10/9/2026,11:30:00 PM,pre_game,EPL,demon,https://static.prizepicks.com/images/players/soccer/374kcix9j7e1cob4uxmfncwyd.webp,15490080,,,,,,Over,https://static.prizepicks.com/images/players/soccer/374kcix9j7e1cob4uxmfncwyd.webp,11:30 PM,,,,,11:30 PM,,,,,,,,,,,,,,,,,,,,,,,0,0,0,,Push
PrizePicks,Soccer,319190,Marli Salmon,Defender,Arsenal,Shots On Target,1.5,TRUE,,10/9/2026,11:30:00 PM,pre_game,EPL,demon,https://static.prizepicks.com/images/manual/Marli Salmon.png,15490083,,,,,,Over,https://static.prizepicks.com/images/manual/Marli Salmon.png,11:30 PM,,,,,11:30 PM,,,,,,,,,,,,,,,,,,,,,,,0,0,0,,Push
PrizePicks,Soccer,319531,James Justin,Defender,Leeds,Shots On Target,1.5,TRUE,,10/9/2026,11:30:00 PM,pre_game,EPL,demon,https://static.prizepicks.com/images/players/soccer/SCR_team_BXAQ6h7d56jpaUvyZKqAxtLW_6icypdqtfk2k81ax0i49j5xpl.webp,15490091,,,,,,Over,https://static.prizepicks.com/images/players/soccer/SCR_team_BXAQ6h7d56jpaUvyZKqAxtLW_6icypdqtfk2k81ax0i49j5xpl.webp,11:30 PM,,,,,11:30 PM,,,,,,,,,,,,,,,,,,,,,,,0,0,0,,Push
PrizePicks,Soccer,319420,Daniel James,Attacker,Leeds,Tackles,1.5,TRUE,,10/9/2026,11:30:00 PM,pre_game,EPL,demon,https://static.prizepicks.com/images/players/soccer/dkwkmrmpb7rq4e660efcu5hat.webp,15490096,,,,,,Over,https://static.prizepicks.com/images/players/soccer/dkwkmrmpb7rq4e660efcu5hat.webp,11:30 PM,,,,,11:30 PM,,,,,,,,,,,,,,,,,,,,,,,0,0,0,,Push
PrizePicks,Soccer,319310,Ao Tanaka,Midfielder,Leeds,Fouls,1.5,TRUE,,10/9/2026,11:30:00 PM,pre_game,EPL,demon,https://static.prizepicks.com/images/players/soccer/28ucbvor6b0yxreoieehudfc9.webp,15490098,1.5,48.033,51.967,,,Over,https://static.prizepicks.com/images/players/soccer/28ucbvor6b0yxreoieehudfc9.webp,11:30 PM,Tunisia,1.1,2.5,,11:30 PM,,,,,,,,1.50,,,,,,,,48.033,51.967,48.0,,,,,1.5,1.5,1.5,1.5,Push
PrizePicks,Soccer,319493,Martín Zubimendi,Midfielder,Arsenal,Shots,1.5,TRUE,,10/9/2026,11:30:00 PM,pre_game,EPL,demon,https://static.prizepicks.com/images/players/soccer/80aqmv4ht6rs1812qrr5j8kix.webp,15490099,,,,,,Over,https://static.prizepicks.com/images/players/soccer/80aqmv4ht6rs1812qrr5j8kix.webp,11:30 PM,,,,,11:30 PM,,,,,,,,,,,,,,,,,,,,,,,0,0,0,,Push
PrizePicks,Soccer,319486,Gabriel Magalhães,Defender,Arsenal,Shots,1.5,TRUE,,10/9/2026,11:30:00 PM,pre_game,EPL,demon,https://static.prizepicks.com/images/manual/gabriel.png,15490100,,,,,,Over,https://static.prizepicks.com/images/manual/gabriel.png,11:30 PM,,,,,11:30 PM,,,,,,,,,,,,,,,,,,,,,,,0,0,0,,Push
PrizePicks,Soccer,334932,Bruno Guimarães,Midfielder,Arsenal,Fouls,1.5,TRUE,,10/9/2026,11:30:00 PM,pre_game,EPL,demon,https://static.prizepicks.com/images/manual/Bruno Guimarães.png,15490103,1.5,49.627,50.373,,,Over,https://static.prizepicks.com/images/manual/Bruno Guimarães.png,11:30 PM,Brazil,-2.5,3.4,Brazil vs Haiti,11:30 PM,,Philadelphia Stadium,,,,,,1.50,,,,,,,,49.627,50.373,49.6,,,,,1.5,1.5,1.5,1.5,Push
PrizePicks,Soccer,319315,Ethan Ampadu,Midfielder,Leeds,Shots,1.5,TRUE,,10/9/2026,11:30:00 PM,pre_game,EPL,demon,https://static.prizepicks.com/images/players/soccer/f1ma05bi3t1hfbflylx5d9tyh.webp,15490105,,,,,,Over,https://static.prizepicks.com/images/players/soccer/f1ma05bi3t1hfbflylx5d9tyh.webp,11:30 PM,,,,,11:30 PM,,,,,,,,,,,,,,,,,,,,,,,0,0,0,,Push
PrizePicks,Soccer,319426,Sean Longstaff,Midfielder,Leeds,Fouls,1.5,TRUE,,10/9/2026,11:30:00 PM,pre_game,EPL,demon,https://static.prizepicks.com/images/players/soccer/9pv566tidfz21e00y4t0mbap5.webp,15490123,,,,,,Over,https://static.prizepicks.com/images/players/soccer/9pv566tidfz21e00y4t0mbap5.webp,11:30 PM,,,,,11:30 PM,,,,,,,,,,,,,,,,,,,,,,,0,0,0,,Push
PrizePicks,Soccer,319530,Jaka Bijol,Defender,Leeds,Fouls,1.5,TRUE,,10/9/2026,11:30:00 PM,pre_game,EPL,demon,https://static.prizepicks.com/images/players/soccer/ah0f7tonnst92d8q91j1wll62.webp,15490127,,,,,,Over,https://static.prizepicks.com/images/players/soccer/ah0f7tonnst92d8q91j1wll62.webp,11:30 PM,,,,,11:30 PM,,,,,,,,,,,,,,,,,,,,,,,0,0,0,,Push
PrizePicks,Soccer,319486,Gabriel Magalhães,Defender,Arsenal,Tackles,1.5,TRUE,,10/9/2026,11:30:00 PM,pre_game,EPL,demon,https://static.prizepicks.com/images/manual/gabriel.png,15490129,,,,,,Over,https://static.prizepicks.com/images/manual/gabriel.png,11:30 PM,,,,,11:30 PM,,,,,,,,,,,,,,,,,,,,,,,0,0,0,,Push
PrizePicks,Soccer,319312,Brenden Aaronson,Midfielder,Leeds,Shots,1.5,TRUE,,10/9/2026,11:30:00 PM,pre_game,EPL,demon,https://static.prizepicks.com/images/players/soccer/8rrcscn29rs1gk8mi1pwpu92i.webp,15490131,,,,,,Over,https://static.prizepicks.com/images/players/soccer/8rrcscn29rs1gk8mi1pwpu92i.webp,11:30 PM,,,,,11:30 PM,,,,,,,,,,,,,,,,,,,,,,,0,0,0,,Push
PrizePicks,Soccer,334163,Ben White,Defender,Arsenal,Shots,1.5,TRUE,,10/9/2026,11:30:00 PM,pre_game,EPL,demon,https://static.prizepicks.com/images/players/soccer/cnmlhoum9aahwqruxgmz2gcfd.webp,15490132,,,,,,Over,https://static.prizepicks.com/images/players/soccer/cnmlhoum9aahwqruxgmz2gcfd.webp,11:30 PM,,,,,11:30 PM,,,,,,,,,,,,,,,,,,,,,,,0,0,0,,Push
PrizePicks,Soccer,319309,Anton Stach,Midfielder,Leeds,Shots On Target,1.5,TRUE,,10/9/2026,11:30:00 PM,pre_game,EPL,demon,https://static.prizepicks.com/images/players/soccer/az7owi5t4bclkamjsjuyxzv1l.webp,15490138,,,,,,Over,https://static.prizepicks.com/images/players/soccer/az7owi5t4bclkamjsjuyxzv1l.webp,11:30 PM,,,,,11:30 PM,,,,,,,,,,,,,,,,,,,,,,,0,0,0,,Push
PrizePicks,Soccer,319571,Piero Hincapié,Defender,Arsenal,Shots On Target,1.5,TRUE,,10/9/2026,11:30:00 PM,pre_game,EPL,demon,https://static.prizepicks.com/images/manual/Piero Hincapié.png,15490144,,#NUM!,#NUM!,,,Over,https://static.prizepicks.com/images/manual/Piero Hincapié.png,11:30 PM,Ecuador,-2.4,3.3,Ecuador vs Curacao,11:30 PM,,Kansas City Stadium,,,,,,,,,,,,,,,,,,,,,0,0,0,,Push
PrizePicks,Soccer,319191,Max Dowman,Midfielder,Arsenal,Tackles,1.5,TRUE,,10/9/2026,11:30:00 PM,pre_game,EPL,demon,https://static.prizepicks.com/images/manual/Max Dowman.png,15490145,,,,,,Over,https://static.prizepicks.com/images/manual/Max Dowman.png,11:30 PM,,,,,11:30 PM,,,,,,,,,,,,,,,,,,,,,,,0,0,0,,Push
PrizePicks,Soccer,319425,Lukas Nmecha,Attacker,Leeds,Tackles,1.5,TRUE,,10/9/2026,11:30:00 PM,pre_game,EPL,demon,https://static.prizepicks.com/images/players/soccer/embn1jhcly07i6pjcvcdiavo5.webp,15490150,,,,,,Over,https://static.prizepicks.com/images/players/soccer/embn1jhcly07i6pjcvcdiavo5.webp,11:30 PM,,,,,11:30 PM,,,,,,,,,,,,,,,,,,,,,,,0,0,0,,Push
PrizePicks,Soccer,319481,Declan Rice,Midfielder,Arsenal,Fouls,1.5,TRUE,,10/9/2026,11:30:00 PM,pre_game,EPL,demon,https://static.prizepicks.com/images/players/soccer/6jgocc12bori2wygyu07c082x.webp,15490151,,,,,,Over,https://static.prizepicks.com/images/players/soccer/6jgocc12bori2wygyu07c082x.webp,11:30 PM,England,-1.7,2.6,,11:30 PM,,,,,,,,,,,,,,,,,,,,,,,0,0,0,,Push
PrizePicks,Soccer,319310,Ao Tanaka,Midfielder,Leeds,Shots,1.5,TRUE,,10/9/2026,11:30:00 PM,pre_game,EPL,demon,https://static.prizepicks.com/images/players/soccer/28ucbvor6b0yxreoieehudfc9.webp,15490168,,,,,,Over,https://static.prizepicks.com/images/players/soccer/28ucbvor6b0yxreoieehudfc9.webp,11:30 PM,Tunisia,1.1,2.5,,11:30 PM,,,,,,,,,,,,,,,,,,,,,,,0,0,0,,Push
PrizePicks,Soccer,319425,Lukas Nmecha,Attacker,Leeds,Fouls,1.5,TRUE,,10/9/2026,11:30:00 PM,pre_game,EPL,demon,https://static.prizepicks.com/images/players/soccer/embn1jhcly07i6pjcvcdiavo5.webp,15490173,,,,,,Over,https://static.prizepicks.com/images/players/soccer/embn1jhcly07i6pjcvcdiavo5.webp,11:30 PM,,,,,11:30 PM,,,,,,,,,,,,,,,,,,,,,,,0,0,0,,Push
PrizePicks,Soccer,344651,Ife Ibrahim,Midfielder,Arsenal,Shots,1.5,TRUE,,10/9/2026,11:30:00 PM,pre_game,EPL,demon,N/A,15490177,,,,,,Over,N/A,11:30 PM,,,,,11:30 PM,,,,,,,,,,,,,,,,,,,,,,,0,0,0,,Push
PrizePicks,Soccer,319423,Jayden Bogle,Defender,Leeds,Shots,1.5,TRUE,,10/9/2026,11:30:00 PM,pre_game,EPL,demon,https://static.prizepicks.com/images/players/soccer/dwumn5qew7ae53givnx2p892h.webp,15508980,,,,,,Over,https://static.prizepicks.com/images/players/soccer/dwumn5qew7ae53givnx2p892h.webp,11:30 PM,,,,,11:30 PM,,,,,,,,,,,,,,,,,,,,,,,0,0,0,,Push
PrizePicks,Soccer,334455,Tarik Muharemovic,Defender,Leeds,Shots,1.5,TRUE,,10/9/2026,11:30:00 PM,pre_game,EPL,demon,https://static.prizepicks.com/images/manual/Tarik Muharemovic.png,15508985,,,,,,Over,https://static.prizepicks.com/images/manual/Tarik Muharemovic.png,11:30 PM,,,,,11:30 PM,,,,,,,,,,,,,,,,,,,,,,,0,0,0,,Push
PrizePicks,Soccer,319481,Declan Rice,Midfielder,Arsenal,Shots On Target,1.5,TRUE,,10/9/2026,11:30:00 PM,pre_game,EPL,demon,https://static.prizepicks.com/images/players/soccer/6jgocc12bori2wygyu07c082x.webp,15514040,,#NUM!,#NUM!,,,Over,https://static.prizepicks.com/images/players/soccer/6jgocc12bori2wygyu07c082x.webp,11:30 PM,England,-1.7,2.6,,11:30 PM,,,,,,,,,,,,,,,,,,,,,,,0,0,0,,Push
PrizePicks,Soccer,319195,Riccardo Calafiori,Defender,Arsenal,Shots On Target,1.5,TRUE,,10/9/2026,11:30:00 PM,pre_game,EPL,demon,https://static.prizepicks.com/images/players/soccer/dhs8pujk55ewcis7y5alchu22.webp,15514049,,#NUM!,#NUM!,,,Over,https://static.prizepicks.com/images/players/soccer/dhs8pujk55ewcis7y5alchu22.webp,11:30 PM,,,,,11:30 PM,,,,,,,,,,,,,,,,,,,,,,,0,0,0,,Push
PrizePicks,Soccer,334165,Christos Tzolis,Attacker,Arsenal,Shots On Target,1.5,TRUE,,10/9/2026,11:30:00 PM,pre_game,EPL,demon,https://static.prizepicks.com/images/manual/Christos Tzolis.png,15519158,,,,,,Over,https://static.prizepicks.com/images/manual/Christos Tzolis.png,11:30 PM,,,,,11:30 PM,,,,,,,,,,,,,,,,,,,,,,,0,0,0,,Push
PrizePicks,Soccer,334165,Christos Tzolis,Attacker,Arsenal,Fouls,1.5,TRUE,,10/9/2026,11:30:00 PM,pre_game,EPL,demon,https://static.prizepicks.com/images/manual/Christos Tzolis.png,15519176,,,,,,Over,https://static.prizepicks.com/images/manual/Christos Tzolis.png,11:30 PM,,,,,11:30 PM,,,,,,,,,,,,,,,,,,,,,,,0,0,0,,Push
PrizePicks,Soccer,319183,Cristhian Mosquera,Defender,Arsenal,Fouls,1.5,TRUE,,10/9/2026,11:30:00 PM,pre_game,EPL,demon,https://static.prizepicks.com/images/players/soccer/6o76owze8y78ue9sb49g8kyz8.webp,15519178,,,,,,Over,https://static.prizepicks.com/images/players/soccer/6o76owze8y78ue9sb49g8kyz8.webp,11:30 PM,,,,,11:30 PM,,,,,,,,,,,,,,,,,,,,,,,0,0,0,,Push
PrizePicks,Soccer,319189,Kai Havertz,Attacker,Arsenal,Fouls,1.5,TRUE,,10/9/2026,11:30:00 PM,pre_game,EPL,demon,https://static.prizepicks.com/images/manual/KaiHavertz.webp,15519179,,,,,,Over,https://static.prizepicks.com/images/manual/KaiHavertz.webp,11:30 PM,Germany,-1.2,2.6,Germany vs Ivory Coast,11:30 PM,,Toronto Stadium,,,,,,,,,,,,,,,,,,,,,0,0,0,,Push
PrizePicks,Soccer,319493,Martín Zubimendi,Midfielder,Arsenal,Fouls,1.5,TRUE,,10/9/2026,11:30:00 PM,pre_game,EPL,demon,https://static.prizepicks.com/images/players/soccer/80aqmv4ht6rs1812qrr5j8kix.webp,15519450,,,,,,Over,https://static.prizepicks.com/images/players/soccer/80aqmv4ht6rs1812qrr5j8kix.webp,11:30 PM,,,,,11:30 PM,,,,,,,,,,,,,,,,,,,,,,,0,0,0,,Push
PrizePicks,Soccer,319494,Viktor Gyökeres,Attacker,Arsenal,Fouls,1.5,TRUE,,10/9/2026,11:30:00 PM,pre_game,EPL,demon,https://static.prizepicks.com/images/manual/ViktorGyökeres.webp,15519451,,,,,,Over,https://static.prizepicks.com/images/manual/ViktorGyökeres.webp,11:30 PM,Netherlands,-0.8,2.6,Netherlands vs Sweden,11:30 PM,,Houston Stadium,,,,,,,,,,,,,,,,,,,,,0,0,0,,Push
PrizePicks,Soccer,319193,Myles Lewis-Skelly,Defender,Arsenal,Fouls,1.5,TRUE,,10/9/2026,11:30:00 PM,pre_game,EPL,demon,https://static.prizepicks.com/images/players/soccer/azt1lhru9cgyb64h4h4fffrx0.webp,15521491,,,,,,Over,https://static.prizepicks.com/images/players/soccer/azt1lhru9cgyb64h4h4fffrx0.webp,11:30 PM,,,,,11:30 PM,,,,,,,,,,,,,,,,,,,,,,,0,0,0,,Push
PrizePicks,Soccer,334165,Christos Tzolis,Attacker,Arsenal,Tackles,1.5,TRUE,,10/9/2026,11:30:00 PM,pre_game,EPL,demon,https://static.prizepicks.com/images/manual/Christos Tzolis.png,15525987,,,,,,Over,https://static.prizepicks.com/images/manual/Christos Tzolis.png,11:30 PM,,,,,11:30 PM,,,,,,,,,,,,,,,,,,,,,,,0,0,0,,Push
PrizePicks,Soccer,319312,Brenden Aaronson,Midfielder,Leeds,Goals,0.5,TRUE,,10/9/2026,11:30:00 PM,pre_game,EPL,demon,https://static.prizepicks.com/images/players/soccer/8rrcscn29rs1gk8mi1pwpu92i.webp,15407570,,,,,,Over,https://static.prizepicks.com/images/players/soccer/8rrcscn29rs1gk8mi1pwpu92i.webp,11:30 PM,,,,,11:30 PM,,,,,,,,,,,,,,,,,,,,,,,0,0,0,,Push
PrizePicks,Soccer,334932,Bruno Guimarães,Midfielder,Arsenal,Goals,0.5,TRUE,,10/9/2026,11:30:00 PM,pre_game,EPL,demon,https://static.prizepicks.com/images/manual/Bruno Guimarães.png,15407571,0.5,15.841,84.159,,,Over,https://static.prizepicks.com/images/manual/Bruno Guimarães.png,11:30 PM,Brazil,-2.5,3.4,Brazil vs Haiti,11:30 PM,,Philadelphia Stadium,,,,,,0.50,,,,,,,,15.841,84.159,15.8,,,,,0.5,0.5,0.5,0.5,Push
PrizePicks,Soccer,319183,Cristhian Mosquera,Defender,Arsenal,Goals,0.5,TRUE,,10/9/2026,11:30:00 PM,pre_game,EPL,demon,https://static.prizepicks.com/images/players/soccer/6o76owze8y78ue9sb49g8kyz8.webp,15407572,,#NUM!,#NUM!,,,Over,https://static.prizepicks.com/images/players/soccer/6o76owze8y78ue9sb49g8kyz8.webp,11:30 PM,,,,,11:30 PM,,,,,,,,,,,,,,,,,,,,,,,0,0,0,,Push
PrizePicks,Soccer,319421,Dominic Calvert-Lewin,Attacker,Leeds,Goals,0.5,TRUE,,10/9/2026,11:30:00 PM,pre_game,EPL,demon,https://static.prizepicks.com/images/players/soccer/374kcix9j7e1cob4uxmfncwyd.webp,15407574,0.5,27.34,72.66,,,Over,https://static.prizepicks.com/images/players/soccer/374kcix9j7e1cob4uxmfncwyd.webp,11:30 PM,,,,,11:30 PM,,,,,,,,0.50,,,,,,,,27.34,72.66,27.3,,,,,0.5,0.5,0.5,0.5,Push
PrizePicks,Soccer,319189,Kai Havertz,Attacker,Arsenal,Goals,0.5,TRUE,,10/9/2026,11:30:00 PM,pre_game,EPL,demon,https://static.prizepicks.com/images/manual/KaiHavertz.webp,15407575,,,,,,Over,https://static.prizepicks.com/images/manual/KaiHavertz.webp,11:30 PM,Germany,-1.2,2.6,Germany vs Ivory Coast,11:30 PM,,Toronto Stadium,,,,,,,,,,,,,,,,,,,,,0,0,0,,Push
PrizePicks,Soccer,319492,Martin Ødegaard,Midfielder,Arsenal,Goals,0.5,TRUE,,10/9/2026,11:30:00 PM,pre_game,EPL,demon,https://static.prizepicks.com/images/manual/odegaard.png,15407576,,#NUM!,#NUM!,,,Over,https://static.prizepicks.com/images/manual/odegaard.png,11:30 PM,,,,,11:30 PM,,,,,,,,,,,,,,,,,,,,,,,0,0,0,,Push
PrizePicks,Soccer,319192,Mikel Merino,Midfielder,Arsenal,Goals,0.5,TRUE,,10/9/2026,11:30:00 PM,pre_game,EPL,demon,https://static.prizepicks.com/images/players/soccer/atigcsq78g14w82lwvay26aj9.webp,15407577,,#NUM!,#NUM!,,,Over,https://static.prizepicks.com/images/players/soccer/atigcsq78g14w82lwvay26aj9.webp,11:30 PM,Spain,-2.5,3.3,,11:30 PM,,,,,,,,,,,,,,,,,,,,,,,0,0,0,,Push
PrizePicks,Soccer,319489,Jurriën Timber,Defender,Arsenal,Goals,0.5,TRUE,,10/9/2026,11:30:00 PM,pre_game,EPL,demon,https://static.prizepicks.com/images/players/soccer/aqlakf0mo95rlktf6xdbaegh5.webp,15407579,0.5,10.566,89.434,,,Over,https://static.prizepicks.com/images/players/soccer/aqlakf0mo95rlktf6xdbaegh5.webp,11:30 PM,,,,,11:30 PM,,,,,,,,0.50,,,,,,,,10.566,89.434,10.6,,,,,0.5,0.5,0.5,0.5,Push
PrizePicks,Soccer,319494,Viktor Gyökeres,Attacker,Arsenal,Goals,0.5,TRUE,,10/9/2026,11:30:00 PM,pre_game,EPL,demon,https://static.prizepicks.com/images/manual/ViktorGyökeres.webp,15407580,0.5,48.31,51.69,-5.21,51.69,Over,https://static.prizepicks.com/images/manual/ViktorGyökeres.webp,11:30 PM,Netherlands,-0.8,2.6,Netherlands vs Sweden,11:30 PM,,Houston Stadium,,,,,,0.50,,,,,,,,48.31,51.69,48.3,,,,,0.5,0.5,0.5,0.5,Push
PrizePicks,Soccer,319380,Noah Okafor,Attacker,Leeds,Goals,0.5,TRUE,,10/9/2026,11:30:00 PM,pre_game,EPL,demon,https://static.prizepicks.com/images/players/soccer/SCR_team_BXAQ6h7d56jpaUvyZKqAxtLW_aqlu9i7yzmnmyzwuw6u93j6y1.webp,15407581,0.5,23.014,76.986,,,Over,https://static.prizepicks.com/images/players/soccer/SCR_team_BXAQ6h7d56jpaUvyZKqAxtLW_aqlu9i7yzmnmyzwuw6u93j6y1.webp,11:30 PM,Switzerland,-0.6,2.5,,11:30 PM,,,,,,,,0.50,,,,,,,,23.014,76.986,23.0,,,,,0.5,0.5,0.5,0.5,Push
PrizePicks,Soccer,319191,Max Dowman,Midfielder,Arsenal,Goals,0.5,TRUE,,10/9/2026,11:30:00 PM,pre_game,EPL,demon,https://static.prizepicks.com/images/manual/Max Dowman.png,15407583,,#NUM!,#NUM!,,,Over,https://static.prizepicks.com/images/manual/Max Dowman.png,11:30 PM,,,,,11:30 PM,,,,,,,,,,,,,,,,,,,,,,,0,0,0,,Push
PrizePicks,Soccer,319310,Ao Tanaka,Midfielder,Leeds,Goals,0.5,TRUE,,10/9/2026,11:30:00 PM,pre_game,EPL,demon,https://static.prizepicks.com/images/players/soccer/28ucbvor6b0yxreoieehudfc9.webp,15407584,,,,,,Over,https://static.prizepicks.com/images/players/soccer/28ucbvor6b0yxreoieehudfc9.webp,11:30 PM,Tunisia,1.1,2.5,,11:30 PM,,,,,,,,,,,,,,,,,,,,,,,0,0,0,,Push
PrizePicks,Soccer,319425,Lukas Nmecha,Attacker,Leeds,Goals,0.5,TRUE,,10/9/2026,11:30:00 PM,pre_game,EPL,demon,https://static.prizepicks.com/images/players/soccer/embn1jhcly07i6pjcvcdiavo5.webp,15407612,,,,,,Over,https://static.prizepicks.com/images/players/soccer/embn1jhcly07i6pjcvcdiavo5.webp,11:30 PM,,,,,11:30 PM,,,,,,,,,,,,,,,,,,,,,,,0,0,0,,Push
PrizePicks,Soccer,319571,Piero Hincapié,Defender,Arsenal,Goals,0.5,TRUE,,10/9/2026,11:30:00 PM,pre_game,EPL,demon,https://static.prizepicks.com/images/manual/Piero Hincapié.png,15408715,,#NUM!,#NUM!,,,Over,https://static.prizepicks.com/images/manual/Piero Hincapié.png,11:30 PM,Ecuador,-2.4,3.3,Ecuador vs Curacao,11:30 PM,,Kansas City Stadium,,,,,,,,,,,,,,,,,,,,,0,0,0,,Push
PrizePicks,Soccer,319426,Sean Longstaff,Midfielder,Leeds,Goals,0.5,TRUE,,10/9/2026,11:30:00 PM,pre_game,EPL,demon,https://static.prizepicks.com/images/players/soccer/9pv566tidfz21e00y4t0mbap5.webp,15408716,,,,,,Over,https://static.prizepicks.com/images/players/soccer/9pv566tidfz21e00y4t0mbap5.webp,11:30 PM,,,,,11:30 PM,,,,,,,,,,,,,,,,,,,,,,,0,0,0,,Push
PrizePicks,Soccer,319309,Anton Stach,Midfielder,Leeds,Goals,0.5,TRUE,,10/9/2026,11:30:00 PM,pre_game,EPL,demon,https://static.prizepicks.com/images/players/soccer/az7owi5t4bclkamjsjuyxzv1l.webp,15408718,0.5,14.324,85.676,,,Over,https://static.prizepicks.com/images/players/soccer/az7owi5t4bclkamjsjuyxzv1l.webp,11:30 PM,,,,,11:30 PM,,,,,,,,0.50,,,,,,,,14.324,85.676,14.3,,,,,0.5,0.5,0.5,0.5,Push
PrizePicks,Soccer,319182,Noni Madueke,Attacker,Arsenal,Goals,0.5,TRUE,,10/9/2026,11:30:00 PM,pre_game,EPL,demon,https://static.prizepicks.com/images/manual/NoniMadueke.webp,15408719,,#NUM!,#NUM!,,,Over,https://static.prizepicks.com/images/manual/NoniMadueke.webp,11:30 PM,England,-1.7,2.6,,11:30 PM,,,,,,,,,,,,,,,,,,,,,,,0,0,0,,Push
PrizePicks,Soccer,334165,Christos Tzolis,Attacker,Arsenal,Goals,0.5,TRUE,,10/9/2026,11:30:00 PM,pre_game,EPL,demon,https://static.prizepicks.com/images/manual/Christos Tzolis.png,15408720,0.5,33.242,66.758,,,Over,https://static.prizepicks.com/images/manual/Christos Tzolis.png,11:30 PM,,,,,11:30 PM,,,,,,,,0.50,,,,,,,,33.242,66.758,33.2,,,,,0.5,0.5,0.5,0.5,Push
PrizePicks,Soccer,319195,Riccardo Calafiori,Defender,Arsenal,Goals,0.5,TRUE,,10/9/2026,11:30:00 PM,pre_game,EPL,demon,https://static.prizepicks.com/images/players/soccer/dhs8pujk55ewcis7y5alchu22.webp,15408721,0.5,13.652,86.348,,,Over,https://static.prizepicks.com/images/players/soccer/dhs8pujk55ewcis7y5alchu22.webp,11:30 PM,,,,,11:30 PM,,,,,,,,0.50,,,,,,,,13.652,86.348,13.7,,,,,0.5,0.5,0.5,0.5,Push
PrizePicks,Soccer,319486,Gabriel Magalhães,Defender,Arsenal,Goals,0.5,TRUE,,10/9/2026,11:30:00 PM,pre_game,EPL,demon,https://static.prizepicks.com/images/manual/gabriel.png,15408725,0.5,12.57,87.43,,,Over,https://static.prizepicks.com/images/manual/gabriel.png,11:30 PM,,,,,11:30 PM,,,,,,,,0.50,,,,,,,,12.57,87.43,12.6,,,,,0.5,0.5,0.5,0.5,Push
PrizePicks,Soccer,344652,Theo Julienne,Midfielder,Arsenal,Goals,0.5,TRUE,,10/9/2026,11:30:00 PM,pre_game,EPL,demon,N/A,15408726,,,,,,Over,N/A,11:30 PM,,,,,11:30 PM,,,,,,,,,,,,,,,,,,,,,,,0,0,0,,Push
PrizePicks,Soccer,319493,Martín Zubimendi,Midfielder,Arsenal,Goals,0.5,TRUE,,10/9/2026,11:30:00 PM,pre_game,EPL,demon,https://static.prizepicks.com/images/players/soccer/80aqmv4ht6rs1812qrr5j8kix.webp,15408727,,,,,,Over,https://static.prizepicks.com/images/players/soccer/80aqmv4ht6rs1812qrr5j8kix.webp,11:30 PM,,,,,11:30 PM,,,,,,,,,,,,,,,,,,,,,,,0,0,0,,Push
PrizePicks,Soccer,319193,Myles Lewis-Skelly,Defender,Arsenal,Goals,0.5,TRUE,,10/9/2026,11:30:00 PM,pre_game,EPL,demon,https://static.prizepicks.com/images/players/soccer/azt1lhru9cgyb64h4h4fffrx0.webp,15408729,,#NUM!,#NUM!,,,Over,https://static.prizepicks.com/images/players/soccer/azt1lhru9cgyb64h4h4fffrx0.webp,11:30 PM,,,,,11:30 PM,,,,,,,,,,,,,,,,,,,,,,,0,0,0,,Push
PrizePicks,Soccer,319482,Eberechi Eze,Midfielder,Arsenal,Goals,0.5,TRUE,,10/9/2026,11:30:00 PM,pre_game,EPL,demon,https://static.prizepicks.com/images/players/soccer/4wic6z72nwmhkheme209fcmp5.webp,15408730,0.5,29.496,70.504,,,Over,https://static.prizepicks.com/images/players/soccer/4wic6z72nwmhkheme209fcmp5.webp,11:30 PM,England,-1.7,2.6,,11:30 PM,,,,,,,,0.50,,,,,,,,29.496,70.504,29.5,,,,,0.5,0.5,0.5,0.5,Push
PrizePicks,Soccer,340821,Jean-Mattéo Bahoya,Attacker,Leeds,Goals,0.5,TRUE,,10/9/2026,11:30:00 PM,pre_game,EPL,demon,https://static.prizepicks.com/images/manual/791bafe25a9d9e1c.webp,15408731,,,,,,Over,https://static.prizepicks.com/images/manual/791bafe25a9d9e1c.webp,11:30 PM,,,,,11:30 PM,,,,,,,,,,,,,,,,,,,,,,,0,0,0,,Push
PrizePicks,Soccer,337842,Ezri Konsa,Defender,Arsenal,Goals,0.5,TRUE,,10/9/2026,11:30:00 PM,pre_game,EPL,demon,https://static.prizepicks.com/images/manual/Ezri Konsa.png,15408732,,,,,,Over,https://static.prizepicks.com/images/manual/Ezri Konsa.png,11:30 PM,England,-1.7,2.6,,11:30 PM,,,,,,,,,,,,,,,,,,,,,,,0,0,0,,Push
PrizePicks,Soccer,334454,Harry Wilson,Attacker,Leeds,Goals,0.5,TRUE,,10/9/2026,11:30:00 PM,pre_game,EPL,demon,https://static.prizepicks.com/images/manual/Harry Wilson.png,15408733,,,,,,Over,https://static.prizepicks.com/images/manual/Harry Wilson.png,11:30 PM,,,,,11:30 PM,,,,,,,,,,,,,,,,,,,,,,,0,0,0,,Push
PrizePicks,Soccer,319179,Bukayo Saka,Attacker,Arsenal,Goals,0.5,TRUE,,10/9/2026,11:30:00 PM,pre_game,EPL,demon,https://static.prizepicks.com/images/manual/saka.png,15408734,0.5,39.74,60.26,-2.57,60.26,Over,https://static.prizepicks.com/images/manual/saka.png,11:30 PM,England,-1.7,2.6,,11:30 PM,,,,,,,,0.50,,,,,,,,39.74,60.26,39.7,,,,,0.5,0.5,0.5,0.5,Push
PrizePicks,Soccer,334163,Ben White,Defender,Arsenal,Goals,0.5,TRUE,,10/9/2026,11:30:00 PM,pre_game,EPL,demon,https://static.prizepicks.com/images/players/soccer/cnmlhoum9aahwqruxgmz2gcfd.webp,15408735,,#NUM!,#NUM!,,,Over,https://static.prizepicks.com/images/players/soccer/cnmlhoum9aahwqruxgmz2gcfd.webp,11:30 PM,,,,,11:30 PM,,,,,,,,,,,,,,,,,,,,,,,0,0,0,,Push
PrizePicks,Soccer,319481,Declan Rice,Midfielder,Arsenal,Goals,0.5,TRUE,,10/9/2026,11:30:00 PM,pre_game,EPL,demon,https://static.prizepicks.com/images/players/soccer/6jgocc12bori2wygyu07c082x.webp,15408736,0.5,16.336,83.664,,,Over,https://static.prizepicks.com/images/players/soccer/6jgocc12bori2wygyu07c082x.webp,11:30 PM,England,-1.7,2.6,,11:30 PM,,,,,,,,0.50,,,,,,,,16.336,83.664,16.3,,,,,0.5,0.5,0.5,0.5,Push
PrizePicks,Soccer,319312,Brenden Aaronson,Midfielder,Leeds,Shots On Target,0.5,TRUE,,10/9/2026,11:30:00 PM,pre_game,EPL,demon,https://static.prizepicks.com/images/players/soccer/8rrcscn29rs1gk8mi1pwpu92i.webp,15440579,,,,,,Over,https://static.prizepicks.com/images/players/soccer/8rrcscn29rs1gk8mi1pwpu92i.webp,11:30 PM,,,,,11:30 PM,,,,,,,,,,,,,,,,,,,,,,,0,0,0,,Push
PrizePicks,Soccer,319481,Declan Rice,Midfielder,Arsenal,Shots On Target,0.5,TRUE,,10/9/2026,11:30:00 PM,pre_game,EPL,demon,https://static.prizepicks.com/images/players/soccer/6jgocc12bori2wygyu07c082x.webp,15440580,,#NUM!,#NUM!,,,Over,https://static.prizepicks.com/images/players/soccer/6jgocc12bori2wygyu07c082x.webp,11:30 PM,England,-1.7,2.6,,11:30 PM,,,,,,,,,,,,,,,,,,,,,,,0,0,0,,Push
PrizePicks,Soccer,319489,Jurriën Timber,Defender,Arsenal,Shots On Target,0.5,TRUE,,10/9/2026,11:30:00 PM,pre_game,EPL,demon,https://static.prizepicks.com/images/players/soccer/aqlakf0mo95rlktf6xdbaegh5.webp,15440582,,#NUM!,#NUM!,,,Over,https://static.prizepicks.com/images/players/soccer/aqlakf0mo95rlktf6xdbaegh5.webp,11:30 PM,,,,,11:30 PM,,,,,,,,,,,,,,,,,,,,,,,0,0,0,,Push
PrizePicks,Soccer,319380,Noah Okafor,Attacker,Leeds,Shots On Target,0.5,TRUE,,10/9/2026,11:30:00 PM,pre_game,EPL,demon,https://static.prizepicks.com/images/players/soccer/SCR_team_BXAQ6h7d56jpaUvyZKqAxtLW_aqlu9i7yzmnmyzwuw6u93j6y1.webp,15440586,,,,,,Over,https://static.prizepicks.com/images/players/soccer/SCR_team_BXAQ6h7d56jpaUvyZKqAxtLW_aqlu9i7yzmnmyzwuw6u93j6y1.webp,11:30 PM,Switzerland,-0.6,2.5,,11:30 PM,,,,,,,,,,,,,,,,,,,,,,,0,0,0,,Push
PrizePicks,Soccer,319195,Riccardo Calafiori,Defender,Arsenal,Shots On Target,0.5,TRUE,,10/9/2026,11:30:00 PM,pre_game,EPL,demon,https://static.prizepicks.com/images/players/soccer/dhs8pujk55ewcis7y5alchu22.webp,15440587,,#NUM!,#NUM!,,,Over,https://static.prizepicks.com/images/players/soccer/dhs8pujk55ewcis7y5alchu22.webp,11:30 PM,,,,,11:30 PM,,,,,,,,,,,,,,,,,,,,,,,0,0,0,,Push
PrizePicks,Soccer,337842,Ezri Konsa,Defender,Arsenal,Shots On Target,0.5,TRUE,,10/9/2026,11:30:00 PM,pre_game,EPL,demon,https://static.prizepicks.com/images/manual/Ezri Konsa.png,15440593,,,,,,Over,https://static.prizepicks.com/images/manual/Ezri Konsa.png,11:30 PM,England,-1.7,2.6,,11:30 PM,,,,,,,,,,,,,,,,,,,,,,,0,0,0,,Push
PrizePicks,Soccer,319179,Bukayo Saka,Attacker,Arsenal,Assists,0.5,TRUE,,10/9/2026,11:30:00 PM,pre_game,EPL,demon,https://static.prizepicks.com/images/manual/saka.png,15440599,0.5,31.257,68.743,,,Over,https://static.prizepicks.com/images/manual/saka.png,11:30 PM,England,-1.7,2.6,,11:30 PM,,,,,,,,0.50,,,,,,,,31.257,68.743,31.3,,,,,0.5,0.5,0.5,0.5,Push
PrizePicks,Soccer,319182,Noni Madueke,Attacker,Arsenal,Assists,0.5,TRUE,,10/9/2026,11:30:00 PM,pre_game,EPL,demon,https://static.prizepicks.com/images/manual/NoniMadueke.webp,15440600,,,,,,Over,https://static.prizepicks.com/images/manual/NoniMadueke.webp,11:30 PM,England,-1.7,2.6,,11:30 PM,,,,,,,,,,,,,,,,,,,,,,,0,0,0,,Push
PrizePicks,Soccer,319192,Mikel Merino,Midfielder,Arsenal,Assists,0.5,TRUE,,10/9/2026,11:30:00 PM,pre_game,EPL,demon,https://static.prizepicks.com/images/players/soccer/atigcsq78g14w82lwvay26aj9.webp,15440601,,,,,,Over,https://static.prizepicks.com/images/players/soccer/atigcsq78g14w82lwvay26aj9.webp,11:30 PM,Spain,-2.5,3.3,,11:30 PM,,,,,,,,,,,,,,,,,,,,,,,0,0,0,,Push
PrizePicks,Soccer,334932,Bruno Guimarães,Midfielder,Arsenal,Assists,0.5,TRUE,,10/9/2026,11:30:00 PM,pre_game,EPL,demon,https://static.prizepicks.com/images/manual/Bruno Guimarães.png,15440602,0.5,18.566,81.434,,,Over,https://static.prizepicks.com/images/manual/Bruno Guimarães.png,11:30 PM,Brazil,-2.5,3.4,Brazil vs Haiti,11:30 PM,,Philadelphia Stadium,,,,,,0.50,,,,,,,,18.566,81.434,18.6,,,,,0.5,0.5,0.5,0.5,Push
PrizePicks,Soccer,319494,Viktor Gyökeres,Attacker,Arsenal,Assists,0.5,TRUE,,10/9/2026,11:30:00 PM,pre_game,EPL,demon,https://static.prizepicks.com/images/manual/ViktorGyökeres.webp,15440603,0.5,23.014,76.986,,,Over,https://static.prizepicks.com/images/manual/ViktorGyökeres.webp,11:30 PM,Netherlands,-0.8,2.6,Netherlands vs Sweden,11:30 PM,,Houston Stadium,,,,,,0.50,,,,,,,,23.014,76.986,23.0,,,,,0.5,0.5,0.5,0.5,Push
PrizePicks,Soccer,334454,Harry Wilson,Attacker,Leeds,Assists,0.5,TRUE,,10/9/2026,11:30:00 PM,pre_game,EPL,demon,https://static.prizepicks.com/images/manual/Harry Wilson.png,15440604,,,,,,Over,https://static.prizepicks.com/images/manual/Harry Wilson.png,11:30 PM,,,,,11:30 PM,,,,,,,,,,,,,,,,,,,,,,,0,0,0,,Push
PrizePicks,Soccer,319193,Myles Lewis-Skelly,Defender,Arsenal,Assists,0.5,TRUE,,10/9/2026,11:30:00 PM,pre_game,EPL,demon,https://static.prizepicks.com/images/players/soccer/azt1lhru9cgyb64h4h4fffrx0.webp,15440605,,,,,,Over,https://static.prizepicks.com/images/players/soccer/azt1lhru9cgyb64h4h4fffrx0.webp,11:30 PM,,,,,11:30 PM,,,,,,,,,,,,,,,,,,,,,,,0,0,0,,Push
PrizePicks,Soccer,334163,Ben White,Defender,Arsenal,Goal + Assist,0.5,TRUE,,10/9/2026,11:30:00 PM,pre_game,EPL,demon,https://static.prizepicks.com/images/players/soccer/cnmlhoum9aahwqruxgmz2gcfd.webp,15440606,,,,,,Over,https://static.prizepicks.com/images/players/soccer/cnmlhoum9aahwqruxgmz2gcfd.webp,11:30 PM,,,,,11:30 PM,,,,,,,,,,,,,,,,,,,,,,,0,0,0,,Push
PrizePicks,Soccer,337842,Ezri Konsa,Defender,Arsenal,Goal + Assist,0.5,TRUE,,10/9/2026,11:30:00 PM,pre_game,EPL,demon,https://static.prizepicks.com/images/manual/Ezri Konsa.png,15440607,,,,,,Over,https://static.prizepicks.com/images/manual/Ezri Konsa.png,11:30 PM,England,-1.7,2.6,,11:30 PM,,,,,,,,,,,,,,,,,,,,,,,0,0,0,,Push
PrizePicks,Soccer,319309,Anton Stach,Midfielder,Leeds,Goal + Assist,0.5,TRUE,,10/9/2026,11:30:00 PM,pre_game,EPL,demon,https://static.prizepicks.com/images/players/soccer/az7owi5t4bclkamjsjuyxzv1l.webp,15440608,,,,,,Over,https://static.prizepicks.com/images/players/soccer/az7owi5t4bclkamjsjuyxzv1l.webp,11:30 PM,,,,,11:30 PM,,,,,,,,,,,,,,,,,,,,,,,0,0,0,,Push
PrizePicks,Soccer,319182,Noni Madueke,Attacker,Arsenal,Goal + Assist,0.5,TRUE,,10/9/2026,11:30:00 PM,pre_game,EPL,demon,https://static.prizepicks.com/images/manual/NoniMadueke.webp,15440610,,,,,,Over,https://static.prizepicks.com/images/manual/NoniMadueke.webp,11:30 PM,England,-1.7,2.6,,11:30 PM,,,,,,,,,,,,,,,,,,,,,,,0,0,0,,Push
PrizePicks,Soccer,319312,Brenden Aaronson,Midfielder,Leeds,Goal + Assist,0.5,TRUE,,10/9/2026,11:30:00 PM,pre_game,EPL,demon,https://static.prizepicks.com/images/players/soccer/8rrcscn29rs1gk8mi1pwpu92i.webp,15440611,,,,,,Over,https://static.prizepicks.com/images/players/soccer/8rrcscn29rs1gk8mi1pwpu92i.webp,11:30 PM,,,,,11:30 PM,,,,,,,,,,,,,,,,,,,,,,,0,0,0,,Push
PrizePicks,Soccer,319489,Jurriën Timber,Defender,Arsenal,Goal + Assist,0.5,TRUE,,10/9/2026,11:30:00 PM,pre_game,EPL,demon,https://static.prizepicks.com/images/players/soccer/aqlakf0mo95rlktf6xdbaegh5.webp,15440612,,,,,,Over,https://static.prizepicks.com/images/players/soccer/aqlakf0mo95rlktf6xdbaegh5.webp,11:30 PM,,,,,11:30 PM,,,,,,,,,,,,,,,,,,,,,,,0,0,0,,Push
PrizePicks,Soccer,319481,Declan Rice,Midfielder,Arsenal,Goal + Assist,0.5,TRUE,,10/9/2026,11:30:00 PM,pre_game,EPL,demon,https://static.prizepicks.com/images/players/soccer/6jgocc12bori2wygyu07c082x.webp,15440613,,,,,,Over,https://static.prizepicks.com/images/players/soccer/6jgocc12bori2wygyu07c082x.webp,11:30 PM,England,-1.7,2.6,,11:30 PM,,,,,,,,,,,,,,,,,,,,,,,0,0,0,,Push
PrizePicks,Soccer,319310,Ao Tanaka,Midfielder,Leeds,Goal + Assist,0.5,TRUE,,10/9/2026,11:30:00 PM,pre_game,EPL,demon,https://static.prizepicks.com/images/players/soccer/28ucbvor6b0yxreoieehudfc9.webp,15440614,,,,,,Over,https://static.prizepicks.com/images/players/soccer/28ucbvor6b0yxreoieehudfc9.webp,11:30 PM,Tunisia,1.1,2.5,,11:30 PM,,,,,,,,,,,,,,,,,,,,,,,0,0,0,,Push
PrizePicks,Soccer,319380,Noah Okafor,Attacker,Leeds,Goal + Assist,0.5,TRUE,,10/9/2026,11:30:00 PM,pre_game,EPL,demon,https://static.prizepicks.com/images/players/soccer/SCR_team_BXAQ6h7d56jpaUvyZKqAxtLW_aqlu9i7yzmnmyzwuw6u93j6y1.webp,15440615,,,,,,Over,https://static.prizepicks.com/images/players/soccer/SCR_team_BXAQ6h7d56jpaUvyZKqAxtLW_aqlu9i7yzmnmyzwuw6u93j6y1.webp,11:30 PM,Switzerland,-0.6,2.5,,11:30 PM,,,,,,,,,,,,,,,,,,,,,,,0,0,0,,Push
PrizePicks,Soccer,319482,Eberechi Eze,Midfielder,Arsenal,Goal + Assist,0.5,TRUE,,10/9/2026,11:30:00 PM,pre_game,EPL,demon,https://static.prizepicks.com/images/players/soccer/4wic6z72nwmhkheme209fcmp5.webp,15440617,,,,,,Over,https://static.prizepicks.com/images/players/soccer/4wic6z72nwmhkheme209fcmp5.webp,11:30 PM,England,-1.7,2.6,,11:30 PM,,,,,,,,,,,,,,,,,,,,,,,0,0,0,,Push
PrizePicks,Soccer,334932,Bruno Guimarães,Midfielder,Arsenal,Goal + Assist,0.5,TRUE,,10/9/2026,11:30:00 PM,pre_game,EPL,demon,https://static.prizepicks.com/images/manual/Bruno Guimarães.png,15440618,,,,,,Over,https://static.prizepicks.com/images/manual/Bruno Guimarães.png,11:30 PM,Brazil,-2.5,3.4,Brazil vs Haiti,11:30 PM,,Philadelphia Stadium,,,,,,,,,,,,,,,,,,,,,0,0,0,,Push
PrizePicks,Soccer,319191,Max Dowman,Midfielder,Arsenal,Goal + Assist,0.5,TRUE,,10/9/2026,11:30:00 PM,pre_game,EPL,demon,https://static.prizepicks.com/images/manual/Max Dowman.png,15440619,,,,,,Over,https://static.prizepicks.com/images/manual/Max Dowman.png,11:30 PM,,,,,11:30 PM,,,,,,,,,,,,,,,,,,,,,,,0,0,0,,Push
PrizePicks,Soccer,334932,Bruno Guimarães,Midfielder,Arsenal,Shots On Target,0.5,TRUE,,10/9/2026,11:30:00 PM,pre_game,EPL,demon,https://static.prizepicks.com/images/manual/Bruno Guimarães.png,15441856,,,,,,Over,https://static.prizepicks.com/images/manual/Bruno Guimarães.png,11:30 PM,Brazil,-2.5,3.4,Brazil vs Haiti,11:30 PM,,Philadelphia Stadium,,,,,,,,,,,,,,,,,,,,,0,0,0,,Push
PrizePicks,Soccer,319193,Myles Lewis-Skelly,Defender,Arsenal,Shots On Target,0.5,TRUE,,10/9/2026,11:30:00 PM,pre_game,EPL,demon,https://static.prizepicks.com/images/players/soccer/azt1lhru9cgyb64h4h4fffrx0.webp,15441857,,#NUM!,#NUM!,,,Over,https://static.prizepicks.com/images/players/soccer/azt1lhru9cgyb64h4h4fffrx0.webp,11:30 PM,,,,,11:30 PM,,,,,,,,,,,,,,,,,,,,,,,0,0,0,,Push
PrizePicks,Soccer,319423,Jayden Bogle,Defender,Leeds,Shots On Target,0.5,TRUE,,10/9/2026,11:30:00 PM,pre_game,EPL,demon,https://static.prizepicks.com/images/players/soccer/dwumn5qew7ae53givnx2p892h.webp,15441862,,,,,,Over,https://static.prizepicks.com/images/players/soccer/dwumn5qew7ae53givnx2p892h.webp,11:30 PM,,,,,11:30 PM,,,,,,,,,,,,,,,,,,,,,,,0,0,0,,Push
PrizePicks,Soccer,336242,Nico Elvedi,Defender,Leeds,Shots On Target,0.5,TRUE,,10/9/2026,11:30:00 PM,pre_game,EPL,demon,https://static.prizepicks.com/images/manual/Nico Elvedi.png,15441864,,,,,,Over,https://static.prizepicks.com/images/manual/Nico Elvedi.png,11:30 PM,Switzerland,-0.6,2.5,,11:30 PM,,,,,,,,,,,,,,,,,,,,,,,0,0,0,,Push
PrizePicks,Soccer,319493,Martín Zubimendi,Midfielder,Arsenal,Shots On Target,0.5,TRUE,,10/9/2026,11:30:00 PM,pre_game,EPL,demon,https://static.prizepicks.com/images/players/soccer/80aqmv4ht6rs1812qrr5j8kix.webp,15441865,,,,,,Over,https://static.prizepicks.com/images/players/soccer/80aqmv4ht6rs1812qrr5j8kix.webp,11:30 PM,,,,,11:30 PM,,,,,,,,,,,,,,,,,,,,,,,0,0,0,,Push
PrizePicks,Soccer,319530,Jaka Bijol,Defender,Leeds,Shots On Target,0.5,TRUE,,10/9/2026,11:30:00 PM,pre_game,EPL,demon,https://static.prizepicks.com/images/players/soccer/ah0f7tonnst92d8q91j1wll62.webp,15441866,,,,,,Over,https://static.prizepicks.com/images/players/soccer/ah0f7tonnst92d8q91j1wll62.webp,11:30 PM,,,,,11:30 PM,,,,,,,,,,,,,,,,,,,,,,,0,0,0,,Push
PrizePicks,Soccer,334455,Tarik Muharemovic,Defender,Leeds,Shots On Target,0.5,TRUE,,10/9/2026,11:30:00 PM,pre_game,EPL,demon,https://static.prizepicks.com/images/manual/Tarik Muharemovic.png,15441867,,,,,,Over,https://static.prizepicks.com/images/manual/Tarik Muharemovic.png,11:30 PM,,,,,11:30 PM,,,,,,,,,,,,,,,,,,,,,,,0,0,0,,Push
PrizePicks,Soccer,319426,Sean Longstaff,Midfielder,Leeds,Shots On Target,0.5,TRUE,,10/9/2026,11:30:00 PM,pre_game,EPL,demon,https://static.prizepicks.com/images/players/soccer/9pv566tidfz21e00y4t0mbap5.webp,15441868,,,,,,Over,https://static.prizepicks.com/images/players/soccer/9pv566tidfz21e00y4t0mbap5.webp,11:30 PM,,,,,11:30 PM,,,,,,,,,,,,,,,,,,,,,,,0,0,0,,Push
PrizePicks,Soccer,319528,Gabriel Gudmundsson,Defender,Leeds,Shots On Target,0.5,TRUE,,10/9/2026,11:30:00 PM,pre_game,EPL,demon,https://static.prizepicks.com/images/players/soccer/fij46jr9fq43444gr1y8tl9l.webp,15441870,,,,,,Over,https://static.prizepicks.com/images/players/soccer/fij46jr9fq43444gr1y8tl9l.webp,11:30 PM,Netherlands,-0.8,2.6,,11:30 PM,,,,,,,,,,,,,,,,,,,,,,,0,0,0,,Push
PrizePicks,Soccer,319315,Ethan Ampadu,Midfielder,Leeds,Shots On Target,0.5,TRUE,,10/9/2026,11:30:00 PM,pre_game,EPL,demon,https://static.prizepicks.com/images/players/soccer/f1ma05bi3t1hfbflylx5d9tyh.webp,15441872,,,,,,Over,https://static.prizepicks.com/images/players/soccer/f1ma05bi3t1hfbflylx5d9tyh.webp,11:30 PM,,,,,11:30 PM,,,,,,,,,,,,,,,,,,,,,,,0,0,0,,Push
PrizePicks,Soccer,319531,James Justin,Defender,Leeds,Shots On Target,0.5,TRUE,,10/9/2026,11:30:00 PM,pre_game,EPL,demon,https://static.prizepicks.com/images/players/soccer/SCR_team_BXAQ6h7d56jpaUvyZKqAxtLW_6icypdqtfk2k81ax0i49j5xpl.webp,15441874,,,,,,Over,https://static.prizepicks.com/images/players/soccer/SCR_team_BXAQ6h7d56jpaUvyZKqAxtLW_6icypdqtfk2k81ax0i49j5xpl.webp,11:30 PM,,,,,11:30 PM,,,,,,,,,,,,,,,,,,,,,,,0,0,0,,Push
PrizePicks,Soccer,319421,Dominic Calvert-Lewin,Attacker,Leeds,Goal + Assist,0.5,TRUE,,10/9/2026,11:30:00 PM,pre_game,EPL,demon,https://static.prizepicks.com/images/players/soccer/374kcix9j7e1cob4uxmfncwyd.webp,15441878,,,,,,Over,https://static.prizepicks.com/images/players/soccer/374kcix9j7e1cob4uxmfncwyd.webp,11:30 PM,,,,,11:30 PM,,,,,,,,,,,,,,,,,,,,,,,0,0,0,,Push
PrizePicks,Soccer,319315,Ethan Ampadu,Midfielder,Leeds,Goal + Assist,0.5,TRUE,,10/9/2026,11:30:00 PM,pre_game,EPL,demon,https://static.prizepicks.com/images/players/soccer/f1ma05bi3t1hfbflylx5d9tyh.webp,15441879,,,,,,Over,https://static.prizepicks.com/images/players/soccer/f1ma05bi3t1hfbflylx5d9tyh.webp,11:30 PM,,,,,11:30 PM,,,,,,,,,,,,,,,,,,,,,,,0,0,0,,Push
PrizePicks,Soccer,337842,Ezri Konsa,Defender,Arsenal,Assists,0.5,TRUE,,10/9/2026,11:30:00 PM,pre_game,EPL,demon,https://static.prizepicks.com/images/manual/Ezri Konsa.png,15441880,,,,,,Over,https://static.prizepicks.com/images/manual/Ezri Konsa.png,11:30 PM,England,-1.7,2.6,,11:30 PM,,,,,,,,,,,,,,,,,,,,,,,0,0,0,,Push
PrizePicks,Soccer,319312,Brenden Aaronson,Midfielder,Leeds,Assists,0.5,TRUE,,10/9/2026,11:30:00 PM,pre_game,EPL,demon,https://static.prizepicks.com/images/players/soccer/8rrcscn29rs1gk8mi1pwpu92i.webp,15441881,,,,,,Over,https://static.prizepicks.com/images/players/soccer/8rrcscn29rs1gk8mi1pwpu92i.webp,11:30 PM,,,,,11:30 PM,,,,,,,,,,,,,,,,,,,,,,,0,0,0,,Push
PrizePicks,Soccer,319425,Lukas Nmecha,Attacker,Leeds,Assists,0.5,TRUE,,10/9/2026,11:30:00 PM,pre_game,EPL,demon,https://static.prizepicks.com/images/players/soccer/embn1jhcly07i6pjcvcdiavo5.webp,15441882,,,,,,Over,https://static.prizepicks.com/images/players/soccer/embn1jhcly07i6pjcvcdiavo5.webp,11:30 PM,,,,,11:30 PM,,,,,,,,,,,,,,,,,,,,,,,0,0,0,,Push
PrizePicks,Soccer,319482,Eberechi Eze,Midfielder,Arsenal,Assists,0.5,TRUE,,10/9/2026,11:30:00 PM,pre_game,EPL,demon,https://static.prizepicks.com/images/players/soccer/4wic6z72nwmhkheme209fcmp5.webp,15441883,0.5,29.168,70.832,,,Over,https://static.prizepicks.com/images/players/soccer/4wic6z72nwmhkheme209fcmp5.webp,11:30 PM,England,-1.7,2.6,,11:30 PM,,,,,,,,0.50,,,,,,,,29.168,70.832,29.2,,,,,0.5,0.5,0.5,0.5,Push
PrizePicks,Soccer,319195,Riccardo Calafiori,Defender,Arsenal,Assists,0.5,TRUE,,10/9/2026,11:30:00 PM,pre_game,EPL,demon,https://static.prizepicks.com/images/players/soccer/dhs8pujk55ewcis7y5alchu22.webp,15441884,0.5,17.336,82.664,,,Over,https://static.prizepicks.com/images/players/soccer/dhs8pujk55ewcis7y5alchu22.webp,11:30 PM,,,,,11:30 PM,,,,,,,,0.50,,,,,,,,17.336,82.664,17.3,,,,,0.5,0.5,0.5,0.5,Push
PrizePicks,Soccer,319486,Gabriel Magalhães,Defender,Arsenal,Assists,0.5,TRUE,,10/9/2026,11:30:00 PM,pre_game,EPL,demon,https://static.prizepicks.com/images/manual/gabriel.png,15441885,,,,,,Over,https://static.prizepicks.com/images/manual/gabriel.png,11:30 PM,,,,,11:30 PM,,,,,,,,,,,,,,,,,,,,,,,0,0,0,,Push
PrizePicks,Soccer,319310,Ao Tanaka,Midfielder,Leeds,Assists,0.5,TRUE,,10/9/2026,11:30:00 PM,pre_game,EPL,demon,https://static.prizepicks.com/images/players/soccer/28ucbvor6b0yxreoieehudfc9.webp,15441886,,,,,,Over,https://static.prizepicks.com/images/players/soccer/28ucbvor6b0yxreoieehudfc9.webp,11:30 PM,Tunisia,1.1,2.5,,11:30 PM,,,,,,,,,,,,,,,,,,,,,,,0,0,0,,Push
PrizePicks,Soccer,319489,Jurriën Timber,Defender,Arsenal,Assists,0.5,TRUE,,10/9/2026,11:30:00 PM,pre_game,EPL,demon,https://static.prizepicks.com/images/players/soccer/aqlakf0mo95rlktf6xdbaegh5.webp,15441887,0.5,15.22,84.78,,,Over,https://static.prizepicks.com/images/players/soccer/aqlakf0mo95rlktf6xdbaegh5.webp,11:30 PM,,,,,11:30 PM,,,,,,,,0.50,,,,,,,,15.22,84.78,15.2,,,,,0.5,0.5,0.5,0.5,Push
PrizePicks,Soccer,319426,Sean Longstaff,Midfielder,Leeds,Assists,0.5,TRUE,,10/9/2026,11:30:00 PM,pre_game,EPL,demon,https://static.prizepicks.com/images/players/soccer/9pv566tidfz21e00y4t0mbap5.webp,15441888,,,,,,Over,https://static.prizepicks.com/images/players/soccer/9pv566tidfz21e00y4t0mbap5.webp,11:30 PM,,,,,11:30 PM,,,,,,,,,,,,,,,,,,,,,,,0,0,0,,Push
PrizePicks,Soccer,319309,Anton Stach,Midfielder,Leeds,Assists,0.5,TRUE,,10/9/2026,11:30:00 PM,pre_game,EPL,demon,https://static.prizepicks.com/images/players/soccer/az7owi5t4bclkamjsjuyxzv1l.webp,15441889,0.5,11.022,88.978,,,Over,https://static.prizepicks.com/images/players/soccer/az7owi5t4bclkamjsjuyxzv1l.webp,11:30 PM,,,,,11:30 PM,,,,,,,,0.50,,,,,,,,11.022,88.978,11.0,,,,,0.5,0.5,0.5,0.5,Push
PrizePicks,Soccer,319183,Cristhian Mosquera,Defender,Arsenal,Assists,0.5,TRUE,,10/9/2026,11:30:00 PM,pre_game,EPL,demon,https://static.prizepicks.com/images/players/soccer/6o76owze8y78ue9sb49g8kyz8.webp,15441890,,,,,,Over,https://static.prizepicks.com/images/players/soccer/6o76owze8y78ue9sb49g8kyz8.webp,11:30 PM,,,,,11:30 PM,,,,,,,,,,,,,,,,,,,,,,,0,0,0,,Push
PrizePicks,Soccer,334163,Ben White,Defender,Arsenal,Assists,0.5,TRUE,,10/9/2026,11:30:00 PM,pre_game,EPL,demon,https://static.prizepicks.com/images/players/soccer/cnmlhoum9aahwqruxgmz2gcfd.webp,15441891,,,,,,Over,https://static.prizepicks.com/images/players/soccer/cnmlhoum9aahwqruxgmz2gcfd.webp,11:30 PM,,,,,11:30 PM,,,,,,,,,,,,,,,,,,,,,,,0,0,0,,Push
PrizePicks,Soccer,319493,Martín Zubimendi,Midfielder,Arsenal,Assists,0.5,TRUE,,10/9/2026,11:30:00 PM,pre_game,EPL,demon,https://static.prizepicks.com/images/players/soccer/80aqmv4ht6rs1812qrr5j8kix.webp,15441892,,,,,,Over,https://static.prizepicks.com/images/players/soccer/80aqmv4ht6rs1812qrr5j8kix.webp,11:30 PM,,,,,11:30 PM,,,,,,,,,,,,,,,,,,,,,,,0,0,0,,Push
PrizePicks,Soccer,319380,Noah Okafor,Attacker,Leeds,Assists,0.5,TRUE,,10/9/2026,11:30:00 PM,pre_game,EPL,demon,https://static.prizepicks.com/images/players/soccer/SCR_team_BXAQ6h7d56jpaUvyZKqAxtLW_aqlu9i7yzmnmyzwuw6u93j6y1.webp,15441893,,,,,,Over,https://static.prizepicks.com/images/players/soccer/SCR_team_BXAQ6h7d56jpaUvyZKqAxtLW_aqlu9i7yzmnmyzwuw6u93j6y1.webp,11:30 PM,Switzerland,-0.6,2.5,,11:30 PM,,,,,,,,,,,,,,,,,,,,,,,0,0,0,,Push
PrizePicks,Soccer,319421,Dominic Calvert-Lewin,Attacker,Leeds,Assists,0.5,TRUE,,10/9/2026,11:30:00 PM,pre_game,EPL,demon,https://static.prizepicks.com/images/players/soccer/374kcix9j7e1cob4uxmfncwyd.webp,15441894,,,,,,Over,https://static.prizepicks.com/images/players/soccer/374kcix9j7e1cob4uxmfncwyd.webp,11:30 PM,,,,,11:30 PM,,,,,,,,,,,,,,,,,,,,,,,0,0,0,,Push
PrizePicks,Soccer,319531,James Justin,Defender,Leeds,Goal + Assist,0.5,TRUE,,10/9/2026,11:30:00 PM,pre_game,EPL,demon,https://static.prizepicks.com/images/players/soccer/SCR_team_BXAQ6h7d56jpaUvyZKqAxtLW_6icypdqtfk2k81ax0i49j5xpl.webp,15441895,,,,,,Over,https://static.prizepicks.com/images/players/soccer/SCR_team_BXAQ6h7d56jpaUvyZKqAxtLW_6icypdqtfk2k81ax0i49j5xpl.webp,11:30 PM,,,,,11:30 PM,,,,,,,,,,,,,,,,,,,,,,,0,0,0,,Push
PrizePicks,Soccer,319183,Cristhian Mosquera,Defender,Arsenal,Shots On Target,0.5,TRUE,,10/9/2026,11:30:00 PM,pre_game,EPL,demon,https://static.prizepicks.com/images/players/soccer/6o76owze8y78ue9sb49g8kyz8.webp,15441896,,#NUM!,#NUM!,,,Over,https://static.prizepicks.com/images/players/soccer/6o76owze8y78ue9sb49g8kyz8.webp,11:30 PM,,,,,11:30 PM,,,,,,,,,,,,,,,,,,,,,,,0,0,0,,Push
PrizePicks,Soccer,334455,Tarik Muharemovic,Defender,Leeds,Goal + Assist,0.5,TRUE,,10/9/2026,11:30:00 PM,pre_game,EPL,demon,https://static.prizepicks.com/images/manual/Tarik Muharemovic.png,15441897,,,,,,Over,https://static.prizepicks.com/images/manual/Tarik Muharemovic.png,11:30 PM,,,,,11:30 PM,,,,,,,,,,,,,,,,,,,,,,,0,0,0,,Push
PrizePicks,Soccer,319528,Gabriel Gudmundsson,Defender,Leeds,Goal + Assist,0.5,TRUE,,10/9/2026,11:30:00 PM,pre_game,EPL,demon,https://static.prizepicks.com/images/players/soccer/fij46jr9fq43444gr1y8tl9l.webp,15441898,,,,,,Over,https://static.prizepicks.com/images/players/soccer/fij46jr9fq43444gr1y8tl9l.webp,11:30 PM,Netherlands,-0.8,2.6,,11:30 PM,,,,,,,,,,,,,,,,,,,,,,,0,0,0,,Push
PrizePicks,Soccer,334163,Ben White,Defender,Arsenal,Shots On Target,0.5,TRUE,,10/9/2026,11:30:00 PM,pre_game,EPL,demon,https://static.prizepicks.com/images/players/soccer/cnmlhoum9aahwqruxgmz2gcfd.webp,15441899,,#NUM!,#NUM!,,,Over,https://static.prizepicks.com/images/players/soccer/cnmlhoum9aahwqruxgmz2gcfd.webp,11:30 PM,,,,,11:30 PM,,,,,,,,,,,,,,,,,,,,,,,0,0,0,,Push
PrizePicks,Soccer,336242,Nico Elvedi,Defender,Leeds,Goal + Assist,0.5,TRUE,,10/9/2026,11:30:00 PM,pre_game,EPL,demon,https://static.prizepicks.com/images/manual/Nico Elvedi.png,15441900,,,,,,Over,https://static.prizepicks.com/images/manual/Nico Elvedi.png,11:30 PM,Switzerland,-0.6,2.5,,11:30 PM,,,,,,,,,,,,,,,,,,,,,,,0,0,0,,Push
PrizePicks,Soccer,319423,Jayden Bogle,Defender,Leeds,Goal + Assist,0.5,TRUE,,10/9/2026,11:30:00 PM,pre_game,EPL,demon,https://static.prizepicks.com/images/players/soccer/dwumn5qew7ae53givnx2p892h.webp,15441901,,,,,,Over,https://static.prizepicks.com/images/players/soccer/dwumn5qew7ae53givnx2p892h.webp,11:30 PM,,,,,11:30 PM,,,,,,,,,,,,,,,,,,,,,,,0,0,0,,Push
PrizePicks,Soccer,319486,Gabriel Magalhães,Defender,Arsenal,Shots On Target,0.5,TRUE,,10/9/2026,11:30:00 PM,pre_game,EPL,demon,https://static.prizepicks.com/images/manual/gabriel.png,15441905,,#NUM!,#NUM!,,,Over,https://static.prizepicks.com/images/manual/gabriel.png,11:30 PM,,,,,11:30 PM,,,,,,,,,,,,,,,,,,,,,,,0,0,0,,Push
PrizePicks,Soccer,319423,Jayden Bogle,Defender,Leeds,Assists,0.5,TRUE,,10/9/2026,11:30:00 PM,pre_game,EPL,demon,https://static.prizepicks.com/images/players/soccer/dwumn5qew7ae53givnx2p892h.webp,15441908,,,,,,Over,https://static.prizepicks.com/images/players/soccer/dwumn5qew7ae53givnx2p892h.webp,11:30 PM,,,,,11:30 PM,,,,,,,,,,,,,,,,,,,,,,,0,0,0,,Push
PrizePicks,Soccer,319492,Martin Ødegaard,Midfielder,Arsenal,Goal + Assist,0.5,TRUE,,10/9/2026,11:30:00 PM,pre_game,EPL,demon,https://static.prizepicks.com/images/manual/odegaard.png,15441909,,,,,,Over,https://static.prizepicks.com/images/manual/odegaard.png,11:30 PM,,,,,11:30 PM,,,,,,,,,,,,,,,,,,,,,,,0,0,0,,Push
PrizePicks,Soccer,319192,Mikel Merino,Midfielder,Arsenal,Goal + Assist,0.5,TRUE,,10/9/2026,11:30:00 PM,pre_game,EPL,demon,https://static.prizepicks.com/images/players/soccer/atigcsq78g14w82lwvay26aj9.webp,15441910,,,,,,Over,https://static.prizepicks.com/images/players/soccer/atigcsq78g14w82lwvay26aj9.webp,11:30 PM,Spain,-2.5,3.3,,11:30 PM,,,,,,,,,,,,,,,,,,,,,,,0,0,0,,Push
PrizePicks,Soccer,319309,Anton Stach,Midfielder,Leeds,Shots On Target,0.5,TRUE,,10/9/2026,11:30:00 PM,pre_game,EPL,demon,https://static.prizepicks.com/images/players/soccer/az7owi5t4bclkamjsjuyxzv1l.webp,15441911,,,,,,Over,https://static.prizepicks.com/images/players/soccer/az7owi5t4bclkamjsjuyxzv1l.webp,11:30 PM,,,,,11:30 PM,,,,,,,,,,,,,,,,,,,,,,,0,0,0,,Push
PrizePicks,Soccer,319481,Declan Rice,Midfielder,Arsenal,Assists,0.5,TRUE,,10/9/2026,11:30:00 PM,pre_game,EPL,demon,https://static.prizepicks.com/images/players/soccer/6jgocc12bori2wygyu07c082x.webp,15441913,0.5,27.923,72.077,,,Over,https://static.prizepicks.com/images/players/soccer/6jgocc12bori2wygyu07c082x.webp,11:30 PM,England,-1.7,2.6,,11:30 PM,,,,,,,,0.50,,,,,,,,27.923,72.077,27.9,,,,,0.5,0.5,0.5,0.5,Push
PrizePicks,Soccer,319492,Martin Ødegaard,Midfielder,Arsenal,Assists,0.5,TRUE,,10/9/2026,11:30:00 PM,pre_game,EPL,demon,https://static.prizepicks.com/images/manual/odegaard.png,15445764,,,,,,Over,https://static.prizepicks.com/images/manual/odegaard.png,11:30 PM,,,,,11:30 PM,,,,,,,,,,,,,,,,,,,,,,,0,0,0,,Push
PrizePicks,Soccer,319310,Ao Tanaka,Midfielder,Leeds,Shots On Target,0.5,TRUE,,10/9/2026,11:30:00 PM,pre_game,EPL,demon,https://static.prizepicks.com/images/players/soccer/28ucbvor6b0yxreoieehudfc9.webp,15448756,,,,,,Over,https://static.prizepicks.com/images/players/soccer/28ucbvor6b0yxreoieehudfc9.webp,11:30 PM,Tunisia,1.1,2.5,,11:30 PM,,,,,,,,,,,,,,,,,,,,,,,0,0,0,,Push
PrizePicks,Soccer,319420,Daniel James,Attacker,Leeds,Goals,0.5,TRUE,,10/9/2026,11:30:00 PM,pre_game,EPL,demon,https://static.prizepicks.com/images/players/soccer/dkwkmrmpb7rq4e660efcu5hat.webp,15474476,,,,,,Over,https://static.prizepicks.com/images/players/soccer/dkwkmrmpb7rq4e660efcu5hat.webp,11:30 PM,,,,,11:30 PM,,,,,,,,,,,,,,,,,,,,,,,0,0,0,,Push
PrizePicks,Soccer,340884,Melvin Bard,Defender,Leeds,Goals,0.5,TRUE,,10/9/2026,11:30:00 PM,pre_game,EPL,demon,https://static.prizepicks.com/images/manual/0a3aa66f9881292a.webp,15474478,,,,,,Over,https://static.prizepicks.com/images/manual/0a3aa66f9881292a.webp,11:30 PM,,,,,11:30 PM,,,,,,,,,,,,,,,,,,,,,,,0,0,0,,Push
PrizePicks,Soccer,320061,Alfie Cresswell,Midfielder,Leeds,Goals,0.5,TRUE,,10/9/2026,11:30:00 PM,pre_game,EPL,demon,https://static.prizepicks.com/images/manual/Alfie Cresswell.png,15474577,,,,,,Over,https://static.prizepicks.com/images/manual/Alfie Cresswell.png,11:30 PM,,,,,11:30 PM,,,,,,,,,,,,,,,,,,,,,,,0,0,0,,Push
PrizePicks,Soccer,319529,Ilia Gruev,Midfielder,Leeds,Goals,0.5,TRUE,,10/9/2026,11:30:00 PM,pre_game,EPL,demon,https://static.prizepicks.com/images/players/soccer/dr0kn3srxtg7nuw99gjoim7e1.webp,15474579,,,,,,Over,https://static.prizepicks.com/images/players/soccer/dr0kn3srxtg7nuw99gjoim7e1.webp,11:30 PM,,,,,11:30 PM,,,,,,,,,,,,,,,,,,,,,,,0,0,0,,Push
PrizePicks,Soccer,319190,Marli Salmon,Defender,Arsenal,Goals,0.5,TRUE,,10/9/2026,11:30:00 PM,pre_game,EPL,demon,https://static.prizepicks.com/images/manual/Marli Salmon.png,15478708,,#NUM!,#NUM!,,,Over,https://static.prizepicks.com/images/manual/Marli Salmon.png,11:30 PM,,,,,11:30 PM,,,,,,,,,,,,,,,,,,,,,,,0,0,0,,Push
PrizePicks,Soccer,319191,Max Dowman,Midfielder,Arsenal,Assists,0.5,TRUE,,10/9/2026,11:30:00 PM,pre_game,EPL,demon,https://static.prizepicks.com/images/manual/Max Dowman.png,15486634,,,,,,Over,https://static.prizepicks.com/images/manual/Max Dowman.png,11:30 PM,,,,,11:30 PM,,,,,,,,,,,,,,,,,,,,,,,0,0,0,,Push
PrizePicks,Soccer,319189,Kai Havertz,Attacker,Arsenal,Assists,0.5,TRUE,,10/9/2026,11:30:00 PM,pre_game,EPL,demon,https://static.prizepicks.com/images/manual/KaiHavertz.webp,15486635,,,,,,Over,https://static.prizepicks.com/images/manual/KaiHavertz.webp,11:30 PM,Germany,-1.2,2.6,Germany vs Ivory Coast,11:30 PM,,Toronto Stadium,,,,,,,,,,,,,,,,,,,,,0,0,0,,Push
PrizePicks,Soccer,340884,Melvin Bard,Defender,Leeds,Assists,0.5,TRUE,,10/9/2026,11:30:00 PM,pre_game,EPL,demon,https://static.prizepicks.com/images/manual/0a3aa66f9881292a.webp,15489807,,,,,,Over,https://static.prizepicks.com/images/manual/0a3aa66f9881292a.webp,11:30 PM,,,,,11:30 PM,,,,,,,,,,,,,,,,,,,,,,,0,0,0,,Push
PrizePicks,Soccer,334455,Tarik Muharemovic,Defender,Leeds,Assists,0.5,TRUE,,10/9/2026,11:30:00 PM,pre_game,EPL,demon,https://static.prizepicks.com/images/manual/Tarik Muharemovic.png,15489808,,,,,,Over,https://static.prizepicks.com/images/manual/Tarik Muharemovic.png,11:30 PM,,,,,11:30 PM,,,,,,,,,,,,,,,,,,,,,,,0,0,0,,Push
PrizePicks,Soccer,319420,Daniel James,Attacker,Leeds,Assists,0.5,TRUE,,10/9/2026,11:30:00 PM,pre_game,EPL,demon,https://static.prizepicks.com/images/players/soccer/dkwkmrmpb7rq4e660efcu5hat.webp,15489809,,,,,,Over,https://static.prizepicks.com/images/players/soccer/dkwkmrmpb7rq4e660efcu5hat.webp,11:30 PM,,,,,11:30 PM,,,,,,,,,,,,,,,,,,,,,,,0,0,0,,Push
PrizePicks,Soccer,319532,Rhys Chadwick,Midfielder,Leeds,Assists,0.5,TRUE,,10/9/2026,11:30:00 PM,pre_game,EPL,demon,https://static.prizepicks.com/images/manual/Rhys Chadwick.png,15489811,,,,,,Over,https://static.prizepicks.com/images/manual/Rhys Chadwick.png,11:30 PM,,,,,11:30 PM,,,,,,,,,,,,,,,,,,,,,,,0,0,0,,Push
PrizePicks,Soccer,319528,Gabriel Gudmundsson,Defender,Leeds,Assists,0.5,TRUE,,10/9/2026,11:30:00 PM,pre_game,EPL,demon,https://static.prizepicks.com/images/players/soccer/fij46jr9fq43444gr1y8tl9l.webp,15489812,,,,,,Over,https://static.prizepicks.com/images/players/soccer/fij46jr9fq43444gr1y8tl9l.webp,11:30 PM,Netherlands,-0.8,2.6,,11:30 PM,,,,,,,,,,,,,,,,,,,,,,,0,0,0,,Push
PrizePicks,Soccer,319190,Marli Salmon,Defender,Arsenal,Assists,0.5,TRUE,,10/9/2026,11:30:00 PM,pre_game,EPL,demon,https://static.prizepicks.com/images/manual/Marli Salmon.png,15489814,,,,,,Over,https://static.prizepicks.com/images/manual/Marli Salmon.png,11:30 PM,,,,,11:30 PM,,,,,,,,,,,,,,,,,,,,,,,0,0,0,,Push
PrizePicks,Soccer,319529,Ilia Gruev,Midfielder,Leeds,Assists,0.5,TRUE,,10/9/2026,11:30:00 PM,pre_game,EPL,demon,https://static.prizepicks.com/images/players/soccer/dr0kn3srxtg7nuw99gjoim7e1.webp,15489815,,,,,,Over,https://static.prizepicks.com/images/players/soccer/dr0kn3srxtg7nuw99gjoim7e1.webp,11:30 PM,,,,,11:30 PM,,,,,,,,,,,,,,,,,,,,,,,0,0,0,,Push
PrizePicks,Soccer,344652,Theo Julienne,Midfielder,Arsenal,Goal + Assist,0.5,TRUE,,10/9/2026,11:30:00 PM,pre_game,EPL,demon,N/A,15489817,,,,,,Over,N/A,11:30 PM,,,,,11:30 PM,,,,,,,,,,,,,,,,,,,,,,,0,0,0,,Push
PrizePicks,Soccer,340821,Jean-Mattéo Bahoya,Attacker,Leeds,Assists,0.5,TRUE,,10/9/2026,11:30:00 PM,pre_game,EPL,demon,https://static.prizepicks.com/images/manual/791bafe25a9d9e1c.webp,15489818,,,,,,Over,https://static.prizepicks.com/images/manual/791bafe25a9d9e1c.webp,11:30 PM,,,,,11:30 PM,,,,,,,,,,,,,,,,,,,,,,,0,0,0,,Push
PrizePicks,Soccer,319529,Ilia Gruev,Midfielder,Leeds,Goal + Assist,0.5,TRUE,,10/9/2026,11:30:00 PM,pre_game,EPL,demon,https://static.prizepicks.com/images/players/soccer/dr0kn3srxtg7nuw99gjoim7e1.webp,15489820,,,,,,Over,https://static.prizepicks.com/images/players/soccer/dr0kn3srxtg7nuw99gjoim7e1.webp,11:30 PM,,,,,11:30 PM,,,,,,,,,,,,,,,,,,,,,,,0,0,0,,Push
PrizePicks,Soccer,344651,Ife Ibrahim,Midfielder,Arsenal,Assists,0.5,TRUE,,10/9/2026,11:30:00 PM,pre_game,EPL,demon,N/A,15489822,,,,,,Over,N/A,11:30 PM,,,,,11:30 PM,,,,,,,,,,,,,,,,,,,,,,,0,0,0,,Push
PrizePicks,Soccer,319195,Riccardo Calafiori,Defender,Arsenal,Goal + Assist,0.5,TRUE,,10/9/2026,11:30:00 PM,pre_game,EPL,demon,https://static.prizepicks.com/images/players/soccer/dhs8pujk55ewcis7y5alchu22.webp,15489823,,,,,,Over,https://static.prizepicks.com/images/players/soccer/dhs8pujk55ewcis7y5alchu22.webp,11:30 PM,,,,,11:30 PM,,,,,,,,,,,,,,,,,,,,,,,0,0,0,,Push
PrizePicks,Soccer,319190,Marli Salmon,Defender,Arsenal,Goal + Assist,0.5,TRUE,,10/9/2026,11:30:00 PM,pre_game,EPL,demon,https://static.prizepicks.com/images/manual/Marli Salmon.png,15489825,,,,,,Over,https://static.prizepicks.com/images/manual/Marli Salmon.png,11:30 PM,,,,,11:30 PM,,,,,,,,,,,,,,,,,,,,,,,0,0,0,,Push
PrizePicks,Soccer,319315,Ethan Ampadu,Midfielder,Leeds,Assists,0.5,TRUE,,10/9/2026,11:30:00 PM,pre_game,EPL,demon,https://static.prizepicks.com/images/players/soccer/f1ma05bi3t1hfbflylx5d9tyh.webp,15489827,,,,,,Over,https://static.prizepicks.com/images/players/soccer/f1ma05bi3t1hfbflylx5d9tyh.webp,11:30 PM,,,,,11:30 PM,,,,,,,,,,,,,,,,,,,,,,,0,0,0,,Push
PrizePicks,Soccer,319493,Martín Zubimendi,Midfielder,Arsenal,Goal + Assist,0.5,TRUE,,10/9/2026,11:30:00 PM,pre_game,EPL,demon,https://static.prizepicks.com/images/players/soccer/80aqmv4ht6rs1812qrr5j8kix.webp,15489829,,,,,,Over,https://static.prizepicks.com/images/players/soccer/80aqmv4ht6rs1812qrr5j8kix.webp,11:30 PM,,,,,11:30 PM,,,,,,,,,,,,,,,,,,,,,,,0,0,0,,Push
PrizePicks,Soccer,319530,Jaka Bijol,Defender,Leeds,Goal + Assist,0.5,TRUE,,10/9/2026,11:30:00 PM,pre_game,EPL,demon,https://static.prizepicks.com/images/players/soccer/ah0f7tonnst92d8q91j1wll62.webp,15489830,,,,,,Over,https://static.prizepicks.com/images/players/soccer/ah0f7tonnst92d8q91j1wll62.webp,11:30 PM,,,,,11:30 PM,,,,,,,,,,,,,,,,,,,,,,,0,0,0,,Push
PrizePicks,Soccer,319426,Sean Longstaff,Midfielder,Leeds,Goal + Assist,0.5,TRUE,,10/9/2026,11:30:00 PM,pre_game,EPL,demon,https://static.prizepicks.com/images/players/soccer/9pv566tidfz21e00y4t0mbap5.webp,15489832,,,,,,Over,https://static.prizepicks.com/images/players/soccer/9pv566tidfz21e00y4t0mbap5.webp,11:30 PM,,,,,11:30 PM,,,,,,,,,,,,,,,,,,,,,,,0,0,0,,Push
PrizePicks,Soccer,319183,Cristhian Mosquera,Defender,Arsenal,Goal + Assist,0.5,TRUE,,10/9/2026,11:30:00 PM,pre_game,EPL,demon,https://static.prizepicks.com/images/players/soccer/6o76owze8y78ue9sb49g8kyz8.webp,15489833,,,,,,Over,https://static.prizepicks.com/images/players/soccer/6o76owze8y78ue9sb49g8kyz8.webp,11:30 PM,,,,,11:30 PM,,,,,,,,,,,,,,,,,,,,,,,0,0,0,,Push
PrizePicks,Soccer,319425,Lukas Nmecha,Attacker,Leeds,Goal + Assist,0.5,TRUE,,10/9/2026,11:30:00 PM,pre_game,EPL,demon,https://static.prizepicks.com/images/players/soccer/embn1jhcly07i6pjcvcdiavo5.webp,15489834,,,,,,Over,https://static.prizepicks.com/images/players/soccer/embn1jhcly07i6pjcvcdiavo5.webp,11:30 PM,,,,,11:30 PM,,,,,,,,,,,,,,,,,,,,,,,0,0,0,,Push
PrizePicks,Soccer,319571,Piero Hincapié,Defender,Arsenal,Assists,0.5,TRUE,,10/9/2026,11:30:00 PM,pre_game,EPL,demon,https://static.prizepicks.com/images/manual/Piero Hincapié.png,15489837,,,,,,Over,https://static.prizepicks.com/images/manual/Piero Hincapié.png,11:30 PM,Ecuador,-2.4,3.3,Ecuador vs Curacao,11:30 PM,,Kansas City Stadium,,,,,,,,,,,,,,,,,,,,,0,0,0,,Push
PrizePicks,Soccer,319532,Rhys Chadwick,Midfielder,Leeds,Goal + Assist,0.5,TRUE,,10/9/2026,11:30:00 PM,pre_game,EPL,demon,https://static.prizepicks.com/images/manual/Rhys Chadwick.png,15489842,,,,,,Over,https://static.prizepicks.com/images/manual/Rhys Chadwick.png,11:30 PM,,,,,11:30 PM,,,,,,,,,,,,,,,,,,,,,,,0,0,0,,Push
PrizePicks,Soccer,344651,Ife Ibrahim,Midfielder,Arsenal,Goals,0.5,TRUE,,10/9/2026,11:30:00 PM,pre_game,EPL,demon,N/A,15489845,,,,,,Over,N/A,11:30 PM,,,,,11:30 PM,,,,,,,,,,,,,,,,,,,,,,,0,0,0,,Push
PrizePicks,Soccer,319571,Piero Hincapié,Defender,Arsenal,Goal + Assist,0.5,TRUE,,10/9/2026,11:30:00 PM,pre_game,EPL,demon,https://static.prizepicks.com/images/manual/Piero Hincapié.png,15489849,,,,,,Over,https://static.prizepicks.com/images/manual/Piero Hincapié.png,11:30 PM,Ecuador,-2.4,3.3,Ecuador vs Curacao,11:30 PM,,Kansas City Stadium,,,,,,,,,,,,,,,,,,,,,0,0,0,,Push
PrizePicks,Soccer,319486,Gabriel Magalhães,Defender,Arsenal,Goal + Assist,0.5,TRUE,,10/9/2026,11:30:00 PM,pre_game,EPL,demon,https://static.prizepicks.com/images/manual/gabriel.png,15489851,,,,,,Over,https://static.prizepicks.com/images/manual/gabriel.png,11:30 PM,,,,,11:30 PM,,,,,,,,,,,,,,,,,,,,,,,0,0,0,,Push
PrizePicks,Soccer,344652,Theo Julienne,Midfielder,Arsenal,Assists,0.5,TRUE,,10/9/2026,11:30:00 PM,pre_game,EPL,demon,N/A,15489862,,,,,,Over,N/A,11:30 PM,,,,,11:30 PM,,,,,,,,,,,,,,,,,,,,,,,0,0,0,,Push
PrizePicks,Soccer,319530,Jaka Bijol,Defender,Leeds,Assists,0.5,TRUE,,10/9/2026,11:30:00 PM,pre_game,EPL,demon,https://static.prizepicks.com/images/players/soccer/ah0f7tonnst92d8q91j1wll62.webp,15489865,,,,,,Over,https://static.prizepicks.com/images/players/soccer/ah0f7tonnst92d8q91j1wll62.webp,11:30 PM,,,,,11:30 PM,,,,,,,,,,,,,,,,,,,,,,,0,0,0,,Push
PrizePicks,Soccer,344651,Ife Ibrahim,Midfielder,Arsenal,Goal + Assist,0.5,TRUE,,10/9/2026,11:30:00 PM,pre_game,EPL,demon,N/A,15489875,,,,,,Over,N/A,11:30 PM,,,,,11:30 PM,,,,,,,,,,,,,,,,,,,,,,,0,0,0,,Push
PrizePicks,Soccer,319529,Ilia Gruev,Midfielder,Leeds,Shots On Target,0.5,TRUE,,10/9/2026,11:30:00 PM,pre_game,EPL,demon,https://static.prizepicks.com/images/players/soccer/dr0kn3srxtg7nuw99gjoim7e1.webp,15489902,,,,,,Over,https://static.prizepicks.com/images/players/soccer/dr0kn3srxtg7nuw99gjoim7e1.webp,11:30 PM,,,,,11:30 PM,,,,,,,,,,,,,,,,,,,,,,,0,0,0,,Push
PrizePicks,Soccer,340884,Melvin Bard,Defender,Leeds,Shots On Target,0.5,TRUE,,10/9/2026,11:30:00 PM,pre_game,EPL,demon,https://static.prizepicks.com/images/manual/0a3aa66f9881292a.webp,15489920,,,,,,Over,https://static.prizepicks.com/images/manual/0a3aa66f9881292a.webp,11:30 PM,,,,,11:30 PM,,,,,,,,,,,,,,,,,,,,,,,0,0,0,,Push
PrizePicks,Soccer,340821,Jean-Mattéo Bahoya,Attacker,Leeds,Shots On Target,0.5,TRUE,,10/9/2026,11:30:00 PM,pre_game,EPL,demon,https://static.prizepicks.com/images/manual/791bafe25a9d9e1c.webp,15489923,,,,,,Over,https://static.prizepicks.com/images/manual/791bafe25a9d9e1c.webp,11:30 PM,,,,,11:30 PM,,,,,,,,,,,,,,,,,,,,,,,0,0,0,,Push
PrizePicks,Soccer,319420,Daniel James,Attacker,Leeds,Shots On Target,0.5,TRUE,,10/9/2026,11:30:00 PM,pre_game,EPL,demon,https://static.prizepicks.com/images/players/soccer/dkwkmrmpb7rq4e660efcu5hat.webp,15489941,,,,,,Over,https://static.prizepicks.com/images/players/soccer/dkwkmrmpb7rq4e660efcu5hat.webp,11:30 PM,,,,,11:30 PM,,,,,,,,,,,,,,,,,,,,,,,0,0,0,,Push
PrizePicks,Soccer,319193,Myles Lewis-Skelly,Defender,Arsenal,Goal + Assist,0.5,TRUE,,10/9/2026,11:30:00 PM,pre_game,EPL,demon,https://static.prizepicks.com/images/players/soccer/azt1lhru9cgyb64h4h4fffrx0.webp,15489956,,,,,,Over,https://static.prizepicks.com/images/players/soccer/azt1lhru9cgyb64h4h4fffrx0.webp,11:30 PM,,,,,11:30 PM,,,,,,,,,,,,,,,,,,,,,,,0,0,0,,Push
PrizePicks,Soccer,344652,Theo Julienne,Midfielder,Arsenal,Shots On Target,0.5,TRUE,,10/9/2026,11:30:00 PM,pre_game,EPL,demon,N/A,15489987,,,,,,Over,N/A,11:30 PM,,,,,11:30 PM,,,,,,,,,,,,,,,,,,,,,,,0,0,0,,Push
PrizePicks,Soccer,319190,Marli Salmon,Defender,Arsenal,Shots On Target,0.5,TRUE,,10/9/2026,11:30:00 PM,pre_game,EPL,demon,https://static.prizepicks.com/images/manual/Marli Salmon.png,15490028,,,,,,Over,https://static.prizepicks.com/images/manual/Marli Salmon.png,11:30 PM,,,,,11:30 PM,,,,,,,,,,,,,,,,,,,,,,,0,0,0,,Push
PrizePicks,Soccer,344651,Ife Ibrahim,Midfielder,Arsenal,Shots On Target,0.5,TRUE,,10/9/2026,11:30:00 PM,pre_game,EPL,demon,N/A,15490035,,,,,,Over,N/A,11:30 PM,,,,,11:30 PM,,,,,,,,,,,,,,,,,,,,,,,0,0,0,,Push
PrizePicks,Soccer,340884,Melvin Bard,Defender,Leeds,Goal + Assist,0.5,TRUE,,10/9/2026,11:30:00 PM,pre_game,EPL,demon,https://static.prizepicks.com/images/manual/0a3aa66f9881292a.webp,15490048,,,,,,Over,https://static.prizepicks.com/images/manual/0a3aa66f9881292a.webp,11:30 PM,,,,,11:30 PM,,,,,,,,,,,,,,,,,,,,,,,0,0,0,,Push
PrizePicks,Soccer,319528,Gabriel Gudmundsson,Defender,Leeds,Shots,0.5,TRUE,,10/9/2026,11:30:00 PM,pre_game,EPL,demon,https://static.prizepicks.com/images/players/soccer/fij46jr9fq43444gr1y8tl9l.webp,15490051,,,,,,Over,https://static.prizepicks.com/images/players/soccer/fij46jr9fq43444gr1y8tl9l.webp,11:30 PM,Netherlands,-0.8,2.6,,11:30 PM,,,,,,,,,,,,,,,,,,,,,,,0,0,0,,Push
PrizePicks,Soccer,336242,Nico Elvedi,Defender,Leeds,Shots,0.5,TRUE,,10/9/2026,11:30:00 PM,pre_game,EPL,demon,https://static.prizepicks.com/images/manual/Nico Elvedi.png,15490061,,,,,,Over,https://static.prizepicks.com/images/manual/Nico Elvedi.png,11:30 PM,Switzerland,-0.6,2.5,,11:30 PM,,,,,,,,,,,,,,,,,,,,,,,0,0,0,,Push
PrizePicks,Soccer,334455,Tarik Muharemovic,Defender,Leeds,Shots,0.5,TRUE,,10/9/2026,11:30:00 PM,pre_game,EPL,demon,https://static.prizepicks.com/images/manual/Tarik Muharemovic.png,15490073,,,,,,Over,https://static.prizepicks.com/images/manual/Tarik Muharemovic.png,11:30 PM,,,,,11:30 PM,,,,,,,,,,,,,,,,,,,,,,,0,0,0,,Push
PrizePicks,Soccer,340884,Melvin Bard,Defender,Leeds,Shots,0.5,TRUE,,10/9/2026,11:30:00 PM,pre_game,EPL,demon,https://static.prizepicks.com/images/manual/0a3aa66f9881292a.webp,15490094,,,,,,Over,https://static.prizepicks.com/images/manual/0a3aa66f9881292a.webp,11:30 PM,,,,,11:30 PM,,,,,,,,,,,,,,,,,,,,,,,0,0,0,,Push
PrizePicks,Soccer,319571,Piero Hincapié,Defender,Arsenal,Shots On Target,0.5,TRUE,,10/9/2026,11:30:00 PM,pre_game,EPL,demon,https://static.prizepicks.com/images/manual/Piero Hincapié.png,15490136,,#NUM!,#NUM!,,,Over,https://static.prizepicks.com/images/manual/Piero Hincapié.png,11:30 PM,Ecuador,-2.4,3.3,Ecuador vs Curacao,11:30 PM,,Kansas City Stadium,,,,,,,,,,,,,,,,,,,,,0,0,0,,Push
PrizePicks,Soccer,319530,Jaka Bijol,Defender,Leeds,Shots,0.5,TRUE,,10/9/2026,11:30:00 PM,pre_game,EPL,demon,https://static.prizepicks.com/images/players/soccer/ah0f7tonnst92d8q91j1wll62.webp,15490149,,,,,,Over,https://static.prizepicks.com/images/players/soccer/ah0f7tonnst92d8q91j1wll62.webp,11:30 PM,,,,,11:30 PM,,,,,,,,,,,,,,,,,,,,,,,0,0,0,,Push
PrizePicks,Soccer,319532,Rhys Chadwick,Midfielder,Leeds,Shots On Target,0.5,TRUE,,10/9/2026,11:30:00 PM,pre_game,EPL,demon,https://static.prizepicks.com/images/manual/Rhys Chadwick.png,15490175,,,,,,Over,https://static.prizepicks.com/images/manual/Rhys Chadwick.png,11:30 PM,,,,,11:30 PM,,,,,,,,,,,,,,,,,,,,,,,0,0,0,,Push
PrizePicks,Soccer,319531,James Justin,Defender,Leeds,Assists,0.5,TRUE,,10/9/2026,11:30:00 PM,pre_game,EPL,demon,https://static.prizepicks.com/images/players/soccer/SCR_team_BXAQ6h7d56jpaUvyZKqAxtLW_6icypdqtfk2k81ax0i49j5xpl.webp,15508978,,,,,,Over,https://static.prizepicks.com/images/players/soccer/SCR_team_BXAQ6h7d56jpaUvyZKqAxtLW_6icypdqtfk2k81ax0i49j5xpl.webp,11:30 PM,,,,,11:30 PM,,,,,,,,,,,,,,,,,,,,,,,0,0,0,,Push
PrizePicks,Soccer,334165,Christos Tzolis,Attacker,Arsenal,Assists,0.5,TRUE,,10/9/2026,11:30:00 PM,pre_game,EPL,demon,https://static.prizepicks.com/images/manual/Christos Tzolis.png,15519177,,,,,,Over,https://static.prizepicks.com/images/manual/Christos Tzolis.png,11:30 PM,,,,,11:30 PM,,,,,,,,,,,,,,,,,,,,,,,0,0,0,,Push
PrizePicks,Soccer,335078,Emiliano Buendía,Midfielder,Villa,Shots,7.5,TRUE,,10/10/2026,2:00:00 AM,pre_game,EPL,demon,https://static.prizepicks.com/images/players/soccer/l0qqn9tlgov91p5d1zzdupcl.webp,15493138,2.5,52.874,47.126,,,Over,https://static.prizepicks.com/images/players/soccer/l0qqn9tlgov91p5d1zzdupcl.webp,2:00 AM,,,,,2:00 AM,,,,,,,,2.50,,,,,,,,51.1496,48.8504,51.2,,,,,2.5,2.5,2.5,2.5,Push
PrizePicks,Soccer,335077,Johan Manzambi,Midfielder,Villa,Shots,6.5,TRUE,,10/10/2026,2:00:00 AM,pre_game,EPL,demon,https://static.prizepicks.com/images/manual/Johan Manzambi.png,15493083,2.5,38.549,61.451,,,Over,https://static.prizepicks.com/images/manual/Johan Manzambi.png,2:00 AM,Switzerland,-0.6,2.5,,2:00 AM,,,,,,,,2.50,,,,,,,,45.4196,54.5804,45.4,,,,,2.5,2.5,2.5,2.5,Push
PrizePicks,Soccer,335072,Ross Barkley,Midfielder,Villa,Shots,6.5,TRUE,,10/10/2026,2:00:00 AM,pre_game,EPL,demon,https://static.prizepicks.com/images/players/soccer/dxeju5zcb6j8etdgwq0kweor9.webp,15493145,,,,,,Over,https://static.prizepicks.com/images/players/soccer/dxeju5zcb6j8etdgwq0kweor9.webp,2:00 AM,,,,,2:00 AM,,,,,,,,,,,,,,,,,,,,,,,0,0,0,,Push
PrizePicks,Soccer,335091,Brian Madjo,Attacker,Villa,Shots,6.5,TRUE,,10/10/2026,2:00:00 AM,pre_game,EPL,demon,https://static.prizepicks.com/images/manual/Brian Madjo.png,15493151,,,,,,Over,https://static.prizepicks.com/images/manual/Brian Madjo.png,2:00 AM,,,,,2:00 AM,,,,,,,,,,,,,,,,,,,,,,,0,0,0,,Push
PrizePicks,Soccer,334533,Jaidon Anthony,Attacker,Brentford,Shots,5.5,TRUE,,10/10/2026,2:00:00 AM,pre_game,EPL,demon,https://static.prizepicks.com/images/manual/Jaidon Anthony.png,15492964,1.5,50.641,49.359,,,Over,https://static.prizepicks.com/images/manual/Jaidon Anthony.png,2:00 AM,,,,,2:00 AM,,,,,,,,1.50,,,,,,,,50.2564,49.7436,50.3,,,,,1.5,1.5,1.5,1.5,Push
PrizePicks,Soccer,334721,John McGinn,Midfielder,Villa,Shots,5.5,TRUE,,10/10/2026,2:00:00 AM,pre_game,EPL,demon,https://static.prizepicks.com/images/players/soccer/btvuam6p4391am219taqtcted.webp,15493001,1.5,53.3,46.7,,,Over,https://static.prizepicks.com/images/players/soccer/btvuam6p4391am219taqtcted.webp,2:00 AM,Scotland,0.9,2.4,Scotland vs Morocco,2:00 AM,,Boston Stadium,,,,,,1.50,,,,,,,,51.32,48.68,51.3,,,,,1.5,1.5,1.5,1.5,Push
PrizePicks,Soccer,319538,Dango Ouattara,Attacker,Brentford,Shots,5.5,TRUE,,10/10/2026,2:00:00 AM,pre_game,EPL,demon,https://static.prizepicks.com/images/players/soccer/dg4782hj9xdqg46w225kzph5g.webp,15493018,,,,,,Over,https://static.prizepicks.com/images/players/soccer/dg4782hj9xdqg46w225kzph5g.webp,2:00 AM,,,,,2:00 AM,,,,,,,,,,,,,,,,,,,,,,,0,0,0,,Push
PrizePicks,Soccer,335075,Alejandro Garnacho,Attacker,Villa,Shots,5.5,TRUE,,10/10/2026,2:00:00 AM,pre_game,EPL,demon,https://static.prizepicks.com/images/manual/Alejandro Garnacho.png,15493087,,,,,,Over,https://static.prizepicks.com/images/manual/Alejandro Garnacho.png,2:00 AM,,,,,2:00 AM,,,,,,,,,,,,,,,,,,,,,,,0,0,0,,Push
PrizePicks,Soccer,334500,Callum Wilson,Attacker,Brentford,Shots,5.5,TRUE,,10/10/2026,2:00:00 AM,pre_game,EPL,demon,https://static.prizepicks.com/images/manual/Callum_Eddie_Graham_Wilson.png,15493094,,,,,,Over,https://static.prizepicks.com/images/manual/Callum_Eddie_Graham_Wilson.png,2:00 AM,,,,,2:00 AM,,,,,,,,,,,,,,,,,,,,,,,0,0,0,,Push
PrizePicks,Soccer,335074,Tammy Abraham,Attacker,Villa,Shots,5.5,TRUE,,10/10/2026,2:00:00 AM,pre_game,EPL,demon,https://static.prizepicks.com/images/manual/Tammy Abraham.png,15493115,,,,,,Over,https://static.prizepicks.com/images/manual/Tammy Abraham.png,2:00 AM,,,,,2:00 AM,,,,,,,,,,,,,,,,,,,,,,,0,0,0,,Push
PrizePicks,Soccer,320065,Fábio Carvalho,Midfielder,Brentford,Shots,5.5,TRUE,,10/10/2026,2:00:00 AM,pre_game,EPL,demon,https://static.prizepicks.com/images/players/soccer/6z1du1o69dgamvu2m8yi97dre.webp,15493180,,,,,,Over,https://static.prizepicks.com/images/players/soccer/6z1du1o69dgamvu2m8yi97dre.webp,2:00 AM,,,,,2:00 AM,,,,,,,,,,,,,,,,,,,,,,,0,0,0,,Push
PrizePicks,Soccer,319270,Kevin Schade,Midfielder,Brentford,Shots,5.5,TRUE,,10/10/2026,2:00:00 AM,pre_game,EPL,demon,https://static.prizepicks.com/images/players/soccer/1h3mduwlaf89ebwtqxuegsodm.webp,15493198,1.5,57.118,42.882,,,Over,https://static.prizepicks.com/images/players/soccer/1h3mduwlaf89ebwtqxuegsodm.webp,2:00 AM,,,,,2:00 AM,,,,,,,,1.50,,,,,,,,52.8472,47.1528,52.9,,,,,1.5,1.5,1.5,1.5,Push
PrizePicks,Soccer,337167,Zion Suzuki,Goalkeeper,Villa,Goalie Saves,5.5,TRUE,,10/10/2026,2:00:00 AM,pre_game,EPL,demon,https://static.prizepicks.com/images/manual/Zion Suzuki.png,15493402,2.5,62.489,37.511,,,Over,https://static.prizepicks.com/images/manual/Zion Suzuki.png,2:00 AM,Tunisia,1.1,2.5,Tunisia vs Japan,2:00 AM,,Estadio Monterrey,,,,,,2.50,,,,,,,,54.9956,45.0044,55.0,,,,,2.5,2.5,2.5,2.5,Push
PrizePicks,Soccer,337157,Ellery Balcombe,Goalkeeper,Brentford,Goalie Saves,5.5,TRUE,,10/10/2026,2:00:00 AM,pre_game,EPL,demon,https://static.prizepicks.com/images/players/soccer/6axta520v9f4z56hctbq3a4mh.webp,15519912,,,,,,Over,https://static.prizepicks.com/images/players/soccer/6axta520v9f4z56hctbq3a4mh.webp,2:00 AM,,,,,2:00 AM,,,,,,,,,,,,,,,,,,,,,,,0,0,0,,Push
PrizePicks,Soccer,319273,Mathias Jensen,Midfielder,Brentford,Shots,4.5,TRUE,,10/10/2026,2:00:00 AM,pre_game,EPL,demon,https://static.prizepicks.com/images/players/soccer/dtol82tjlq48bs0s70sisguz9.webp,15492986,,,,,,Over,https://static.prizepicks.com/images/players/soccer/dtol82tjlq48bs0s70sisguz9.webp,2:00 AM,,,,,2:00 AM,,,,,,,,,,,,,,,,,,,,,,,0,0,0,,Push
PrizePicks,Soccer,319540,Keane Lewis-Potter,Attacker,Brentford,Shots,4.5,TRUE,,10/10/2026,2:00:00 AM,pre_game,EPL,demon,https://static.prizepicks.com/images/players/soccer/7j36oy8n0tu8ps0haqb4es48a.webp,15492995,,,,,,Over,https://static.prizepicks.com/images/players/soccer/7j36oy8n0tu8ps0haqb4es48a.webp,2:00 AM,,,,,2:00 AM,,,,,,,,,,,,,,,,,,,,,,,0,0,0,,Push
PrizePicks,Soccer,334534,Mamadou Sangaré,Midfielder,Brentford,Shots,4.5,TRUE,,10/10/2026,2:00:00 AM,pre_game,EPL,demon,https://static.prizepicks.com/images/manual/Mamadou Sangaré.png,15493124,,,,,,Over,https://static.prizepicks.com/images/manual/Mamadou Sangaré.png,2:00 AM,,,,,2:00 AM,,,,,,,,,,,,,,,,,,,,,,,0,0,0,,Push
PrizePicks,Soccer,335552,Gustavo Nunes,Attacker,Brentford,Shots,4.5,TRUE,,10/10/2026,2:00:00 AM,pre_game,EPL,demon,https://static.prizepicks.com/images/manual/Gustavo Nunes.png,15493170,,,,,,Over,https://static.prizepicks.com/images/manual/Gustavo Nunes.png,2:00 AM,,,,,2:00 AM,,,,,,,,,,,,,,,,,,,,,,,0,0,0,,Push
PrizePicks,Soccer,334729,João Gomes,Midfielder,Villa,Shots,4.5,TRUE,,10/10/2026,2:00:00 AM,pre_game,EPL,demon,https://static.prizepicks.com/images/manual/João Gomes.png,15493172,,,,,,Over,https://static.prizepicks.com/images/manual/João Gomes.png,2:00 AM,,,,,2:00 AM,,,,,,,,,,,,,,,,,,,,,,,0,0,0,,Push
PrizePicks,Soccer,340213,Ibrahim Mbaye,Attacker,Villa,Shots,4.5,TRUE,,10/10/2026,2:00:00 AM,pre_game,EPL,demon,https://static.prizepicks.com/images/manual/Ibrahim Mbaye villa.png,15493181,,,,,,Over,https://static.prizepicks.com/images/manual/Ibrahim Mbaye villa.png,2:00 AM,Norway,-0.6,2.5,,2:00 AM,,,,,,,,,,,,,,,,,,,,,,,0,0,0,,Push
PrizePicks,Soccer,334729,João Gomes,Midfielder,Villa,Tackles,4.5,TRUE,,10/10/2026,2:00:00 AM,pre_game,EPL,demon,https://static.prizepicks.com/images/manual/João Gomes.png,15526257,,,,,,Over,https://static.prizepicks.com/images/manual/João Gomes.png,2:00 AM,,,,,2:00 AM,,,,,,,,,,,,,,,,,,,,,,,0,0,0,,Push
PrizePicks,Soccer,334500,Callum Wilson,Attacker,Brentford,Shots On Target,3.5,TRUE,,10/10/2026,2:00:00 AM,pre_game,EPL,demon,https://static.prizepicks.com/images/manual/Callum_Eddie_Graham_Wilson.png,15441970,,,,,,Over,https://static.prizepicks.com/images/manual/Callum_Eddie_Graham_Wilson.png,2:00 AM,,,,,2:00 AM,,,,,,,,,,,,,,,,,,,,,,,0,0,0,,Push
PrizePicks,Soccer,319617,Caoimhín Kelleher,Goalkeeper,Brentford,Goalie Saves,3.5,TRUE,,10/10/2026,2:00:00 AM,pre_game,EPL,demon,https://static.prizepicks.com/images/players/soccer/dpw4s6nbkfcrjlqxxgf9j5yhh.webp,15480979,3.5,47.381,52.619,,,Over,https://static.prizepicks.com/images/players/soccer/dpw4s6nbkfcrjlqxxgf9j5yhh.webp,2:00 AM,,,,,2:00 AM,,,,,,,,3.50,,,,,,,,47.381,52.619,47.4,,,,,3.5,3.5,3.5,3.5,Push
PrizePicks,Soccer,339480,Nicolas Jackson,Attacker,Villa,Shots On Target,3.5,TRUE,,10/10/2026,2:00:00 AM,pre_game,EPL,demon,https://static.prizepicks.com/images/manual/Nicolas Jackson.png,15492870,,,,,,Over,https://static.prizepicks.com/images/manual/Nicolas Jackson.png,2:00 AM,Norway,-0.6,2.5,,2:00 AM,,,,,,,,,,,,,,,,,,,,,,,0,0,0,,Push
PrizePicks,Soccer,334722,Boubacar Kamara,Midfielder,Villa,Shots,3.5,TRUE,,10/10/2026,2:00:00 AM,pre_game,EPL,demon,https://static.prizepicks.com/images/players/soccer/blth4klpu88kgh73abpjlgusp.webp,15492874,,,,,,Over,https://static.prizepicks.com/images/players/soccer/blth4klpu88kgh73abpjlgusp.webp,2:00 AM,,,,,2:00 AM,,,,,,,,,,,,,,,,,,,,,,,0,0,0,,Push
PrizePicks,Soccer,337171,Aaron Wan-Bissaka,Defender,Villa,Tackles,3.5,TRUE,,10/10/2026,2:00:00 AM,pre_game,EPL,demon,https://static.prizepicks.com/images/manual/Aaron Wan-Bissaka.png,15492876,,,,,,Over,https://static.prizepicks.com/images/manual/Aaron Wan-Bissaka.png,2:00 AM,Colombia,-1.2,2.5,,2:00 AM,,,,,,,,,,,,,,,,,,,,,,,0,0,0,,Push
PrizePicks,Soccer,335082,Lamare Bogarde,Midfielder,Villa,Shots,3.5,TRUE,,10/10/2026,2:00:00 AM,pre_game,EPL,demon,https://static.prizepicks.com/images/players/soccer/9jj7t00bb5zflz78nlz3bvllg.webp,15492933,,,,,,Over,https://static.prizepicks.com/images/players/soccer/9jj7t00bb5zflz78nlz3bvllg.webp,2:00 AM,,,,,2:00 AM,,,,,,,,,,,,,,,,,,,,,,,0,0,0,,Push
PrizePicks,Soccer,334722,Boubacar Kamara,Midfielder,Villa,Tackles,3.5,TRUE,,10/10/2026,2:00:00 AM,pre_game,EPL,demon,https://static.prizepicks.com/images/players/soccer/blth4klpu88kgh73abpjlgusp.webp,15492939,,,,,,Over,https://static.prizepicks.com/images/players/soccer/blth4klpu88kgh73abpjlgusp.webp,2:00 AM,,,,,2:00 AM,,,,,,,,,,,,,,,,,,,,,,,0,0,0,,Push
PrizePicks,Soccer,319258,Aaron Hickey,Defender,Brentford,Shots,3.5,TRUE,,10/10/2026,2:00:00 AM,pre_game,EPL,demon,https://static.prizepicks.com/images/players/soccer/SCR_team_rRAvKUlGvSP8DVx9tVWgzs42_9xfrrmf19uv4i69ge0kg1hh7u.webp,15492971,,,,,,Over,https://static.prizepicks.com/images/players/soccer/SCR_team_rRAvKUlGvSP8DVx9tVWgzs42_9xfrrmf19uv4i69ge0kg1hh7u.webp,2:00 AM,Scotland,0.9,2.4,,2:00 AM,,,,,,,,,,,,,,,,,,,,,,,0,0,0,,Push
PrizePicks,Soccer,335074,Tammy Abraham,Attacker,Villa,Shots,3.5,TRUE,,10/10/2026,2:00:00 AM,pre_game,EPL,demon,https://static.prizepicks.com/images/manual/Tammy Abraham.png,15493003,,,,,,Over,https://static.prizepicks.com/images/manual/Tammy Abraham.png,2:00 AM,,,,,2:00 AM,,,,,,,,,,,,,,,,,,,,,,,0,0,0,,Push
PrizePicks,Soccer,319538,Dango Ouattara,Attacker,Brentford,Shots,3.5,TRUE,,10/10/2026,2:00:00 AM,pre_game,EPL,demon,https://static.prizepicks.com/images/players/soccer/dg4782hj9xdqg46w225kzph5g.webp,15493044,,,,,,Over,https://static.prizepicks.com/images/players/soccer/dg4782hj9xdqg46w225kzph5g.webp,2:00 AM,,,,,2:00 AM,,,,,,,,,,,,,,,,,,,,,,,0,0,0,,Push
PrizePicks,Soccer,319274,Mikkel Damsgaard,Midfielder,Brentford,Shots,3.5,TRUE,,10/10/2026,2:00:00 AM,pre_game,EPL,demon,https://static.prizepicks.com/images/manual/Mikkel Damsgaard.png,15493062,1.5,56.458,43.542,,,Over,https://static.prizepicks.com/images/manual/Mikkel Damsgaard.png,2:00 AM,,,,,2:00 AM,,,,,,,,1.50,,,,,,,,52.5832,47.4168,52.6,,,,,1.5,1.5,1.5,1.5,Push
PrizePicks,Soccer,339480,Nicolas Jackson,Attacker,Villa,Shots,3.5,TRUE,,10/10/2026,2:00:00 AM,pre_game,EPL,demon,https://static.prizepicks.com/images/manual/Nicolas Jackson.png,15493066,2.5,47.21,52.79,,,Over,https://static.prizepicks.com/images/manual/Nicolas Jackson.png,2:00 AM,Norway,-0.6,2.5,,2:00 AM,,,,,,,,2.50,,,,,,,,48.326,51.674,48.3,,,,,2.5,2.5,2.5,2.5,Push
PrizePicks,Soccer,319267,Igor Thiago,Attacker,Brentford,Shots On Target,3.5,TRUE,,10/10/2026,2:00:00 AM,pre_game,EPL,demon,https://static.prizepicks.com/images/manual/Igor Thiago.webp,15493104,,,,,,Over,https://static.prizepicks.com/images/manual/Igor Thiago.webp,2:00 AM,,,,,2:00 AM,,,,,,,,,,,,,,,,,,,,,,,0,0,0,,Push
PrizePicks,Soccer,335078,Emiliano Buendía,Midfielder,Villa,Shots,3.5,TRUE,,10/10/2026,2:00:00 AM,pre_game,EPL,demon,https://static.prizepicks.com/images/players/soccer/l0qqn9tlgov91p5d1zzdupcl.webp,15493136,2.5,52.874,47.126,,,Over,https://static.prizepicks.com/images/players/soccer/l0qqn9tlgov91p5d1zzdupcl.webp,2:00 AM,,,,,2:00 AM,,,,,,,,2.50,,,,,,,,51.7244,48.2756,51.7,,,,,2.5,2.5,2.5,2.5,Push
PrizePicks,Soccer,319608,Yehor Yarmoliuk,Midfielder,Brentford,Shots,3.5,TRUE,,10/10/2026,2:00:00 AM,pre_game,EPL,demon,https://static.prizepicks.com/images/players/soccer/9mrmzuytv82k3u2nco9tq9y0a.webp,15493189,,,,,,Over,https://static.prizepicks.com/images/players/soccer/9mrmzuytv82k3u2nco9tq9y0a.webp,2:00 AM,,,,,2:00 AM,,,,,,,,,,,,,,,,,,,,,,,0,0,0,,Push
PrizePicks,Soccer,337167,Zion Suzuki,Goalkeeper,Villa,Goalie Saves,3.5,TRUE,,10/10/2026,2:00:00 AM,pre_game,EPL,demon,https://static.prizepicks.com/images/manual/Zion Suzuki.png,15493401,2.5,62.489,37.511,,,Over,https://static.prizepicks.com/images/manual/Zion Suzuki.png,2:00 AM,Tunisia,1.1,2.5,Tunisia vs Japan,2:00 AM,,Estadio Monterrey,,,,,,2.50,,,,,,,,57.4934,42.5066,57.5,,,,,2.5,2.5,2.5,2.5,Push
PrizePicks,Soccer,335089,George Hemmings,Midfielder,Villa,Shots,3.5,TRUE,,10/10/2026,2:00:00 AM,pre_game,EPL,demon,https://static.prizepicks.com/images/players/soccer/SCR_team_eTYgIX64k7tLRTHjGtWxMikD_ak6mqx5tyz1duwg1u3v4fwfmc.webp,15509533,,,,,,Over,https://static.prizepicks.com/images/players/soccer/SCR_team_eTYgIX64k7tLRTHjGtWxMikD_ak6mqx5tyz1duwg1u3v4fwfmc.webp,2:00 AM,,,,,2:00 AM,,,,,,,,,,,,,,,,,,,,,,,0,0,0,,Push
PrizePicks,Soccer,319274,Mikkel Damsgaard,Midfielder,Brentford,Tackles,3.5,TRUE,,10/10/2026,2:00:00 AM,pre_game,EPL,demon,https://static.prizepicks.com/images/manual/Mikkel Damsgaard.png,15514095,,,,,,Over,https://static.prizepicks.com/images/manual/Mikkel Damsgaard.png,2:00 AM,,,,,2:00 AM,,,,,,,,,,,,,,,,,,,,,,,0,0,0,,Push
PrizePicks,Soccer,335084,Matty Cash,Defender,Villa,Tackles,3.5,TRUE,,10/10/2026,2:00:00 AM,pre_game,EPL,demon,https://static.prizepicks.com/images/players/soccer/1e9txzr9hqz94xtun6byo0vs9.webp,15514098,,,,,,Over,https://static.prizepicks.com/images/players/soccer/1e9txzr9hqz94xtun6byo0vs9.webp,2:00 AM,,,,,2:00 AM,,,,,,,,,,,,,,,,,,,,,,,0,0,0,,Push
PrizePicks,Soccer,339203,Leon Goretzka,Midfielder,Villa,Shots,3.5,TRUE,,10/10/2026,2:00:00 AM,pre_game,EPL,demon,https://static.prizepicks.com/images/manual/Leon Goretzka.png,15519805,,,,,,Over,https://static.prizepicks.com/images/manual/Leon Goretzka.png,2:00 AM,Germany,-1.2,2.6,,2:00 AM,,,,,,,,,,,,,,,,,,,,,,,0,0,0,,Push
PrizePicks,Soccer,337157,Ellery Balcombe,Goalkeeper,Brentford,Goalie Saves,3.5,TRUE,,10/10/2026,2:00:00 AM,pre_game,EPL,demon,https://static.prizepicks.com/images/players/soccer/6axta520v9f4z56hctbq3a4mh.webp,15519923,,,,,,Over,https://static.prizepicks.com/images/players/soccer/6axta520v9f4z56hctbq3a4mh.webp,2:00 AM,,,,,2:00 AM,,,,,,,,,,,,,,,,,,,,,,,0,0,0,,Push
PrizePicks,Soccer,334534,Mamadou Sangaré,Midfielder,Brentford,Tackles,3.5,TRUE,,10/10/2026,2:00:00 AM,pre_game,EPL,demon,https://static.prizepicks.com/images/manual/Mamadou Sangaré.png,15520856,,,,,,Over,https://static.prizepicks.com/images/manual/Mamadou Sangaré.png,2:00 AM,,,,,2:00 AM,,,,,,,,,,,,,,,,,,,,,,,0,0,0,,Push
PrizePicks,Soccer,335074,Tammy Abraham,Attacker,Villa,Shots On Target,2.5,TRUE,,10/10/2026,2:00:00 AM,pre_game,EPL,demon,https://static.prizepicks.com/images/manual/Tammy Abraham.png,15442062,,,,,,Over,https://static.prizepicks.com/images/manual/Tammy Abraham.png,2:00 AM,,,,,2:00 AM,,,,,,,,,,,,,,,,,,,,,,,0,0,0,,Push
PrizePicks,Soccer,319540,Keane Lewis-Potter,Attacker,Brentford,Shots On Target,2.5,TRUE,,10/10/2026,2:00:00 AM,pre_game,EPL,demon,https://static.prizepicks.com/images/players/soccer/7j36oy8n0tu8ps0haqb4es48a.webp,15492831,,,,,,Over,https://static.prizepicks.com/images/players/soccer/7j36oy8n0tu8ps0haqb4es48a.webp,2:00 AM,,,,,2:00 AM,,,,,,,,,,,,,,,,,,,,,,,0,0,0,,Push
PrizePicks,Soccer,335078,Emiliano Buendía,Midfielder,Villa,Tackles,2.5,TRUE,,10/10/2026,2:00:00 AM,pre_game,EPL,demon,https://static.prizepicks.com/images/players/soccer/l0qqn9tlgov91p5d1zzdupcl.webp,15492859,,,,,,Over,https://static.prizepicks.com/images/players/soccer/l0qqn9tlgov91p5d1zzdupcl.webp,2:00 AM,,,,,2:00 AM,,,,,,,,,,,,,,,,,,,,,,,0,0,0,,Push
PrizePicks,Soccer,335078,Emiliano Buendía,Midfielder,Villa,Shots On Target,2.5,TRUE,,10/10/2026,2:00:00 AM,pre_game,EPL,demon,https://static.prizepicks.com/images/players/soccer/l0qqn9tlgov91p5d1zzdupcl.webp,15492861,,,,,,Over,https://static.prizepicks.com/images/players/soccer/l0qqn9tlgov91p5d1zzdupcl.webp,2:00 AM,,,,,2:00 AM,,,,,,,,,,,,,,,,,,,,,,,0,0,0,,Push
PrizePicks,Soccer,319258,Aaron Hickey,Defender,Brentford,Tackles,2.5,TRUE,,10/10/2026,2:00:00 AM,pre_game,EPL,demon,https://static.prizepicks.com/images/players/soccer/SCR_team_rRAvKUlGvSP8DVx9tVWgzs42_9xfrrmf19uv4i69ge0kg1hh7u.webp,15492862,,,,,,Over,https://static.prizepicks.com/images/players/soccer/SCR_team_rRAvKUlGvSP8DVx9tVWgzs42_9xfrrmf19uv4i69ge0kg1hh7u.webp,2:00 AM,Scotland,0.9,2.4,,2:00 AM,,,,,,,,,,,,,,,,,,,,,,,0,0,0,,Push
PrizePicks,Soccer,335072,Ross Barkley,Midfielder,Villa,Shots On Target,2.5,TRUE,,10/10/2026,2:00:00 AM,pre_game,EPL,demon,https://static.prizepicks.com/images/players/soccer/dxeju5zcb6j8etdgwq0kweor9.webp,15492875,0.5,42.72,57.28,-2.4,57.28,Over,https://static.prizepicks.com/images/players/soccer/dxeju5zcb6j8etdgwq0kweor9.webp,2:00 AM,,,,,2:00 AM,,,,,,,,0.50,,,,,,,,47.088,52.912,47.1,,,,,0.5,0.5,0.5,,Push
PrizePicks,Soccer,319538,Dango Ouattara,Attacker,Brentford,Tackles,2.5,TRUE,,10/10/2026,2:00:00 AM,pre_game,EPL,demon,https://static.prizepicks.com/images/players/soccer/dg4782hj9xdqg46w225kzph5g.webp,15492884,,,,,,Over,https://static.prizepicks.com/images/players/soccer/dg4782hj9xdqg46w225kzph5g.webp,2:00 AM,,,,,2:00 AM,,,,,,,,,,,,,,,,,,,,,,,0,0,0,,Push
PrizePicks,Soccer,334533,Jaidon Anthony,Attacker,Brentford,Shots On Target,2.5,TRUE,,10/10/2026,2:00:00 AM,pre_game,EPL,demon,https://static.prizepicks.com/images/manual/Jaidon Anthony.png,15492895,,,,,,Over,https://static.prizepicks.com/images/manual/Jaidon Anthony.png,2:00 AM,,,,,2:00 AM,,,,,,,,,,,,,,,,,,,,,,,0,0,0,,Push
PrizePicks,Soccer,335091,Brian Madjo,Attacker,Villa,Shots On Target,2.5,TRUE,,10/10/2026,2:00:00 AM,pre_game,EPL,demon,https://static.prizepicks.com/images/manual/Brian Madjo.png,15492896,,,,,,Over,https://static.prizepicks.com/images/manual/Brian Madjo.png,2:00 AM,,,,,2:00 AM,,,,,,,,,,,,,,,,,,,,,,,0,0,0,,Push
PrizePicks,Soccer,319604,Michael Kayode,Defender,Brentford,Tackles,2.5,TRUE,,10/10/2026,2:00:00 AM,pre_game,EPL,demon,https://static.prizepicks.com/images/players/soccer/471t4engadct4su6thk5r5qtw.webp,15492901,,,,,,Over,https://static.prizepicks.com/images/players/soccer/471t4engadct4su6thk5r5qtw.webp,2:00 AM,,,,,2:00 AM,,,,,,,,,,,,,,,,,,,,,,,0,0,0,,Push
PrizePicks,Soccer,334721,John McGinn,Midfielder,Villa,Tackles,2.5,TRUE,,10/10/2026,2:00:00 AM,pre_game,EPL,demon,https://static.prizepicks.com/images/players/soccer/btvuam6p4391am219taqtcted.webp,15492911,,,,,,Over,https://static.prizepicks.com/images/players/soccer/btvuam6p4391am219taqtcted.webp,2:00 AM,Scotland,0.9,2.4,Scotland vs Morocco,2:00 AM,,Boston Stadium,,,,,,,,,,,,,,,,,,,,,0,0,0,,Push
PrizePicks,Soccer,319267,Igor Thiago,Attacker,Brentford,Fouls,2.5,TRUE,,10/10/2026,2:00:00 AM,pre_game,EPL,demon,https://static.prizepicks.com/images/manual/Igor Thiago.webp,15492919,1.5,46.746,53.254,,,Over,https://static.prizepicks.com/images/manual/Igor Thiago.webp,2:00 AM,,,,,2:00 AM,,,,,,,,1.50,,,,,,,,48.0476,51.9524,48.1,,,,,1.5,1.5,1.5,1.5,Push
PrizePicks,Soccer,335072,Ross Barkley,Midfielder,Villa,Shots,2.5,TRUE,,10/10/2026,2:00:00 AM,pre_game,EPL,demon,https://static.prizepicks.com/images/players/soccer/dxeju5zcb6j8etdgwq0kweor9.webp,15492924,,,,,,Over,https://static.prizepicks.com/images/players/soccer/dxeju5zcb6j8etdgwq0kweor9.webp,2:00 AM,,,,,2:00 AM,,,,,,,,,,,,,,,,,,,,,,,0,0,0,,Push
PrizePicks,Soccer,319607,Vitaly Janelt,Midfielder,Brentford,Fouls,2.5,TRUE,,10/10/2026,2:00:00 AM,pre_game,EPL,demon,https://static.prizepicks.com/images/players/soccer/SCR_team_rRAvKUlGvSP8DVx9tVWgzs42_9k8gysrsy1a261nhcszo4aoyx.webp,15492926,,,,,,Over,https://static.prizepicks.com/images/players/soccer/SCR_team_rRAvKUlGvSP8DVx9tVWgzs42_9k8gysrsy1a261nhcszo4aoyx.webp,2:00 AM,,,,,2:00 AM,,,,,,,,,,,,,,,,,,,,,,,0,0,0,,Push
PrizePicks,Soccer,319524,Rico Henry,Defender,Brentford,Tackles,2.5,TRUE,,10/10/2026,2:00:00 AM,pre_game,EPL,demon,https://static.prizepicks.com/images/players/soccer/2nzefp5pwvldt2ttmxfeakamt.webp,15492940,,,,,,Over,https://static.prizepicks.com/images/players/soccer/2nzefp5pwvldt2ttmxfeakamt.webp,2:00 AM,,,,,2:00 AM,,,,,,,,,,,,,,,,,,,,,,,0,0,0,,Push
PrizePicks,Soccer,320065,Fábio Carvalho,Midfielder,Brentford,Shots On Target,2.5,TRUE,,10/10/2026,2:00:00 AM,pre_game,EPL,demon,https://static.prizepicks.com/images/players/soccer/6z1du1o69dgamvu2m8yi97dre.webp,15492941,,,,,,Over,https://static.prizepicks.com/images/players/soccer/6z1du1o69dgamvu2m8yi97dre.webp,2:00 AM,,,,,2:00 AM,,,,,,,,,,,,,,,,,,,,,,,0,0,0,,Push
PrizePicks,Soccer,335762,Benjamin Fredrick,Defender,Brentford,Shots,2.5,TRUE,,10/10/2026,2:00:00 AM,pre_game,EPL,demon,https://static.prizepicks.com/images/manual/Benjamin Fredrick.png,15492942,,,,,,Over,https://static.prizepicks.com/images/manual/Benjamin Fredrick.png,2:00 AM,,,,,2:00 AM,,,,,,,,,,,,,,,,,,,,,,,0,0,0,,Push
PrizePicks,Soccer,336432,Matteo Ruggeri,Defender,Villa,Shots,2.5,TRUE,,10/10/2026,2:00:00 AM,pre_game,EPL,demon,https://static.prizepicks.com/images/manual/Matteo Ruggeri.png,15492944,,,,,,Over,https://static.prizepicks.com/images/manual/Matteo Ruggeri.png,2:00 AM,,,,,2:00 AM,,,,,,,,,,,,,,,,,,,,,,,0,0,0,,Push
PrizePicks,Soccer,336432,Matteo Ruggeri,Defender,Villa,Tackles,2.5,TRUE,,10/10/2026,2:00:00 AM,pre_game,EPL,demon,https://static.prizepicks.com/images/manual/Matteo Ruggeri.png,15492955,,,,,,Over,https://static.prizepicks.com/images/manual/Matteo Ruggeri.png,2:00 AM,,,,,2:00 AM,,,,,,,,,,,,,,,,,,,,,,,0,0,0,,Push
PrizePicks,Soccer,334533,Jaidon Anthony,Attacker,Brentford,Shots,2.5,TRUE,,10/10/2026,2:00:00 AM,pre_game,EPL,demon,https://static.prizepicks.com/images/manual/Jaidon Anthony.png,15492960,1.5,50.641,49.359,,,Over,https://static.prizepicks.com/images/manual/Jaidon Anthony.png,2:00 AM,,,,,2:00 AM,,,,,,,,1.50,,,,,,,,50.3846,49.6154,50.4,,,,,1.5,1.5,1.5,1.5,Push
PrizePicks,Soccer,335077,Johan Manzambi,Midfielder,Villa,Shots On Target,2.5,TRUE,,10/10/2026,2:00:00 AM,pre_game,EPL,demon,https://static.prizepicks.com/images/manual/Johan Manzambi.png,15492985,,,,,,Over,https://static.prizepicks.com/images/manual/Johan Manzambi.png,2:00 AM,Switzerland,-0.6,2.5,,2:00 AM,,,,,,,,,,,,,,,,,,,,,,,0,0,0,,Push
PrizePicks,Soccer,319273,Mathias Jensen,Midfielder,Brentford,Tackles,2.5,TRUE,,10/10/2026,2:00:00 AM,pre_game,EPL,demon,https://static.prizepicks.com/images/players/soccer/dtol82tjlq48bs0s70sisguz9.webp,15492987,,,,,,Over,https://static.prizepicks.com/images/players/soccer/dtol82tjlq48bs0s70sisguz9.webp,2:00 AM,,,,,2:00 AM,,,,,,,,,,,,,,,,,,,,,,,0,0,0,,Push
PrizePicks,Soccer,319524,Rico Henry,Defender,Brentford,Shots,2.5,TRUE,,10/10/2026,2:00:00 AM,pre_game,EPL,demon,https://static.prizepicks.com/images/players/soccer/2nzefp5pwvldt2ttmxfeakamt.webp,15493008,,,,,,Over,https://static.prizepicks.com/images/players/soccer/2nzefp5pwvldt2ttmxfeakamt.webp,2:00 AM,,,,,2:00 AM,,,,,,,,,,,,,,,,,,,,,,,0,0,0,,Push
PrizePicks,Soccer,335072,Ross Barkley,Midfielder,Villa,Tackles,2.5,TRUE,,10/10/2026,2:00:00 AM,pre_game,EPL,demon,https://static.prizepicks.com/images/players/soccer/dxeju5zcb6j8etdgwq0kweor9.webp,15493015,,,,,,Over,https://static.prizepicks.com/images/players/soccer/dxeju5zcb6j8etdgwq0kweor9.webp,2:00 AM,,,,,2:00 AM,,,,,,,,,,,,,,,,,,,,,,,0,0,0,,Push
PrizePicks,Soccer,319270,Kevin Schade,Midfielder,Brentford,Shots On Target,2.5,TRUE,,10/10/2026,2:00:00 AM,pre_game,EPL,demon,https://static.prizepicks.com/images/players/soccer/1h3mduwlaf89ebwtqxuegsodm.webp,15493021,,,,,,Over,https://static.prizepicks.com/images/players/soccer/1h3mduwlaf89ebwtqxuegsodm.webp,2:00 AM,,,,,2:00 AM,,,,,,,,,,,,,,,,,,,,,,,0,0,0,,Push
PrizePicks,Soccer,319274,Mikkel Damsgaard,Midfielder,Brentford,Shots,2.5,TRUE,,10/10/2026,2:00:00 AM,pre_game,EPL,demon,https://static.prizepicks.com/images/manual/Mikkel Damsgaard.png,15493022,1.5,56.458,43.542,,,Over,https://static.prizepicks.com/images/manual/Mikkel Damsgaard.png,2:00 AM,,,,,2:00 AM,,,,,,,,1.50,,,,,,,,53.8748,46.1252,53.9,,,,,1.5,1.5,1.5,1.5,Push
PrizePicks,Soccer,319604,Michael Kayode,Defender,Brentford,Shots,2.5,TRUE,,10/10/2026,2:00:00 AM,pre_game,EPL,demon,https://static.prizepicks.com/images/players/soccer/471t4engadct4su6thk5r5qtw.webp,15493033,,,,,,Over,https://static.prizepicks.com/images/players/soccer/471t4engadct4su6thk5r5qtw.webp,2:00 AM,,,,,2:00 AM,,,,,,,,,,,,,,,,,,,,,,,0,0,0,,Push
PrizePicks,Soccer,340213,Ibrahim Mbaye,Attacker,Villa,Shots On Target,2.5,TRUE,,10/10/2026,2:00:00 AM,pre_game,EPL,demon,https://static.prizepicks.com/images/manual/Ibrahim Mbaye villa.png,15493034,,,,,,Over,https://static.prizepicks.com/images/manual/Ibrahim Mbaye villa.png,2:00 AM,Norway,-0.6,2.5,,2:00 AM,,,,,,,,,,,,,,,,,,,,,,,0,0,0,,Push
PrizePicks,Soccer,319272,Kristoffer Ajer,Defender,Brentford,Shots,2.5,TRUE,,10/10/2026,2:00:00 AM,pre_game,EPL,demon,https://static.prizepicks.com/images/players/soccer/SCR_team_rRAvKUlGvSP8DVx9tVWgzs42_32bvxwhceid2xdcfx6cd8a8d1.webp,15493045,,,,,,Over,https://static.prizepicks.com/images/players/soccer/SCR_team_rRAvKUlGvSP8DVx9tVWgzs42_32bvxwhceid2xdcfx6cd8a8d1.webp,2:00 AM,Norway,-0.6,2.5,,2:00 AM,,,,,,,,,,,,,,,,,,,,,,,0,0,0,,Push
PrizePicks,Soccer,339220,El Hadji Malick Diouf,Defender,Brentford,Tackles,2.5,TRUE,,10/10/2026,2:00:00 AM,pre_game,EPL,demon,https://images.fotmob.com/image_resources/playerimages/1451265.png,15493048,,,,,,Over,https://images.fotmob.com/image_resources/playerimages/1451265.png,2:00 AM,,,,,2:00 AM,,,,,,,,,,,,,,,,,,,,,,,0,0,0,,Push
PrizePicks,Soccer,335084,Matty Cash,Defender,Villa,Shots,2.5,TRUE,,10/10/2026,2:00:00 AM,pre_game,EPL,demon,https://static.prizepicks.com/images/players/soccer/1e9txzr9hqz94xtun6byo0vs9.webp,15493050,,,,,,Over,https://static.prizepicks.com/images/players/soccer/1e9txzr9hqz94xtun6byo0vs9.webp,2:00 AM,,,,,2:00 AM,,,,,,,,,,,,,,,,,,,,,,,0,0,0,,Push
PrizePicks,Soccer,319605,Nathan Collins,Defender,Brentford,Shots,2.5,TRUE,,10/10/2026,2:00:00 AM,pre_game,EPL,demon,https://static.prizepicks.com/images/players/soccer/csinkvzxcphggdjeflmo173zd.webp,15493057,,,,,,Over,https://static.prizepicks.com/images/players/soccer/csinkvzxcphggdjeflmo173zd.webp,2:00 AM,,,,,2:00 AM,,,,,,,,,,,,,,,,,,,,,,,0,0,0,,Push
PrizePicks,Soccer,335077,Johan Manzambi,Midfielder,Villa,Shots,2.5,TRUE,,10/10/2026,2:00:00 AM,pre_game,EPL,demon,https://static.prizepicks.com/images/manual/Johan Manzambi.png,15493064,2.5,38.549,61.451,,,Over,https://static.prizepicks.com/images/manual/Johan Manzambi.png,2:00 AM,Switzerland,-0.6,2.5,,2:00 AM,,,,,,,,2.50,,,,,,,,38.549,61.451,38.6,,,,,2.5,2.5,2.5,2.5,Push
PrizePicks,Soccer,334721,John McGinn,Midfielder,Villa,Shots On Target,2.5,TRUE,,10/10/2026,2:00:00 AM,pre_game,EPL,demon,https://static.prizepicks.com/images/players/soccer/btvuam6p4391am219taqtcted.webp,15493065,0.5,42.55,57.45,-32.23,57.45,Over,https://static.prizepicks.com/images/players/soccer/btvuam6p4391am219taqtcted.webp,2:00 AM,Scotland,0.9,2.4,Scotland vs Morocco,2:00 AM,,Boston Stadium,,,,,,0.50,,,,,,,,47.02,52.98,47.0,,,,,0.5,0.5,0.5,,Push
PrizePicks,Soccer,334721,John McGinn,Midfielder,Villa,Shots,2.5,TRUE,,10/10/2026,2:00:00 AM,pre_game,EPL,demon,https://static.prizepicks.com/images/players/soccer/btvuam6p4391am219taqtcted.webp,15493067,1.5,53.3,46.7,,,Over,https://static.prizepicks.com/images/players/soccer/btvuam6p4391am219taqtcted.webp,2:00 AM,Scotland,0.9,2.4,Scotland vs Morocco,2:00 AM,,Boston Stadium,,,,,,1.50,,,,,,,,51.98,48.02,52.0,,,,,1.5,1.5,1.5,1.5,Push
PrizePicks,Soccer,334534,Mamadou Sangaré,Midfielder,Brentford,Fouls,2.5,TRUE,,10/10/2026,2:00:00 AM,pre_game,EPL,demon,https://static.prizepicks.com/images/manual/Mamadou Sangaré.png,15493071,,,,,,Over,https://static.prizepicks.com/images/manual/Mamadou Sangaré.png,2:00 AM,,,,,2:00 AM,,,,,,,,,,,,,,,,,,,,,,,0,0,0,,Push
PrizePicks,Soccer,319540,Keane Lewis-Potter,Attacker,Brentford,Shots,2.5,TRUE,,10/10/2026,2:00:00 AM,pre_game,EPL,demon,https://static.prizepicks.com/images/players/soccer/7j36oy8n0tu8ps0haqb4es48a.webp,15493080,,,,,,Over,https://static.prizepicks.com/images/players/soccer/7j36oy8n0tu8ps0haqb4es48a.webp,2:00 AM,,,,,2:00 AM,,,,,,,,,,,,,,,,,,,,,,,0,0,0,,Push
PrizePicks,Soccer,319538,Dango Ouattara,Attacker,Brentford,Shots On Target,2.5,TRUE,,10/10/2026,2:00:00 AM,pre_game,EPL,demon,https://static.prizepicks.com/images/players/soccer/dg4782hj9xdqg46w225kzph5g.webp,15493091,,,,,,Over,https://static.prizepicks.com/images/players/soccer/dg4782hj9xdqg46w225kzph5g.webp,2:00 AM,,,,,2:00 AM,,,,,,,,,,,,,,,,,,,,,,,0,0,0,,Push
PrizePicks,Soccer,335083,Tyrone Mings,Defender,Villa,Shots,2.5,TRUE,,10/10/2026,2:00:00 AM,pre_game,EPL,demon,https://static.prizepicks.com/images/players/soccer/2smmv9hdoiet7necaf00ol51x.webp,15493097,,,,,,Over,https://static.prizepicks.com/images/players/soccer/2smmv9hdoiet7necaf00ol51x.webp,2:00 AM,,,,,2:00 AM,,,,,,,,,,,,,,,,,,,,,,,0,0,0,,Push
PrizePicks,Soccer,335079,Pau Torres,Defender,Villa,Shots,2.5,TRUE,,10/10/2026,2:00:00 AM,pre_game,EPL,demon,https://static.prizepicks.com/images/players/soccer/57s7gfvt5btbfzm600wn7df55.webp,15493100,,,,,,Over,https://static.prizepicks.com/images/players/soccer/57s7gfvt5btbfzm600wn7df55.webp,2:00 AM,,,,,2:00 AM,,,,,,,,,,,,,,,,,,,,,,,0,0,0,,Push
PrizePicks,Soccer,319607,Vitaly Janelt,Midfielder,Brentford,Shots,2.5,TRUE,,10/10/2026,2:00:00 AM,pre_game,EPL,demon,https://static.prizepicks.com/images/players/soccer/SCR_team_rRAvKUlGvSP8DVx9tVWgzs42_9k8gysrsy1a261nhcszo4aoyx.webp,15493107,,,,,,Over,https://static.prizepicks.com/images/players/soccer/SCR_team_rRAvKUlGvSP8DVx9tVWgzs42_9k8gysrsy1a261nhcszo4aoyx.webp,2:00 AM,,,,,2:00 AM,,,,,,,,,,,,,,,,,,,,,,,0,0,0,,Push
PrizePicks,Soccer,335082,Lamare Bogarde,Midfielder,Villa,Tackles,2.5,TRUE,,10/10/2026,2:00:00 AM,pre_game,EPL,demon,https://static.prizepicks.com/images/players/soccer/9jj7t00bb5zflz78nlz3bvllg.webp,15493108,,,,,,Over,https://static.prizepicks.com/images/players/soccer/9jj7t00bb5zflz78nlz3bvllg.webp,2:00 AM,,,,,2:00 AM,,,,,,,,,,,,,,,,,,,,,,,0,0,0,,Push
PrizePicks,Soccer,335075,Alejandro Garnacho,Attacker,Villa,Shots On Target,2.5,TRUE,,10/10/2026,2:00:00 AM,pre_game,EPL,demon,https://static.prizepicks.com/images/manual/Alejandro Garnacho.png,15493117,,,,,,Over,https://static.prizepicks.com/images/manual/Alejandro Garnacho.png,2:00 AM,,,,,2:00 AM,,,,,,,,,,,,,,,,,,,,,,,0,0,0,,Push
PrizePicks,Soccer,334500,Callum Wilson,Attacker,Brentford,Shots,2.5,TRUE,,10/10/2026,2:00:00 AM,pre_game,EPL,demon,https://static.prizepicks.com/images/manual/Callum_Eddie_Graham_Wilson.png,15493120,,,,,,Over,https://static.prizepicks.com/images/manual/Callum_Eddie_Graham_Wilson.png,2:00 AM,,,,,2:00 AM,,,,,,,,,,,,,,,,,,,,,,,0,0,0,,Push
PrizePicks,Soccer,319272,Kristoffer Ajer,Defender,Brentford,Tackles,2.5,TRUE,,10/10/2026,2:00:00 AM,pre_game,EPL,demon,https://static.prizepicks.com/images/players/soccer/SCR_team_rRAvKUlGvSP8DVx9tVWgzs42_32bvxwhceid2xdcfx6cd8a8d1.webp,15493121,,,,,,Over,https://static.prizepicks.com/images/players/soccer/SCR_team_rRAvKUlGvSP8DVx9tVWgzs42_32bvxwhceid2xdcfx6cd8a8d1.webp,2:00 AM,Norway,-0.6,2.5,,2:00 AM,,,,,,,,,,,,,,,,,,,,,,,0,0,0,,Push
PrizePicks,Soccer,335081,Victor Lindelöf,Defender,Villa,Shots,2.5,TRUE,,10/10/2026,2:00:00 AM,pre_game,EPL,demon,https://static.prizepicks.com/images/players/soccer/SCR_team_eTYgIX64k7tLRTHjGtWxMikD_a3ms8havadt1y9x381l325txx.webp,15493122,,,,,,Over,https://static.prizepicks.com/images/players/soccer/SCR_team_eTYgIX64k7tLRTHjGtWxMikD_a3ms8havadt1y9x381l325txx.webp,2:00 AM,Netherlands,-0.8,2.6,Netherlands vs Sweden,2:00 AM,,Houston Stadium,,,,,,,,,,,,,,,,,,,,,0,0,0,,Push
PrizePicks,Soccer,334534,Mamadou Sangaré,Midfielder,Brentford,Shots,2.5,TRUE,,10/10/2026,2:00:00 AM,pre_game,EPL,demon,https://static.prizepicks.com/images/manual/Mamadou Sangaré.png,15493132,,,,,,Over,https://static.prizepicks.com/images/manual/Mamadou Sangaré.png,2:00 AM,,,,,2:00 AM,,,,,,,,,,,,,,,,,,,,,,,0,0,0,,Push
PrizePicks,Soccer,335062,Jannik Schuster,Defender,Brentford,Shots,2.5,TRUE,,10/10/2026,2:00:00 AM,pre_game,EPL,demon,https://static.prizepicks.com/images/manual/Jannik_Schuster-.png,15493147,,,,,,Over,https://static.prizepicks.com/images/manual/Jannik_Schuster-.png,2:00 AM,,,,,2:00 AM,,,,,,,,,,,,,,,,,,,,,,,0,0,0,,Push
PrizePicks,Soccer,337171,Aaron Wan-Bissaka,Defender,Villa,Shots,2.5,TRUE,,10/10/2026,2:00:00 AM,pre_game,EPL,demon,https://static.prizepicks.com/images/manual/Aaron Wan-Bissaka.png,15493148,,,,,,Over,https://static.prizepicks.com/images/manual/Aaron Wan-Bissaka.png,2:00 AM,Colombia,-1.2,2.5,,2:00 AM,,,,,,,,,,,,,,,,,,,,,,,0,0,0,,Push
PrizePicks,Soccer,340211,Taylor Harwood-Bellis,Defender,Villa,Shots,2.5,TRUE,,10/10/2026,2:00:00 AM,pre_game,EPL,demon,https://static.prizepicks.com/images/manual/Taylor Harwood-Bellis villa.png,15493161,,,,,,Over,https://static.prizepicks.com/images/manual/Taylor Harwood-Bellis villa.png,2:00 AM,,,,,2:00 AM,,,,,,,,,,,,,,,,,,,,,,,0,0,0,,Push
PrizePicks,Soccer,335552,Gustavo Nunes,Attacker,Brentford,Shots,2.5,TRUE,,10/10/2026,2:00:00 AM,pre_game,EPL,demon,https://static.prizepicks.com/images/manual/Gustavo Nunes.png,15493165,,,,,,Over,https://static.prizepicks.com/images/manual/Gustavo Nunes.png,2:00 AM,,,,,2:00 AM,,,,,,,,,,,,,,,,,,,,,,,0,0,0,,Push
PrizePicks,Soccer,320065,Fábio Carvalho,Midfielder,Brentford,Shots,2.5,TRUE,,10/10/2026,2:00:00 AM,pre_game,EPL,demon,https://static.prizepicks.com/images/players/soccer/6z1du1o69dgamvu2m8yi97dre.webp,15493177,,,,,,Over,https://static.prizepicks.com/images/players/soccer/6z1du1o69dgamvu2m8yi97dre.webp,2:00 AM,,,,,2:00 AM,,,,,,,,,,,,,,,,,,,,,,,0,0,0,,Push
PrizePicks,Soccer,340213,Ibrahim Mbaye,Attacker,Villa,Shots,2.5,TRUE,,10/10/2026,2:00:00 AM,pre_game,EPL,demon,https://static.prizepicks.com/images/manual/Ibrahim Mbaye villa.png,15493179,,,,,,Over,https://static.prizepicks.com/images/manual/Ibrahim Mbaye villa.png,2:00 AM,Norway,-0.6,2.5,,2:00 AM,,,,,,,,,,,,,,,,,,,,,,,0,0,0,,Push
PrizePicks,Soccer,339220,El Hadji Malick Diouf,Defender,Brentford,Shots,2.5,TRUE,,10/10/2026,2:00:00 AM,pre_game,EPL,demon,https://images.fotmob.com/image_resources/playerimages/1451265.png,15493191,,,,,,Over,https://images.fotmob.com/image_resources/playerimages/1451265.png,2:00 AM,,,,,2:00 AM,,,,,,,,,,,,,,,,,,,,,,,0,0,0,,Push
PrizePicks,Soccer,319270,Kevin Schade,Midfielder,Brentford,Shots,2.5,TRUE,,10/10/2026,2:00:00 AM,pre_game,EPL,demon,https://static.prizepicks.com/images/players/soccer/1h3mduwlaf89ebwtqxuegsodm.webp,15493195,1.5,57.118,42.882,,,Over,https://static.prizepicks.com/images/players/soccer/1h3mduwlaf89ebwtqxuegsodm.webp,2:00 AM,,,,,2:00 AM,,,,,,,,1.50,,,,,,,,54.2708,45.7292,54.3,,,,,1.5,1.5,1.5,1.5,Push
PrizePicks,Soccer,335081,Victor Lindelöf,Defender,Villa,Tackles,2.5,TRUE,,10/10/2026,2:00:00 AM,pre_game,EPL,demon,https://static.prizepicks.com/images/players/soccer/SCR_team_eTYgIX64k7tLRTHjGtWxMikD_a3ms8havadt1y9x381l325txx.webp,15514096,,,,,,Over,https://static.prizepicks.com/images/players/soccer/SCR_team_eTYgIX64k7tLRTHjGtWxMikD_a3ms8havadt1y9x381l325txx.webp,2:00 AM,Netherlands,-0.8,2.6,Netherlands vs Sweden,2:00 AM,,Houston Stadium,,,,,,,,,,,,,,,,,,,,,0,0,0,,Push
PrizePicks,Soccer,319270,Kevin Schade,Midfielder,Brentford,Tackles,2.5,TRUE,,10/10/2026,2:00:00 AM,pre_game,EPL,demon,https://static.prizepicks.com/images/players/soccer/1h3mduwlaf89ebwtqxuegsodm.webp,15514108,,,,,,Over,https://static.prizepicks.com/images/players/soccer/1h3mduwlaf89ebwtqxuegsodm.webp,2:00 AM,,,,,2:00 AM,,,,,,,,,,,,,,,,,,,,,,,0,0,0,,Push
PrizePicks,Soccer,335077,Johan Manzambi,Midfielder,Villa,Tackles,2.5,TRUE,,10/10/2026,2:00:00 AM,pre_game,EPL,demon,https://static.prizepicks.com/images/manual/Johan Manzambi.png,15514109,,,,,,Over,https://static.prizepicks.com/images/manual/Johan Manzambi.png,2:00 AM,Switzerland,-0.6,2.5,,2:00 AM,,,,,,,,,,,,,,,,,,,,,,,0,0,0,,Push
PrizePicks,Soccer,334729,João Gomes,Midfielder,Villa,Fouls,2.5,TRUE,,10/10/2026,2:00:00 AM,pre_game,EPL,demon,https://static.prizepicks.com/images/manual/João Gomes.png,15514112,,,,,,Over,https://static.prizepicks.com/images/manual/João Gomes.png,2:00 AM,,,,,2:00 AM,,,,,,,,,,,,,,,,,,,,,,,0,0,0,,Push
PrizePicks,Soccer,319608,Yehor Yarmoliuk,Midfielder,Brentford,Fouls,2.5,TRUE,,10/10/2026,2:00:00 AM,pre_game,EPL,demon,https://static.prizepicks.com/images/players/soccer/9mrmzuytv82k3u2nco9tq9y0a.webp,15519783,,,,,,Over,https://static.prizepicks.com/images/players/soccer/9mrmzuytv82k3u2nco9tq9y0a.webp,2:00 AM,,,,,2:00 AM,,,,,,,,,,,,,,,,,,,,,,,0,0,0,,Push
PrizePicks,Soccer,339203,Leon Goretzka,Midfielder,Villa,Tackles,2.5,TRUE,,10/10/2026,2:00:00 AM,pre_game,EPL,demon,https://static.prizepicks.com/images/manual/Leon Goretzka.png,15519811,,,,,,Over,https://static.prizepicks.com/images/manual/Leon Goretzka.png,2:00 AM,Germany,-1.2,2.6,,2:00 AM,,,,,,,,,,,,,,,,,,,,,,,0,0,0,,Push
PrizePicks,Soccer,335079,Pau Torres,Defender,Villa,Tackles,2.5,TRUE,,10/10/2026,2:00:00 AM,pre_game,EPL,demon,https://static.prizepicks.com/images/players/soccer/57s7gfvt5btbfzm600wn7df55.webp,15519815,,,,,,Over,https://static.prizepicks.com/images/players/soccer/57s7gfvt5btbfzm600wn7df55.webp,2:00 AM,,,,,2:00 AM,,,,,,,,,,,,,,,,,,,,,,,0,0,0,,Push
PrizePicks,Soccer,335083,Tyrone Mings,Defender,Villa,Tackles,2.5,TRUE,,10/10/2026,2:00:00 AM,pre_game,EPL,demon,https://static.prizepicks.com/images/players/soccer/2smmv9hdoiet7necaf00ol51x.webp,15519818,,,,,,Over,https://static.prizepicks.com/images/players/soccer/2smmv9hdoiet7necaf00ol51x.webp,2:00 AM,,,,,2:00 AM,,,,,,,,,,,,,,,,,,,,,,,0,0,0,,Push
PrizePicks,Soccer,319540,Keane Lewis-Potter,Attacker,Brentford,Tackles,2.5,TRUE,,10/10/2026,2:00:00 AM,pre_game,EPL,demon,https://static.prizepicks.com/images/players/soccer/7j36oy8n0tu8ps0haqb4es48a.webp,15519819,,,,,,Over,https://static.prizepicks.com/images/players/soccer/7j36oy8n0tu8ps0haqb4es48a.webp,2:00 AM,,,,,2:00 AM,,,,,,,,,,,,,,,,,,,,,,,0,0,0,,Push
PrizePicks,Soccer,319605,Nathan Collins,Defender,Brentford,Tackles,2.5,TRUE,,10/10/2026,2:00:00 AM,pre_game,EPL,demon,https://static.prizepicks.com/images/players/soccer/csinkvzxcphggdjeflmo173zd.webp,15519821,,,,,,Over,https://static.prizepicks.com/images/players/soccer/csinkvzxcphggdjeflmo173zd.webp,2:00 AM,,,,,2:00 AM,,,,,,,,,,,,,,,,,,,,,,,0,0,0,,Push
PrizePicks,Soccer,319607,Vitaly Janelt,Midfielder,Brentford,Tackles,2.5,TRUE,,10/10/2026,2:00:00 AM,pre_game,EPL,demon,https://static.prizepicks.com/images/players/soccer/SCR_team_rRAvKUlGvSP8DVx9tVWgzs42_9k8gysrsy1a261nhcszo4aoyx.webp,15526921,,,,,,Over,https://static.prizepicks.com/images/players/soccer/SCR_team_rRAvKUlGvSP8DVx9tVWgzs42_9k8gysrsy1a261nhcszo4aoyx.webp,2:00 AM,,,,,2:00 AM,,,,,,,,,,,,,,,,,,,,,,,0,0,0,,Push
PrizePicks,Soccer,319608,Yehor Yarmoliuk,Midfielder,Brentford,Tackles,2.5,TRUE,,10/10/2026,2:00:00 AM,pre_game,EPL,demon,https://static.prizepicks.com/images/players/soccer/9mrmzuytv82k3u2nco9tq9y0a.webp,15550103,,,,,,Over,https://static.prizepicks.com/images/players/soccer/9mrmzuytv82k3u2nco9tq9y0a.webp,2:00 AM,,,,,2:00 AM,,,,,,,,,,,,,,,,,,,,,,,0,0,0,,Push
PrizePicks,Soccer,335089,George Hemmings,Midfielder,Villa,Tackles,2.5,TRUE,,10/10/2026,2:00:00 AM,pre_game,EPL,demon,https://static.prizepicks.com/images/players/soccer/SCR_team_eTYgIX64k7tLRTHjGtWxMikD_ak6mqx5tyz1duwg1u3v4fwfmc.webp,15562806,,,,,,Over,https://static.prizepicks.com/images/players/soccer/SCR_team_eTYgIX64k7tLRTHjGtWxMikD_ak6mqx5tyz1duwg1u3v4fwfmc.webp,2:00 AM,,,,,2:00 AM,,,,,,,,,,,,,,,,,,,,,,,0,0,0,,Push
PrizePicks,Soccer,339480,Nicolas Jackson,Attacker,Villa,Goals,1.5,TRUE,,10/10/2026,2:00:00 AM,pre_game,EPL,demon,https://static.prizepicks.com/images/manual/Nicolas Jackson.png,15409139,0.5,41.552,58.448,,,Over,https://static.prizepicks.com/images/manual/Nicolas Jackson.png,2:00 AM,Norway,-0.6,2.5,,2:00 AM,,,,,,,,0.50,,,,,,,,44.9312,55.0688,44.9,,,,,0.5,0.5,0.5,0.5,Push
PrizePicks,Soccer,334500,Callum Wilson,Attacker,Brentford,Goals,1.5,TRUE,,10/10/2026,2:00:00 AM,pre_game,EPL,demon,https://static.prizepicks.com/images/manual/Callum_Eddie_Graham_Wilson.png,15438013,,,,,,Over,https://static.prizepicks.com/images/manual/Callum_Eddie_Graham_Wilson.png,2:00 AM,,,,,2:00 AM,,,,,,,,,,,,,,,,,,,,,,,0,0,0,,Push
PrizePicks,Soccer,334500,Callum Wilson,Attacker,Brentford,Shots On Target,1.5,TRUE,,10/10/2026,2:00:00 AM,pre_game,EPL,demon,https://static.prizepicks.com/images/manual/Callum_Eddie_Graham_Wilson.png,15441941,,,,,,Over,https://static.prizepicks.com/images/manual/Callum_Eddie_Graham_Wilson.png,2:00 AM,,,,,2:00 AM,,,,,,,,,,,,,,,,,,,,,,,0,0,0,,Push
PrizePicks,Soccer,319267,Igor Thiago,Attacker,Brentford,Shots On Target,1.5,TRUE,,10/10/2026,2:00:00 AM,pre_game,EPL,demon,https://static.prizepicks.com/images/manual/Igor Thiago.webp,15441946,,,,,,Over,https://static.prizepicks.com/images/manual/Igor Thiago.webp,2:00 AM,,,,,2:00 AM,,,,,,,,,,,,,,,,,,,,,,,0,0,0,,Push
PrizePicks,Soccer,339480,Nicolas Jackson,Attacker,Villa,Shots On Target,1.5,TRUE,,10/10/2026,2:00:00 AM,pre_game,EPL,demon,https://static.prizepicks.com/images/manual/Nicolas Jackson.png,15441948,,,,,,Over,https://static.prizepicks.com/images/manual/Nicolas Jackson.png,2:00 AM,Norway,-0.6,2.5,,2:00 AM,,,,,,,,,,,,,,,,,,,,,,,0,0,0,,Push
PrizePicks,Soccer,319267,Igor Thiago,Attacker,Brentford,Goals,1.5,TRUE,,10/10/2026,2:00:00 AM,pre_game,EPL,demon,https://static.prizepicks.com/images/manual/Igor Thiago.webp,15441960,0.5,43.091,56.909,,,Over,https://static.prizepicks.com/images/manual/Igor Thiago.webp,2:00 AM,,,,,2:00 AM,,,,,,,,0.50,,,,,,,,45.8546,54.1454,45.9,,,,,0.5,0.5,0.5,0.5,Push
PrizePicks,Soccer,335091,Brian Madjo,Attacker,Villa,Shots On Target,1.5,TRUE,,10/10/2026,2:00:00 AM,pre_game,EPL,demon,https://static.prizepicks.com/images/manual/Brian Madjo.png,15441971,,,,,,Over,https://static.prizepicks.com/images/manual/Brian Madjo.png,2:00 AM,,,,,2:00 AM,,,,,,,,,,,,,,,,,,,,,,,0,0,0,,Push
PrizePicks,Soccer,335077,Johan Manzambi,Midfielder,Villa,Shots On Target,1.5,TRUE,,10/10/2026,2:00:00 AM,pre_game,EPL,demon,https://static.prizepicks.com/images/manual/Johan Manzambi.png,15441974,,,,,,Over,https://static.prizepicks.com/images/manual/Johan Manzambi.png,2:00 AM,Switzerland,-0.6,2.5,,2:00 AM,,,,,,,,,,,,,,,,,,,,,,,0,0,0,,Push
PrizePicks,Soccer,334721,John McGinn,Midfielder,Villa,Shots On Target,1.5,TRUE,,10/10/2026,2:00:00 AM,pre_game,EPL,demon,https://static.prizepicks.com/images/players/soccer/btvuam6p4391am219taqtcted.webp,15441975,0.5,42.55,57.45,-32.23,57.45,Over,https://static.prizepicks.com/images/players/soccer/btvuam6p4391am219taqtcted.webp,2:00 AM,Scotland,0.9,2.4,Scotland vs Morocco,2:00 AM,,Boston Stadium,,,,,,0.50,,,,,,,,45.53,54.47,45.5,,,,,0.5,0.5,0.5,,Push
PrizePicks,Soccer,334533,Jaidon Anthony,Attacker,Brentford,Shots On Target,1.5,TRUE,,10/10/2026,2:00:00 AM,pre_game,EPL,demon,https://static.prizepicks.com/images/manual/Jaidon Anthony.png,15441977,,,,,,Over,https://static.prizepicks.com/images/manual/Jaidon Anthony.png,2:00 AM,,,,,2:00 AM,,,,,,,,,,,,,,,,,,,,,,,0,0,0,,Push
PrizePicks,Soccer,335078,Emiliano Buendía,Midfielder,Villa,Shots On Target,1.5,TRUE,,10/10/2026,2:00:00 AM,pre_game,EPL,demon,https://static.prizepicks.com/images/players/soccer/l0qqn9tlgov91p5d1zzdupcl.webp,15441979,,,,,,Over,https://static.prizepicks.com/images/players/soccer/l0qqn9tlgov91p5d1zzdupcl.webp,2:00 AM,,,,,2:00 AM,,,,,,,,,,,,,,,,,,,,,,,0,0,0,,Push
PrizePicks,Soccer,319274,Mikkel Damsgaard,Midfielder,Brentford,Shots On Target,1.5,TRUE,,10/10/2026,2:00:00 AM,pre_game,EPL,demon,https://static.prizepicks.com/images/manual/Mikkel Damsgaard.png,15441982,,,,,,Over,https://static.prizepicks.com/images/manual/Mikkel Damsgaard.png,2:00 AM,,,,,2:00 AM,,,,,,,,,,,,,,,,,,,,,,,0,0,0,,Push
PrizePicks,Soccer,319270,Kevin Schade,Midfielder,Brentford,Shots On Target,1.5,TRUE,,10/10/2026,2:00:00 AM,pre_game,EPL,demon,https://static.prizepicks.com/images/players/soccer/1h3mduwlaf89ebwtqxuegsodm.webp,15441983,,,,,,Over,https://static.prizepicks.com/images/players/soccer/1h3mduwlaf89ebwtqxuegsodm.webp,2:00 AM,,,,,2:00 AM,,,,,,,,,,,,,,,,,,,,,,,0,0,0,,Push
PrizePicks,Soccer,340213,Ibrahim Mbaye,Attacker,Villa,Shots On Target,1.5,TRUE,,10/10/2026,2:00:00 AM,pre_game,EPL,demon,https://static.prizepicks.com/images/manual/Ibrahim Mbaye villa.png,15441987,,,,,,Over,https://static.prizepicks.com/images/manual/Ibrahim Mbaye villa.png,2:00 AM,Norway,-0.6,2.5,,2:00 AM,,,,,,,,,,,,,,,,,,,,,,,0,0,0,,Push
PrizePicks,Soccer,335074,Tammy Abraham,Attacker,Villa,Shots On Target,1.5,TRUE,,10/10/2026,2:00:00 AM,pre_game,EPL,demon,https://static.prizepicks.com/images/manual/Tammy Abraham.png,15441992,,,,,,Over,https://static.prizepicks.com/images/manual/Tammy Abraham.png,2:00 AM,,,,,2:00 AM,,,,,,,,,,,,,,,,,,,,,,,0,0,0,,Push
PrizePicks,Soccer,319270,Kevin Schade,Midfielder,Brentford,Goals,1.5,TRUE,,10/10/2026,2:00:00 AM,pre_game,EPL,demon,https://static.prizepicks.com/images/players/soccer/1h3mduwlaf89ebwtqxuegsodm.webp,15442018,0.5,33.669,66.331,,,Over,https://static.prizepicks.com/images/players/soccer/1h3mduwlaf89ebwtqxuegsodm.webp,2:00 AM,,,,,2:00 AM,,,,,,,,0.50,,,,,,,,40.2014,59.7986,40.2,,,,,0.5,0.5,0.5,0.5,Push
PrizePicks,Soccer,335074,Tammy Abraham,Attacker,Villa,Goals,1.5,TRUE,,10/10/2026,2:00:00 AM,pre_game,EPL,demon,https://static.prizepicks.com/images/manual/Tammy Abraham.png,15442031,,,,,,Over,https://static.prizepicks.com/images/manual/Tammy Abraham.png,2:00 AM,,,,,2:00 AM,,,,,,,,,,,,,,,,,,,,,,,0,0,0,,Push
PrizePicks,Soccer,335072,Ross Barkley,Midfielder,Villa,Shots On Target,1.5,TRUE,,10/10/2026,2:00:00 AM,pre_game,EPL,demon,https://static.prizepicks.com/images/players/soccer/dxeju5zcb6j8etdgwq0kweor9.webp,15492833,0.5,42.72,57.28,-2.4,57.28,Over,https://static.prizepicks.com/images/players/soccer/dxeju5zcb6j8etdgwq0kweor9.webp,2:00 AM,,,,,2:00 AM,,,,,,,,0.50,,,,,,,,45.632,54.368,45.6,,,,,0.5,0.5,0.5,,Push
PrizePicks,Soccer,334722,Boubacar Kamara,Midfielder,Villa,Shots On Target,1.5,TRUE,,10/10/2026,2:00:00 AM,pre_game,EPL,demon,https://static.prizepicks.com/images/players/soccer/blth4klpu88kgh73abpjlgusp.webp,15492836,,#NUM!,#NUM!,,,Over,https://static.prizepicks.com/images/players/soccer/blth4klpu88kgh73abpjlgusp.webp,2:00 AM,,,,,2:00 AM,,,,,,,,,,,,,,,,,,,,,,,0,0,0,,Push
PrizePicks,Soccer,339480,Nicolas Jackson,Attacker,Villa,Tackles,1.5,TRUE,,10/10/2026,2:00:00 AM,pre_game,EPL,demon,https://static.prizepicks.com/images/manual/Nicolas Jackson.png,15492842,,,,,,Over,https://static.prizepicks.com/images/manual/Nicolas Jackson.png,2:00 AM,Norway,-0.6,2.5,,2:00 AM,,,,,,,,,,,,,,,,,,,,,,,0,0,0,,Push
PrizePicks,Soccer,319607,Vitaly Janelt,Midfielder,Brentford,Shots On Target,1.5,TRUE,,10/10/2026,2:00:00 AM,pre_game,EPL,demon,https://static.prizepicks.com/images/players/soccer/SCR_team_rRAvKUlGvSP8DVx9tVWgzs42_9k8gysrsy1a261nhcszo4aoyx.webp,15492846,,,,,,Over,https://static.prizepicks.com/images/players/soccer/SCR_team_rRAvKUlGvSP8DVx9tVWgzs42_9k8gysrsy1a261nhcszo4aoyx.webp,2:00 AM,,,,,2:00 AM,,,,,,,,,,,,,,,,,,,,,,,0,0,0,,Push
PrizePicks,Soccer,334721,John McGinn,Midfielder,Villa,Fouls,1.5,TRUE,,10/10/2026,2:00:00 AM,pre_game,EPL,demon,https://static.prizepicks.com/images/players/soccer/btvuam6p4391am219taqtcted.webp,15492849,1.5,44.37,55.63,,,Over,https://static.prizepicks.com/images/players/soccer/btvuam6p4391am219taqtcted.webp,2:00 AM,Scotland,0.9,2.4,Scotland vs Morocco,2:00 AM,,Boston Stadium,,,,,,1.50,,,,,,,,44.37,55.63,44.4,,,,,1.5,1.5,1.5,1.5,Push
PrizePicks,Soccer,319604,Michael Kayode,Defender,Brentford,Shots On Target,1.5,TRUE,,10/10/2026,2:00:00 AM,pre_game,EPL,demon,https://static.prizepicks.com/images/players/soccer/471t4engadct4su6thk5r5qtw.webp,15492850,,,,,,Over,https://static.prizepicks.com/images/players/soccer/471t4engadct4su6thk5r5qtw.webp,2:00 AM,,,,,2:00 AM,,,,,,,,,,,,,,,,,,,,,,,0,0,0,,Push
PrizePicks,Soccer,335081,Victor Lindelöf,Defender,Villa,Shots On Target,1.5,TRUE,,10/10/2026,2:00:00 AM,pre_game,EPL,demon,https://static.prizepicks.com/images/players/soccer/SCR_team_eTYgIX64k7tLRTHjGtWxMikD_a3ms8havadt1y9x381l325txx.webp,15492852,,,,,,Over,https://static.prizepicks.com/images/players/soccer/SCR_team_eTYgIX64k7tLRTHjGtWxMikD_a3ms8havadt1y9x381l325txx.webp,2:00 AM,Netherlands,-0.8,2.6,Netherlands vs Sweden,2:00 AM,,Houston Stadium,,,,,,,,,,,,,,,,,,,,,0,0,0,,Push
PrizePicks,Soccer,335081,Victor Lindelöf,Defender,Villa,Fouls,1.5,TRUE,,10/10/2026,2:00:00 AM,pre_game,EPL,demon,https://static.prizepicks.com/images/players/soccer/SCR_team_eTYgIX64k7tLRTHjGtWxMikD_a3ms8havadt1y9x381l325txx.webp,15492865,,,,,,Over,https://static.prizepicks.com/images/players/soccer/SCR_team_eTYgIX64k7tLRTHjGtWxMikD_a3ms8havadt1y9x381l325txx.webp,2:00 AM,Netherlands,-0.8,2.6,Netherlands vs Sweden,2:00 AM,,Houston Stadium,,,,,,,,,,,,,,,,,,,,,0,0,0,,Push
PrizePicks,Soccer,320065,Fábio Carvalho,Midfielder,Brentford,Shots On Target,1.5,TRUE,,10/10/2026,2:00:00 AM,pre_game,EPL,demon,https://static.prizepicks.com/images/players/soccer/6z1du1o69dgamvu2m8yi97dre.webp,15492873,,,,,,Over,https://static.prizepicks.com/images/players/soccer/6z1du1o69dgamvu2m8yi97dre.webp,2:00 AM,,,,,2:00 AM,,,,,,,,,,,,,,,,,,,,,,,0,0,0,,Push
PrizePicks,Soccer,319604,Michael Kayode,Defender,Brentford,Fouls,1.5,TRUE,,10/10/2026,2:00:00 AM,pre_game,EPL,demon,https://static.prizepicks.com/images/players/soccer/471t4engadct4su6thk5r5qtw.webp,15492882,,,,,,Over,https://static.prizepicks.com/images/players/soccer/471t4engadct4su6thk5r5qtw.webp,2:00 AM,,,,,2:00 AM,,,,,,,,,,,,,,,,,,,,,,,0,0,0,,Push
PrizePicks,Soccer,319524,Rico Henry,Defender,Brentford,Fouls,1.5,TRUE,,10/10/2026,2:00:00 AM,pre_game,EPL,demon,https://static.prizepicks.com/images/players/soccer/2nzefp5pwvldt2ttmxfeakamt.webp,15492886,,,,,,Over,https://static.prizepicks.com/images/players/soccer/2nzefp5pwvldt2ttmxfeakamt.webp,2:00 AM,,,,,2:00 AM,,,,,,,,,,,,,,,,,,,,,,,0,0,0,,Push
PrizePicks,Soccer,335084,Matty Cash,Defender,Villa,Fouls,1.5,TRUE,,10/10/2026,2:00:00 AM,pre_game,EPL,demon,https://static.prizepicks.com/images/players/soccer/1e9txzr9hqz94xtun6byo0vs9.webp,15492887,,,,,,Over,https://static.prizepicks.com/images/players/soccer/1e9txzr9hqz94xtun6byo0vs9.webp,2:00 AM,,,,,2:00 AM,,,,,,,,,,,,,,,,,,,,,,,0,0,0,,Push
PrizePicks,Soccer,334533,Jaidon Anthony,Attacker,Brentford,Fouls,1.5,TRUE,,10/10/2026,2:00:00 AM,pre_game,EPL,demon,https://static.prizepicks.com/images/manual/Jaidon Anthony.png,15492894,,,,,,Over,https://static.prizepicks.com/images/manual/Jaidon Anthony.png,2:00 AM,,,,,2:00 AM,,,,,,,,,,,,,,,,,,,,,,,0,0,0,,Push
PrizePicks,Soccer,335075,Alejandro Garnacho,Attacker,Villa,Shots On Target,1.5,TRUE,,10/10/2026,2:00:00 AM,pre_game,EPL,demon,https://static.prizepicks.com/images/manual/Alejandro Garnacho.png,15492899,,,,,,Over,https://static.prizepicks.com/images/manual/Alejandro Garnacho.png,2:00 AM,,,,,2:00 AM,,,,,,,,,,,,,,,,,,,,,,,0,0,0,,Push
PrizePicks,Soccer,335074,Tammy Abraham,Attacker,Villa,Tackles,1.5,TRUE,,10/10/2026,2:00:00 AM,pre_game,EPL,demon,https://static.prizepicks.com/images/manual/Tammy Abraham.png,15492906,,,,,,Over,https://static.prizepicks.com/images/manual/Tammy Abraham.png,2:00 AM,,,,,2:00 AM,,,,,,,,,,,,,,,,,,,,,,,0,0,0,,Push
PrizePicks,Soccer,335084,Matty Cash,Defender,Villa,Shots On Target,1.5,TRUE,,10/10/2026,2:00:00 AM,pre_game,EPL,demon,https://static.prizepicks.com/images/players/soccer/1e9txzr9hqz94xtun6byo0vs9.webp,15492910,,#NUM!,#NUM!,,,Over,https://static.prizepicks.com/images/players/soccer/1e9txzr9hqz94xtun6byo0vs9.webp,2:00 AM,,,,,2:00 AM,,,,,,,,,,,,,,,,,,,,,,,0,0,0,,Push
PrizePicks,Soccer,319608,Yehor Yarmoliuk,Midfielder,Brentford,Shots On Target,1.5,TRUE,,10/10/2026,2:00:00 AM,pre_game,EPL,demon,https://static.prizepicks.com/images/players/soccer/9mrmzuytv82k3u2nco9tq9y0a.webp,15492916,,,,,,Over,https://static.prizepicks.com/images/players/soccer/9mrmzuytv82k3u2nco9tq9y0a.webp,2:00 AM,,,,,2:00 AM,,,,,,,,,,,,,,,,,,,,,,,0,0,0,,Push
PrizePicks,Soccer,319273,Mathias Jensen,Midfielder,Brentford,Shots On Target,1.5,TRUE,,10/10/2026,2:00:00 AM,pre_game,EPL,demon,https://static.prizepicks.com/images/players/soccer/dtol82tjlq48bs0s70sisguz9.webp,15492918,,,,,,Over,https://static.prizepicks.com/images/players/soccer/dtol82tjlq48bs0s70sisguz9.webp,2:00 AM,,,,,2:00 AM,,,,,,,,,,,,,,,,,,,,,,,0,0,0,,Push
PrizePicks,Soccer,319524,Rico Henry,Defender,Brentford,Shots,1.5,TRUE,,10/10/2026,2:00:00 AM,pre_game,EPL,demon,https://static.prizepicks.com/images/players/soccer/2nzefp5pwvldt2ttmxfeakamt.webp,15492921,,,,,,Over,https://static.prizepicks.com/images/players/soccer/2nzefp5pwvldt2ttmxfeakamt.webp,2:00 AM,,,,,2:00 AM,,,,,,,,,,,,,,,,,,,,,,,0,0,0,,Push
PrizePicks,Soccer,319258,Aaron Hickey,Defender,Brentford,Shots On Target,1.5,TRUE,,10/10/2026,2:00:00 AM,pre_game,EPL,demon,https://static.prizepicks.com/images/players/soccer/SCR_team_rRAvKUlGvSP8DVx9tVWgzs42_9xfrrmf19uv4i69ge0kg1hh7u.webp,15492928,,,,,,Over,https://static.prizepicks.com/images/players/soccer/SCR_team_rRAvKUlGvSP8DVx9tVWgzs42_9xfrrmf19uv4i69ge0kg1hh7u.webp,2:00 AM,Scotland,0.9,2.4,,2:00 AM,,,,,,,,,,,,,,,,,,,,,,,0,0,0,,Push
PrizePicks,Soccer,335079,Pau Torres,Defender,Villa,Shots On Target,1.5,TRUE,,10/10/2026,2:00:00 AM,pre_game,EPL,demon,https://static.prizepicks.com/images/players/soccer/57s7gfvt5btbfzm600wn7df55.webp,15492936,,#NUM!,#NUM!,,,Over,https://static.prizepicks.com/images/players/soccer/57s7gfvt5btbfzm600wn7df55.webp,2:00 AM,,,,,2:00 AM,,,,,,,,,,,,,,,,,,,,,,,0,0,0,,Push
PrizePicks,Soccer,335075,Alejandro Garnacho,Attacker,Villa,Fouls,1.5,TRUE,,10/10/2026,2:00:00 AM,pre_game,EPL,demon,https://static.prizepicks.com/images/manual/Alejandro Garnacho.png,15492938,,,,,,Over,https://static.prizepicks.com/images/manual/Alejandro Garnacho.png,2:00 AM,,,,,2:00 AM,,,,,,,,,,,,,,,,,,,,,,,0,0,0,,Push
PrizePicks,Soccer,336432,Matteo Ruggeri,Defender,Villa,Fouls,1.5,TRUE,,10/10/2026,2:00:00 AM,pre_game,EPL,demon,https://static.prizepicks.com/images/manual/Matteo Ruggeri.png,15492947,,,,,,Over,https://static.prizepicks.com/images/manual/Matteo Ruggeri.png,2:00 AM,,,,,2:00 AM,,,,,,,,,,,,,,,,,,,,,,,0,0,0,,Push
PrizePicks,Soccer,340211,Taylor Harwood-Bellis,Defender,Villa,Tackles,1.5,TRUE,,10/10/2026,2:00:00 AM,pre_game,EPL,demon,https://static.prizepicks.com/images/manual/Taylor Harwood-Bellis villa.png,15492951,,,,,,Over,https://static.prizepicks.com/images/manual/Taylor Harwood-Bellis villa.png,2:00 AM,,,,,2:00 AM,,,,,,,,,,,,,,,,,,,,,,,0,0,0,,Push
PrizePicks,Soccer,335077,Johan Manzambi,Midfielder,Villa,Fouls,1.5,TRUE,,10/10/2026,2:00:00 AM,pre_game,EPL,demon,https://static.prizepicks.com/images/manual/Johan Manzambi.png,15492952,,,,,,Over,https://static.prizepicks.com/images/manual/Johan Manzambi.png,2:00 AM,Switzerland,-0.6,2.5,,2:00 AM,,,,,,,,,,,,,,,,,,,,,,,0,0,0,,Push
PrizePicks,Soccer,319538,Dango Ouattara,Attacker,Brentford,Shots On Target,1.5,TRUE,,10/10/2026,2:00:00 AM,pre_game,EPL,demon,https://static.prizepicks.com/images/players/soccer/dg4782hj9xdqg46w225kzph5g.webp,15492957,,,,,,Over,https://static.prizepicks.com/images/players/soccer/dg4782hj9xdqg46w225kzph5g.webp,2:00 AM,,,,,2:00 AM,,,,,,,,,,,,,,,,,,,,,,,0,0,0,,Push
PrizePicks,Soccer,337171,Aaron Wan-Bissaka,Defender,Villa,Shots On Target,1.5,TRUE,,10/10/2026,2:00:00 AM,pre_game,EPL,demon,https://static.prizepicks.com/images/manual/Aaron Wan-Bissaka.png,15492961,,,,,,Over,https://static.prizepicks.com/images/manual/Aaron Wan-Bissaka.png,2:00 AM,Colombia,-1.2,2.5,,2:00 AM,,,,,,,,,,,,,,,,,,,,,,,0,0,0,,Push
PrizePicks,Soccer,339220,El Hadji Malick Diouf,Defender,Brentford,Fouls,1.5,TRUE,,10/10/2026,2:00:00 AM,pre_game,EPL,demon,https://images.fotmob.com/image_resources/playerimages/1451265.png,15492965,,,,,,Over,https://images.fotmob.com/image_resources/playerimages/1451265.png,2:00 AM,,,,,2:00 AM,,,,,,,,,,,,,,,,,,,,,,,0,0,0,,Push
PrizePicks,Soccer,335083,Tyrone Mings,Defender,Villa,Shots,1.5,TRUE,,10/10/2026,2:00:00 AM,pre_game,EPL,demon,https://static.prizepicks.com/images/players/soccer/2smmv9hdoiet7necaf00ol51x.webp,15492968,,,,,,Over,https://static.prizepicks.com/images/players/soccer/2smmv9hdoiet7necaf00ol51x.webp,2:00 AM,,,,,2:00 AM,,,,,,,,,,,,,,,,,,,,,,,0,0,0,,Push
PrizePicks,Soccer,334722,Boubacar Kamara,Midfielder,Villa,Shots,1.5,TRUE,,10/10/2026,2:00:00 AM,pre_game,EPL,demon,https://static.prizepicks.com/images/players/soccer/blth4klpu88kgh73abpjlgusp.webp,15492992,,,,,,Over,https://static.prizepicks.com/images/players/soccer/blth4klpu88kgh73abpjlgusp.webp,2:00 AM,,,,,2:00 AM,,,,,,,,,,,,,,,,,,,,,,,0,0,0,,Push
PrizePicks,Soccer,336432,Matteo Ruggeri,Defender,Villa,Shots On Target,1.5,TRUE,,10/10/2026,2:00:00 AM,pre_game,EPL,demon,https://static.prizepicks.com/images/manual/Matteo Ruggeri.png,15492996,,,,,,Over,https://static.prizepicks.com/images/manual/Matteo Ruggeri.png,2:00 AM,,,,,2:00 AM,,,,,,,,,,,,,,,,,,,,,,,0,0,0,,Push
PrizePicks,Soccer,335082,Lamare Bogarde,Midfielder,Villa,Shots On Target,1.5,TRUE,,10/10/2026,2:00:00 AM,pre_game,EPL,demon,https://static.prizepicks.com/images/players/soccer/9jj7t00bb5zflz78nlz3bvllg.webp,15492997,,#NUM!,#NUM!,,,Over,https://static.prizepicks.com/images/players/soccer/9jj7t00bb5zflz78nlz3bvllg.webp,2:00 AM,,,,,2:00 AM,,,,,,,,,,,,,,,,,,,,,,,0,0,0,,Push
PrizePicks,Soccer,335762,Benjamin Fredrick,Defender,Brentford,Shots,1.5,TRUE,,10/10/2026,2:00:00 AM,pre_game,EPL,demon,https://static.prizepicks.com/images/manual/Benjamin Fredrick.png,15492999,,,,,,Over,https://static.prizepicks.com/images/manual/Benjamin Fredrick.png,2:00 AM,,,,,2:00 AM,,,,,,,,,,,,,,,,,,,,,,,0,0,0,,Push
PrizePicks,Soccer,335082,Lamare Bogarde,Midfielder,Villa,Shots,1.5,TRUE,,10/10/2026,2:00:00 AM,pre_game,EPL,demon,https://static.prizepicks.com/images/players/soccer/9jj7t00bb5zflz78nlz3bvllg.webp,15493000,,,,,,Over,https://static.prizepicks.com/images/players/soccer/9jj7t00bb5zflz78nlz3bvllg.webp,2:00 AM,,,,,2:00 AM,,,,,,,,,,,,,,,,,,,,,,,0,0,0,,Push
PrizePicks,Soccer,319605,Nathan Collins,Defender,Brentford,Fouls,1.5,TRUE,,10/10/2026,2:00:00 AM,pre_game,EPL,demon,https://static.prizepicks.com/images/players/soccer/csinkvzxcphggdjeflmo173zd.webp,15493002,,,,,,Over,https://static.prizepicks.com/images/players/soccer/csinkvzxcphggdjeflmo173zd.webp,2:00 AM,,,,,2:00 AM,,,,,,,,,,,,,,,,,,,,,,,0,0,0,,Push
PrizePicks,Soccer,335082,Lamare Bogarde,Midfielder,Villa,Fouls,1.5,TRUE,,10/10/2026,2:00:00 AM,pre_game,EPL,demon,https://static.prizepicks.com/images/players/soccer/9jj7t00bb5zflz78nlz3bvllg.webp,15493006,,,,,,Over,https://static.prizepicks.com/images/players/soccer/9jj7t00bb5zflz78nlz3bvllg.webp,2:00 AM,,,,,2:00 AM,,,,,,,,,,,,,,,,,,,,,,,0,0,0,,Push
PrizePicks,Soccer,335552,Gustavo Nunes,Attacker,Brentford,Shots On Target,1.5,TRUE,,10/10/2026,2:00:00 AM,pre_game,EPL,demon,https://static.prizepicks.com/images/manual/Gustavo Nunes.png,15493007,,,,,,Over,https://static.prizepicks.com/images/manual/Gustavo Nunes.png,2:00 AM,,,,,2:00 AM,,,,,,,,,,,,,,,,,,,,,,,0,0,0,,Push
PrizePicks,Soccer,319267,Igor Thiago,Attacker,Brentford,Tackles,1.5,TRUE,,10/10/2026,2:00:00 AM,pre_game,EPL,demon,https://static.prizepicks.com/images/manual/Igor Thiago.webp,15493012,,,,,,Over,https://static.prizepicks.com/images/manual/Igor Thiago.webp,2:00 AM,,,,,2:00 AM,,,,,,,,,,,,,,,,,,,,,,,0,0,0,,Push
PrizePicks,Soccer,340213,Ibrahim Mbaye,Attacker,Villa,Tackles,1.5,TRUE,,10/10/2026,2:00:00 AM,pre_game,EPL,demon,https://static.prizepicks.com/images/manual/Ibrahim Mbaye villa.png,15493014,,,,,,Over,https://static.prizepicks.com/images/manual/Ibrahim Mbaye villa.png,2:00 AM,Norway,-0.6,2.5,,2:00 AM,,,,,,,,,,,,,,,,,,,,,,,0,0,0,,Push
PrizePicks,Soccer,335062,Jannik Schuster,Defender,Brentford,Shots,1.5,TRUE,,10/10/2026,2:00:00 AM,pre_game,EPL,demon,https://static.prizepicks.com/images/manual/Jannik_Schuster-.png,15493017,,,,,,Over,https://static.prizepicks.com/images/manual/Jannik_Schuster-.png,2:00 AM,,,,,2:00 AM,,,,,,,,,,,,,,,,,,,,,,,0,0,0,,Push
PrizePicks,Soccer,335762,Benjamin Fredrick,Defender,Brentford,Tackles,1.5,TRUE,,10/10/2026,2:00:00 AM,pre_game,EPL,demon,https://static.prizepicks.com/images/manual/Benjamin Fredrick.png,15493019,,,,,,Over,https://static.prizepicks.com/images/manual/Benjamin Fredrick.png,2:00 AM,,,,,2:00 AM,,,,,,,,,,,,,,,,,,,,,,,0,0,0,,Push
PrizePicks,Soccer,336432,Matteo Ruggeri,Defender,Villa,Shots,1.5,TRUE,,10/10/2026,2:00:00 AM,pre_game,EPL,demon,https://static.prizepicks.com/images/manual/Matteo Ruggeri.png,15493023,,,,,,Over,https://static.prizepicks.com/images/manual/Matteo Ruggeri.png,2:00 AM,,,,,2:00 AM,,,,,,,,,,,,,,,,,,,,,,,0,0,0,,Push
PrizePicks,Soccer,319258,Aaron Hickey,Defender,Brentford,Shots,1.5,TRUE,,10/10/2026,2:00:00 AM,pre_game,EPL,demon,https://static.prizepicks.com/images/players/soccer/SCR_team_rRAvKUlGvSP8DVx9tVWgzs42_9xfrrmf19uv4i69ge0kg1hh7u.webp,15493024,,,,,,Over,https://static.prizepicks.com/images/players/soccer/SCR_team_rRAvKUlGvSP8DVx9tVWgzs42_9xfrrmf19uv4i69ge0kg1hh7u.webp,2:00 AM,Scotland,0.9,2.4,,2:00 AM,,,,,,,,,,,,,,,,,,,,,,,0,0,0,,Push
PrizePicks,Soccer,319272,Kristoffer Ajer,Defender,Brentford,Fouls,1.5,TRUE,,10/10/2026,2:00:00 AM,pre_game,EPL,demon,https://static.prizepicks.com/images/players/soccer/SCR_team_rRAvKUlGvSP8DVx9tVWgzs42_32bvxwhceid2xdcfx6cd8a8d1.webp,15493032,1.5,36.485,63.515,,,Over,https://static.prizepicks.com/images/players/soccer/SCR_team_rRAvKUlGvSP8DVx9tVWgzs42_32bvxwhceid2xdcfx6cd8a8d1.webp,2:00 AM,Norway,-0.6,2.5,,2:00 AM,,,,,,,,1.50,,,,,,,,36.485,63.515,36.5,,,,,1.5,1.5,1.5,1.5,Push
PrizePicks,Soccer,319538,Dango Ouattara,Attacker,Brentford,Fouls,1.5,TRUE,,10/10/2026,2:00:00 AM,pre_game,EPL,demon,https://static.prizepicks.com/images/players/soccer/dg4782hj9xdqg46w225kzph5g.webp,15493036,,,,,,Over,https://static.prizepicks.com/images/players/soccer/dg4782hj9xdqg46w225kzph5g.webp,2:00 AM,,,,,2:00 AM,,,,,,,,,,,,,,,,,,,,,,,0,0,0,,Push
PrizePicks,Soccer,335062,Jannik Schuster,Defender,Brentford,Fouls,1.5,TRUE,,10/10/2026,2:00:00 AM,pre_game,EPL,demon,https://static.prizepicks.com/images/manual/Jannik_Schuster-.png,15493038,,,,,,Over,https://static.prizepicks.com/images/manual/Jannik_Schuster-.png,2:00 AM,,,,,2:00 AM,,,,,,,,,,,,,,,,,,,,,,,0,0,0,,Push
PrizePicks,Soccer,335083,Tyrone Mings,Defender,Villa,Fouls,1.5,TRUE,,10/10/2026,2:00:00 AM,pre_game,EPL,demon,https://static.prizepicks.com/images/players/soccer/2smmv9hdoiet7necaf00ol51x.webp,15493039,,,,,,Over,https://static.prizepicks.com/images/players/soccer/2smmv9hdoiet7necaf00ol51x.webp,2:00 AM,,,,,2:00 AM,,,,,,,,,,,,,,,,,,,,,,,0,0,0,,Push
PrizePicks,Soccer,335062,Jannik Schuster,Defender,Brentford,Tackles,1.5,TRUE,,10/10/2026,2:00:00 AM,pre_game,EPL,demon,https://static.prizepicks.com/images/manual/Jannik_Schuster-.png,15493049,,,,,,Over,https://static.prizepicks.com/images/manual/Jannik_Schuster-.png,2:00 AM,,,,,2:00 AM,,,,,,,,,,,,,,,,,,,,,,,0,0,0,,Push
PrizePicks,Soccer,335552,Gustavo Nunes,Attacker,Brentford,Tackles,1.5,TRUE,,10/10/2026,2:00:00 AM,pre_game,EPL,demon,https://static.prizepicks.com/images/manual/Gustavo Nunes.png,15493052,,,,,,Over,https://static.prizepicks.com/images/manual/Gustavo Nunes.png,2:00 AM,,,,,2:00 AM,,,,,,,,,,,,,,,,,,,,,,,0,0,0,,Push
PrizePicks,Soccer,320065,Fábio Carvalho,Midfielder,Brentford,Fouls,1.5,TRUE,,10/10/2026,2:00:00 AM,pre_game,EPL,demon,https://static.prizepicks.com/images/players/soccer/6z1du1o69dgamvu2m8yi97dre.webp,15493060,,,,,,Over,https://static.prizepicks.com/images/players/soccer/6z1du1o69dgamvu2m8yi97dre.webp,2:00 AM,,,,,2:00 AM,,,,,,,,,,,,,,,,,,,,,,,0,0,0,,Push
PrizePicks,Soccer,319258,Aaron Hickey,Defender,Brentford,Fouls,1.5,TRUE,,10/10/2026,2:00:00 AM,pre_game,EPL,demon,https://static.prizepicks.com/images/players/soccer/SCR_team_rRAvKUlGvSP8DVx9tVWgzs42_9xfrrmf19uv4i69ge0kg1hh7u.webp,15493068,,,,,,Over,https://static.prizepicks.com/images/players/soccer/SCR_team_rRAvKUlGvSP8DVx9tVWgzs42_9xfrrmf19uv4i69ge0kg1hh7u.webp,2:00 AM,Scotland,0.9,2.4,,2:00 AM,,,,,,,,,,,,,,,,,,,,,,,0,0,0,,Push
PrizePicks,Soccer,335091,Brian Madjo,Attacker,Villa,Fouls,1.5,TRUE,,10/10/2026,2:00:00 AM,pre_game,EPL,demon,https://static.prizepicks.com/images/manual/Brian Madjo.png,15493073,,,,,,Over,https://static.prizepicks.com/images/manual/Brian Madjo.png,2:00 AM,,,,,2:00 AM,,,,,,,,,,,,,,,,,,,,,,,0,0,0,,Push
PrizePicks,Soccer,340213,Ibrahim Mbaye,Attacker,Villa,Fouls,1.5,TRUE,,10/10/2026,2:00:00 AM,pre_game,EPL,demon,https://static.prizepicks.com/images/manual/Ibrahim Mbaye villa.png,15493074,,,,,,Over,https://static.prizepicks.com/images/manual/Ibrahim Mbaye villa.png,2:00 AM,Norway,-0.6,2.5,,2:00 AM,,,,,,,,,,,,,,,,,,,,,,,0,0,0,,Push
PrizePicks,Soccer,319273,Mathias Jensen,Midfielder,Brentford,Fouls,1.5,TRUE,,10/10/2026,2:00:00 AM,pre_game,EPL,demon,https://static.prizepicks.com/images/players/soccer/dtol82tjlq48bs0s70sisguz9.webp,15493075,,,,,,Over,https://static.prizepicks.com/images/players/soccer/dtol82tjlq48bs0s70sisguz9.webp,2:00 AM,,,,,2:00 AM,,,,,,,,,,,,,,,,,,,,,,,0,0,0,,Push
PrizePicks,Soccer,319607,Vitaly Janelt,Midfielder,Brentford,Shots,1.5,TRUE,,10/10/2026,2:00:00 AM,pre_game,EPL,demon,https://static.prizepicks.com/images/players/soccer/SCR_team_rRAvKUlGvSP8DVx9tVWgzs42_9k8gysrsy1a261nhcszo4aoyx.webp,15493077,,,,,,Over,https://static.prizepicks.com/images/players/soccer/SCR_team_rRAvKUlGvSP8DVx9tVWgzs42_9k8gysrsy1a261nhcszo4aoyx.webp,2:00 AM,,,,,2:00 AM,,,,,,,,,,,,,,,,,,,,,,,0,0,0,,Push
PrizePicks,Soccer,334500,Callum Wilson,Attacker,Brentford,Tackles,1.5,TRUE,,10/10/2026,2:00:00 AM,pre_game,EPL,demon,https://static.prizepicks.com/images/manual/Callum_Eddie_Graham_Wilson.png,15493081,,,,,,Over,https://static.prizepicks.com/images/manual/Callum_Eddie_Graham_Wilson.png,2:00 AM,,,,,2:00 AM,,,,,,,,,,,,,,,,,,,,,,,0,0,0,,Push
PrizePicks,Soccer,335084,Matty Cash,Defender,Villa,Shots,1.5,TRUE,,10/10/2026,2:00:00 AM,pre_game,EPL,demon,https://static.prizepicks.com/images/players/soccer/1e9txzr9hqz94xtun6byo0vs9.webp,15493084,,,,,,Over,https://static.prizepicks.com/images/players/soccer/1e9txzr9hqz94xtun6byo0vs9.webp,2:00 AM,,,,,2:00 AM,,,,,,,,,,,,,,,,,,,,,,,0,0,0,,Push
PrizePicks,Soccer,337171,Aaron Wan-Bissaka,Defender,Villa,Fouls,1.5,TRUE,,10/10/2026,2:00:00 AM,pre_game,EPL,demon,https://static.prizepicks.com/images/manual/Aaron Wan-Bissaka.png,15493088,,,,,,Over,https://static.prizepicks.com/images/manual/Aaron Wan-Bissaka.png,2:00 AM,Colombia,-1.2,2.5,,2:00 AM,,,,,,,,,,,,,,,,,,,,,,,0,0,0,,Push
PrizePicks,Soccer,319540,Keane Lewis-Potter,Attacker,Brentford,Fouls,1.5,TRUE,,10/10/2026,2:00:00 AM,pre_game,EPL,demon,https://static.prizepicks.com/images/players/soccer/7j36oy8n0tu8ps0haqb4es48a.webp,15493093,,,,,,Over,https://static.prizepicks.com/images/players/soccer/7j36oy8n0tu8ps0haqb4es48a.webp,2:00 AM,,,,,2:00 AM,,,,,,,,,,,,,,,,,,,,,,,0,0,0,,Push
PrizePicks,Soccer,320065,Fábio Carvalho,Midfielder,Brentford,Tackles,1.5,TRUE,,10/10/2026,2:00:00 AM,pre_game,EPL,demon,https://static.prizepicks.com/images/players/soccer/6z1du1o69dgamvu2m8yi97dre.webp,15493098,,,,,,Over,https://static.prizepicks.com/images/players/soccer/6z1du1o69dgamvu2m8yi97dre.webp,2:00 AM,,,,,2:00 AM,,,,,,,,,,,,,,,,,,,,,,,0,0,0,,Push
PrizePicks,Soccer,335081,Victor Lindelöf,Defender,Villa,Shots,1.5,TRUE,,10/10/2026,2:00:00 AM,pre_game,EPL,demon,https://static.prizepicks.com/images/players/soccer/SCR_team_eTYgIX64k7tLRTHjGtWxMikD_a3ms8havadt1y9x381l325txx.webp,15493105,,,,,,Over,https://static.prizepicks.com/images/players/soccer/SCR_team_eTYgIX64k7tLRTHjGtWxMikD_a3ms8havadt1y9x381l325txx.webp,2:00 AM,Netherlands,-0.8,2.6,Netherlands vs Sweden,2:00 AM,,Houston Stadium,,,,,,,,,,,,,,,,,,,,,0,0,0,,Push
PrizePicks,Soccer,319605,Nathan Collins,Defender,Brentford,Shots,1.5,TRUE,,10/10/2026,2:00:00 AM,pre_game,EPL,demon,https://static.prizepicks.com/images/players/soccer/csinkvzxcphggdjeflmo173zd.webp,15493110,,,,,,Over,https://static.prizepicks.com/images/players/soccer/csinkvzxcphggdjeflmo173zd.webp,2:00 AM,,,,,2:00 AM,,,,,,,,,,,,,,,,,,,,,,,0,0,0,,Push
PrizePicks,Soccer,335552,Gustavo Nunes,Attacker,Brentford,Fouls,1.5,TRUE,,10/10/2026,2:00:00 AM,pre_game,EPL,demon,https://static.prizepicks.com/images/manual/Gustavo Nunes.png,15493111,,,,,,Over,https://static.prizepicks.com/images/manual/Gustavo Nunes.png,2:00 AM,,,,,2:00 AM,,,,,,,,,,,,,,,,,,,,,,,0,0,0,,Push
PrizePicks,Soccer,319604,Michael Kayode,Defender,Brentford,Shots,1.5,TRUE,,10/10/2026,2:00:00 AM,pre_game,EPL,demon,https://static.prizepicks.com/images/players/soccer/471t4engadct4su6thk5r5qtw.webp,15493114,,,,,,Over,https://static.prizepicks.com/images/players/soccer/471t4engadct4su6thk5r5qtw.webp,2:00 AM,,,,,2:00 AM,,,,,,,,,,,,,,,,,,,,,,,0,0,0,,Push
PrizePicks,Soccer,334729,João Gomes,Midfielder,Villa,Shots On Target,1.5,TRUE,,10/10/2026,2:00:00 AM,pre_game,EPL,demon,https://static.prizepicks.com/images/manual/João Gomes.png,15493130,,,,,,Over,https://static.prizepicks.com/images/manual/João Gomes.png,2:00 AM,,,,,2:00 AM,,,,,,,,,,,,,,,,,,,,,,,0,0,0,,Push
PrizePicks,Soccer,335074,Tammy Abraham,Attacker,Villa,Fouls,1.5,TRUE,,10/10/2026,2:00:00 AM,pre_game,EPL,demon,https://static.prizepicks.com/images/manual/Tammy Abraham.png,15493135,,,,,,Over,https://static.prizepicks.com/images/manual/Tammy Abraham.png,2:00 AM,,,,,2:00 AM,,,,,,,,,,,,,,,,,,,,,,,0,0,0,,Push
PrizePicks,Soccer,339480,Nicolas Jackson,Attacker,Villa,Fouls,1.5,TRUE,,10/10/2026,2:00:00 AM,pre_game,EPL,demon,https://static.prizepicks.com/images/manual/Nicolas Jackson.png,15493140,,,,,,Over,https://static.prizepicks.com/images/manual/Nicolas Jackson.png,2:00 AM,Norway,-0.6,2.5,,2:00 AM,,,,,,,,,,,,,,,,,,,,,,,0,0,0,,Push
PrizePicks,Soccer,340211,Taylor Harwood-Bellis,Defender,Villa,Shots,1.5,TRUE,,10/10/2026,2:00:00 AM,pre_game,EPL,demon,https://static.prizepicks.com/images/manual/Taylor Harwood-Bellis villa.png,15493141,,,,,,Over,https://static.prizepicks.com/images/manual/Taylor Harwood-Bellis villa.png,2:00 AM,,,,,2:00 AM,,,,,,,,,,,,,,,,,,,,,,,0,0,0,,Push
PrizePicks,Soccer,335072,Ross Barkley,Midfielder,Villa,Fouls,1.5,TRUE,,10/10/2026,2:00:00 AM,pre_game,EPL,demon,https://static.prizepicks.com/images/players/soccer/dxeju5zcb6j8etdgwq0kweor9.webp,15493144,,,,,,Over,https://static.prizepicks.com/images/players/soccer/dxeju5zcb6j8etdgwq0kweor9.webp,2:00 AM,,,,,2:00 AM,,,,,,,,,,,,,,,,,,,,,,,0,0,0,,Push
PrizePicks,Soccer,337171,Aaron Wan-Bissaka,Defender,Villa,Shots,1.5,TRUE,,10/10/2026,2:00:00 AM,pre_game,EPL,demon,https://static.prizepicks.com/images/manual/Aaron Wan-Bissaka.png,15493150,,,,,,Over,https://static.prizepicks.com/images/manual/Aaron Wan-Bissaka.png,2:00 AM,Colombia,-1.2,2.5,,2:00 AM,,,,,,,,,,,,,,,,,,,,,,,0,0,0,,Push
PrizePicks,Soccer,335762,Benjamin Fredrick,Defender,Brentford,Fouls,1.5,TRUE,,10/10/2026,2:00:00 AM,pre_game,EPL,demon,https://static.prizepicks.com/images/manual/Benjamin Fredrick.png,15493155,,,,,,Over,https://static.prizepicks.com/images/manual/Benjamin Fredrick.png,2:00 AM,,,,,2:00 AM,,,,,,,,,,,,,,,,,,,,,,,0,0,0,,Push
PrizePicks,Soccer,335079,Pau Torres,Defender,Villa,Fouls,1.5,TRUE,,10/10/2026,2:00:00 AM,pre_game,EPL,demon,https://static.prizepicks.com/images/players/soccer/57s7gfvt5btbfzm600wn7df55.webp,15493157,,,,,,Over,https://static.prizepicks.com/images/players/soccer/57s7gfvt5btbfzm600wn7df55.webp,2:00 AM,,,,,2:00 AM,,,,,,,,,,,,,,,,,,,,,,,0,0,0,,Push
PrizePicks,Soccer,319274,Mikkel Damsgaard,Midfielder,Brentford,Fouls,1.5,TRUE,,10/10/2026,2:00:00 AM,pre_game,EPL,demon,https://static.prizepicks.com/images/manual/Mikkel Damsgaard.png,15493159,,,,,,Over,https://static.prizepicks.com/images/manual/Mikkel Damsgaard.png,2:00 AM,,,,,2:00 AM,,,,,,,,,,,,,,,,,,,,,,,0,0,0,,Push
PrizePicks,Soccer,334534,Mamadou Sangaré,Midfielder,Brentford,Shots On Target,1.5,TRUE,,10/10/2026,2:00:00 AM,pre_game,EPL,demon,https://static.prizepicks.com/images/manual/Mamadou Sangaré.png,15493160,,,,,,Over,https://static.prizepicks.com/images/manual/Mamadou Sangaré.png,2:00 AM,,,,,2:00 AM,,,,,,,,,,,,,,,,,,,,,,,0,0,0,,Push
PrizePicks,Soccer,334729,João Gomes,Midfielder,Villa,Shots,1.5,TRUE,,10/10/2026,2:00:00 AM,pre_game,EPL,demon,https://static.prizepicks.com/images/manual/João Gomes.png,15493166,,,,,,Over,https://static.prizepicks.com/images/manual/João Gomes.png,2:00 AM,,,,,2:00 AM,,,,,,,,,,,,,,,,,,,,,,,0,0,0,,Push
PrizePicks,Soccer,334500,Callum Wilson,Attacker,Brentford,Fouls,1.5,TRUE,,10/10/2026,2:00:00 AM,pre_game,EPL,demon,https://static.prizepicks.com/images/manual/Callum_Eddie_Graham_Wilson.png,15493173,,,,,,Over,https://static.prizepicks.com/images/manual/Callum_Eddie_Graham_Wilson.png,2:00 AM,,,,,2:00 AM,,,,,,,,,,,,,,,,,,,,,,,0,0,0,,Push
PrizePicks,Soccer,335091,Brian Madjo,Attacker,Villa,Tackles,1.5,TRUE,,10/10/2026,2:00:00 AM,pre_game,EPL,demon,https://static.prizepicks.com/images/manual/Brian Madjo.png,15493184,,,,,,Over,https://static.prizepicks.com/images/manual/Brian Madjo.png,2:00 AM,,,,,2:00 AM,,,,,,,,,,,,,,,,,,,,,,,0,0,0,,Push
PrizePicks,Soccer,340211,Taylor Harwood-Bellis,Defender,Villa,Shots On Target,1.5,TRUE,,10/10/2026,2:00:00 AM,pre_game,EPL,demon,https://static.prizepicks.com/images/manual/Taylor Harwood-Bellis villa.png,15493186,,,,,,Over,https://static.prizepicks.com/images/manual/Taylor Harwood-Bellis villa.png,2:00 AM,,,,,2:00 AM,,,,,,,,,,,,,,,,,,,,,,,0,0,0,,Push
PrizePicks,Soccer,340211,Taylor Harwood-Bellis,Defender,Villa,Fouls,1.5,TRUE,,10/10/2026,2:00:00 AM,pre_game,EPL,demon,https://static.prizepicks.com/images/manual/Taylor Harwood-Bellis villa.png,15493187,,,,,,Over,https://static.prizepicks.com/images/manual/Taylor Harwood-Bellis villa.png,2:00 AM,,,,,2:00 AM,,,,,,,,,,,,,,,,,,,,,,,0,0,0,,Push
PrizePicks,Soccer,319608,Yehor Yarmoliuk,Midfielder,Brentford,Shots,1.5,TRUE,,10/10/2026,2:00:00 AM,pre_game,EPL,demon,https://static.prizepicks.com/images/players/soccer/9mrmzuytv82k3u2nco9tq9y0a.webp,15493188,,,,,,Over,https://static.prizepicks.com/images/players/soccer/9mrmzuytv82k3u2nco9tq9y0a.webp,2:00 AM,,,,,2:00 AM,,,,,,,,,,,,,,,,,,,,,,,0,0,0,,Push
PrizePicks,Soccer,335089,George Hemmings,Midfielder,Villa,Shots,1.5,TRUE,,10/10/2026,2:00:00 AM,pre_game,EPL,demon,https://static.prizepicks.com/images/players/soccer/SCR_team_eTYgIX64k7tLRTHjGtWxMikD_ak6mqx5tyz1duwg1u3v4fwfmc.webp,15509532,,,,,,Over,https://static.prizepicks.com/images/players/soccer/SCR_team_eTYgIX64k7tLRTHjGtWxMikD_ak6mqx5tyz1duwg1u3v4fwfmc.webp,2:00 AM,,,,,2:00 AM,,,,,,,,,,,,,,,,,,,,,,,0,0,0,,Push
PrizePicks,Soccer,335062,Jannik Schuster,Defender,Brentford,Shots On Target,1.5,TRUE,,10/10/2026,2:00:00 AM,pre_game,EPL,demon,https://static.prizepicks.com/images/manual/Jannik_Schuster-.png,15514090,,,,,,Over,https://static.prizepicks.com/images/manual/Jannik_Schuster-.png,2:00 AM,,,,,2:00 AM,,,,,,,,,,,,,,,,,,,,,,,0,0,0,,Push
PrizePicks,Soccer,339203,Leon Goretzka,Midfielder,Villa,Fouls,1.5,TRUE,,10/10/2026,2:00:00 AM,pre_game,EPL,demon,https://static.prizepicks.com/images/manual/Leon Goretzka.png,15519780,,,,,,Over,https://static.prizepicks.com/images/manual/Leon Goretzka.png,2:00 AM,Germany,-1.2,2.6,,2:00 AM,,,,,,,,,,,,,,,,,,,,,,,0,0,0,,Push
PrizePicks,Soccer,319279,Sepp van den Berg,Defender,Brentford,Fouls,1.5,TRUE,,10/10/2026,2:00:00 AM,pre_game,EPL,demon,https://static.prizepicks.com/images/players/soccer/58ixsja4yf7pskmshzo7ohwfe.webp,15519781,,,,,,Over,https://static.prizepicks.com/images/players/soccer/58ixsja4yf7pskmshzo7ohwfe.webp,2:00 AM,,,,,2:00 AM,,,,,,,,,,,,,,,,,,,,,,,0,0,0,,Push
PrizePicks,Soccer,335078,Emiliano Buendía,Midfielder,Villa,Fouls,1.5,TRUE,,10/10/2026,2:00:00 AM,pre_game,EPL,demon,https://static.prizepicks.com/images/players/soccer/l0qqn9tlgov91p5d1zzdupcl.webp,15519782,,,,,,Over,https://static.prizepicks.com/images/players/soccer/l0qqn9tlgov91p5d1zzdupcl.webp,2:00 AM,,,,,2:00 AM,,,,,,,,,,,,,,,,,,,,,,,0,0,0,,Push
PrizePicks,Soccer,339203,Leon Goretzka,Midfielder,Villa,Shots On Target,1.5,TRUE,,10/10/2026,2:00:00 AM,pre_game,EPL,demon,https://static.prizepicks.com/images/manual/Leon Goretzka.png,15519829,,,,,,Over,https://static.prizepicks.com/images/manual/Leon Goretzka.png,2:00 AM,Germany,-1.2,2.6,,2:00 AM,,,,,,,,,,,,,,,,,,,,,,,0,0,0,,Push
PrizePicks,Soccer,339203,Leon Goretzka,Midfielder,Villa,Shots,1.5,TRUE,,10/10/2026,2:00:00 AM,pre_game,EPL,demon,https://static.prizepicks.com/images/manual/Leon Goretzka.png,15519914,,,,,,Over,https://static.prizepicks.com/images/manual/Leon Goretzka.png,2:00 AM,Germany,-1.2,2.6,,2:00 AM,,,,,,,,,,,,,,,,,,,,,,,0,0,0,,Push
PrizePicks,Soccer,319279,Sepp van den Berg,Defender,Brentford,Shots,1.5,TRUE,,10/10/2026,2:00:00 AM,pre_game,EPL,demon,https://static.prizepicks.com/images/players/soccer/58ixsja4yf7pskmshzo7ohwfe.webp,15519915,,,,,,Over,https://static.prizepicks.com/images/players/soccer/58ixsja4yf7pskmshzo7ohwfe.webp,2:00 AM,,,,,2:00 AM,,,,,,,,,,,,,,,,,,,,,,,0,0,0,,Push
PrizePicks,Soccer,334722,Boubacar Kamara,Midfielder,Villa,Fouls,1.5,TRUE,,10/10/2026,2:00:00 AM,pre_game,EPL,demon,https://static.prizepicks.com/images/players/soccer/blth4klpu88kgh73abpjlgusp.webp,15520859,1.5,48.254,51.746,,,Over,https://static.prizepicks.com/images/players/soccer/blth4klpu88kgh73abpjlgusp.webp,2:00 AM,,,,,2:00 AM,,,,,,,,1.50,,,,,,,,48.254,51.746,48.3,,,,,1.5,1.5,1.5,1.5,Push
PrizePicks,Soccer,335075,Alejandro Garnacho,Attacker,Villa,Tackles,1.5,TRUE,,10/10/2026,2:00:00 AM,pre_game,EPL,demon,https://static.prizepicks.com/images/manual/Alejandro Garnacho.png,15526260,,,,,,Over,https://static.prizepicks.com/images/manual/Alejandro Garnacho.png,2:00 AM,,,,,2:00 AM,,,,,,,,,,,,,,,,,,,,,,,0,0,0,,Push
PrizePicks,Soccer,319279,Sepp van den Berg,Defender,Brentford,Tackles,1.5,TRUE,,10/10/2026,2:00:00 AM,pre_game,EPL,demon,https://static.prizepicks.com/images/players/soccer/58ixsja4yf7pskmshzo7ohwfe.webp,15526263,,,,,,Over,https://static.prizepicks.com/images/players/soccer/58ixsja4yf7pskmshzo7ohwfe.webp,2:00 AM,,,,,2:00 AM,,,,,,,,,,,,,,,,,,,,,,,0,0,0,,Push
PrizePicks,Soccer,334533,Jaidon Anthony,Attacker,Brentford,Tackles,1.5,TRUE,,10/10/2026,2:00:00 AM,pre_game,EPL,demon,https://static.prizepicks.com/images/manual/Jaidon Anthony.png,15526922,,,,,,Over,https://static.prizepicks.com/images/manual/Jaidon Anthony.png,2:00 AM,,,,,2:00 AM,,,,,,,,,,,,,,,,,,,,,,,0,0,0,,Push
PrizePicks,Soccer,334534,Mamadou Sangaré,Midfielder,Brentford,Goals,0.5,TRUE,,10/10/2026,2:00:00 AM,pre_game,EPL,demon,https://static.prizepicks.com/images/manual/Mamadou Sangaré.png,15409126,,,,,,Over,https://static.prizepicks.com/images/manual/Mamadou Sangaré.png,2:00 AM,,,,,2:00 AM,,,,,,,,,,,,,,,,,,,,,,,0,0,0,,Push
PrizePicks,Soccer,334729,João Gomes,Midfielder,Villa,Goals,0.5,TRUE,,10/10/2026,2:00:00 AM,pre_game,EPL,demon,https://static.prizepicks.com/images/manual/João Gomes.png,15409127,0.5,9.786,90.214,,,Over,https://static.prizepicks.com/images/manual/João Gomes.png,2:00 AM,,,,,2:00 AM,,,,,,,,0.50,,,,,,,,9.786,90.214,9.8,,,,,0.5,0.5,0.5,0.5,Push
PrizePicks,Soccer,335089,George Hemmings,Midfielder,Villa,Goals,0.5,TRUE,,10/10/2026,2:00:00 AM,pre_game,EPL,demon,https://static.prizepicks.com/images/players/soccer/SCR_team_eTYgIX64k7tLRTHjGtWxMikD_ak6mqx5tyz1duwg1u3v4fwfmc.webp,15409128,,,,,,Over,https://static.prizepicks.com/images/players/soccer/SCR_team_eTYgIX64k7tLRTHjGtWxMikD_ak6mqx5tyz1duwg1u3v4fwfmc.webp,2:00 AM,,,,,2:00 AM,,,,,,,,,,,,,,,,,,,,,,,0,0,0,,Push
PrizePicks,Soccer,319607,Vitaly Janelt,Midfielder,Brentford,Goals,0.5,TRUE,,10/10/2026,2:00:00 AM,pre_game,EPL,demon,https://static.prizepicks.com/images/players/soccer/SCR_team_rRAvKUlGvSP8DVx9tVWgzs42_9k8gysrsy1a261nhcszo4aoyx.webp,15409129,0.5,12.723,87.277,,,Over,https://static.prizepicks.com/images/players/soccer/SCR_team_rRAvKUlGvSP8DVx9tVWgzs42_9k8gysrsy1a261nhcszo4aoyx.webp,2:00 AM,,,,,2:00 AM,,,,,,,,0.50,,,,,,,,12.723,87.277,12.7,,,,,0.5,0.5,0.5,0.5,Push
PrizePicks,Soccer,340213,Ibrahim Mbaye,Attacker,Villa,Goals,0.5,TRUE,,10/10/2026,2:00:00 AM,pre_game,EPL,demon,https://static.prizepicks.com/images/manual/Ibrahim Mbaye villa.png,15409134,,,,,,Over,https://static.prizepicks.com/images/manual/Ibrahim Mbaye villa.png,2:00 AM,Norway,-0.6,2.5,,2:00 AM,,,,,,,,,,,,,,,,,,,,,,,0,0,0,,Push
PrizePicks,Soccer,339480,Nicolas Jackson,Attacker,Villa,Goals,0.5,TRUE,,10/10/2026,2:00:00 AM,pre_game,EPL,demon,https://static.prizepicks.com/images/manual/Nicolas Jackson.png,15409136,0.5,41.552,58.448,,,Over,https://static.prizepicks.com/images/manual/Nicolas Jackson.png,2:00 AM,Norway,-0.6,2.5,,2:00 AM,,,,,,,,0.50,,,,,,,,41.552,58.448,41.6,,,,,0.5,0.5,0.5,0.5,Push
PrizePicks,Soccer,339220,El Hadji Malick Diouf,Defender,Brentford,Goals,0.5,TRUE,,10/10/2026,2:00:00 AM,pre_game,EPL,demon,https://images.fotmob.com/image_resources/playerimages/1451265.png,15409146,,,,,,Over,https://images.fotmob.com/image_resources/playerimages/1451265.png,2:00 AM,,,,,2:00 AM,,,,,,,,,,,,,,,,,,,,,,,0,0,0,,Push
PrizePicks,Soccer,334533,Jaidon Anthony,Attacker,Brentford,Goals,0.5,TRUE,,10/10/2026,2:00:00 AM,pre_game,EPL,demon,https://static.prizepicks.com/images/manual/Jaidon Anthony.png,15409148,0.5,25.791,74.209,,,Over,https://static.prizepicks.com/images/manual/Jaidon Anthony.png,2:00 AM,,,,,2:00 AM,,,,,,,,0.50,,,,,,,,25.791,74.209,25.8,,,,,0.5,0.5,0.5,0.5,Push
PrizePicks,Soccer,319540,Keane Lewis-Potter,Attacker,Brentford,Goals,0.5,TRUE,,10/10/2026,2:00:00 AM,pre_game,EPL,demon,https://static.prizepicks.com/images/players/soccer/7j36oy8n0tu8ps0haqb4es48a.webp,15409149,0.5,12.785,87.215,,,Over,https://static.prizepicks.com/images/players/soccer/7j36oy8n0tu8ps0haqb4es48a.webp,2:00 AM,,,,,2:00 AM,,,,,,,,0.50,,,,,,,,12.785,87.215,12.8,,,,,0.5,0.5,0.5,0.5,Push
PrizePicks,Soccer,334500,Callum Wilson,Attacker,Brentford,Goals,0.5,TRUE,,10/10/2026,2:00:00 AM,pre_game,EPL,demon,https://static.prizepicks.com/images/manual/Callum_Eddie_Graham_Wilson.png,15438012,,,,,,Over,https://static.prizepicks.com/images/manual/Callum_Eddie_Graham_Wilson.png,2:00 AM,,,,,2:00 AM,,,,,,,,,,,,,,,,,,,,,,,0,0,0,,Push
PrizePicks,Soccer,319270,Kevin Schade,Midfielder,Brentford,Goals,0.5,TRUE,,10/10/2026,2:00:00 AM,pre_game,EPL,demon,https://static.prizepicks.com/images/players/soccer/1h3mduwlaf89ebwtqxuegsodm.webp,15438014,0.5,33.669,66.331,,,Over,https://static.prizepicks.com/images/players/soccer/1h3mduwlaf89ebwtqxuegsodm.webp,2:00 AM,,,,,2:00 AM,,,,,,,,0.50,,,,,,,,33.669,66.331,33.7,,,,,0.5,0.5,0.5,0.5,Push
PrizePicks,Soccer,319608,Yehor Yarmoliuk,Midfielder,Brentford,Shots On Target,0.5,TRUE,,10/10/2026,2:00:00 AM,pre_game,EPL,demon,https://static.prizepicks.com/images/players/soccer/9mrmzuytv82k3u2nco9tq9y0a.webp,15441939,,,,,,Over,https://static.prizepicks.com/images/players/soccer/9mrmzuytv82k3u2nco9tq9y0a.webp,2:00 AM,,,,,2:00 AM,,,,,,,,,,,,,,,,,,,,,,,0,0,0,,Push
PrizePicks,Soccer,319540,Keane Lewis-Potter,Attacker,Brentford,Shots On Target,0.5,TRUE,,10/10/2026,2:00:00 AM,pre_game,EPL,demon,https://static.prizepicks.com/images/players/soccer/7j36oy8n0tu8ps0haqb4es48a.webp,15441942,,,,,,Over,https://static.prizepicks.com/images/players/soccer/7j36oy8n0tu8ps0haqb4es48a.webp,2:00 AM,,,,,2:00 AM,,,,,,,,,,,,,,,,,,,,,,,0,0,0,,Push
PrizePicks,Soccer,335089,George Hemmings,Midfielder,Villa,Shots On Target,0.5,TRUE,,10/10/2026,2:00:00 AM,pre_game,EPL,demon,https://static.prizepicks.com/images/players/soccer/SCR_team_eTYgIX64k7tLRTHjGtWxMikD_ak6mqx5tyz1duwg1u3v4fwfmc.webp,15441952,,,,,,Over,https://static.prizepicks.com/images/players/soccer/SCR_team_eTYgIX64k7tLRTHjGtWxMikD_ak6mqx5tyz1duwg1u3v4fwfmc.webp,2:00 AM,,,,,2:00 AM,,,,,,,,,,,,,,,,,,,,,,,0,0,0,,Push
PrizePicks,Soccer,335077,Johan Manzambi,Midfielder,Villa,Goals,0.5,TRUE,,10/10/2026,2:00:00 AM,pre_game,EPL,demon,https://static.prizepicks.com/images/manual/Johan Manzambi.png,15441954,0.5,27.923,72.077,,,Over,https://static.prizepicks.com/images/manual/Johan Manzambi.png,2:00 AM,Switzerland,-0.6,2.5,,2:00 AM,,,,,,,,0.50,,,,,,,,27.923,72.077,27.9,,,,,0.5,0.5,0.5,0.5,Push
PrizePicks,Soccer,336432,Matteo Ruggeri,Defender,Villa,Goals,0.5,TRUE,,10/10/2026,2:00:00 AM,pre_game,EPL,demon,https://static.prizepicks.com/images/manual/Matteo Ruggeri.png,15441955,,,,,,Over,https://static.prizepicks.com/images/manual/Matteo Ruggeri.png,2:00 AM,,,,,2:00 AM,,,,,,,,,,,,,,,,,,,,,,,0,0,0,,Push
PrizePicks,Soccer,319605,Nathan Collins,Defender,Brentford,Goals,0.5,TRUE,,10/10/2026,2:00:00 AM,pre_game,EPL,demon,https://static.prizepicks.com/images/players/soccer/csinkvzxcphggdjeflmo173zd.webp,15441956,,,,,,Over,https://static.prizepicks.com/images/players/soccer/csinkvzxcphggdjeflmo173zd.webp,2:00 AM,,,,,2:00 AM,,,,,,,,,,,,,,,,,,,,,,,0,0,0,,Push
PrizePicks,Soccer,319258,Aaron Hickey,Defender,Brentford,Goals,0.5,TRUE,,10/10/2026,2:00:00 AM,pre_game,EPL,demon,https://static.prizepicks.com/images/players/soccer/SCR_team_rRAvKUlGvSP8DVx9tVWgzs42_9xfrrmf19uv4i69ge0kg1hh7u.webp,15441957,,,,,,Over,https://static.prizepicks.com/images/players/soccer/SCR_team_rRAvKUlGvSP8DVx9tVWgzs42_9xfrrmf19uv4i69ge0kg1hh7u.webp,2:00 AM,Scotland,0.9,2.4,,2:00 AM,,,,,,,,,,,,,,,,,,,,,,,0,0,0,,Push
PrizePicks,Soccer,319608,Yehor Yarmoliuk,Midfielder,Brentford,Goals,0.5,TRUE,,10/10/2026,2:00:00 AM,pre_game,EPL,demon,https://static.prizepicks.com/images/players/soccer/9mrmzuytv82k3u2nco9tq9y0a.webp,15441958,,,,,,Over,https://static.prizepicks.com/images/players/soccer/9mrmzuytv82k3u2nco9tq9y0a.webp,2:00 AM,,,,,2:00 AM,,,,,,,,,,,,,,,,,,,,,,,0,0,0,,Push
PrizePicks,Soccer,335079,Pau Torres,Defender,Villa,Goals,0.5,TRUE,,10/10/2026,2:00:00 AM,pre_game,EPL,demon,https://static.prizepicks.com/images/players/soccer/57s7gfvt5btbfzm600wn7df55.webp,15441959,,#NUM!,#NUM!,,,Over,https://static.prizepicks.com/images/players/soccer/57s7gfvt5btbfzm600wn7df55.webp,2:00 AM,,,,,2:00 AM,,,,,,,,,,,,,,,,,,,,,,,0,0,0,,Push
PrizePicks,Soccer,319538,Dango Ouattara,Attacker,Brentford,Goals,0.5,TRUE,,10/10/2026,2:00:00 AM,pre_game,EPL,demon,https://static.prizepicks.com/images/players/soccer/dg4782hj9xdqg46w225kzph5g.webp,15441961,,,,,,Over,https://static.prizepicks.com/images/players/soccer/dg4782hj9xdqg46w225kzph5g.webp,2:00 AM,,,,,2:00 AM,,,,,,,,,,,,,,,,,,,,,,,0,0,0,,Push
PrizePicks,Soccer,335084,Matty Cash,Defender,Villa,Goals,0.5,TRUE,,10/10/2026,2:00:00 AM,pre_game,EPL,demon,https://static.prizepicks.com/images/players/soccer/1e9txzr9hqz94xtun6byo0vs9.webp,15441962,,#NUM!,#NUM!,,,Over,https://static.prizepicks.com/images/players/soccer/1e9txzr9hqz94xtun6byo0vs9.webp,2:00 AM,,,,,2:00 AM,,,,,,,,,,,,,,,,,,,,,,,0,0,0,,Push
PrizePicks,Soccer,319267,Igor Thiago,Attacker,Brentford,Goals,0.5,TRUE,,10/10/2026,2:00:00 AM,pre_game,EPL,demon,https://static.prizepicks.com/images/manual/Igor Thiago.webp,15441963,0.5,43.091,56.909,,,Over,https://static.prizepicks.com/images/manual/Igor Thiago.webp,2:00 AM,,,,,2:00 AM,,,,,,,,0.50,,,,,,,,43.091,56.909,43.1,,,,,0.5,0.5,0.5,0.5,Push
PrizePicks,Soccer,319272,Kristoffer Ajer,Defender,Brentford,Goals,0.5,TRUE,,10/10/2026,2:00:00 AM,pre_game,EPL,demon,https://static.prizepicks.com/images/players/soccer/SCR_team_rRAvKUlGvSP8DVx9tVWgzs42_32bvxwhceid2xdcfx6cd8a8d1.webp,15441964,,,,,,Over,https://static.prizepicks.com/images/players/soccer/SCR_team_rRAvKUlGvSP8DVx9tVWgzs42_32bvxwhceid2xdcfx6cd8a8d1.webp,2:00 AM,Norway,-0.6,2.5,,2:00 AM,,,,,,,,,,,,,,,,,,,,,,,0,0,0,,Push
PrizePicks,Soccer,319274,Mikkel Damsgaard,Midfielder,Brentford,Goals,0.5,TRUE,,10/10/2026,2:00:00 AM,pre_game,EPL,demon,https://static.prizepicks.com/images/manual/Mikkel Damsgaard.png,15441965,0.5,21.326,78.674,,,Over,https://static.prizepicks.com/images/manual/Mikkel Damsgaard.png,2:00 AM,,,,,2:00 AM,,,,,,,,0.50,,,,,,,,21.326,78.674,21.3,,,,,0.5,0.5,0.5,0.5,Push
PrizePicks,Soccer,319258,Aaron Hickey,Defender,Brentford,Shots On Target,0.5,TRUE,,10/10/2026,2:00:00 AM,pre_game,EPL,demon,https://static.prizepicks.com/images/players/soccer/SCR_team_rRAvKUlGvSP8DVx9tVWgzs42_9xfrrmf19uv4i69ge0kg1hh7u.webp,15441968,,,,,,Over,https://static.prizepicks.com/images/players/soccer/SCR_team_rRAvKUlGvSP8DVx9tVWgzs42_9xfrrmf19uv4i69ge0kg1hh7u.webp,2:00 AM,Scotland,0.9,2.4,,2:00 AM,,,,,,,,,,,,,,,,,,,,,,,0,0,0,,Push
PrizePicks,Soccer,319607,Vitaly Janelt,Midfielder,Brentford,Shots On Target,0.5,TRUE,,10/10/2026,2:00:00 AM,pre_game,EPL,demon,https://static.prizepicks.com/images/players/soccer/SCR_team_rRAvKUlGvSP8DVx9tVWgzs42_9k8gysrsy1a261nhcszo4aoyx.webp,15441969,,,,,,Over,https://static.prizepicks.com/images/players/soccer/SCR_team_rRAvKUlGvSP8DVx9tVWgzs42_9k8gysrsy1a261nhcszo4aoyx.webp,2:00 AM,,,,,2:00 AM,,,,,,,,,,,,,,,,,,,,,,,0,0,0,,Push
PrizePicks,Soccer,319273,Mathias Jensen,Midfielder,Brentford,Shots On Target,0.5,TRUE,,10/10/2026,2:00:00 AM,pre_game,EPL,demon,https://static.prizepicks.com/images/players/soccer/dtol82tjlq48bs0s70sisguz9.webp,15441972,,,,,,Over,https://static.prizepicks.com/images/players/soccer/dtol82tjlq48bs0s70sisguz9.webp,2:00 AM,,,,,2:00 AM,,,,,,,,,,,,,,,,,,,,,,,0,0,0,,Push
PrizePicks,Soccer,335083,Tyrone Mings,Defender,Villa,Shots On Target,0.5,TRUE,,10/10/2026,2:00:00 AM,pre_game,EPL,demon,https://static.prizepicks.com/images/players/soccer/2smmv9hdoiet7necaf00ol51x.webp,15441973,,#NUM!,#NUM!,,,Over,https://static.prizepicks.com/images/players/soccer/2smmv9hdoiet7necaf00ol51x.webp,2:00 AM,,,,,2:00 AM,,,,,,,,,,,,,,,,,,,,,,,0,0,0,,Push
PrizePicks,Soccer,319605,Nathan Collins,Defender,Brentford,Shots On Target,0.5,TRUE,,10/10/2026,2:00:00 AM,pre_game,EPL,demon,https://static.prizepicks.com/images/players/soccer/csinkvzxcphggdjeflmo173zd.webp,15441976,,,,,,Over,https://static.prizepicks.com/images/players/soccer/csinkvzxcphggdjeflmo173zd.webp,2:00 AM,,,,,2:00 AM,,,,,,,,,,,,,,,,,,,,,,,0,0,0,,Push
PrizePicks,Soccer,339220,El Hadji Malick Diouf,Defender,Brentford,Shots On Target,0.5,TRUE,,10/10/2026,2:00:00 AM,pre_game,EPL,demon,https://images.fotmob.com/image_resources/playerimages/1451265.png,15441978,,,,,,Over,https://images.fotmob.com/image_resources/playerimages/1451265.png,2:00 AM,,,,,2:00 AM,,,,,,,,,,,,,,,,,,,,,,,0,0,0,,Push
PrizePicks,Soccer,335062,Jannik Schuster,Defender,Brentford,Shots On Target,0.5,TRUE,,10/10/2026,2:00:00 AM,pre_game,EPL,demon,https://static.prizepicks.com/images/manual/Jannik_Schuster-.png,15441980,,,,,,Over,https://static.prizepicks.com/images/manual/Jannik_Schuster-.png,2:00 AM,,,,,2:00 AM,,,,,,,,,,,,,,,,,,,,,,,0,0,0,,Push
PrizePicks,Soccer,319604,Michael Kayode,Defender,Brentford,Shots On Target,0.5,TRUE,,10/10/2026,2:00:00 AM,pre_game,EPL,demon,https://static.prizepicks.com/images/players/soccer/471t4engadct4su6thk5r5qtw.webp,15441981,,,,,,Over,https://static.prizepicks.com/images/players/soccer/471t4engadct4su6thk5r5qtw.webp,2:00 AM,,,,,2:00 AM,,,,,,,,,,,,,,,,,,,,,,,0,0,0,,Push
PrizePicks,Soccer,334722,Boubacar Kamara,Midfielder,Villa,Shots On Target,0.5,TRUE,,10/10/2026,2:00:00 AM,pre_game,EPL,demon,https://static.prizepicks.com/images/players/soccer/blth4klpu88kgh73abpjlgusp.webp,15441984,,#NUM!,#NUM!,,,Over,https://static.prizepicks.com/images/players/soccer/blth4klpu88kgh73abpjlgusp.webp,2:00 AM,,,,,2:00 AM,,,,,,,,,,,,,,,,,,,,,,,0,0,0,,Push
PrizePicks,Soccer,319272,Kristoffer Ajer,Defender,Brentford,Shots On Target,0.5,TRUE,,10/10/2026,2:00:00 AM,pre_game,EPL,demon,https://static.prizepicks.com/images/players/soccer/SCR_team_rRAvKUlGvSP8DVx9tVWgzs42_32bvxwhceid2xdcfx6cd8a8d1.webp,15441988,,,,,,Over,https://static.prizepicks.com/images/players/soccer/SCR_team_rRAvKUlGvSP8DVx9tVWgzs42_32bvxwhceid2xdcfx6cd8a8d1.webp,2:00 AM,Norway,-0.6,2.5,,2:00 AM,,,,,,,,,,,,,,,,,,,,,,,0,0,0,,Push
PrizePicks,Soccer,337171,Aaron Wan-Bissaka,Defender,Villa,Shots On Target,0.5,TRUE,,10/10/2026,2:00:00 AM,pre_game,EPL,demon,https://static.prizepicks.com/images/manual/Aaron Wan-Bissaka.png,15441989,,,,,,Over,https://static.prizepicks.com/images/manual/Aaron Wan-Bissaka.png,2:00 AM,Colombia,-1.2,2.5,,2:00 AM,,,,,,,,,,,,,,,,,,,,,,,0,0,0,,Push
PrizePicks,Soccer,336432,Matteo Ruggeri,Defender,Villa,Shots On Target,0.5,TRUE,,10/10/2026,2:00:00 AM,pre_game,EPL,demon,https://static.prizepicks.com/images/manual/Matteo Ruggeri.png,15441990,,,,,,Over,https://static.prizepicks.com/images/manual/Matteo Ruggeri.png,2:00 AM,,,,,2:00 AM,,,,,,,,,,,,,,,,,,,,,,,0,0,0,,Push
PrizePicks,Soccer,334534,Mamadou Sangaré,Midfielder,Brentford,Shots On Target,0.5,TRUE,,10/10/2026,2:00:00 AM,pre_game,EPL,demon,https://static.prizepicks.com/images/manual/Mamadou Sangaré.png,15441991,,,,,,Over,https://static.prizepicks.com/images/manual/Mamadou Sangaré.png,2:00 AM,,,,,2:00 AM,,,,,,,,,,,,,,,,,,,,,,,0,0,0,,Push
PrizePicks,Soccer,335072,Ross Barkley,Midfielder,Villa,Goal + Assist,0.5,TRUE,,10/10/2026,2:00:00 AM,pre_game,EPL,demon,https://static.prizepicks.com/images/players/soccer/dxeju5zcb6j8etdgwq0kweor9.webp,15441995,,,,,,Over,https://static.prizepicks.com/images/players/soccer/dxeju5zcb6j8etdgwq0kweor9.webp,2:00 AM,,,,,2:00 AM,,,,,,,,,,,,,,,,,,,,,,,0,0,0,,Push
PrizePicks,Soccer,340213,Ibrahim Mbaye,Attacker,Villa,Goal + Assist,0.5,TRUE,,10/10/2026,2:00:00 AM,pre_game,EPL,demon,https://static.prizepicks.com/images/manual/Ibrahim Mbaye villa.png,15441996,,,,,,Over,https://static.prizepicks.com/images/manual/Ibrahim Mbaye villa.png,2:00 AM,Norway,-0.6,2.5,,2:00 AM,,,,,,,,,,,,,,,,,,,,,,,0,0,0,,Push
PrizePicks,Soccer,339220,El Hadji Malick Diouf,Defender,Brentford,Goal + Assist,0.5,TRUE,,10/10/2026,2:00:00 AM,pre_game,EPL,demon,https://images.fotmob.com/image_resources/playerimages/1451265.png,15441997,,,,,,Over,https://images.fotmob.com/image_resources/playerimages/1451265.png,2:00 AM,,,,,2:00 AM,,,,,,,,,,,,,,,,,,,,,,,0,0,0,,Push
PrizePicks,Soccer,319273,Mathias Jensen,Midfielder,Brentford,Goal + Assist,0.5,TRUE,,10/10/2026,2:00:00 AM,pre_game,EPL,demon,https://static.prizepicks.com/images/players/soccer/dtol82tjlq48bs0s70sisguz9.webp,15441998,,,,,,Over,https://static.prizepicks.com/images/players/soccer/dtol82tjlq48bs0s70sisguz9.webp,2:00 AM,,,,,2:00 AM,,,,,,,,,,,,,,,,,,,,,,,0,0,0,,Push
PrizePicks,Soccer,319608,Yehor Yarmoliuk,Midfielder,Brentford,Goal + Assist,0.5,TRUE,,10/10/2026,2:00:00 AM,pre_game,EPL,demon,https://static.prizepicks.com/images/players/soccer/9mrmzuytv82k3u2nco9tq9y0a.webp,15441999,,,,,,Over,https://static.prizepicks.com/images/players/soccer/9mrmzuytv82k3u2nco9tq9y0a.webp,2:00 AM,,,,,2:00 AM,,,,,,,,,,,,,,,,,,,,,,,0,0,0,,Push
PrizePicks,Soccer,340213,Ibrahim Mbaye,Attacker,Villa,Assists,0.5,TRUE,,10/10/2026,2:00:00 AM,pre_game,EPL,demon,https://static.prizepicks.com/images/manual/Ibrahim Mbaye villa.png,15442000,,,,,,Over,https://static.prizepicks.com/images/manual/Ibrahim Mbaye villa.png,2:00 AM,Norway,-0.6,2.5,,2:00 AM,,,,,,,,,,,,,,,,,,,,,,,0,0,0,,Push
PrizePicks,Soccer,319540,Keane Lewis-Potter,Attacker,Brentford,Goal + Assist,0.5,TRUE,,10/10/2026,2:00:00 AM,pre_game,EPL,demon,https://static.prizepicks.com/images/players/soccer/7j36oy8n0tu8ps0haqb4es48a.webp,15442001,,,,,,Over,https://static.prizepicks.com/images/players/soccer/7j36oy8n0tu8ps0haqb4es48a.webp,2:00 AM,,,,,2:00 AM,,,,,,,,,,,,,,,,,,,,,,,0,0,0,,Push
PrizePicks,Soccer,319258,Aaron Hickey,Defender,Brentford,Goal + Assist,0.5,TRUE,,10/10/2026,2:00:00 AM,pre_game,EPL,demon,https://static.prizepicks.com/images/players/soccer/SCR_team_rRAvKUlGvSP8DVx9tVWgzs42_9xfrrmf19uv4i69ge0kg1hh7u.webp,15442002,,,,,,Over,https://static.prizepicks.com/images/players/soccer/SCR_team_rRAvKUlGvSP8DVx9tVWgzs42_9xfrrmf19uv4i69ge0kg1hh7u.webp,2:00 AM,Scotland,0.9,2.4,,2:00 AM,,,,,,,,,,,,,,,,,,,,,,,0,0,0,,Push
PrizePicks,Soccer,319538,Dango Ouattara,Attacker,Brentford,Assists,0.5,TRUE,,10/10/2026,2:00:00 AM,pre_game,EPL,demon,https://static.prizepicks.com/images/players/soccer/dg4782hj9xdqg46w225kzph5g.webp,15442003,,,,,,Over,https://static.prizepicks.com/images/players/soccer/dg4782hj9xdqg46w225kzph5g.webp,2:00 AM,,,,,2:00 AM,,,,,,,,,,,,,,,,,,,,,,,0,0,0,,Push
PrizePicks,Soccer,319273,Mathias Jensen,Midfielder,Brentford,Assists,0.5,TRUE,,10/10/2026,2:00:00 AM,pre_game,EPL,demon,https://static.prizepicks.com/images/players/soccer/dtol82tjlq48bs0s70sisguz9.webp,15442004,,,,,,Over,https://static.prizepicks.com/images/players/soccer/dtol82tjlq48bs0s70sisguz9.webp,2:00 AM,,,,,2:00 AM,,,,,,,,,,,,,,,,,,,,,,,0,0,0,,Push
PrizePicks,Soccer,335077,Johan Manzambi,Midfielder,Villa,Assists,0.5,TRUE,,10/10/2026,2:00:00 AM,pre_game,EPL,demon,https://static.prizepicks.com/images/manual/Johan Manzambi.png,15442005,0.5,20.572,79.428,,,Over,https://static.prizepicks.com/images/manual/Johan Manzambi.png,2:00 AM,Switzerland,-0.6,2.5,,2:00 AM,,,,,,,,0.50,,,,,,,,20.572,79.428,20.6,,,,,0.5,0.5,0.5,0.5,Push
PrizePicks,Soccer,319604,Michael Kayode,Defender,Brentford,Assists,0.5,TRUE,,10/10/2026,2:00:00 AM,pre_game,EPL,demon,https://static.prizepicks.com/images/players/soccer/471t4engadct4su6thk5r5qtw.webp,15442006,0.5,10.953,89.047,,,Over,https://static.prizepicks.com/images/players/soccer/471t4engadct4su6thk5r5qtw.webp,2:00 AM,,,,,2:00 AM,,,,,,,,0.50,,,,,,,,10.953,89.047,11.0,,,,,0.5,0.5,0.5,0.5,Push
PrizePicks,Soccer,335072,Ross Barkley,Midfielder,Villa,Assists,0.5,TRUE,,10/10/2026,2:00:00 AM,pre_game,EPL,demon,https://static.prizepicks.com/images/players/soccer/dxeju5zcb6j8etdgwq0kweor9.webp,15442007,,,,,,Over,https://static.prizepicks.com/images/players/soccer/dxeju5zcb6j8etdgwq0kweor9.webp,2:00 AM,,,,,2:00 AM,,,,,,,,,,,,,,,,,,,,,,,0,0,0,,Push
PrizePicks,Soccer,334722,Boubacar Kamara,Midfielder,Villa,Assists,0.5,TRUE,,10/10/2026,2:00:00 AM,pre_game,EPL,demon,https://static.prizepicks.com/images/players/soccer/blth4klpu88kgh73abpjlgusp.webp,15442008,,,,,,Over,https://static.prizepicks.com/images/players/soccer/blth4klpu88kgh73abpjlgusp.webp,2:00 AM,,,,,2:00 AM,,,,,,,,,,,,,,,,,,,,,,,0,0,0,,Push
PrizePicks,Soccer,334534,Mamadou Sangaré,Midfielder,Brentford,Assists,0.5,TRUE,,10/10/2026,2:00:00 AM,pre_game,EPL,demon,https://static.prizepicks.com/images/manual/Mamadou Sangaré.png,15442009,,,,,,Over,https://static.prizepicks.com/images/manual/Mamadou Sangaré.png,2:00 AM,,,,,2:00 AM,,,,,,,,,,,,,,,,,,,,,,,0,0,0,,Push
PrizePicks,Soccer,335091,Brian Madjo,Attacker,Villa,Assists,0.5,TRUE,,10/10/2026,2:00:00 AM,pre_game,EPL,demon,https://static.prizepicks.com/images/manual/Brian Madjo.png,15442010,,,,,,Over,https://static.prizepicks.com/images/manual/Brian Madjo.png,2:00 AM,,,,,2:00 AM,,,,,,,,,,,,,,,,,,,,,,,0,0,0,,Push
PrizePicks,Soccer,335083,Tyrone Mings,Defender,Villa,Goals,0.5,TRUE,,10/10/2026,2:00:00 AM,pre_game,EPL,demon,https://static.prizepicks.com/images/players/soccer/2smmv9hdoiet7necaf00ol51x.webp,15442012,,#NUM!,#NUM!,,,Over,https://static.prizepicks.com/images/players/soccer/2smmv9hdoiet7necaf00ol51x.webp,2:00 AM,,,,,2:00 AM,,,,,,,,,,,,,,,,,,,,,,,0,0,0,,Push
PrizePicks,Soccer,319604,Michael Kayode,Defender,Brentford,Goal + Assist,0.5,TRUE,,10/10/2026,2:00:00 AM,pre_game,EPL,demon,https://static.prizepicks.com/images/players/soccer/471t4engadct4su6thk5r5qtw.webp,15442013,,,,,,Over,https://static.prizepicks.com/images/players/soccer/471t4engadct4su6thk5r5qtw.webp,2:00 AM,,,,,2:00 AM,,,,,,,,,,,,,,,,,,,,,,,0,0,0,,Push
PrizePicks,Soccer,335091,Brian Madjo,Attacker,Villa,Goals,0.5,TRUE,,10/10/2026,2:00:00 AM,pre_game,EPL,demon,https://static.prizepicks.com/images/manual/Brian Madjo.png,15442014,,,,,,Over,https://static.prizepicks.com/images/manual/Brian Madjo.png,2:00 AM,,,,,2:00 AM,,,,,,,,,,,,,,,,,,,,,,,0,0,0,,Push
PrizePicks,Soccer,335078,Emiliano Buendía,Midfielder,Villa,Goals,0.5,TRUE,,10/10/2026,2:00:00 AM,pre_game,EPL,demon,https://static.prizepicks.com/images/players/soccer/l0qqn9tlgov91p5d1zzdupcl.webp,15442016,0.5,34.108,65.892,,,Over,https://static.prizepicks.com/images/players/soccer/l0qqn9tlgov91p5d1zzdupcl.webp,2:00 AM,,,,,2:00 AM,,,,,,,,0.50,,,,,,,,34.108,65.892,34.1,,,,,0.5,0.5,0.5,0.5,Push
PrizePicks,Soccer,334721,John McGinn,Midfielder,Villa,Goals,0.5,TRUE,,10/10/2026,2:00:00 AM,pre_game,EPL,demon,https://static.prizepicks.com/images/players/soccer/btvuam6p4391am219taqtcted.webp,15442017,0.5,23.014,76.986,,,Over,https://static.prizepicks.com/images/players/soccer/btvuam6p4391am219taqtcted.webp,2:00 AM,Scotland,0.9,2.4,Scotland vs Morocco,2:00 AM,,Boston Stadium,,,,,,0.50,,,,,,,,23.014,76.986,23.0,,,,,0.5,0.5,0.5,0.5,Push
PrizePicks,Soccer,337171,Aaron Wan-Bissaka,Defender,Villa,Goals,0.5,TRUE,,10/10/2026,2:00:00 AM,pre_game,EPL,demon,https://static.prizepicks.com/images/manual/Aaron Wan-Bissaka.png,15442019,,,,,,Over,https://static.prizepicks.com/images/manual/Aaron Wan-Bissaka.png,2:00 AM,Colombia,-1.2,2.5,,2:00 AM,,,,,,,,,,,,,,,,,,,,,,,0,0,0,,Push
PrizePicks,Soccer,319604,Michael Kayode,Defender,Brentford,Goals,0.5,TRUE,,10/10/2026,2:00:00 AM,pre_game,EPL,demon,https://static.prizepicks.com/images/players/soccer/471t4engadct4su6thk5r5qtw.webp,15442020,,,,,,Over,https://static.prizepicks.com/images/players/soccer/471t4engadct4su6thk5r5qtw.webp,2:00 AM,,,,,2:00 AM,,,,,,,,,,,,,,,,,,,,,,,0,0,0,,Push
PrizePicks,Soccer,319273,Mathias Jensen,Midfielder,Brentford,Goals,0.5,TRUE,,10/10/2026,2:00:00 AM,pre_game,EPL,demon,https://static.prizepicks.com/images/players/soccer/dtol82tjlq48bs0s70sisguz9.webp,15442021,,,,,,Over,https://static.prizepicks.com/images/players/soccer/dtol82tjlq48bs0s70sisguz9.webp,2:00 AM,,,,,2:00 AM,,,,,,,,,,,,,,,,,,,,,,,0,0,0,,Push
PrizePicks,Soccer,334721,John McGinn,Midfielder,Villa,Goal + Assist,0.5,TRUE,,10/10/2026,2:00:00 AM,pre_game,EPL,demon,https://static.prizepicks.com/images/players/soccer/btvuam6p4391am219taqtcted.webp,15442022,,,,,,Over,https://static.prizepicks.com/images/players/soccer/btvuam6p4391am219taqtcted.webp,2:00 AM,Scotland,0.9,2.4,Scotland vs Morocco,2:00 AM,,Boston Stadium,,,,,,,,,,,,,,,,,,,,,0,0,0,,Push
PrizePicks,Soccer,335083,Tyrone Mings,Defender,Villa,Goal + Assist,0.5,TRUE,,10/10/2026,2:00:00 AM,pre_game,EPL,demon,https://static.prizepicks.com/images/players/soccer/2smmv9hdoiet7necaf00ol51x.webp,15442023,,,,,,Over,https://static.prizepicks.com/images/players/soccer/2smmv9hdoiet7necaf00ol51x.webp,2:00 AM,,,,,2:00 AM,,,,,,,,,,,,,,,,,,,,,,,0,0,0,,Push
PrizePicks,Soccer,319605,Nathan Collins,Defender,Brentford,Goal + Assist,0.5,TRUE,,10/10/2026,2:00:00 AM,pre_game,EPL,demon,https://static.prizepicks.com/images/players/soccer/csinkvzxcphggdjeflmo173zd.webp,15442024,,,,,,Over,https://static.prizepicks.com/images/players/soccer/csinkvzxcphggdjeflmo173zd.webp,2:00 AM,,,,,2:00 AM,,,,,,,,,,,,,,,,,,,,,,,0,0,0,,Push
PrizePicks,Soccer,334533,Jaidon Anthony,Attacker,Brentford,Goal + Assist,0.5,TRUE,,10/10/2026,2:00:00 AM,pre_game,EPL,demon,https://static.prizepicks.com/images/manual/Jaidon Anthony.png,15442025,,,,,,Over,https://static.prizepicks.com/images/manual/Jaidon Anthony.png,2:00 AM,,,,,2:00 AM,,,,,,,,,,,,,,,,,,,,,,,0,0,0,,Push
PrizePicks,Soccer,335089,George Hemmings,Midfielder,Villa,Goal + Assist,0.5,TRUE,,10/10/2026,2:00:00 AM,pre_game,EPL,demon,https://static.prizepicks.com/images/players/soccer/SCR_team_eTYgIX64k7tLRTHjGtWxMikD_ak6mqx5tyz1duwg1u3v4fwfmc.webp,15442026,,,,,,Over,https://static.prizepicks.com/images/players/soccer/SCR_team_eTYgIX64k7tLRTHjGtWxMikD_ak6mqx5tyz1duwg1u3v4fwfmc.webp,2:00 AM,,,,,2:00 AM,,,,,,,,,,,,,,,,,,,,,,,0,0,0,,Push
PrizePicks,Soccer,334534,Mamadou Sangaré,Midfielder,Brentford,Goal + Assist,0.5,TRUE,,10/10/2026,2:00:00 AM,pre_game,EPL,demon,https://static.prizepicks.com/images/manual/Mamadou Sangaré.png,15442027,,,,,,Over,https://static.prizepicks.com/images/manual/Mamadou Sangaré.png,2:00 AM,,,,,2:00 AM,,,,,,,,,,,,,,,,,,,,,,,0,0,0,,Push
PrizePicks,Soccer,339480,Nicolas Jackson,Attacker,Villa,Assists,0.5,TRUE,,10/10/2026,2:00:00 AM,pre_game,EPL,demon,https://static.prizepicks.com/images/manual/Nicolas Jackson.png,15442028,0.5,12.975,87.025,,,Over,https://static.prizepicks.com/images/manual/Nicolas Jackson.png,2:00 AM,Norway,-0.6,2.5,,2:00 AM,,,,,,,,0.50,,,,,,,,12.975,87.025,13.0,,,,,0.5,0.5,0.5,0.5,Push
PrizePicks,Soccer,319538,Dango Ouattara,Attacker,Brentford,Goal + Assist,0.5,TRUE,,10/10/2026,2:00:00 AM,pre_game,EPL,demon,https://static.prizepicks.com/images/players/soccer/dg4782hj9xdqg46w225kzph5g.webp,15442029,,,,,,Over,https://static.prizepicks.com/images/players/soccer/dg4782hj9xdqg46w225kzph5g.webp,2:00 AM,,,,,2:00 AM,,,,,,,,,,,,,,,,,,,,,,,0,0,0,,Push
PrizePicks,Soccer,335077,Johan Manzambi,Midfielder,Villa,Goal + Assist,0.5,TRUE,,10/10/2026,2:00:00 AM,pre_game,EPL,demon,https://static.prizepicks.com/images/manual/Johan Manzambi.png,15442030,,,,,,Over,https://static.prizepicks.com/images/manual/Johan Manzambi.png,2:00 AM,Switzerland,-0.6,2.5,,2:00 AM,,,,,,,,,,,,,,,,,,,,,,,0,0,0,,Push
PrizePicks,Soccer,335074,Tammy Abraham,Attacker,Villa,Goals,0.5,TRUE,,10/10/2026,2:00:00 AM,pre_game,EPL,demon,https://static.prizepicks.com/images/manual/Tammy Abraham.png,15442032,,,,,,Over,https://static.prizepicks.com/images/manual/Tammy Abraham.png,2:00 AM,,,,,2:00 AM,,,,,,,,,,,,,,,,,,,,,,,0,0,0,,Push
PrizePicks,Soccer,335081,Victor Lindelöf,Defender,Villa,Goals,0.5,TRUE,,10/10/2026,2:00:00 AM,pre_game,EPL,demon,https://static.prizepicks.com/images/players/soccer/SCR_team_eTYgIX64k7tLRTHjGtWxMikD_a3ms8havadt1y9x381l325txx.webp,15442033,,,,,,Over,https://static.prizepicks.com/images/players/soccer/SCR_team_eTYgIX64k7tLRTHjGtWxMikD_a3ms8havadt1y9x381l325txx.webp,2:00 AM,Netherlands,-0.8,2.6,Netherlands vs Sweden,2:00 AM,,Houston Stadium,,,,,,,,,,,,,,,,,,,,,0,0,0,,Push
PrizePicks,Soccer,339480,Nicolas Jackson,Attacker,Villa,Goal + Assist,0.5,TRUE,,10/10/2026,2:00:00 AM,pre_game,EPL,demon,https://static.prizepicks.com/images/manual/Nicolas Jackson.png,15442034,,,,,,Over,https://static.prizepicks.com/images/manual/Nicolas Jackson.png,2:00 AM,Norway,-0.6,2.5,,2:00 AM,,,,,,,,,,,,,,,,,,,,,,,0,0,0,,Push
PrizePicks,Soccer,319272,Kristoffer Ajer,Defender,Brentford,Assists,0.5,TRUE,,10/10/2026,2:00:00 AM,pre_game,EPL,demon,https://static.prizepicks.com/images/players/soccer/SCR_team_rRAvKUlGvSP8DVx9tVWgzs42_32bvxwhceid2xdcfx6cd8a8d1.webp,15442035,,,,,,Over,https://static.prizepicks.com/images/players/soccer/SCR_team_rRAvKUlGvSP8DVx9tVWgzs42_32bvxwhceid2xdcfx6cd8a8d1.webp,2:00 AM,Norway,-0.6,2.5,,2:00 AM,,,,,,,,,,,,,,,,,,,,,,,0,0,0,,Push
PrizePicks,Soccer,335079,Pau Torres,Defender,Villa,Goal + Assist,0.5,TRUE,,10/10/2026,2:00:00 AM,pre_game,EPL,demon,https://static.prizepicks.com/images/players/soccer/57s7gfvt5btbfzm600wn7df55.webp,15442036,,,,,,Over,https://static.prizepicks.com/images/players/soccer/57s7gfvt5btbfzm600wn7df55.webp,2:00 AM,,,,,2:00 AM,,,,,,,,,,,,,,,,,,,,,,,0,0,0,,Push
PrizePicks,Soccer,319272,Kristoffer Ajer,Defender,Brentford,Goal + Assist,0.5,TRUE,,10/10/2026,2:00:00 AM,pre_game,EPL,demon,https://static.prizepicks.com/images/players/soccer/SCR_team_rRAvKUlGvSP8DVx9tVWgzs42_32bvxwhceid2xdcfx6cd8a8d1.webp,15442037,,,,,,Over,https://static.prizepicks.com/images/players/soccer/SCR_team_rRAvKUlGvSP8DVx9tVWgzs42_32bvxwhceid2xdcfx6cd8a8d1.webp,2:00 AM,Norway,-0.6,2.5,,2:00 AM,,,,,,,,,,,,,,,,,,,,,,,0,0,0,,Push
PrizePicks,Soccer,319540,Keane Lewis-Potter,Attacker,Brentford,Assists,0.5,TRUE,,10/10/2026,2:00:00 AM,pre_game,EPL,demon,https://static.prizepicks.com/images/players/soccer/7j36oy8n0tu8ps0haqb4es48a.webp,15442038,0.5,21.326,78.674,,,Over,https://static.prizepicks.com/images/players/soccer/7j36oy8n0tu8ps0haqb4es48a.webp,2:00 AM,,,,,2:00 AM,,,,,,,,0.50,,,,,,,,21.326,78.674,21.3,,,,,0.5,0.5,0.5,0.5,Push
PrizePicks,Soccer,334722,Boubacar Kamara,Midfielder,Villa,Goal + Assist,0.5,TRUE,,10/10/2026,2:00:00 AM,pre_game,EPL,demon,https://static.prizepicks.com/images/players/soccer/blth4klpu88kgh73abpjlgusp.webp,15442039,,,,,,Over,https://static.prizepicks.com/images/players/soccer/blth4klpu88kgh73abpjlgusp.webp,2:00 AM,,,,,2:00 AM,,,,,,,,,,,,,,,,,,,,,,,0,0,0,,Push
PrizePicks,Soccer,335074,Tammy Abraham,Attacker,Villa,Goal + Assist,0.5,TRUE,,10/10/2026,2:00:00 AM,pre_game,EPL,demon,https://static.prizepicks.com/images/manual/Tammy Abraham.png,15442040,,,,,,Over,https://static.prizepicks.com/images/manual/Tammy Abraham.png,2:00 AM,,,,,2:00 AM,,,,,,,,,,,,,,,,,,,,,,,0,0,0,,Push
PrizePicks,Soccer,334500,Callum Wilson,Attacker,Brentford,Goal + Assist,0.5,TRUE,,10/10/2026,2:00:00 AM,pre_game,EPL,demon,https://static.prizepicks.com/images/manual/Callum_Eddie_Graham_Wilson.png,15442041,,,,,,Over,https://static.prizepicks.com/images/manual/Callum_Eddie_Graham_Wilson.png,2:00 AM,,,,,2:00 AM,,,,,,,,,,,,,,,,,,,,,,,0,0,0,,Push
PrizePicks,Soccer,334533,Jaidon Anthony,Attacker,Brentford,Assists,0.5,TRUE,,10/10/2026,2:00:00 AM,pre_game,EPL,demon,https://static.prizepicks.com/images/manual/Jaidon Anthony.png,15442042,0.5,23.014,76.986,,,Over,https://static.prizepicks.com/images/manual/Jaidon Anthony.png,2:00 AM,,,,,2:00 AM,,,,,,,,0.50,,,,,,,,23.014,76.986,23.0,,,,,0.5,0.5,0.5,0.5,Push
PrizePicks,Soccer,335062,Jannik Schuster,Defender,Brentford,Assists,0.5,TRUE,,10/10/2026,2:00:00 AM,pre_game,EPL,demon,https://static.prizepicks.com/images/manual/Jannik_Schuster-.png,15442043,,,,,,Over,https://static.prizepicks.com/images/manual/Jannik_Schuster-.png,2:00 AM,,,,,2:00 AM,,,,,,,,,,,,,,,,,,,,,,,0,0,0,,Push
PrizePicks,Soccer,335083,Tyrone Mings,Defender,Villa,Assists,0.5,TRUE,,10/10/2026,2:00:00 AM,pre_game,EPL,demon,https://static.prizepicks.com/images/players/soccer/2smmv9hdoiet7necaf00ol51x.webp,15442044,,,,,,Over,https://static.prizepicks.com/images/players/soccer/2smmv9hdoiet7necaf00ol51x.webp,2:00 AM,,,,,2:00 AM,,,,,,,,,,,,,,,,,,,,,,,0,0,0,,Push
PrizePicks,Soccer,337171,Aaron Wan-Bissaka,Defender,Villa,Assists,0.5,TRUE,,10/10/2026,2:00:00 AM,pre_game,EPL,demon,https://static.prizepicks.com/images/manual/Aaron Wan-Bissaka.png,15442045,0.5,19.284,80.716,,,Over,https://static.prizepicks.com/images/manual/Aaron Wan-Bissaka.png,2:00 AM,Colombia,-1.2,2.5,,2:00 AM,,,,,,,,0.50,,,,,,,,19.284,80.716,19.3,,,,,0.5,0.5,0.5,0.5,Push
PrizePicks,Soccer,335079,Pau Torres,Defender,Villa,Assists,0.5,TRUE,,10/10/2026,2:00:00 AM,pre_game,EPL,demon,https://static.prizepicks.com/images/players/soccer/57s7gfvt5btbfzm600wn7df55.webp,15442046,,,,,,Over,https://static.prizepicks.com/images/players/soccer/57s7gfvt5btbfzm600wn7df55.webp,2:00 AM,,,,,2:00 AM,,,,,,,,,,,,,,,,,,,,,,,0,0,0,,Push
PrizePicks,Soccer,319258,Aaron Hickey,Defender,Brentford,Assists,0.5,TRUE,,10/10/2026,2:00:00 AM,pre_game,EPL,demon,https://static.prizepicks.com/images/players/soccer/SCR_team_rRAvKUlGvSP8DVx9tVWgzs42_9xfrrmf19uv4i69ge0kg1hh7u.webp,15442047,,,,,,Over,https://static.prizepicks.com/images/players/soccer/SCR_team_rRAvKUlGvSP8DVx9tVWgzs42_9xfrrmf19uv4i69ge0kg1hh7u.webp,2:00 AM,Scotland,0.9,2.4,,2:00 AM,,,,,,,,,,,,,,,,,,,,,,,0,0,0,,Push
PrizePicks,Soccer,319605,Nathan Collins,Defender,Brentford,Assists,0.5,TRUE,,10/10/2026,2:00:00 AM,pre_game,EPL,demon,https://static.prizepicks.com/images/players/soccer/csinkvzxcphggdjeflmo173zd.webp,15442048,,,,,,Over,https://static.prizepicks.com/images/players/soccer/csinkvzxcphggdjeflmo173zd.webp,2:00 AM,,,,,2:00 AM,,,,,,,,,,,,,,,,,,,,,,,0,0,0,,Push
PrizePicks,Soccer,335081,Victor Lindelöf,Defender,Villa,Assists,0.5,TRUE,,10/10/2026,2:00:00 AM,pre_game,EPL,demon,https://static.prizepicks.com/images/players/soccer/SCR_team_eTYgIX64k7tLRTHjGtWxMikD_a3ms8havadt1y9x381l325txx.webp,15442049,,,,,,Over,https://static.prizepicks.com/images/players/soccer/SCR_team_eTYgIX64k7tLRTHjGtWxMikD_a3ms8havadt1y9x381l325txx.webp,2:00 AM,Netherlands,-0.8,2.6,Netherlands vs Sweden,2:00 AM,,Houston Stadium,,,,,,,,,,,,,,,,,,,,,0,0,0,,Push
PrizePicks,Soccer,335072,Ross Barkley,Midfielder,Villa,Goals,0.5,TRUE,,10/10/2026,2:00:00 AM,pre_game,EPL,demon,https://static.prizepicks.com/images/players/soccer/dxeju5zcb6j8etdgwq0kweor9.webp,15442050,,#NUM!,#NUM!,,,Over,https://static.prizepicks.com/images/players/soccer/dxeju5zcb6j8etdgwq0kweor9.webp,2:00 AM,,,,,2:00 AM,,,,,,,,,,,,,,,,,,,,,,,0,0,0,,Push
PrizePicks,Soccer,335062,Jannik Schuster,Defender,Brentford,Goals,0.5,TRUE,,10/10/2026,2:00:00 AM,pre_game,EPL,demon,https://static.prizepicks.com/images/manual/Jannik_Schuster-.png,15442059,,,,,,Over,https://static.prizepicks.com/images/manual/Jannik_Schuster-.png,2:00 AM,,,,,2:00 AM,,,,,,,,,,,,,,,,,,,,,,,0,0,0,,Push
PrizePicks,Soccer,335081,Victor Lindelöf,Defender,Villa,Shots On Target,0.5,TRUE,,10/10/2026,2:00:00 AM,pre_game,EPL,demon,https://static.prizepicks.com/images/players/soccer/SCR_team_eTYgIX64k7tLRTHjGtWxMikD_a3ms8havadt1y9x381l325txx.webp,15442060,,,,,,Over,https://static.prizepicks.com/images/players/soccer/SCR_team_eTYgIX64k7tLRTHjGtWxMikD_a3ms8havadt1y9x381l325txx.webp,2:00 AM,Netherlands,-0.8,2.6,Netherlands vs Sweden,2:00 AM,,Houston Stadium,,,,,,,,,,,,,,,,,,,,,0,0,0,,Push
PrizePicks,Soccer,335062,Jannik Schuster,Defender,Brentford,Goal + Assist,0.5,TRUE,,10/10/2026,2:00:00 AM,pre_game,EPL,demon,https://static.prizepicks.com/images/manual/Jannik_Schuster-.png,15442070,,,,,,Over,https://static.prizepicks.com/images/manual/Jannik_Schuster-.png,2:00 AM,,,,,2:00 AM,,,,,,,,,,,,,,,,,,,,,,,0,0,0,,Push
PrizePicks,Soccer,335081,Victor Lindelöf,Defender,Villa,Goal + Assist,0.5,TRUE,,10/10/2026,2:00:00 AM,pre_game,EPL,demon,https://static.prizepicks.com/images/players/soccer/SCR_team_eTYgIX64k7tLRTHjGtWxMikD_a3ms8havadt1y9x381l325txx.webp,15442071,,,,,,Over,https://static.prizepicks.com/images/players/soccer/SCR_team_eTYgIX64k7tLRTHjGtWxMikD_a3ms8havadt1y9x381l325txx.webp,2:00 AM,Netherlands,-0.8,2.6,Netherlands vs Sweden,2:00 AM,,Houston Stadium,,,,,,,,,,,,,,,,,,,,,0,0,0,,Push
PrizePicks,Soccer,319270,Kevin Schade,Midfielder,Brentford,Goal + Assist,0.5,TRUE,,10/10/2026,2:00:00 AM,pre_game,EPL,demon,https://static.prizepicks.com/images/players/soccer/1h3mduwlaf89ebwtqxuegsodm.webp,15442072,,,,,,Over,https://static.prizepicks.com/images/players/soccer/1h3mduwlaf89ebwtqxuegsodm.webp,2:00 AM,,,,,2:00 AM,,,,,,,,,,,,,,,,,,,,,,,0,0,0,,Push
PrizePicks,Soccer,336432,Matteo Ruggeri,Defender,Villa,Goal + Assist,0.5,TRUE,,10/10/2026,2:00:00 AM,pre_game,EPL,demon,https://static.prizepicks.com/images/manual/Matteo Ruggeri.png,15442073,,,,,,Over,https://static.prizepicks.com/images/manual/Matteo Ruggeri.png,2:00 AM,,,,,2:00 AM,,,,,,,,,,,,,,,,,,,,,,,0,0,0,,Push
PrizePicks,Soccer,335074,Tammy Abraham,Attacker,Villa,Assists,0.5,TRUE,,10/10/2026,2:00:00 AM,pre_game,EPL,demon,https://static.prizepicks.com/images/manual/Tammy Abraham.png,15442074,,,,,,Over,https://static.prizepicks.com/images/manual/Tammy Abraham.png,2:00 AM,,,,,2:00 AM,,,,,,,,,,,,,,,,,,,,,,,0,0,0,,Push
PrizePicks,Soccer,335089,George Hemmings,Midfielder,Villa,Assists,0.5,TRUE,,10/10/2026,2:00:00 AM,pre_game,EPL,demon,https://static.prizepicks.com/images/players/soccer/SCR_team_eTYgIX64k7tLRTHjGtWxMikD_ak6mqx5tyz1duwg1u3v4fwfmc.webp,15442075,,,,,,Over,https://static.prizepicks.com/images/players/soccer/SCR_team_eTYgIX64k7tLRTHjGtWxMikD_ak6mqx5tyz1duwg1u3v4fwfmc.webp,2:00 AM,,,,,2:00 AM,,,,,,,,,,,,,,,,,,,,,,,0,0,0,,Push
PrizePicks,Soccer,334721,John McGinn,Midfielder,Villa,Assists,0.5,TRUE,,10/10/2026,2:00:00 AM,pre_game,EPL,demon,https://static.prizepicks.com/images/players/soccer/btvuam6p4391am219taqtcted.webp,15442076,0.5,18.5,81.5,,,Over,https://static.prizepicks.com/images/players/soccer/btvuam6p4391am219taqtcted.webp,2:00 AM,Scotland,0.9,2.4,Scotland vs Morocco,2:00 AM,,Boston Stadium,,,,,,0.50,,,,,,,,18.5,81.5,18.5,,,,,0.5,0.5,0.5,0.5,Push
PrizePicks,Soccer,336432,Matteo Ruggeri,Defender,Villa,Assists,0.5,TRUE,,10/10/2026,2:00:00 AM,pre_game,EPL,demon,https://static.prizepicks.com/images/manual/Matteo Ruggeri.png,15442077,0.5,15.987,84.013,,,Over,https://static.prizepicks.com/images/manual/Matteo Ruggeri.png,2:00 AM,,,,,2:00 AM,,,,,,,,0.50,,,,,,,,15.987,84.013,16.0,,,,,0.5,0.5,0.5,0.5,Push
PrizePicks,Soccer,319267,Igor Thiago,Attacker,Brentford,Assists,0.5,TRUE,,10/10/2026,2:00:00 AM,pre_game,EPL,demon,https://static.prizepicks.com/images/manual/Igor Thiago.webp,15442078,,,,,,Over,https://static.prizepicks.com/images/manual/Igor Thiago.webp,2:00 AM,,,,,2:00 AM,,,,,,,,,,,,,,,,,,,,,,,0,0,0,,Push
PrizePicks,Soccer,335084,Matty Cash,Defender,Villa,Assists,0.5,TRUE,,10/10/2026,2:00:00 AM,pre_game,EPL,demon,https://static.prizepicks.com/images/players/soccer/1e9txzr9hqz94xtun6byo0vs9.webp,15442079,,,,,,Over,https://static.prizepicks.com/images/players/soccer/1e9txzr9hqz94xtun6byo0vs9.webp,2:00 AM,,,,,2:00 AM,,,,,,,,,,,,,,,,,,,,,,,0,0,0,,Push
PrizePicks,Soccer,335078,Emiliano Buendía,Midfielder,Villa,Assists,0.5,TRUE,,10/10/2026,2:00:00 AM,pre_game,EPL,demon,https://static.prizepicks.com/images/players/soccer/l0qqn9tlgov91p5d1zzdupcl.webp,15442172,0.5,17.308,82.692,,,Over,https://static.prizepicks.com/images/players/soccer/l0qqn9tlgov91p5d1zzdupcl.webp,2:00 AM,,,,,2:00 AM,,,,,,,,0.50,,,,,,,,17.308,82.692,17.3,,,,,0.5,0.5,0.5,0.5,Push
PrizePicks,Soccer,335084,Matty Cash,Defender,Villa,Goal + Assist,0.5,TRUE,,10/10/2026,2:00:00 AM,pre_game,EPL,demon,https://static.prizepicks.com/images/players/soccer/1e9txzr9hqz94xtun6byo0vs9.webp,15442173,,,,,,Over,https://static.prizepicks.com/images/players/soccer/1e9txzr9hqz94xtun6byo0vs9.webp,2:00 AM,,,,,2:00 AM,,,,,,,,,,,,,,,,,,,,,,,0,0,0,,Push
PrizePicks,Soccer,335078,Emiliano Buendía,Midfielder,Villa,Goal + Assist,0.5,TRUE,,10/10/2026,2:00:00 AM,pre_game,EPL,demon,https://static.prizepicks.com/images/players/soccer/l0qqn9tlgov91p5d1zzdupcl.webp,15442174,,,,,,Over,https://static.prizepicks.com/images/players/soccer/l0qqn9tlgov91p5d1zzdupcl.webp,2:00 AM,,,,,2:00 AM,,,,,,,,,,,,,,,,,,,,,,,0,0,0,,Push
PrizePicks,Soccer,319274,Mikkel Damsgaard,Midfielder,Brentford,Assists,0.5,TRUE,,10/10/2026,2:00:00 AM,pre_game,EPL,demon,https://static.prizepicks.com/images/manual/Mikkel Damsgaard.png,15446031,0.5,25.293,74.707,,,Over,https://static.prizepicks.com/images/manual/Mikkel Damsgaard.png,2:00 AM,,,,,2:00 AM,,,,,,,,0.50,,,,,,,,25.293,74.707,25.3,,,,,0.5,0.5,0.5,0.5,Push
PrizePicks,Soccer,319270,Kevin Schade,Midfielder,Brentford,Assists,0.5,TRUE,,10/10/2026,2:00:00 AM,pre_game,EPL,demon,https://static.prizepicks.com/images/players/soccer/1h3mduwlaf89ebwtqxuegsodm.webp,15446032,0.5,14.227,85.773,,,Over,https://static.prizepicks.com/images/players/soccer/1h3mduwlaf89ebwtqxuegsodm.webp,2:00 AM,,,,,2:00 AM,,,,,,,,0.50,,,,,,,,14.227,85.773,14.2,,,,,0.5,0.5,0.5,0.5,Push
PrizePicks,Soccer,319607,Vitaly Janelt,Midfielder,Brentford,Assists,0.5,TRUE,,10/10/2026,2:00:00 AM,pre_game,EPL,demon,https://static.prizepicks.com/images/players/soccer/SCR_team_rRAvKUlGvSP8DVx9tVWgzs42_9k8gysrsy1a261nhcszo4aoyx.webp,15447542,0.5,13.529,86.471,,,Over,https://static.prizepicks.com/images/players/soccer/SCR_team_rRAvKUlGvSP8DVx9tVWgzs42_9k8gysrsy1a261nhcszo4aoyx.webp,2:00 AM,,,,,2:00 AM,,,,,,,,0.50,,,,,,,,13.529,86.471,13.5,,,,,0.5,0.5,0.5,0.5,Push
PrizePicks,Soccer,334722,Boubacar Kamara,Midfielder,Villa,Goals,0.5,TRUE,,10/10/2026,2:00:00 AM,pre_game,EPL,demon,https://static.prizepicks.com/images/players/soccer/blth4klpu88kgh73abpjlgusp.webp,15447543,,#NUM!,#NUM!,,,Over,https://static.prizepicks.com/images/players/soccer/blth4klpu88kgh73abpjlgusp.webp,2:00 AM,,,,,2:00 AM,,,,,,,,,,,,,,,,,,,,,,,0,0,0,,Push
PrizePicks,Soccer,335079,Pau Torres,Defender,Villa,Shots On Target,0.5,TRUE,,10/10/2026,2:00:00 AM,pre_game,EPL,demon,https://static.prizepicks.com/images/players/soccer/57s7gfvt5btbfzm600wn7df55.webp,15448556,,#NUM!,#NUM!,,,Over,https://static.prizepicks.com/images/players/soccer/57s7gfvt5btbfzm600wn7df55.webp,2:00 AM,,,,,2:00 AM,,,,,,,,,,,,,,,,,,,,,,,0,0,0,,Push
PrizePicks,Soccer,334729,João Gomes,Midfielder,Villa,Shots On Target,0.5,TRUE,,10/10/2026,2:00:00 AM,pre_game,EPL,demon,https://static.prizepicks.com/images/manual/João Gomes.png,15448557,,,,,,Over,https://static.prizepicks.com/images/manual/João Gomes.png,2:00 AM,,,,,2:00 AM,,,,,,,,,,,,,,,,,,,,,,,0,0,0,,Push
PrizePicks,Soccer,335084,Matty Cash,Defender,Villa,Shots On Target,0.5,TRUE,,10/10/2026,2:00:00 AM,pre_game,EPL,demon,https://static.prizepicks.com/images/players/soccer/1e9txzr9hqz94xtun6byo0vs9.webp,15448567,,#NUM!,#NUM!,,,Over,https://static.prizepicks.com/images/players/soccer/1e9txzr9hqz94xtun6byo0vs9.webp,2:00 AM,,,,,2:00 AM,,,,,,,,,,,,,,,,,,,,,,,0,0,0,,Push
PrizePicks,Soccer,320065,Fábio Carvalho,Midfielder,Brentford,Goals,0.5,TRUE,,10/10/2026,2:00:00 AM,pre_game,EPL,demon,https://static.prizepicks.com/images/players/soccer/6z1du1o69dgamvu2m8yi97dre.webp,15449586,,,,,,Over,https://static.prizepicks.com/images/players/soccer/6z1du1o69dgamvu2m8yi97dre.webp,2:00 AM,,,,,2:00 AM,,,,,,,,,,,,,,,,,,,,,,,0,0,0,,Push
PrizePicks,Soccer,319524,Rico Henry,Defender,Brentford,Goals,0.5,TRUE,,10/10/2026,2:00:00 AM,pre_game,EPL,demon,https://static.prizepicks.com/images/players/soccer/2nzefp5pwvldt2ttmxfeakamt.webp,15474387,,,,,,Over,https://static.prizepicks.com/images/players/soccer/2nzefp5pwvldt2ttmxfeakamt.webp,2:00 AM,,,,,2:00 AM,,,,,,,,,,,,,,,,,,,,,,,0,0,0,,Push
PrizePicks,Soccer,340211,Taylor Harwood-Bellis,Defender,Villa,Goals,0.5,TRUE,,10/10/2026,2:00:00 AM,pre_game,EPL,demon,https://static.prizepicks.com/images/manual/Taylor Harwood-Bellis villa.png,15474388,,,,,,Over,https://static.prizepicks.com/images/manual/Taylor Harwood-Bellis villa.png,2:00 AM,,,,,2:00 AM,,,,,,,,,,,,,,,,,,,,,,,0,0,0,,Push
PrizePicks,Soccer,335082,Lamare Bogarde,Midfielder,Villa,Goals,0.5,TRUE,,10/10/2026,2:00:00 AM,pre_game,EPL,demon,https://static.prizepicks.com/images/players/soccer/9jj7t00bb5zflz78nlz3bvllg.webp,15474389,,#NUM!,#NUM!,,,Over,https://static.prizepicks.com/images/players/soccer/9jj7t00bb5zflz78nlz3bvllg.webp,2:00 AM,,,,,2:00 AM,,,,,,,,,,,,,,,,,,,,,,,0,0,0,,Push
PrizePicks,Soccer,335552,Gustavo Nunes,Attacker,Brentford,Goals,0.5,TRUE,,10/10/2026,2:00:00 AM,pre_game,EPL,demon,https://static.prizepicks.com/images/manual/Gustavo Nunes.png,15474390,,,,,,Over,https://static.prizepicks.com/images/manual/Gustavo Nunes.png,2:00 AM,,,,,2:00 AM,,,,,,,,,,,,,,,,,,,,,,,0,0,0,,Push
PrizePicks,Soccer,335075,Alejandro Garnacho,Attacker,Villa,Goals,0.5,TRUE,,10/10/2026,2:00:00 AM,pre_game,EPL,demon,https://static.prizepicks.com/images/manual/Alejandro Garnacho.png,15474392,,,,,,Over,https://static.prizepicks.com/images/manual/Alejandro Garnacho.png,2:00 AM,,,,,2:00 AM,,,,,,,,,,,,,,,,,,,,,,,0,0,0,,Push
PrizePicks,Soccer,335762,Benjamin Fredrick,Defender,Brentford,Goals,0.5,TRUE,,10/10/2026,2:00:00 AM,pre_game,EPL,demon,https://static.prizepicks.com/images/manual/Benjamin Fredrick.png,15474393,,,,,,Over,https://static.prizepicks.com/images/manual/Benjamin Fredrick.png,2:00 AM,,,,,2:00 AM,,,,,,,,,,,,,,,,,,,,,,,0,0,0,,Push
PrizePicks,Soccer,319274,Mikkel Damsgaard,Midfielder,Brentford,Goal + Assist,0.5,TRUE,,10/10/2026,2:00:00 AM,pre_game,EPL,demon,https://static.prizepicks.com/images/manual/Mikkel Damsgaard.png,15480977,,,,,,Over,https://static.prizepicks.com/images/manual/Mikkel Damsgaard.png,2:00 AM,,,,,2:00 AM,,,,,,,,,,,,,,,,,,,,,,,0,0,0,,Push
PrizePicks,Soccer,319607,Vitaly Janelt,Midfielder,Brentford,Goal + Assist,0.5,TRUE,,10/10/2026,2:00:00 AM,pre_game,EPL,demon,https://static.prizepicks.com/images/players/soccer/SCR_team_rRAvKUlGvSP8DVx9tVWgzs42_9k8gysrsy1a261nhcszo4aoyx.webp,15480978,,,,,,Over,https://static.prizepicks.com/images/players/soccer/SCR_team_rRAvKUlGvSP8DVx9tVWgzs42_9k8gysrsy1a261nhcszo4aoyx.webp,2:00 AM,,,,,2:00 AM,,,,,,,,,,,,,,,,,,,,,,,0,0,0,,Push
PrizePicks,Soccer,337171,Aaron Wan-Bissaka,Defender,Villa,Goal + Assist,0.5,TRUE,,10/10/2026,2:00:00 AM,pre_game,EPL,demon,https://static.prizepicks.com/images/manual/Aaron Wan-Bissaka.png,15480983,,,,,,Over,https://static.prizepicks.com/images/manual/Aaron Wan-Bissaka.png,2:00 AM,Colombia,-1.2,2.5,,2:00 AM,,,,,,,,,,,,,,,,,,,,,,,0,0,0,,Push
PrizePicks,Soccer,334729,João Gomes,Midfielder,Villa,Goal + Assist,0.5,TRUE,,10/10/2026,2:00:00 AM,pre_game,EPL,demon,https://static.prizepicks.com/images/manual/João Gomes.png,15480984,,,,,,Over,https://static.prizepicks.com/images/manual/João Gomes.png,2:00 AM,,,,,2:00 AM,,,,,,,,,,,,,,,,,,,,,,,0,0,0,,Push
PrizePicks,Soccer,340211,Taylor Harwood-Bellis,Defender,Villa,Assists,0.5,TRUE,,10/10/2026,2:00:00 AM,pre_game,EPL,demon,https://static.prizepicks.com/images/manual/Taylor Harwood-Bellis villa.png,15492867,,,,,,Over,https://static.prizepicks.com/images/manual/Taylor Harwood-Bellis villa.png,2:00 AM,,,,,2:00 AM,,,,,,,,,,,,,,,,,,,,,,,0,0,0,,Push
PrizePicks,Soccer,319524,Rico Henry,Defender,Brentford,Goal + Assist,0.5,TRUE,,10/10/2026,2:00:00 AM,pre_game,EPL,demon,https://static.prizepicks.com/images/players/soccer/2nzefp5pwvldt2ttmxfeakamt.webp,15492871,,,,,,Over,https://static.prizepicks.com/images/players/soccer/2nzefp5pwvldt2ttmxfeakamt.webp,2:00 AM,,,,,2:00 AM,,,,,,,,,,,,,,,,,,,,,,,0,0,0,,Push
PrizePicks,Soccer,319608,Yehor Yarmoliuk,Midfielder,Brentford,Assists,0.5,TRUE,,10/10/2026,2:00:00 AM,pre_game,EPL,demon,https://static.prizepicks.com/images/players/soccer/9mrmzuytv82k3u2nco9tq9y0a.webp,15492877,,,,,,Over,https://static.prizepicks.com/images/players/soccer/9mrmzuytv82k3u2nco9tq9y0a.webp,2:00 AM,,,,,2:00 AM,,,,,,,,,,,,,,,,,,,,,,,0,0,0,,Push
PrizePicks,Soccer,335762,Benjamin Fredrick,Defender,Brentford,Assists,0.5,TRUE,,10/10/2026,2:00:00 AM,pre_game,EPL,demon,https://static.prizepicks.com/images/manual/Benjamin Fredrick.png,15492878,,,,,,Over,https://static.prizepicks.com/images/manual/Benjamin Fredrick.png,2:00 AM,,,,,2:00 AM,,,,,,,,,,,,,,,,,,,,,,,0,0,0,,Push
PrizePicks,Soccer,319524,Rico Henry,Defender,Brentford,Shots On Target,0.5,TRUE,,10/10/2026,2:00:00 AM,pre_game,EPL,demon,https://static.prizepicks.com/images/players/soccer/2nzefp5pwvldt2ttmxfeakamt.webp,15492923,,,,,,Over,https://static.prizepicks.com/images/players/soccer/2nzefp5pwvldt2ttmxfeakamt.webp,2:00 AM,,,,,2:00 AM,,,,,,,,,,,,,,,,,,,,,,,0,0,0,,Push
PrizePicks,Soccer,335762,Benjamin Fredrick,Defender,Brentford,Shots On Target,0.5,TRUE,,10/10/2026,2:00:00 AM,pre_game,EPL,demon,https://static.prizepicks.com/images/manual/Benjamin Fredrick.png,15492932,,,,,,Over,https://static.prizepicks.com/images/manual/Benjamin Fredrick.png,2:00 AM,,,,,2:00 AM,,,,,,,,,,,,,,,,,,,,,,,0,0,0,,Push
PrizePicks,Soccer,319524,Rico Henry,Defender,Brentford,Assists,0.5,TRUE,,10/10/2026,2:00:00 AM,pre_game,EPL,demon,https://static.prizepicks.com/images/players/soccer/2nzefp5pwvldt2ttmxfeakamt.webp,15492934,,,,,,Over,https://static.prizepicks.com/images/players/soccer/2nzefp5pwvldt2ttmxfeakamt.webp,2:00 AM,,,,,2:00 AM,,,,,,,,,,,,,,,,,,,,,,,0,0,0,,Push
PrizePicks,Soccer,334729,João Gomes,Midfielder,Villa,Assists,0.5,TRUE,,10/10/2026,2:00:00 AM,pre_game,EPL,demon,https://static.prizepicks.com/images/manual/João Gomes.png,15492935,,,,,,Over,https://static.prizepicks.com/images/manual/João Gomes.png,2:00 AM,,,,,2:00 AM,,,,,,,,,,,,,,,,,,,,,,,0,0,0,,Push
PrizePicks,Soccer,335082,Lamare Bogarde,Midfielder,Villa,Assists,0.5,TRUE,,10/10/2026,2:00:00 AM,pre_game,EPL,demon,https://static.prizepicks.com/images/players/soccer/9jj7t00bb5zflz78nlz3bvllg.webp,15492948,,,,,,Over,https://static.prizepicks.com/images/players/soccer/9jj7t00bb5zflz78nlz3bvllg.webp,2:00 AM,,,,,2:00 AM,,,,,,,,,,,,,,,,,,,,,,,0,0,0,,Push
PrizePicks,Soccer,335075,Alejandro Garnacho,Attacker,Villa,Assists,0.5,TRUE,,10/10/2026,2:00:00 AM,pre_game,EPL,demon,https://static.prizepicks.com/images/manual/Alejandro Garnacho.png,15492958,,,,,,Over,https://static.prizepicks.com/images/manual/Alejandro Garnacho.png,2:00 AM,,,,,2:00 AM,,,,,,,,,,,,,,,,,,,,,,,0,0,0,,Push
PrizePicks,Soccer,320065,Fábio Carvalho,Midfielder,Brentford,Goal + Assist,0.5,TRUE,,10/10/2026,2:00:00 AM,pre_game,EPL,demon,https://static.prizepicks.com/images/players/soccer/6z1du1o69dgamvu2m8yi97dre.webp,15492963,,,,,,Over,https://static.prizepicks.com/images/players/soccer/6z1du1o69dgamvu2m8yi97dre.webp,2:00 AM,,,,,2:00 AM,,,,,,,,,,,,,,,,,,,,,,,0,0,0,,Push
PrizePicks,Soccer,335075,Alejandro Garnacho,Attacker,Villa,Goal + Assist,0.5,TRUE,,10/10/2026,2:00:00 AM,pre_game,EPL,demon,https://static.prizepicks.com/images/manual/Alejandro Garnacho.png,15492981,,,,,,Over,https://static.prizepicks.com/images/manual/Alejandro Garnacho.png,2:00 AM,,,,,2:00 AM,,,,,,,,,,,,,,,,,,,,,,,0,0,0,,Push
PrizePicks,Soccer,335552,Gustavo Nunes,Attacker,Brentford,Assists,0.5,TRUE,,10/10/2026,2:00:00 AM,pre_game,EPL,demon,https://static.prizepicks.com/images/manual/Gustavo Nunes.png,15493026,,,,,,Over,https://static.prizepicks.com/images/manual/Gustavo Nunes.png,2:00 AM,,,,,2:00 AM,,,,,,,,,,,,,,,,,,,,,,,0,0,0,,Push
PrizePicks,Soccer,335762,Benjamin Fredrick,Defender,Brentford,Goal + Assist,0.5,TRUE,,10/10/2026,2:00:00 AM,pre_game,EPL,demon,https://static.prizepicks.com/images/manual/Benjamin Fredrick.png,15493027,,,,,,Over,https://static.prizepicks.com/images/manual/Benjamin Fredrick.png,2:00 AM,,,,,2:00 AM,,,,,,,,,,,,,,,,,,,,,,,0,0,0,,Push
PrizePicks,Soccer,320065,Fábio Carvalho,Midfielder,Brentford,Assists,0.5,TRUE,,10/10/2026,2:00:00 AM,pre_game,EPL,demon,https://static.prizepicks.com/images/players/soccer/6z1du1o69dgamvu2m8yi97dre.webp,15493054,,,,,,Over,https://static.prizepicks.com/images/players/soccer/6z1du1o69dgamvu2m8yi97dre.webp,2:00 AM,,,,,2:00 AM,,,,,,,,,,,,,,,,,,,,,,,0,0,0,,Push
PrizePicks,Soccer,334500,Callum Wilson,Attacker,Brentford,Assists,0.5,TRUE,,10/10/2026,2:00:00 AM,pre_game,EPL,demon,https://static.prizepicks.com/images/manual/Callum_Eddie_Graham_Wilson.png,15493090,,,,,,Over,https://static.prizepicks.com/images/manual/Callum_Eddie_Graham_Wilson.png,2:00 AM,,,,,2:00 AM,,,,,,,,,,,,,,,,,,,,,,,0,0,0,,Push
PrizePicks,Soccer,335552,Gustavo Nunes,Attacker,Brentford,Goal + Assist,0.5,TRUE,,10/10/2026,2:00:00 AM,pre_game,EPL,demon,https://static.prizepicks.com/images/manual/Gustavo Nunes.png,15493095,,,,,,Over,https://static.prizepicks.com/images/manual/Gustavo Nunes.png,2:00 AM,,,,,2:00 AM,,,,,,,,,,,,,,,,,,,,,,,0,0,0,,Push
PrizePicks,Soccer,339220,El Hadji Malick Diouf,Defender,Brentford,Assists,0.5,TRUE,,10/10/2026,2:00:00 AM,pre_game,EPL,demon,https://images.fotmob.com/image_resources/playerimages/1451265.png,15493109,,,,,,Over,https://images.fotmob.com/image_resources/playerimages/1451265.png,2:00 AM,,,,,2:00 AM,,,,,,,,,,,,,,,,,,,,,,,0,0,0,,Push
PrizePicks,Soccer,335082,Lamare Bogarde,Midfielder,Villa,Shots On Target,0.5,TRUE,,10/10/2026,2:00:00 AM,pre_game,EPL,demon,https://static.prizepicks.com/images/players/soccer/9jj7t00bb5zflz78nlz3bvllg.webp,15493123,,#NUM!,#NUM!,,,Over,https://static.prizepicks.com/images/players/soccer/9jj7t00bb5zflz78nlz3bvllg.webp,2:00 AM,,,,,2:00 AM,,,,,,,,,,,,,,,,,,,,,,,0,0,0,,Push
PrizePicks,Soccer,340211,Taylor Harwood-Bellis,Defender,Villa,Shots On Target,0.5,TRUE,,10/10/2026,2:00:00 AM,pre_game,EPL,demon,https://static.prizepicks.com/images/manual/Taylor Harwood-Bellis villa.png,15493185,,,,,,Over,https://static.prizepicks.com/images/manual/Taylor Harwood-Bellis villa.png,2:00 AM,,,,,2:00 AM,,,,,,,,,,,,,,,,,,,,,,,0,0,0,,Push
PrizePicks,Soccer,335082,Lamare Bogarde,Midfielder,Villa,Goal + Assist,0.5,TRUE,,10/10/2026,2:00:00 AM,pre_game,EPL,demon,https://static.prizepicks.com/images/players/soccer/9jj7t00bb5zflz78nlz3bvllg.webp,15493193,,,,,,Over,https://static.prizepicks.com/images/players/soccer/9jj7t00bb5zflz78nlz3bvllg.webp,2:00 AM,,,,,2:00 AM,,,,,,,,,,,,,,,,,,,,,,,0,0,0,,Push
PrizePicks,Soccer,340211,Taylor Harwood-Bellis,Defender,Villa,Goal + Assist,0.5,TRUE,,10/10/2026,2:00:00 AM,pre_game,EPL,demon,https://static.prizepicks.com/images/manual/Taylor Harwood-Bellis villa.png,15493199,,,,,,Over,https://static.prizepicks.com/images/manual/Taylor Harwood-Bellis villa.png,2:00 AM,,,,,2:00 AM,,,,,,,,,,,,,,,,,,,,,,,0,0,0,,Push
PrizePicks,Soccer,339203,Leon Goretzka,Midfielder,Villa,Goals,0.5,TRUE,,10/10/2026,2:00:00 AM,pre_game,EPL,demon,https://static.prizepicks.com/images/manual/Leon Goretzka.png,15516250,,,,,,Over,https://static.prizepicks.com/images/manual/Leon Goretzka.png,2:00 AM,Germany,-1.2,2.6,,2:00 AM,,,,,,,,,,,,,,,,,,,,,,,0,0,0,,Push
PrizePicks,Soccer,319272,Kristoffer Ajer,Defender,Brentford,Shots,0.5,TRUE,,10/10/2026,2:00:00 AM,pre_game,EPL,demon,https://static.prizepicks.com/images/players/soccer/SCR_team_rRAvKUlGvSP8DVx9tVWgzs42_32bvxwhceid2xdcfx6cd8a8d1.webp,15519786,,,,,,Over,https://static.prizepicks.com/images/players/soccer/SCR_team_rRAvKUlGvSP8DVx9tVWgzs42_32bvxwhceid2xdcfx6cd8a8d1.webp,2:00 AM,Norway,-0.6,2.5,,2:00 AM,,,,,,,,,,,,,,,,,,,,,,,0,0,0,,Push
PrizePicks,Soccer,335079,Pau Torres,Defender,Villa,Shots,0.5,TRUE,,10/10/2026,2:00:00 AM,pre_game,EPL,demon,https://static.prizepicks.com/images/players/soccer/57s7gfvt5btbfzm600wn7df55.webp,15519787,,,,,,Over,https://static.prizepicks.com/images/players/soccer/57s7gfvt5btbfzm600wn7df55.webp,2:00 AM,,,,,2:00 AM,,,,,,,,,,,,,,,,,,,,,,,0,0,0,,Push
PrizePicks,Soccer,319279,Sepp van den Berg,Defender,Brentford,Shots On Target,0.5,TRUE,,10/10/2026,2:00:00 AM,pre_game,EPL,demon,https://static.prizepicks.com/images/players/soccer/58ixsja4yf7pskmshzo7ohwfe.webp,15519808,,,,,,Over,https://static.prizepicks.com/images/players/soccer/58ixsja4yf7pskmshzo7ohwfe.webp,2:00 AM,,,,,2:00 AM,,,,,,,,,,,,,,,,,,,,,,,0,0,0,,Push
PrizePicks,Soccer,339203,Leon Goretzka,Midfielder,Villa,Shots On Target,0.5,TRUE,,10/10/2026,2:00:00 AM,pre_game,EPL,demon,https://static.prizepicks.com/images/manual/Leon Goretzka.png,15519810,,,,,,Over,https://static.prizepicks.com/images/manual/Leon Goretzka.png,2:00 AM,Germany,-1.2,2.6,,2:00 AM,,,,,,,,,,,,,,,,,,,,,,,0,0,0,,Push
PrizePicks,Soccer,339203,Leon Goretzka,Midfielder,Villa,Assists,0.5,TRUE,,10/10/2026,2:00:00 AM,pre_game,EPL,demon,https://static.prizepicks.com/images/manual/Leon Goretzka.png,15519920,,,,,,Over,https://static.prizepicks.com/images/manual/Leon Goretzka.png,2:00 AM,Germany,-1.2,2.6,,2:00 AM,,,,,,,,,,,,,,,,,,,,,,,0,0,0,,Push
PrizePicks,Soccer,319397,Charalampos Kostoulas,Attacker,Brighton,Shots,8.5,TRUE,,10/10/2026,2:00:00 AM,pre_game,EPL,demon,https://static.prizepicks.com/images/manual/Charalampos Kostoulas.png,15492692,2.5,48.619,51.381,,,Over,https://static.prizepicks.com/images/manual/Charalampos Kostoulas.png,2:00 AM,,,,,2:00 AM,,,,,,,,2.50,,,,,,,,49.4476,50.5524,49.5,,,,,2.5,2.5,2.5,2.5,Push
PrizePicks,Soccer,319247,Diego Gómez,Midfielder,Brighton,Shots,6.5,TRUE,,10/10/2026,2:00:00 AM,pre_game,EPL,demon,https://static.prizepicks.com/images/players/soccer/bqbt9eix8zlp6rxzxofl6rjmc.webp,15492378,2.5,38.083,61.917,,,Over,https://static.prizepicks.com/images/players/soccer/bqbt9eix8zlp6rxzxofl6rjmc.webp,2:00 AM,,,,,2:00 AM,,,,,,,,2.50,,,,,,,,45.2332,54.7668,45.2,,,,,2.5,2.5,2.5,2.5,Push
PrizePicks,Soccer,319226,Wilson Isidor,Attacker,Sunderland,Shots,6.5,TRUE,,10/10/2026,2:00:00 AM,pre_game,EPL,demon,https://static.prizepicks.com/images/players/soccer/1yev88jhwy9w7c4v3m4yyul7t.webp,15492456,2.5,42.445,57.555,,,Over,https://static.prizepicks.com/images/players/soccer/1yev88jhwy9w7c4v3m4yyul7t.webp,2:00 AM,Brazil,-2.5,3.4,Brazil vs Haiti,2:00 AM,,Philadelphia Stadium,,,,,,2.50,,,,,,,,46.978,53.022,47.0,,,,,2.5,2.5,2.5,2.5,Push
PrizePicks,Soccer,344231,Younes Ibrahim,Midfielder,Brighton,Shots,6.5,TRUE,,10/10/2026,2:00:00 AM,pre_game,EPL,demon,https://static.prizepicks.com/images/manual/Younes Ibrahim.png,15492694,,,,,,Over,https://static.prizepicks.com/images/manual/Younes Ibrahim.png,2:00 AM,,,,,2:00 AM,,,,,,,,,,,,,,,,,,,,,,,0,0,0,,Push
PrizePicks,Soccer,335798,Ibrahim Osman,Attacker,Brighton,Shots,5.5,TRUE,,10/10/2026,2:00:00 AM,pre_game,EPL,demon,https://static.prizepicks.com/images/manual/Ibrahim Osman.png,15492354,,,,,,Over,https://static.prizepicks.com/images/manual/Ibrahim Osman.png,2:00 AM,,,,,2:00 AM,,,,,,,,,,,,,,,,,,,,,,,0,0,0,,Push
PrizePicks,Soccer,340840,Femi Azeez,Attacker,Brighton,Shots,5.5,TRUE,,10/10/2026,2:00:00 AM,pre_game,EPL,demon,https://static.prizepicks.com/images/manual/Femi Azeez.png,15492366,,,,,,Over,https://static.prizepicks.com/images/manual/Femi Azeez.png,2:00 AM,,,,,2:00 AM,,,,,,,,,,,,,,,,,,,,,,,0,0,0,,Push
PrizePicks,Soccer,336385,Promise David,Attacker,Brighton,Shots,5.5,TRUE,,10/10/2026,2:00:00 AM,pre_game,EPL,demon,https://static.prizepicks.com/images/manual/Promise David.png,15492459,,,,,,Over,https://static.prizepicks.com/images/manual/Promise David.png,2:00 AM,,,,,2:00 AM,,,,,,,,,,,,,,,,,,,,,,,0,0,0,,Push
PrizePicks,Soccer,319204,Chris Rigg,Midfielder,Sunderland,Shots,5.5,TRUE,,10/10/2026,2:00:00 AM,pre_game,EPL,demon,https://static.prizepicks.com/images/manual/Chris_Rigg.png,15492479,,,,,,Over,https://static.prizepicks.com/images/manual/Chris_Rigg.png,2:00 AM,,,,,2:00 AM,,,,,,,,,,,,,,,,,,,,,,,0,0,0,,Push
PrizePicks,Soccer,319412,Maxim De Cuyper,Defender,Brighton,Shots,5.5,TRUE,,10/10/2026,2:00:00 AM,pre_game,EPL,demon,https://static.prizepicks.com/images/players/soccer/bjhjz96omjukrg6tj3mny39t6.webp,15492565,,,,,,Over,https://static.prizepicks.com/images/players/soccer/bjhjz96omjukrg6tj3mny39t6.webp,2:00 AM,Belgium,-1.3,2.5,Belgium vs IR Iran,2:00 AM,,Los Angeles Stadium,,,,,,,,,,,,,,,,,,,,,0,0,0,,Push
PrizePicks,Soccer,319399,Georginio Rutter,Attacker,Brighton,Shots,5.5,TRUE,,10/10/2026,2:00:00 AM,pre_game,EPL,demon,https://static.prizepicks.com/images/players/soccer/e8ekkg0yayhhmmhinl0v9une.webp,15492580,,,,,,Over,https://static.prizepicks.com/images/players/soccer/e8ekkg0yayhhmmhinl0v9une.webp,2:00 AM,,,,,2:00 AM,,,,,,,,,,,,,,,,,,,,,,,0,0,0,,Push
PrizePicks,Soccer,319203,Chemsdine Talbi,Attacker,Sunderland,Shots,5.5,TRUE,,10/10/2026,2:00:00 AM,pre_game,EPL,demon,https://static.prizepicks.com/images/players/soccer/5606cqx2mlkrp81oe6uh6ghec.webp,15492587,,,,,,Over,https://static.prizepicks.com/images/players/soccer/5606cqx2mlkrp81oe6uh6ghec.webp,2:00 AM,Scotland,0.9,2.4,,2:00 AM,,,,,,,,,,,,,,,,,,,,,,,0,0,0,,Push
PrizePicks,Soccer,319210,Enzo Le Fée,Midfielder,Sunderland,Shots,5.5,TRUE,,10/10/2026,2:00:00 AM,pre_game,EPL,demon,https://static.prizepicks.com/images/players/soccer/44o5mjglkzqxctz07ust9bcru.webp,15492593,1.5,46.652,53.348,,,Over,https://static.prizepicks.com/images/players/soccer/44o5mjglkzqxctz07ust9bcru.webp,2:00 AM,,,,,2:00 AM,,,,,,,,1.50,,,,,,,,48.6608,51.3392,48.7,,,,,1.5,1.5,1.5,1.5,Push
PrizePicks,Soccer,340828,Malick Fofana,Attacker,Sunderland,Shots,5.5,TRUE,,10/10/2026,2:00:00 AM,pre_game,EPL,demon,https://static.prizepicks.com/images/manual/Malick Fofana sunderland.png,15492685,,,,,,Over,https://static.prizepicks.com/images/manual/Malick Fofana sunderland.png,2:00 AM,,,,,2:00 AM,,,,,,,,,,,,,,,,,,,,,,,0,0,0,,Push
PrizePicks,Soccer,319222,Robin Roefs,Goalkeeper,Sunderland,Goalie Saves,5.5,TRUE,,10/10/2026,2:00:00 AM,pre_game,EPL,demon,https://static.prizepicks.com/images/players/soccer/6h0fuh0aamz86pf25qebm0fvu.webp,15493387,3.5,50.586,49.414,,,Over,https://static.prizepicks.com/images/players/soccer/6h0fuh0aamz86pf25qebm0fvu.webp,2:00 AM,Netherlands,-0.8,2.6,,2:00 AM,,,,,,,,3.50,,,,,,,,50.2344,49.7656,50.2,,,,,3.5,3.5,3.5,3.5,Push
PrizePicks,Soccer,319823,Bart Verbruggen,Goalkeeper,Brighton,Goalie Saves,5.5,TRUE,,10/10/2026,2:00:00 AM,pre_game,EPL,demon,https://static.prizepicks.com/images/players/soccer/3wwi5vf2l1qbz7e5zdjoy8yga.webp,15493390,2.5,60.53,39.47,,,Over,https://static.prizepicks.com/images/players/soccer/3wwi5vf2l1qbz7e5zdjoy8yga.webp,2:00 AM,Netherlands,-0.8,2.6,Netherlands vs Sweden,2:00 AM,,Houston Stadium,,,,,,2.50,,,,,,,,54.212,45.788,54.2,,,,,2.5,2.5,2.5,2.5,Push
PrizePicks,Soccer,337219,Jason Steele,Goalkeeper,Brighton,Goalie Saves,5.5,TRUE,,10/10/2026,2:00:00 AM,pre_game,EPL,demon,https://static.prizepicks.com/images/players/soccer/SCR_team_kgSmL0sa0r8P7CIl7ef9W9Os_31xsuz1icsj7zt1462swjpk2d.webp,15522225,,,,,,Over,https://static.prizepicks.com/images/players/soccer/SCR_team_kgSmL0sa0r8P7CIl7ef9W9Os_31xsuz1icsj7zt1462swjpk2d.webp,2:00 AM,,,,,2:00 AM,,,,,,,,,,,,,,,,,,,,,,,0,0,0,,Push
PrizePicks,Soccer,337895,Melker Ellborg,Goalkeeper,Sunderland,Goalie Saves,5.5,TRUE,,10/10/2026,2:00:00 AM,pre_game,EPL,demon,https://static.prizepicks.com/images/manual/Melker Ellborg sunderland.png,15522226,,,,,,Over,https://static.prizepicks.com/images/manual/Melker Ellborg sunderland.png,2:00 AM,,,,,2:00 AM,,,,,,,,,,,,,,,,,,,,,,,0,0,0,,Push
PrizePicks,Soccer,337218,Tom McGill,Goalkeeper,Brighton,Goalie Saves,5.5,TRUE,,10/10/2026,2:00:00 AM,pre_game,EPL,demon,https://static.prizepicks.com/images/players/soccer/e23f2mp5xqkwgcfnhmaknh9ex.webp,15522228,,,,,,Over,https://static.prizepicks.com/images/players/soccer/e23f2mp5xqkwgcfnhmaknh9ex.webp,2:00 AM,,,,,2:00 AM,,,,,,,,,,,,,,,,,,,,,,,0,0,0,,Push
PrizePicks,Soccer,337894,Simon Moore,Goalkeeper,Sunderland,Goalie Saves,5.5,TRUE,,10/10/2026,2:00:00 AM,pre_game,EPL,demon,https://static.prizepicks.com/images/players/soccer/SCR_team_N8prsDUBjKi0dwnTI51OjPX_8c3m2noq6elutwhvn3nuvs2xh.webp,15522229,,,,,,Over,https://static.prizepicks.com/images/players/soccer/SCR_team_N8prsDUBjKi0dwnTI51OjPX_8c3m2noq6elutwhvn3nuvs2xh.webp,2:00 AM,,,,,2:00 AM,,,,,,,,,,,,,,,,,,,,,,,0,0,0,,Push
PrizePicks,Soccer,319218,Nilson Angulo,Attacker,Sunderland,Shots,4.5,TRUE,,10/10/2026,2:00:00 AM,pre_game,EPL,demon,https://static.prizepicks.com/images/manual/Nilson_Angulo-.png,15492397,1.5,57.668,42.332,,,Over,https://static.prizepicks.com/images/manual/Nilson_Angulo-.png,2:00 AM,,,,,2:00 AM,,,,,,,,1.50,,,,,,,,53.0672,46.9328,53.1,,,,,1.5,1.5,1.5,1.5,Push
PrizePicks,Soccer,319251,Kaoru Mitoma,Midfielder,Brighton,Shots,4.5,TRUE,,10/10/2026,2:00:00 AM,pre_game,EPL,demon,https://static.prizepicks.com/images/players/soccer/aititrd343hal6ount0dp5zze.webp,15492539,,,,,,Over,https://static.prizepicks.com/images/players/soccer/aititrd343hal6ount0dp5zze.webp,2:00 AM,,,,,2:00 AM,,,,,,,,,,,,,,,,,,,,,,,0,0,0,,Push
PrizePicks,Soccer,335073,Luka Vuskovic,Defender,Brighton,Shots,4.5,TRUE,,10/10/2026,2:00:00 AM,pre_game,EPL,demon,https://static.prizepicks.com/images/manual/Luka Vuskovic.png,15492579,,,,,,Over,https://static.prizepicks.com/images/manual/Luka Vuskovic.png,2:00 AM,Panama,1.2,2.5,,2:00 AM,,,,,,,,,,,,,,,,,,,,,,,0,0,0,,Push
PrizePicks,Soccer,319415,Yasin Ayari,Midfielder,Brighton,Shots,4.5,TRUE,,10/10/2026,2:00:00 AM,pre_game,EPL,demon,https://static.prizepicks.com/images/players/soccer/192qpmicfd10d7mutv5y762qy.webp,15492597,1.5,46.083,53.917,,,Over,https://static.prizepicks.com/images/players/soccer/192qpmicfd10d7mutv5y762qy.webp,2:00 AM,Netherlands,-0.8,2.6,Netherlands vs Sweden,2:00 AM,,Houston Stadium,,,,,,1.50,,,,,,,,48.4332,51.5668,48.4,,,,,1.5,1.5,1.5,1.5,Push
PrizePicks,Soccer,319411,Matt O'Riley,Midfielder,Brighton,Shots,4.5,TRUE,,10/10/2026,2:00:00 AM,pre_game,EPL,demon,https://static.prizepicks.com/images/manual/Matt O'Riley.png,15492613,,,,,,Over,https://static.prizepicks.com/images/manual/Matt O'Riley.png,2:00 AM,,,,,2:00 AM,,,,,,,,,,,,,,,,,,,,,,,0,0,0,,Push
PrizePicks,Soccer,319414,Yankuba Minteh,Attacker,Brighton,Shots,4.5,TRUE,,10/10/2026,2:00:00 AM,pre_game,EPL,demon,https://static.prizepicks.com/images/players/soccer/50lnmkk33eoivv4ksly77hkpg.webp,15492620,,,,,,Over,https://static.prizepicks.com/images/players/soccer/50lnmkk33eoivv4ksly77hkpg.webp,2:00 AM,,,,,2:00 AM,,,,,,,,,,,,,,,,,,,,,,,0,0,0,,Push
PrizePicks,Soccer,319397,Charalampos Kostoulas,Attacker,Brighton,Shots,4.5,TRUE,,10/10/2026,2:00:00 AM,pre_game,EPL,demon,https://static.prizepicks.com/images/manual/Charalampos Kostoulas.png,15492628,2.5,48.619,51.381,,,Over,https://static.prizepicks.com/images/manual/Charalampos Kostoulas.png,2:00 AM,,,,,2:00 AM,,,,,,,,2.50,,,,,,,,49.4476,50.5524,49.5,,,,,2.5,2.5,2.5,2.5,Push
PrizePicks,Soccer,319402,Jack Hinshelwood,Midfielder,Brighton,Shots,4.5,TRUE,,10/10/2026,2:00:00 AM,pre_game,EPL,demon,https://static.prizepicks.com/images/players/soccer/SCR_team_kgSmL0sa0r8P7CIl7ef9W9Os_eikpw8bl1se3sj6hnsndi7zmc.webp,15492654,,,,,,Over,https://static.prizepicks.com/images/players/soccer/SCR_team_kgSmL0sa0r8P7CIl7ef9W9Os_eikpw8bl1se3sj6hnsndi7zmc.webp,2:00 AM,,,,,2:00 AM,,,,,,,,,,,,,,,,,,,,,,,0,0,0,,Push
PrizePicks,Soccer,319359,Pascal Groß,Midfielder,Brighton,Shots,4.5,TRUE,,10/10/2026,2:00:00 AM,pre_game,EPL,demon,https://static.prizepicks.com/images/manual/Pascal Groß.png,15492670,,,,,,Over,https://static.prizepicks.com/images/manual/Pascal Groß.png,2:00 AM,,,,,2:00 AM,,,,,,,,,,,,,,,,,,,,,,,0,0,0,,Push
PrizePicks,Soccer,319222,Robin Roefs,Goalkeeper,Sunderland,Goalie Saves,3.5,TRUE,,10/10/2026,2:00:00 AM,pre_game,EPL,demon,https://static.prizepicks.com/images/players/soccer/6h0fuh0aamz86pf25qebm0fvu.webp,15482914,3.5,50.586,49.414,,,Over,https://static.prizepicks.com/images/players/soccer/6h0fuh0aamz86pf25qebm0fvu.webp,2:00 AM,Netherlands,-0.8,2.6,,2:00 AM,,,,,,,,3.50,,,,,,,,50.586,49.414,50.6,,,,,3.5,3.5,3.5,3.5,Push
PrizePicks,Soccer,344231,Younes Ibrahim,Midfielder,Brighton,Shots,3.5,TRUE,,10/10/2026,2:00:00 AM,pre_game,EPL,demon,https://static.prizepicks.com/images/manual/Younes Ibrahim.png,15492358,,,,,,Over,https://static.prizepicks.com/images/manual/Younes Ibrahim.png,2:00 AM,,,,,2:00 AM,,,,,,,,,,,,,,,,,,,,,,,0,0,0,,Push
PrizePicks,Soccer,335798,Ibrahim Osman,Attacker,Brighton,Shots,3.5,TRUE,,10/10/2026,2:00:00 AM,pre_game,EPL,demon,https://static.prizepicks.com/images/manual/Ibrahim Osman.png,15492415,,,,,,Over,https://static.prizepicks.com/images/manual/Ibrahim Osman.png,2:00 AM,,,,,2:00 AM,,,,,,,,,,,,,,,,,,,,,,,0,0,0,,Push
PrizePicks,Soccer,319224,Trai Hume,Defender,Sunderland,Shots,3.5,TRUE,,10/10/2026,2:00:00 AM,pre_game,EPL,demon,https://static.prizepicks.com/images/players/soccer/31foqyshubo5nkh8kdmbjw8kq.webp,15492431,,,,,,Over,https://static.prizepicks.com/images/players/soccer/31foqyshubo5nkh8kdmbjw8kq.webp,2:00 AM,,,,,2:00 AM,,,,,,,,,,,,,,,,,,,,,,,0,0,0,,Push
PrizePicks,Soccer,340820,Chema Andrés,Midfielder,Brighton,Shots,3.5,TRUE,,10/10/2026,2:00:00 AM,pre_game,EPL,demon,https://static.prizepicks.com/images/manual/Chema Andrés.png,15492476,,,,,,Over,https://static.prizepicks.com/images/manual/Chema Andrés.png,2:00 AM,,,,,2:00 AM,,,,,,,,,,,,,,,,,,,,,,,0,0,0,,Push
PrizePicks,Soccer,340840,Femi Azeez,Attacker,Brighton,Shots,3.5,TRUE,,10/10/2026,2:00:00 AM,pre_game,EPL,demon,https://static.prizepicks.com/images/manual/Femi Azeez.png,15492512,,,,,,Over,https://static.prizepicks.com/images/manual/Femi Azeez.png,2:00 AM,,,,,2:00 AM,,,,,,,,,,,,,,,,,,,,,,,0,0,0,,Push
PrizePicks,Soccer,338181,Jules Ahoka,Midfielder,Sunderland,Shots,3.5,TRUE,,10/10/2026,2:00:00 AM,pre_game,EPL,demon,https://static.prizepicks.com/images/manual/Jules Ahoka.png,15492535,,,,,,Over,https://static.prizepicks.com/images/manual/Jules Ahoka.png,2:00 AM,,,,,2:00 AM,,,,,,,,,,,,,,,,,,,,,,,0,0,0,,Push
PrizePicks,Soccer,319410,Mats Wieffer,Midfielder,Brighton,Tackles,3.5,TRUE,,10/10/2026,2:00:00 AM,pre_game,EPL,demon,https://static.prizepicks.com/images/players/soccer/672cwl9zj2d6lce6jda350vvu.webp,15492567,,,,,,Over,https://static.prizepicks.com/images/players/soccer/672cwl9zj2d6lce6jda350vvu.webp,2:00 AM,Netherlands,-0.8,2.6,,2:00 AM,,,,,,,,,,,,,,,,,,,,,,,0,0,0,,Push
PrizePicks,Soccer,319576,Omar Alderete,Defender,Sunderland,Shots,3.5,TRUE,,10/10/2026,2:00:00 AM,pre_game,EPL,demon,https://static.prizepicks.com/images/manual/Omar_Alderete.png,15492568,,,,,,Over,https://static.prizepicks.com/images/manual/Omar_Alderete.png,2:00 AM,Turkey,-0.7,2.5,Turkiye vs Paraguay,2:00 AM,,San Francisco Bay Area Stadium,,,,,,,,,,,,,,,,,,,,,0,0,0,,Push
PrizePicks,Soccer,336385,Promise David,Attacker,Brighton,Shots,3.5,TRUE,,10/10/2026,2:00:00 AM,pre_game,EPL,demon,https://static.prizepicks.com/images/manual/Promise David.png,15492576,,,,,,Over,https://static.prizepicks.com/images/manual/Promise David.png,2:00 AM,,,,,2:00 AM,,,,,,,,,,,,,,,,,,,,,,,0,0,0,,Push
PrizePicks,Soccer,319397,Charalampos Kostoulas,Attacker,Brighton,Shots On Target,3.5,TRUE,,10/10/2026,2:00:00 AM,pre_game,EPL,demon,https://static.prizepicks.com/images/manual/Charalampos Kostoulas.png,15492599,,,,,,Over,https://static.prizepicks.com/images/manual/Charalampos Kostoulas.png,2:00 AM,,,,,2:00 AM,,,,,,,,,,,,,,,,,,,,,,,0,0,0,,Push
PrizePicks,Soccer,319226,Wilson Isidor,Attacker,Sunderland,Shots On Target,3.5,TRUE,,10/10/2026,2:00:00 AM,pre_game,EPL,demon,https://static.prizepicks.com/images/players/soccer/1yev88jhwy9w7c4v3m4yyul7t.webp,15492608,,,,,,Over,https://static.prizepicks.com/images/players/soccer/1yev88jhwy9w7c4v3m4yyul7t.webp,2:00 AM,Brazil,-2.5,3.4,Brazil vs Haiti,2:00 AM,,Philadelphia Stadium,,,,,,,,,,,,,,,,,,,,,0,0,0,,Push
PrizePicks,Soccer,319247,Diego Gómez,Midfielder,Brighton,Tackles,3.5,TRUE,,10/10/2026,2:00:00 AM,pre_game,EPL,demon,https://static.prizepicks.com/images/players/soccer/bqbt9eix8zlp6rxzxofl6rjmc.webp,15492683,,,,,,Over,https://static.prizepicks.com/images/players/soccer/bqbt9eix8zlp6rxzxofl6rjmc.webp,2:00 AM,,,,,2:00 AM,,,,,,,,,,,,,,,,,,,,,,,0,0,0,,Push
PrizePicks,Soccer,335023,Alan Browne,Midfielder,Sunderland,Shots,3.5,TRUE,,10/10/2026,2:00:00 AM,pre_game,EPL,demon,https://static.prizepicks.com/images/manual/Alan_Browne.webp,15492689,,,,,,Over,https://static.prizepicks.com/images/manual/Alan_Browne.webp,2:00 AM,,,,,2:00 AM,,,,,,,,,,,,,,,,,,,,,,,0,0,0,,Push
PrizePicks,Soccer,334956,Thomas Meunier,Defender,Sunderland,Shots,3.5,TRUE,,10/10/2026,2:00:00 AM,pre_game,EPL,demon,https://static.prizepicks.com/images/manual/ThomasMeunier.png,15492748,,,,,,Over,https://static.prizepicks.com/images/manual/ThomasMeunier.png,2:00 AM,Belgium,-1.3,2.5,Belgium vs IR Iran,2:00 AM,,Los Angeles Stadium,,,,,,,,,,,,,,,,,,,,,0,0,0,,Push
PrizePicks,Soccer,319823,Bart Verbruggen,Goalkeeper,Brighton,Goalie Saves,3.5,TRUE,,10/10/2026,2:00:00 AM,pre_game,EPL,demon,https://static.prizepicks.com/images/players/soccer/3wwi5vf2l1qbz7e5zdjoy8yga.webp,15493391,2.5,60.53,39.47,,,Over,https://static.prizepicks.com/images/players/soccer/3wwi5vf2l1qbz7e5zdjoy8yga.webp,2:00 AM,Netherlands,-0.8,2.6,Netherlands vs Sweden,2:00 AM,,Houston Stadium,,,,,,2.50,,,,,,,,56.318,43.682,56.3,,,,,2.5,2.5,2.5,2.5,Push
PrizePicks,Soccer,337219,Jason Steele,Goalkeeper,Brighton,Goalie Saves,3.5,TRUE,,10/10/2026,2:00:00 AM,pre_game,EPL,demon,https://static.prizepicks.com/images/players/soccer/SCR_team_kgSmL0sa0r8P7CIl7ef9W9Os_31xsuz1icsj7zt1462swjpk2d.webp,15522110,,,,,,Over,https://static.prizepicks.com/images/players/soccer/SCR_team_kgSmL0sa0r8P7CIl7ef9W9Os_31xsuz1icsj7zt1462swjpk2d.webp,2:00 AM,,,,,2:00 AM,,,,,,,,,,,,,,,,,,,,,,,0,0,0,,Push
PrizePicks,Soccer,337895,Melker Ellborg,Goalkeeper,Sunderland,Goalie Saves,3.5,TRUE,,10/10/2026,2:00:00 AM,pre_game,EPL,demon,https://static.prizepicks.com/images/manual/Melker Ellborg sunderland.png,15522111,,,,,,Over,https://static.prizepicks.com/images/manual/Melker Ellborg sunderland.png,2:00 AM,,,,,2:00 AM,,,,,,,,,,,,,,,,,,,,,,,0,0,0,,Push
PrizePicks,Soccer,337894,Simon Moore,Goalkeeper,Sunderland,Goalie Saves,3.5,TRUE,,10/10/2026,2:00:00 AM,pre_game,EPL,demon,https://static.prizepicks.com/images/players/soccer/SCR_team_N8prsDUBjKi0dwnTI51OjPX_8c3m2noq6elutwhvn3nuvs2xh.webp,15522112,,,,,,Over,https://static.prizepicks.com/images/players/soccer/SCR_team_N8prsDUBjKi0dwnTI51OjPX_8c3m2noq6elutwhvn3nuvs2xh.webp,2:00 AM,,,,,2:00 AM,,,,,,,,,,,,,,,,,,,,,,,0,0,0,,Push
PrizePicks,Soccer,337218,Tom McGill,Goalkeeper,Brighton,Goalie Saves,3.5,TRUE,,10/10/2026,2:00:00 AM,pre_game,EPL,demon,https://static.prizepicks.com/images/players/soccer/e23f2mp5xqkwgcfnhmaknh9ex.webp,15522113,,,,,,Over,https://static.prizepicks.com/images/players/soccer/e23f2mp5xqkwgcfnhmaknh9ex.webp,2:00 AM,,,,,2:00 AM,,,,,,,,,,,,,,,,,,,,,,,0,0,0,,Push
PrizePicks,Soccer,335085,Costinha,Defender,Brighton,Tackles,3.5,TRUE,,10/10/2026,2:00:00 AM,pre_game,EPL,demon,https://static.prizepicks.com/images/manual/Costinha.png,15522171,,,,,,Over,https://static.prizepicks.com/images/manual/Costinha.png,2:00 AM,,,,,2:00 AM,,,,,,,,,,,,,,,,,,,,,,,0,0,0,,Push
PrizePicks,Soccer,336385,Promise David,Attacker,Brighton,Shots On Target,2.5,TRUE,,10/10/2026,2:00:00 AM,pre_game,EPL,demon,https://static.prizepicks.com/images/manual/Promise David.png,15444077,,,,,,Over,https://static.prizepicks.com/images/manual/Promise David.png,2:00 AM,,,,,2:00 AM,,,,,,,,,,,,,,,,,,,,,,,0,0,0,,Push
PrizePicks,Soccer,319359,Pascal Groß,Midfielder,Brighton,Shots On Target,2.5,TRUE,,10/10/2026,2:00:00 AM,pre_game,EPL,demon,https://static.prizepicks.com/images/manual/Pascal Groß.png,15449020,,,,,,Over,https://static.prizepicks.com/images/manual/Pascal Groß.png,2:00 AM,,,,,2:00 AM,,,,,,,,,,,,,,,,,,,,,,,0,0,0,,Push
PrizePicks,Soccer,319210,Enzo Le Fée,Midfielder,Sunderland,Shots,2.5,TRUE,,10/10/2026,2:00:00 AM,pre_game,EPL,demon,https://static.prizepicks.com/images/players/soccer/44o5mjglkzqxctz07ust9bcru.webp,15482971,1.5,46.652,53.348,,,Over,https://static.prizepicks.com/images/players/soccer/44o5mjglkzqxctz07ust9bcru.webp,2:00 AM,,,,,2:00 AM,,,,,,,,1.50,,,,,,,,47.9912,52.0088,48.0,,,,,1.5,1.5,1.5,1.5,Push
PrizePicks,Soccer,319226,Wilson Isidor,Attacker,Sunderland,Shots,2.5,TRUE,,10/10/2026,2:00:00 AM,pre_game,EPL,demon,https://static.prizepicks.com/images/players/soccer/1yev88jhwy9w7c4v3m4yyul7t.webp,15482972,2.5,42.445,57.555,,,Over,https://static.prizepicks.com/images/players/soccer/1yev88jhwy9w7c4v3m4yyul7t.webp,2:00 AM,Brazil,-2.5,3.4,Brazil vs Haiti,2:00 AM,,Philadelphia Stadium,,,,,,2.50,,,,,,,,42.445,57.555,42.5,,,,,2.5,2.5,2.5,2.5,Push
PrizePicks,Soccer,340840,Femi Azeez,Attacker,Brighton,Shots On Target,2.5,TRUE,,10/10/2026,2:00:00 AM,pre_game,EPL,demon,https://static.prizepicks.com/images/manual/Femi Azeez.png,15492338,,,,,,Over,https://static.prizepicks.com/images/manual/Femi Azeez.png,2:00 AM,,,,,2:00 AM,,,,,,,,,,,,,,,,,,,,,,,0,0,0,,Push
PrizePicks,Soccer,319415,Yasin Ayari,Midfielder,Brighton,Fouls,2.5,TRUE,,10/10/2026,2:00:00 AM,pre_game,EPL,demon,https://static.prizepicks.com/images/players/soccer/192qpmicfd10d7mutv5y762qy.webp,15492340,,,,,,Over,https://static.prizepicks.com/images/players/soccer/192qpmicfd10d7mutv5y762qy.webp,2:00 AM,Netherlands,-0.8,2.6,Netherlands vs Sweden,2:00 AM,,Houston Stadium,,,,,,,,,,,,,,,,,,,,,0,0,0,,Push
PrizePicks,Soccer,319256,Olivier Boscagli,Defender,Brighton,Shots,2.5,TRUE,,10/10/2026,2:00:00 AM,pre_game,EPL,demon,https://static.prizepicks.com/images/players/soccer/SCR_team_kgSmL0sa0r8P7CIl7ef9W9Os_d92v6n4pf20eepvli92lqau39.webp,15492347,,,,,,Over,https://static.prizepicks.com/images/players/soccer/SCR_team_kgSmL0sa0r8P7CIl7ef9W9Os_d92v6n4pf20eepvli92lqau39.webp,2:00 AM,,,,,2:00 AM,,,,,,,,,,,,,,,,,,,,,,,0,0,0,,Push
PrizePicks,Soccer,319204,Chris Rigg,Midfielder,Sunderland,Shots On Target,2.5,TRUE,,10/10/2026,2:00:00 AM,pre_game,EPL,demon,https://static.prizepicks.com/images/manual/Chris_Rigg.png,15492357,,,,,,Over,https://static.prizepicks.com/images/manual/Chris_Rigg.png,2:00 AM,,,,,2:00 AM,,,,,,,,,,,,,,,,,,,,,,,0,0,0,,Push
PrizePicks,Soccer,319411,Matt O'Riley,Midfielder,Brighton,Shots,2.5,TRUE,,10/10/2026,2:00:00 AM,pre_game,EPL,demon,https://static.prizepicks.com/images/manual/Matt O'Riley.png,15492361,,,,,,Over,https://static.prizepicks.com/images/manual/Matt O'Riley.png,2:00 AM,,,,,2:00 AM,,,,,,,,,,,,,,,,,,,,,,,0,0,0,,Push
PrizePicks,Soccer,319219,Noah Sadiki,Midfielder,Sunderland,Shots,2.5,TRUE,,10/10/2026,2:00:00 AM,pre_game,EPL,demon,https://static.prizepicks.com/images/players/soccer/dwnd8j9ok6ncbp69gmchw953o.webp,15492374,,,,,,Over,https://static.prizepicks.com/images/players/soccer/dwnd8j9ok6ncbp69gmchw953o.webp,2:00 AM,Colombia,-1.2,2.5,,2:00 AM,,,,,,,,,,,,,,,,,,,,,,,0,0,0,,Push
PrizePicks,Soccer,335023,Alan Browne,Midfielder,Sunderland,Tackles,2.5,TRUE,,10/10/2026,2:00:00 AM,pre_game,EPL,demon,https://static.prizepicks.com/images/manual/Alan_Browne.webp,15492386,,,,,,Over,https://static.prizepicks.com/images/manual/Alan_Browne.webp,2:00 AM,,,,,2:00 AM,,,,,,,,,,,,,,,,,,,,,,,0,0,0,,Push
PrizePicks,Soccer,319398,Ferdi Kadioglu,Defender,Brighton,Shots,2.5,TRUE,,10/10/2026,2:00:00 AM,pre_game,EPL,demon,https://static.prizepicks.com/images/players/soccer/1lbbxbar7u6t3rl463zd7jp49.webp,15492398,,,,,,Over,https://static.prizepicks.com/images/players/soccer/1lbbxbar7u6t3rl463zd7jp49.webp,2:00 AM,Turkey,-0.7,2.5,Turkiye vs Paraguay,2:00 AM,,San Francisco Bay Area Stadium,,,,,,,,,,,,,,,,,,,,,0,0,0,,Push
PrizePicks,Soccer,319247,Diego Gómez,Midfielder,Brighton,Shots On Target,2.5,TRUE,,10/10/2026,2:00:00 AM,pre_game,EPL,demon,https://static.prizepicks.com/images/players/soccer/bqbt9eix8zlp6rxzxofl6rjmc.webp,15492416,,,,,,Over,https://static.prizepicks.com/images/players/soccer/bqbt9eix8zlp6rxzxofl6rjmc.webp,2:00 AM,,,,,2:00 AM,,,,,,,,,,,,,,,,,,,,,,,0,0,0,,Push
PrizePicks,Soccer,319219,Noah Sadiki,Midfielder,Sunderland,Tackles,2.5,TRUE,,10/10/2026,2:00:00 AM,pre_game,EPL,demon,https://static.prizepicks.com/images/players/soccer/dwnd8j9ok6ncbp69gmchw953o.webp,15492420,,,,,,Over,https://static.prizepicks.com/images/players/soccer/dwnd8j9ok6ncbp69gmchw953o.webp,2:00 AM,Colombia,-1.2,2.5,,2:00 AM,,,,,,,,,,,,,,,,,,,,,,,0,0,0,,Push
PrizePicks,Soccer,319402,Jack Hinshelwood,Midfielder,Brighton,Shots On Target,2.5,TRUE,,10/10/2026,2:00:00 AM,pre_game,EPL,demon,https://static.prizepicks.com/images/players/soccer/SCR_team_kgSmL0sa0r8P7CIl7ef9W9Os_eikpw8bl1se3sj6hnsndi7zmc.webp,15492422,,,,,,Over,https://static.prizepicks.com/images/players/soccer/SCR_team_kgSmL0sa0r8P7CIl7ef9W9Os_eikpw8bl1se3sj6hnsndi7zmc.webp,2:00 AM,,,,,2:00 AM,,,,,,,,,,,,,,,,,,,,,,,0,0,0,,Push
PrizePicks,Soccer,335086,Michael Svoboda,Defender,Brighton,Shots,2.5,TRUE,,10/10/2026,2:00:00 AM,pre_game,EPL,demon,https://static.prizepicks.com/images/manual/Michael Svoboda.png,15492436,,,,,,Over,https://static.prizepicks.com/images/manual/Michael Svoboda.png,2:00 AM,Argentina,-1.1,2.5,,2:00 AM,,,,,,,,,,,,,,,,,,,,,,,0,0,0,,Push
PrizePicks,Soccer,335080,Pascal Struijk,Defender,Brighton,Shots,2.5,TRUE,,10/10/2026,2:00:00 AM,pre_game,EPL,demon,https://static.prizepicks.com/images/manual/Pascal Struijk.png,15492440,,,,,,Over,https://static.prizepicks.com/images/manual/Pascal Struijk.png,2:00 AM,,,,,2:00 AM,,,,,,,,,,,,,,,,,,,,,,,0,0,0,,Push
PrizePicks,Soccer,319397,Charalampos Kostoulas,Attacker,Brighton,Fouls,2.5,TRUE,,10/10/2026,2:00:00 AM,pre_game,EPL,demon,https://static.prizepicks.com/images/manual/Charalampos Kostoulas.png,15492448,1.5,38.077,61.923,,,Over,https://static.prizepicks.com/images/manual/Charalampos Kostoulas.png,2:00 AM,,,,,2:00 AM,,,,,,,,1.50,,,,,,,,42.8462,57.1538,42.9,,,,,1.5,1.5,1.5,1.5,Push
PrizePicks,Soccer,319203,Chemsdine Talbi,Attacker,Sunderland,Shots On Target,2.5,TRUE,,10/10/2026,2:00:00 AM,pre_game,EPL,demon,https://static.prizepicks.com/images/players/soccer/5606cqx2mlkrp81oe6uh6ghec.webp,15492449,,,,,,Over,https://static.prizepicks.com/images/players/soccer/5606cqx2mlkrp81oe6uh6ghec.webp,2:00 AM,Scotland,0.9,2.4,,2:00 AM,,,,,,,,,,,,,,,,,,,,,,,0,0,0,,Push
PrizePicks,Soccer,335798,Ibrahim Osman,Attacker,Brighton,Shots On Target,2.5,TRUE,,10/10/2026,2:00:00 AM,pre_game,EPL,demon,https://static.prizepicks.com/images/manual/Ibrahim Osman.png,15492457,,,,,,Over,https://static.prizepicks.com/images/manual/Ibrahim Osman.png,2:00 AM,,,,,2:00 AM,,,,,,,,,,,,,,,,,,,,,,,0,0,0,,Push
PrizePicks,Soccer,319599,Lewis Dunk,Defender,Brighton,Shots,2.5,TRUE,,10/10/2026,2:00:00 AM,pre_game,EPL,demon,https://static.prizepicks.com/images/players/soccer/jagvvzc7329tf2c64mnc251.webp,15492474,,,,,,Over,https://static.prizepicks.com/images/players/soccer/jagvvzc7329tf2c64mnc251.webp,2:00 AM,,,,,2:00 AM,,,,,,,,,,,,,,,,,,,,,,,0,0,0,,Push
PrizePicks,Soccer,319218,Nilson Angulo,Attacker,Sunderland,Tackles,2.5,TRUE,,10/10/2026,2:00:00 AM,pre_game,EPL,demon,https://static.prizepicks.com/images/manual/Nilson_Angulo-.png,15492475,,,,,,Over,https://static.prizepicks.com/images/manual/Nilson_Angulo-.png,2:00 AM,,,,,2:00 AM,,,,,,,,,,,,,,,,,,,,,,,0,0,0,,Push
PrizePicks,Soccer,319204,Chris Rigg,Midfielder,Sunderland,Shots,2.5,TRUE,,10/10/2026,2:00:00 AM,pre_game,EPL,demon,https://static.prizepicks.com/images/manual/Chris_Rigg.png,15492483,,,,,,Over,https://static.prizepicks.com/images/manual/Chris_Rigg.png,2:00 AM,,,,,2:00 AM,,,,,,,,,,,,,,,,,,,,,,,0,0,0,,Push
PrizePicks,Soccer,319399,Georginio Rutter,Attacker,Brighton,Shots On Target,2.5,TRUE,,10/10/2026,2:00:00 AM,pre_game,EPL,demon,https://static.prizepicks.com/images/players/soccer/e8ekkg0yayhhmmhinl0v9une.webp,15492490,,,,,,Over,https://static.prizepicks.com/images/players/soccer/e8ekkg0yayhhmmhinl0v9une.webp,2:00 AM,,,,,2:00 AM,,,,,,,,,,,,,,,,,,,,,,,0,0,0,,Push
PrizePicks,Soccer,319497,Dan Ballard,Defender,Sunderland,Tackles,2.5,TRUE,,10/10/2026,2:00:00 AM,pre_game,EPL,demon,https://static.prizepicks.com/images/players/soccer/bnjdkz5d7st9gtn2srjs8ozc9.webp,15492496,,,,,,Over,https://static.prizepicks.com/images/players/soccer/bnjdkz5d7st9gtn2srjs8ozc9.webp,2:00 AM,,,,,2:00 AM,,,,,,,,,,,,,,,,,,,,,,,0,0,0,,Push
PrizePicks,Soccer,319202,Brian Brobbey,Attacker,Sunderland,Shots On Target,2.5,TRUE,,10/10/2026,2:00:00 AM,pre_game,EPL,demon,https://static.prizepicks.com/images/manual/Brian_Brobbey.png,15492497,,,,,,Over,https://static.prizepicks.com/images/manual/Brian_Brobbey.png,2:00 AM,Netherlands,-0.8,2.6,,2:00 AM,,,,,,,,,,,,,,,,,,,,,,,0,0,0,,Push
PrizePicks,Soccer,319398,Ferdi Kadioglu,Defender,Brighton,Tackles,2.5,TRUE,,10/10/2026,2:00:00 AM,pre_game,EPL,demon,https://static.prizepicks.com/images/players/soccer/1lbbxbar7u6t3rl463zd7jp49.webp,15492507,,,,,,Over,https://static.prizepicks.com/images/players/soccer/1lbbxbar7u6t3rl463zd7jp49.webp,2:00 AM,Turkey,-0.7,2.5,Turkiye vs Paraguay,2:00 AM,,San Francisco Bay Area Stadium,,,,,,,,,,,,,,,,,,,,,0,0,0,,Push
PrizePicks,Soccer,319218,Nilson Angulo,Attacker,Sunderland,Shots On Target,2.5,TRUE,,10/10/2026,2:00:00 AM,pre_game,EPL,demon,https://static.prizepicks.com/images/manual/Nilson_Angulo-.png,15492522,,,,,,Over,https://static.prizepicks.com/images/manual/Nilson_Angulo-.png,2:00 AM,,,,,2:00 AM,,,,,,,,,,,,,,,,,,,,,,,0,0,0,,Push
PrizePicks,Soccer,319247,Diego Gómez,Midfielder,Brighton,Fouls,2.5,TRUE,,10/10/2026,2:00:00 AM,pre_game,EPL,demon,https://static.prizepicks.com/images/players/soccer/bqbt9eix8zlp6rxzxofl6rjmc.webp,15492528,1.5,56.458,43.542,,,Over,https://static.prizepicks.com/images/players/soccer/bqbt9eix8zlp6rxzxofl6rjmc.webp,2:00 AM,,,,,2:00 AM,,,,,,,,1.50,,,,,,,,53.8748,46.1252,53.9,,,,,1.5,1.5,1.5,1.5,Push
PrizePicks,Soccer,319202,Brian Brobbey,Attacker,Sunderland,Shots,2.5,TRUE,,10/10/2026,2:00:00 AM,pre_game,EPL,demon,https://static.prizepicks.com/images/manual/Brian_Brobbey.png,15492540,,,,,,Over,https://static.prizepicks.com/images/manual/Brian_Brobbey.png,2:00 AM,Netherlands,-0.8,2.6,,2:00 AM,,,,,,,,,,,,,,,,,,,,,,,0,0,0,,Push
PrizePicks,Soccer,335085,Costinha,Defender,Brighton,Shots,2.5,TRUE,,10/10/2026,2:00:00 AM,pre_game,EPL,demon,https://static.prizepicks.com/images/manual/Costinha.png,15492545,,,,,,Over,https://static.prizepicks.com/images/manual/Costinha.png,2:00 AM,,,,,2:00 AM,,,,,,,,,,,,,,,,,,,,,,,0,0,0,,Push
PrizePicks,Soccer,338857,Jaouen Hadjam,Defender,Brighton,Shots,2.5,TRUE,,10/10/2026,2:00:00 AM,pre_game,EPL,demon,https://static.prizepicks.com/images/manual/Jaouen Hadjam.png,15492546,,,,,,Over,https://static.prizepicks.com/images/manual/Jaouen Hadjam.png,2:00 AM,Jordan,1.1,2.5,,2:00 AM,,,,,,,,,,,,,,,,,,,,,,,0,0,0,,Push
PrizePicks,Soccer,319411,Matt O'Riley,Midfielder,Brighton,Tackles,2.5,TRUE,,10/10/2026,2:00:00 AM,pre_game,EPL,demon,https://static.prizepicks.com/images/manual/Matt O'Riley.png,15492555,,,,,,Over,https://static.prizepicks.com/images/manual/Matt O'Riley.png,2:00 AM,,,,,2:00 AM,,,,,,,,,,,,,,,,,,,,,,,0,0,0,,Push
PrizePicks,Soccer,340828,Malick Fofana,Attacker,Sunderland,Shots On Target,2.5,TRUE,,10/10/2026,2:00:00 AM,pre_game,EPL,demon,https://static.prizepicks.com/images/manual/Malick Fofana sunderland.png,15492560,,,,,,Over,https://static.prizepicks.com/images/manual/Malick Fofana sunderland.png,2:00 AM,,,,,2:00 AM,,,,,,,,,,,,,,,,,,,,,,,0,0,0,,Push
PrizePicks,Soccer,319412,Maxim De Cuyper,Defender,Brighton,Shots,2.5,TRUE,,10/10/2026,2:00:00 AM,pre_game,EPL,demon,https://static.prizepicks.com/images/players/soccer/bjhjz96omjukrg6tj3mny39t6.webp,15492562,,,,,,Over,https://static.prizepicks.com/images/players/soccer/bjhjz96omjukrg6tj3mny39t6.webp,2:00 AM,Belgium,-1.3,2.5,Belgium vs IR Iran,2:00 AM,,Los Angeles Stadium,,,,,,,,,,,,,,,,,,,,,0,0,0,,Push
PrizePicks,Soccer,319221,Reinildo Mandava,Defender,Sunderland,Tackles,2.5,TRUE,,10/10/2026,2:00:00 AM,pre_game,EPL,demon,https://static.prizepicks.com/images/players/soccer/cj3dik1dqyo2nf1jgmyn471sl.webp,15492583,,,,,,Over,https://static.prizepicks.com/images/players/soccer/cj3dik1dqyo2nf1jgmyn471sl.webp,2:00 AM,,,,,2:00 AM,,,,,,,,,,,,,,,,,,,,,,,0,0,0,,Push
PrizePicks,Soccer,319402,Jack Hinshelwood,Midfielder,Brighton,Shots,2.5,TRUE,,10/10/2026,2:00:00 AM,pre_game,EPL,demon,https://static.prizepicks.com/images/players/soccer/SCR_team_kgSmL0sa0r8P7CIl7ef9W9Os_eikpw8bl1se3sj6hnsndi7zmc.webp,15492588,,,,,,Over,https://static.prizepicks.com/images/players/soccer/SCR_team_kgSmL0sa0r8P7CIl7ef9W9Os_eikpw8bl1se3sj6hnsndi7zmc.webp,2:00 AM,,,,,2:00 AM,,,,,,,,,,,,,,,,,,,,,,,0,0,0,,Push
PrizePicks,Soccer,319499,Granit Xhaka,Midfielder,Sunderland,Shots,2.5,TRUE,,10/10/2026,2:00:00 AM,pre_game,EPL,demon,https://static.prizepicks.com/images/players/soccer/6264xjr1y00yu7b9j2pknalzp.webp,15492589,,,,,,Over,https://static.prizepicks.com/images/players/soccer/6264xjr1y00yu7b9j2pknalzp.webp,2:00 AM,Switzerland,-0.6,2.5,,2:00 AM,,,,,,,,,,,,,,,,,,,,,,,0,0,0,,Push
PrizePicks,Soccer,319203,Chemsdine Talbi,Attacker,Sunderland,Shots,2.5,TRUE,,10/10/2026,2:00:00 AM,pre_game,EPL,demon,https://static.prizepicks.com/images/players/soccer/5606cqx2mlkrp81oe6uh6ghec.webp,15492591,,,,,,Over,https://static.prizepicks.com/images/players/soccer/5606cqx2mlkrp81oe6uh6ghec.webp,2:00 AM,Scotland,0.9,2.4,,2:00 AM,,,,,,,,,,,,,,,,,,,,,,,0,0,0,,Push
PrizePicks,Soccer,319410,Mats Wieffer,Midfielder,Brighton,Shots,2.5,TRUE,,10/10/2026,2:00:00 AM,pre_game,EPL,demon,https://static.prizepicks.com/images/players/soccer/672cwl9zj2d6lce6jda350vvu.webp,15492595,,,,,,Over,https://static.prizepicks.com/images/players/soccer/672cwl9zj2d6lce6jda350vvu.webp,2:00 AM,Netherlands,-0.8,2.6,,2:00 AM,,,,,,,,,,,,,,,,,,,,,,,0,0,0,,Push
PrizePicks,Soccer,344231,Younes Ibrahim,Midfielder,Brighton,Shots On Target,2.5,TRUE,,10/10/2026,2:00:00 AM,pre_game,EPL,demon,https://static.prizepicks.com/images/manual/Younes Ibrahim.png,15492606,,,,,,Over,https://static.prizepicks.com/images/manual/Younes Ibrahim.png,2:00 AM,,,,,2:00 AM,,,,,,,,,,,,,,,,,,,,,,,0,0,0,,Push
PrizePicks,Soccer,319256,Olivier Boscagli,Defender,Brighton,Tackles,2.5,TRUE,,10/10/2026,2:00:00 AM,pre_game,EPL,demon,https://static.prizepicks.com/images/players/soccer/SCR_team_kgSmL0sa0r8P7CIl7ef9W9Os_d92v6n4pf20eepvli92lqau39.webp,15492607,,,,,,Over,https://static.prizepicks.com/images/players/soccer/SCR_team_kgSmL0sa0r8P7CIl7ef9W9Os_d92v6n4pf20eepvli92lqau39.webp,2:00 AM,,,,,2:00 AM,,,,,,,,,,,,,,,,,,,,,,,0,0,0,,Push
PrizePicks,Soccer,334956,Thomas Meunier,Defender,Sunderland,Tackles,2.5,TRUE,,10/10/2026,2:00:00 AM,pre_game,EPL,demon,https://static.prizepicks.com/images/manual/ThomasMeunier.png,15492609,,,,,,Over,https://static.prizepicks.com/images/manual/ThomasMeunier.png,2:00 AM,Belgium,-1.3,2.5,Belgium vs IR Iran,2:00 AM,,Los Angeles Stadium,,,,,,,,,,,,,,,,,,,,,0,0,0,,Push
PrizePicks,Soccer,319204,Chris Rigg,Midfielder,Sunderland,Tackles,2.5,TRUE,,10/10/2026,2:00:00 AM,pre_game,EPL,demon,https://static.prizepicks.com/images/manual/Chris_Rigg.png,15492629,,,,,,Over,https://static.prizepicks.com/images/manual/Chris_Rigg.png,2:00 AM,,,,,2:00 AM,,,,,,,,,,,,,,,,,,,,,,,,,,,